modelName,regime,eventGroup,horizonSamples,horizonSeconds,forecastCount,nonfiniteForecastCount,learnedCandidateNonfiniteCount,unknownReversalForecastCount,startupTargetCount,truthBias,truthStd,truthRMSE,truthP95AbsoluteError,truthMaxAbsoluteError,measurementBias,measurementStd,measurementRMSE,measurementP95AbsoluteError,measurementMaxAbsoluteError,posteriorTruthRMSE,runCount
Nominal physics,nominal,all,1,0.001,1280,0,0,0,0,1.46522761823299e-06,0.000120701132442754,0.000120969553496018,0.000243521829848313,0.000831109409043129,1.1705236171639e-05,0.000482372271003489,0.00048528596657249,0.000837002491933176,0.00140051160507595,0.000120969553496018,10
Nominal physics,nominal,nearReversal,1,0.001,377,0,0,0,0,-2.61742408077157e-06,0.000135178801338937,0.000136292553270726,0.000278360324311011,0.000763924239243957,2.86146968629382e-05,0.000498121601560717,0.000506642229575107,0.000918237781868458,0.00140051160507595,0.000136292553270726,10
Nominal physics,nominal,awayFromReversal,1,0.001,903,0,0,0,0,2.70473121518985e-06,0.000112286868607956,0.000112714588063699,0.000224498459443292,0.000831109409043129,6.268506485618e-06,0.000472121031433611,0.000474431671767873,0.000817841342012263,0.00132461008903545,0.000112714588063699,10
Nominal physics,nominal,all,20,0.02,1280,0,0,0,0,2.67719368072801e-07,0.000100425413547408,0.000100923012057658,0.000214933300453576,0.000673161953048895,-7.75727244820563e-07,0.000469229740909537,0.000470157661700357,0.000819084136256162,0.00135340252135352,0.000100923012057658,10
Nominal physics,nominal,nearReversal,20,0.02,379,0,0,0,0,1.7863693267934e-06,0.000111628386971567,0.000112504357557001,0.000232694608609645,0.000673161953048895,-6.58245953195277e-06,0.000467341487189021,0.000471586821569203,0.000818500082997623,0.00107671351465666,0.000112504357557001,10
Nominal physics,nominal,awayFromReversal,20,0.02,901,0,0,0,0,-4.37418444032645e-07,9.32782555357824e-05,9.38355590209957e-05,0.000193389406182233,0.000546236413786927,4.4073352341634e-06,0.000468360892815279,0.000470229458951115,0.000827768990315456,0.00135340252135352,9.38355590209957e-05,10
Nominal physics,nominal,all,50,0.05,1280,0,0,0,0,2.40521099568634e-07,0.000105854076564041,0.000106342331178253,0.000229980727980763,0.000699431639641146,-3.05179303971314e-06,0.00047702745389933,0.00047882674421941,0.000817562289495979,0.00122970749609452,0.000106342331178253,10
Nominal physics,nominal,nearReversal,50,0.05,378,0,0,0,0,6.65525700909803e-06,9.47119725533883e-05,9.58723388802755e-05,0.00020224849843269,0.000366180269530059,4.94606232752153e-05,0.000477625278899514,0.00049098928409567,0.000814351290958917,0.00107912715439791,9.58723388802755e-05,10
Nominal physics,nominal,awayFromReversal,50,0.05,902,0,0,0,0,-2.31826276223873e-06,0.0001096731437445,0.000110410071455076,0.000235392148418943,0.000699431639641146,-2.25842084608682e-05,0.000471590668734585,0.000474328218778846,0.000812914076119567,0.00122970749609452,0.000110410071455076,10
Nominal physics,nominal,all,100,0.1,1280,0,0,0,0,2.30271116445019e-07,0.000107951346669824,0.000108436329738074,0.000234866614848224,0.000709430853389814,-3.48275437174239e-07,0.000469427430695629,0.000470331034713565,0.000817711618649877,0.00153081151995238,0.000108436329738074,10
Nominal physics,nominal,nearReversal,100,0.1,380,0,0,0,0,5.36920850717972e-06,9.72471646225245e-05,9.80211790449291e-05,0.000209129603477595,0.000531783842137479,-5.18238611682306e-06,0.000473164683267708,0.000476349869442821,0.00080532932828875,0.0011891361988175,9.80211790449291e-05,10
Nominal physics,nominal,awayFromReversal,100,0.1,900,0,0,0,0,-2.30035411055424e-06,0.000111276136237031,0.000112124548185867,0.000237814878766213,0.000709430853389814,5.43990207331194e-06,0.000465720083387236,0.000468277746390671,0.000814421707212175,0.00153081151995238,0.000112124548185867,10
Nominal physics,nominal,all,250,0.25,1280,0,0,0,0,2.28613647741316e-07,0.000108291913196513,0.000108776383147388,0.000235656166486276,0.000711046721745379,-4.25208277408026e-06,0.000471966252165354,0.000473269384194994,0.000805004265724114,0.00116957101354098,0.000108776383147388,10
Nominal physics,nominal,nearReversal,250,0.25,371,0,0,0,0,4.53568174881395e-06,0.000102939657837797,0.000105063224988473,0.00020820792997433,0.000475749147509835,5.11542096469172e-05,0.000470145707721424,0.00048401500157172,0.000794544983879532,0.00113037950892514,0.000105063224988473,10
Nominal physics,nominal,awayFromReversal,250,0.25,909,0,0,0,0,-2.20690891015812e-06,0.000109522767967656,0.00011028280062239,0.000240050823564305,0.000711046721745379,-2.75479260786085e-05,0.000467389353371655,0.000469698395323219,0.000814432387969588,0.00116957101354098,0.00011028280062239,10
Persistent innovation,nominal,all,1,0.001,1280,0,0,0,0,1.19037269983443e-06,0.00017328727483227,0.000173476386601432,0.000346300968009833,0.000966849794585611,1.14303812532404e-05,0.000500611185801673,0.000503446887759025,0.000876015672342999,0.00155703344828839,0.00012197637502382,10
Persistent innovation,nominal,nearReversal,1,0.001,377,0,0,0,0,-5.06801139846503e-06,0.000203846997549236,0.000204949221422715,0.00045351727190207,0.000966849794585611,2.61641095452447e-05,0.000521940742670108,0.000530656372243476,0.000957040856436209,0.00144229171614524,0.000134735003622696,10
Persistent innovation,nominal,awayFromReversal,1,0.001,903,0,0,0,0,3.23175520697667e-06,0.000154991671184059,0.000155358067423856,0.0003105614062071,0.000807233804979643,6.79553047740482e-06,0.000487082057514755,0.000489340061078117,0.000863044111343703,0.00155703344828839,0.000115042899305159,10
Persistent innovation,nominal,all,20,0.02,1280,0,0,0,0,-1.50398592161549e-07,0.000254669128309238,0.000254856952666769,0.000531719205778137,0.00125891300974412,-1.19384520505491e-06,0.000525555982492073,0.000526404084932761,0.000958075830657157,0.00206607911731072,0.000128182991188631,10
Persistent innovation,nominal,nearReversal,20,0.02,379,0,0,0,0,2.44643641739594e-06,0.000285854699709143,0.000286508015199287,0.000622432776370827,0.00118754377762106,-5.92239244135023e-06,0.000534471801555969,0.000538356639041621,0.000975207940440487,0.00161219708648054,0.000144034697121625,10
Persistent innovation,nominal,awayFromReversal,20,0.02,901,0,0,0,0,-1.6919432867086e-06,0.000234799270035717,0.000235080671183065,0.000483032823911822,0.00125891300974412,3.15281039148744e-06,0.000518364203992655,0.00052014090967959,0.000959952523063538,0.00206607911731072,0.000118484074691777,10
Persistent innovation,nominal,all,50,0.05,1280,0,0,0,0,-6.4192406444185e-07,0.000454662631078984,0.00045477012236094,0.000960710220555535,0.00208183453513755,-3.93423820372362e-06,0.00066235098274879,0.000663643091623603,0.00129544190326873,0.00256666559068533,0.000316658859678902,10
Persistent innovation,nominal,nearReversal,50,0.05,378,0,0,0,0,1.81631567139888e-05,0.00041814338121474,0.000420289707454486,0.000857616215561188,0.0018017756413777,6.09685229801061e-05,0.000627702103966215,0.000642645604203264,0.00120793260757523,0.00209599914000005,0.00029301038515255,10
Persistent innovation,nominal,awayFromReversal,50,0.05,902,0,0,0,0,-6.95099231649316e-06,0.000465419561168205,0.000465736357042731,0.00099133262740561,0.00208183453513755,-2.72169380151227e-05,0.000670239463384113,0.000672265205800675,0.00131403362870694,0.00256666559068533,0.000324261287136778,10
Persistent innovation,nominal,all,100,0.1,1280,0,0,0,0,-1.46538921530816e-06,0.000803023957188875,0.000803087134482381,0.00172249754124253,0.00374031474210659,-2.04393576892742e-06,0.000937600459821646,0.000938090114497808,0.00194587327606886,0.00444516318003649,0.000662573916727612,10
Persistent innovation,nominal,nearReversal,100,0.1,380,0,0,0,0,2.14027668310657e-05,0.000719122281789569,0.000721113549228467,0.00152412630418297,0.00321082039595721,1.08511722070629e-05,0.000888061748426883,0.000890506216701573,0.00183076854432291,0.00367820498518723,0.000594729938454395,10
Persistent innovation,nominal,awayFromReversal,100,0.1,900,0,0,0,0,-1.33749602605393e-05,0.000828811568135347,0.000829657488289305,0.00178371110553919,0.00374031474210659,-5.63470407667307e-06,0.000951202747283665,0.000952571455646265,0.00192822334926206,0.00444516318003649,0.000684660262224881,10
Persistent innovation,nominal,all,250,0.25,1280,0,0,0,0,-3.93969564751649e-06,0.00186294481936628,0.00186298360129778,0.00396691138905912,0.00884242575475652,-8.42039206933807e-06,0.00192332500238031,0.00192363386262159,0.00394449143910544,0.00851443729256451,0.00172171440058444,10
Persistent innovation,nominal,nearReversal,250,0.25,371,0,0,0,0,4.56266441835758e-05,0.00179948977966106,0.00180277177562507,0.00353695229534277,0.00884242575475652,9.22451720816791e-05,0.00185995377012615,0.00186920667973283,0.00354876681018376,0.00818070698310625,0.00166582542591136,10
Persistent innovation,nominal,awayFromReversal,250,0.25,909,0,0,0,0,-2.57401751161605e-05,0.00188739852888384,0.00188797419186122,0.00412431615230542,0.00802630147748623,-5.1081192284611e-05,0.0019403836281395,0.00194189063936251,0.00413810120340983,0.00851443729256451,0.00174489696319091,10
Linear hybrid,nominal,all,1,0.001,1280,0,0,0,0,-5.47821463772971e-06,0.000248373988872853,0.000249341122522207,0.000489248814843226,0.000878016737469567,4.76179391567627e-06,0.000516667008047804,0.000520838779940438,0.000954207593223434,0.00143713130110091,0.00017167393026344,10
Linear hybrid,nominal,nearReversal,1,0.001,377,0,0,0,0,-2.720754946223e-07,0.000255543777188906,0.000257340762517806,0.000520452128938681,0.000752737210510612,3.09600454490874e-05,0.000493112104993343,0.000503134931801059,0.000911891672804614,0.00143713130110091,0.000187763682995681,10
Linear hybrid,nominal,awayFromReversal,1,0.001,903,0,0,0,0,-7.14884592679393e-06,0.000242831829893337,0.00024436832464027,0.000482691522235837,0.000878016737469567,-3.58507065636578e-06,0.000525404462339052,0.000529322008685706,0.000958499032055136,0.00139144317123022,0.000163257006656445,10
Linear hybrid,nominal,all,20,0.02,1280,0,0,0,0,-2.64947211852234e-05,0.000883622844916188,0.000889811998062441,0.00176257008255617,0.00285298011478777,-2.75381677981168e-05,0.0010077623514768,0.00101190471349704,0.00200358983486228,0.00336816516295824,0.000176003297144346,10
Linear hybrid,nominal,nearReversal,20,0.02,379,0,0,0,0,-3.94343578267977e-05,0.000591749389097471,0.000597305787603021,0.00121502440327263,0.00166029244828321,-4.78031866855438e-05,0.00076056914984059,0.000764400977739507,0.00151577367496488,0.00208113573563451,0.000174462518777705,10
Linear hybrid,nominal,awayFromReversal,20,0.02,901,0,0,0,0,-1.59447425010473e-05,0.000974485343641504,0.000984175791915712,0.00186907062279282,0.00285298011478777,-1.10999888228512e-05,0.00108884473567832,0.00109668527994028,0.00210806511544267,0.00336816516295824,0.000175158667345241,10
Linear hybrid,nominal,all,50,0.05,1280,0,0,0,0,-9.6189680036551e-05,0.00312975772950142,0.00315227710371986,0.00627268920552867,0.0090862319561722,-9.94819941758328e-05,0.00317133299805386,0.00319391163029448,0.0063247646768693,0.00949025068141846,0.00129931003636494,10
Linear hybrid,nominal,nearReversal,50,0.05,378,0,0,0,0,-0.000114113561608451,0.00141214162684555,0.00142368804658754,0.00280135858668558,0.00446531120391301,-7.13081953423339e-05,0.00147001271119418,0.00148359909980641,0.00294562859184971,0.00401828166595602,0.000759984701778851,10
Linear hybrid,nominal,awayFromReversal,50,0.05,902,0,0,0,0,-7.4559830168661e-05,0.00359726166869772,0.00363789366235515,0.00656845193054913,0.0090862319561722,-9.48257758672905e-05,0.00363507364483375,0.00367951489628984,0.0067115421992219,0.00949025068141846,0.00146590648943236,10
Linear hybrid,nominal,all,100,0.1,1280,0,0,0,0,-0.000298213016224646,0.00993026827772983,0.0100043235532483,0.019885812076025,0.0290768908719176,-0.000298791562778266,0.00995009622562911,0.010023469271838,0.0197871985180496,0.0284743960259534,0.006650750251187,10
Linear hybrid,nominal,nearReversal,100,0.1,380,0,0,0,0,-0.000297398630508566,0.00513729220796803,0.00515517159604312,0.0101201360801895,0.0165803404833782,-0.000307950225132569,0.00513861686738083,0.0051568914991744,0.010091808518491,0.0171253329809239,0.00389437263331355,10
Linear hybrid,nominal,awayFromReversal,100,0.1,900,0,0,0,0,-0.000280954589926563,0.0113311462190163,0.0114445311367376,0.0207905902050301,0.0290768908719176,-0.000273214333742697,0.0113557116924933,0.0114695690214036,0.0209990068321045,0.0284743960259534,0.00751320137790762,10
Linear hybrid,nominal,all,250,0.25,1280,0,0,0,0,-0.00153732579627999,0.0449439614380561,0.0453592592803617,0.0889923075776214,0.125352103876264,-0.00154180649270181,0.0449611227716016,0.045375183132047,0.0892095731631358,0.125377559968059,0.0399878361468634,10
Linear hybrid,nominal,nearReversal,250,0.25,371,0,0,0,0,0.000134219896405685,0.0507142503946817,0.050904770424786,0.0952597044994547,0.125352103876264,0.000180838424303788,0.0507292626664301,0.050916641015958,0.095159207693124,0.125377559968059,0.0461001453031827,10
Linear hybrid,nominal,awayFromReversal,250,0.25,909,0,0,0,0,-0.00237649336012349,0.041982182922624,0.0426829000871497,0.083330238865735,0.122148905667335,-0.00240183437729194,0.0419986329038281,0.0427024870101354,0.0833051185719172,0.122392118290923,0.0370335369111909,10
EDMD hybrid,nominal,all,1,0.001,1280,0,0,0,0,-5.52867371455642e-06,0.000248745322441723,0.000249668922382695,0.000490279033614797,0.000866481573880695,4.71133483884955e-06,0.000516941196858992,0.000521081118362653,0.000958786825353182,0.00143135552002371,0.000171728138164872,10
EDMD hybrid,nominal,nearReversal,1,0.001,377,0,0,0,0,4.36244573446147e-06,0.000255536462321286,0.000257393568721321,0.000519700630744794,0.000751512791774156,3.55945666781712e-05,0.000493353942276918,0.00050358612595526,0.000913432126269869,0.00143135552002371,0.000187790068514978,10
EDMD hybrid,nominal,awayFromReversal,1,0.001,903,0,0,0,0,-9.13027895617811e-06,0.000243237692066835,0.000244805432475709,0.000481963608995471,0.000866481573880695,-5.56650368574996e-06,0.000525599838261839,0.000529518096354374,0.000961800221193283,0.00139767935864019,0.00016331448283408,10
EDMD hybrid,nominal,all,20,0.02,1280,0,0,0,0,-2.90537712821711e-05,0.000898242727011781,0.000903968622994696,0.00181402996625015,0.00305015714115564,-3.00972178950645e-05,0.00102073120998962,0.00102457304121387,0.00201207702649427,0.00359096938028647,0.000176541261270632,10
EDMD hybrid,nominal,nearReversal,20,0.02,379,0,0,0,0,1.60356988265545e-05,0.000591702941638695,0.000596732555183474,0.00121291740049037,0.00171727407415045,7.66686996780836e-06,0.00076102044468024,0.000763528520006796,0.00151896766854693,0.00208899734698376,0.00017448919117944,10
EDMD hybrid,nominal,awayFromReversal,20,0.02,901,0,0,0,0,-4.24382036113154e-05,0.000992569424967882,0.00100244413490545,0.00193220496317649,0.00305015714115564,-3.75934499331194e-05,0.00110544475676811,0.00111348939288533,0.00214161413862031,0.00359096938028647,0.000175889738313449,10
EDMD hybrid,nominal,all,50,0.05,1280,0,0,0,0,-0.000104566077082441,0.00319426880447767,0.0032151788456265,0.00670441662874263,0.0105978840807306,-0.000107858391221723,0.00323760793876139,0.00325864059326504,0.00657591477349124,0.0106649552192512,0.00132210078047892,10
EDMD hybrid,nominal,nearReversal,50,0.05,378,0,0,0,0,8.36885608122642e-05,0.00141607844212213,0.00142399558711617,0.00278795598095301,0.00430050073912878,0.000126493927078381,0.00147405335760108,0.00149001020166876,0.00293829106777583,0.00423048277083587,0.000759658244354078,10
EDMD hybrid,nominal,awayFromReversal,50,0.05,902,0,0,0,0,-0.000167675388019066,0.00367427372203145,0.00371481495179018,0.00695130616121897,0.0105978840807306,-0.000187941333717695,0.003713104369703,0.00375762533529622,0.0072115622615866,0.0106649552192512,0.00149444117608269,10
EDMD hybrid,nominal,all,100,0.1,1280,0,0,0,0,-0.000307728905348857,0.0101266267548826,0.010195202550917,0.0207122006262718,0.0329582304276212,-0.000308307451902476,0.0101457212045482,0.0102137299539194,0.0207766853429688,0.0323557355816571,0.00678305522981753,10
EDMD hybrid,nominal,nearReversal,100,0.1,380,0,0,0,0,-9.93572488656364e-05,0.0052317136408486,0.00525374655831534,0.0105631034498575,0.0192516886308782,-0.000109908843489639,0.00522959469818068,0.00524971412721833,0.0104856868551292,0.0186371849866672,0.00396039597557418,10
EDMD hybrid,nominal,awayFromReversal,100,0.1,900,0,0,0,0,-0.000384126555962207,0.0115589698958655,0.011662643215442,0.0224188311852424,0.0329582304276212,-0.000376386299778341,0.0115837520420295,0.0116880009750049,0.0223091353104347,0.0323557355816571,0.00766543035866643,10
EDMD hybrid,nominal,all,250,0.25,1280,0,0,0,0,-0.00120498530909701,0.045530680225349,0.0459149690198087,0.0918931070840132,0.135605809161156,-0.00120946600551883,0.0455469583593521,0.045930141253758,0.0918908836896372,0.135417379404361,0.0405155316328536,10
EDMD hybrid,nominal,nearReversal,250,0.25,371,0,0,0,0,-0.000398379434204795,0.0515393691170953,0.0517619819982815,0.0993242233881969,0.135605809161156,-0.000351760906306692,0.0515545015365565,0.0517747498686001,0.0994096399426891,0.135417379404361,0.0468767906958487,10
EDMD hybrid,nominal,awayFromReversal,250,0.25,909,0,0,0,0,-0.00171158933408479,0.0423750455141953,0.0430267534724876,0.0842143876673708,0.127106801966012,-0.00173693035125324,0.0423905545751179,0.0430450003001991,0.0843097118089196,0.127067728824322,0.0373811578508197,10
Weighted linear hybrid,nominal,all,1,0.001,1280,0,0,0,0,5.93279722365217e-07,0.00012160920970086,0.00012190582464136,0.000244674398657745,0.000831109409043129,1.08332882757712e-05,0.000483151529298337,0.000486103411631235,0.00084107869325157,0.00140051160507595,0.000121301268456512,10
Weighted linear hybrid,nominal,nearReversal,1,0.001,377,0,0,0,0,-3.36890593276171e-06,0.000135552993203073,0.000136724717515114,0.000282680988697432,0.000763924239243957,2.7863215010948e-05,0.000498307565434886,0.000506781372728287,0.000926359399672638,0.00140051160507595,0.00013660406698531,10
Weighted linear hybrid,nominal,awayFromReversal,1,0.001,903,0,0,0,0,1.76199051394725e-06,0.000113558308667737,0.000113977639613642,0.000228932755426864,0.000831109409043129,5.3257657843754e-06,0.000473329122790931,0.000475642940528926,0.000824446643763851,0.00132461008903545,0.000113063134182369,10
Weighted linear hybrid,nominal,all,20,0.02,1280,0,0,0,0,-2.12848192585677e-06,0.000108812978489572,0.000109541519261612,0.000227149583745157,0.000948842791171169,-3.17192853875013e-06,0.000472570563807209,0.00047331223673322,0.000824428163972231,0.00140921499457237,0.000101606161617671,10
Weighted linear hybrid,nominal,nearReversal,20,0.02,379,0,0,0,0,2.56694264994126e-06,0.000112038817039688,0.00011277089877512,0.000232694608609645,0.000673161953048895,-5.80188620880491e-06,0.000468895961322337,0.000472966165196513,0.000823111810776957,0.00107671351465666,0.000112407577694305,10
Weighted linear hybrid,nominal,awayFromReversal,20,0.02,901,0,0,0,0,-4.37893721489274e-06,0.000105534206248134,0.000106516365963324,0.000218767839439148,0.000948842791171169,4.65816463303299e-07,0.00047305501425395,0.000474147044694382,0.000841619905568561,0.00140921499457237,9.5025467160906e-05,10
Weighted linear hybrid,nominal,all,50,0.05,1280,0,0,0,0,-6.92677381553648e-06,0.000137767850004653,0.00013889308649748,0.000264877032746352,0.00256183986380176,-1.02190879548183e-05,0.000491702123594478,0.000493698214869519,0.000849052545158644,0.00261054493588196,0.000119456941920925,10
Weighted linear hybrid,nominal,nearReversal,50,0.05,378,0,0,0,0,6.65525700909803e-06,9.47119725533883e-05,9.58723388802755e-05,0.00020224849843269,0.000366180269530059,4.94606232752153e-05,0.000477625278899514,0.00049098928409567,0.000814351290958917,0.00107912715439791,9.58723388802755e-05,10
Weighted linear hybrid,nominal,awayFromReversal,50,0.05,902,0,0,0,0,-1.33174424631349e-05,0.000151324893463861,0.000153252501102171,0.000325501327259301,0.00256183986380176,-3.35833881617644e-05,0.000492621175074914,0.000495844257262863,0.000875623860663962,0.00261054493588196,0.000128299510292044,10
Weighted linear hybrid,nominal,all,100,0.1,1280,0,0,0,0,-2.23478901178577e-05,0.000216246738108527,0.000218861008379873,0.000461018837247759,0.00672538284519728,-2.29264366714769e-05,0.00053557292447725,0.000537104954023073,0.000942606019974602,0.00597248979741251,0.000180123679530603,10
Weighted linear hybrid,nominal,nearReversal,100,0.1,380,0,0,0,0,3.72791298965784e-06,0.000100907035941167,0.000101700478611639,0.000209967144470518,0.000645695036619487,-6.82368163434494e-06,0.000473085422139357,0.000476576677888857,0.00080532932828875,0.0011891361988175,9.88868130465049e-05,10
Weighted linear hybrid,nominal,awayFromReversal,100,0.1,900,0,0,0,0,-3.59858209203997e-05,0.000246473176099848,0.000251184495849288,0.000514602912339126,0.00672538284519728,-2.82455647365335e-05,0.000555942713860866,0.000558023659075233,0.00100202257859189,0.00597248979741251,0.000203162256256981,10
Weighted linear hybrid,nominal,all,250,0.25,1280,0,0,0,0,-9.61369256680876e-05,0.000583053963634426,0.000593167848207407,0.00115160786429252,0.0241076052607411,-0.000100617622089909,0.000892495929152206,0.00090333707681187,0.00174486858245347,0.0235293177610284,0.00055239081325739,10
Weighted linear hybrid,nominal,nearReversal,250,0.25,371,0,0,0,0,-0.000208942495708137,0.000886669575608894,0.000916915253104746,0.00204851861688665,0.0241076052607411,-0.000162323967810033,0.00118713768774138,0.00123003849250183,0.00262221527369255,0.0235293177610284,0.000844792740900516,10
Weighted linear hybrid,nominal,awayFromReversal,250,0.25,909,0,0,0,0,-4.19637390527207e-05,0.000298869193736329,0.000303700475251855,0.000633872735122454,0.0111886513194058,-6.73047562211711e-05,0.000617917973018225,0.000623916170138979,0.00116992899352879,0.0104147114130523,0.000295607318610895,10
Weighted EDMD hybrid,nominal,all,1,0.001,1280,0,0,0,0,6.37592270549638e-07,0.000121591050683366,0.000121885101707307,0.000244674398657745,0.000831109409043129,1.08776008239556e-05,0.000483150886975088,0.000486100498349885,0.000840836879730987,0.00140051160507595,0.000121301907489794,10
Weighted EDMD hybrid,nominal,nearReversal,1,0.001,377,0,0,0,0,-3.34896768682934e-06,0.00013553012754401,0.000136699402228813,0.000282392199643572,0.000763924239243957,2.78831532568804e-05,0.000498295608940893,0.000506768424417311,0.000926359399672638,0.00140051160507595,0.000136606152620499,10
Weighted EDMD hybrid,nominal,awayFromReversal,1,0.001,903,0,0,0,0,1.81867121871675e-06,0.000113541088328198,0.000113959818907012,0.00022867378339666,0.000831109409043129,5.3824464891449e-06,0.000473332943438111,0.00047564511258393,0.000824446643763851,0.00132461008903545,0.000113062875673774,10
Weighted EDMD hybrid,nominal,all,20,0.02,1280,0,0,0,0,-1.65001469403017e-06,0.000108233726073689,0.000108887008883864,0.000227149583745157,0.000895030808447508,-2.69346130692354e-06,0.000472497616742146,0.00047326757550955,0.000829078708477055,0.00135340252135352,0.000101623084662109,10
Weighted EDMD hybrid,nominal,nearReversal,20,0.02,379,0,0,0,0,2.64350730534038e-06,0.000112167178526833,0.000112886730483917,0.000232694608609645,0.000673161953048895,-5.72532155340579e-06,0.000469078060388793,0.000473132089580951,0.000823111810776957,0.00107671351465666,0.00011240845441878,10
Weighted EDMD hybrid,nominal,awayFromReversal,20,0.02,901,0,0,0,0,-3.70502558246911e-06,0.000104697387012883,0.00010556421778946,0.000216250149665214,0.000895030808447508,1.13972809572693e-06,0.000472816524310802,0.000474009240767682,0.000839187593670056,0.00135340252135352,9.50523402988733e-05,10
Weighted EDMD hybrid,nominal,all,50,0.05,1280,0,0,0,0,-5.06702339904143e-06,0.000134244826447136,0.000135100514848848,0.00027252287755057,0.00234805501046897,-8.3593375383232e-06,0.000489836942011924,0.000491716147524371,0.000849052545158644,0.00239676008254917,0.000118366368270124,10
Weighted EDMD hybrid,nominal,nearReversal,50,0.05,378,0,0,0,0,6.65525700909803e-06,9.47119725533883e-05,9.58723388802755e-05,0.00020224849843269,0.000366180269530059,4.94606232752153e-05,0.000477625278899514,0.00049098928409567,0.000814351290958917,0.00107912715439791,9.58723388802755e-05,10
Weighted EDMD hybrid,nominal,awayFromReversal,50,0.05,902,0,0,0,0,-1.04596125535004e-05,0.000147020192270673,0.000148422516151311,0.000315326299447805,0.00234805501046897,-3.07255582521299e-05,0.000490103627356386,0.000493058179694607,0.000880137703893356,0.00239676008254917,0.000126866468241313,10
Weighted EDMD hybrid,nominal,all,100,0.1,1280,0,0,0,0,-1.65341215525001e-05,0.000201540323274184,0.000203326438528522,0.000442548296000366,0.00604766590676874,-1.71126681061193e-05,0.000523734318795398,0.000524709658679974,0.000954139002919,0.00529477285898397,0.000170547746714143,10
Weighted EDMD hybrid,nominal,nearReversal,100,0.1,380,0,0,0,0,4.43347335196913e-06,9.82621932704651e-05,9.90228101071872e-05,0.000209967144470518,0.000531783842137479,-6.11812127203365e-06,0.000472759505559839,0.00047611782479548,0.00080532932828875,0.0011891361988175,9.80202397624762e-05,10
Weighted EDMD hybrid,nominal,awayFromReversal,100,0.1,900,0,0,0,0,-2.74545650602259e-05,0.000228829836391197,0.000232042995500931,0.000484277394549492,0.00604766590676874,-1.97143088763597e-05,0.000540750540491227,0.000542015792298663,0.000973684433059857,0.00529477285898397,0.000191282444981576,10
Weighted EDMD hybrid,nominal,all,250,0.25,1280,0,0,0,0,-7.09073666129429e-05,0.000508767738015483,0.000515383946539828,0.00105365519575973,0.0209182244118156,-7.53880630347645e-05,0.000822129789663724,0.000829509627505914,0.00160197137537631,0.0203399369121028,0.00048319403701921,10
Weighted EDMD hybrid,nominal,nearReversal,250,0.25,371,0,0,0,0,-0.000156661305192663,0.000774073071804073,0.000794517340928069,0.00173984041616634,0.0209182244118156,-0.00011004277729456,0.00107690604001789,0.00110992972033365,0.0022973404580763,0.0203399369121028,0.000737728333679522,10
Weighted EDMD hybrid,nominal,awayFromReversal,250,0.25,909,0,0,0,0,-2.98646807492999e-05,0.000255849152064449,0.00025908505622394,0.000541983029400898,0.00952412338248927,-5.52056979177503e-05,0.000584970706930977,0.000589525152803444,0.00109223028902557,0.00875018347613578,0.000253794116693179,10
Nominal physics,varied,all,1,0.001,1280,0,0,0,0,0.000280378383786313,0.0080015345359921,0.00805933506019559,0.0146936467075879,0.0182662918787255,0.000272498092222819,0.00800656072979317,0.00806333886120617,0.014786514506148,0.0185688226793232,0.00805933506019559,10
Nominal physics,varied,nearReversal,1,0.001,409,0,0,0,0,0.00121033855184187,0.00785150561050273,0.00816119785025964,0.0149754530245782,0.017557947401685,0.00118865181370538,0.00787465879938315,0.00817508991735536,0.0149555015106873,0.0181808987854775,0.00816119785025964,10
Nominal physics,varied,awayFromReversal,1,0.001,871,0,0,0,0,-0.000148673928888612,0.00791168999539446,0.00796899010868888,0.0144454466976604,0.0182662918787255,-0.000151035856597622,0.00791166017943625,0.00796774689770205,0.0143910106043545,0.0185688226793232,0.00796899010868888,10
Nominal physics,varied,all,20,0.02,1280,0,0,0,0,0.000434948781372284,0.0121942692762895,0.0122827145058417,0.0222600366656101,0.0277454527113137,0.000429026799130722,0.0121879245897534,0.0122744645725683,0.0221884648443273,0.0281678607936318,0.0122827145058417,10
Nominal physics,varied,nearReversal,20,0.02,406,0,0,0,0,0.00199768783030411,0.0119783613309293,0.0124538891443804,0.0228708629162152,0.0263871420107979,0.00198035309110173,0.0119756890702714,0.0124402344972685,0.0227608761038808,0.0267799408375999,0.0124538891443804,10
Nominal physics,varied,awayFromReversal,20,0.02,874,0,0,0,0,-0.000273012543301654,0.012045149545744,0.0121318719416028,0.0220024793796536,0.0277454527113137,-0.00027160472662428,0.0120394416025189,0.0121267806762271,0.0218000548249304,0.0281678607936318,0.0121318719416028,10
Nominal physics,varied,all,50,0.05,1280,0,0,0,0,0.000940901003071098,0.0257138160369121,0.0259001488780305,0.0466135591210713,0.058145621272963,0.000959208293827499,0.0257109178747465,0.0258963186966487,0.0465765164219783,0.0582232754098914,0.0259001488780305,10
Nominal physics,varied,nearReversal,50,0.05,402,0,0,0,0,0.00419851123054645,0.02524789041719,0.0262559030372799,0.0479828665855451,0.0554246231913049,0.00421876058549555,0.0252299094428998,0.0262420453682192,0.0478563499729932,0.0555683620778274,0.0262559030372799,10
Nominal physics,varied,awayFromReversal,50,0.05,878,0,0,0,0,-0.000457864637497722,0.0253955493715733,0.0255637972119501,0.0462750730447689,0.058145621272963,-0.000441362032622753,0.0254003787548139,0.0255663701709353,0.0461450280848516,0.0582232754098914,0.0255637972119501,10
Nominal physics,varied,all,100,0.1,1280,0,0,0,0,0.00188934379574803,0.0491133882185725,0.0494745310771866,0.0888075021039456,0.110370291955601,0.00188586284211608,0.0491074407941046,0.0494666658723563,0.088721898998474,0.110677463636389,0.0494745310771866,10
Nominal physics,varied,nearReversal,100,0.1,394,0,0,0,0,0.00933390192198658,0.0482052025390427,0.0501387226290883,0.0901420001993679,0.104718409047932,0.00931366677199381,0.04820650660449,0.0501302229547391,0.0899843481881557,0.105385795245619,0.0501387226290883,10
Nominal physics,varied,awayFromReversal,100,0.1,886,0,0,0,0,-0.00124976823835504,0.0484915734111169,0.0488699394478338,0.0867766000297547,0.110370291955601,-0.00124503006837257,0.0484847683939167,0.0488631268813278,0.0865427417060141,0.110677463636389,0.0488699394478338,10
Nominal physics,varied,all,250,0.25,1280,0,0,0,0,0.00499570754174951,0.11449545887636,0.115463506263289,0.200767150564357,0.252195504486655,0.00501128477051681,0.114488809562949,0.115457332340699,0.200872154905351,0.252507464120539,0.115463506263289,10
Nominal physics,varied,nearReversal,250,0.25,390,0,0,0,0,0.0150990489492265,0.109755985298877,0.115189732565149,0.193287586801801,0.220927519661458,0.0151177137660867,0.109732284038391,0.115176555998768,0.19315820379647,0.221597974262173,0.115189732565149,10
Nominal physics,varied,awayFromReversal,250,0.25,890,0,0,0,0,0.000208547341506175,0.114608808773583,0.115368045396083,0.201071390959253,0.252195504486655,0.000221742357298356,0.114605852448045,0.115365040970744,0.201158130487278,0.252507464120539,0.115368045396083,10
Persistent innovation,varied,all,1,0.001,1280,0,0,0,0,6.90180676958557e-06,0.000491338520006463,0.00049282619594913,0.000883992420030623,0.0015057616042311,-9.78484793908711e-07,0.00067461067521305,0.000676484185286526,0.00125351536329372,0.00207172397140376,0.00964867521029076,10
Persistent innovation,varied,nearReversal,1,0.001,409,0,0,0,0,-1.8801153069795e-05,0.000482796979852047,0.000488533860037972,0.000923704564891703,0.0015057616042311,-4.04878912062759e-05,0.000648751828014353,0.000655534922788325,0.00123223433097257,0.00207172397140376,0.00977202914696402,10
Persistent innovation,varied,awayFromReversal,1,0.001,871,0,0,0,0,2.07424355406717e-05,0.000490074266810079,0.000493944270376866,0.000880582319234769,0.00138025722448881,1.83805078316616e-05,0.000680812011096167,0.00068499124208098,0.00128570248164484,0.00204344645385401,0.00954022029544652,10
Persistent innovation,varied,all,20,0.02,1280,0,0,0,0,1.89275974732645e-05,0.00160839567658085,0.00161322126229168,0.00280747699159112,0.00398705906330954,1.30056152317029e-05,0.00164846719981065,0.00165398302612674,0.00296535952951917,0.00452757522962882,0.00971305674431586,10
Persistent innovation,varied,nearReversal,20,0.02,406,0,0,0,0,-5.55335839158765e-05,0.00153032627757363,0.00155176136496784,0.00267041230201184,0.00398705906330954,-7.28683231182533e-05,0.00155740830439579,0.00158060359249007,0.00277995336351221,0.00415720250290602,0.00984570550688799,10
Persistent innovation,varied,awayFromReversal,20,0.02,874,0,0,0,0,5.41103503487327e-05,0.00162206213949504,0.00163468590591079,0.00277972623257072,0.00385289845879394,5.55181670261076e-05,0.00166651216246503,0.00168108974334712,0.00296253576144846,0.00452757522962882,0.00959401155648372,10
Persistent innovation,varied,all,50,0.05,1280,0,0,0,0,6.28811216728155e-05,0.0053948924310609,0.00541167850539924,0.00932676460964498,0.0131303397092551,8.11884124292172e-05,0.00541143356052823,0.00542928402896971,0.00937784380520791,0.0136700960849148,0.0106278150751835,10
Persistent innovation,varied,nearReversal,50,0.05,402,0,0,0,0,-5.14063119215493e-05,0.0050927267043136,0.00517889135900841,0.0089634521106485,0.0130267141553138,-3.11569569724527e-05,0.00512408049008419,0.00520677471419908,0.00911654399113659,0.0131246657155542,0.0107539546690033,10
Persistent innovation,varied,awayFromReversal,50,0.05,878,0,0,0,0,0.000133339854971099,0.00542781676786288,0.00547511676011325,0.00923005747091508,0.0131303397092551,0.000149842459846068,0.00544297440306912,0.00549095247729747,0.00933840678262027,0.0136700960849148,0.0104887114009088,10
Persistent innovation,varied,all,100,0.1,1280,0,0,0,0,0.00020218685494517,0.0165131416977043,0.0165674177589588,0.0286740602351304,0.0398801149380308,0.000198705901313227,0.0164941064892111,0.0165485084387652,0.0286532817527967,0.0393666537460665,0.0176610208233591,10
Persistent innovation,varied,nearReversal,100,0.1,394,0,0,0,0,2.83691514384675e-05,0.015615302227335,0.0158185827484653,0.0266377941728075,0.0398801149380308,8.1340014456842e-06,0.0155808870833731,0.0157903036122548,0.0264480889872534,0.0393666537460665,0.0175178020711678,10
Persistent innovation,varied,awayFromReversal,100,0.1,886,0,0,0,0,0.000362245839076893,0.0165537427432587,0.0167113342183844,0.0281989517067425,0.0378942373092258,0.000366984009059358,0.0165381555892154,0.0166965138065181,0.0282525609968392,0.0381415407074361,0.0175474144005896,10
Persistent innovation,varied,all,250,0.25,1280,0,0,0,0,0.000848301468024676,0.0787897098981459,0.0791200516410035,0.138404791234623,0.180683653672857,0.000863878696791971,0.0787684168391937,0.0791005672166432,0.138431686768511,0.181130154014304,0.0757423027829854,10
Persistent innovation,varied,nearReversal,250,0.25,390,0,0,0,0,0.00322474744638389,0.0777231663381425,0.0789708752088398,0.132379742870409,0.177990291835535,0.00324341226324411,0.0776936259227429,0.0789382895934259,0.132233131161513,0.177737560263748,0.0758786406177443,10
Persistent innovation,varied,awayFromReversal,250,0.25,890,0,0,0,0,-0.000112659529791128,0.0779579319187921,0.0789926564836902,0.140915409783593,0.180683653672857,-9.9464513998947e-05,0.0779432455185768,0.0789810151861733,0.140552559502737,0.181130154014304,0.0755026296492397,10
Linear hybrid,varied,all,1,0.001,1280,0,0,0,0,-2.68055404380084e-07,0.000271016395067383,0.000272478432413508,0.000552910340004478,0.000907622912457828,-8.14834696787437e-06,0.000522717411680555,0.000524352114908983,0.000981165025675249,0.00167626388237527,0.00964968911707585,10
Linear hybrid,varied,nearReversal,1,0.001,409,0,0,0,0,6.55461887220606e-06,0.000272737381633116,0.000275524397635397,0.000571449310645033,0.000817725932399385,-1.51321192642748e-05,0.000497686016259584,0.000503156359041965,0.000925305746538834,0.00163523496749413,0.00976940927337525,10
Linear hybrid,varied,awayFromReversal,1,0.001,871,0,0,0,0,-3.29628428815333e-06,0.000268796740680041,0.000270849123261473,0.000545851333968991,0.000907622912457828,-5.65821199716339e-06,0.000530629612568064,0.000533690452117979,0.000987201693500605,0.00167626388237527,0.00954250435959252,10
Linear hybrid,varied,all,20,0.02,1280,0,0,0,0,-6.07260355585249e-06,0.00130036248585625,0.00130340950073883,0.00248076788015287,0.00465840040484083,-1.19945857974141e-05,0.00137787622663859,0.00137996717467529,0.00264580157904968,0.00532043749008154,0.00967714605814986,10
Linear hybrid,varied,nearReversal,20,0.02,406,0,0,0,0,-1.66769259695908e-05,0.00111957319066815,0.00113848843345345,0.00217605101789732,0.00310242574394759,-3.40116651719677e-05,0.00121112093075045,0.00122585021133259,0.00232867144725066,0.00359663234151064,0.00980949804882367,10
Linear hybrid,varied,awayFromReversal,20,0.02,874,0,0,0,0,-1.28017337199441e-06,0.00136238389846531,0.00136833901708851,0.00255454985613628,0.00465840040484083,1.2764330538049e-07,0.00143710797723396,0.00144286453940025,0.00278785268639044,0.00532043749008154,0.009559803562144,10
Linear hybrid,varied,all,50,0.05,1280,0,0,0,0,-2.20130431787405e-05,0.00485177281729168,0.00485998462584577,0.00920802770829969,0.0165609612326497,-3.70575242233889e-06,0.00485517124146491,0.0048626717600167,0.00910004035047639,0.0166397768122019,0.0106025080239348,10
Linear hybrid,varied,nearReversal,50,0.05,402,0,0,0,0,1.8545456302091e-05,0.00412011630254473,0.00418156446595559,0.00740497061868194,0.0124451180457069,3.87948112511876e-05,0.00415296577609841,0.00421210503709904,0.00751829170867201,0.0123032991408928,0.0108138220293973,10
Linear hybrid,varied,awayFromReversal,50,0.05,878,0,0,0,0,-2.85733517276273e-05,0.00508477037540034,0.0051060220798703,0.00962318833411445,0.0165609612326497,-1.20707468526586e-05,0.00507967661619268,0.00509947243785285,0.00942665720206082,0.0166397768122019,0.01041814047281,10
Linear hybrid,varied,all,100,0.1,1280,0,0,0,0,-8.98860321964953e-05,0.0155613437369242,0.015585455202483,0.0291622593530342,0.0500490393137544,-9.33669858284387e-05,0.015540324220974,0.0155639560658435,0.0290636226703852,0.0498072979135644,0.0173937635599859,10
Linear hybrid,varied,nearReversal,100,0.1,394,0,0,0,0,0.000160837673871237,0.0134585452978048,0.0136314122720026,0.0246275370569511,0.0411757452557281,0.000140602523878454,0.01341457961574,0.0135918117196813,0.0246473501431973,0.0409797341364314,0.0170873092670628,10
Linear hybrid,varied,awayFromReversal,100,0.1,886,0,0,0,0,-0.000162719115849199,0.0161718670421132,0.0162437654005414,0.0302184789020609,0.0500490393137544,-0.000157980945866734,0.0161588168203835,0.0162302536213624,0.0302212875392868,0.0498072979135644,0.0173458562458577,10
Linear hybrid,varied,all,250,0.25,1280,0,0,0,0,-0.00108552142634709,0.0703717974023718,0.0705617154873149,0.131819321669375,0.204307453240888,-0.00106994419757979,0.0703503978563467,0.0705406866423316,0.131767913529484,0.203929748488071,0.0689830707451037,10
Linear hybrid,varied,nearReversal,250,0.25,390,0,0,0,0,0.00104949371940065,0.0710290689111872,0.0728948868665139,0.128268557107106,0.204307453240888,0.00106815853626086,0.07099251754687,0.0728603721410894,0.128407315016711,0.203929748488071,0.0712478184466505,10
Linear hybrid,varied,awayFromReversal,250,0.25,890,0,0,0,0,-0.00190366938427228,0.0677898417775478,0.0688519829502085,0.12782130869751,0.196544534783049,-0.0018904743684801,0.06777316266626,0.0688384632522266,0.127981102604432,0.197065233297652,0.0674421023063569,10
EDMD hybrid,varied,all,1,0.001,1280,0,0,0,0,-5.29129010456641e-07,0.000270976949068128,0.000272435570673241,0.00055482456989056,0.000863405922042676,-8.40942057395092e-06,0.000522281189714686,0.000523891353470928,0.000979127014476712,0.00164073935828524,0.00964953266878903,10
EDMD hybrid,varied,nearReversal,1,0.001,409,0,0,0,0,1.10274092579537e-05,0.000272298240126517,0.000275245415554163,0.000573575257063502,0.000823841160367225,-1.06593288785272e-05,0.000497352699830994,0.000502726253458681,0.00092509965989273,0.00164073935828524,0.0097692495879417,10
EDMD hybrid,varied,awayFromReversal,1,0.001,871,0,0,0,0,-5.8087832605048e-06,0.000268871819401106,0.000270913955798004,0.000549116306468544,0.000863405922042676,-8.17071096951486e-06,0.000530217669912206,0.000533191719778567,0.000984851855816996,0.0016199589596389,0.00954239100988891,10
EDMD hybrid,varied,all,20,0.02,1280,0,0,0,0,-1.26201237252918e-05,0.00130945657228774,0.0013124143181565,0.00251865648907319,0.00436625225558052,-1.85421059668535e-05,0.00138670970453417,0.00138900972595216,0.00262375699083198,0.00502828934082122,0.00967657925253558,10
EDMD hybrid,varied,nearReversal,20,0.02,406,0,0,0,0,3.62690197479317e-05,0.00112024511749968,0.00114002848469339,0.00217525022426867,0.00316240203342072,1.89342805455549e-05,0.00121145821650534,0.0012261464553995,0.00230391427361902,0.00365660863098377,0.00980895600869573,10
EDMD hybrid,varied,awayFromReversal,20,0.02,874,0,0,0,0,-3.57022316357096e-05,0.00137285881918185,0.00137967720365212,0.00258912024361452,0.00436625225558052,-3.42944149583347e-05,0.00144809484943454,0.00145511001286271,0.00277632811604453,0.00502828934082122,0.00955936502409765,10
EDMD hybrid,varied,all,50,0.05,1280,0,0,0,0,-4.96206352478355e-05,0.00489170258522667,0.00490026208424945,0.00932751975237761,0.0154131257134905,-3.13133444914339e-05,0.0048930566587847,0.00490106874316501,0.00922351772313066,0.0154919412930427,0.0106136604292224,10
EDMD hybrid,varied,nearReversal,50,0.05,402,0,0,0,0,0.00020188977017062,0.00411388025814398,0.00418432477531693,0.00742295535733514,0.0116798189653752,0.000222139125119716,0.00414652675666325,0.00421583314062438,0.00746571490500451,0.011538000060561,0.010822139781803,10
EDMD hybrid,varied,awayFromReversal,50,0.05,878,0,0,0,0,-0.000153353618569668,0.00513148155478259,0.00515823511462208,0.00973462931428922,0.0154131257134905,-0.0001368510136947,0.00512399656131984,0.00514871870144363,0.00960341777017199,0.0154919412930427,0.0104273934129242,10
EDMD hybrid,varied,all,100,0.1,1280,0,0,0,0,-0.000179042992908389,0.0156834659125677,0.0157103181960123,0.0298404676021826,0.0476575804207052,-0.000182523946540332,0.0156628998119611,0.0156894762159082,0.0299083174401858,0.0470121975064946,0.0174719320840331,10
EDMD hybrid,varied,nearReversal,100,0.1,394,0,0,0,0,0.000344261424970589,0.0134318622223358,0.0136278324928618,0.0243977866899556,0.0392101453830954,0.000324026274977806,0.0133872387491763,0.0135874332450527,0.0244067351891111,0.0391212389232189,0.0171000187998412,10
EDMD hybrid,varied,awayFromReversal,100,0.1,886,0,0,0,0,-0.000372284013393518,0.0163354966139677,0.0164155619017391,0.0310104896153822,0.0476575804207052,-0.000367545843411053,0.0163235488921905,0.0164033624075563,0.0309722407258099,0.0470121975064946,0.0174478360275699,10
EDMD hybrid,varied,all,250,0.25,1280,0,0,0,0,-0.00135710535342861,0.0707144654578403,0.0709266906106108,0.133903340745945,0.199404430945833,-0.00134152812466132,0.0706930269060878,0.0709058169951453,0.133757486177998,0.199026726193016,0.0693270700641164,10
EDMD hybrid,varied,nearReversal,250,0.25,390,0,0,0,0,-8.30379105598661e-05,0.071713094022624,0.073508780314219,0.129788437201616,0.199404430945833,-6.43730936996486e-05,0.0716746963279805,0.0734730749497583,0.129851251201639,0.199026726193016,0.0718431987286079,10
EDMD hybrid,varied,awayFromReversal,250,0.25,890,0,0,0,0,-0.00181702023366956,0.0680596318005038,0.069087733985092,0.128145509687369,0.187151127095079,-0.00180382521787738,0.068043550598583,0.0690748628985816,0.127987194396109,0.187671825609682,0.0676659175317632,10
Weighted linear hybrid,varied,all,1,0.001,1280,0,0,0,0,5.89023144698213e-05,0.00133387181160434,0.00137039724679233,0.0033932081098978,0.0146929476212784,5.1022022906327e-05,0.00139930280689243,0.00143722318487529,0.00353245629896351,0.0139964386912568,0.0096044754247093,10
Weighted linear hybrid,varied,nearReversal,1,0.001,409,0,0,0,0,9.58813106063471e-05,0.00103788072229036,0.00108955263404324,0.00301100124620054,0.0103415410339406,7.41945724698662e-05,0.00114614678178272,0.00119869646088133,0.00312597869576247,0.0106512832342226,0.00972695566609843,10
Weighted linear hybrid,varied,awayFromReversal,1,0.001,871,0,0,0,0,4.46884414127561e-05,0.00128494884216889,0.00132217539186612,0.00283689537244324,0.0146929476212784,4.2326513703746e-05,0.00136323244555638,0.00140397516025186,0.00310910448663797,0.0139964386912568,0.00949660540977057,10
Weighted linear hybrid,varied,all,20,0.02,1280,0,0,0,0,6.87901837170173e-05,0.00250593145938629,0.00255052514116837,0.00583199561616183,0.023542393669552,6.28682014754557e-05,0.00252198804056078,0.00256308542911065,0.00584683910229132,0.0239557304861988,0.00977634469938396,10
Weighted linear hybrid,varied,nearReversal,20,0.02,406,0,0,0,0,0.000128295674522169,0.00197643361308743,0.00206673828334098,0.0051466233167893,0.0157300136474951,0.000110960935319792,0.00201569320495374,0.00209923436648492,0.004992424254209,0.0157780967299922,0.00989107163464661,10
Weighted linear hybrid,varied,awayFromReversal,20,0.02,874,0,0,0,0,4.14513460590812e-05,0.00252289760502298,0.00257207746528654,0.00546732791416303,0.023542393669552,4.28591627364561e-05,0.00253728433318789,0.00258643486363289,0.00566602116198763,0.0239557304861988,0.00966406119270142,10
Weighted linear hybrid,varied,all,50,0.05,1280,0,0,0,0,0.000105724688633052,0.00680734526126719,0.00688277541993277,0.014887040159147,0.0518160841369125,0.000124031979389454,0.0068024381235029,0.00687475358937103,0.0146681637206572,0.0519078746934859,0.0115046989494544,10
Weighted linear hybrid,varied,nearReversal,50,0.05,402,0,0,0,0,0.000537741686513721,0.00628864133413574,0.00649885719001703,0.0123707812053314,0.0518160841369125,0.000557991041462818,0.00631513823378592,0.00652157996803634,0.0123472726664304,0.0519078746934859,0.0118717636525442,10
Weighted linear hybrid,varied,awayFromReversal,50,0.05,878,0,0,0,0,-8.34317775771963e-05,0.00665323369333431,0.00673438287009054,0.0132239281724116,0.0448352935943344,-6.69291727022276e-05,0.0066466158019958,0.00672235410750489,0.0130155746109685,0.0447363858065258,0.0111784946795245,10
Weighted linear hybrid,varied,all,100,0.1,1280,0,0,0,0,9.63984693563631e-05,0.0182571363983124,0.0183716132570708,0.0372635815174676,0.102869536747763,9.291751572442e-05,0.0182372811095701,0.0183499592060734,0.0372254295728093,0.103126362549623,0.0197321705791638,10
Weighted linear hybrid,varied,nearReversal,100,0.1,394,0,0,0,0,0.00122337119930812,0.0172743059249772,0.0175953795370557,0.0378296046040527,0.102869536747763,0.00120313604931533,0.017236494423412,0.0175583668139928,0.0377795452488033,0.103126362549623,0.0202064116161499,10
Weighted linear hybrid,varied,awayFromReversal,100,0.1,886,0,0,0,0,-0.000403586139088427,0.0181328991402134,0.0182692125486981,0.0349366035739611,0.0786930650876909,-0.000398847969105962,0.0181205396628826,0.0182565488428695,0.0349760978518107,0.0791064019043377,0.0191197970917553,10
Weighted linear hybrid,varied,all,250,0.25,1280,0,0,0,0,-0.000597416784768762,0.0742192082407049,0.0744994752211925,0.141064294192219,0.232555800889516,-0.000581839556001467,0.0741968319531038,0.0744764655089564,0.141109088588045,0.232116565512818,0.0728285969240452,10
Weighted linear hybrid,varied,nearReversal,250,0.25,390,0,0,0,0,0.000323405462044874,0.0743959873676921,0.0763565141011565,0.132055663532768,0.192190010106668,0.000342070278905091,0.0743639490291266,0.0763252380543552,0.132174730243247,0.191812305353851,0.0746838737943477,10
Weighted linear hybrid,varied,awayFromReversal,250,0.25,890,0,0,0,0,-0.000879200613922317,0.0717597828306987,0.072968026814714,0.138285752251857,0.232555800889516,-0.000866005598130135,0.0717404288859326,0.072950784901445,0.138439787349608,0.232116565512818,0.0714294113477242,10
Weighted EDMD hybrid,varied,all,1,0.001,1280,0,0,0,0,5.85614484726431e-05,0.00133407622245931,0.00137044838367799,0.0033932081098978,0.0146929476212784,5.06811569091489e-05,0.00139927547989067,0.0014370454786296,0.003534154050778,0.0139964386912568,0.00960432072633612,10
Weighted EDMD hybrid,varied,nearReversal,1,0.001,409,0,0,0,0,9.98741506940043e-05,0.00103749439099266,0.0010894007437141,0.00301244198271935,0.0103415410339406,7.81874125575234e-05,0.00114577593232493,0.0011984395261997,0.00312614444652022,0.0106512832342226,0.00972683084620906,10
Weighted EDMD hybrid,varied,awayFromReversal,1,0.001,871,0,0,0,0,4.22960019750161e-05,0.00128523726123572,0.00132229889443216,0.00283716225182404,0.0146929476212784,3.9934074266006e-05,0.00136312629316754,0.00140369623322995,0.00311151292196333,0.0139964386912568,0.00949647366509459,10
Weighted EDMD hybrid,varied,all,20,0.02,1280,0,0,0,0,6.23898775560987e-05,0.00251421262225505,0.00255732847119685,0.00584910264031855,0.023542393669552,5.64678953145371e-05,0.00253049747576526,0.00257024345570065,0.00587893271806443,0.0239557304861988,0.00977566712862045,10
Weighted EDMD hybrid,varied,nearReversal,20,0.02,406,0,0,0,0,0.000177422378225942,0.00197402092614797,0.00206630113656117,0.00514515958488792,0.0157300136474951,0.000160087639023565,0.00201319637528767,0.00209858798145943,0.00499098630089301,0.0157780967299922,0.00989058170469916,10
Weighted EDMD hybrid,varied,awayFromReversal,20,0.02,874,0,0,0,0,9.10270789384693e-06,0.0025328870574639,0.00258143821963488,0.00549898047153543,0.023542393669552,1.05105245712218e-05,0.00254781347429542,0.00259677349649442,0.00572239924192261,0.0239557304861988,0.0096634292506405,10
Weighted EDMD hybrid,varied,all,50,0.05,1280,0,0,0,0,7.90727155156503e-05,0.00684898198923319,0.00691993739173081,0.0150028770444273,0.0518160841369125,9.73800062720518e-05,0.00684267207521391,0.0069105921198531,0.0147055979345787,0.0519078746934859,0.0115180615437041,10
Weighted EDMD hybrid,varied,nearReversal,50,0.05,402,0,0,0,0,0.000709907326760552,0.00628015824793143,0.00650061637795779,0.0123447185067885,0.0518160841369125,0.000730156681709649,0.00630695874891446,0.00652462905344924,0.0122968874967658,0.0519078746934859,0.0118803947314712,10
Weighted EDMD hybrid,varied,awayFromReversal,50,0.05,878,0,0,0,0,-0.000201447801635656,0.00669900539447638,0.00678609847729079,0.0132559945540356,0.0448352935943344,-0.000184945196760688,0.0066905759392705,0.00677165775435666,0.0131211088551559,0.0447363858065258,0.0111910809221831,10
Weighted EDMD hybrid,varied,all,100,0.1,1280,0,0,0,0,1.1134741140666e-05,0.0183977280749962,0.0185030896010286,0.0377103346759863,0.102869536747763,7.65378750872282e-06,0.0183782912676242,0.0184820223285584,0.0376243088188839,0.103126362549623,0.0198225802995056,10
Weighted EDMD hybrid,varied,nearReversal,100,0.1,394,0,0,0,0,0.00141541720860121,0.0173023417269486,0.0176183637385972,0.0377419798425988,0.102869536747763,0.00139518205860843,0.0172646719337963,0.0175810826427124,0.0376917358913296,0.103126362549623,0.0202453561901277,10
Weighted EDMD hybrid,varied,awayFromReversal,100,0.1,886,0,0,0,0,-0.000611430290153091,0.0183083510548616,0.0184485902995049,0.0356098991175749,0.0786930650876909,-0.000606692120170627,0.0182968289240803,0.0184369539662719,0.0356845124630137,0.0791064019043377,0.0192331069274672,10
Weighted EDMD hybrid,varied,all,250,0.25,1280,0,0,0,0,-0.000856468347777649,0.074627241124237,0.0749051764969239,0.141666587924175,0.232555800889516,-0.000840891119010355,0.0746050598607697,0.0748824756896832,0.141581260842669,0.232116565512818,0.07321929861869,10
Weighted EDMD hybrid,varied,nearReversal,250,0.25,390,0,0,0,0,-0.000849814825400692,0.0751239469486487,0.0770115449702115,0.133424601080272,0.193545586565844,-0.000831150008540474,0.0750902981932049,0.0769793079866349,0.133512286302351,0.193292854994057,0.0753263731684325,10
Weighted EDMD hybrid,varied,awayFromReversal,250,0.25,890,0,0,0,0,-0.00075473673005389,0.0720786982047697,0.0732430963147715,0.138735478544274,0.232555800889516,-0.000741541714261709,0.0720600977353945,0.0732266440676302,0.138572533803727,0.232116565512818,0.0716985604985052,10
Nominal physics,nonlinear,all,1,0.001,1280,0,0,0,0,-0.00053324113455724,0.0153592743813275,0.0154961899153728,0.0257273511750628,0.0390144638223944,-0.000552281341542687,0.0153454980881473,0.0154854153112964,0.0257229909645105,0.0398281123896886,0.0154961899153728,10
Nominal physics,nonlinear,nearReversal,1,0.001,365,0,0,0,0,4.28991393237631e-05,0.0138593765028608,0.0139646673996716,0.0251462711932274,0.0316364554726942,4.42010165272013e-05,0.0138252143752665,0.0139304168778389,0.0249537469581907,0.0310562014631719,0.0139646673996716,10
Nominal physics,nonlinear,awayFromReversal,1,0.001,915,0,0,0,0,-0.000890960852632886,0.0158163978213312,0.0160395890555678,0.0252729689362643,0.0390144638223944,-0.000914008317821477,0.0158082816018946,0.0160376175396198,0.0252759374196464,0.0398281123896886,0.0160395890555678,10
Nominal physics,nonlinear,all,20,0.02,1280,0,0,0,0,-0.000830914701609961,0.023278217175678,0.0234903235545127,0.0389750653318471,0.059273148699486,-0.000797398615387194,0.0232701311177119,0.0234827375319254,0.0389870216958831,0.0601653349248444,0.0234903235545127,10
Nominal physics,nonlinear,nearReversal,20,0.02,363,0,0,0,0,-1.89499080093623e-05,0.0212326124244577,0.0213900280444055,0.0385939322288124,0.0484914077420355,1.39681667879377e-05,0.0212429202362375,0.0214046010787238,0.0384585094916921,0.0487048580704149,0.0213900280444055,10
Nominal physics,nonlinear,awayFromReversal,20,0.02,917,0,0,0,0,-0.00133952592495783,0.023866755393761,0.0242088027425348,0.0383167157153301,0.059273148699486,-0.00130922127904148,0.0238522859599536,0.0241942971812559,0.0384437106508918,0.0601653349248444,0.0242088027425348,10
Nominal physics,nonlinear,all,50,0.05,1280,0,0,0,0,-0.00179514991715656,0.0484245920292183,0.0488847015707168,0.0811558982282865,0.12442169719196,-0.00179078451907622,0.048429338828801,0.0488914663083811,0.0811751100604356,0.125282131628334,0.0488847015707168,10
Nominal physics,nonlinear,nearReversal,50,0.05,364,0,0,0,0,0.000532376446116827,0.0458702096840251,0.0462279715158197,0.0809626484085156,0.106196766771092,0.000553542091764992,0.0458748717760754,0.0462348222485963,0.0809349067157638,0.106511628222076,0.0462279715158197,10
Nominal physics,nonlinear,awayFromReversal,50,0.05,916,0,0,0,0,-0.00312337592177739,0.049050687669187,0.0497925640388861,0.0799347385824773,0.12442169719196,-0.00312745294279483,0.0490560146587828,0.0498006823265975,0.0797951283387729,0.125282131628334,0.0497925640388861,10
Nominal physics,nonlinear,all,100,0.1,1280,0,0,0,0,-0.0035793833962657,0.0898952000693356,0.0908224999629999,0.152733463587507,0.236376536862485,-0.00354856381054409,0.0898911076224072,0.0908185994657234,0.152511766379246,0.236355486876524,0.0908224999629999,10
Nominal physics,nonlinear,nearReversal,100,0.1,361,0,0,0,0,0.000661528000261043,0.0907148171891845,0.0913541926944452,0.1532662111226,0.207636476177852,0.000687478823508195,0.0907323789880974,0.0913759496873241,0.153167205855665,0.207849926506231,0.0913541926944452,10
Nominal physics,nonlinear,awayFromReversal,100,0.1,919,0,0,0,0,-0.00596293744441747,0.0886546712564846,0.0902224620222626,0.150419801834153,0.236376536862485,-0.00593346915123212,0.0886408116340917,0.0902085107237577,0.150265868373224,0.236355486876524,0.0902224620222626,10
Nominal physics,nonlinear,all,250,0.25,1280,0,0,0,0,-0.00858919334969975,0.192036071630697,0.194423097727072,0.340557786973623,0.53699213071117,-0.00858598483164275,0.192026637285643,0.194415433686434,0.340608633078086,0.536952296703829,0.194423097727072,10
Nominal physics,nonlinear,nearReversal,250,0.25,359,0,0,0,0,-0.00312204846270615,0.212959868768575,0.214807879800551,0.349140034819583,0.487175598668924,-0.00309000440043719,0.212947273063125,0.214796665829888,0.349006934924103,0.48786804877492,0.214807879800551,10
Nominal physics,nonlinear,awayFromReversal,250,0.25,921,0,0,0,0,-0.0117853178069545,0.181048510058204,0.185537616055637,0.334153264966553,0.53699213071117,-0.0117965665870298,0.18104005333713,0.185531038932157,0.334144096722717,0.536952296703829,0.185537616055637,10
Persistent innovation,nonlinear,all,1,0.001,1280,0,0,0,0,-1.51941994301654e-06,0.00191108859033476,0.00191247072834257,0.00496334330633627,0.0106605270509225,-2.05596269284633e-05,0.00197345173885415,0.00197539937865079,0.00503653449618718,0.0112859869847005,0.0185380105258882,10
Persistent innovation,nonlinear,nearReversal,1,0.001,365,0,0,0,0,-3.75117838851578e-05,0.00331756041179274,0.00332603735783233,0.00625768405837386,0.0106605270509225,-3.62099066817194e-05,0.00335911429424679,0.00336814528087137,0.0065496107003485,0.0112859869847005,0.0167327473020489,10
Persistent innovation,nonlinear,awayFromReversal,1,0.001,915,0,0,0,0,1.67591483681532e-05,0.000879482551707404,0.000881999285745801,0.00207989379271449,0.00558999984819641,-6.28831682043717e-06,0.000990733213739814,0.000995618154054147,0.00213930640712088,0.00554408066029327,0.0191755615979778,10
Persistent innovation,nonlinear,all,20,0.02,1280,0,0,0,0,-2.20428792706822e-05,0.00633992417843957,0.00634459417141985,0.0160871589134089,0.0334994080904817,1.14732069520848e-05,0.00633680027988331,0.00634179357723691,0.0160131049940479,0.0342853479155388,0.0187263445838925,10
Persistent innovation,nonlinear,nearReversal,20,0.02,363,0,0,0,0,-0.000252030486700108,0.00978275428816615,0.00981392388639507,0.0197111582844396,0.0334994080904817,-0.000219112411902808,0.00974892057077395,0.0097780883529234,0.0196821979830225,0.0342853479155388,0.0169947303318601,10
Persistent innovation,nonlinear,awayFromReversal,20,0.02,917,0,0,0,0,8.18014872582532e-05,0.00430800552739694,0.00431367559639531,0.0115153356443772,0.0252929547187707,0.00011210613317461,0.00433238169504597,0.00433854136909117,0.0112041665335753,0.0258571146892421,0.0193295585074993,10
Persistent innovation,nonlinear,all,50,0.05,1280,0,0,0,0,-8.80119900428822e-05,0.0199158335483046,0.019931556452508,0.0497143814944441,0.0895194653346769,-8.36465919625379e-05,0.0199275635858243,0.0199443184404804,0.0496703769506977,0.0902974417637536,0.0238102572747387,10
Persistent innovation,nonlinear,nearReversal,50,0.05,364,0,0,0,0,-0.000324510916957131,0.0194669624962104,0.0196422284438541,0.041827367579507,0.0801090101092778,-0.000303345271308966,0.0194930800390831,0.0196733779015071,0.0418195467842911,0.0800974166925927,0.0206815109149259,10
Persistent innovation,nonlinear,awayFromReversal,50,0.05,916,0,0,0,0,-3.43944538656535e-05,0.0201154247280457,0.0201305740338178,0.0513522009305178,0.0895194653346769,-3.84714748830891e-05,0.0201200483548389,0.0201365209131699,0.0514080801930423,0.0902974417637536,0.0250007403206987,10
Persistent innovation,nonlinear,all,100,0.1,1280,0,0,0,0,-0.000299036716586009,0.0540228700483522,0.0540688623112853,0.122549126638187,0.221054747762217,-0.000268217130864402,0.054010033531082,0.0540562414211092,0.12257456312292,0.2200798995915,0.0504066771340646,10
Persistent innovation,nonlinear,nearReversal,100,0.1,361,0,0,0,0,-0.00259579982074177,0.0322814670291913,0.0329297818544226,0.0743236062415737,0.1586251266426,-0.00256984899749462,0.0322393894065286,0.0328863411939207,0.0742822721267367,0.159243891976635,0.0327141666898336,10
Persistent innovation,nonlinear,awayFromReversal,100,0.1,919,0,0,0,0,0.000630853391695519,0.0601497641557208,0.0601735601814702,0.12465381910361,0.221054747762217,0.000660321684880866,0.0601463309717083,0.0601704383812589,0.124542031786852,0.2200798995915,0.0556978105777803,10
Persistent innovation,nonlinear,all,250,0.25,1280,0,0,0,0,-0.00052537343218079,0.206810606744765,0.206972920409704,0.395038920459727,0.631159558087459,-0.000522164914123793,0.206801031948402,0.206963519303917,0.395219953665161,0.6316117109316,0.196152261363974,10
Persistent innovation,nonlinear,nearReversal,250,0.25,359,0,0,0,0,0.00695539162533318,0.174582563351555,0.179515355624426,0.36742085066968,0.60796825051231,0.00698743568760214,0.17455462918869,0.179485198108894,0.367282453490094,0.607575933689623,0.17318720221167,10
Persistent innovation,nonlinear,awayFromReversal,250,0.25,921,0,0,0,0,-0.00368227560200006,0.211858124581933,0.212601053042653,0.385369315221744,0.631159558087459,-0.00369352438207536,0.211852129431933,0.212598647350787,0.385313721256569,0.6316117109316,0.20052028019212,10
Linear hybrid,nonlinear,all,1,0.001,1280,0,0,0,0,-1.4127347623127e-05,0.00042211664573294,0.000423285400957194,0.000963893071228646,0.0017441003490154,-3.31675546085738e-05,0.000614450044654023,0.000617775860765134,0.00119808597678766,0.00239503033060229,0.01856324114025,10
Linear hybrid,nonlinear,nearReversal,1,0.001,365,0,0,0,0,-2.0461464203623e-05,0.000649771986140026,0.000653554994190863,0.00121618627074683,0.0017441003490154,-1.91595870001846e-05,0.00076593913343777,0.000772313438872676,0.00145656635432026,0.00239503033060229,0.0167345926786934,10
Linear hybrid,nonlinear,awayFromReversal,1,0.001,915,0,0,0,0,-1.20656374604658e-05,0.000280784004329177,0.000283622210836491,0.00056579785952983,0.0011070047357658,-3.51131026490562e-05,0.000529032125219141,0.000535725247698566,0.00096989414246326,0.00159609180392001,0.0192119550732622,10
Linear hybrid,nonlinear,all,20,0.02,1280,0,0,0,0,-8.5772217138804e-05,0.00370790529129447,0.00371200564229083,0.00935857445191552,0.0180675275700412,-5.2256130916037e-05,0.00372294046173714,0.00372637149571855,0.00937526703392636,0.0183221044326156,0.018577613904763,10
Linear hybrid,nonlinear,nearReversal,20,0.02,363,0,0,0,0,-0.00014393182120301,0.00612080085798336,0.00613961890941329,0.0119261649565045,0.0180675275700412,-0.00011101374640571,0.00609694524794647,0.00611353874742334,0.011906680618028,0.0183221044326156,0.0167775533019827,10
Linear hybrid,nonlinear,awayFromReversal,20,0.02,917,0,0,0,0,-6.10303535356778e-05,0.00212424918812544,0.00213140092623366,0.00520863225929535,0.0142012005571492,-3.07257076193211e-05,0.00218749999671153,0.00219273003368071,0.00518255153221805,0.0147653605276206,0.0192019569811588,10
Linear hybrid,nonlinear,all,50,0.05,1280,0,0,0,0,-0.000311399078818212,0.0136377013373589,0.0136514831589175,0.0339805804392944,0.0658742938552886,-0.000307033680737868,0.0136536340684302,0.0136681635428146,0.0340330291265069,0.0666255590556293,0.0213361796614521,10
Linear hybrid,nonlinear,nearReversal,50,0.05,364,0,0,0,0,-0.000337290180717791,0.0152326078608213,0.0153540898572144,0.0322069033501746,0.0640804815039174,-0.000316124535069626,0.0152580154348097,0.0153843854619172,0.0321697103615563,0.0640688880872323,0.0197364760784842,10
Linear hybrid,nonlinear,awayFromReversal,50,0.05,916,0,0,0,0,-0.000358556592849567,0.0129443880382129,0.0129630060019815,0.0339444166768011,0.0658742938552886,-0.000362633613867003,0.012954150792069,0.0129740410861516,0.0339359368811425,0.0666255590556293,0.0219611371390096,10
Linear hybrid,nonlinear,all,100,0.1,1280,0,0,0,0,-0.000987616539984744,0.0383244685721297,0.0383672563311213,0.0878759906753357,0.163534115566524,-0.000956796954263137,0.0383147446010327,0.0383568499237247,0.0878755134588821,0.163045318125115,0.0395689568241589,10
Linear hybrid,nonlinear,nearReversal,100,0.1,361,0,0,0,0,-0.00232832397039435,0.024555235944206,0.0250303199067744,0.0565667186922077,0.125216844917996,-0.0023023731471472,0.0245310321885781,0.0250037625299507,0.0567059404552844,0.124547490281357,0.0287370383685393,10
Linear hybrid,nonlinear,awayFromReversal,100,0.1,919,0,0,0,0,-0.000511660108950596,0.0422378007004597,0.0422609861909347,0.0906171126025149,0.163534115566524,-0.00048219181576525,0.0422363117380326,0.042258677546782,0.0906679655383183,0.163045318125115,0.042919545896743,10
Linear hybrid,nonlinear,all,250,0.25,1280,0,0,0,0,-0.00389012726312542,0.13207665843476,0.132287575869212,0.244750792212008,0.460790173733469,-0.00388691874506842,0.132068052411252,0.132278128517921,0.244739446950504,0.460397856910782,0.132325478321705,10
Linear hybrid,nonlinear,nearReversal,250,0.25,359,0,0,0,0,-0.00231813307472967,0.111836814453934,0.114551941462467,0.235047532029456,0.460790173733469,-0.0022860890124607,0.111814687698955,0.114524629347203,0.234991510166799,0.460397856910782,0.11487733683165,10
Linear hybrid,nonlinear,awayFromReversal,250,0.25,921,0,0,0,0,-0.00496066320122705,0.135652129827935,0.136269228702686,0.239847280723454,0.448805646529942,-0.00497191198130234,0.135649853280465,0.136268765333336,0.239595106203333,0.448825705405473,0.136261834067307,10
EDMD hybrid,nonlinear,all,1,0.001,1280,0,0,0,0,-1.43330999101057e-05,0.000422749493251548,0.000423986233225392,0.000964107668579278,0.00175722969718606,-3.33733068955524e-05,0.000614410931159646,0.000617789181281268,0.00119718869851856,0.00242393513599437,0.0185633818460226,10
EDMD hybrid,nonlinear,nearReversal,1,0.001,365,0,0,0,0,-2.34505509991587e-05,0.000650199403099798,0.000654172838412115,0.00122426946407791,0.00175722969718606,-2.21486737957203e-05,0.000766176402146925,0.000772534525507839,0.00146310107628925,0.00242393513599437,0.016734751946578,10
EDMD hybrid,nonlinear,awayFromReversal,1,0.001,915,0,0,0,0,-1.1212038821138e-05,0.000281562280151494,0.000284427876529833,0.000563745933613934,0.00111397685557932,-3.42595040097283e-05,0.000528894684890866,0.000535540921903082,0.00097611697120909,0.00161358039834442,0.0192121084739459,10
EDMD hybrid,nonlinear,all,20,0.02,1280,0,0,0,0,-8.58429206716973e-05,0.00370896365554515,0.00371336783078508,0.00937200851976526,0.0178916167408293,-5.23268344489303e-05,0.00372381386691349,0.00372763383271271,0.00937101911703474,0.0186690833979029,0.0185773829511067,10
EDMD hybrid,nonlinear,nearReversal,20,0.02,363,0,0,0,0,-0.000134150169355267,0.00612445519313589,0.00614354881711743,0.0119107181534065,0.0178916167408293,-0.000101232094557967,0.00610046228712435,0.00611744645804752,0.0118810402126042,0.0186690833979029,0.0167772545043832,10
EDMD hybrid,nonlinear,awayFromReversal,20,0.02,917,0,0,0,0,-6.54514517809303e-05,0.00212319056528585,0.00213045331811962,0.00515732908909502,0.0141995288444066,-3.51468058645736e-05,0.00218609096883161,0.0021916389324014,0.00514515686036978,0.0147636888148779,0.0192017532955179,10
EDMD hybrid,nonlinear,all,50,0.05,1280,0,0,0,0,-0.000308272543816172,0.013639524409123,0.0136543683160621,0.0339120253654829,0.0667660688986058,-0.000303907145735828,0.0136556367489933,0.013671196529521,0.0339655624689765,0.0675173340989464,0.0213360401686036,10
EDMD hybrid,nonlinear,nearReversal,50,0.05,364,0,0,0,0,-0.000179556573559958,0.0152272131905431,0.0153448293256437,0.0321565169093666,0.0639409875185743,-0.000158390927911792,0.0152525342410465,0.0153753296935646,0.0321132885687587,0.0639293941018892,0.0197366654316853,10
EDMD hybrid,nonlinear,awayFromReversal,50,0.05,916,0,0,0,0,-0.000419467195154511,0.0129494926611467,0.012971330784927,0.0339738812991914,0.0667660688986058,-0.000423544216171947,0.0129594583381019,0.0129824588669067,0.0340205824671106,0.0675173340989464,0.0219605476067379,10
EDMD hybrid,nonlinear,all,100,0.1,1280,0,0,0,0,-0.000972423503955461,0.0383195173458508,0.0383658493804772,0.0874562016584824,0.163280361444112,-0.000941603918233854,0.0383098569087447,0.0383556178100276,0.0873460648066142,0.162588170280257,0.0395638626171316,10
EDMD hybrid,nonlinear,nearReversal,100,0.1,361,0,0,0,0,-0.00196418652872335,0.024559022487732,0.025017897028924,0.0562774825473292,0.125216257236901,-0.0019382357054762,0.0245356371284337,0.0249921342355352,0.0564167043104059,0.124546902600262,0.0287420121813085,10
EDMD hybrid,nonlinear,awayFromReversal,100,0.1,919,0,0,0,0,-0.000638779955710183,0.0422361118258752,0.0422615837833145,0.0907219145680282,0.163280361444112,-0.000609311662524837,0.0422345406052854,0.0422592498587901,0.0909148266716805,0.162588170280257,0.0429086532593613,10
EDMD hybrid,nonlinear,all,250,0.25,1280,0,0,0,0,-0.00399025743058583,0.132002010837453,0.132233191759712,0.244809749265638,0.46273025853438,-0.00398704891252883,0.131993376487616,0.132223680333027,0.244700290581717,0.462337941711693,0.132276085448337,10
EDMD hybrid,nonlinear,nearReversal,250,0.25,359,0,0,0,0,-0.00299839337373189,0.111717983082278,0.114468662595863,0.233166695169272,0.46273025853438,-0.00296634931146292,0.111695996478048,0.114441306910926,0.233136650100315,0.462337941711693,0.114767378702526,10
EDMD hybrid,nonlinear,awayFromReversal,250,0.25,921,0,0,0,0,-0.00481970454057388,0.13561754268757,0.136205026306649,0.239636722924393,0.447463059892696,-0.00483095332064917,0.13561543623552,0.136204623823049,0.239509699470293,0.447483118768227,0.136214446996016,10
Weighted linear hybrid,nonlinear,all,1,0.001,1280,0,0,0,0,5.08962714263584e-05,0.00323447882011033,0.00331681735516764,0.0100810391276684,0.0215537803189958,3.18560644409116e-05,0.0032629163892117,0.00334245284385319,0.0100538630678753,0.0215863821587841,0.0184227415190676,10
Weighted linear hybrid,nonlinear,nearReversal,1,0.001,365,0,0,0,0,0.000203702678500931,0.0020042203015362,0.00203018896425851,0.00516496997612007,0.0202797471646266,0.00020500455570437,0.00206272568913172,0.00209185318718332,0.00518951910820873,0.0209732861603601,0.016645082389515,10
Weighted linear hybrid,nonlinear,awayFromReversal,1,0.001,915,0,0,0,0,-1.52670074329927e-05,0.00325995908242533,0.00338900039277612,0.00932641001959373,0.0215537803189958,-3.83144726215831e-05,0.00328858967658645,0.00341432910280801,0.00940386046118328,0.0215863821587841,0.0190523273826348,10
Weighted linear hybrid,nonlinear,all,20,0.02,1280,0,0,0,0,1.49738125046166e-05,0.00609146092596939,0.00619531350081076,0.0158990377410756,0.0323442766262468,4.84898987273836e-05,0.00609734243494692,0.00619967481039416,0.0158653027542633,0.0327643309303713,0.0188462513937483,10
Weighted linear hybrid,nonlinear,nearReversal,20,0.02,363,0,0,0,0,0.000362957351721504,0.00721597834911221,0.00727380926357594,0.0146241363086661,0.0303656056479937,0.000395875426518804,0.00718819615895823,0.00724730882586788,0.014568754032831,0.0300257980335442,0.0169886868424786,10
Weighted linear hybrid,nonlinear,awayFromReversal,20,0.02,917,0,0,0,0,-0.000121598977567438,0.00522392037626127,0.00541284618129733,0.0153004832671526,0.0323442766262468,-9.12943316510814e-05,0.00525319539830128,0.00543821731831961,0.0151358175059033,0.0327643309303713,0.0194911787701951,10
Weighted linear hybrid,nonlinear,all,50,0.05,1280,0,0,0,0,-9.94270122796709e-05,0.0166551948334728,0.0168330508033661,0.0408278950952257,0.0670349144209904,-9.50616141993266e-05,0.0166647615714335,0.0168471837481508,0.0407560036314643,0.0670706252530878,0.0233237235471355,10
Weighted linear hybrid,nonlinear,nearReversal,50,0.05,364,0,0,0,0,0.00114222071599358,0.0174067274302629,0.0175816534845604,0.0380324750855314,0.0640804815039174,0.00116338636164175,0.0174151058684473,0.0175934742280711,0.0379174863549758,0.0640688880872323,0.0214710630451381,10
Weighted linear hybrid,nonlinear,awayFromReversal,50,0.05,916,0,0,0,0,-0.000681456008157393,0.016112172922497,0.0164253770416072,0.0418241940452147,0.0670349144209904,-0.000685533029174829,0.0161231118241959,0.0164416803421612,0.0417636147686914,0.0670706252530878,0.0240175805565354,10
Weighted linear hybrid,nonlinear,all,100,0.1,1280,0,0,0,0,-0.000606982285654149,0.040928588502356,0.0412057164995476,0.0918972878173557,0.163534115566524,-0.000576162699932542,0.0409174420725766,0.0411933736120073,0.0917583397387549,0.163045318125115,0.0425523568242884,10
Weighted linear hybrid,nonlinear,nearReversal,100,0.1,361,0,0,0,0,0.000608448804701834,0.0287288659743087,0.029803550737651,0.0689940333016357,0.119471364066172,0.000634399627948983,0.0287064639534795,0.0297852783078974,0.0689838132098548,0.120090129400208,0.0334060792205236,10
Weighted linear hybrid,nonlinear,awayFromReversal,100,0.1,919,0,0,0,0,-0.0013984980172184,0.0443802297210493,0.0447264229114821,0.0947409180053043,0.163534115566524,-0.00136902972403305,0.0443732481098996,0.0447172940002882,0.0946879165738965,0.163045318125115,0.0455446856222473,10
Weighted linear hybrid,nonlinear,all,250,0.25,1280,0,0,0,0,-0.00335350820854418,0.129133153357779,0.129723736737011,0.239369527961427,0.460790173733469,-0.00335029969048718,0.129123233232172,0.129715083042412,0.239121399231672,0.460397856910782,0.130182608994241,10
Weighted linear hybrid,nonlinear,nearReversal,250,0.25,359,0,0,0,0,-0.0061615671385698,0.110281967497987,0.114707513255163,0.235047532029456,0.460790173733469,-0.00612952307630084,0.110231560113419,0.114656779440416,0.234991510166799,0.460397856910782,0.115443549051662,10
Weighted linear hybrid,nonlinear,awayFromReversal,250,0.25,921,0,0,0,0,-0.0031894972886613,0.131902968509278,0.132935640943712,0.234966935744454,0.448805646529942,-0.00320074606873659,0.131902643776569,0.13293948391453,0.234968869717917,0.448825705405473,0.13338885548366,10
Weighted EDMD hybrid,nonlinear,all,1,0.001,1280,0,0,0,0,5.0627190181098e-05,0.00323480025630192,0.00331694783253141,0.0100810391276684,0.0215537803189958,3.15869831956513e-05,0.00326313048677279,0.00334248372601347,0.0100538630678753,0.0215863821587841,0.0184228507105864,10
Weighted EDMD hybrid,nonlinear,nearReversal,1,0.001,365,0,0,0,0,0.000200478555948755,0.00200526545266193,0.00203108763618155,0.00517047045474862,0.0202797471646266,0.000201780433152194,0.00206368612305322,0.00209258030045372,0.00519437047512105,0.0209732861603601,0.0166452338843563,10
Weighted EDMD hybrid,nonlinear,awayFromReversal,1,0.001,915,0,0,0,0,-1.44053003199038e-05,0.00326018183018266,0.00338906522605819,0.00932694639321722,0.0215537803189958,-3.74527655084942e-05,0.00328872230823654,0.00341429328801063,0.00940896692166867,0.0215863821587841,0.0190524412881361,10
Weighted EDMD hybrid,nonlinear,all,20,0.02,1280,0,0,0,0,1.38288203809671e-05,0.00609446933963231,0.00619678211867551,0.0158794142767401,0.0323442766262468,4.73449066037342e-05,0.00610022569727897,0.00620104053391494,0.0159079609697309,0.0327643309303713,0.0188460797892548,10
Weighted EDMD hybrid,nonlinear,nearReversal,20,0.02,363,0,0,0,0,0.000369794202193347,0.00721921987177665,0.00727871994267107,0.0146165697359745,0.0303656056479937,0.000402712276990647,0.00719128038217317,0.00725212229900952,0.0145623065060962,0.0300257980335442,0.0169884829563982,10
Weighted EDMD hybrid,nonlinear,awayFromReversal,20,0.02,917,0,0,0,0,-0.000126467533608453,0.00522633305671823,0.00541197220431437,0.0153015093615815,0.0323442766262468,-9.61628876920961e-05,0.00525528137887864,0.00543707890235445,0.0151307818117294,0.0327643309303713,0.0194910111393473,10
Weighted EDMD hybrid,nonlinear,all,50,0.05,1280,0,0,0,0,-0.000100872365223277,0.0166632102514675,0.016836977985259,0.0409200086359428,0.0670349144209904,-9.65069671429325e-05,0.0166729714746351,0.0168512765957429,0.0408019327259346,0.0675173340989464,0.0233230561176827,10
Weighted EDMD hybrid,nonlinear,nearReversal,50,0.05,364,0,0,0,0,0.0012861867522964,0.0173910529110828,0.0175780400956235,0.0380239806964959,0.0639409875185743,0.00130735239794457,0.0173994094089312,0.0175900954461468,0.0379089919659404,0.0639293941018892,0.0214708324610513,10
Weighted EDMD hybrid,nonlinear,awayFromReversal,50,0.05,916,0,0,0,0,-0.000743914943367227,0.0161240281097333,0.0164340955146885,0.0418261301070896,0.0670349144209904,-0.000747991964384663,0.0161352161823084,0.0164505526272632,0.0418342045940153,0.0675173340989464,0.0240167696256573,10
Weighted EDMD hybrid,nonlinear,all,100,0.1,1280,0,0,0,0,-0.000607329395256387,0.0409407387200997,0.0412101816985779,0.0920368356326626,0.163280361444112,-0.00057650980953478,0.040929546510224,0.0411978625021332,0.0918240508399456,0.162588170280257,0.0425493097188225,10
Weighted EDMD hybrid,nonlinear,nearReversal,100,0.1,361,0,0,0,0,0.000946635451455723,0.0287305300633047,0.0298064511517799,0.0688819792819359,0.120908479998337,0.000972586274702873,0.0287084231253486,0.0297886163450367,0.068871759190155,0.121527245332373,0.0334189966830111,10
Weighted EDMD hybrid,nonlinear,awayFromReversal,100,0.1,919,0,0,0,0,-0.00153840781236238,0.0443883604441265,0.044727962597635,0.0948593559624989,0.163280361444112,-0.00150893951917703,0.0443812163309723,0.0447186877135612,0.0950064485049757,0.162588170280257,0.0455331267987993,10
Weighted EDMD hybrid,nonlinear,all,250,0.25,1280,0,0,0,0,-0.00352057456265818,0.129089509272108,0.129683377700521,0.238976155573946,0.46273025853438,-0.00351736604460119,0.129079600471312,0.129674685361565,0.238798980958723,0.462337941711693,0.130142788582424,10
Weighted EDMD hybrid,nonlinear,nearReversal,250,0.25,359,0,0,0,0,-0.00687450988116905,0.110294660436328,0.114683918369048,0.233166695169272,0.46273025853438,-0.00684246581890008,0.110244281696543,0.114632861225079,0.233136650100315,0.462337941711693,0.115392407828201,10
Weighted EDMD hybrid,nonlinear,awayFromReversal,250,0.25,921,0,0,0,0,-0.00312572700062541,0.131870210432182,0.13287163361856,0.23400240919129,0.447463059892696,-0.0031369757807007,0.13187013062446,0.132875601479339,0.234063499254763,0.447483118768227,0.133337160312384,10
Nominal physics,stress,all,1,0.001,1280,0,0,0,0,3.1096260931578e-05,0.034393387367726,0.0346285847688613,0.060081535110353,0.0986575040233071,2.32593276874145e-05,0.0344107405843642,0.0346470762170039,0.0602393473131626,0.0982098286593424,0.0346285847688613,10
Nominal physics,stress,nearReversal,1,0.001,569,0,0,0,0,-0.000785792399068813,0.0324720047868496,0.0327425040148653,0.057753088717974,0.0888644809886513,-0.000790101070149307,0.0324867890825805,0.0327611930623767,0.0578203328959201,0.0895494987914213,0.0327425040148653,10
Nominal physics,stress,awayFromReversal,1,0.001,711,0,0,0,0,0.000528591134955147,0.0354269153463305,0.0357918502119524,0.0603848889433787,0.0986575040233071,0.000516071663550717,0.035442447068172,0.0358096945953614,0.0605381818902711,0.0982098286593424,0.0357918502119524,10
Nominal physics,stress,all,20,0.02,1280,0,0,0,0,0.000136381720878801,0.0519264091968325,0.0523059157256678,0.0916692002124098,0.150617631747282,0.000140396817583013,0.0519037724919651,0.0522835790860663,0.0919211185008527,0.149906755248873,0.0523059157256678,10
Nominal physics,stress,nearReversal,20,0.02,570,0,0,0,0,-0.000900754141325928,0.0499544865767572,0.0504776911670115,0.0885754981056735,0.136925265329634,-0.000893502745180836,0.0499162574427427,0.0504368766402876,0.088524681519435,0.136509986676711,0.0504776911670115,10
Nominal physics,stress,awayFromReversal,20,0.02,710,0,0,0,0,0.00071749399893822,0.0527135967370864,0.0533007731030663,0.0911259885368576,0.150617631747282,0.000718801074369629,0.0527003754886105,0.0532897183498574,0.0913266788830197,0.149906755248873,0.0533007731030663,10
Nominal physics,stress,all,50,0.05,1280,0,0,0,0,0.000603864887354846,0.106417846783038,0.10727394305023,0.188597083083274,0.311568745345749,0.000624529740055257,0.106433876613269,0.107291319887962,0.188783153638482,0.311278141556725,0.10727394305023,10
Nominal physics,stress,nearReversal,50,0.05,557,0,0,0,0,0.000359662812126425,0.107762051695843,0.109427108737153,0.185407819269083,0.291231492702709,0.000379758475559281,0.107769540979379,0.109437170699636,0.185375641150163,0.290565848600698,0.109427108737153,10
Nominal physics,stress,awayFromReversal,50,0.05,723,0,0,0,0,0.000639225258400622,0.103159409041695,0.10455552367087,0.186411508715434,0.311568745345749,0.000657830955179818,0.103178929258789,0.104576670581672,0.186590206482371,0.311278141556725,0.10455552367087,10
Nominal physics,stress,all,100,0.1,1280,0,0,0,0,0.00211559170508916,0.190495586242122,0.192316905780628,0.346463188742603,0.579106936551411,0.00212121901799728,0.190470279614192,0.192292214802191,0.346496623069943,0.579371116315527,0.192316905780628,10
Nominal physics,stress,nearReversal,100,0.1,569,0,0,0,0,0.0047745188380926,0.206125328305055,0.209547739301171,0.361949599052116,0.578561994509868,0.00478299838420949,0.206085239129303,0.209506047090801,0.361812858203964,0.578146715856945,0.209547739301171,10
Nominal physics,stress,awayFromReversal,100,0.1,711,0,0,0,0,0.00127409276305515,0.172119906633847,0.175054754675334,0.329248451300914,0.579106936551411,0.00127775679025588,0.172101379273673,0.175039938529025,0.329450594563673,0.579371116315527,0.175054754675334,10
Nominal physics,stress,all,250,0.25,1280,0,0,0,0,0.00735897718049419,0.353949835002252,0.359880127185173,0.671668300623228,1.23132124431571,0.00737576278685949,0.353960898417921,0.359891916817602,0.671612910879672,1.23062659420799,0.359880127185173,10
Nominal physics,stress,nearReversal,250,0.25,566,0,0,0,0,0.0202789609274521,0.368606313305135,0.375609936423754,0.725638515887496,1.23132124431571,0.0203008991674379,0.368608454985824,0.375616522920984,0.725909038421595,1.23062659420799,0.375609936423754,10
Nominal physics,stress,awayFromReversal,250,0.25,714,0,0,0,0,-0.00172274617720252,0.338467211455359,0.345647131296037,0.631807966449074,1.22544076090125,-0.00171255784561117,0.338484487169395,0.345665483271615,0.631722453831679,1.22599540678998,0.345647131296037,10
Persistent innovation,stress,all,1,0.001,1280,0,0,0,0,2.97429678527279e-05,0.00592413088957626,0.0059280096619568,0.0143651416187966,0.0245258515399635,2.19060346085643e-05,0.00595309252598964,0.00595686361210933,0.0143317514318558,0.0243267440296995,0.0413675935172692,10
Persistent innovation,stress,nearReversal,1,0.001,569,0,0,0,0,-6.96889170882695e-05,0.00829061032406006,0.00830076578917433,0.0157610054527436,0.0245258515399635,-7.39975881687633e-05,0.0083221096613686,0.0083312193274978,0.0157997768261096,0.0243267440296995,0.039217024306108,10
Persistent innovation,stress,awayFromReversal,1,0.001,711,0,0,0,0,0.000127686703205206,0.00293809296453982,0.00294929840051264,0.00691145209480575,0.0171126494392968,0.000115167231800776,0.00298088720003527,0.00299086761543218,0.00719725791523589,0.0169745747746145,0.0426773145402781,10
Persistent innovation,stress,all,20,0.02,1280,0,0,0,0,0.000134323048816408,0.0195863155300187,0.0195994562179973,0.0456722050732683,0.0808816581417482,0.000138338145520621,0.0195958856826582,0.019609441325195,0.0457660287846118,0.0806062242298158,0.0421583048565016,10
Persistent innovation,stress,nearReversal,20,0.02,570,0,0,0,0,-0.00020091649348067,0.0249928636421577,0.0250333088133967,0.0487092999614147,0.0808816581417482,-0.000193665097335577,0.0250043593455149,0.0250461534274211,0.0489959317502695,0.0806062242298158,0.0403259516329076,10
Persistent innovation,stress,awayFromReversal,20,0.02,710,0,0,0,0,0.000425133436637296,0.0137817757760569,0.0138313640817873,0.0335586773873056,0.0679104250862106,0.000426440512068704,0.0137893547605256,0.0138396628003583,0.0337007924640548,0.0684050652052118,0.0432379458986773,10
Persistent innovation,stress,all,50,0.05,1280,0,0,0,0,0.000599520024472824,0.0609221352896695,0.0609686812003982,0.133662914627817,0.235293008765936,0.000620184877173234,0.0609090256425635,0.0609569119208591,0.133413667653069,0.235562730106922,0.0614452070358759,10
Persistent innovation,stress,nearReversal,50,0.05,557,0,0,0,0,-0.00178170117311961,0.053243225483029,0.0534376687048511,0.10909089130861,0.181568588285476,-0.00176160550968675,0.053218343627548,0.0534092340855114,0.109018828378176,0.182058353536406,0.0526650533858332,10
Persistent innovation,stress,awayFromReversal,50,0.05,723,0,0,0,0,0.00228605048083047,0.0657873375750865,0.0660295529024065,0.139674060414277,0.235293008765936,0.00230465617760966,0.0657829363337727,0.0660267041169818,0.139535871492828,0.235562730106922,0.0667440207840156,10
Persistent innovation,stress,all,100,0.1,1280,0,0,0,0,0.0021072428445183,0.161113814598721,0.161267797707523,0.324968433863174,0.501110848354284,0.00211287015742643,0.161097714825224,0.161252030163448,0.325010100541484,0.501773076191088,0.145278336306078,10
Persistent innovation,stress,nearReversal,100,0.1,569,0,0,0,0,-0.00886845876184696,0.132378607035238,0.133111749740933,0.281322388067123,0.476103823506918,-0.00885997921573008,0.132385698464952,0.133119256381652,0.28130786705869,0.476562480129693,0.123128761152184,10
Persistent innovation,stress,awayFromReversal,100,0.1,711,0,0,0,0,0.0106310740363876,0.179696330849214,0.18037376152527,0.33296013710951,0.501110848354284,0.0106347380635884,0.179670413606084,0.180347202777792,0.332722748126277,0.501773076191088,0.160382613951851,10
Persistent innovation,stress,all,250,0.25,1280,0,0,0,0,0.00733845382892995,0.517700885755088,0.518358326233621,0.929258133597173,1.6066016744486,0.00735523943529525,0.517721636426999,0.518379499529667,0.92950694320282,1.60673980280793,0.487836701061718,10
Persistent innovation,stress,nearReversal,250,0.25,566,0,0,0,0,0.0146379280646605,0.497826526319893,0.507882618784586,0.926966798903594,1.6066016744486,0.0146598663046463,0.497839149353247,0.507898357478367,0.927025958121784,1.60673980280793,0.480795196625234,10
Persistent innovation,stress,awayFromReversal,250,0.25,714,0,0,0,0,0.00212726294234106,0.514668464419039,0.525050477330669,0.921748630260415,1.51160324135192,0.0021374512739324,0.514691894994205,0.525074754950139,0.922034768394543,1.51180972586319,0.491635825745544,10
Linear hybrid,stress,all,1,0.001,1280,0,0,0,0,-4.23279178042794e-06,0.000998295324365521,0.000998976971161131,0.00234318484773799,0.00422180062635658,-1.20697250245915e-05,0.00109863561252347,0.00109988607669264,0.00248666112572637,0.00437787794379307,0.0414682777713057,10
Linear hybrid,stress,nearReversal,1,0.001,569,0,0,0,0,-1.62469429946557e-05,0.00141249896646673,0.00141378155559837,0.00261530232764873,0.00422180062635658,-2.05556140751494e-05,0.00149009758614099,0.00149112331071141,0.00279174582163363,0.00437787794379307,0.0392241503162916,10
Linear hybrid,stress,awayFromReversal,1,0.001,711,0,0,0,0,8.72556964357566e-06,0.000461602407154909,0.000464553949326535,0.00098845030519779,0.00205228472715485,-3.79390176085434e-06,0.000639703714566559,0.000643635133430314,0.0013330424585831,0.00256334470247131,0.0428495104865847,10
Linear hybrid,stress,all,20,0.02,1280,0,0,0,0,4.07934263177235e-05,0.0114476048740524,0.0114561938948642,0.0275707866023919,0.0497452506205483,4.48085230219359e-05,0.011464574776662,0.0114735531106552,0.0275474772023822,0.0494698167086159,0.0414751145590911,10
Linear hybrid,stress,nearReversal,20,0.02,570,0,0,0,0,-9.11622039300065e-05,0.0154684123405191,0.0154847597630703,0.0297700923661867,0.0497452506205483,-8.39108077849137e-05,0.0154837518378448,0.0155011338819324,0.0298889139597048,0.0494698167086159,0.0397023285914176,10
Linear hybrid,stress,awayFromReversal,20,0.02,710,0,0,0,0,0.000160854538204428,0.00670357926786514,0.00674237411504279,0.0161739708148242,0.0369126765766963,0.000162161613635836,0.00672880125747526,0.00676869099648785,0.0160401329285201,0.0374616791291029,0.0425209837926237,10
Linear hybrid,stress,all,50,0.05,1280,0,0,0,0,0.000295323015551865,0.0423870727286785,0.0424234308854192,0.0966213980628261,0.158644819954067,0.000315987868252276,0.0423710842355773,0.0424086813765853,0.0964217648511528,0.158914541295054,0.0530402364560738,10
Linear hybrid,stress,nearReversal,50,0.05,557,0,0,0,0,-0.000906308973542278,0.0406911492155559,0.04079071856528,0.0852882097533122,0.152158365612702,-0.000886213310109419,0.0406627477999011,0.0407594904691675,0.0852952084950035,0.152648130863632,0.0485359276886921,10
Linear hybrid,stress,awayFromReversal,50,0.05,723,0,0,0,0,0.00115114056910665,0.0433016872804377,0.0434653961525015,0.0995782299159088,0.158644819954067,0.00116974626588585,0.0432960170726763,0.0434611552573188,0.099451834123394,0.158914541295054,0.0556194887245795,10
Linear hybrid,stress,all,100,0.1,1280,0,0,0,0,0.00116190128579655,0.117912203154504,0.118040218184692,0.24212212895188,0.394803238943127,0.00116752859870467,0.117897193562914,0.118025569566187,0.242185498539592,0.394843205249702,0.115149513176564,10
Linear hybrid,stress,nearReversal,100,0.1,569,0,0,0,0,-0.00640726311317051,0.0970319884041,0.0975328854856101,0.211465516308172,0.357950214887922,-0.00639878356705363,0.0970338914700052,0.0975350025505836,0.211363014344614,0.358408871510698,0.0981579559862263,10
Linear hybrid,stress,awayFromReversal,100,0.1,711,0,0,0,0,0.00694158350172742,0.13145106737993,0.131895976386174,0.247386963112568,0.394803238943127,0.00694524752892816,0.13143031411262,0.13187480261778,0.247399516584622,0.394843205249702,0.126737588870416,10
Linear hybrid,stress,all,250,0.25,1280,0,0,0,0,0.00265137494957134,0.350587055943412,0.35117692033679,0.627194019025601,1.15241792652761,0.00266816055593664,0.350612465284135,0.351202186645725,0.627428335327474,1.15255605488693,0.344079662049825,10
Linear hybrid,stress,nearReversal,250,0.25,566,0,0,0,0,0.00572433123259829,0.345759073684386,0.352686633262507,0.65310573310955,1.15241792652761,0.00574626947258408,0.345776271289641,0.352704660924734,0.653155548558038,1.15255605488693,0.347662085080333,10
Linear hybrid,stress,awayFromReversal,250,0.25,714,0,0,0,0,0.00101853180508269,0.341382576035392,0.349330957729614,0.606235999997551,1.01295545285385,0.00102872013667403,0.341412516098222,0.349360992056254,0.606352688642134,1.01316193736512,0.340304360250357,10
EDMD hybrid,stress,all,1,0.001,1280,0,0,0,0,-2.55501803631362e-05,0.0010008380058693,0.00100179959615751,0.00233578976522717,0.00441816351450947,-3.33871136072997e-05,0.00110021471416499,0.00110192009888748,0.00247115456782063,0.00482503361542341,0.0414683180030485,10
EDMD hybrid,stress,nearReversal,1,0.001,569,0,0,0,0,-5.58370729963333e-05,0.00141671952673364,0.00141896423299492,0.00265245142099418,0.00441816351450947,-6.01457440768271e-05,0.00149375328153413,0.00149594997124995,0.00281725418075015,0.00482503361542341,0.0392241326333545,10
EDMD hybrid,stress,awayFromReversal,1,0.001,711,0,0,0,0,1.51676670540541e-06,0.000460258935885881,0.000462775478906607,0.000993046039247627,0.00216171428474649,-1.10027046990246e-05,0.000636767691424439,0.000640802545488403,0.00132993360142504,0.00252548047143332,0.0428496588760775,10
EDMD hybrid,stress,all,20,0.02,1280,0,0,0,0,-0.000119162300655571,0.0114545735727919,0.0114639802793548,0.0272967245691866,0.0518249704653664,-0.000115147203951359,0.0114715757725836,0.0114813454585344,0.0272427996325119,0.051549536553434,0.0414746319998657,10
EDMD hybrid,stress,nearReversal,20,0.02,570,0,0,0,0,-0.000315192744515869,0.0154736076260739,0.0154927027841599,0.029999111760356,0.0518249704653664,-0.000307941348370777,0.015488718821186,0.015508719986705,0.0302225083572581,0.051549536553434,0.0397011658508452,10
EDMD hybrid,stress,awayFromReversal,20,0.02,710,0,0,0,0,4.75992503144115e-05,0.00671421694005268,0.00675158474941841,0.0161026104426829,0.0366725213070021,4.89063257458197e-05,0.00673973303165841,0.00677851118921239,0.0159390042272988,0.0371671614260033,0.0425205433363679,10
EDMD hybrid,stress,all,50,0.05,1280,0,0,0,0,-0.00035690104015818,0.0424140882632708,0.0424529717112607,0.0967170538505595,0.166736689032939,-0.00033623618745777,0.0423988579360328,0.0424387041043529,0.0966778389123071,0.167006410373926,0.0530507384300951,10
EDMD hybrid,stress,nearReversal,50,0.05,557,0,0,0,0,-0.00119779484165216,0.0407087394663108,0.040811334930613,0.0855726255998193,0.15581674365558,-0.0011776991782193,0.0406803160249341,0.0407799950904228,0.0853830362627229,0.156306508906509,0.0485604225020708,10
EDMD hybrid,stress,awayFromReversal,50,0.05,723,0,0,0,0,0.000197303373647752,0.0433368560109016,0.0434971238650936,0.0989430080061778,0.166736689032939,0.000215909070426947,0.0433325001874233,0.0434939869528197,0.0987559174849266,0.167006410373926,0.055621319882886,10
EDMD hybrid,stress,all,100,0.1,1280,0,0,0,0,-0.00110975266618148,0.11800366014633,0.118139112338415,0.241856850971767,0.408506188216059,-0.00110412535327335,0.11798868682623,0.11812441121483,0.241792434688943,0.408546154522634,0.115219479177236,10
EDMD hybrid,stress,nearReversal,100,0.1,569,0,0,0,0,-0.00798717122236218,0.0971755346079011,0.0977886939582777,0.211333697765356,0.343358821852613,-0.0079786916762453,0.0971777990563521,0.0977909915312181,0.211285572410172,0.343817478475388,0.0983417952884963,10
EDMD hybrid,stress,awayFromReversal,100,0.1,711,0,0,0,0,0.00409293166757538,0.131538879154776,0.131877241045508,0.246796083813042,0.408506188216059,0.00409659569477611,0.131518106864314,0.131856033604359,0.246834489399022,0.408546154522634,0.126714968342204,10
EDMD hybrid,stress,all,250,0.25,1280,0,0,0,0,-0.0106951938334047,0.351054333087789,0.351806426497575,0.634544100810429,1.19705025621949,-0.0106784082270394,0.351079672138803,0.351831053721284,0.634669279540242,1.19718838457881,0.344587600683963,10
EDMD hybrid,stress,nearReversal,250,0.25,566,0,0,0,0,-0.00574792152365048,0.346891841743577,0.353965946395681,0.648538938024221,1.19705025621949,-0.00572598328366469,0.346908319375304,0.353982911109968,0.648638753268484,1.19718838457881,0.348769146496008,10
EDMD hybrid,stress,awayFromReversal,250,0.25,714,0,0,0,0,-0.0138061746954994,0.341212955968992,0.349362534794935,0.623670246297188,0.94635985281652,-0.0137959863639081,0.341243230544674,0.349392380230905,0.623773793210291,0.946988256604387,0.340264379725182,10
Weighted linear hybrid,stress,all,1,0.001,1280,0,0,0,0,0.000730757618981959,0.0259799590443126,0.0264426196461884,0.0548679785099944,0.0986575040233071,0.000722920685737795,0.0259934695501241,0.026457117383034,0.0548305319388413,0.0982098286593424,0.0373649146445899,10
Weighted linear hybrid,stress,nearReversal,1,0.001,569,0,0,0,0,0.000282598326642432,0.0243840920742108,0.0247484234327562,0.0539052412023654,0.0888644809886513,0.000278289655561938,0.0243955784878084,0.024765045081635,0.0538680102139408,0.0895494987914213,0.0354582686745357,10
Weighted linear hybrid,stress,awayFromReversal,1,0.001,711,0,0,0,0,0.00100726079161017,0.026635047179601,0.0273236354453335,0.0532473000193812,0.0986575040233071,0.000994741320205744,0.0266514455175493,0.0273394119635586,0.0534469316463535,0.0982098286593424,0.0385653769893961,10
Weighted linear hybrid,stress,all,20,0.02,1280,0,0,0,0,0.00116424273379095,0.0402594488110111,0.0409454896953174,0.0855638898777544,0.150617631747282,0.00116825783049516,0.0402398164660239,0.0409263467420091,0.0857733092724415,0.149906755248873,0.0484322087418268,10
Weighted linear hybrid,stress,nearReversal,20,0.02,570,0,0,0,0,0.00134048838451425,0.0406395087865316,0.0414939109954661,0.0843119478867383,0.136925265329634,0.00134773978065934,0.0405997592211002,0.0414515531963661,0.0843320373361011,0.136509986676711,0.0469729394742334,10
Weighted linear hybrid,stress,awayFromReversal,20,0.02,710,0,0,0,0,0.000804441479347738,0.0387122444181746,0.0395630120576466,0.0858815871754004,0.150617631747282,0.000805748554779146,0.0387057965918879,0.039561696181034,0.0861025615450055,0.149906755248873,0.0491259862958695,10
Weighted linear hybrid,stress,all,50,0.05,1280,0,0,0,0,0.00263251874127382,0.0860120447216633,0.0874079278743331,0.178519023224943,0.311568745345749,0.00265318359397423,0.0860238439395045,0.0874191998969475,0.178448228614119,0.311278141556725,0.0899291127607575,10
Weighted linear hybrid,stress,nearReversal,50,0.05,557,0,0,0,0,0.00556578957886892,0.0892559523184363,0.0923152117942047,0.17955571759123,0.291231492702709,0.00558588524230179,0.0892635775154858,0.0923242536473598,0.179520689065098,0.290565848600698,0.09384895163622,10
Weighted linear hybrid,stress,awayFromReversal,50,0.05,723,0,0,0,0,0.000165584253816522,0.0802948851915897,0.0814439945799163,0.174193922195374,0.311568745345749,0.000184189950595719,0.0803073419233214,0.0814569731977295,0.174370058909115,0.311278141556725,0.085326074467323,10
Weighted linear hybrid,stress,all,100,0.1,1280,0,0,0,0,0.00537903710359573,0.164476452910413,0.166991734144698,0.32680839064079,0.579106936551411,0.00538466441650385,0.164455543694528,0.166971853307299,0.326810309446329,0.579371116315527,0.166677668448214,10
Weighted linear hybrid,stress,nearReversal,100,0.1,569,0,0,0,0,0.00450287519801706,0.174430474729566,0.179176348341098,0.347245505748147,0.578561994509868,0.00451135474413395,0.174405320345851,0.179152481611893,0.347080769981353,0.578146715856945,0.179580624917811,10
Weighted linear hybrid,stress,awayFromReversal,100,0.1,711,0,0,0,0,0.00761855639555032,0.153107602158973,0.155319289885743,0.300535314042672,0.579106936551411,0.00762222042275105,0.153084155414548,0.155297069092932,0.300594875034711,0.579371116315527,0.154347206359186,10
Weighted linear hybrid,stress,all,250,0.25,1280,0,0,0,0,0.00865519497766926,0.346529219560513,0.352041506674178,0.660266270123682,1.23132124431571,0.00867198058403455,0.34654050851057,0.352051889450294,0.660327023411071,1.23062659420799,0.350566558921415,10
Weighted linear hybrid,stress,nearReversal,250,0.25,566,0,0,0,0,0.0128206651889665,0.358878280210413,0.366366738181107,0.716165183969095,1.23132124431571,0.0128426034289523,0.358885694204568,0.366374182263016,0.71624641194158,1.23062659420799,0.365933828202611,10
Weighted linear hybrid,stress,awayFromReversal,250,0.25,714,0,0,0,0,0.00291340789383632,0.32982782057915,0.340494803625314,0.618218122376145,1.22544076090125,0.00292359622542767,0.329842301293573,0.34050980402685,0.618249439563783,1.22599540678998,0.338061480048551,10
Weighted EDMD hybrid,stress,all,1,0.001,1280,0,0,0,0,0.000715484855343135,0.0259810653232622,0.0264427873228803,0.0548679785099944,0.0986575040233071,0.000707647922098972,0.0259945511371843,0.0264572818990297,0.0548248005323289,0.0982098286593424,0.0373648629639477,10
Weighted EDMD hybrid,stress,nearReversal,1,0.001,569,0,0,0,0,0.000254552370511294,0.0243853314513619,0.0247488175997331,0.0539052412023654,0.0888644809886513,0.0002502436994308,0.0243968326399599,0.0247654738211892,0.0538622788074283,0.0895494987914213,0.0354579673274798,10
Weighted EDMD hybrid,stress,awayFromReversal,1,0.001,711,0,0,0,0,0.0010019227300551,0.026635722881655,0.0273236362366449,0.0532516464369309,0.0986575040233071,0.000989403258650669,0.0266520620432065,0.0273393747148209,0.0534458300783577,0.0982098286593424,0.0385654764920014,10
Weighted EDMD hybrid,stress,all,20,0.02,1280,0,0,0,0,0.00105312193254542,0.0402705952924252,0.0409505491345861,0.0855389806438469,0.150617631747282,0.00105713702924963,0.0402510327581415,0.0409315199481123,0.085769222475899,0.149906755248873,0.0484317648491252,10
Weighted EDMD hybrid,stress,nearReversal,20,0.02,570,0,0,0,0,0.00119210702324044,0.0406571844416143,0.0415031592786157,0.0843214685499966,0.136925265329634,0.00119935841938553,0.0406175148632444,0.041460866843751,0.0843207355619944,0.136509986676711,0.0469726402604482,10
Weighted EDMD hybrid,stress,awayFromReversal,20,0.02,710,0,0,0,0,0.0007213876093395,0.0387154676525996,0.0395650313899195,0.0859175438321263,0.150617631747282,0.000722694684770908,0.0387090261134583,0.0395638384945304,0.0861261676466244,0.149906755248873,0.0491254276653388,10
Weighted EDMD hybrid,stress,all,50,0.05,1280,0,0,0,0,0.00220682390754431,0.0860619716561209,0.0874354833396454,0.178497017990568,0.311568745345749,0.00222748876024472,0.0860741626276484,0.0874470898572848,0.178426223379744,0.311278141556725,0.089940117019149,10
Weighted EDMD hybrid,stress,nearReversal,50,0.05,557,0,0,0,0,0.00547040831984544,0.0892873475889303,0.0923352508209936,0.17955491868781,0.291231492702709,0.0054905039832783,0.0892950245901245,0.0923443055316759,0.179519890161679,0.290565848600698,0.0938590220802499,10
Weighted EDMD hybrid,stress,awayFromReversal,50,0.05,723,0,0,0,0,-0.000525823018648638,0.0803236986196602,0.0814789293345575,0.173988387994296,0.311568745345749,-0.000507217321869443,0.0803368483178591,0.0814926743871783,0.174164524708036,0.311278141556725,0.0853367597808378,10
Weighted EDMD hybrid,stress,all,100,0.1,1280,0,0,0,0,0.00403441613205722,0.164640303268391,0.167090178427157,0.327185553278222,0.579106936551411,0.00404004344496535,0.164619756173672,0.167070712471846,0.327187472083761,0.579371116315527,0.166746342724383,10
Weighted EDMD hybrid,stress,nearReversal,100,0.1,569,0,0,0,0,0.00356127892980397,0.174601356342972,0.179384335420873,0.347405594252451,0.578561994509868,0.00356975847592085,0.174576477188514,0.179360722328587,0.347240858485657,0.578146715856945,0.179712497688775,10
Weighted EDMD hybrid,stress,awayFromReversal,100,0.1,711,0,0,0,0,0.00593232514158549,0.153257492748797,0.155335182936205,0.299508850151714,0.579106936551411,0.00593598916878622,0.153234550070001,0.155313538852905,0.29967401277449,0.579371116315527,0.15436678512698,10
Weighted EDMD hybrid,stress,all,250,0.25,1280,0,0,0,0,0.00248314231493801,0.346809649075822,0.352165193474605,0.660592518935122,1.23132124431571,0.0024999279213033,0.346821169956029,0.352175596047702,0.66071525896217,1.23062659420799,0.350690991973736,10
Weighted EDMD hybrid,stress,nearReversal,250,0.25,566,0,0,0,0,0.00729635875831838,0.359453950069455,0.366700570937695,0.710016973240176,1.23132124431571,0.00731829699830416,0.359461718704927,0.366708012675104,0.710098201212662,1.23062659420799,0.366240903758573,10
Weighted EDMD hybrid,stress,awayFromReversal,250,0.25,714,0,0,0,0,-0.00374590826015749,0.329863215252942,0.340443608567016,0.6222636819752,1.22544076090125,-0.00373571992856614,0.329877827045558,0.340458597904798,0.622222763850359,1.22599540678998,0.338020990878298,10
Nominal physics,nonlinear_transient,all,1,0.001,768,0,0,0,0,0.00293003284467036,0.0191671059379867,0.0193901346890095,0.0311293884100929,0.0375370610928181,0.00292057985218004,0.0191710944073916,0.0193926031044157,0.0312010698678218,0.0380705678035287,0.0193901346890095,6
Nominal physics,nonlinear_transient,nearReversal,1,0.001,90,0,0,0,0,0.00146997728446918,0.0104891855261795,0.0106428408075549,0.0216732131807402,0.0276158055871312,0.00149960687377951,0.0104479237840319,0.0106045234666594,0.0211150829222098,0.0275221281244377,0.0106428408075549,6
Nominal physics,nonlinear_transient,awayFromReversal,1,0.001,678,0,0,0,0,0.00312384552965282,0.0200208350872412,0.0202636197755487,0.0311912219937342,0.0375370610928181,0.00310920458382613,0.0200280920782817,0.0202684844044126,0.0314172418980918,0.0380705678035287,0.0202636197755487,6
Nominal physics,nonlinear_transient,all,20,0.02,768,0,0,0,0,0.00408987570962534,0.0293236779279089,0.0296080831835112,0.0473481252426338,0.0569932319482132,0.00410008371610192,0.0293410004999629,0.0296267200245938,0.0475876524533205,0.057431499465973,0.0296080831835112,6
Nominal physics,nonlinear_transient,nearReversal,20,0.02,91,0,0,0,0,0.00317234352699105,0.0147431181553298,0.0151616209645294,0.0302889133439855,0.0373900824558971,0.00326249085569596,0.014804775585922,0.0152365455034998,0.030502219239383,0.0368153339078828,0.0151616209645294,6
Nominal physics,nonlinear_transient,awayFromReversal,20,0.02,677,0,0,0,0,0.00421229447960777,0.0307451608049319,0.0310332002352174,0.0474795804927822,0.0569932319482132,0.00421201204388571,0.0307602223121193,0.0310482230114045,0.0476553102468237,0.057431499465973,0.0310332002352174,6
Nominal physics,nonlinear_transient,all,50,0.05,768,0,0,0,0,0.00777485215864192,0.0620954497033567,0.062581419139767,0.0998712423188953,0.120423180431158,0.00776964262723925,0.0621008368956878,0.0625864470058841,0.100049407095172,0.120363753297718,0.062581419139767,6
Nominal physics,nonlinear_transient,nearReversal,50,0.05,90,0,0,0,0,0.00862712595607113,0.0259354497068895,0.0274874533788158,0.051178991431544,0.0567814298821069,0.00850611648250416,0.0259574403391055,0.0274742570419496,0.0511575876855606,0.0561353345031931,0.0274874533788158,6
Nominal physics,nonlinear_transient,awayFromReversal,50,0.05,678,0,0,0,0,0.00766171846871769,0.0653839203449512,0.0658337478549604,0.100033223037433,0.120423180431158,0.00767188061105364,0.0653877183129143,0.0658392254365927,0.100194157647531,0.120363753297718,0.0658337478549604,6
Nominal physics,nonlinear_transient,all,100,0.1,768,0,0,0,0,0.0122102886951616,0.11950824276824,0.120132442852022,0.192066025579653,0.231736113080471,0.0122227476294873,0.119519841136749,0.120145394365888,0.192262819212915,0.232064344839602,0.120132442852022,6
Nominal physics,nonlinear_transient,nearReversal,100,0.1,91,0,0,0,0,0.0229121484239429,0.0460908933372374,0.0516933954098568,0.0925457585730634,0.118918223667374,0.0230022957526478,0.046134504545883,0.0517659296065139,0.0927310428911975,0.119213024873762,0.0516933954098568,6
Nominal physics,nonlinear_transient,awayFromReversal,100,0.1,677,0,0,0,0,0.0107739888476091,0.126076177312416,0.126539492788484,0.192399081680993,0.231736113080471,0.0107762944438229,0.126085655210463,0.126549358329881,0.192701736877679,0.232064344839602,0.126539492788484,6
Nominal physics,nonlinear_transient,all,250,0.25,768,0,0,0,0,0.00942094744995456,0.291018577997575,0.29117766020734,0.475351156276855,0.570077835475085,0.0094140813647407,0.291009362016546,0.291168584054079,0.475406350075374,0.570628649232693,0.29117766020734,6
Nominal physics,nonlinear_transient,nearReversal,250,0.25,90,0,0,0,0,0.0722489851989946,0.114233773413196,0.135343460253955,0.232043982796836,0.302560168383971,0.0721279757254276,0.114263780988886,0.13530571762995,0.231832199888605,0.30243392521515,0.135343460253955,6
Nominal physics,nonlinear_transient,awayFromReversal,250,0.25,678,0,0,0,0,0.00108094243902005,0.305903534780853,0.30592312937549,0.476681956567841,0.570077835475085,0.0010892281310212,0.305895637280255,0.305915849006413,0.476667871573098,0.570628649232693,0.30592312937549,6
Persistent innovation,nonlinear_transient,all,1,0.001,768,0,0,0,0,-0.0001925153852467,0.00135809694730603,0.00137171742358967,0.00332579732741783,0.00831864340896149,-0.000201968377737024,0.00143186669617826,0.00144660250657863,0.0033837299727906,0.0088781888065439,0.0232024283595411,6
Persistent innovation,nonlinear_transient,nearReversal,1,0.001,90,0,0,0,0,-0.000650037765417161,0.00222623424865508,0.00232194941716181,0.00383458952547818,0.00506265566359265,-0.000620408176106836,0.00221951653706626,0.00231510711107197,0.00422013830362783,0.00582601461556775,0.0124627732344501,6
Persistent innovation,nonlinear_transient,awayFromReversal,1,0.001,678,0,0,0,0,-0.000131782325932037,0.00117255606693682,0.00118009755341718,0.00262879101452687,0.00831864340896149,-0.00014642327175873,0.00127035992063185,0.00127910934254967,0.00272103660391255,0.0088781888065439,0.0242666440637752,6
Persistent innovation,nonlinear_transient,all,20,0.02,768,0,0,0,0,-0.000660243022892088,0.00438427124232351,0.00443381911690832,0.0106817557356767,0.0275189159026587,-0.000650035016415505,0.00441730794590232,0.00446528823619874,0.0107118894680115,0.0275224551971541,0.0234612310803284,6
Persistent innovation,nonlinear_transient,nearReversal,20,0.02,91,0,0,0,0,-0.00188629782207764,0.00661092492854595,0.00688600030658255,0.0125666533794219,0.016990690291052,-0.00179615049337273,0.00667085967540066,0.00691746675903937,0.0127841840597659,0.0166070275029603,0.0128122744647702,6
Persistent innovation,nonlinear_transient,awayFromReversal,20,0.02,677,0,0,0,0,-0.000496442050452442,0.00394057063209097,0.00397211879749174,0.010324157556652,0.0275189159026587,-0.000496724486174499,0.00397384894612179,0.00400542775351396,0.0104242407554182,0.0275224551971541,0.0245352669843119,6
Persistent innovation,nonlinear_transient,all,50,0.05,768,0,0,0,0,-0.00225035532493929,0.0139373415015491,0.0141181503702067,0.0347241191237242,0.073798280896934,-0.00225556485634196,0.013967615930566,0.014149120393824,0.0347052957240366,0.0741456108841673,0.0262469417532837,6
Persistent innovation,nonlinear_transient,nearReversal,50,0.05,90,0,0,0,0,-0.00503473312603046,0.016629938346369,0.017409161269825,0.0321111638619592,0.0437632294085702,-0.00515574259959743,0.0166684772473231,0.0174813726749191,0.0323076503277906,0.0431171340296564,0.0173619765670805,6
Persistent innovation,nonlinear_transient,awayFromReversal,50,0.05,678,0,0,0,0,-0.00188074765222807,0.0134482647640437,0.0135800670335314,0.0356527318077604,0.073798280896934,-0.00187058550989212,0.0134747537469089,0.0136054111966975,0.0357030218326968,0.0741456108841673,0.0272021259480846,6
Persistent innovation,nonlinear_transient,all,100,0.1,768,0,0,0,0,-0.00705362405585282,0.0390473598973421,0.039679927249529,0.0924212163574146,0.160244020423184,-0.00704116512152718,0.039041028810191,0.0396716322342572,0.0926661908108706,0.160634736328838,0.0430649536090821,6
Persistent innovation,nonlinear_transient,nearReversal,100,0.1,91,0,0,0,0,-0.00883983360772826,0.0284274012496585,0.0298329126743151,0.0587118625550298,0.0818084653551603,-0.00874968627902335,0.028481995997823,0.029853702461573,0.0589293932353738,0.0823647841071281,0.025814063994737,6
Persistent innovation,nonlinear_transient,awayFromReversal,100,0.1,677,0,0,0,0,-0.00681827315935107,0.0402114161382994,0.0407864680828157,0.0954743322140883,0.160244020423184,-0.00681596756313725,0.0401999335704853,0.0407747322413844,0.0953671502433979,0.160634736328838,0.0448704293839899,6
Persistent innovation,nonlinear_transient,all,250,0.25,768,0,0,0,0,-0.0379340239904866,0.158740135291394,0.163212095815029,0.32545266042774,0.463736050493645,-0.0379408900757005,0.158757376229075,0.163230320707087,0.325813346218663,0.464190796476816,0.158134090993485,6
Persistent innovation,nonlinear_transient,nearReversal,250,0.25,90,0,0,0,0,-0.0570018509351038,0.108004878315654,0.12220568277142,0.374767024099874,0.434676442507844,-0.0571228604086708,0.107940342639283,0.122204968003946,0.374624521525607,0.434197336502507,0.111012528397181,6
Persistent innovation,nonlinear_transient,awayFromReversal,250,0.25,678,0,0,0,0,-0.0354028965199622,0.16358785993351,0.167390765138859,0.326163078749186,0.463736050493645,-0.035394610827961,0.163610146653105,0.167410627840099,0.326424940629629,0.464190796476816,0.162855312036758,6
Linear hybrid,nonlinear_transient,all,1,0.001,768,0,0,0,0,-2.34638718043694e-05,0.000350172416456855,0.00035121603719219,0.000714759338851891,0.00156297767955466,-3.29168642946937e-05,0.000563516352983053,0.000565764543978852,0.00108855936376973,0.00202392068439405,0.0232295342953275,6
Linear hybrid,nonlinear_transient,nearReversal,1,0.001,90,0,0,0,0,-0.00015845289757886,0.000513272333556465,0.000560492389322195,0.00107773156072024,0.00124644170663268,-0.000128823308268534,0.000564666602377279,0.000588600370900659,0.00133131239204537,0.00164914529572491,0.012705405260894,6
Linear hybrid,nonlinear_transient,awayFromReversal,1,0.001,678,0,0,0,0,-5.54497457766717e-06,0.000310889676867456,0.000311296969577282,0.00058657266233973,0.00156297767955466,-2.01859204043608e-05,0.000559977988632737,0.000561608498171534,0.00108553679657442,0.00202392068439405,0.0242791102233528,6
Linear hybrid,nonlinear_transient,all,20,0.02,768,0,0,0,0,-0.000238428229135722,0.00288415884308588,0.0028941903809423,0.0070937176607012,0.0162939291112953,-0.000228220222659139,0.00293042625131424,0.00293988813405407,0.00720635233741855,0.0162974684057907,0.0233874611192737,6
Linear hybrid,nonlinear_transient,nearReversal,20,0.02,91,0,0,0,0,-0.00119372625257355,0.00431959571291278,0.00450157723438802,0.00842496389782912,0.0114482186068694,-0.00110357892386864,0.00437881755145669,0.00452385693236213,0.00830662526410632,0.0108734700588551,0.0125165433349101,6
Linear hybrid,nonlinear_transient,awayFromReversal,20,0.02,677,0,0,0,0,-0.000110766058184827,0.00258451812498149,0.0025872310641152,0.00648290894359395,0.0162939291112953,-0.000111048493906884,0.00263761970023001,0.00264054546596626,0.00635651238501881,0.0162974684057907,0.0244761916708474,6
Linear hybrid,nonlinear_transient,all,50,0.05,768,0,0,0,0,-0.000956143939139638,0.0109464778417169,0.0109889599391539,0.0256330760025937,0.0534720908336161,-0.000961353470542305,0.0109766852700264,0.011020233931379,0.0257656142289233,0.0541207753130185,0.025027112433851,6
Linear hybrid,nonlinear_transient,nearReversal,50,0.05,90,0,0,0,0,-0.00361271843219719,0.0130718777237843,0.0135905174987666,0.024886275626937,0.0339511159836987,-0.00373372790576416,0.0131079339941791,0.0136605555968444,0.0251167743312116,0.0340194608910147,0.0158968674216205,6
Linear hybrid,nonlinear_transient,awayFromReversal,50,0.05,678,0,0,0,0,-0.00060350130731784,0.0105394772590427,0.0105582133634845,0.026123311687309,0.0534720908336161,-0.000593339164981881,0.0105649593347916,0.0105841110392137,0.0262831385951495,0.0541207753130185,0.0259898459187187,6
Linear hybrid,nonlinear_transient,all,100,0.1,768,0,0,0,0,-0.0032000239693681,0.033083766851004,0.0332416394346987,0.076969975861247,0.141008611972158,-0.00318756503504247,0.0330814821964337,0.0332386691690185,0.077105575506429,0.140858680234486,0.0380247221311818,6
Linear hybrid,nonlinear_transient,nearReversal,100,0.1,91,0,0,0,0,-0.00594983100246833,0.0237702071975221,0.0245701936961932,0.0506002241345464,0.0711432348027554,-0.00585968367376343,0.0238276569368529,0.0245985937906516,0.0508135300299439,0.0716995535547232,0.0237510429148078,6
Linear hybrid,nonlinear_transient,awayFromReversal,100,0.1,677,0,0,0,0,-0.00283371227418351,0.0340927294287306,0.0342139269076459,0.0801600106266318,0.141008611972158,-0.00283140667796969,0.0340858429212154,0.0342072865272523,0.0800160324832533,0.140858680234486,0.0395411091671947,6
Linear hybrid,nonlinear_transient,all,250,0.25,768,0,0,0,0,-0.0169847264437751,0.132679331754868,0.133800938459286,0.274234315312686,0.375676611491991,-0.016991592528989,0.132700912751474,0.133824140242544,0.274211086574679,0.376131357475161,0.132410620562246,6
Linear hybrid,nonlinear_transient,nearReversal,250,0.25,90,0,0,0,0,-0.0262249630344576,0.0802495250336954,0.0844992721210059,0.24290783968134,0.360774069720346,-0.0263459725080245,0.0802015951621772,0.0844908700799195,0.242765337107072,0.36029496371501,0.0798457262066242,6
Linear hybrid,nonlinear_transient,awayFromReversal,250,0.25,678,0,0,0,0,-0.0157581463653659,0.137701372618364,0.138676568276196,0.274955995715735,0.375676611491991,-0.0157498606733648,0.137726995896135,0.138702197489825,0.274856318863566,0.376131357475161,0.137489854910902,6
EDMD hybrid,nonlinear_transient,all,1,0.001,768,0,0,0,0,-2.22710114212802e-05,0.000347988572438204,0.000348949048094243,0.000708314793651063,0.00154644755601924,-3.17240039116044e-05,0.00056106189054262,0.000563177902782681,0.00107943436710921,0.00196949191131596,0.0232292110111478,6
EDMD hybrid,nonlinear_transient,nearReversal,1,0.001,90,0,0,0,0,-0.00015615091334362,0.000511737713695247,0.000558219368648724,0.00107857012177914,0.0012514733361858,-0.000126521324033294,0.000563163518407776,0.000586477848536764,0.0013282023788901,0.00164124564471124,0.0127055555290549,6
EDMD hybrid,nonlinear_transient,awayFromReversal,1,0.001,678,0,0,0,0,-4.49934302450943e-06,0.000308631260184003,0.000308979941534551,0.000582587106795956,0.00154644755601924,-1.91402888512031e-05,0.000557467628260043,0.000558983958108486,0.00107387347293038,0.00196949191131596,0.0242787467232475,6
EDMD hybrid,nonlinear_transient,all,20,0.02,768,0,0,0,0,-0.000225480046464847,0.00286886683814885,0.00287785031149271,0.0070608116267276,0.0162018226305498,-0.000215272039988264,0.0029160582626569,0.0029244496377073,0.00716447001953657,0.0162053619250452,0.0233868706279928,6
EDMD hybrid,nonlinear_transient,nearReversal,20,0.02,91,0,0,0,0,-0.00113738508459979,0.00432141259640752,0.00448831373503434,0.00838900935275294,0.0113961659032762,-0.00104723775589489,0.00438061213047587,0.00451208266806563,0.00828888702307079,0.0108353978587954,0.0125157726776939,6
EDMD hybrid,nonlinear_transient,awayFromReversal,20,0.02,677,0,0,0,0,-0.000103657177857166,0.00256735468262986,0.0025697147850997,0.00641373076016863,0.0162018226305498,-0.000103939613579223,0.00262141035666629,0.00262389159330582,0.00632948335557403,0.0162053619250452,0.0244756075912199,6
EDMD hybrid,nonlinear_transient,all,50,0.05,768,0,0,0,0,-0.00089754405437865,0.0108896984380038,0.0109271498781918,0.0255251106865317,0.0533299288778891,-0.000902753585781316,0.0109194622586643,0.0109578844141192,0.0256921816592356,0.0539786133572914,0.0250331674692862,6
EDMD hybrid,nonlinear_transient,nearReversal,50,0.05,90,0,0,0,0,-0.00338713923679031,0.0130816408020542,0.0135395173759771,0.0248924307885488,0.0341803441654799,-0.00350814871035728,0.0131177967012765,0.013607797744237,0.0251229294928235,0.0342486890727959,0.0159004235889609,6
EDMD hybrid,nonlinear_transient,awayFromReversal,50,0.05,678,0,0,0,0,-0.000567066817775333,0.0104780121795761,0.0104943878706169,0.0261160444107974,0.0533299288778891,-0.000556904675439375,0.0105032397485734,0.0105199218306942,0.0263971108673065,0.0539786133572914,0.0259961097901393,6
EDMD hybrid,nonlinear_transient,all,100,0.1,768,0,0,0,0,-0.00299292286640773,0.0329199843484478,0.0330583098566115,0.0766286760077809,0.140529664018559,-0.0029804639320821,0.0329181271703973,0.0330557689491406,0.0767881277502461,0.140379732280887,0.0379832845350546,6
EDMD hybrid,nonlinear_transient,nearReversal,100,0.1,91,0,0,0,0,-0.00529083157256958,0.0238038248843539,0.0244526166610919,0.0506112858343621,0.0703954526798246,-0.00520068424386468,0.0238612818149101,0.0244843445313156,0.0508245917297597,0.0709517714317924,0.0237455199565334,6
EDMD hybrid,nonlinear_transient,awayFromReversal,100,0.1,677,0,0,0,0,-0.0026874334916616,0.0339142567840056,0.0340230212267788,0.0803427594432672,0.140529664018559,-0.00268512789544779,0.0339076320809711,0.0340165699256039,0.0801076105333271,0.140379732280887,0.0394961931009755,6
EDMD hybrid,nonlinear_transient,all,250,0.25,768,0,0,0,0,-0.0163535644876702,0.132251678150926,0.133297297654916,0.273571568605727,0.374499529628097,-0.0163604305728841,0.132273485648017,0.133320729243305,0.273605714032761,0.374954275611268,0.132027662966896,6
EDMD hybrid,nonlinear_transient,nearReversal,250,0.25,90,0,0,0,0,-0.0253604466532978,0.0797740077858327,0.0838001142089089,0.241892864885449,0.35928607672163,-0.0254814561268648,0.0797269148474662,0.0837913159736887,0.241750362311181,0.358806970716294,0.0793228364089862,6
EDMD hybrid,nonlinear_transient,awayFromReversal,250,0.25,678,0,0,0,0,-0.0151579606603745,0.137272314873965,0.138184919914522,0.274649235148622,0.374499529628097,-0.0151496749683734,0.137298076343067,0.138210766316896,0.274720313024843,0.374954275611268,0.13711608831556,6
Weighted linear hybrid,nonlinear_transient,all,1,0.001,768,0,0,0,0,0.000932571892013281,0.00371971092087474,0.00383488359386621,0.0151522715107318,0.0204333810597235,0.000923118899522956,0.0037491386207812,0.00386140795624547,0.0148318177472466,0.0209895480909748,0.0230899612871742,6
Weighted linear hybrid,nonlinear_transient,nearReversal,1,0.001,90,0,0,0,0,-0.00015845289757886,0.000513272333556465,0.000560492389322195,0.00107773156072024,0.00124644170663268,-0.000128823308268534,0.000564666602377279,0.000588600370900659,0.00133131239204537,0.00164914529572491,0.012705405260894,6
Weighted linear hybrid,nonlinear_transient,awayFromReversal,1,0.001,678,0,0,0,0,0.00107739819151666,0.0039312996193303,0.00407628242257969,0.0151852492620619,0.0204333810597235,0.00106275724568997,0.00396351534905514,0.00410374962450226,0.0150616474636155,0.0209895480909748,0.0241279568259376,6
Weighted linear hybrid,nonlinear_transient,all,20,0.02,768,0,0,0,0,0.00122434866862103,0.00639937927725135,0.00651579925760755,0.0231830780605365,0.0306869218266977,0.00123455667509761,0.00641874383429835,0.0065365412714357,0.0227678149186867,0.0312641210786134,0.0236644208287347,6
Weighted linear hybrid,nonlinear_transient,nearReversal,20,0.02,91,0,0,0,0,-0.00119372625257355,0.00431959571291278,0.00450157723438802,0.00842496389782912,0.0114482186068694,-0.00110357892386864,0.00437881755145669,0.00452385693236213,0.00830662526410632,0.0108734700588551,0.0125165433349101,6
Weighted linear hybrid,nonlinear_transient,awayFromReversal,20,0.02,677,0,0,0,0,0.00154841541818173,0.00655971927388947,0.0067403118328877,0.0232153129798319,0.0306869218266977,0.00154813298245967,0.00658088019345364,0.00676067915147925,0.0231334006249002,0.0312641210786134,0.0247760167642347,6
Weighted linear hybrid,nonlinear_transient,all,50,0.05,768,0,0,0,0,0.00215433344947632,0.0164184181039647,0.0165601297708148,0.0490720738674722,0.0649220794492523,0.00214912391807365,0.0164499473447303,0.0165906734804484,0.0490007378941013,0.0654530746907094,0.0275483985922047,6
Weighted linear hybrid,nonlinear_transient,nearReversal,50,0.05,90,0,0,0,0,-0.00361271843219719,0.0130718777237843,0.0135905174987666,0.024886275626937,0.0339511159836987,-0.00373372790576416,0.0131079339941791,0.0136605555968444,0.0251167743312116,0.0340194608910147,0.0158968674216205,6
Weighted linear hybrid,nonlinear_transient,awayFromReversal,50,0.05,678,0,0,0,0,0.00291987130987546,0.01665271022476,0.0169084290566688,0.0491342744154383,0.0649220794492523,0.00293003345221141,0.0166785514648882,0.0169355920035501,0.0492906049605514,0.0654530746907094,0.0287312628228644,6
Weighted linear hybrid,nonlinear_transient,all,100,0.1,768,0,0,0,0,0.00285681550239361,0.0408618314393715,0.0409624847206126,0.094821462290582,0.141008611972158,0.00286927443671925,0.040858726445932,0.0409601585758405,0.0948685305916992,0.140858680234486,0.044693615566378,6
Weighted linear hybrid,nonlinear_transient,nearReversal,100,0.1,91,0,0,0,0,-0.00594983100246833,0.0237702071975221,0.0245701936961932,0.0506002241345464,0.0711432348027554,-0.00585968367376343,0.0238276569368529,0.0245985937906516,0.0508135300299439,0.0716995535547232,0.0237510429148078,6
Weighted linear hybrid,nonlinear_transient,awayFromReversal,100,0.1,677,0,0,0,0,0.00403643920928456,0.0424817530845897,0.0426748093136832,0.0951495215851545,0.141008611972158,0.00403874480549838,0.0424761584942968,0.0426693590417399,0.0952384357584568,0.140858680234486,0.0467861698986846,6
Weighted linear hybrid,nonlinear_transient,all,250,0.25,768,0,0,0,0,-0.00159748067056868,0.14645351684384,0.146470307631778,0.276382687019214,0.375676611491991,-0.00160434675578254,0.14647017000043,0.146487489469226,0.27649837464194,0.376131357475161,0.145155869168318,6
Weighted linear hybrid,nonlinear_transient,nearReversal,250,0.25,90,0,0,0,0,-0.0262249630344576,0.0802495250336954,0.0844992721210059,0.24290783968134,0.360774069720346,-0.0263459725080245,0.0802015951621772,0.0844908700799195,0.242765337107072,0.36029496371501,0.0798457262066242,6
Weighted linear hybrid,nonlinear_transient,awayFromReversal,250,0.25,678,0,0,0,0,0.00167165415649622,0.15239330595204,0.152432245339894,0.276078185668053,0.375676611491991,0.00167993984849737,0.152411704319129,0.152451252718535,0.275925590707289,0.376131357475161,0.151307643536298,6
Weighted EDMD hybrid,nonlinear_transient,all,1,0.001,768,0,0,0,0,0.00093334267316456,0.00371927434037913,0.0038346450459966,0.0151522715107318,0.0204333810597235,0.000923889680674236,0.00374856737923137,0.00386102567891879,0.0148318177472466,0.0209895480909748,0.0230897043562162,6
Weighted EDMD hybrid,nonlinear_transient,nearReversal,1,0.001,90,0,0,0,0,-0.00015615091334362,0.000511737713695247,0.000558219368648724,0.00107857012177914,0.0012514733361858,-0.000126521324033294,0.000563163518407776,0.000586477848536764,0.0013282023788901,0.00164124564471124,0.0127055555290549,6
Weighted EDMD hybrid,nonlinear_transient,awayFromReversal,1,0.001,678,0,0,0,0,0.0010779657156214,0.00393093015088158,0.00407607285123375,0.0151852492620619,0.0204333810597235,0.0010633247697947,0.00396298737966246,0.00410337539927322,0.0150616474636155,0.0209895480909748,0.0241276650742198,6
Weighted EDMD hybrid,nonlinear_transient,all,20,0.02,768,0,0,0,0,0.00123406458754685,0.00638956615777727,0.00650802923082258,0.0231830780605365,0.0306869218266977,0.00124427259402343,0.00640929313116986,0.00652911628642742,0.0227678149186867,0.0312641210786134,0.0236640116872541,6
Weighted EDMD hybrid,nonlinear_transient,nearReversal,20,0.02,91,0,0,0,0,-0.00113738508459979,0.00432141259640752,0.00448831373503434,0.00838900935275294,0.0113961659032762,-0.00104723775589489,0.00438061213047587,0.00451208266806563,0.00828888702307079,0.0108353978587954,0.0125157726776939,6
Weighted EDMD hybrid,nonlinear_transient,awayFromReversal,20,0.02,677,0,0,0,0,0.00155185733807069,0.00655129657661725,0.00673296514484079,0.0232153129798319,0.0306869218266977,0.00155157490234864,0.00657274537261801,0.00675357823920867,0.0231334006249002,0.0312641210786134,0.0247756287108405,6
Weighted EDMD hybrid,nonlinear_transient,all,50,0.05,768,0,0,0,0,0.00220003857541169,0.0163691327067396,0.0165174476146513,0.0490720738674722,0.0649220794492523,0.00219482904400902,0.0164002771207243,0.0165475388789676,0.0490007378941013,0.0654530746907094,0.0275504563466213,6
Weighted EDMD hybrid,nonlinear_transient,nearReversal,50,0.05,90,0,0,0,0,-0.00338713923679031,0.0130816408020542,0.0135395173759771,0.0248924307885488,0.0341803441654799,-0.00350814871035728,0.0131177967012765,0.013607797744237,0.0251229294928235,0.0342486890727959,0.0159004235889609,6
Weighted EDMD hybrid,nonlinear_transient,awayFromReversal,50,0.05,678,0,0,0,0,0.00294169934694292,0.0166060128710654,0.016866480175491,0.0491342744154383,0.0649220794492523,0.00295186148927888,0.0166316085989959,0.0168933312730096,0.0492906049605514,0.0654530746907094,0.0287331910631142,6
Weighted EDMD hybrid,nonlinear_transient,all,100,0.1,768,0,0,0,0,0.00302225607744833,0.0406978439230472,0.0408110770485698,0.094821462290582,0.140529664018559,0.00303471501177396,0.0406951123557677,0.0408091381992355,0.0948685305916992,0.140379732280887,0.0446455411157668,6
Weighted EDMD hybrid,nonlinear_transient,nearReversal,100,0.1,91,0,0,0,0,-0.00529083157256958,0.0238038248843539,0.0244526166610919,0.0506112858343621,0.0703954526798246,-0.00520068424386468,0.0238612818149101,0.0244843445313156,0.0508245917297597,0.0709517714317924,0.0237455199565334,6
Weighted EDMD hybrid,nonlinear_transient,awayFromReversal,100,0.1,677,0,0,0,0,0.00413545583219481,0.0423148927131059,0.0425187266640881,0.0951495215851545,0.140529664018559,0.00413776142840863,0.042309536010497,0.042513465652777,0.0952384357584568,0.140379732280887,0.0467342744201046,6
Weighted EDMD hybrid,nonlinear_transient,all,250,0.25,768,0,0,0,0,-0.00113855742418229,0.145998511752116,0.146011808266779,0.275890661688965,0.374499529628097,-0.00114542350939616,0.146015387796478,0.146029219865121,0.276019165043666,0.374954275611268,0.144787706952258,6
Weighted EDMD hybrid,nonlinear_transient,nearReversal,250,0.25,90,0,0,0,0,-0.0253604466532978,0.0797740077858327,0.0838001142089089,0.241892864885449,0.35928607672163,-0.0254814561268648,0.0797269148474662,0.0837913159736887,0.241750362311181,0.358806970716294,0.0793228364089862,6
Weighted EDMD hybrid,nonlinear_transient,awayFromReversal,250,0.25,678,0,0,0,0,0.00207673760623127,0.151942367268137,0.151988348017163,0.275980539358542,0.374499529628097,0.00208502329823242,0.151960916378225,0.152007567644967,0.276097301569834,0.374954275611268,0.150949111586567,6
Nominal physics,stress_changed_controller,all,1,0.001,768,0,0,0,0,0.00805122421387299,0.046512813625945,0.0472050982535737,0.0785324524580378,0.100574300402558,0.00805865756805374,0.0465101843860399,0.0472037224320327,0.0786587403989631,0.101230408078619,0.0472050982535737,6
Nominal physics,stress_changed_controller,nearReversal,1,0.001,90,0,0,0,0,0.00248728720187909,0.026144956536086,0.0263240491085528,0.0537827558354077,0.0619585828839584,0.00249227122608504,0.0261901489842027,0.0263683741475264,0.0538964001937839,0.0627432511025906,0.0263240491085528,6
Nominal physics,stress_changed_controller,awayFromReversal,1,0.001,678,0,0,0,0,0.0087897999234297,0.0485213776372316,0.0493125728260643,0.0785732912079141,0.100574300402558,0.00879755840990799,0.0485157420897763,0.04930826806063,0.0787153202289197,0.101230408078619,0.0493125728260643,6
Nominal physics,stress_changed_controller,all,20,0.02,768,0,0,0,0,0.0113332907670294,0.07121863867862,0.0721156292362053,0.119447017122319,0.152555476755397,0.0113341326748299,0.0712290360030729,0.0721260644131961,0.119635816328492,0.153016244780143,0.0721156292362053,6
Nominal physics,stress_changed_controller,nearReversal,20,0.02,93,0,0,0,0,0.00654976362908689,0.0384050755590311,0.0390273067403092,0.0801831695059581,0.0997434390829893,0.00656639487790539,0.0384112928327972,0.0390332391606762,0.0801655107218787,0.0997691266375778,0.0390273067403092,6
Nominal physics,stress_changed_controller,awayFromReversal,20,0.02,675,0,0,0,0,0.0119866106476154,0.0745962297023726,0.0755550665700447,0.11954348381241,0.152555476755397,0.0119856914996082,0.0746072651484709,0.0755658074081415,0.119700165518961,0.153016244780143,0.0755550665700447,6
Nominal physics,stress_changed_controller,all,50,0.05,768,0,0,0,0,0.0217678371495338,0.150863202799962,0.15242719186505,0.252002253314043,0.320888947461944,0.0217727374787298,0.150885686802226,0.152450224299749,0.251896401297754,0.321091968547092,0.15242719186505,6
Nominal physics,stress_changed_controller,nearReversal,50,0.05,92,0,0,0,0,0.0217308489263899,0.0665308570585612,0.0701392677521568,0.131483061017184,0.165641161705023,0.0217302662115213,0.0665931171749768,0.0701985810790365,0.131544993585932,0.165625244891259,0.0701392677521568,6
Nominal physics,stress_changed_controller,awayFromReversal,50,0.05,676,0,0,0,0,0.0217809288283644,0.158913101571662,0.160400211652623,0.25220439696751,0.320888947461944,0.0217866371766149,0.158933661240707,0.160421484301349,0.252200266510739,0.321091968547092,0.160400211652623,6
Nominal physics,stress_changed_controller,all,100,0.1,768,0,0,0,0,0.0350031692171757,0.290465439427303,0.292569528784661,0.484088309810514,0.615076466682654,0.0350017555830137,0.290476020740925,0.292579844541748,0.484242169213044,0.614412335436438,0.292569528784661,6
Nominal physics,stress_changed_controller,nearReversal,100,0.1,93,0,0,0,0,0.0502618348332026,0.106319144074959,0.117678307650189,0.210191954946839,0.244755181707683,0.0502784660820211,0.106295958158805,0.117662926563512,0.209830663549982,0.245165844880938,0.117678307650189,6
Nominal physics,stress_changed_controller,awayFromReversal,100,0.1,675,0,0,0,0,0.0328863266279008,0.307286015675394,0.309044454617359,0.484481272617086,0.615076466682654,0.0328828304892602,0.30729850333108,0.309056456483467,0.484706119721754,0.614412335436438,0.309044454617359,6
Nominal physics,stress_changed_controller,all,250,0.25,768,0,0,0,0,0.0347319954254392,0.708195250173023,0.709049658749803,1.19093972123037,1.49510802261413,0.0347304255796061,0.708226754523408,0.70908110017363,1.19122466955941,1.49450556149124,0.709049658749803,6
Nominal physics,stress_changed_controller,nearReversal,250,0.25,92,0,0,0,0,0.167105960956064,0.249038005892007,0.30018908728838,0.561587463070969,0.666599751140585,0.167105378241195,0.249131105645809,0.300265377840158,0.561694744891784,0.665960835593879,0.30018908728838,6
Nominal physics,stress_changed_controller,awayFromReversal,250,0.25,676,0,0,0,0,0.0167464396670504,0.747448547710479,0.747638728139317,1.1923578150616,1.49510802261413,0.0167448010468419,0.747478252924051,0.747668454365669,1.19263208068979,1.49450556149124,0.747638728139317,6
Persistent innovation,stress_changed_controller,all,1,0.001,768,0,0,0,0,-0.000472289291902886,0.0033350442608563,0.00336833686897581,0.00807267831640418,0.0223426454660901,-0.000464855937722139,0.00338595806928305,0.00341795295072546,0.00822542733455999,0.0227167628903514,0.0564845040799228,6
Persistent innovation,stress_changed_controller,nearReversal,1,0.001,90,0,0,0,0,-0.00171363553268142,0.00511966807707529,0.00540513804971021,0.00881575237949376,0.0103090528095442,-0.00170865150847547,0.00518785140323615,0.00546886609092227,0.00912262079759024,0.0110937210281764,0.0307858008732023,6
Persistent innovation,stress_changed_controller,awayFromReversal,1,0.001,678,0,0,0,0,-0.000307508817463258,0.00297712931875416,0.00299319757321528,0.00713493729213587,0.0223426454660901,-0.000299750330984971,0.00302667596872786,0.00304173634276491,0.00715232488402501,0.0227167628903514,0.0590563575364506,6
Persistent innovation,stress_changed_controller,all,20,0.02,768,0,0,0,0,-0.0016329464820032,0.0108538615262264,0.0109760892687439,0.0278102693192249,0.0706636557379021,-0.00163210457420267,0.0108819034308642,0.0110037931881236,0.0278946098847725,0.0709591411404552,0.0571603896294028,6
Persistent innovation,stress_changed_controller,nearReversal,20,0.02,93,0,0,0,0,-0.0044588239247809,0.0157641414486526,0.0164131755397206,0.0290769389453388,0.0346334719142747,-0.0044421926759624,0.0158118944487345,0.0164528829311578,0.0290592801612595,0.0346591594688631,0.0332382492455896,6
Persistent innovation,stress_changed_controller,awayFromReversal,20,0.02,675,0,0,0,0,-0.00124636699246949,0.00991479753218908,0.00999348570157653,0.0279218311302751,0.0706636557379021,-0.00124728614047668,0.00994003312887931,0.0100186814691525,0.0280713066138986,0.0709591411404552,0.0597156671380772,6
Persistent innovation,stress_changed_controller,all,50,0.05,768,0,0,0,0,-0.00559763012037606,0.034472466781496,0.034924315518956,0.0844521155920726,0.215410338376999,-0.00559272979118003,0.0344740788665433,0.034925143674929,0.0845156166699127,0.215447969280145,0.0641643332019067,6
Persistent innovation,stress_changed_controller,nearReversal,50,0.05,92,0,0,0,0,-0.0103777421749667,0.0392093674126571,0.0405989695072833,0.0758573231921174,0.0904148327948847,-0.0103783248898353,0.0392009333300854,0.0405909205152441,0.0759192557608652,0.0903989159811207,0.0448029580943347,6
Persistent innovation,stress_changed_controller,awayFromReversal,50,0.05,676,0,0,0,0,-0.00494620071527899,0.0337043284583163,0.0340670935645724,0.0860168209306552,0.215410338376999,-0.00494049236702843,0.033707683974009,0.0340697078253316,0.0858458630749668,0.215447969280145,0.0663640837485464,6
Persistent innovation,stress_changed_controller,all,100,0.1,768,0,0,0,0,-0.0175808770224308,0.0964218199085731,0.0980124713558455,0.227055507320267,0.473368991039248,-0.0175822906565928,0.0964427773867435,0.0980333867979113,0.227187580763183,0.473966327684744,0.105968980112151,6
Persistent innovation,stress_changed_controller,nearReversal,100,0.1,93,0,0,0,0,-0.0222804757383857,0.0715489780472653,0.0751111768184064,0.140352129379727,0.167345991939501,-0.0222638444895672,0.0715883781849003,0.0751410923243092,0.140334470595648,0.16737167949409,0.0681794687370494,6
Persistent innovation,stress_changed_controller,awayFromReversal,100,0.1,675,0,0,0,0,-0.0169521036090088,0.0993292600856572,0.100767017339747,0.232011058222817,0.473368991039248,-0.0169555997476495,0.0993488131259058,0.100786929604218,0.231887206035737,0.473966327684744,0.110175187234295,6
Persistent innovation,stress_changed_controller,all,250,0.25,768,0,0,0,0,-0.0945312565464776,0.388549175591262,0.399888825991489,0.794510184176952,1.31235002069692,-0.0945328263923108,0.388554152582076,0.39989401950559,0.794558340639383,1.31260227833672,0.387420018458137,6
Persistent innovation,stress_changed_controller,nearReversal,250,0.25,92,0,0,0,0,-0.0630858463688283,0.138383257226843,0.152098428171627,0.42232813932697,0.752336605786832,-0.0630864290836969,0.138447819932255,0.152157202475068,0.422798951004473,0.752722401701706,0.138134288583798,6
Persistent innovation,stress_changed_controller,awayFromReversal,250,0.25,676,0,0,0,0,-0.0987965505285468,0.410728304142261,0.422452275550128,0.799698376564838,1.31235002069692,-0.0987981891487553,0.4107307428893,0.422455006935208,0.799650056819402,1.31260227833672,0.409721926677085,6
Linear hybrid,stress_changed_controller,all,1,0.001,768,0,0,0,0,-5.10318620854618e-05,0.000624109599177902,0.000626310908468513,0.00143983164802027,0.00427905027107972,-4.35985079047141e-05,0.000778625831211276,0.00078025731383402,0.00164799270691273,0.00415971794247433,0.0565292745496968,6
Linear hybrid,stress_changed_controller,nearReversal,1,0.001,90,0,0,0,0,-0.000332335035152521,0.000957099674642474,0.00102202550235756,0.0017137586564786,0.00194723352036508,-0.000327351010946564,0.00106478526488971,0.00112099287646805,0.00201089568599166,0.00253282066330462,0.0313961328035939,6
Linear hybrid,stress_changed_controller,awayFromReversal,1,0.001,678,0,0,0,0,-1.36907329172681e-05,0.000551454179717706,0.000551712023875123,0.0010886063935747,0.00427905027107972,-5.9322464389818e-06,0.000720517511102706,0.000721039098615647,0.0012643194618026,0.00415971794247433,0.0590621086464325,6
Linear hybrid,stress_changed_controller,all,20,0.02,768,0,0,0,0,-0.000644964462605901,0.00683891703667825,0.00686933903170319,0.0170920721207419,0.0445252679339224,-0.000644122554805376,0.00687007134288763,0.00690025003740312,0.0171337447835611,0.0448207533364754,0.0568970044484897,6
Linear hybrid,stress_changed_controller,nearReversal,20,0.02,93,0,0,0,0,-0.00272603148313156,0.0104249746092355,0.0108016008271866,0.0191240583739231,0.0226014988324987,-0.00270940023431306,0.0104738062082692,0.0108412453542705,0.0191063995898437,0.0232064712427896,0.0324119663950042,6
Linear hybrid,stress_changed_controller,awayFromReversal,20,0.02,675,0,0,0,0,-0.000360295438347549,0.00611929375397241,0.00613048634762059,0.0160110428191252,0.0445252679339224,-0.000361214586354743,0.00614848037919359,0.00615965168984511,0.0162437086086692,0.0448207533364754,0.0594917518020617,6
Linear hybrid,stress_changed_controller,all,50,0.05,768,0,0,0,0,-0.00269200745813214,0.0261233282701633,0.0262617763828632,0.0643292026469619,0.152829137714822,-0.00268710712893611,0.0261285409715973,0.0262666246010303,0.0642238882463512,0.152866768617968,0.062474647566821,6
Linear hybrid,stress_changed_controller,nearReversal,50,0.05,92,0,0,0,0,-0.00714831146678872,0.031271900195275,0.0321042879039649,0.0620609403510838,0.0750247883303813,-0.00714889418165733,0.0312705967524163,0.0321036532444535,0.0621228729198317,0.0750088715166173,0.0415297061739491,6
Linear hybrid,stress_changed_controller,awayFromReversal,50,0.05,676,0,0,0,0,-0.00208377597504358,0.025268909215718,0.0253553998205319,0.0645239280784144,0.152829137714822,-0.00207806762679302,0.0252751223154416,0.0253613466913442,0.0645039136265027,0.152866768617968,0.0648042365581263,6
Linear hybrid,stress_changed_controller,all,100,0.1,768,0,0,0,0,-0.00928112181035109,0.0785660547004893,0.079112541277701,0.189184873194105,0.372618570153864,-0.00928253544451306,0.0785856454298536,0.0791321009185337,0.189197839720312,0.372863267418137,0.0974563385425503,6
Linear hybrid,stress_changed_controller,nearReversal,100,0.1,93,0,0,0,0,-0.0142230765972374,0.0597370353257095,0.0615608284442015,0.121793233189481,0.146857831634906,-0.0142064453484189,0.0597755770279768,0.0615907704611628,0.121775574405401,0.147462804045197,0.0620476670828783,6
Linear hybrid,stress_changed_controller,awayFromReversal,100,0.1,675,0,0,0,0,-0.00861509018707095,0.080778394517786,0.0812384505876725,0.195768500423532,0.372618570153864,-0.00861858632571157,0.0807964845720269,0.0812567687668432,0.195649403574952,0.372863267418137,0.10137944131457,6
Linear hybrid,stress_changed_controller,all,250,0.25,768,0,0,0,0,-0.0520113064853325,0.309396982230413,0.313739462926794,0.642274973540403,0.96705618100515,-0.0520128763311657,0.309407951674348,0.313750539002794,0.642357704516258,0.967308438644952,0.321874517877564,6
Linear hybrid,stress_changed_controller,nearReversal,250,0.25,92,0,0,0,0,-0.0136849392641287,0.102735754748771,0.103690425161479,0.239945879503051,0.369458347388918,-0.0136855219789973,0.102807790302152,0.103763401355272,0.240416691180555,0.369844143303792,0.105222796718366,6
Linear hybrid,stress_changed_controller,awayFromReversal,250,0.25,676,0,0,0,0,-0.0572243575524404,0.327251453129705,0.332218721880782,0.646412919077226,0.96705618100515,-0.0572259961726489,0.327260144823796,0.332227543359907,0.646081455187891,0.967308438644952,0.340885802600508,6
EDMD hybrid,stress_changed_controller,all,1,0.001,768,0,0,0,0,-5.11532219558402e-05,0.000624563935848078,0.000626852698707655,0.0014523896787066,0.00419144663294457,-4.37198677750924e-05,0.00077964880942647,0.000781270629300599,0.0016781358339473,0.00406859967965767,0.0565288399736453,6
EDMD hybrid,stress_changed_controller,nearReversal,1,0.001,90,0,0,0,0,-0.000343921638144824,0.000958565215175103,0.00102756762278097,0.00172604282149221,0.00199076656198049,-0.000338937613938866,0.00106592636835494,0.00112539613277771,0.00203033539708016,0.00260812720754477,0.0313949438465,6
EDMD hybrid,stress_changed_controller,awayFromReversal,1,0.001,678,0,0,0,0,-1.22901578599574e-05,0.000550836408428643,0.000551061997825632,0.00113257725125789,0.00419144663294457,-4.53167138167115e-06,0.000720813267200586,0.000721269954627203,0.00126853788303385,0.00406859967965767,0.0590617196469065,6
EDMD hybrid,stress_changed_controller,all,20,0.02,768,0,0,0,0,-0.000626688642614725,0.00684717825319106,0.00687588975405257,0.0171267748623248,0.0447744465593132,-0.0006258467348142,0.00687859535516678,0.00690706681832836,0.0171646490495206,0.0450699319618663,0.0568967617773772,6
EDMD hybrid,stress_changed_controller,nearReversal,20,0.02,93,0,0,0,0,-0.00269078889362721,0.0104390633236712,0.0108058020565522,0.0191072013137514,0.0226264032253469,-0.00267415764480871,0.0104879095484244,0.0108455281912477,0.0190909665453591,0.0232313756356378,0.0324125572342989,6
EDMD hybrid,stress_changed_controller,awayFromReversal,20,0.02,675,0,0,0,0,-0.000344363431916468,0.00612739730148307,0.00613778900612261,0.016018068923491,0.0447744465593132,-0.000345282579923663,0.00615691411541657,0.00616728177138434,0.0162533413336016,0.0450699319618663,0.059491446006854,6
EDMD hybrid,stress_changed_controller,all,50,0.05,768,0,0,0,0,-0.00269661081456251,0.0261612882391982,0.0263000833463616,0.064453469552952,0.154255480872574,-0.00269171048536648,0.026166426822506,0.0263048398220491,0.0643481425419837,0.154293111775721,0.0624890605490663,6
EDMD hybrid,stress_changed_controller,nearReversal,50,0.05,92,0,0,0,0,-0.00700982425203752,0.0313229653513843,0.0321252313813843,0.0621511656750681,0.0748246209614133,-0.00701040696690613,0.031321291541598,0.0321242405068396,0.062213098243816,0.0748087041476493,0.0415316398554947,6
EDMD hybrid,stress_changed_controller,awayFromReversal,50,0.05,676,0,0,0,0,-0.00210796399382775,0.0253085742954307,0.0253966033760781,0.0646059528719886,0.154255480872574,-0.00210225564557719,0.0253147774893191,0.025402508099388,0.0646127576253776,0.154293111775721,0.0648198642529258,6
EDMD hybrid,stress_changed_controller,all,100,0.1,768,0,0,0,0,-0.00976043657203534,0.0787602055890662,0.0793636333629769,0.189971124280543,0.375709543122951,-0.00976185020619731,0.0787799659838676,0.0793833461280632,0.190078302372342,0.375954240387225,0.0975783131665356,6
EDMD hybrid,stress_changed_controller,nearReversal,100,0.1,93,0,0,0,0,-0.0139455874213478,0.0599662682981962,0.0617127129618263,0.121561880847993,0.14766030685494,-0.0139289561725293,0.0600052107387588,0.0617431685233866,0.121544222063914,0.148265279265231,0.0620510629827425,6
EDMD hybrid,stress_changed_controller,awayFromReversal,100,0.1,675,0,0,0,0,-0.00919964161273091,0.0809751045170196,0.0815008899518514,0.195870768279901,0.375709543122951,-0.00920313775137153,0.0809933200882924,0.0815193261444066,0.195657459865728,0.375954240387225,0.101512608451354,6
EDMD hybrid,stress_changed_controller,all,250,0.25,768,0,0,0,0,-0.0617287043597473,0.31268755762992,0.318740665177498,0.647906618835176,1.01299081096692,-0.0617302742055805,0.312699179575548,0.318752290922596,0.647700930323703,1.01324306860672,0.325688599371684,6
EDMD hybrid,stress_changed_controller,nearReversal,250,0.25,92,0,0,0,0,-0.0152526932650433,0.102762774707936,0.10394756333337,0.240758328065785,0.384450195148104,-0.0152532759799119,0.102833457680992,0.104019266510807,0.241229139743289,0.384835991062978,0.104944213000822,6
EDMD hybrid,stress_changed_controller,awayFromReversal,250,0.25,676,0,0,0,0,-0.0680536376960922,0.330620367379273,0.337572294215077,0.651908967030508,1.01299081096692,-0.0680552763163007,0.330629877807204,0.33758179660896,0.65164807534688,1.01324306860672,0.344987471305692,6
Weighted linear hybrid,stress_changed_controller,all,1,0.001,768,0,0,0,0,0.00477159310211696,0.0437606243150125,0.0440906015947296,0.0785324524580378,0.100574300402558,0.00477902645629771,0.0437536974031671,0.0440838028838418,0.0786587403989631,0.101230408078619,0.0484804275401483,6
Weighted linear hybrid,stress_changed_controller,nearReversal,1,0.001,90,0,0,0,0,-0.00176109298297046,0.0143262334709065,0.0145125003287726,0.0468619646534027,0.0619585828839584,-0.0017561089587645,0.0144139834498152,0.0145953104707245,0.0470932277605563,0.0627432511025906,0.0297230393797836,6
Weighted linear hybrid,stress_changed_controller,awayFromReversal,1,0.001,678,0,0,0,0,0.00563876382137635,0.0461617816052945,0.046584758231391,0.0785732912079141,0.100574300402558,0.00564652230785464,0.0461505402894024,0.0465741882949073,0.0787153202289197,0.101230408078619,0.0504435592684793,6
Weighted linear hybrid,stress_changed_controller,all,20,0.02,768,0,0,0,0,0.00658743581569691,0.0669350335759376,0.0673626345667182,0.119447017122319,0.152555476755397,0.00658827772349744,0.0669573536151042,0.067384309419996,0.119635816328492,0.153016244780143,0.0703620514583783,6
Weighted linear hybrid,stress_changed_controller,nearReversal,20,0.02,93,0,0,0,0,-0.00116309396190977,0.0151744192598204,0.0155178396816791,0.0441310587134718,0.0997434390829893,-0.00114646271309127,0.0152181476642394,0.0155486762789382,0.0441133999293924,0.0997691266375778,0.0331559974939596,6
Weighted linear hybrid,stress_changed_controller,awayFromReversal,20,0.02,675,0,0,0,0,0.00766263813716202,0.0710880760808614,0.0716090640799067,0.11954348381241,0.152555476755397,0.00766171898915483,0.0711100443326336,0.0716305304279278,0.119700165518961,0.153016244780143,0.0740463808420734,6
Weighted linear hybrid,stress_changed_controller,all,50,0.05,768,0,0,0,0,0.0123163717667338,0.141612473197342,0.1423605862749,0.252002253314043,0.320888947461944,0.0123212720959298,0.141630166762544,0.142379761414006,0.251896401297754,0.321091968547092,0.143957227524414,6
Weighted linear hybrid,stress_changed_controller,nearReversal,50,0.05,92,0,0,0,0,-0.00701532328189998,0.0313589827235334,0.0321631915481081,0.0620609403510838,0.0750247883303813,-0.00701590599676859,0.0313564264125294,0.0321615711219097,0.0621228729198317,0.0750088715166173,0.0415589064069185,6
Weighted linear hybrid,stress_changed_controller,awayFromReversal,50,0.05,676,0,0,0,0,0.014956754091927,0.150274922580028,0.151283835576282,0.25220439696751,0.320888947461944,0.0149624624401776,0.1502936576841,0.151304421931202,0.252200266510739,0.321091968547092,0.152682642087561,6
Weighted linear hybrid,stress_changed_controller,all,100,0.1,768,0,0,0,0,0.0186953908866763,0.272679880448951,0.273712508441754,0.484088309810514,0.615076466682654,0.0186939772525143,0.272702063240418,0.273733798730147,0.484242169213044,0.614412335436438,0.274886641752823,6
Weighted linear hybrid,stress_changed_controller,nearReversal,100,0.1,93,0,0,0,0,-0.00595875046133471,0.0699236483852787,0.0717137146383602,0.153810379913668,0.244755181707683,-0.00594211921251621,0.0699452594599366,0.0717239459342741,0.153637552333996,0.245165844880938,0.0718518522853741,6
Weighted linear hybrid,stress_changed_controller,awayFromReversal,100,0.1,675,0,0,0,0,0.0221032496536384,0.289543441272869,0.290776233000733,0.484481272617086,0.615076466682654,0.0220997535149978,0.289566305090613,0.29079827906695,0.484706119721754,0.614412335436438,0.292026238573825,6
Weighted linear hybrid,stress_changed_controller,all,250,0.25,768,0,0,0,0,0.00903703208481931,0.664493260773094,0.665375069726352,1.19093972123037,1.49510802261413,0.00903546223898616,0.664524215966084,0.665406884762356,1.19122466955941,1.49450556149124,0.66800549163391,6
Weighted linear hybrid,stress_changed_controller,nearReversal,250,0.25,92,0,0,0,0,0.0482884495721097,0.169198492090532,0.184790910042807,0.365403950571605,0.666599751140585,0.0482878668572411,0.169257593302878,0.184847688232712,0.365595958281353,0.665960835593879,0.184624892955842,6
Weighted linear hybrid,stress_changed_controller,awayFromReversal,250,0.25,676,0,0,0,0,0.00362931801022026,0.704576097813145,0.705107392339236,1.1923578150616,1.49510802261413,0.00362767939001171,0.704607790943904,0.705139855822881,1.19263208068979,1.49450556149124,0.707930035928958,6
Weighted EDMD hybrid,stress_changed_controller,all,1,0.001,768,0,0,0,0,0.0047715893989386,0.043760704621989,0.0440906161893182,0.0785324524580378,0.100574300402558,0.00477902275311934,0.0437537766552377,0.0440838166923302,0.0786587403989631,0.101230408078619,0.0484802383595465,6
Weighted EDMD hybrid,stress_changed_controller,nearReversal,1,0.001,90,0,0,0,0,-0.00176724886273601,0.0143270599779746,0.0145140826494446,0.0468649951553246,0.0619585828839584,-0.00176226483853005,0.0144142567913435,0.0145962009342182,0.0470996320094409,0.0627432511025906,0.0297221241906394,6
Weighted EDMD hybrid,stress_changed_controller,awayFromReversal,1,0.001,678,0,0,0,0,0.00563957677880691,0.046161748903454,0.0465847622149498,0.0785732912079141,0.100574300402558,0.00564733526528519,0.0461505090157513,0.0465741941570663,0.0787153202289197,0.101230408078619,0.0504434213690168,6
Weighted EDMD hybrid,stress_changed_controller,all,20,0.02,768,0,0,0,0,0.0065887407908275,0.066935444953055,0.0673628277324705,0.119447017122319,0.152555476755397,0.00658958269862803,0.0669577937820989,0.0673845325769761,0.119635816328492,0.153016244780143,0.0703621254987167,6
Weighted EDMD hybrid,stress_changed_controller,nearReversal,20,0.02,93,0,0,0,0,-0.00112832202552892,0.0151835199036855,0.0155193127883292,0.044106671203324,0.0997434390829893,-0.00111169077671042,0.0152273255144325,0.0155502924716571,0.0440904364349317,0.0997691266375778,0.033157226790404,6
Weighted EDMD hybrid,stress_changed_controller,awayFromReversal,20,0.02,675,0,0,0,0,0.0076593256717952,0.0710888653495381,0.0716092025662346,0.11954348381241,0.152555476755397,0.007658406523788,0.071110862595159,0.0716306986790529,0.119700165518961,0.153016244780143,0.0740463850152439,6
Weighted EDMD hybrid,stress_changed_controller,all,50,0.05,768,0,0,0,0,0.0123139158853903,0.141615626339663,0.142362434143803,0.252002253314043,0.320888947461944,0.0123188162145863,0.1416333079819,0.142381594340038,0.251896401297754,0.321091968547092,0.143959538197468,6
Weighted EDMD hybrid,stress_changed_controller,nearReversal,50,0.05,92,0,0,0,0,-0.00688482351059903,0.0314052069385802,0.0321815639594922,0.0621511656750681,0.0748246209614133,-0.00688540622546764,0.0314023209623739,0.0321796088610989,0.062213098243816,0.0748087041476493,0.0415598863352123,6
Weighted EDMD hybrid,stress_changed_controller,awayFromReversal,50,0.05,676,0,0,0,0,0.0149361831944557,0.150279393889098,0.151285294819961,0.25220439696751,0.320888947461944,0.0149418915427062,0.150298126147198,0.151305874865869,0.252200266510739,0.321091968547092,0.152685078252299,6
Weighted EDMD hybrid,stress_changed_controller,all,100,0.1,768,0,0,0,0,0.0186401595659059,0.272701760986559,0.273728352683378,0.484088309810514,0.615076466682654,0.0186387459317439,0.27272397085963,0.273749673304456,0.484242169213044,0.614412335436438,0.274896975346862,6
Weighted EDMD hybrid,stress_changed_controller,nearReversal,100,0.1,93,0,0,0,0,-0.00570087708261644,0.0700411591228374,0.0717876286502754,0.15331263991665,0.244755181707683,-0.00568424583379794,0.0700632690447145,0.0717985757284088,0.153139812336978,0.245165844880938,0.0718280324845395,6
Weighted EDMD hybrid,stress_changed_controller,awayFromReversal,100,0.1,675,0,0,0,0,0.0220048900921954,0.28956687337454,0.290790381720142,0.484481272617086,0.615076466682654,0.0220013939535548,0.289589745226626,0.290812437985487,0.484706119721754,0.614412335436438,0.292037851384819,6
Weighted EDMD hybrid,stress_changed_controller,all,250,0.25,768,0,0,0,0,0.0080568742519128,0.664789339381605,0.665666301072412,1.19093972123037,1.49510802261413,0.00805530440607962,0.664820186244403,0.66569800940452,1.19122466955941,1.49450556149124,0.668233724658535,6
Weighted EDMD hybrid,stress_changed_controller,nearReversal,250,0.25,92,0,0,0,0,0.0477004027942442,0.169080877903624,0.184700887750972,0.364149772576137,0.666599751140585,0.0476998200793756,0.169138469564528,0.184756261889773,0.364341780285885,0.665960835593879,0.184333747704667,6
Weighted EDMD hybrid,stress_changed_controller,awayFromReversal,250,0.25,676,0,0,0,0,0.00259684416353215,0.704885206966831,0.705416764745087,1.1923578150616,1.49510802261413,0.0025952055433236,0.704916809866299,0.70544913789029,1.19263208068979,1.49450556149124,0.708176939272792,6
