modelName,regime,runName,runIndex,seed,horizonSamples,horizonSeconds,forecastCount,truthRMSE,measurementRMSE,posteriorTruthRMSE,peakAbsoluteError,catastrophicForecastCount,catastrophicFraction,nonfiniteForecastCount
Nominal physics,nominal,nominal_seed_230101,1,230101,1,0.001,128,0.000122880617602787,0.000511372282202186,0.000122880617602787,0.000402375983749892,0,0,0
Nominal physics,nominal,nominal_seed_230101,1,230101,20,0.02,128,0.000100007368407992,0.000473880080637974,0.000100007368407992,0.000405217994500995,0,0,0
Nominal physics,nominal,nominal_seed_230101,1,230101,50,0.05,128,0.00010547849184088,0.000448049482033857,0.00010547849184088,0.000428450824664084,0,0,0
Nominal physics,nominal,nominal_seed_230101,1,230101,100,0.1,128,0.000107591760544734,0.00047839971681081,0.000107591760544734,0.000437267058994162,0,0,0
Nominal physics,nominal,nominal_seed_230101,1,230101,250,0.25,128,0.000107934870719078,0.000447853902277027,0.000107934870719078,0.000438691746719129,0,0,0
Persistent innovation,nominal,nominal_seed_230101,1,230101,1,0.001,128,0.000184373540384537,0.000543153937517833,0.000120371918489799,0.000702374031402603,0,0,0
Persistent innovation,nominal,nominal_seed_230101,1,230101,20,0.02,128,0.000248483895318346,0.000508844977460547,0.000126033788141664,0.000852906575024915,0,0,0
Persistent innovation,nominal,nominal_seed_230101,1,230101,50,0.05,128,0.000442728638388828,0.000619806748336291,0.000308540685465216,0.0015229325119453,0,0,0
Persistent innovation,nominal,nominal_seed_230101,1,230101,100,0.1,128,0.000781500245875621,0.000953683903070411,0.000644813023198059,0.0026712115911992,0,0,0
Persistent innovation,nominal,nominal_seed_230101,1,230101,250,0.25,128,0.00181285169736708,0.00186477430560285,0.00167537468817837,0.00614248666603597,0,0,0
Linear hybrid,nominal,nominal_seed_230101,1,230101,1,0.001,128,0.000242782385303972,0.000551115894527836,0.000172360089635773,0.000652406026324159,0,0,0
Linear hybrid,nominal,nominal_seed_230101,1,230101,20,0.02,128,0.000843662945678713,0.000965274527348957,0.000159281277876644,0.00228744745501205,0,0,0
Linear hybrid,nominal,nominal_seed_230101,1,230101,50,0.05,128,0.00290135355784433,0.00295949986213751,0.00121952049185147,0.00764927488609921,0,0,0
Linear hybrid,nominal,nominal_seed_230101,1,230101,100,0.1,128,0.00909672639799294,0.00912641106837826,0.00606220240682811,0.0230817299909912,0,0,0
Linear hybrid,nominal,nominal_seed_230101,1,230101,250,0.25,128,0.0413218278535845,0.0413799860845365,0.0364012471605212,0.0955243666659351,0,0,0
EDMD hybrid,nominal,nominal_seed_230101,1,230101,1,0.001,128,0.000241113223635585,0.000550261933386901,0.000172188507576669,0.000649045707072526,0,0,0
EDMD hybrid,nominal,nominal_seed_230101,1,230101,20,0.02,128,0.000822700832071854,0.000947237654327585,0.00015874005378951,0.00206106460734379,0,0,0
EDMD hybrid,nominal,nominal_seed_230101,1,230101,50,0.05,128,0.0028116469081156,0.00287271483633077,0.00118665569845454,0.00678769148010337,0,0,0
EDMD hybrid,nominal,nominal_seed_230101,1,230101,100,0.1,128,0.00882125350056615,0.00885154007933815,0.00587255198954713,0.020487946247651,0,0,0
EDMD hybrid,nominal,nominal_seed_230101,1,230101,250,0.25,128,0.0405257125781234,0.0405871958087163,0.0356351684169867,0.0931373054122389,0,0,0
Weighted linear hybrid,nominal,nominal_seed_230101,1,230101,1,0.001,128,0.000122823861074388,0.000508771941689488,0.000123657105471724,0.000402375983749892,0,0,0
Weighted linear hybrid,nominal,nominal_seed_230101,1,230101,20,0.02,128,0.000112978380274717,0.000475635251659275,0.000101205738064136,0.000605753434794073,0,0,0
Weighted linear hybrid,nominal,nominal_seed_230101,1,230101,50,0.05,128,0.000155523977521398,0.000458829067860775,0.000125760241546827,0.00129238258304856,0,0,0
Weighted linear hybrid,nominal,nominal_seed_230101,1,230101,100,0.1,128,0.000282703140243649,0.000551986330843306,0.000220674708156431,0.00282667390622177,0,0,0
Weighted linear hybrid,nominal,nominal_seed_230101,1,230101,250,0.25,128,0.000764648187839332,0.0008564086949673,0.000751153080917881,0.00800629385757807,0,0,0
Weighted EDMD hybrid,nominal,nominal_seed_230101,1,230101,1,0.001,128,0.000122792150626865,0.000508801917783703,0.00012365541897793,0.000402375983749892,0,0,0
Weighted EDMD hybrid,nominal,nominal_seed_230101,1,230101,20,0.02,128,0.000111772653340518,0.000474927916096717,0.000101239327166478,0.000574764754561103,0,0,0
Weighted EDMD hybrid,nominal,nominal_seed_230101,1,230101,50,0.05,128,0.000147416567797924,0.000456991800690283,0.000123654442288517,0.00117185356237053,0,0,0
Weighted EDMD hybrid,nominal,nominal_seed_230101,1,230101,100,0.1,128,0.000245487551114023,0.000534833303401335,0.000198383452112372,0.00244982697158885,0,0,0
Weighted EDMD hybrid,nominal,nominal_seed_230101,1,230101,250,0.25,128,0.00058804186002404,0.000714522697692243,0.000591001916158709,0.00638742411918455,0,0,0
Nominal physics,nominal,nominal_seed_230102,2,230102,1,0.001,128,8.57496268394491e-05,0.000469672707655122,8.57496268394491e-05,0.000220927700250007,0,0,0
Nominal physics,nominal,nominal_seed_230102,2,230102,20,0.02,128,8.2167180258724e-05,0.000449019068659807,8.2167180258724e-05,0.000246636116473908,0,0,0
Nominal physics,nominal,nominal_seed_230102,2,230102,50,0.05,128,8.72049026003975e-05,0.000471849760798159,8.72049026003975e-05,0.000265047416844633,0,0,0
Nominal physics,nominal,nominal_seed_230102,2,230102,100,0.1,128,8.91435281833666e-05,0.000466115198819559,8.91435281833666e-05,0.000272033673834084,0,0,0
Nominal physics,nominal,nominal_seed_230102,2,230102,250,0.25,128,8.94580055163734e-05,0.000474338283601825,8.94580055163734e-05,0.000273162673446126,0,0,0
Persistent innovation,nominal,nominal_seed_230102,2,230102,1,0.001,128,0.000135739109222807,0.000482888152415173,8.74156481064782e-05,0.00042560204917852,0,0,0
Persistent innovation,nominal,nominal_seed_230102,2,230102,20,0.02,128,0.000218475368407586,0.000497764715896379,0.000106812363277727,0.000719720234608867,0,0,0
Persistent innovation,nominal,nominal_seed_230102,2,230102,50,0.05,128,0.000392578867532998,0.000594056690530381,0.000272455009093976,0.00127767693195857,0,0,0
Persistent innovation,nominal,nominal_seed_230102,2,230102,100,0.1,128,0.000694825885123662,0.000842518453754845,0.000572965178445611,0.0022271230027453,0,0,0
Persistent innovation,nominal,nominal_seed_230102,2,230102,250,0.25,128,0.00161339356595251,0.00166728671017871,0.00149098682847724,0.00509186232564918,0,0,0
Linear hybrid,nominal,nominal_seed_230102,2,230102,1,0.001,128,0.000219596399351872,0.000515527692063399,0.000125988051633305,0.000620723299876502,0,0,0
Linear hybrid,nominal,nominal_seed_230102,2,230102,20,0.02,128,0.00100092718691637,0.00104358247074865,0.000160895130600917,0.00251765397301795,0,0,0
Linear hybrid,nominal,nominal_seed_230102,2,230102,50,0.05,128,0.00383203785132359,0.00382992831202875,0.00149626833510752,0.0087349304049302,0,0,0
Linear hybrid,nominal,nominal_seed_230102,2,230102,100,0.1,128,0.0124801523240554,0.012453971790198,0.00823180549706149,0.0273587054090599,0,0,0
Linear hybrid,nominal,nominal_seed_230102,2,230102,250,0.25,128,0.0580400033972237,0.0580414119746723,0.0510087399094091,0.120228408541489,0,0,0
EDMD hybrid,nominal,nominal_seed_230102,2,230102,1,0.001,128,0.000220404990174942,0.000515967258106799,0.000126440527095245,0.000624331163606662,0,0,0
EDMD hybrid,nominal,nominal_seed_230102,2,230102,20,0.02,128,0.000997348465837625,0.00104069728290215,0.00016139896891913,0.00274206092054946,0,0,0
EDMD hybrid,nominal,nominal_seed_230102,2,230102,50,0.05,128,0.0038214675367569,0.0038252766710171,0.00149127943260012,0.00990963494276292,0,0,0
EDMD hybrid,nominal,nominal_seed_230102,2,230102,100,0.1,128,0.0124537286601272,0.0124246029304658,0.00821275032993843,0.0308685409987473,0,0,0
EDMD hybrid,nominal,nominal_seed_230102,2,230102,250,0.25,128,0.0578693417182585,0.0578658549313875,0.0508801043043761,0.129648881009463,0,0,0
Weighted linear hybrid,nominal,nominal_seed_230102,2,230102,1,0.001,128,8.57496268394491e-05,0.000469672707655122,8.57496268394491e-05,0.000220927700250007,0,0,0
Weighted linear hybrid,nominal,nominal_seed_230102,2,230102,20,0.02,128,8.2167180258724e-05,0.000449019068659807,8.2167180258724e-05,0.000246636116473908,0,0,0
Weighted linear hybrid,nominal,nominal_seed_230102,2,230102,50,0.05,128,8.72049026003975e-05,0.000471849760798159,8.72049026003975e-05,0.000265047416844633,0,0,0
Weighted linear hybrid,nominal,nominal_seed_230102,2,230102,100,0.1,128,8.91435281833666e-05,0.000466115198819559,8.91435281833666e-05,0.000272033673834084,0,0,0
Weighted linear hybrid,nominal,nominal_seed_230102,2,230102,250,0.25,128,8.94580055163734e-05,0.000474338283601825,8.94580055163734e-05,0.000273162673446126,0,0,0
Weighted EDMD hybrid,nominal,nominal_seed_230102,2,230102,1,0.001,128,8.57496268394491e-05,0.000469672707655122,8.57496268394491e-05,0.000220927700250007,0,0,0
Weighted EDMD hybrid,nominal,nominal_seed_230102,2,230102,20,0.02,128,8.2167180258724e-05,0.000449019068659807,8.2167180258724e-05,0.000246636116473908,0,0,0
Weighted EDMD hybrid,nominal,nominal_seed_230102,2,230102,50,0.05,128,8.72049026003975e-05,0.000471849760798159,8.72049026003975e-05,0.000265047416844633,0,0,0
Weighted EDMD hybrid,nominal,nominal_seed_230102,2,230102,100,0.1,128,8.91435281833666e-05,0.000466115198819559,8.91435281833666e-05,0.000272033673834084,0,0,0
Weighted EDMD hybrid,nominal,nominal_seed_230102,2,230102,250,0.25,128,8.94580055163734e-05,0.000474338283601825,8.94580055163734e-05,0.000273162673446126,0,0,0
Nominal physics,nominal,nominal_seed_230103,3,230103,1,0.001,128,0.000157221611644399,0.000462204609222686,0.000157221611644399,0.000831109409043129,0,0,0
Nominal physics,nominal,nominal_seed_230103,3,230103,20,0.02,128,0.00012821750974833,0.000495253765821746,0.00012821750974833,0.000673161953048895,0,0,0
Nominal physics,nominal,nominal_seed_230103,3,230103,50,0.05,128,0.00013451233060361,0.000448731239251915,0.00013451233060361,0.000699431639641146,0,0,0
Nominal physics,nominal,nominal_seed_230103,3,230103,100,0.1,128,0.000136950896427062,0.000461563040215849,0.000136950896427062,0.000709430853389814,0,0,0
Nominal physics,nominal,nominal_seed_230103,3,230103,250,0.25,128,0.000137347136937611,0.000440293042472129,0.000137347136937611,0.000711046721745379,0,0,0
Persistent innovation,nominal,nominal_seed_230103,3,230103,1,0.001,128,0.000223417261745262,0.000492401269679451,0.00015733692081758,0.000966849794585611,0,0,0
Persistent innovation,nominal,nominal_seed_230103,3,230103,20,0.02,128,0.000315686413198578,0.00057563601015556,0.000160990447861909,0.00118754377762106,0,0,0
Persistent innovation,nominal,nominal_seed_230103,3,230103,50,0.05,128,0.000561459020934163,0.000731888843946667,0.000391510047898941,0.00198046210210186,0,0,0
Persistent innovation,nominal,nominal_seed_230103,3,230103,100,0.1,128,0.000990577042900566,0.00104870687226575,0.00081741498452925,0.0033359494794017,0,0,0
Persistent innovation,nominal,nominal_seed_230103,3,230103,250,0.25,128,0.00229718883685552,0.00234768662454018,0.00212301813220842,0.00802630147748623,0,0,0
Linear hybrid,nominal,nominal_seed_230103,3,230103,1,0.001,128,0.000258237461795885,0.000512178957206651,0.000212876778710588,0.000686041547710611,0,0,0
Linear hybrid,nominal,nominal_seed_230103,3,230103,20,0.02,128,0.000770509431763498,0.00092524775842833,0.000193574056384893,0.00285298011478777,0,0,0
Linear hybrid,nominal,nominal_seed_230103,3,230103,50,0.05,128,0.00251459336000378,0.00264608697192328,0.00110352776521043,0.00870613929104762,0,0,0
Linear hybrid,nominal,nominal_seed_230103,3,230103,100,0.1,128,0.00779323051609046,0.00782160279295306,0.00520130499871719,0.0230233978831655,0,0,0
Linear hybrid,nominal,nominal_seed_230103,3,230103,250,0.25,128,0.036595030576649,0.0366142488709767,0.0319969795357438,0.0869442463073561,0,0,0
EDMD hybrid,nominal,nominal_seed_230103,3,230103,1,0.001,128,0.000257105592017512,0.000511386920376001,0.00021256978264417,0.000680316615879209,0,0,0
EDMD hybrid,nominal,nominal_seed_230103,3,230103,20,0.02,128,0.000752620019479602,0.000912250897109026,0.000193683775505558,0.00261142776309323,0,0,0
EDMD hybrid,nominal,nominal_seed_230103,3,230103,50,0.05,128,0.00245283179698462,0.00258872940871125,0.00107679731065506,0.00779854768942598,0,0,0
EDMD hybrid,nominal,nominal_seed_230103,3,230103,100,0.1,128,0.00763787801770258,0.0076688232474075,0.00508500745569694,0.0203192633635938,0,0,0
EDMD hybrid,nominal,nominal_seed_230103,3,230103,250,0.25,128,0.0363908387359507,0.0364062712915942,0.031757067439779,0.0868852774621258,0,0,0
Weighted linear hybrid,nominal,nominal_seed_230103,3,230103,1,0.001,128,0.000157221611644399,0.000462204609222686,0.000157221611644399,0.000831109409043129,0,0,0
Weighted linear hybrid,nominal,nominal_seed_230103,3,230103,20,0.02,128,0.00012821750974833,0.000495253765821746,0.00012821750974833,0.000673161953048895,0,0,0
Weighted linear hybrid,nominal,nominal_seed_230103,3,230103,50,0.05,128,0.00013451233060361,0.000448731239251915,0.00013451233060361,0.000699431639641146,0,0,0
Weighted linear hybrid,nominal,nominal_seed_230103,3,230103,100,0.1,128,0.000136950896427062,0.000461563040215849,0.000136950896427062,0.000709430853389814,0,0,0
Weighted linear hybrid,nominal,nominal_seed_230103,3,230103,250,0.25,128,0.000137347136937611,0.000440293042472129,0.000137347136937611,0.000711046721745379,0,0,0
Weighted EDMD hybrid,nominal,nominal_seed_230103,3,230103,1,0.001,128,0.000157221611644399,0.000462204609222686,0.000157221611644399,0.000831109409043129,0,0,0
Weighted EDMD hybrid,nominal,nominal_seed_230103,3,230103,20,0.02,128,0.00012821750974833,0.000495253765821746,0.00012821750974833,0.000673161953048895,0,0,0
Weighted EDMD hybrid,nominal,nominal_seed_230103,3,230103,50,0.05,128,0.00013451233060361,0.000448731239251915,0.00013451233060361,0.000699431639641146,0,0,0
Weighted EDMD hybrid,nominal,nominal_seed_230103,3,230103,100,0.1,128,0.000136950896427062,0.000461563040215849,0.000136950896427062,0.000709430853389814,0,0,0
Weighted EDMD hybrid,nominal,nominal_seed_230103,3,230103,250,0.25,128,0.000137347136937611,0.000440293042472129,0.000137347136937611,0.000711046721745379,0,0,0
Nominal physics,nominal,nominal_seed_230104,4,230104,1,0.001,128,0.000116496393725971,0.000489106368733905,0.000116496393725971,0.00039256167298915,0,0,0
Nominal physics,nominal,nominal_seed_230104,4,230104,20,0.02,128,9.68840528519469e-05,0.000498223015178758,9.68840528519469e-05,0.000497860868816091,0,0,0
Nominal physics,nominal,nominal_seed_230104,4,230104,50,0.05,128,0.00010228584633972,0.000485877731370686,0.00010228584633972,0.000522445284533712,0,0,0
Nominal physics,nominal,nominal_seed_230104,4,230104,100,0.1,128,0.000104370099997932,0.000491640423294406,0.000104370099997932,0.000531783842137479,0,0,0
Nominal physics,nominal,nominal_seed_230104,4,230104,250,0.25,128,0.000104708457142846,0.000472578620062664,0.000104708457142846,0.00053329286514292,0,0,0
Persistent innovation,nominal,nominal_seed_230104,4,230104,1,0.001,128,0.000155659642755644,0.000497785335963505,0.000120550587821164,0.000549272286045177,0,0,0
Persistent innovation,nominal,nominal_seed_230104,4,230104,20,0.02,128,0.000245285549233989,0.000570907898928631,0.000123133028552792,0.000955279365016604,0,0,0
Persistent innovation,nominal,nominal_seed_230104,4,230104,50,0.05,128,0.000438175081403621,0.000688811267109195,0.000305024198390199,0.00148783490729043,0,0,0
Persistent innovation,nominal,nominal_seed_230104,4,230104,100,0.1,128,0.000774003329334317,0.000959030253768513,0.000638550859156921,0.00248117948450027,0,0,0
Persistent innovation,nominal,nominal_seed_230104,4,230104,250,0.25,128,0.00179570876322253,0.00180545595359225,0.00165953191185082,0.0057730047751014,0,0,0
Linear hybrid,nominal,nominal_seed_230104,4,230104,1,0.001,128,0.000255241059263156,0.000497653988799961,0.000167792348587805,0.000878016737469567,0,0,0
Linear hybrid,nominal,nominal_seed_230104,4,230104,20,0.02,128,0.00102648023328837,0.00121118928007664,0.000180227017994729,0.00255886330259464,0,0,0
Linear hybrid,nominal,nominal_seed_230104,4,230104,50,0.05,128,0.00375102191865511,0.00382210497186063,0.00150915424519275,0.00901677582921961,0,0,0
Linear hybrid,nominal,nominal_seed_230104,4,230104,100,0.1,128,0.0120448521827756,0.0120917088483279,0.00798686712132276,0.026892285755477,0,0,0
Linear hybrid,nominal,nominal_seed_230104,4,230104,250,0.25,128,0.0530245813655133,0.0530630242519275,0.0471426036633927,0.117122696983748,0,0,0
EDMD hybrid,nominal,nominal_seed_230104,4,230104,1,0.001,128,0.000256686535515145,0.00049976226446026,0.000167857534484602,0.000866481573880695,0,0,0
EDMD hybrid,nominal,nominal_seed_230104,4,230104,20,0.02,128,0.0010660087460741,0.00124710998952483,0.000181594009219508,0.00297650587259352,0,0,0
EDMD hybrid,nominal,nominal_seed_230104,4,230104,50,0.05,128,0.00391641478338208,0.00398894930102932,0.00157121846231536,0.0105978840807306,0,0,0
EDMD hybrid,nominal,nominal_seed_230104,4,230104,100,0.1,128,0.0125404920583812,0.0125866471700946,0.00833065290579864,0.0316489397349285,0,0,0
EDMD hybrid,nominal,nominal_seed_230104,4,230104,250,0.25,128,0.054622063272493,0.0546572887025109,0.0486172300946247,0.127194435567585,0,0,0
Weighted linear hybrid,nominal,nominal_seed_230104,4,230104,1,0.001,128,0.000116496393725971,0.000489106368733905,0.000116496393725971,0.00039256167298915,0,0,0
Weighted linear hybrid,nominal,nominal_seed_230104,4,230104,20,0.02,128,9.68840528519469e-05,0.000498223015178758,9.68840528519469e-05,0.000497860868816091,0,0,0
Weighted linear hybrid,nominal,nominal_seed_230104,4,230104,50,0.05,128,0.00010228584633972,0.000485877731370686,0.00010228584633972,0.000522445284533712,0,0,0
Weighted linear hybrid,nominal,nominal_seed_230104,4,230104,100,0.1,128,0.000104370099997932,0.000491640423294406,0.000104370099997932,0.000531783842137479,0,0,0
Weighted linear hybrid,nominal,nominal_seed_230104,4,230104,250,0.25,128,0.000104708457142846,0.000472578620062664,0.000104708457142846,0.00053329286514292,0,0,0
Weighted EDMD hybrid,nominal,nominal_seed_230104,4,230104,1,0.001,128,0.000116496393725971,0.000489106368733905,0.000116496393725971,0.00039256167298915,0,0,0
Weighted EDMD hybrid,nominal,nominal_seed_230104,4,230104,20,0.02,128,9.68840528519469e-05,0.000498223015178758,9.68840528519469e-05,0.000497860868816091,0,0,0
Weighted EDMD hybrid,nominal,nominal_seed_230104,4,230104,50,0.05,128,0.00010228584633972,0.000485877731370686,0.00010228584633972,0.000522445284533712,0,0,0
Weighted EDMD hybrid,nominal,nominal_seed_230104,4,230104,100,0.1,128,0.000104370099997932,0.000491640423294406,0.000104370099997932,0.000531783842137479,0,0,0
Weighted EDMD hybrid,nominal,nominal_seed_230104,4,230104,250,0.25,128,0.000104708457142846,0.000472578620062664,0.000104708457142846,0.00053329286514292,0,0,0
Nominal physics,nominal,nominal_seed_230105,5,230105,1,0.001,128,0.000150290596087972,0.000481964559095939,0.000150290596087972,0.000498991865784559,0,0,0
Nominal physics,nominal,nominal_seed_230105,5,230105,20,0.02,128,0.000123489559497422,0.000445456083961322,0.000123489559497422,0.000462475102577881,0,0,0
Nominal physics,nominal,nominal_seed_230105,5,230105,50,0.05,128,0.000129913100503761,0.00048253394924559,0.000129913100503761,0.000484665070605211,0,0,0
Nominal physics,nominal,nominal_seed_230105,5,230105,100,0.1,128,0.000132398761091067,0.000443501094035013,0.000132398761091067,0.000493116803570011,0,0,0
Nominal physics,nominal,nominal_seed_230105,5,230105,250,0.25,128,0.000132802532492342,0.000452939927635433,0.000132802532492342,0.000494482523842321,0,0,0
Persistent innovation,nominal,nominal_seed_230105,5,230105,1,0.001,128,0.000232995162798197,0.000516552783087096,0.000146879335486681,0.000909363270402808,0,0,0
Persistent innovation,nominal,nominal_seed_230105,5,230105,20,0.02,128,0.000320346039331128,0.000517748077571074,0.000158815822840472,0.00108674501062589,0,0,0
Persistent innovation,nominal,nominal_seed_230105,5,230105,50,0.05,128,0.000572902055058217,0.000719109700800607,0.000398180378212721,0.00205508750266236,0,0,0
Persistent innovation,nominal,nominal_seed_230105,5,230105,100,0.1,128,0.00101271082114551,0.00113386302449715,0.000835279719484523,0.00374031474210659,0,0,0
Persistent innovation,nominal,nominal_seed_230105,5,230105,250,0.25,128,0.00235043577030417,0.00227403323449308,0.00217215718709007,0.00884242575475652,0,0,0
Linear hybrid,nominal,nominal_seed_230105,5,230105,1,0.001,128,0.000269950316822093,0.000488321891238677,0.000205682017311374,0.000752737210510612,0,0,0
Linear hybrid,nominal,nominal_seed_230105,5,230105,20,0.02,128,0.000906175868401596,0.00101282385358384,0.000195349792573822,0.00240218614812157,0,0,0
Linear hybrid,nominal,nominal_seed_230105,5,230105,50,0.05,128,0.00318444133130444,0.00314234044524006,0.0013214848603031,0.0079505766433266,0,0,0
Linear hybrid,nominal,nominal_seed_230105,5,230105,100,0.1,128,0.0100780282579454,0.0100587171223127,0.00671430276119248,0.0258659815242396,0,0,0
Linear hybrid,nominal,nominal_seed_230105,5,230105,250,0.25,128,0.0445880026557466,0.044538615360038,0.0395267139393603,0.117151543800537,0,0,0
EDMD hybrid,nominal,nominal_seed_230105,5,230105,1,0.001,128,0.00027014796286333,0.000488184899581628,0.000205456895375336,0.000747136045339658,0,0,0
EDMD hybrid,nominal,nominal_seed_230105,5,230105,20,0.02,128,0.000929313199160458,0.00103342211020227,0.000196184967630856,0.00251846559853935,0,0,0
EDMD hybrid,nominal,nominal_seed_230105,5,230105,50,0.05,128,0.00329179924222912,0.003248875803282,0.00135877224471174,0.00926262570242387,0,0,0
EDMD hybrid,nominal,nominal_seed_230105,5,230105,100,0.1,128,0.010417603317304,0.0104031752007413,0.00694507965390209,0.029526975506564,0,0,0
EDMD hybrid,nominal,nominal_seed_230105,5,230105,250,0.25,128,0.0457594975379262,0.0457151930875643,0.0406020149771535,0.122101366531085,0,0,0
Weighted linear hybrid,nominal,nominal_seed_230105,5,230105,1,0.001,128,0.000159710064069798,0.000492739350196082,0.000152831257823977,0.000498991865784559,0,0,0
Weighted linear hybrid,nominal,nominal_seed_230105,5,230105,20,0.02,128,0.000196703619670244,0.000475246663268644,0.000129122685441416,0.000948842791171169,0,0,0
Weighted linear hybrid,nominal,nominal_seed_230105,5,230105,50,0.05,128,0.000405375168015512,0.000620469069919771,0.000240777458224533,0.00256183986380176,0,0,0
Weighted linear hybrid,nominal,nominal_seed_230105,5,230105,100,0.1,128,0.00106153416781014,0.0010376536730976,0.00073618931140466,0.00672538284519728,0,0,0
Weighted linear hybrid,nominal,nominal_seed_230105,5,230105,250,0.25,128,0.00432000386597228,0.00434506206111392,0.00392572862339355,0.0241076052607411,0,0,0
Weighted EDMD hybrid,nominal,nominal_seed_230105,5,230105,1,0.001,128,0.000159534545176787,0.000492680241288374,0.00015283933465059,0.000498991865784559,0,0,0
Weighted EDMD hybrid,nominal,nominal_seed_230105,5,230105,20,0.02,128,0.000191364242826957,0.000475507386594507,0.000129258326783454,0.000895030808447508,0,0,0
Weighted EDMD hybrid,nominal,nominal_seed_230105,5,230105,50,0.05,128,0.000375556861252664,0.000602485663638776,0.000231977520974832,0.00234805501046897,0,0,0
Weighted EDMD hybrid,nominal,nominal_seed_230105,5,230105,100,0.1,128,0.000943404058426259,0.000930853747108586,0.000662721239284116,0.00604766590676874,0,0,0
Weighted EDMD hybrid,nominal,nominal_seed_230105,5,230105,250,0.25,128,0.00371877117711178,0.00374867356532942,0.00339391202577093,0.0209182244118156,0,0,0
Nominal physics,nominal,nominal_seed_230106,6,230106,1,0.001,128,0.000104813272851817,0.000485924948836403,0.000104813272851817,0.000410893003350454,0,0,0
Nominal physics,nominal,nominal_seed_230106,6,230106,20,0.02,128,8.1962325293552e-05,0.000439781329630483,8.1962325293552e-05,0.000340002149677887,0,0,0
Nominal physics,nominal,nominal_seed_230106,6,230106,50,0.05,128,8.63775830967236e-05,0.000506044574965586,8.63775830967236e-05,0.00036083269595466,0,0,0
Nominal physics,nominal,nominal_seed_230106,6,230106,100,0.1,128,8.80802526622777e-05,0.000456081372357742,8.80802526622777e-05,0.000368733109719355,0,0,0
Nominal physics,nominal,nominal_seed_230106,6,230106,250,0.25,128,8.83566473648117e-05,0.000501853546827816,8.83566473648117e-05,0.000370009767561089,0,0,0
Persistent innovation,nominal,nominal_seed_230106,6,230106,1,0.001,128,0.000136211516622827,0.000490198069190568,0.000106109431228928,0.000492357807659771,0,0,0
Persistent innovation,nominal,nominal_seed_230106,6,230106,20,0.02,128,0.000190001096987774,0.000471313694673928,0.00010034178063784,0.00071131661507956,0,0,0
Persistent innovation,nominal,nominal_seed_230106,6,230106,50,0.05,128,0.000335354245049753,0.000613380985547557,0.000235100810602414,0.00114449827715901,0,0,0
Persistent innovation,nominal,nominal_seed_230106,6,230106,100,0.1,128,0.000589635399438591,0.000754848678664138,0.000487008647192929,0.0018745837773512,0,0,0
Persistent innovation,nominal,nominal_seed_230106,6,230106,250,0.25,128,0.00136497611838203,0.00149503287245171,0.0012615892683486,0.00407172479716045,0,0,0
Linear hybrid,nominal,nominal_seed_230106,6,230106,1,0.001,128,0.000246738126256671,0.000503738673756772,0.000157236925067643,0.000618221715647516,0,0,0
Linear hybrid,nominal,nominal_seed_230106,6,230106,20,0.02,128,0.0008657602311574,0.000945548804290091,0.00016503096085272,0.00213564842411673,0,0,0
Linear hybrid,nominal,nominal_seed_230106,6,230106,50,0.05,128,0.00305873707029828,0.00312300164895806,0.00126349405595317,0.00775395507763049,0,0,0
Linear hybrid,nominal,nominal_seed_230106,6,230106,100,0.1,128,0.00964920781233779,0.00963153996365179,0.00643090329393685,0.0231055837815275,0,0,0
Linear hybrid,nominal,nominal_seed_230106,6,230106,250,0.25,128,0.0432076540338584,0.0432822401322318,0.0381535504095883,0.103847650779061,0,0,0
EDMD hybrid,nominal,nominal_seed_230106,6,230106,1,0.001,128,0.000247775902422757,0.000506096322730414,0.000157475960263719,0.000606462324829915,0,0,0
EDMD hybrid,nominal,nominal_seed_230106,6,230106,20,0.02,128,0.000894009597262643,0.000974291632220977,0.000166205011021656,0.00240807687821093,0,0,0
EDMD hybrid,nominal,nominal_seed_230106,6,230106,50,0.05,128,0.00318214520959401,0.00324974229010025,0.00130861959311915,0.00877792051291698,0,0,0
EDMD hybrid,nominal,nominal_seed_230106,6,230106,100,0.1,128,0.0100187569095244,0.0100042892089401,0.00668904493093473,0.0261667427495039,0,0,0
EDMD hybrid,nominal,nominal_seed_230106,6,230106,250,0.25,128,0.0440714399631614,0.0441460218417261,0.0390299281148179,0.106880058356084,0,0,0
Weighted linear hybrid,nominal,nominal_seed_230106,6,230106,1,0.001,128,0.000104813272851817,0.000485924948836403,0.000104813272851817,0.000410893003350454,0,0,0
Weighted linear hybrid,nominal,nominal_seed_230106,6,230106,20,0.02,128,8.1962325293552e-05,0.000439781329630483,8.1962325293552e-05,0.000340002149677887,0,0,0
Weighted linear hybrid,nominal,nominal_seed_230106,6,230106,50,0.05,128,8.63775830967236e-05,0.000506044574965586,8.63775830967236e-05,0.00036083269595466,0,0,0
Weighted linear hybrid,nominal,nominal_seed_230106,6,230106,100,0.1,128,8.80802526622777e-05,0.000456081372357742,8.80802526622777e-05,0.000368733109719355,0,0,0
Weighted linear hybrid,nominal,nominal_seed_230106,6,230106,250,0.25,128,8.83566473648117e-05,0.000501853546827816,8.83566473648117e-05,0.000370009767561089,0,0,0
Weighted EDMD hybrid,nominal,nominal_seed_230106,6,230106,1,0.001,128,0.000104813272851817,0.000485924948836403,0.000104813272851817,0.000410893003350454,0,0,0
Weighted EDMD hybrid,nominal,nominal_seed_230106,6,230106,20,0.02,128,8.1962325293552e-05,0.000439781329630483,8.1962325293552e-05,0.000340002149677887,0,0,0
Weighted EDMD hybrid,nominal,nominal_seed_230106,6,230106,50,0.05,128,8.63775830967236e-05,0.000506044574965586,8.63775830967236e-05,0.00036083269595466,0,0,0
Weighted EDMD hybrid,nominal,nominal_seed_230106,6,230106,100,0.1,128,8.80802526622777e-05,0.000456081372357742,8.80802526622777e-05,0.000368733109719355,0,0,0
Weighted EDMD hybrid,nominal,nominal_seed_230106,6,230106,250,0.25,128,8.83566473648117e-05,0.000501853546827816,8.83566473648117e-05,0.000370009767561089,0,0,0
Nominal physics,nominal,nominal_seed_230107,7,230107,1,0.001,128,0.000104214241778832,0.000496807451595266,0.000104214241778832,0.000389373943060989,0,0,0
Nominal physics,nominal,nominal_seed_230107,7,230107,20,0.02,128,8.4626491894918e-05,0.000443777964902879,8.4626491894918e-05,0.000281294629755985,0,0,0
Nominal physics,nominal,nominal_seed_230107,7,230107,50,0.05,128,8.89346068190182e-05,0.00049577934949564,8.89346068190182e-05,0.000300311714309276,0,0,0
Nominal physics,nominal,nominal_seed_230107,7,230107,100,0.1,128,9.0601557379473e-05,0.000443999091647738,9.0601557379473e-05,0.000307528244614816,0,0,0
Nominal physics,nominal,nominal_seed_230107,7,230107,250,0.25,128,9.08724239574635e-05,0.00049454077155592,9.08724239574635e-05,0.00030869438823232,0,0,0
Persistent innovation,nominal,nominal_seed_230107,7,230107,1,0.001,128,0.000139991610117452,0.000508819689352406,0.000106929002884476,0.000475130537930579,0,0,0
Persistent innovation,nominal,nominal_seed_230107,7,230107,20,0.02,128,0.0002128018308343,0.000484496374256786,0.000107247609057036,0.000659926497866156,0,0,0
Persistent innovation,nominal,nominal_seed_230107,7,230107,50,0.05,128,0.000379496197021713,0.000612827517247391,0.00026423379525779,0.00109942080009179,0,0,0
Persistent innovation,nominal,nominal_seed_230107,7,230107,100,0.1,128,0.000670186441239941,0.000755253571644135,0.00055290020331776,0.00199179680732271,0,0,0
Persistent innovation,nominal,nominal_seed_230107,7,230107,250,0.25,128,0.00155489502107912,0.00169083177884846,0.00143697436928135,0.00480117531303827,0,0,0
Linear hybrid,nominal,nominal_seed_230107,7,230107,1,0.001,128,0.000236570135838198,0.000520033801493878,0.000154387855785716,0.000769202301286187,0,0,0
Linear hybrid,nominal,nominal_seed_230107,7,230107,20,0.02,128,0.000814895674091635,0.000970253955898686,0.000168595914698814,0.00282735292382741,0,0,0
Linear hybrid,nominal,nominal_seed_230107,7,230107,50,0.05,128,0.00294139219537455,0.00299034440253188,0.00119388801370917,0.00858254664092623,0,0,0
Linear hybrid,nominal,nominal_seed_230107,7,230107,100,0.1,128,0.00945489974217315,0.00952653865104375,0.00625865007627579,0.0239865279458019,0,0,0
Linear hybrid,nominal,nominal_seed_230107,7,230107,250,0.25,128,0.0435282791383665,0.0435581806737575,0.0382825487793806,0.0935445528580786,0,0,0
EDMD hybrid,nominal,nominal_seed_230107,7,230107,1,0.001,128,0.000236706563322407,0.000520120348914417,0.000154186328090077,0.000784328349746399,0,0,0
EDMD hybrid,nominal,nominal_seed_230107,7,230107,20,0.02,128,0.000815350199442516,0.000966057727365597,0.000167520497051561,0.00305015714115564,0,0,0
EDMD hybrid,nominal,nominal_seed_230107,7,230107,50,0.05,128,0.00293088717538744,0.00298451024672826,0.00119309311511092,0.00944056495886303,0,0,0
EDMD hybrid,nominal,nominal_seed_230107,7,230107,100,0.1,128,0.00941106599969659,0.00948006251032127,0.00622970472270823,0.0265742281443883,0,0,0
EDMD hybrid,nominal,nominal_seed_230107,7,230107,250,0.25,128,0.0435144408031738,0.0435448658057524,0.0382365351486763,0.0969860902339011,0,0,0
Weighted linear hybrid,nominal,nominal_seed_230107,7,230107,1,0.001,128,0.000104214241778832,0.000496807451595266,0.000104214241778832,0.000389373943060989,0,0,0
Weighted linear hybrid,nominal,nominal_seed_230107,7,230107,20,0.02,128,8.4626491894918e-05,0.000443777964902879,8.4626491894918e-05,0.000281294629755985,0,0,0
Weighted linear hybrid,nominal,nominal_seed_230107,7,230107,50,0.05,128,8.89346068190182e-05,0.00049577934949564,8.89346068190182e-05,0.000300311714309276,0,0,0
Weighted linear hybrid,nominal,nominal_seed_230107,7,230107,100,0.1,128,9.0601557379473e-05,0.000443999091647738,9.0601557379473e-05,0.000307528244614816,0,0,0
Weighted linear hybrid,nominal,nominal_seed_230107,7,230107,250,0.25,128,9.08724239574635e-05,0.00049454077155592,9.08724239574635e-05,0.00030869438823232,0,0,0
Weighted EDMD hybrid,nominal,nominal_seed_230107,7,230107,1,0.001,128,0.000104214241778832,0.000496807451595266,0.000104214241778832,0.000389373943060989,0,0,0
Weighted EDMD hybrid,nominal,nominal_seed_230107,7,230107,20,0.02,128,8.4626491894918e-05,0.000443777964902879,8.4626491894918e-05,0.000281294629755985,0,0,0
Weighted EDMD hybrid,nominal,nominal_seed_230107,7,230107,50,0.05,128,8.89346068190182e-05,0.00049577934949564,8.89346068190182e-05,0.000300311714309276,0,0,0
Weighted EDMD hybrid,nominal,nominal_seed_230107,7,230107,100,0.1,128,9.0601557379473e-05,0.000443999091647738,9.0601557379473e-05,0.000307528244614816,0,0,0
Weighted EDMD hybrid,nominal,nominal_seed_230107,7,230107,250,0.25,128,9.08724239574635e-05,0.00049454077155592,9.08724239574635e-05,0.00030869438823232,0,0,0
Nominal physics,nominal,nominal_seed_230108,8,230108,1,0.001,128,0.000126868652655139,0.000465761596616893,0.000126868652655139,0.000506295773732901,0,0,0
Nominal physics,nominal,nominal_seed_230108,8,230108,20,0.02,128,9.66553935961389e-05,0.000486648910436242,9.66553935961389e-05,0.000373553406546337,0,0,0
Nominal physics,nominal,nominal_seed_230108,8,230108,50,0.05,128,0.000101781015292299,0.000520463680555494,0.000101781015292299,0.000386391296132095,0,0,0
Nominal physics,nominal,nominal_seed_230108,8,230108,100,0.1,128,0.000103761475826426,0.000497541286407505,0.000103761475826426,0.000391288547669066,0,0,0
Nominal physics,nominal,nominal_seed_230108,8,230108,250,0.25,128,0.000104083018435177,0.000519946128499894,0.000104083018435177,0.000392079875243145,0,0,0
Persistent innovation,nominal,nominal_seed_230108,8,230108,1,0.001,128,0.000186939629239309,0.000492485548048371,0.000125656611899744,0.000807233804979643,0,0,0
Persistent innovation,nominal,nominal_seed_230108,8,230108,20,0.02,128,0.00025794216373603,0.000535481153789601,0.000126097345077278,0.000869018471268537,0,0,0
Persistent innovation,nominal,nominal_seed_230108,8,230108,50,0.05,128,0.000462254361811128,0.000708383719335505,0.000320910515544386,0.00143207885772973,0,0,0
Persistent innovation,nominal,nominal_seed_230108,8,230108,100,0.1,128,0.00081745639228587,0.000979544801567091,0.000674190408768237,0.00240062690644405,0,0,0
Persistent innovation,nominal,nominal_seed_230108,8,230108,250,0.25,128,0.00189710361438933,0.00201989979940008,0.0017532376412447,0.0053314793536276,0,0,0
Linear hybrid,nominal,nominal_seed_230108,8,230108,1,0.001,128,0.000245333576950215,0.000514840847842698,0.000178321589699825,0.000689539152328542,0,0,0
Linear hybrid,nominal,nominal_seed_230108,8,230108,20,0.02,128,0.000970151656187385,0.00107480390244654,0.000163019376804307,0.00271458668157704,0,0,0
Linear hybrid,nominal,nominal_seed_230108,8,230108,50,0.05,128,0.00347218957950751,0.0034743705192897,0.00142731594095144,0.00864336648266251,0,0,0
Linear hybrid,nominal,nominal_seed_230108,8,230108,100,0.1,128,0.010915572938749,0.0108944942141937,0.00728963873918461,0.0236099080756098,0,0,0
Linear hybrid,nominal,nominal_seed_230108,8,230108,250,0.25,128,0.0493390248378793,0.0492847380266638,0.0433521090668187,0.0923821220775348,0,0,0
EDMD hybrid,nominal,nominal_seed_230108,8,230108,1,0.001,128,0.000244982341129962,0.000514248536702514,0.000178529695182926,0.00070218155599934,0,0,0
EDMD hybrid,nominal,nominal_seed_230108,8,230108,20,0.02,128,0.000992854634170893,0.00109364006345396,0.000164053356847611,0.00292046178605182,0,0,0
EDMD hybrid,nominal,nominal_seed_230108,8,230108,50,0.05,128,0.00356918373638778,0.00357193681102098,0.0014637955428471,0.00973314773629741,0,0,0
EDMD hybrid,nominal,nominal_seed_230108,8,230108,100,0.1,128,0.0111960217448736,0.0111741189680309,0.00748916393216932,0.0268773384081741,0,0,0
EDMD hybrid,nominal,nominal_seed_230108,8,230108,250,0.25,128,0.0499120509091531,0.0498572265287377,0.0439460168919479,0.0998390798083296,0,0,0
Weighted linear hybrid,nominal,nominal_seed_230108,8,230108,1,0.001,128,0.000126868652655139,0.000465761596616893,0.000126868652655139,0.000506295773732901,0,0,0
Weighted linear hybrid,nominal,nominal_seed_230108,8,230108,20,0.02,128,9.66553935961389e-05,0.000486648910436242,9.66553935961389e-05,0.000373553406546337,0,0,0
Weighted linear hybrid,nominal,nominal_seed_230108,8,230108,50,0.05,128,0.000101781015292299,0.000520463680555494,0.000101781015292299,0.000386391296132095,0,0,0
Weighted linear hybrid,nominal,nominal_seed_230108,8,230108,100,0.1,128,0.000103761475826426,0.000497541286407505,0.000103761475826426,0.000391288547669066,0,0,0
Weighted linear hybrid,nominal,nominal_seed_230108,8,230108,250,0.25,128,0.000104083018435177,0.000519946128499894,0.000104083018435177,0.000392079875243145,0,0,0
Weighted EDMD hybrid,nominal,nominal_seed_230108,8,230108,1,0.001,128,0.000126868652655139,0.000465761596616893,0.000126868652655139,0.000506295773732901,0,0,0
Weighted EDMD hybrid,nominal,nominal_seed_230108,8,230108,20,0.02,128,9.66553935961389e-05,0.000486648910436242,9.66553935961389e-05,0.000373553406546337,0,0,0
Weighted EDMD hybrid,nominal,nominal_seed_230108,8,230108,50,0.05,128,0.000101781015292299,0.000520463680555494,0.000101781015292299,0.000386391296132095,0,0,0
Weighted EDMD hybrid,nominal,nominal_seed_230108,8,230108,100,0.1,128,0.000103761475826426,0.000497541286407505,0.000103761475826426,0.000391288547669066,0,0,0
Weighted EDMD hybrid,nominal,nominal_seed_230108,8,230108,250,0.25,128,0.000104083018435177,0.000519946128499894,0.000104083018435177,0.000392079875243145,0,0,0
Nominal physics,nominal,nominal_seed_230109,9,230109,1,0.001,128,0.000114854806222002,0.000474006111414176,0.000114854806222002,0.000314198144920522,0,0,0
Nominal physics,nominal,nominal_seed_230109,9,230109,20,0.02,128,0.000107054321903431,0.000476140487709396,0.000107054321903431,0.000546236413786927,0,0,0
Nominal physics,nominal,nominal_seed_230109,9,230109,50,0.05,128,0.000113222687331296,0.00046863436960069,0.000113222687331296,0.000577718291841722,0,0,0
Nominal physics,nominal,nominal_seed_230109,9,230109,100,0.1,128,0.000115599851179312,0.000471760788535221,0.000115599851179312,0.000589680471924037,0,0,0
Nominal physics,nominal,nominal_seed_230109,9,230109,250,0.25,128,0.000115985632217387,0.00046579684209171,0.000115985632217387,0.000591613591679335,0,0,0
Persistent innovation,nominal,nominal_seed_230109,9,230109,1,0.001,128,0.0001671193457899,0.000495864288956972,0.000119554528962832,0.000738475252284765,0,0,0
Persistent innovation,nominal,nominal_seed_230109,9,230109,20,0.02,128,0.000279279346395064,0.000554241013759465,0.000137971258337897,0.00125891300974412,0,0,0
Persistent innovation,nominal,nominal_seed_230109,9,230109,50,0.05,128,0.000500524173003801,0.000716614705502974,0.000347806263158501,0.00208183453513755,0,0,0
Persistent innovation,nominal,nominal_seed_230109,9,230109,100,0.1,128,0.000885069591385976,0.00100474893682073,0.000730002821092959,0.00347991133504594,0,0,0
Persistent innovation,nominal,nominal_seed_230109,9,230109,250,0.25,128,0.00205418591420658,0.00213564340580824,0.00189838189973964,0.00769644228086888,0,0,0
Linear hybrid,nominal,nominal_seed_230109,9,230109,1,0.001,128,0.000263281216769629,0.000545234994984275,0.000165379169774381,0.000741877372895605,0,0,0
Linear hybrid,nominal,nominal_seed_230109,9,230109,20,0.02,128,0.000860295114337081,0.000978641465046802,0.000185551955424505,0.00204185252261524,0,0,0
Linear hybrid,nominal,nominal_seed_230109,9,230109,50,0.05,128,0.00294702612179363,0.00296416191760119,0.00124233560762834,0.0067122813336688,0,0,0
Linear hybrid,nominal,nominal_seed_230109,9,230109,100,0.1,128,0.00930506753483495,0.00937733896747795,0.00618378947114971,0.0214596401007837,0,0,0
Linear hybrid,nominal,nominal_seed_230109,9,230109,250,0.25,128,0.0433510310169495,0.043354568771645,0.0379752628466247,0.0994922930582149,0,0,0
EDMD hybrid,nominal,nominal_seed_230109,9,230109,1,0.001,128,0.000264161658252487,0.000544496475286233,0.00016566101870619,0.000746034063411602,0,0,0
EDMD hybrid,nominal,nominal_seed_230109,9,230109,20,0.02,128,0.000878081206455232,0.000994072791836143,0.0001862113788921,0.00213806852128162,0,0,0
EDMD hybrid,nominal,nominal_seed_230109,9,230109,50,0.05,128,0.00302847565868,0.00304396196636005,0.00127126677827459,0.0074698882011886,0,0,0
EDMD hybrid,nominal,nominal_seed_230109,9,230109,100,0.1,128,0.00954995076161475,0.00961887557648424,0.00635492452434381,0.0232274398526524,0,0,0
EDMD hybrid,nominal,nominal_seed_230109,9,230109,250,0.25,128,0.0440237945635222,0.0440232929937402,0.0386150101815509,0.101153418872573,0,0,0
Weighted linear hybrid,nominal,nominal_seed_230109,9,230109,1,0.001,128,0.000114854806222002,0.000474006111414176,0.000114854806222002,0.000314198144920522,0,0,0
Weighted linear hybrid,nominal,nominal_seed_230109,9,230109,20,0.02,128,0.000107054321903431,0.000476140487709396,0.000107054321903431,0.000546236413786927,0,0,0
Weighted linear hybrid,nominal,nominal_seed_230109,9,230109,50,0.05,128,0.000113222687331296,0.00046863436960069,0.000113222687331296,0.000577718291841722,0,0,0
Weighted linear hybrid,nominal,nominal_seed_230109,9,230109,100,0.1,128,0.000115599851179312,0.000471760788535221,0.000115599851179312,0.000589680471924037,0,0,0
Weighted linear hybrid,nominal,nominal_seed_230109,9,230109,250,0.25,128,0.000115985632217387,0.00046579684209171,0.000115985632217387,0.000591613591679335,0,0,0
Weighted EDMD hybrid,nominal,nominal_seed_230109,9,230109,1,0.001,128,0.000114854806222002,0.000474006111414176,0.000114854806222002,0.000314198144920522,0,0,0
Weighted EDMD hybrid,nominal,nominal_seed_230109,9,230109,20,0.02,128,0.000107054321903431,0.000476140487709396,0.000107054321903431,0.000546236413786927,0,0,0
Weighted EDMD hybrid,nominal,nominal_seed_230109,9,230109,50,0.05,128,0.000113222687331296,0.00046863436960069,0.000113222687331296,0.000577718291841722,0,0,0
Weighted EDMD hybrid,nominal,nominal_seed_230109,9,230109,100,0.1,128,0.000115599851179312,0.000471760788535221,0.000115599851179312,0.000589680471924037,0,0,0
Weighted EDMD hybrid,nominal,nominal_seed_230109,9,230109,250,0.25,128,0.000115985632217387,0.00046579684209171,0.000115985632217387,0.000591613591679335,0,0,0
Nominal physics,nominal,nominal_seed_230110,10,230110,1,0.001,128,0.000126305715551811,0.000516039030352326,0.000126305715551811,0.000763924239243957,0,0,0
Nominal physics,nominal,nominal_seed_230110,10,230110,20,0.02,128,0.00010816591712412,0.000493395910064965,0.00010816591712412,0.000418014781227161,0,0,0
Nominal physics,nominal,nominal_seed_230110,10,230110,50,0.05,128,0.000113712747354825,0.000460303304876478,0.000113712747354825,0.000444065147150952,0,0,0
Nominal physics,nominal,nominal_seed_230110,10,230110,100,0.1,128,0.000115865114089091,0.000492708335011804,0.000115865114089091,0.000453960471802073,0,0,0
Nominal physics,nominal,nominal_seed_230110,10,230110,250,0.25,128,0.000116215106690791,0.000462552776925521,0.000116215106690791,0.000455559513424297,0,0,0
Persistent innovation,nominal,nominal_seed_230110,10,230110,1,0.001,128,0.000172317047338383,0.000514319803378877,0.000128959764540514,0.000769780483838772,0,0,0
Persistent innovation,nominal,nominal_seed_230110,10,230110,20,0.02,128,0.000260267823224894,0.00054760693283564,0.000134386468101696,0.00109780461094239,0,0,0
Persistent innovation,nominal,nominal_seed_230110,10,230110,50,0.05,128,0.000462228583405178,0.00063155073787946,0.000322826893164874,0.00187877330327946,0,0,0
Persistent innovation,nominal,nominal_seed_230110,10,230110,100,0.1,128,0.000814906196093753,0.000948702648925318,0.000672613322089873,0.00321082039595721,0,0,0
Persistent innovation,nominal,nominal_seed_230110,10,230110,250,0.25,128,0.00188909671121894,0.00193569394130038,0.00174589207942523,0.00723253284490932,0,0,0
Linear hybrid,nominal,nominal_seed_230110,10,230110,1,0.001,128,0.000255680546870378,0.00055974105749023,0.000176714476427992,0.000745487246258281,0,0,0
Linear hybrid,nominal,nominal_seed_230110,10,230110,20,0.02,128,0.00083926163880236,0.000991681117101885,0.000188507488232106,0.00248013249608495,0,0,0
Linear hybrid,nominal,nominal_seed_230110,10,230110,50,0.05,128,0.00291997805109341,0.00298727725137373,0.001216111047742,0.0090862319561722,0,0,0
Linear hybrid,nominal,nominal_seed_230110,10,230110,100,0.1,128,0.00922549782552826,0.00925236929984334,0.00614803814620104,0.0290768908719176,0,0,0
Linear hybrid,nominal,nominal_seed_230110,10,230110,250,0.25,128,0.0405971579278458,0.0406348171740211,0.0360386061577949,0.125352103876264,0,0,0
EDMD hybrid,nominal,nominal_seed_230110,10,230110,1,0.001,128,0.000257604454492824,0.000560286224081361,0.000176915132229788,0.000751512791774156,0,0,0
EDMD hybrid,nominal,nominal_seed_230110,10,230110,20,0.02,128,0.000891399329992035,0.00103695026319613,0.000189820593828829,0.00281903749414034,0,0,0
EDMD hybrid,nominal,nominal_seed_230110,10,230110,50,0.05,128,0.00314693640874745,0.00321170859807038,0.00129950962670063,0.0103759352143427,0,0,0
EDMD hybrid,nominal,nominal_seed_230110,10,230110,100,0.1,128,0.00990527453937942,0.00992516464736999,0.00662167185313596,0.0329582304276212,0,0,0
EDMD hybrid,nominal,nominal_seed_230110,10,230110,250,0.25,128,0.0424605101163247,0.0424982015458505,0.0378362407586226,0.135605809161156,0,0,0
Weighted linear hybrid,nominal,nominal_seed_230110,10,230110,1,0.001,128,0.000126305715551811,0.000516039030352326,0.000126305715551811,0.000763924239243957,0,0,0
Weighted linear hybrid,nominal,nominal_seed_230110,10,230110,20,0.02,128,0.00010816591712412,0.000493395910064965,0.00010816591712412,0.000418014781227161,0,0,0
Weighted linear hybrid,nominal,nominal_seed_230110,10,230110,50,0.05,128,0.000113712747354825,0.000460303304876478,0.000113712747354825,0.000444065147150952,0,0,0
Weighted linear hybrid,nominal,nominal_seed_230110,10,230110,100,0.1,128,0.000115865114089091,0.000492708335011804,0.000115865114089091,0.000453960471802073,0,0,0
Weighted linear hybrid,nominal,nominal_seed_230110,10,230110,250,0.25,128,0.000116215106690791,0.000462552776925521,0.000116215106690791,0.000455559513424297,0,0,0
Weighted EDMD hybrid,nominal,nominal_seed_230110,10,230110,1,0.001,128,0.000126305715551811,0.000516039030352326,0.000126305715551811,0.000763924239243957,0,0,0
Weighted EDMD hybrid,nominal,nominal_seed_230110,10,230110,20,0.02,128,0.00010816591712412,0.000493395910064965,0.00010816591712412,0.000418014781227161,0,0,0
Weighted EDMD hybrid,nominal,nominal_seed_230110,10,230110,50,0.05,128,0.000113712747354825,0.000460303304876478,0.000113712747354825,0.000444065147150952,0,0,0
Weighted EDMD hybrid,nominal,nominal_seed_230110,10,230110,100,0.1,128,0.000115865114089091,0.000492708335011804,0.000115865114089091,0.000453960471802073,0,0,0
Weighted EDMD hybrid,nominal,nominal_seed_230110,10,230110,250,0.25,128,0.000116215106690791,0.000462552776925521,0.000116215106690791,0.000455559513424297,0,0,0
Nominal physics,varied,varied_seed_230201,11,230201,1,0.001,128,0.00623614027599195,0.00630715703073502,0.00623614027599195,0.0119848876022899,0,0,0
Nominal physics,varied,varied_seed_230201,11,230201,20,0.02,128,0.0094879214646999,0.0095432859828251,0.0094879214646999,0.018427386330394,0,0,0
Nominal physics,varied,varied_seed_230201,11,230201,50,0.05,128,0.0199810897804091,0.0199944522895259,0.0199810897804091,0.0384235750534763,0,0,0
Nominal physics,varied,varied_seed_230201,11,230201,100,0.1,128,0.0380727619821133,0.0381377055139816,0.0380727619821133,0.0727680218342065,0,0,0
Nominal physics,varied,varied_seed_230201,11,230201,250,0.25,128,0.0883084473773342,0.0882794208646635,0.0883084473773342,0.163481226388853,0,0,0
Persistent innovation,varied,varied_seed_230201,11,230201,1,0.001,128,0.000387299922375458,0.000567649355733255,0.00746636737992196,0.000890051066793185,0,0,0
Persistent innovation,varied,varied_seed_230201,11,230201,20,0.02,128,0.00127354122937422,0.00126014150203185,0.00749961657841106,0.00278600749549832,0,0,0
Persistent innovation,varied,varied_seed_230201,11,230201,50,0.05,128,0.00422664708112189,0.00429794726673988,0.00817369062381869,0.00857592318211553,0,0,0
Persistent innovation,varied,varied_seed_230201,11,230201,100,0.1,128,0.0129355329345156,0.0128713078503332,0.0136270644555262,0.025703823407563,0,0,0
Persistent innovation,varied,varied_seed_230201,11,230201,250,0.25,128,0.0632652006522407,0.0633220589262854,0.0604514687714693,0.118991172703966,0,0,0
Linear hybrid,varied,varied_seed_230201,11,230201,1,0.001,128,0.000281752449482237,0.000513730593556723,0.00747197311964482,0.000760728239053515,0,0,0
Linear hybrid,varied,varied_seed_230201,11,230201,20,0.02,128,0.00122184670574454,0.00122988971365156,0.00748082944139454,0.0029727650324822,0,0,0
Linear hybrid,varied,varied_seed_230201,11,230201,50,0.05,128,0.00437564728793344,0.00438255443345062,0.00797728349325352,0.0104674332438161,0,0,0
Linear hybrid,varied,varied_seed_230201,11,230201,100,0.1,128,0.0137380623344833,0.0136655249030096,0.0133313317334992,0.0317080645603199,0,0,0
Linear hybrid,varied,varied_seed_230201,11,230201,250,0.25,128,0.0597180936618935,0.0597518859172055,0.0570880961869358,0.130455895072252,0,0,0
EDMD hybrid,varied,varied_seed_230201,11,230201,1,0.001,128,0.000281064031989986,0.000514585791646472,0.00747249623486249,0.000764377793332466,0,0,0
EDMD hybrid,varied,varied_seed_230201,11,230201,20,0.02,128,0.0012358634718844,0.00124447138499513,0.00748347181288434,0.00284602082782842,0,0,0
EDMD hybrid,varied,varied_seed_230201,11,230201,50,0.05,128,0.00444929844435063,0.00445340154641912,0.00792693950883099,0.00998358323981158,0,0,0
EDMD hybrid,varied,varied_seed_230201,11,230201,100,0.1,128,0.0139836748707545,0.0139119076240798,0.0132824477985693,0.0306505148691121,0,0,0
EDMD hybrid,varied,varied_seed_230201,11,230201,250,0.25,128,0.0602879461462082,0.0603224789177908,0.0575172125519468,0.132692027160898,0,0,0
Weighted linear hybrid,varied,varied_seed_230201,11,230201,1,0.001,128,0.00071965426010151,0.000834284785672326,0.00745949966769034,0.00324160604892243,0,0,0
Weighted linear hybrid,varied,varied_seed_230201,11,230201,20,0.02,128,0.00161557114537888,0.00160952007926326,0.00750692302670058,0.00486838103757831,0,0,0
Weighted linear hybrid,varied,varied_seed_230201,11,230201,50,0.05,128,0.00492762595745902,0.00492827810362478,0.00824423807457964,0.0104674332438161,0,0,0
Weighted linear hybrid,varied,varied_seed_230201,11,230201,100,0.1,128,0.0143833074084272,0.014314777011364,0.013976748310518,0.0317080645603199,0,0,0
Weighted linear hybrid,varied,varied_seed_230201,11,230201,250,0.25,128,0.0604763874068823,0.0605069096330376,0.0579008550240134,0.130455895072252,0,0,0
Weighted EDMD hybrid,varied,varied_seed_230201,11,230201,1,0.001,128,0.000719421303126565,0.000834914918324433,0.00746000208699913,0.00324160604892243,0,0,0
Weighted EDMD hybrid,varied,varied_seed_230201,11,230201,20,0.02,128,0.00162634258356287,0.00162071196930921,0.00750946135718589,0.00486838103757831,0,0,0
Weighted EDMD hybrid,varied,varied_seed_230201,11,230201,50,0.05,128,0.00499285729469104,0.00499079206332974,0.00819712782916445,0.0101088196723029,0,0,0
Weighted EDMD hybrid,varied,varied_seed_230201,11,230201,100,0.1,128,0.0146144539843592,0.01454663746828,0.0139330133540831,0.0306505148691121,0,0,0
Weighted EDMD hybrid,varied,varied_seed_230201,11,230201,250,0.25,128,0.0610189648787476,0.0610502810642961,0.0583138265424192,0.132692027160898,0,0,0
Nominal physics,varied,varied_seed_230202,12,230202,1,0.001,128,0.00877461279452125,0.00879049569200815,0.00877461279452125,0.0182662918787255,0,0,0
Nominal physics,varied,varied_seed_230202,12,230202,20,0.02,128,0.0133921799323624,0.0133498567055948,0.0133921799323624,0.0277454527113137,0,0,0
Nominal physics,varied,varied_seed_230202,12,230202,50,0.05,128,0.0282948503497059,0.0282678804858567,0.0282948503497059,0.058145621272963,0,0,0
Nominal physics,varied,varied_seed_230202,12,230202,100,0.1,128,0.0543392748450331,0.0543037199003184,0.0543392748450331,0.110370291955601,0,0,0
Nominal physics,varied,varied_seed_230202,12,230202,250,0.25,128,0.129993913111192,0.13000046357479,0.129993913111192,0.252195504486655,32,0.25,0
Persistent innovation,varied,varied_seed_230202,12,230202,1,0.001,128,0.00055527442784908,0.000714411880186692,0.0105018491305927,0.00133274482507928,0,0,0
Persistent innovation,varied,varied_seed_230202,12,230202,20,0.02,128,0.0018439244786922,0.00186048378966498,0.010602158657008,0.00377713802363104,0,0,0
Persistent innovation,varied,varied_seed_230202,12,230202,50,0.05,128,0.00622194863282877,0.0061897895182579,0.0117873678933021,0.0122234361290499,0,0,0
Persistent innovation,varied,varied_seed_230202,12,230202,100,0.1,128,0.0192003293654817,0.0191620212626708,0.0203911427672086,0.0378942373092258,0,0,0
Persistent innovation,varied,varied_seed_230202,12,230202,250,0.25,128,0.0939938253369824,0.0939464809417083,0.0905229150516977,0.177990291835535,3,0.0234375,0
Linear hybrid,varied,varied_seed_230202,12,230202,1,0.001,128,0.000290549428188149,0.00052258623006599,0.0105056017536205,0.000858831168056046,0,0,0
Linear hybrid,varied,varied_seed_230202,12,230202,20,0.02,128,0.00167649979342083,0.00175138415990158,0.0105737440035871,0.00414184476110727,0,0,0
Linear hybrid,varied,varied_seed_230202,12,230202,50,0.05,128,0.00658117884001992,0.00654638498789523,0.0117320120638436,0.0147571443933472,0,0,0
Linear hybrid,varied,varied_seed_230202,12,230202,100,0.1,128,0.0216391795990692,0.0216220653136807,0.0216125575609623,0.0443767122845709,0,0,0
Linear hybrid,varied,varied_seed_230202,12,230202,250,0.25,128,0.10231044361014,0.102254770709972,0.0986462883620217,0.191232215052057,6,0.046875,0
EDMD hybrid,varied,varied_seed_230202,12,230202,1,0.001,128,0.000291067743865813,0.000521434611274735,0.0105055057921563,0.000863405922042676,0,0,0
EDMD hybrid,varied,varied_seed_230202,12,230202,20,0.02,128,0.001688715068521,0.00176194503424991,0.0105737818420712,0.00412308499477246,0,0,0
EDMD hybrid,varied,varied_seed_230202,12,230202,50,0.05,128,0.00662804429698794,0.00659335285143583,0.0117419287063478,0.0146779245468838,0,0,0
EDMD hybrid,varied,varied_seed_230202,12,230202,100,0.1,128,0.0217776715035719,0.0217593135165889,0.0216895416350796,0.0441155275017228,0,0,0
EDMD hybrid,varied,varied_seed_230202,12,230202,250,0.25,128,0.102697628198503,0.102641752739094,0.0990113030301476,0.193545586565844,9,0.0703125,0
Weighted linear hybrid,varied,varied_seed_230202,12,230202,1,0.001,128,0.00142796758378084,0.00151049137484384,0.01046650361205,0.00723050038976088,0,0,0
Weighted linear hybrid,varied,varied_seed_230202,12,230202,20,0.02,128,0.00277461393396087,0.00280928255489023,0.0106620842296235,0.0114188166871284,0,0,0
Weighted linear hybrid,varied,varied_seed_230202,12,230202,50,0.05,128,0.00808564324484799,0.00806005110950699,0.0124743300552674,0.0243159322460417,0,0,0
Weighted linear hybrid,varied,varied_seed_230202,12,230202,100,0.1,128,0.023265699775522,0.0232475907440599,0.0231564977698862,0.0454671274937906,0,0,0
Weighted linear hybrid,varied,varied_seed_230202,12,230202,250,0.25,128,0.102876034049784,0.102815959579101,0.0992716679707146,0.191232215052057,6,0.046875,0
Weighted EDMD hybrid,varied,varied_seed_230202,12,230202,1,0.001,128,0.00142805903386916,0.00151013649499861,0.0104664448241888,0.00723050038976088,0,0,0
Weighted EDMD hybrid,varied,varied_seed_230202,12,230202,20,0.02,128,0.00278017569466073,0.00281425892469402,0.0106622894749784,0.0114188166871284,0,0,0
Weighted EDMD hybrid,varied,varied_seed_230202,12,230202,50,0.05,128,0.00811417058693311,0.00808838443883423,0.0124797401051243,0.0243159322460417,0,0,0
Weighted EDMD hybrid,varied,varied_seed_230202,12,230202,100,0.1,128,0.0233640422001599,0.0233447157822809,0.023205126600266,0.0454671274937906,0,0,0
Weighted EDMD hybrid,varied,varied_seed_230202,12,230202,250,0.25,128,0.103238366258629,0.103178652847066,0.0996069550903416,0.193545586565844,9,0.0703125,0
Nominal physics,varied,varied_seed_230203,13,230203,1,0.001,128,0.00862016595658487,0.00861660972075938,0.00862016595658487,0.0173281894422093,0,0,0
Nominal physics,varied,varied_seed_230203,13,230203,20,0.02,128,0.0130968260369988,0.0131048455593904,0.0130968260369988,0.0263871420107979,0,0,0
Nominal physics,varied,varied_seed_230203,13,230203,50,0.05,128,0.0274951699192373,0.0275278546597632,0.0274951699192373,0.0551526470815917,0,0,0
Nominal physics,varied,varied_seed_230203,13,230203,100,0.1,128,0.0520870997900727,0.0520940960302781,0.0520870997900727,0.103875060404512,0,0,0
Nominal physics,varied,varied_seed_230203,13,230203,250,0.25,128,0.117226499023613,0.117248104922111,0.117226499023613,0.224985895240161,17,0.1328125,0
Persistent innovation,varied,varied_seed_230203,13,230203,1,0.001,128,0.000588592248168562,0.000723975990534239,0.0103196517754608,0.00138025722448881,0,0,0
Persistent innovation,varied,varied_seed_230203,13,230203,20,0.02,128,0.00196750450631642,0.00199157269516503,0.0103571643501397,0.00398705906330954,0,0,0
Persistent innovation,varied,varied_seed_230203,13,230203,50,0.05,128,0.00663059597031346,0.00666116567523919,0.0114610178110668,0.0131303397092551,0,0,0
Persistent innovation,varied,varied_seed_230203,13,230203,100,0.1,128,0.020270202046996,0.0202266405795331,0.0204335302468536,0.0398801149380308,0,0,0
Persistent innovation,varied,varied_seed_230203,13,230203,250,0.25,128,0.0940212317319092,0.0940519488108943,0.089385875003555,0.180683653672857,2,0.015625,0
Linear hybrid,varied,varied_seed_230203,13,230203,1,0.001,128,0.000287301568952763,0.000510081082045285,0.0103208391663825,0.000779966902756599,0,0,0
Linear hybrid,varied,varied_seed_230203,13,230203,20,0.02,128,0.00167353594698419,0.00175914945010491,0.0103202868954278,0.00357987577374358,0,0,0
Linear hybrid,varied,varied_seed_230203,13,230203,50,0.05,128,0.00655802055493734,0.00658769495573196,0.0113845338303747,0.0132424569025402,0,0,0
Linear hybrid,varied,varied_seed_230203,13,230203,100,0.1,128,0.0212117262261942,0.0212168318549426,0.0210657980328935,0.0400748297016842,0,0,0
Linear hybrid,varied,varied_seed_230203,13,230203,250,0.25,128,0.0915391077942901,0.0915197333055336,0.0892244308128535,0.173988601360928,0,0,0
EDMD hybrid,varied,varied_seed_230203,13,230203,1,0.001,128,0.000288300436914972,0.000510774173603822,0.0103207988143241,0.000774954898228472,0,0,0
EDMD hybrid,varied,varied_seed_230203,13,230203,20,0.02,128,0.00168347212452902,0.0017699297523234,0.0103213809648431,0.00359982786463869,0,0,0
EDMD hybrid,varied,varied_seed_230203,13,230203,50,0.05,128,0.00659002694219596,0.00661805046954156,0.0113721312082718,0.0132871298842172,0,0,0
EDMD hybrid,varied,varied_seed_230203,13,230203,100,0.1,128,0.0212701558189019,0.0212746971689826,0.0210479934013368,0.0427718054564489,0,0,0
EDMD hybrid,varied,varied_seed_230203,13,230203,250,0.25,128,0.0913603752036677,0.0913406960892239,0.0890075945217742,0.176820275537339,1,0.0078125,0
Weighted linear hybrid,varied,varied_seed_230203,13,230203,1,0.001,128,0.00131046781161411,0.00134011847758705,0.0102870541931236,0.00868735670711007,0,0,0
Weighted linear hybrid,varied,varied_seed_230203,13,230203,20,0.02,128,0.00271198477778751,0.00278692727461854,0.0104020601153231,0.0141790306948699,0,0,0
Weighted linear hybrid,varied,varied_seed_230203,13,230203,50,0.05,128,0.00809967695031095,0.00813085578571691,0.0121544007613604,0.0320907642088063,0,0,0
Weighted linear hybrid,varied,varied_seed_230203,13,230203,100,0.1,128,0.0231923215074044,0.0231968801258183,0.022909146133298,0.0663920033581843,0,0,0
Weighted linear hybrid,varied,varied_seed_230203,13,230203,250,0.25,128,0.0941549971625328,0.0941427627723446,0.0917472191511235,0.173988601360928,0,0,0
Weighted EDMD hybrid,varied,varied_seed_230203,13,230203,1,0.001,128,0.00131065463138727,0.00134024091254805,0.0102870147187502,0.00868735670711007,0,0,0
Weighted EDMD hybrid,varied,varied_seed_230203,13,230203,20,0.02,128,0.00272157637098669,0.00279738876604297,0.010402924903536,0.0141790306948699,0,0,0
Weighted EDMD hybrid,varied,varied_seed_230203,13,230203,50,0.05,128,0.00814577304217477,0.00817590285858041,0.0121485861016962,0.0320907642088063,0,0,0
Weighted EDMD hybrid,varied,varied_seed_230203,13,230203,100,0.1,128,0.0233207602915784,0.0233252015365494,0.0229445410475534,0.0663920033581843,0,0,0
Weighted EDMD hybrid,varied,varied_seed_230203,13,230203,250,0.25,128,0.0942649630217824,0.0942527572576929,0.0918053953908384,0.176820275537339,1,0.0078125,0
Nominal physics,varied,varied_seed_230204,14,230204,1,0.001,128,0.00779391915339974,0.00779909730991871,0.00779391915339974,0.0127998612609145,0,0,0
Nominal physics,varied,varied_seed_230204,14,230204,20,0.02,128,0.011859717771599,0.0118295401719965,0.011859717771599,0.0194508744144056,0,0,0
Nominal physics,varied,varied_seed_230204,14,230204,50,0.05,128,0.0249740711515795,0.0249425909775811,0.0249740711515795,0.0408996166386643,0,0,0
Nominal physics,varied,varied_seed_230204,14,230204,100,0.1,128,0.0476527949584731,0.0476127372449606,0.0476527949584731,0.0779769046706009,0,0,0
Nominal physics,varied,varied_seed_230204,14,230204,250,0.25,128,0.111856780021143,0.111869352226709,0.111856780021143,0.181610120901962,7,0.0546875,0
Persistent innovation,varied,varied_seed_230204,14,230204,1,0.001,128,0.00040103602922307,0.000610375026686822,0.00933701699092337,0.00109722086983654,0,0,0
Persistent innovation,varied,varied_seed_230204,14,230204,20,0.02,128,0.00126430731733391,0.00137214324294417,0.00935634541652668,0.00272692661919209,0,0,0
Persistent innovation,varied,varied_seed_230204,14,230204,50,0.05,128,0.00422957915160957,0.00416338826858894,0.00985914258381898,0.0083666030224618,0,0,0
Persistent innovation,varied,varied_seed_230204,14,230204,100,0.1,128,0.0130328597246336,0.0130705153606838,0.0146752188666488,0.0242411103577322,0,0,0
Persistent innovation,varied,varied_seed_230204,14,230204,250,0.25,128,0.0650171564878472,0.0649201161581012,0.0621552204293735,0.119702786633085,0,0,0
Linear hybrid,varied,varied_seed_230204,14,230204,1,0.001,128,0.000249119136241408,0.000507339851933247,0.00933143697926515,0.000597782661848234,0,0,0
Linear hybrid,varied,varied_seed_230204,14,230204,20,0.02,128,0.000953144114456557,0.00106140373916158,0.00932557873109635,0.00223201055620741,0,0,0
Linear hybrid,varied,varied_seed_230204,14,230204,50,0.05,128,0.00341267925601854,0.00336925277766617,0.010083153133613,0.00735092023403528,0,0,0
Linear hybrid,varied,varied_seed_230204,14,230204,100,0.1,128,0.0108420029144616,0.0108024312568037,0.0148001012731298,0.0228849779250065,0,0,0
Linear hybrid,varied,varied_seed_230204,14,230204,250,0.25,128,0.049756966611383,0.0496995432101892,0.0512893994961864,0.108735278815493,0,0,0
EDMD hybrid,varied,varied_seed_230204,14,230204,1,0.001,128,0.000249535637213082,0.000507953667225188,0.00933119087651472,0.000604855670423787,0,0,0
EDMD hybrid,varied,varied_seed_230204,14,230204,20,0.02,128,0.000962848427875439,0.00106999111209736,0.00932428730747064,0.00223779611431585,0,0,0
EDMD hybrid,varied,varied_seed_230204,14,230204,50,0.05,128,0.00345311901811612,0.00340985311748519,0.0101103037393494,0.00735436546475219,0,0,0
EDMD hybrid,varied,varied_seed_230204,14,230204,100,0.1,128,0.0109816116853633,0.0109427763648248,0.0149444161860696,0.0228506560217604,0,0,0
EDMD hybrid,varied,varied_seed_230204,14,230204,250,0.25,128,0.0505642389693288,0.0505087080747206,0.052073071555428,0.11136882753763,0,0,0
Weighted linear hybrid,varied,varied_seed_230204,14,230204,1,0.001,128,0.00114315718312214,0.00120184152681388,0.00930264272685614,0.00665637935193432,0,0,0
Weighted linear hybrid,varied,varied_seed_230204,14,230204,20,0.02,128,0.00206038777310024,0.00208883744279096,0.00939138950570054,0.0107570117546431,0,0,0
Weighted linear hybrid,varied,varied_seed_230204,14,230204,50,0.05,128,0.00535034492726305,0.00527765592406171,0.0107324404299281,0.0247530562998177,0,0,0
Weighted linear hybrid,varied,varied_seed_230204,14,230204,100,0.1,128,0.0137928587907948,0.0137723228561636,0.0168749552501389,0.0538495409688735,0,0,0
Weighted linear hybrid,varied,varied_seed_230204,14,230204,250,0.25,128,0.0549879459761397,0.0549208041901716,0.0560739095117204,0.162373136699838,0,0,0
Weighted EDMD hybrid,varied,varied_seed_230204,14,230204,1,0.001,128,0.00114321541284716,0.00120197608599601,0.00930243119713817,0.00665637935193432,0,0,0
Weighted EDMD hybrid,varied,varied_seed_230204,14,230204,20,0.02,128,0.00206356690444006,0.00209224579333502,0.00939019348766583,0.0107570117546431,0,0,0
Weighted EDMD hybrid,varied,varied_seed_230204,14,230204,50,0.05,128,0.00536773530897061,0.00529553785563606,0.010754844995976,0.0247530562998177,0,0,0
Weighted EDMD hybrid,varied,varied_seed_230204,14,230204,100,0.1,128,0.0138658247181815,0.0138453425911327,0.0169780043394637,0.0538495409688735,0,0,0
Weighted EDMD hybrid,varied,varied_seed_230204,14,230204,250,0.25,128,0.0554966029635607,0.0554310898627167,0.0565954302881219,0.162373136699838,0,0,0
Nominal physics,varied,varied_seed_230205,15,230205,1,0.001,128,0.00924139263683908,0.00922668236635331,0.00924139263683908,0.017557947401685,0,0,0
Nominal physics,varied,varied_seed_230205,15,230205,20,0.02,128,0.0140917014833318,0.0141325959611981,0.0140917014833318,0.0263813098043667,0,0,0
Nominal physics,varied,varied_seed_230205,15,230205,50,0.05,128,0.0297669146834151,0.0297032131357258,0.0297669146834151,0.0554246231913049,0,0,0
Nominal physics,varied,varied_seed_230205,15,230205,100,0.1,128,0.0568656466205846,0.0569133100671704,0.0568656466205846,0.104718409047932,0,0,0
Nominal physics,varied,varied_seed_230205,15,230205,250,0.25,128,0.130542751645226,0.130446696254791,0.130542751645226,0.232555800889516,23,0.1796875,0
Persistent innovation,varied,varied_seed_230205,15,230205,1,0.001,128,0.000548636765910242,0.000708425481451618,0.0110606042849517,0.00108656314602082,0,0,0
Persistent innovation,varied,varied_seed_230205,15,230205,20,0.02,128,0.00188673915580598,0.00187761620198671,0.0111517553863638,0.00344119692019459,0,0,0
Persistent innovation,varied,varied_seed_230205,15,230205,50,0.05,128,0.00636530957554692,0.00639227697459518,0.0123257397419659,0.0116503140431896,0,0,0
Persistent innovation,varied,varied_seed_230205,15,230205,100,0.1,128,0.0193091968411958,0.0192843254796727,0.0205967681316402,0.0349834675781349,0,0,0
Persistent innovation,varied,varied_seed_230205,15,230205,250,0.25,128,0.0866495506062149,0.0865961651151434,0.0827327439684032,0.166609278696838,0,0,0
Linear hybrid,varied,varied_seed_230205,15,230205,1,0.001,128,0.000252437971079081,0.000492747844914993,0.011070492622174,0.000804254678001826,0,0,0
Linear hybrid,varied,varied_seed_230205,15,230205,20,0.02,128,0.00163049670276912,0.00166955643296479,0.0110778274839433,0.00465840040484083,0,0,0
Linear hybrid,varied,varied_seed_230205,15,230205,50,0.05,128,0.00626284182645575,0.00624629993526717,0.0125218785178677,0.0165609612326497,0,0,0
Linear hybrid,varied,varied_seed_230205,15,230205,100,0.1,128,0.0199156113369938,0.0199140221756632,0.0218922298046494,0.0500490393137544,0,0,0
Linear hybrid,varied,varied_seed_230205,15,230205,250,0.25,128,0.0846772490982065,0.0846146573564201,0.082913511627963,0.204307453240888,2,0.015625,0
EDMD hybrid,varied,varied_seed_230205,15,230205,1,0.001,128,0.000250317402054168,0.000491149372704437,0.0110698470642321,0.000776936505485826,0,0,0
EDMD hybrid,varied,varied_seed_230205,15,230205,20,0.02,128,0.00161867366556891,0.00165529548738697,0.0110769051467451,0.00436625225558052,0,0,0
EDMD hybrid,varied,varied_seed_230205,15,230205,50,0.05,128,0.00620498332958192,0.00618825446652341,0.0125283659842248,0.0154131257134905,0,0,0
EDMD hybrid,varied,varied_seed_230205,15,230205,100,0.1,128,0.0197006963461369,0.0196975672677864,0.0217921746089614,0.0476575804207052,0,0,0
EDMD hybrid,varied,varied_seed_230205,15,230205,250,0.25,128,0.0837310355805704,0.0836711662998102,0.0820230827919167,0.199404430945833,2,0.015625,0
Weighted linear hybrid,varied,varied_seed_230205,15,230205,1,0.001,128,0.00253396788668674,0.00254477987900127,0.0109486543075917,0.0146929476212784,0,0,0
Weighted linear hybrid,varied,varied_seed_230205,15,230205,20,0.02,128,0.00441928579583159,0.00445112678547624,0.0113568521051287,0.023542393669552,0,0,0
Weighted linear hybrid,varied,varied_seed_230205,15,230205,50,0.05,128,0.0109881709078426,0.0109744248866284,0.0148985398147298,0.0518160841369125,0,0,0
Weighted linear hybrid,varied,varied_seed_230205,15,230205,100,0.1,128,0.0266848187718242,0.0266987260417481,0.0276859906005681,0.102869536747763,0,0,0
Weighted linear hybrid,varied,varied_seed_230205,15,230205,250,0.25,128,0.0950420145813891,0.0949916391522847,0.0928159168088396,0.232555800889516,8,0.0625,0
Weighted EDMD hybrid,varied,varied_seed_230205,15,230205,1,0.001,128,0.00253395937745895,0.00254478364333885,0.0109478650686914,0.0146929476212784,0,0,0
Weighted EDMD hybrid,varied,varied_seed_230205,15,230205,20,0.02,128,0.00442415110265246,0.0044551629483434,0.0113547557215372,0.023542393669552,0,0,0
Weighted EDMD hybrid,varied,varied_seed_230205,15,230205,50,0.05,128,0.01101284702157,0.0109986945027696,0.0149291821050517,0.0518160841369125,0,0,0
Weighted EDMD hybrid,varied,varied_seed_230205,15,230205,100,0.1,128,0.0267574277659339,0.0267707574163346,0.0277799846238639,0.102869536747763,0,0,0
Weighted EDMD hybrid,varied,varied_seed_230205,15,230205,250,0.25,128,0.0949791210332241,0.0949316113127364,0.0928172959300797,0.232555800889516,8,0.0625,0
Nominal physics,varied,varied_seed_230206,16,230206,1,0.001,128,0.00777242044387595,0.00778419329831301,0.00777242044387595,0.015338992156399,0,0,0
Nominal physics,varied,varied_seed_230206,16,230206,20,0.02,128,0.0118645687553523,0.0119010987857733,0.0118645687553523,0.0232086459665641,0,0,0
Nominal physics,varied,varied_seed_230206,16,230206,50,0.05,128,0.0250934622291266,0.0251521139692834,0.0250934622291266,0.0489187818104528,0,0,0
Nominal physics,varied,varied_seed_230206,16,230206,100,0.1,128,0.0481797007565815,0.0482185176167658,0.0481797007565815,0.092831373502322,0,0,0
Nominal physics,varied,varied_seed_230206,16,230206,250,0.25,128,0.114895013197182,0.114938852315065,0.114895013197182,0.209481882204723,22,0.171875,0
Persistent innovation,varied,varied_seed_230206,16,230206,1,0.001,128,0.000468786686517226,0.000692158564671179,0.00930515578046835,0.000986477192453102,0,0,0
Persistent innovation,varied,varied_seed_230206,16,230206,20,0.02,128,0.0015990835620195,0.00171338127675144,0.00938784055740441,0.00310893422667011,0,0,0
Persistent innovation,varied,varied_seed_230206,16,230206,50,0.05,128,0.00540287149065657,0.00548729931893089,0.0104096639731993,0.010351480618787,0,0,0
Persistent innovation,varied,varied_seed_230206,16,230206,100,0.1,128,0.016520332188408,0.0165923838719923,0.0176853763847061,0.0314799923121916,0,0,0
Persistent innovation,varied,varied_seed_230206,16,230206,250,0.25,128,0.0774689357679241,0.0774987610547735,0.074595824730897,0.148260494840232,0,0,0
Linear hybrid,varied,varied_seed_230206,16,230206,1,0.001,128,0.000282719198153833,0.000533698055080238,0.00931325726199825,0.000907622912457828,0,0,0
Linear hybrid,varied,varied_seed_230206,16,230206,20,0.02,128,0.00114560169982363,0.00124219033387983,0.00934434729388102,0.00327441586340271,0,0,0
Linear hybrid,varied,varied_seed_230206,16,230206,50,0.05,128,0.0040649684899993,0.00413283842982125,0.0100608480684121,0.0108140997401109,0,0,0
Linear hybrid,varied,varied_seed_230206,16,230206,100,0.1,128,0.0128272728727176,0.0127884011133355,0.0152219931905854,0.0335923857890506,0,0,0
Linear hybrid,varied,varied_seed_230206,16,230206,250,0.25,128,0.0595942953184727,0.0596745483475717,0.0586226445638628,0.155209027995988,0,0,0
EDMD hybrid,varied,varied_seed_230206,16,230206,1,0.001,128,0.000282163551120599,0.000532166101030278,0.00931370741151141,0.000851317989721462,0,0,0
EDMD hybrid,varied,varied_seed_230206,16,230206,20,0.02,128,0.00115540346379752,0.00125424299433113,0.00934528384782819,0.00335970255688506,0,0,0
EDMD hybrid,varied,varied_seed_230206,16,230206,50,0.05,128,0.0041279946480377,0.00419299162069749,0.0100439385413918,0.0113734587090994,0,0,0
EDMD hybrid,varied,varied_seed_230206,16,230206,100,0.1,128,0.0130570374183501,0.0130180314156513,0.0152750493622111,0.0360686266189684,0,0,0
EDMD hybrid,varied,varied_seed_230206,16,230206,250,0.25,128,0.0602529392473337,0.060330530548585,0.0592684169163832,0.162468391188904,0,0,0
Weighted linear hybrid,varied,varied_seed_230206,16,230206,1,0.001,128,0.0020263142514525,0.00204133394965111,0.00922156156907495,0.0103415410339406,0,0,0
Weighted linear hybrid,varied,varied_seed_230206,16,230206,20,0.02,128,0.00342760174220377,0.00338341997499463,0.00954011455318202,0.0157300136474951,0,0,0
Weighted linear hybrid,varied,varied_seed_230206,16,230206,50,0.05,128,0.00814458340638027,0.00814629603408139,0.011893559342315,0.0331024128617327,0,0,0
Weighted linear hybrid,varied,varied_seed_230206,16,230206,100,0.1,128,0.0189075381503306,0.0188652909239536,0.0202153652522946,0.0622755084021667,0,0,0
Weighted linear hybrid,varied,varied_seed_230206,16,230206,250,0.25,128,0.0666697888436876,0.0667280166392841,0.0656965023012388,0.155209027995988,0,0,0
Weighted EDMD hybrid,varied,varied_seed_230206,16,230206,1,0.001,128,0.00202615917942448,0.00204090851974911,0.00922215843827147,0.0103415410339406,0,0,0
Weighted EDMD hybrid,varied,varied_seed_230206,16,230206,20,0.02,128,0.00342930306892211,0.00338668463260768,0.00954128588460272,0.0157300136474951,0,0,0
Weighted EDMD hybrid,varied,varied_seed_230206,16,230206,50,0.05,128,0.00816804370140057,0.00816916153773146,0.0118724669391981,0.0331024128617327,0,0,0
Weighted EDMD hybrid,varied,varied_seed_230206,16,230206,100,0.1,128,0.0190350686184715,0.0189929059622623,0.0202239616813434,0.0622755084021667,0,0,0
Weighted EDMD hybrid,varied,varied_seed_230206,16,230206,250,0.25,128,0.0671394095359009,0.0671960760748701,0.0661596024833159,0.162468391188904,0,0,0
Nominal physics,varied,varied_seed_230207,17,230207,1,0.001,128,0.00797986121592051,0.00797761163043249,0.00797986121592051,0.01571059744114,0,0,0
Nominal physics,varied,varied_seed_230207,17,230207,20,0.02,128,0.0121307594508614,0.0121233869994844,0.0121307594508614,0.0238483731294202,0,0,0
Nominal physics,varied,varied_seed_230207,17,230207,50,0.05,128,0.0254888617119295,0.025467697671077,0.0254888617119295,0.0501448919521161,0,0,0
Nominal physics,varied,varied_seed_230207,17,230207,100,0.1,128,0.0484137825077932,0.0484136825278714,0.0484137825077932,0.0952546304116809,0,0,0
Nominal physics,varied,varied_seed_230207,17,230207,250,0.25,128,0.11236666558639,0.112345705039261,0.11236666558639,0.212229592750106,15,0.1171875,0
Persistent innovation,varied,varied_seed_230207,17,230207,1,0.001,128,0.000525186806380283,0.000734611293141655,0.00955730693228828,0.00148093810497457,0,0,0
Persistent innovation,varied,varied_seed_230207,17,230207,20,0.02,128,0.00163530253141595,0.00167532481697682,0.00958097170836866,0.00349030131220918,0,0,0
Persistent innovation,varied,varied_seed_230207,17,230207,50,0.05,128,0.00546174947821269,0.00550928846477843,0.0103711021954572,0.0108074280617111,0,0,0
Persistent innovation,varied,varied_seed_230207,17,230207,100,0.1,128,0.0166383042362285,0.0166061708400927,0.0172890466479889,0.032644623463831,0,0,0
Persistent innovation,varied,varied_seed_230207,17,230207,250,0.25,128,0.0772171639153276,0.077197822135549,0.0736419626160288,0.152185479180236,0,0,0
Linear hybrid,varied,varied_seed_230207,17,230207,1,0.001,128,0.000282996308832465,0.000545813989523809,0.00955268807568506,0.000691931173939453,0,0,0
Linear hybrid,varied,varied_seed_230207,17,230207,20,0.02,128,0.000961132676727126,0.00110819133430161,0.00954793206266191,0.00265274495411189,0,0,0
Linear hybrid,varied,varied_seed_230207,17,230207,50,0.05,128,0.00319959093264366,0.00324596818468083,0.0102314007217984,0.00850552592185899,0,0,0
Linear hybrid,varied,varied_seed_230207,17,230207,100,0.1,128,0.00985535268485666,0.00985521196709092,0.0144929274661508,0.0242062148452205,0,0,0
Linear hybrid,varied,varied_seed_230207,17,230207,250,0.25,128,0.0430277037981041,0.0430140708199292,0.0451845560593241,0.10171974041006,0,0,0
EDMD hybrid,varied,varied_seed_230207,17,230207,1,0.001,128,0.000284192988636472,0.000547829664301357,0.00955254658944327,0.000697724746192646,0,0,0
EDMD hybrid,varied,varied_seed_230207,17,230207,20,0.02,128,0.000977644387324573,0.0011242156895973,0.00954667197331216,0.00270067680624331,0,0,0
EDMD hybrid,varied,varied_seed_230207,17,230207,50,0.05,128,0.00327347113709147,0.00332046920299244,0.0102550566837115,0.00871322889378773,0,0,0
EDMD hybrid,varied,varied_seed_230207,17,230207,100,0.1,128,0.0100844701488078,0.0100861951121501,0.0146528268932168,0.024922674824449,0,0,0
EDMD hybrid,varied,varied_seed_230207,17,230207,250,0.25,128,0.0436037888295718,0.0435875893056292,0.0457211633961499,0.100365514529254,0,0,0
Weighted linear hybrid,varied,varied_seed_230207,17,230207,1,0.001,128,0.00144443258035885,0.00149801183692346,0.0095077139584862,0.00704552161628971,0,0,0
Weighted linear hybrid,varied,varied_seed_230207,17,230207,20,0.02,128,0.00228122737763239,0.00227090769099198,0.00963194393075677,0.0103844012326928,0,0,0
Weighted linear hybrid,varied,varied_seed_230207,17,230207,50,0.05,128,0.00520458067808751,0.00524074861576049,0.010987504378604,0.0207934642094215,0,0,0
Weighted linear hybrid,varied,varied_seed_230207,17,230207,100,0.1,128,0.0121903526288977,0.0121537003316053,0.0163589126690148,0.0366587915549543,0,0,0
Weighted linear hybrid,varied,varied_seed_230207,17,230207,250,0.25,128,0.0469349866683062,0.0469238418777582,0.0490741689706504,0.10171974041006,0,0,0
Weighted EDMD hybrid,varied,varied_seed_230207,17,230207,1,0.001,128,0.00144470104002047,0.0014987342524909,0.00950754709060537,0.00704552161628971,0,0,0
Weighted EDMD hybrid,varied,varied_seed_230207,17,230207,20,0.02,128,0.0022881116363752,0.0022785978677791,0.00963068951722961,0.0103844012326928,0,0,0
Weighted EDMD hybrid,varied,varied_seed_230207,17,230207,50,0.05,128,0.00524906175867895,0.00528594726005428,0.0110099501570399,0.0207934642094215,0,0,0
Weighted EDMD hybrid,varied,varied_seed_230207,17,230207,100,0.1,128,0.0123699249902257,0.0123351333130533,0.0165010464990427,0.0366587915549543,0,0,0
Weighted EDMD hybrid,varied,varied_seed_230207,17,230207,250,0.25,128,0.0474589709725915,0.0474454124767048,0.0495712560436841,0.100365514529254,0,0,0
Nominal physics,varied,varied_seed_230208,18,230208,1,0.001,128,0.00788071537377653,0.00788171496720116,0.00788071537377653,0.0155384716649248,0,0,0
Nominal physics,varied,varied_seed_230208,18,230208,20,0.02,128,0.0120135886144742,0.0119621050456525,0.0120135886144742,0.0233353612826528,0,0,0
Nominal physics,varied,varied_seed_230208,18,230208,50,0.05,128,0.0253167970183398,0.0252936907201652,0.0253167970183398,0.0490695561256863,0,0,0
Nominal physics,varied,varied_seed_230208,18,230208,100,0.1,128,0.0483538645309325,0.0483024025404199,0.0483538645309325,0.0931877107890354,0,0,0
Nominal physics,varied,varied_seed_230208,18,230208,250,0.25,128,0.112955583491527,0.112962475229025,0.112955583491527,0.211145541897154,21,0.1640625,0
Persistent innovation,varied,varied_seed_230208,18,230208,1,0.001,128,0.000474520497267647,0.000705037096236823,0.00943591766970058,0.00104276302135697,0,0,0
Persistent innovation,varied,varied_seed_230208,18,230208,20,0.02,128,0.00151622334012597,0.00156187951226846,0.00949694792426005,0.00307046232710717,0,0,0
Persistent innovation,varied,varied_seed_230208,18,230208,50,0.05,128,0.00506944140302921,0.00502250271223395,0.0103002776492211,0.0100077773539607,0,0,0
Persistent innovation,varied,varied_seed_230208,18,230208,100,0.1,128,0.0155761803011545,0.0155439112062289,0.0167646084335384,0.0305680148819349,0,0,0
Persistent innovation,varied,varied_seed_230208,18,230208,250,0.25,128,0.0768739047231054,0.0768194002281911,0.0735891162919549,0.148140598477591,0,0,0
Linear hybrid,varied,varied_seed_230208,18,230208,1,0.001,128,0.00025516933433165,0.000524431821237513,0.00942998902056958,0.000817725932399385,0,0,0
Linear hybrid,varied,varied_seed_230208,18,230208,20,0.02,128,0.0011226786359781,0.00119718096367021,0.00946945612092535,0.00259513667701246,0,0,0
Linear hybrid,varied,varied_seed_230208,18,230208,50,0.05,128,0.00414127718683644,0.0040880330735878,0.0103150022883864,0.00915138774943797,0,0,0
Linear hybrid,varied,varied_seed_230208,18,230208,100,0.1,128,0.0134403825137579,0.0134058983432372,0.0159127549363861,0.0288499066222526,0,0,0
Linear hybrid,varied,varied_seed_230208,18,230208,250,0.25,128,0.0640580688091322,0.0640089427509378,0.0618731566873423,0.135042389257819,0,0,0
EDMD hybrid,varied,varied_seed_230208,18,230208,1,0.001,128,0.000255073167602574,0.000522188958757766,0.00942973841919459,0.000823841160367225,0,0,0
EDMD hybrid,varied,varied_seed_230208,18,230208,20,0.02,128,0.00112053932888134,0.00119463487886252,0.0094680211840845,0.00266017378463581,0,0,0
EDMD hybrid,varied,varied_seed_230208,18,230208,50,0.05,128,0.00414223120663398,0.00408331542206092,0.0103446711556161,0.00938978119195805,0,0,0
EDMD hybrid,varied,varied_seed_230208,18,230208,100,0.1,128,0.0135000182810749,0.0134649595788711,0.0160594709181475,0.029304827240215,0,0,0
EDMD hybrid,varied,varied_seed_230208,18,230208,250,0.25,128,0.065001106631739,0.0649537892155371,0.0628542459514572,0.131777243966173,0,0,0
Weighted linear hybrid,varied,varied_seed_230208,18,230208,1,0.001,128,0.000710299307491731,0.000829754089307063,0.00942018594239796,0.0050524963999013,0,0,0
Weighted linear hybrid,varied,varied_seed_230208,18,230208,20,0.02,128,0.00162276753426186,0.00162825931855243,0.0094919637508692,0.00870189097681638,0,0,0
Weighted linear hybrid,varied,varied_seed_230208,18,230208,50,0.05,128,0.00503318072925425,0.0049751885537876,0.0106045401553602,0.0210385941841641,0,0,0
Weighted linear hybrid,varied,varied_seed_230208,18,230208,100,0.1,128,0.0150929800648817,0.0150537694706403,0.0171157684198131,0.0486407692214821,0,0,0
Weighted linear hybrid,varied,varied_seed_230208,18,230208,250,0.25,128,0.0700000859258642,0.0699571917807164,0.0675110798658143,0.167969956000643,0,0,0
Weighted EDMD hybrid,varied,varied_seed_230208,18,230208,1,0.001,128,0.000710264734360184,0.000828251644643008,0.00941995061221527,0.0050524963999013,0,0,0
Weighted EDMD hybrid,varied,varied_seed_230208,18,230208,20,0.02,128,0.00161929935966668,0.00162441110156474,0.00949060790160525,0.00870189097681638,0,0,0
Weighted EDMD hybrid,varied,varied_seed_230208,18,230208,50,0.05,128,0.00502337358644931,0.00496168691256132,0.0106302404402677,0.0210385941841641,0,0,0
Weighted EDMD hybrid,varied,varied_seed_230208,18,230208,100,0.1,128,0.01510977820633,0.015070470033076,0.0172242553620443,0.0486407692214821,0,0,0
Weighted EDMD hybrid,varied,varied_seed_230208,18,230208,250,0.25,128,0.070706408827846,0.0706652415582936,0.0682434476753735,0.167969956000643,0,0,0
Nominal physics,varied,varied_seed_230209,19,230209,1,0.001,128,0.00819004852527037,0.00815424236410776,0.00819004852527037,0.016136518860314,0,0,0
Nominal physics,varied,varied_seed_230209,19,230209,20,0.02,128,0.0124508656469514,0.0123388006746997,0.0124508656469514,0.0242102764139651,0,0,0
Nominal physics,varied,varied_seed_230209,19,230209,50,0.05,128,0.0261565734708602,0.0262298193934348,0.0261565734708602,0.050709393434988,0,0,0
Nominal physics,varied,varied_seed_230209,19,230209,100,0.1,128,0.0497335359933451,0.0496351603183365,0.0497335359933451,0.0965857443813829,0,0,0
Nominal physics,varied,varied_seed_230209,19,230209,250,0.25,128,0.115075619845743,0.115121184740102,0.115075619845743,0.223340837707415,26,0.203125,0
Persistent innovation,varied,varied_seed_230209,19,230209,1,0.001,128,0.0004615524439114,0.000623241892584051,0.00980759809747045,0.0015057616042311,0,0,0
Persistent innovation,varied,varied_seed_230209,19,230209,20,0.02,128,0.00144378650847869,0.00146077192414182,0.00982962956824196,0.00348944086773262,0,0,0
Persistent innovation,varied,varied_seed_230209,19,230209,50,0.05,128,0.00479495283682088,0.00486349766896975,0.0104109650966184,0.00936918093706396,0,0,0
Persistent innovation,varied,varied_seed_230209,19,230209,100,0.1,128,0.0146994426917055,0.0146325597521866,0.0159986085584367,0.0277273440095468,0,0,0
Persistent innovation,varied,varied_seed_230209,19,230209,250,0.25,128,0.072901031307897,0.0729520690999648,0.0694353243097691,0.137564848397162,0,0,0
Linear hybrid,varied,varied_seed_230209,19,230209,1,0.001,128,0.000282667504753686,0.000535238871883036,0.00979720444527335,0.00075258440870285,0,0,0
Linear hybrid,varied,varied_seed_230209,19,230209,20,0.02,128,0.00127571879823476,0.00131558237358589,0.00982975436735657,0.00271844140439509,0,0,0
Linear hybrid,varied,varied_seed_230209,19,230209,50,0.05,128,0.00473078424996114,0.00477181112602743,0.0104711445130575,0.00952470485504847,0,0,0
Linear hybrid,varied,varied_seed_230209,19,230209,100,0.1,128,0.0152085535392619,0.015158560058734,0.0161913230267015,0.0305427809362937,0,0,0
Linear hybrid,varied,varied_seed_230209,19,230209,250,0.25,128,0.0701616861661787,0.0701729537741499,0.0666658961795168,0.148293470063105,0,0,0
EDMD hybrid,varied,varied_seed_230209,19,230209,1,0.001,128,0.0002813111451148,0.000534641162655801,0.00979752086532056,0.000746618504930963,0,0,0
EDMD hybrid,varied,varied_seed_230209,19,230209,20,0.02,128,0.00127702752749025,0.0013211690034262,0.00983149051449282,0.00273930458292881,0,0,0
EDMD hybrid,varied,varied_seed_230209,19,230209,50,0.05,128,0.0047446207895665,0.00478392189220568,0.010441136390065,0.00958438623160603,0,0,0
EDMD hybrid,varied,varied_seed_230209,19,230209,100,0.1,128,0.0152652239375956,0.0152233803466843,0.0161121297821802,0.0305501199190709,0,0,0
EDMD hybrid,varied,varied_seed_230209,19,230209,250,0.25,128,0.0705569332317451,0.0705695911897639,0.0668869406952325,0.149989772509909,0,0,0
Weighted linear hybrid,varied,varied_seed_230209,19,230209,1,0.001,128,0.00170237739387894,0.00177990353376626,0.00973649434596598,0.00826609150046817,0,0,0
Weighted linear hybrid,varied,varied_seed_230209,19,230209,20,0.02,128,0.0029610096848921,0.00291520401884698,0.00996050928452822,0.0128486143501609,0,0,0
Weighted linear hybrid,varied,varied_seed_230209,19,230209,50,0.05,128,0.00748202861771601,0.00750811067102894,0.0116948424990868,0.0270720596217489,0,0,0
Weighted linear hybrid,varied,varied_seed_230209,19,230209,100,0.1,128,0.0189533456269377,0.0189097139667099,0.0194719466983196,0.0511873267136318,0,0,0
Weighted linear hybrid,varied,varied_seed_230209,19,230209,250,0.25,128,0.0741773106879942,0.0741748181817475,0.0707619975227744,0.148293470063105,0,0,0
Weighted EDMD hybrid,varied,varied_seed_230209,19,230209,1,0.001,128,0.00170219718843953,0.00177979214798083,0.00973677608227491,0.00826609150046817,0,0,0
Weighted EDMD hybrid,varied,varied_seed_230209,19,230209,20,0.02,128,0.00296294270031859,0.00291882906241994,0.00996202834070101,0.0128486143501609,0,0,0
Weighted EDMD hybrid,varied,varied_seed_230209,19,230209,50,0.05,128,0.00749797737498218,0.00752295677978719,0.0116725388114937,0.0270720596217489,0,0,0
Weighted EDMD hybrid,varied,varied_seed_230209,19,230209,100,0.1,128,0.0190245924800324,0.0189873958764612,0.0194304731190834,0.0511873267136318,0,0,0
Weighted EDMD hybrid,varied,varied_seed_230209,19,230209,250,0.25,128,0.0746363409050865,0.0746349204343416,0.0710563233825423,0.149989772509909,0,0,0
Nominal physics,varied,varied_seed_230210,20,230210,1,0.001,128,0.00810407422577567,0.00809558423223268,0.00810407422577567,0.0163863588462602,0,0,0
Nominal physics,varied,varied_seed_230210,20,230210,20,0.02,128,0.0124390159017861,0.0124591298390681,0.0124390159017861,0.0248814671691941,0,0,0
Nominal physics,varied,varied_seed_230210,20,230210,50,0.05,128,0.0264336984657024,0.0263838736640734,0.0264336984657024,0.0521296218723634,0,0,0
Nominal physics,varied,varied_seed_230210,20,230210,100,0.1,128,0.0510468487869367,0.0510353269634601,0.0510468487869367,0.0985496518169627,0,0,0
Nominal physics,varied,varied_seed_230210,20,230210,250,0.25,128,0.121413789333544,0.121361068240476,0.121413789333544,0.219828308333408,32,0.25,0
Persistent innovation,varied,varied_seed_230210,20,230210,1,0.001,128,0.000517376131888339,0.000684955271638926,0.00969528406112941,0.00126117094186978,0,0,0
Persistent innovation,varied,varied_seed_230210,20,230210,20,0.02,128,0.00170179999335396,0.00176651529933618,0.00986813729643433,0.00366299590534297,0,0,0
Persistent innovation,varied,varied_seed_230210,20,230210,50,0.05,128,0.00571368943385241,0.00570568442136294,0.011179183183366,0.0111458334669579,0,0,0
Persistent innovation,varied,varied_seed_230210,20,230210,100,0.1,128,0.0174917972592688,0.0174952481842574,0.0191488437410433,0.0326771984688243,0,0,0
Persistent innovation,varied,varied_seed_230210,20,230210,250,0.25,128,0.0837925158805864,0.083700849695821,0.0809125766567058,0.153003292190179,0,0,0
Linear hybrid,varied,varied_seed_230210,20,230210,1,0.001,128,0.000260071424119808,0.000557852808848992,0.00970340872614518,0.000793739619360412,0,0,0
Linear hybrid,varied,varied_seed_230210,20,230210,20,0.02,128,0.00137343993324943,0.00146514324553093,0.00980170418122477,0.00373341331950808,0,0,0
Linear hybrid,varied,varied_seed_230210,20,230210,50,0.05,128,0.00527285763365215,0.00525587969603859,0.011247823608741,0.0121666321323102,0,0,0
Linear hybrid,varied,varied_seed_230210,20,230210,100,0.1,128,0.0171764080030333,0.0172106136719375,0.0194166185749013,0.0393433667905442,0,0,0
Linear hybrid,varied,varied_seed_230210,20,230210,250,0.25,128,0.0807735400053475,0.080695760231407,0.0783227274750303,0.184635199277553,5,0.0390625,0
EDMD hybrid,varied,varied_seed_230210,20,230210,1,0.001,128,0.000261329602219945,0.000556190031509424,0.00970197462033071,0.000813365784966547,0,0,0
EDMD hybrid,varied,varied_seed_230210,20,230210,20,0.02,128,0.0014039557156926,0.00149420192225167,0.0097944979316237,0.0040827193783515,0,0,0
EDMD hybrid,varied,varied_seed_230210,20,230210,50,0.05,128,0.00538883102993232,0.00536707684228849,0.0113721323744147,0.0134467519919088,0,0,0
EDMD hybrid,varied,varied_seed_230210,20,230210,100,0.1,128,0.0174826219495659,0.0175159337634623,0.0198632702545588,0.0401759275190252,0,0,0
EDMD hybrid,varied,varied_seed_230210,20,230210,250,0.25,128,0.0812109140674397,0.0811318675712984,0.0789076692307274,0.184261553380508,6,0.046875,0
Weighted linear hybrid,varied,varied_seed_230210,20,230210,1,0.001,128,0.000685334209435938,0.00079171239518659,0.00969444392385605,0.00368161250876029,0,0,0
Weighted linear hybrid,varied,varied_seed_230210,20,230210,20,0.02,128,0.00163080164663449,0.00168736915068124,0.00981960649202697,0.00509044697371435,0,0,0
Weighted linear hybrid,varied,varied_seed_230210,20,230210,50,0.05,128,0.00551191878016605,0.00550592620951308,0.0113625939833122,0.0121666321323102,0,0,0
Weighted linear hybrid,varied,varied_seed_230210,20,230210,100,0.1,128,0.0172529098456875,0.0172868205886713,0.019556374687787,0.0393433667905442,0,0,0
Weighted linear hybrid,varied,varied_seed_230210,20,230210,250,0.25,128,0.0796752009093449,0.0796027112831189,0.0774326521135631,0.184635199277553,5,0.0390625,0
Weighted EDMD hybrid,varied,varied_seed_230210,20,230210,1,0.001,128,0.00068585193584618,0.000790716166226167,0.00969301714422648,0.00368161250876029,0,0,0
Weighted EDMD hybrid,varied,varied_seed_230210,20,230210,20,0.02,128,0.00165781529038316,0.0017141434909104,0.00981243469716258,0.00509044697371435,0,0,0
Weighted EDMD hybrid,varied,varied_seed_230210,20,230210,50,0.05,128,0.00562753424145756,0.00561685698924675,0.011485937952029,0.0134467519919088,0,0,0
Weighted EDMD hybrid,varied,varied_seed_230210,20,230210,100,0.1,128,0.0175690227550129,0.017601663306154,0.0200053963683116,0.0401759275190252,0,0,0
Weighted EDMD hybrid,varied,varied_seed_230210,20,230210,250,0.25,128,0.08011261657187,0.0800387140081136,0.0780234533601834,0.184261553380508,6,0.046875,0
Nominal physics,nonlinear,nonlinear_seed_230301,21,230301,1,0.001,128,0.0187153265506251,0.0186493925191808,0.0187153265506251,0.0299509649547622,0,0,0
Nominal physics,nonlinear,nonlinear_seed_230301,21,230301,20,0.02,128,0.0282730638041594,0.0281951134162642,0.0282730638041594,0.0451100650807906,0,0,0
Nominal physics,nonlinear,nonlinear_seed_230301,21,230301,50,0.05,128,0.0585804653111761,0.0586030026694063,0.0585804653111761,0.0933787933374265,0,0,0
Nominal physics,nonlinear,nonlinear_seed_230301,21,230301,100,0.1,128,0.107950045101198,0.107890847848628,0.107950045101198,0.171820957284684,0,0,0
Nominal physics,nonlinear,nonlinear_seed_230301,21,230301,250,0.25,128,0.229848862871361,0.229887251966508,0.229848862871361,0.388312118431019,71,0.5546875,0
Persistent innovation,nonlinear,nonlinear_seed_230301,21,230301,1,0.001,128,0.00242624826579852,0.00248185951844837,0.0223961269598026,0.00850160381767961,0,0,0
Persistent innovation,nonlinear,nonlinear_seed_230301,21,230301,20,0.02,128,0.0081255374405481,0.00807834721713358,0.0225357643647603,0.0267845649812759,0,0,0
Persistent innovation,nonlinear,nonlinear_seed_230301,21,230301,50,0.05,128,0.025483135220532,0.0254274052069902,0.0290287552806717,0.0775145186501046,0,0,0
Persistent innovation,nonlinear,nonlinear_seed_230301,21,230301,100,0.1,128,0.067872562930767,0.0678360036166196,0.0623538985663584,0.176451911315715,1,0.0078125,0
Persistent innovation,nonlinear,nonlinear_seed_230301,21,230301,250,0.25,128,0.235128927191238,0.235148455807997,0.22187347819957,0.51658684093231,60,0.46875,0
Linear hybrid,nonlinear,nonlinear_seed_230301,21,230301,1,0.001,128,0.000509766149587373,0.000712741310243135,0.0224171674442374,0.0016166416877087,0,0,0
Linear hybrid,nonlinear,nonlinear_seed_230301,21,230301,20,0.02,128,0.00480962789432705,0.00477203134181106,0.0223603004630182,0.0159868540071383,0,0,0
Linear hybrid,nonlinear,nonlinear_seed_230301,21,230301,50,0.05,128,0.017722900291468,0.0176701530908488,0.0259328229156824,0.0531037628049308,0,0,0
Linear hybrid,nonlinear,nonlinear_seed_230301,21,230301,100,0.1,128,0.0490496379341482,0.0490293087640958,0.0493321539650565,0.13503510086279,0,0,0
Linear hybrid,nonlinear,nonlinear_seed_230301,21,230301,250,0.25,128,0.148002117967765,0.148003619103544,0.147378135831309,0.341914764777544,35,0.2734375,0
EDMD hybrid,nonlinear,nonlinear_seed_230301,21,230301,1,0.001,128,0.000512107581279382,0.000715186616677054,0.0224176783620436,0.00166052033794528,0,0,0
EDMD hybrid,nonlinear,nonlinear_seed_230301,21,230301,20,0.02,128,0.00482406435539672,0.00478640433701227,0.0223598737130839,0.0161941436780346,0,0,0
EDMD hybrid,nonlinear,nonlinear_seed_230301,21,230301,50,0.05,128,0.017768301285913,0.0177159345094983,0.0259418573956257,0.0539114227488586,0,0,0
EDMD hybrid,nonlinear,nonlinear_seed_230301,21,230301,100,0.1,128,0.049145896706148,0.0491255607184195,0.0494110338354797,0.135352113024493,0,0,0
EDMD hybrid,nonlinear,nonlinear_seed_230301,21,230301,250,0.25,128,0.148211296262249,0.148213930102836,0.147668987281668,0.344920620703743,34,0.265625,0
Weighted linear hybrid,nonlinear,nonlinear_seed_230301,21,230301,1,0.001,128,0.00482915432849688,0.00482884692229559,0.02219133345468,0.0215537803189958,0,0,0
Weighted linear hybrid,nonlinear,nonlinear_seed_230301,21,230301,20,0.02,128,0.00856880480451113,0.00850281434361211,0.0227960055059562,0.0323442766262468,0,0,0
Weighted linear hybrid,nonlinear,nonlinear_seed_230301,21,230301,50,0.05,128,0.0228307462638264,0.0227954936670421,0.0292899673687755,0.0670349144209904,0,0,0
Weighted linear hybrid,nonlinear,nonlinear_seed_230301,21,230301,100,0.1,128,0.0552617432314536,0.0552229646980173,0.0555633538068449,0.13503510086279,0,0,0
Weighted linear hybrid,nonlinear,nonlinear_seed_230301,21,230301,250,0.25,128,0.154383162327862,0.154405287576567,0.154174118349041,0.341914764777544,39,0.3046875,0
Weighted EDMD hybrid,nonlinear,nonlinear_seed_230301,21,230301,1,0.001,128,0.00482940240783184,0.00482918792695328,0.0221917716951126,0.0215537803189958,0,0,0
Weighted EDMD hybrid,nonlinear,nonlinear_seed_230301,21,230301,20,0.02,128,0.00857666778982148,0.00851054490901438,0.0227954288124993,0.0323442766262468,0,0,0
Weighted EDMD hybrid,nonlinear,nonlinear_seed_230301,21,230301,50,0.05,128,0.0228644281719625,0.0228294497680105,0.0292999552318902,0.0670349144209904,0,0,0
Weighted EDMD hybrid,nonlinear,nonlinear_seed_230301,21,230301,100,0.1,128,0.055339892236735,0.0553010652965307,0.0556354554209689,0.135352113024493,0,0,0
Weighted EDMD hybrid,nonlinear,nonlinear_seed_230301,21,230301,250,0.25,128,0.154540686994162,0.154563938001682,0.154420689679165,0.344920620703743,38,0.296875,0
Nominal physics,nonlinear,nonlinear_seed_230302,22,230302,1,0.001,128,0.0111797135030229,0.0112216487321385,0.0111797135030229,0.0205378256407126,0,0,0
Nominal physics,nonlinear,nonlinear_seed_230302,22,230302,20,0.02,128,0.0169785709006469,0.0170173813958961,0.0169785709006469,0.0313241776551179,0,0,0
Nominal physics,nonlinear,nonlinear_seed_230302,22,230302,50,0.05,128,0.0356234503796065,0.0356044958458269,0.0356234503796065,0.0644272125517711,0,0,0
Nominal physics,nonlinear,nonlinear_seed_230302,22,230302,100,0.1,128,0.0676299875773181,0.0676791441525364,0.0676299875773181,0.116156857171953,0,0,0
Nominal physics,nonlinear,nonlinear_seed_230302,22,230302,250,0.25,128,0.162631377472702,0.16257982983107,0.162631377472702,0.307022515899284,50,0.390625,0
Persistent innovation,nonlinear,nonlinear_seed_230302,22,230302,1,0.001,128,0.00100164802251324,0.00115692522304182,0.0133830309261226,0.00407782926196362,0,0,0
Persistent innovation,nonlinear,nonlinear_seed_230302,22,230302,20,0.02,128,0.00333098421054676,0.00334806139668173,0.0134579195559521,0.0121962396070974,0,0,0
Persistent innovation,nonlinear,nonlinear_seed_230302,22,230302,50,0.05,128,0.0106136020246377,0.0106846738947609,0.0156082479512423,0.0336001489249372,0,0,0
Persistent innovation,nonlinear,nonlinear_seed_230302,22,230302,100,0.1,128,0.0295378708489841,0.029558247667886,0.0291359643341169,0.0848245713066651,0,0,0
Persistent innovation,nonlinear,nonlinear_seed_230302,22,230302,250,0.25,128,0.124037348575529,0.124064017778143,0.119052680490659,0.295627867200338,24,0.1875,0
Linear hybrid,nonlinear,nonlinear_seed_230302,22,230302,1,0.001,128,0.000327393109997654,0.000608731722490394,0.0133883860305762,0.00112964881591165,0,0,0
Linear hybrid,nonlinear,nonlinear_seed_230302,22,230302,20,0.02,128,0.00190784090125418,0.00196523446140767,0.0133993195665628,0.00657987194173718,0,0,0
Linear hybrid,nonlinear,nonlinear_seed_230302,22,230302,50,0.05,128,0.00677707579721127,0.0068351758057403,0.0145448120422709,0.0228477963503321,0,0,0
Linear hybrid,nonlinear,nonlinear_seed_230302,22,230302,100,0.1,128,0.0190787399379594,0.0190883052425921,0.0226444104313589,0.0575791443223099,0,0,0
Linear hybrid,nonlinear,nonlinear_seed_230302,22,230302,250,0.25,128,0.0684319071245583,0.0684577047515699,0.0712979148903957,0.166869638009014,0,0,0
EDMD hybrid,nonlinear,nonlinear_seed_230302,22,230302,1,0.001,128,0.000326225151386986,0.000607382395996031,0.0133889840414996,0.00112278637633656,0,0,0
EDMD hybrid,nonlinear,nonlinear_seed_230302,22,230302,20,0.02,128,0.00189416888274278,0.0019522719778999,0.0134009142776547,0.00651536837158948,0,0,0
EDMD hybrid,nonlinear,nonlinear_seed_230302,22,230302,50,0.05,128,0.00672148056695268,0.00677859411933091,0.0144975366493155,0.0228280200677579,0,0,0
EDMD hybrid,nonlinear,nonlinear_seed_230302,22,230302,100,0.1,128,0.0188917094742711,0.0189008494831657,0.0224019161783983,0.0574224068505668,0,0,0
EDMD hybrid,nonlinear,nonlinear_seed_230302,22,230302,250,0.25,128,0.067682458073469,0.0677082191500842,0.0704301340282749,0.165094353473375,0,0,0
Weighted linear hybrid,nonlinear,nonlinear_seed_230302,22,230302,1,0.001,128,0.00305423352236807,0.00308436615197474,0.0132368454511079,0.0150746901686561,0,0,0
Weighted linear hybrid,nonlinear,nonlinear_seed_230302,22,230302,20,0.02,128,0.00464609311564632,0.00467781041245282,0.0136749896698115,0.0229695441040091,0,0,0
Weighted linear hybrid,nonlinear,nonlinear_seed_230302,22,230302,50,0.05,128,0.0102031652926953,0.0102075191620595,0.0163935158314937,0.0478275247372777,0,0,0
Weighted linear hybrid,nonlinear,nonlinear_seed_230302,22,230302,100,0.1,128,0.020768361956018,0.0207819679812304,0.0246961742639039,0.0843369840096661,0,0,0
Weighted linear hybrid,nonlinear,nonlinear_seed_230302,22,230302,250,0.25,128,0.0603577794337945,0.0603821448041418,0.0648277790004795,0.162943965673456,0,0,0
Weighted EDMD hybrid,nonlinear,nonlinear_seed_230302,22,230302,1,0.001,128,0.00305412572369515,0.00308408628998357,0.0132374361519819,0.0150746901686561,0,0,0
Weighted EDMD hybrid,nonlinear,nonlinear_seed_230302,22,230302,20,0.02,128,0.00464195855398172,0.00467372005876118,0.0136768192232081,0.0229695441040091,0,0,0
Weighted EDMD hybrid,nonlinear,nonlinear_seed_230302,22,230302,50,0.05,128,0.0101770878572893,0.0101806799268371,0.0163504007526697,0.0478275247372777,0,0,0
Weighted EDMD hybrid,nonlinear,nonlinear_seed_230302,22,230302,100,0.1,128,0.0206502323462396,0.0206635728127719,0.0244934772255305,0.0843369840096661,0,0,0
Weighted EDMD hybrid,nonlinear,nonlinear_seed_230302,22,230302,250,0.25,128,0.0597866364320003,0.0598111217296068,0.0640936470984632,0.161439697515922,0,0,0
Nominal physics,nonlinear,nonlinear_seed_230303,23,230303,1,0.001,128,0.0167748867200651,0.0166609958195848,0.0167748867200651,0.0321007027331274,0,0,0
Nominal physics,nonlinear,nonlinear_seed_230303,23,230303,20,0.02,128,0.0254549826057553,0.0254893671766569,0.0254549826057553,0.0489405764561477,0,0,0
Nominal physics,nonlinear,nonlinear_seed_230303,23,230303,50,0.05,128,0.0532514544713971,0.0532657445142381,0.0532514544713971,0.10314893080595,0,0,0
Nominal physics,nonlinear,nonlinear_seed_230303,23,230303,100,0.1,128,0.100167406557582,0.100204913137545,0.100167406557582,0.197746251284719,13,0.1015625,0
Nominal physics,nonlinear,nonlinear_seed_230303,23,230303,250,0.25,128,0.226492450510214,0.226527923839109,0.226492450510214,0.47330011590678,55,0.4296875,0
Persistent innovation,nonlinear,nonlinear_seed_230303,23,230303,1,0.001,128,0.00171538442152552,0.00174520664796278,0.020079644150417,0.00850745102052952,0,0,0
Persistent innovation,nonlinear,nonlinear_seed_230303,23,230303,20,0.02,128,0.00563549962999618,0.00565600673166901,0.0202047155387589,0.023825365597802,0,0,0
Persistent innovation,nonlinear,nonlinear_seed_230303,23,230303,50,0.05,128,0.0177066612269383,0.0176613472237065,0.0240247887609134,0.0755887876846522,0,0,0
Persistent innovation,nonlinear,nonlinear_seed_230303,23,230303,100,0.1,128,0.0483439743532444,0.0483476959580698,0.046456925243053,0.179332427560006,1,0.0078125,0
Persistent innovation,nonlinear,nonlinear_seed_230303,23,230303,250,0.25,128,0.192345537475786,0.192368244475906,0.182824556663023,0.522749276580796,37,0.2890625,0
Linear hybrid,nonlinear,nonlinear_seed_230303,23,230303,1,0.001,128,0.000368554010285505,0.000575539127832236,0.0200991093619162,0.00123700921377012,0,0,0
Linear hybrid,nonlinear,nonlinear_seed_230303,23,230303,20,0.02,128,0.00334513744920402,0.00337855717357313,0.0200845063948632,0.0162410413410625,0,0,0
Linear hybrid,nonlinear,nonlinear_seed_230303,23,230303,50,0.05,128,0.0125226579804983,0.0124907959615019,0.0222450528842086,0.0562568112324323,0,0,0
Linear hybrid,nonlinear,nonlinear_seed_230303,23,230303,100,0.1,128,0.0360278690061092,0.0360185431204654,0.0383935656959536,0.132127713167742,0,0,0
Linear hybrid,nonlinear,nonlinear_seed_230303,23,230303,250,0.25,128,0.133640923814261,0.133662561638143,0.133613416196479,0.373934478702213,25,0.1953125,0
EDMD hybrid,nonlinear,nonlinear_seed_230303,23,230303,1,0.001,128,0.000367549618163534,0.000575121550897586,0.0200995061245451,0.00125658064466549,0,0,0
EDMD hybrid,nonlinear,nonlinear_seed_230303,23,230303,20,0.02,128,0.00333031248737453,0.00336380086340019,0.0200837609636185,0.0161733553192952,0,0,0
EDMD hybrid,nonlinear,nonlinear_seed_230303,23,230303,50,0.05,128,0.0124690381765766,0.0124372315776055,0.0222414368765248,0.0559945109409125,0,0,0
EDMD hybrid,nonlinear,nonlinear_seed_230303,23,230303,100,0.1,128,0.0358693573224925,0.0358600388315357,0.0383104783810197,0.131335630188635,0,0,0
EDMD hybrid,nonlinear,nonlinear_seed_230303,23,230303,250,0.25,128,0.133022562067924,0.133043885997111,0.133013767178478,0.374553730282322,25,0.1953125,0
Weighted linear hybrid,nonlinear,nonlinear_seed_230303,23,230303,1,0.001,128,0.0038033910440195,0.00383117074842834,0.0199412285913139,0.0173030287672997,0,0,0
Weighted linear hybrid,nonlinear,nonlinear_seed_230303,23,230303,20,0.02,128,0.00649217117289005,0.0064922404178668,0.020384265345922,0.0259575793956057,0,0,0
Weighted linear hybrid,nonlinear,nonlinear_seed_230303,23,230303,50,0.05,128,0.0167967619143747,0.0167772633335566,0.0247177343360054,0.0562568112324323,0,0,0
Weighted linear hybrid,nonlinear,nonlinear_seed_230303,23,230303,100,0.1,128,0.0408537188475405,0.0408602158727567,0.0432340566272978,0.132127713167742,0,0,0
Weighted linear hybrid,nonlinear,nonlinear_seed_230303,23,230303,250,0.25,128,0.126645648284388,0.126648701115836,0.127053435001718,0.373934478702213,21,0.1640625,0
Weighted EDMD hybrid,nonlinear,nonlinear_seed_230303,23,230303,1,0.001,128,0.00380324947980133,0.00383102692177204,0.0199415995221986,0.0173030287672997,0,0,0
Weighted EDMD hybrid,nonlinear,nonlinear_seed_230303,23,230303,20,0.02,128,0.00648516757091197,0.00648528733429255,0.0203837367384973,0.0259575793956057,0,0,0
Weighted EDMD hybrid,nonlinear,nonlinear_seed_230303,23,230303,50,0.05,128,0.0167601835141347,0.0167408087259463,0.0247120993759643,0.0559945109409125,0,0,0
Weighted EDMD hybrid,nonlinear,nonlinear_seed_230303,23,230303,100,0.1,128,0.0407238571526699,0.0407304577471744,0.043159639679365,0.131335630188635,0,0,0
Weighted EDMD hybrid,nonlinear,nonlinear_seed_230303,23,230303,250,0.25,128,0.125964971250692,0.125967632932914,0.126402999724024,0.374553730282322,21,0.1640625,0
Nominal physics,nonlinear,nonlinear_seed_230304,24,230304,1,0.001,128,0.0110132090598547,0.0109692185591337,0.0110132090598547,0.0227019658941208,0,0,0
Nominal physics,nonlinear,nonlinear_seed_230304,24,230304,20,0.02,128,0.0166056145364698,0.0166341820839993,0.0166056145364698,0.0343980681525179,0,0,0
Nominal physics,nonlinear,nonlinear_seed_230304,24,230304,50,0.05,128,0.0344086708657303,0.0344344300776816,0.0344086708657303,0.0718332252847986,0,0,0
Nominal physics,nonlinear,nonlinear_seed_230304,24,230304,100,0.1,128,0.0634572792267925,0.0634679417848955,0.0634572792267925,0.134278268556963,0,0,0
Nominal physics,nonlinear,nonlinear_seed_230304,24,230304,250,0.25,128,0.129983735300134,0.129978236136293,0.129983735300134,0.282481824288965,29,0.2265625,0
Persistent innovation,nonlinear,nonlinear_seed_230304,24,230304,1,0.001,128,0.00124541895282713,0.00130253702625346,0.0131811680474716,0.00428553905357963,0,0,0
Persistent innovation,nonlinear,nonlinear_seed_230304,24,230304,20,0.02,128,0.00409197002712932,0.00415306361139692,0.0131833759211724,0.0131382535337659,0,0,0
Persistent innovation,nonlinear,nonlinear_seed_230304,24,230304,50,0.05,128,0.0130814743570428,0.0131087926483518,0.0160291419806636,0.039183141179254,0,0,0
Persistent innovation,nonlinear,nonlinear_seed_230304,24,230304,100,0.1,128,0.0365677497241596,0.0365921707421998,0.0337330172608981,0.097913577813247,0,0,0
Persistent innovation,nonlinear,nonlinear_seed_230304,24,230304,250,0.25,128,0.148894653811452,0.148932398525117,0.140447926194583,0.344088729321959,33,0.2578125,0
Linear hybrid,nonlinear,nonlinear_seed_230304,24,230304,1,0.001,128,0.00033626108914639,0.000514630384929197,0.0131935729146576,0.0010377288549222,0,0,0
Linear hybrid,nonlinear,nonlinear_seed_230304,24,230304,20,0.02,128,0.002302569766353,0.00238776286766284,0.0130916317895568,0.00795223420812891,0,0,0
Linear hybrid,nonlinear,nonlinear_seed_230304,24,230304,50,0.05,128,0.00864431056550571,0.00867392192315677,0.0144260421827503,0.0288027620692084,0,0,0
Linear hybrid,nonlinear,nonlinear_seed_230304,24,230304,100,0.1,128,0.0252377890764845,0.0252540182832559,0.0259803941808518,0.0729727351797433,0,0,0
Linear hybrid,nonlinear,nonlinear_seed_230304,24,230304,250,0.25,128,0.0962332908393967,0.0962651598155945,0.0950603627935899,0.205523460020542,8,0.0625,0
EDMD hybrid,nonlinear,nonlinear_seed_230304,24,230304,1,0.001,128,0.000336649652011772,0.000513109449141862,0.0131933564030365,0.00103957625335421,0,0,0
EDMD hybrid,nonlinear,nonlinear_seed_230304,24,230304,20,0.02,128,0.00230314487346239,0.00238904284678017,0.013090959741128,0.00797096118254098,0,0,0
EDMD hybrid,nonlinear,nonlinear_seed_230304,24,230304,50,0.05,128,0.00864520557342661,0.00867504341755262,0.0144371612771545,0.0288701222952663,0,0,0
EDMD hybrid,nonlinear,nonlinear_seed_230304,24,230304,100,0.1,128,0.0252258798178998,0.0252435831878948,0.0260077459082618,0.0731445875177202,0,0,0
EDMD hybrid,nonlinear,nonlinear_seed_230304,24,230304,250,0.25,128,0.0960406738037476,0.096072200432311,0.0949642662919034,0.204235300769436,8,0.0625,0
Weighted linear hybrid,nonlinear,nonlinear_seed_230304,24,230304,1,0.001,128,0.00364677162678649,0.00367903664048935,0.0129738718046331,0.0156519490758003,0,0,0
Weighted linear hybrid,nonlinear,nonlinear_seed_230304,24,230304,20,0.02,128,0.00589597545960944,0.00592445235262713,0.013518716568729,0.0238647685022887,0,0,0
Weighted linear hybrid,nonlinear,nonlinear_seed_230304,24,230304,50,0.05,128,0.0140922731970168,0.0141020417122604,0.017827131401378,0.0497498215750409,0,0,0
Weighted linear hybrid,nonlinear,nonlinear_seed_230304,24,230304,100,0.1,128,0.0323316849226461,0.0323214412807964,0.0329083088919818,0.0926538751675858,0,0,0
Weighted linear hybrid,nonlinear,nonlinear_seed_230304,24,230304,250,0.25,128,0.0986842755064557,0.098732234427856,0.0979742271250951,0.205523460020542,10,0.078125,0
Weighted EDMD hybrid,nonlinear,nonlinear_seed_230304,24,230304,1,0.001,128,0.00364679816922993,0.00367885833025705,0.012973571182775,0.0156519490758003,0,0,0
Weighted EDMD hybrid,nonlinear,nonlinear_seed_230304,24,230304,20,0.02,128,0.00589600725784179,0.00592477716843092,0.0135177528987764,0.0238647685022887,0,0,0
Weighted EDMD hybrid,nonlinear,nonlinear_seed_230304,24,230304,50,0.05,128,0.0140909163761529,0.0141008189019969,0.017840292678619,0.0497498215750409,0,0,0
Weighted EDMD hybrid,nonlinear,nonlinear_seed_230304,24,230304,100,0.1,128,0.0323122427994806,0.0323029773150122,0.0329369967512004,0.0926538751675858,0,0,0
Weighted EDMD hybrid,nonlinear,nonlinear_seed_230304,24,230304,250,0.25,128,0.0983614072045699,0.0984093540044393,0.0977723499559256,0.204235300769436,10,0.078125,0
Nominal physics,nonlinear,nonlinear_seed_230305,25,230305,1,0.001,128,0.0138918801551266,0.0138688562705869,0.0138918801551266,0.0247429192482609,0,0,0
Nominal physics,nonlinear,nonlinear_seed_230305,25,230305,20,0.02,128,0.0210259806771481,0.0210229104457084,0.0210259806771481,0.0376344879966573,0,0,0
Nominal physics,nonlinear,nonlinear_seed_230305,25,230305,50,0.05,128,0.0436068687320001,0.0436477151940179,0.0436068687320001,0.0770952716797116,0,0,0
Nominal physics,nonlinear,nonlinear_seed_230305,25,230305,100,0.1,128,0.0804246901632523,0.080429742867249,0.0804246901632523,0.143850898846349,0,0,0
Nominal physics,nonlinear,nonlinear_seed_230305,25,230305,250,0.25,128,0.167616928094508,0.167619935674277,0.167616928094508,0.312010227090285,47,0.3671875,0
Persistent innovation,nonlinear,nonlinear_seed_230305,25,230305,1,0.001,128,0.00184171719205275,0.00189452086307762,0.0166179013611365,0.00666541776260748,0,0,0
Persistent innovation,nonlinear,nonlinear_seed_230305,25,230305,20,0.02,128,0.00608451347858938,0.00605428967919676,0.0167794289646843,0.0232366541279656,0,0,0
Persistent innovation,nonlinear,nonlinear_seed_230305,25,230305,50,0.05,128,0.0189367367521088,0.019018884280222,0.0216933076843979,0.0668525632807558,0,0,0
Persistent innovation,nonlinear,nonlinear_seed_230305,25,230305,100,0.1,128,0.0504938936805953,0.0504418972160088,0.046530146364653,0.153441951718164,0,0,0
Persistent innovation,nonlinear,nonlinear_seed_230305,25,230305,250,0.25,128,0.191329490340794,0.191334147659593,0.18087598754649,0.486101316684953,42,0.328125,0
Linear hybrid,nonlinear,nonlinear_seed_230305,25,230305,1,0.001,128,0.000426834243852773,0.000623635735369114,0.0166442877260121,0.00140292760431271,0,0,0
Linear hybrid,nonlinear,nonlinear_seed_230305,25,230305,20,0.02,128,0.00363877392180084,0.0036173939831689,0.0166471437893358,0.0136481776135595,0,0,0
Linear hybrid,nonlinear,nonlinear_seed_230305,25,230305,50,0.05,128,0.0132300672296996,0.0133223651822957,0.0191875103133117,0.0460081215762372,0,0,0
Linear hybrid,nonlinear,nonlinear_seed_230305,25,230305,100,0.1,128,0.0362930746080542,0.036255749773707,0.0360379594119788,0.111183229679225,0,0,0
Linear hybrid,nonlinear,nonlinear_seed_230305,25,230305,250,0.25,128,0.121850332149324,0.121860977911081,0.120141160379287,0.301039880140642,22,0.171875,0
EDMD hybrid,nonlinear,nonlinear_seed_230305,25,230305,1,0.001,128,0.000427420269176008,0.000625074489811366,0.0166441046780313,0.0013984942696299,0,0,0
EDMD hybrid,nonlinear,nonlinear_seed_230305,25,230305,20,0.02,128,0.00363803249196482,0.00361474155547575,0.0166460897908989,0.0136355344851412,0,0,0
EDMD hybrid,nonlinear,nonlinear_seed_230305,25,230305,50,0.05,128,0.0132246457953052,0.0133162459126295,0.0192035546207421,0.0459656446835051,0,0,0
EDMD hybrid,nonlinear,nonlinear_seed_230305,25,230305,100,0.1,128,0.0362774487671071,0.0362401426397643,0.036074456803581,0.110482813197028,0,0,0
EDMD hybrid,nonlinear,nonlinear_seed_230305,25,230305,250,0.25,128,0.121644945244039,0.121653605213922,0.120000148769426,0.301456118328333,22,0.171875,0
Weighted linear hybrid,nonlinear,nonlinear_seed_230305,25,230305,1,0.001,128,0.00353697961271554,0.00347113785231591,0.016481753661201,0.0156031015995234,0,0,0
Weighted linear hybrid,nonlinear,nonlinear_seed_230305,25,230305,20,0.02,128,0.00631579721131156,0.00632061379775042,0.016957888153335,0.0235382767662466,0,0,0
Weighted linear hybrid,nonlinear,nonlinear_seed_230305,25,230305,50,0.05,128,0.0168184290517049,0.0169079841541453,0.0215931470107626,0.0490272347841047,0,0,0
Weighted linear hybrid,nonlinear,nonlinear_seed_230305,25,230305,100,0.1,128,0.0404588171030608,0.0404333332872501,0.0403979248014785,0.111183229679225,0,0,0
Weighted linear hybrid,nonlinear,nonlinear_seed_230305,25,230305,250,0.25,128,0.12368302112117,0.123667663503262,0.122606878835033,0.301039880140642,22,0.171875,0
Weighted EDMD hybrid,nonlinear,nonlinear_seed_230305,25,230305,1,0.001,128,0.00353702349733199,0.00347135559197478,0.0164815519510495,0.0156031015995234,0,0,0
Weighted EDMD hybrid,nonlinear,nonlinear_seed_230305,25,230305,20,0.02,128,0.00631571918000286,0.00631946289244232,0.0169571195721208,0.0235382767662466,0,0,0
Weighted EDMD hybrid,nonlinear,nonlinear_seed_230305,25,230305,50,0.05,128,0.0168169368071671,0.0169058202075913,0.0216052773419414,0.0490272347841047,0,0,0
Weighted EDMD hybrid,nonlinear,nonlinear_seed_230305,25,230305,100,0.1,128,0.04045940148927,0.0404337894473272,0.0404302926168391,0.110482813197028,0,0,0
Weighted EDMD hybrid,nonlinear,nonlinear_seed_230305,25,230305,250,0.25,128,0.123604056703708,0.123587127744551,0.122560759666528,0.301456118328333,22,0.171875,0
Nominal physics,nonlinear,nonlinear_seed_230306,26,230306,1,0.001,128,0.0222742423277173,0.0223407791538134,0.0222742423277173,0.0390144638223944,0,0,0
Nominal physics,nonlinear,nonlinear_seed_230306,26,230306,20,0.02,128,0.0338154587821789,0.0338239443498004,0.0338154587821789,0.059273148699486,0,0,0
Nominal physics,nonlinear,nonlinear_seed_230306,26,230306,50,0.05,128,0.0702479619798181,0.0702445907052674,0.0702479619798181,0.12442169719196,0,0,0
Nominal physics,nonlinear,nonlinear_seed_230306,26,230306,100,0.1,128,0.129528605604237,0.12952813944222,0.129528605604237,0.236376536862485,29,0.2265625,0
Nominal physics,nonlinear,nonlinear_seed_230306,26,230306,250,0.25,128,0.258822774187078,0.258747888640446,0.258822774187078,0.53699213071117,77,0.6015625,0
Persistent innovation,nonlinear,nonlinear_seed_230306,26,230306,1,0.001,128,0.00322122636449919,0.00329717523753144,0.026623601223036,0.0106605270509225,0,0,0
Persistent innovation,nonlinear,nonlinear_seed_230306,26,230306,20,0.02,128,0.0107733422967638,0.0108032790303733,0.0271118821984423,0.0334994080904817,0,0,0
Persistent innovation,nonlinear,nonlinear_seed_230306,26,230306,50,0.05,128,0.0341588385982585,0.034229194605727,0.0372679931884099,0.0895194653346769,0,0,0
Persistent innovation,nonlinear,nonlinear_seed_230306,26,230306,100,0.1,128,0.0933081759668086,0.093265756238059,0.0857284197253193,0.221054747762217,15,0.1171875,0
Persistent innovation,nonlinear,nonlinear_seed_230306,26,230306,250,0.25,128,0.353764968346288,0.353714327819133,0.335169623604224,0.631159558087459,91,0.7109375,0
Linear hybrid,nonlinear,nonlinear_seed_230306,26,230306,1,0.001,128,0.000620482066197572,0.000784524098239469,0.0266830894034542,0.0017441003490154,0,0,0
Linear hybrid,nonlinear,nonlinear_seed_230306,26,230306,20,0.02,128,0.00638601491746237,0.00642569617019768,0.0267854954157765,0.0180675275700412,0,0,0
Linear hybrid,nonlinear,nonlinear_seed_230306,26,230306,50,0.05,128,0.0240774151234648,0.0241517059466362,0.0328064619712206,0.0658742938552886,0,0,0
Linear hybrid,nonlinear,nonlinear_seed_230306,26,230306,100,0.1,128,0.069261097403103,0.0692205432664683,0.0688118491300804,0.163534115566524,0,0,0
Linear hybrid,nonlinear,nonlinear_seed_230306,26,230306,250,0.25,128,0.24266292670227,0.242618358976704,0.240480891311706,0.460790173733469,75,0.5859375,0
EDMD hybrid,nonlinear,nonlinear_seed_230306,26,230306,1,0.001,128,0.000620570375720986,0.000784474905634429,0.0266829648574965,0.00175722969718606,0,0,0
EDMD hybrid,nonlinear,nonlinear_seed_230306,26,230306,20,0.02,128,0.00638685348580471,0.00642649256771471,0.0267846340301645,0.0178916167408293,0,0,0
EDMD hybrid,nonlinear,nonlinear_seed_230306,26,230306,50,0.05,128,0.024081237461383,0.0241564554492518,0.0328175495157383,0.0667660688986058,0,0,0
EDMD hybrid,nonlinear,nonlinear_seed_230306,26,230306,100,0.1,128,0.069273118971936,0.0692325028552091,0.0688506456226159,0.163280361444112,0,0,0
EDMD hybrid,nonlinear,nonlinear_seed_230306,26,230306,250,0.25,128,0.242684410919274,0.242639528133296,0.240526513366111,0.46273025853438,76,0.59375,0
Weighted linear hybrid,nonlinear,nonlinear_seed_230306,26,230306,1,0.001,128,0.00402350549348907,0.0040518953780083,0.0265523082682677,0.0202797471646266,0,0,0
Weighted linear hybrid,nonlinear,nonlinear_seed_230306,26,230306,20,0.02,128,0.00838491952670937,0.00842296527901398,0.0270187164604476,0.0303656056479937,0,0,0
Weighted linear hybrid,nonlinear,nonlinear_seed_230306,26,230306,50,0.05,128,0.0251066225609717,0.0251688986606113,0.0337671227669728,0.0658742938552886,0,0,0
Weighted linear hybrid,nonlinear,nonlinear_seed_230306,26,230306,100,0.1,128,0.0665517558471374,0.0665060889613735,0.066917689047797,0.163534115566524,0,0,0
Weighted linear hybrid,nonlinear,nonlinear_seed_230306,26,230306,250,0.25,128,0.238229491058209,0.238191800926131,0.236277275832253,0.460790173733469,71,0.5546875,0
Weighted EDMD hybrid,nonlinear,nonlinear_seed_230306,26,230306,1,0.001,128,0.00402347507485483,0.00405179151223493,0.0265521541017327,0.0202797471646266,0,0,0
Weighted EDMD hybrid,nonlinear,nonlinear_seed_230306,26,230306,20,0.02,128,0.00838648491423111,0.00842438090215236,0.0270178139876502,0.0303656056479937,0,0,0
Weighted EDMD hybrid,nonlinear,nonlinear_seed_230306,26,230306,50,0.05,128,0.0251137504019734,0.02517688010119,0.0337790753485258,0.0667660688986058,0,0,0
Weighted EDMD hybrid,nonlinear,nonlinear_seed_230306,26,230306,100,0.1,128,0.0665683025308243,0.0665224332701846,0.0669609226771458,0.163280361444112,0,0,0
Weighted EDMD hybrid,nonlinear,nonlinear_seed_230306,26,230306,250,0.25,128,0.238244138993049,0.238206186828257,0.236315340233066,0.46273025853438,72,0.5625,0
Nominal physics,nonlinear,nonlinear_seed_230307,27,230307,1,0.001,128,0.011667962851412,0.0116343020031994,0.011667962851412,0.021985186819891,0,0,0
Nominal physics,nonlinear,nonlinear_seed_230307,27,230307,20,0.02,128,0.0176572475170895,0.0176523938953546,0.0176572475170895,0.0333814143125308,0,0,0
Nominal physics,nonlinear,nonlinear_seed_230307,27,230307,50,0.05,128,0.0366275918365881,0.0366035737954479,0.0366275918365881,0.0699741150417382,0,0,0
Nominal physics,nonlinear,nonlinear_seed_230307,27,230307,100,0.1,128,0.0676109155830883,0.0675979605860263,0.0676109155830883,0.132487570981368,0,0,0
Nominal physics,nonlinear,nonlinear_seed_230307,27,230307,250,0.25,128,0.139177607890421,0.139152600605248,0.139177607890421,0.302184973877915,35,0.2734375,0
Persistent innovation,nonlinear,nonlinear_seed_230307,27,230307,1,0.001,128,0.00162146993755255,0.00166065181395547,0.0139564915418615,0.00566937547774471,0,0,0
Persistent innovation,nonlinear,nonlinear_seed_230307,27,230307,20,0.02,128,0.00529162270991874,0.00528905549967013,0.0141038061484334,0.0162974504949144,0,0,0
Persistent innovation,nonlinear,nonlinear_seed_230307,27,230307,50,0.05,128,0.0164730456281031,0.0164982150325201,0.0185307763768818,0.0482798568772241,0,0,0
Persistent innovation,nonlinear,nonlinear_seed_230307,27,230307,100,0.1,128,0.0446266351969134,0.0446520389163231,0.0410362408633309,0.118706372403387,0,0,0
Persistent innovation,nonlinear,nonlinear_seed_230307,27,230307,250,0.25,128,0.169029659644496,0.168963867139003,0.159914282913936,0.398061081834171,46,0.359375,0
Linear hybrid,nonlinear,nonlinear_seed_230307,27,230307,1,0.001,128,0.000371390010678907,0.000563630662993218,0.0139831232542495,0.00103112608243038,0,0,0
Linear hybrid,nonlinear,nonlinear_seed_230307,27,230307,20,0.02,128,0.00303747393753964,0.0030591135646902,0.0139775110635967,0.00968158799775626,0,0,0
Linear hybrid,nonlinear,nonlinear_seed_230307,27,230307,50,0.05,128,0.0109161944529133,0.0109450598035722,0.0161387273499586,0.0317280194431578,0,0,0
Linear hybrid,nonlinear,nonlinear_seed_230307,27,230307,100,0.1,128,0.0300910657733859,0.030107975161883,0.0305910526868505,0.078753710073752,0,0,0
Linear hybrid,nonlinear,nonlinear_seed_230307,27,230307,250,0.25,128,0.101584951728519,0.101510612392733,0.102046496349198,0.234524579759386,10,0.078125,0
EDMD hybrid,nonlinear,nonlinear_seed_230307,27,230307,1,0.001,128,0.000371514363244213,0.000562364810202247,0.0139829434867842,0.00101899737045569,0,0,0
EDMD hybrid,nonlinear,nonlinear_seed_230307,27,230307,20,0.02,128,0.00304621853531668,0.00306683740530214,0.01397667107672,0.00978135922562551,0,0,0
EDMD hybrid,nonlinear,nonlinear_seed_230307,27,230307,50,0.05,128,0.0109596623546581,0.0109876919283332,0.0161581541148995,0.0321401867706884,0,0,0
EDMD hybrid,nonlinear,nonlinear_seed_230307,27,230307,100,0.1,128,0.0302568688331012,0.0302739843454964,0.0307041834265565,0.0790431040984673,0,0,0
EDMD hybrid,nonlinear,nonlinear_seed_230307,27,230307,250,0.25,128,0.102516184242166,0.102442760651272,0.102889398684079,0.237279155588546,8,0.0625,0
Weighted linear hybrid,nonlinear,nonlinear_seed_230307,27,230307,1,0.001,128,0.00257888731954394,0.00258420857369864,0.0138815711616668,0.0148026722524548,0,0,0
Weighted linear hybrid,nonlinear,nonlinear_seed_230307,27,230307,20,0.02,128,0.00496741751615789,0.00503167899087766,0.0141837349987167,0.0230567060250578,0,0,0
Weighted linear hybrid,nonlinear,nonlinear_seed_230307,27,230307,50,0.05,128,0.0132680707538116,0.0132719433618624,0.0176039300966537,0.0473427550447921,0,0,0
Weighted linear hybrid,nonlinear,nonlinear_seed_230307,27,230307,100,0.1,128,0.0312393612867715,0.0312609656983563,0.0318482248444029,0.0827369690744895,0,0,0
Weighted linear hybrid,nonlinear,nonlinear_seed_230307,27,230307,250,0.25,128,0.0984762720340361,0.0983983480966278,0.099239042010497,0.234524579759386,10,0.078125,0
Weighted EDMD hybrid,nonlinear,nonlinear_seed_230307,27,230307,1,0.001,128,0.00257886910149976,0.00258390526612754,0.0138813240854158,0.0148026722524548,0,0,0
Weighted EDMD hybrid,nonlinear,nonlinear_seed_230307,27,230307,20,0.02,128,0.0049716737373114,0.00503528193259115,0.0141830892629115,0.0230567060250578,0,0,0
Weighted EDMD hybrid,nonlinear,nonlinear_seed_230307,27,230307,50,0.05,128,0.0132969501977999,0.0133002307754679,0.0176185024959081,0.0473427550447921,0,0,0
Weighted EDMD hybrid,nonlinear,nonlinear_seed_230307,27,230307,100,0.1,128,0.0313778330540096,0.0313992412227408,0.0319392245460805,0.0827369690744895,0,0,0
Weighted EDMD hybrid,nonlinear,nonlinear_seed_230307,27,230307,250,0.25,128,0.0994359774416346,0.0993593005065782,0.100107376286157,0.237279155588546,8,0.0625,0
Nominal physics,nonlinear,nonlinear_seed_230308,28,230308,1,0.001,128,0.0160155038610771,0.0160038209084818,0.0160155038610771,0.029671951485606,0,0,0
Nominal physics,nonlinear,nonlinear_seed_230308,28,230308,20,0.02,128,0.024268109284023,0.0242214940012186,0.024268109284023,0.0453527337549522,0,0,0
Nominal physics,nonlinear,nonlinear_seed_230308,28,230308,50,0.05,128,0.0504118420716534,0.0504186157970792,0.0504118420716534,0.0941110805782031,0,0,0
Nominal physics,nonlinear,nonlinear_seed_230308,28,230308,100,0.1,128,0.0932694085700072,0.0932196627617172,0.0932694085700072,0.176774297312122,1,0.0078125,0
Nominal physics,nonlinear,nonlinear_seed_230308,28,230308,250,0.25,128,0.196409270880362,0.196406339801672,0.196409270880362,0.379592881422097,54,0.421875,0
Persistent innovation,nonlinear,nonlinear_seed_230308,28,230308,1,0.001,128,0.00208661314294948,0.00214547384224647,0.0191575258656576,0.00764795857002454,0,0,0
Persistent innovation,nonlinear,nonlinear_seed_230308,28,230308,20,0.02,128,0.00693474884499556,0.00691756889416934,0.0193683626526634,0.025583509405023,0,0,0
Persistent innovation,nonlinear,nonlinear_seed_230308,28,230308,50,0.05,128,0.0216533660546529,0.021648041409752,0.0250285357006659,0.0727909642451951,0,0,0
Persistent innovation,nonlinear,nonlinear_seed_230308,28,230308,100,0.1,128,0.0581353635907555,0.0581388109230237,0.0537741749570081,0.168805302748473,0,0,0
Persistent innovation,nonlinear,nonlinear_seed_230308,28,230308,250,0.25,128,0.22092784378335,0.220969023777235,0.209110495422611,0.55511364902464,53,0.4140625,0
Linear hybrid,nonlinear,nonlinear_seed_230308,28,230308,1,0.001,128,0.000418249561081193,0.000600858397877516,0.0191858607672139,0.00135180068075008,0,0,0
Linear hybrid,nonlinear,nonlinear_seed_230308,28,230308,20,0.02,128,0.00402665607095604,0.00402087253976285,0.0192094628671145,0.0147922275753878,0,0,0
Linear hybrid,nonlinear,nonlinear_seed_230308,28,230308,50,0.05,128,0.014752326956105,0.0147535212091267,0.0221739538988757,0.047375621663361,0,0,0
Linear hybrid,nonlinear,nonlinear_seed_230308,28,230308,100,0.1,128,0.0409014931922449,0.040921080914138,0.041581405632869,0.126285649190233,0,0,0
Linear hybrid,nonlinear,nonlinear_seed_230308,28,230308,250,0.25,128,0.139945570380518,0.140000875174684,0.139471958969767,0.350022514316259,34,0.265625,0
EDMD hybrid,nonlinear,nonlinear_seed_230308,28,230308,1,0.001,128,0.000418741090882571,0.000599835054329046,0.0191865329214364,0.00130100326588717,0,0,0
EDMD hybrid,nonlinear,nonlinear_seed_230308,28,230308,20,0.02,128,0.00401913734936066,0.00401291339316861,0.019211101861316,0.014518948037788,0,0,0
EDMD hybrid,nonlinear,nonlinear_seed_230308,28,230308,50,0.05,128,0.0147243113515799,0.0147268480356723,0.0221295179815109,0.0471913621545347,0,0,0
EDMD hybrid,nonlinear,nonlinear_seed_230308,28,230308,100,0.1,128,0.040819286519173,0.0408398021099484,0.0414231035711983,0.125526813209204,0,0,0
EDMD hybrid,nonlinear,nonlinear_seed_230308,28,230308,250,0.25,128,0.139850676659998,0.139906446677652,0.139307422138131,0.345097800416972,33,0.2578125,0
Weighted linear hybrid,nonlinear,nonlinear_seed_230308,28,230308,1,0.001,128,0.00174705122937055,0.00177615264091712,0.0191527139729612,0.00846454277388883,0,0,0
Weighted linear hybrid,nonlinear,nonlinear_seed_230308,28,230308,20,0.02,128,0.00474430231061362,0.0047369928519781,0.0192734133040274,0.0147922275753878,0,0,0
Weighted linear hybrid,nonlinear,nonlinear_seed_230308,28,230308,50,0.05,128,0.0155181718569577,0.0155181455702184,0.0226716633789712,0.047375621663361,0,0,0
Weighted linear hybrid,nonlinear,nonlinear_seed_230308,28,230308,100,0.1,128,0.0412127869452538,0.0412335607014796,0.0420008666764513,0.126285649190233,0,0,0
Weighted linear hybrid,nonlinear,nonlinear_seed_230308,28,230308,250,0.25,128,0.136945176991293,0.137003666149115,0.136342302161035,0.350022514316259,33,0.2578125,0
Weighted EDMD hybrid,nonlinear,nonlinear_seed_230308,28,230308,1,0.001,128,0.00174717512610777,0.00177579104348305,0.0191533866722119,0.00846454277388883,0,0,0
Weighted EDMD hybrid,nonlinear,nonlinear_seed_230308,28,230308,20,0.02,128,0.00473720359856128,0.00472964085920698,0.0192750632903479,0.014518948037788,0,0,0
Weighted EDMD hybrid,nonlinear,nonlinear_seed_230308,28,230308,50,0.05,128,0.0154900297782518,0.0154911536897075,0.0226280016163839,0.0471913621545347,0,0,0
Weighted EDMD hybrid,nonlinear,nonlinear_seed_230308,28,230308,100,0.1,128,0.041142217489783,0.0411638141849964,0.0418523374214252,0.125526813209204,0,0,0
Weighted EDMD hybrid,nonlinear,nonlinear_seed_230308,28,230308,250,0.25,128,0.136962708733883,0.13702150722004,0.136274567883012,0.345097800416972,32,0.25,0
Nominal physics,nonlinear,nonlinear_seed_230309,29,230309,1,0.001,128,0.0172350623401531,0.0172754262552548,0.0172350623401531,0.0279524889593211,0,0,0
Nominal physics,nonlinear,nonlinear_seed_230309,29,230309,20,0.02,128,0.0262572860688836,0.0262728204328865,0.0262572860688836,0.0422913833008362,0,0,0
Nominal physics,nonlinear,nonlinear_seed_230309,29,230309,50,0.05,128,0.0549054375871964,0.0549104990817456,0.0549054375871964,0.0888033357976377,0,0,0
Nominal physics,nonlinear,nonlinear_seed_230309,29,230309,100,0.1,128,0.102712093600293,0.102769677824778,0.102712093600293,0.168954532374632,0,0,0
Nominal physics,nonlinear,nonlinear_seed_230309,29,230309,250,0.25,128,0.223002294092183,0.222988329873958,0.223002294092183,0.387714045543087,67,0.5234375,0
Persistent innovation,nonlinear,nonlinear_seed_230309,29,230309,1,0.001,128,0.00206040802259077,0.00212883166634614,0.020604054408578,0.00702659595131705,0,0,0
Persistent innovation,nonlinear,nonlinear_seed_230309,29,230309,20,0.02,128,0.00687038275640716,0.00681139493264389,0.020965316641897,0.0213446505335448,0,0,0
Persistent innovation,nonlinear,nonlinear_seed_230309,29,230309,50,0.05,128,0.0216853796828966,0.0216243282275441,0.0267075025947595,0.0611619623619568,0,0,0
Persistent innovation,nonlinear,nonlinear_seed_230309,29,230309,100,0.1,128,0.0596469606113577,0.0595586701174268,0.0563090100022811,0.152710172581396,0,0,0
Persistent innovation,nonlinear,nonlinear_seed_230309,29,230309,250,0.25,128,0.233444619149458,0.233430096472992,0.22185020618941,0.474528125400275,66,0.515625,0
Linear hybrid,nonlinear,nonlinear_seed_230309,29,230309,1,0.001,128,0.000456321340087463,0.000588807677976321,0.0206417560631154,0.00142036312019531,0,0,0
Linear hybrid,nonlinear,nonlinear_seed_230309,29,230309,20,0.02,128,0.004048315664495,0.0040111453213738,0.0207897331634834,0.0137629887228821,0,0,0
Linear hybrid,nonlinear,nonlinear_seed_230309,29,230309,50,0.05,128,0.0148813786976903,0.0148212513456252,0.0240691228309623,0.0482190098128971,0,0,0
Linear hybrid,nonlinear,nonlinear_seed_230309,29,230309,100,0.1,128,0.0424324426680194,0.0423445465096628,0.0445835084811258,0.118943846071523,0,0,0
Linear hybrid,nonlinear,nonlinear_seed_230309,29,230309,250,0.25,128,0.150539538105865,0.150520403821636,0.15129944793906,0.349813972051197,39,0.3046875,0
EDMD hybrid,nonlinear,nonlinear_seed_230309,29,230309,1,0.001,128,0.000455756826109027,0.000587156917367291,0.0206419169303672,0.00142569900438963,0,0,0
EDMD hybrid,nonlinear,nonlinear_seed_230309,29,230309,20,0.02,128,0.00404570006319536,0.00400894190735545,0.0207883447910663,0.0137679975420626,0,0,0
EDMD hybrid,nonlinear,nonlinear_seed_230309,29,230309,50,0.05,128,0.0148711084521177,0.0148111350438791,0.0240803735721143,0.0482388276250933,0,0,0
EDMD hybrid,nonlinear,nonlinear_seed_230309,29,230309,100,0.1,128,0.0423889889226842,0.0423003599758449,0.0446019969026918,0.119031574793043,0,0,0
EDMD hybrid,nonlinear,nonlinear_seed_230309,29,230309,250,0.25,128,0.150046243581589,0.150026040847893,0.150920891440284,0.349385842128425,37,0.2890625,0
Weighted linear hybrid,nonlinear,nonlinear_seed_230309,29,230309,1,0.001,128,0.00428854164267694,0.00435649841311938,0.0204493058059303,0.0189683133131219,0,0,0
Weighted linear hybrid,nonlinear,nonlinear_seed_230309,29,230309,20,0.02,128,0.00760374107108629,0.00756131752202392,0.0211677123994999,0.0286606748672695,0,0,0
Weighted linear hybrid,nonlinear,nonlinear_seed_230309,29,230309,50,0.05,128,0.0198214459087399,0.0197964062392726,0.0270086200901801,0.0600495094476805,0,0,0
Weighted linear hybrid,nonlinear,nonlinear_seed_230309,29,230309,100,0.1,128,0.0473512850159145,0.0472735993855474,0.0493715642280091,0.118943846071523,0,0,0
Weighted linear hybrid,nonlinear,nonlinear_seed_230309,29,230309,250,0.25,128,0.142589271133535,0.142589121196918,0.143832816913595,0.349813972051197,34,0.265625,0
Weighted EDMD hybrid,nonlinear,nonlinear_seed_230309,29,230309,1,0.001,128,0.004288494494232,0.00435625943838255,0.0204495320984999,0.0189683133131219,0,0,0
Weighted EDMD hybrid,nonlinear,nonlinear_seed_230309,29,230309,20,0.02,128,0.0076023771674803,0.00756023675417116,0.0211666444778287,0.0286606748672695,0,0,0
Weighted EDMD hybrid,nonlinear,nonlinear_seed_230309,29,230309,50,0.05,128,0.0198147374033314,0.0197897651909114,0.0270148337151036,0.0600495094476805,0,0,0
Weighted EDMD hybrid,nonlinear,nonlinear_seed_230309,29,230309,100,0.1,128,0.0473264761880532,0.0472481630186329,0.0493870304073072,0.119031574793043,0,0,0
Weighted EDMD hybrid,nonlinear,nonlinear_seed_230309,29,230309,250,0.25,128,0.142271740544984,0.142270312299691,0.143617710380374,0.349385842128425,32,0.25,0
Nominal physics,nonlinear,nonlinear_seed_230310,30,230310,1,0.001,128,0.0161941117846745,0.0162297128915903,0.0161941117846745,0.0302004641211317,0,0,0
Nominal physics,nonlinear,nonlinear_seed_230310,30,230310,20,0.02,128,0.0245669213687725,0.0244977681214691,0.0245669213687725,0.0460386652918807,0,0,0
Nominal physics,nonlinear,nonlinear_seed_230310,30,230310,50,0.05,128,0.0511832724720022,0.0511819954031002,0.0511832724720022,0.0967045624930343,0,0,0
Nominal physics,nonlinear,nonlinear_seed_230310,30,230310,100,0.1,128,0.0954745676462309,0.0953979642516377,0.0954745676462309,0.181739143386679,3,0.0234375,0
Nominal physics,nonlinear,nonlinear_seed_230310,30,230310,250,0.25,128,0.210245675971755,0.210266000495762,0.210245675971755,0.397661073512021,65,0.5078125,0
Persistent innovation,nonlinear,nonlinear_seed_230310,30,230310,1,0.001,128,0.00190457296111654,0.00194081194764433,0.0193805607747987,0.00668075013619558,0,0,0
Persistent innovation,nonlinear,nonlinear_seed_230310,30,230310,20,0.02,128,0.00630734031930352,0.00630686877943448,0.0195528738521609,0.0213725900555736,0,0,0
Persistent innovation,nonlinear,nonlinear_seed_230310,30,230310,50,0.05,128,0.0195233249799096,0.0195423018752294,0.0241835232287814,0.0576378941650504,0,0,0
Persistent innovation,nonlinear,nonlinear_seed_230310,30,230310,100,0.1,128,0.0521554362092677,0.0521711228154757,0.0490089740236272,0.139822398961515,0,0,0
Persistent innovation,nonlinear,nonlinear_seed_230310,30,230310,250,0.25,128,0.200826155778649,0.200710613584048,0.190403376415233,0.452660635366765,51,0.3984375,0
Linear hybrid,nonlinear,nonlinear_seed_230310,30,230310,1,0.001,128,0.000397602428657111,0.000604659489700738,0.0193960584370674,0.00149250837121495,0,0,0
Linear hybrid,nonlinear,nonlinear_seed_230310,30,230310,20,0.02,128,0.00361764589951616,0.00362590753353736,0.0194310345343218,0.0120169373030387,0,0,0
Linear hybrid,nonlinear,nonlinear_seed_230310,30,230310,50,0.05,128,0.0129905044946192,0.0130176851596421,0.0218372902252801,0.0434499205589212,0,0,0
Linear hybrid,nonlinear,nonlinear_seed_230310,30,230310,100,0.1,128,0.0352993537117042,0.0353284282009782,0.0377332686254633,0.101650964523289,0,0,0
Linear hybrid,nonlinear,nonlinear_seed_230310,30,230310,250,0.25,128,0.11998419987964,0.11988101159352,0.122464998556254,0.257300944169174,22,0.171875,0
EDMD hybrid,nonlinear,nonlinear_seed_230310,30,230310,1,0.001,128,0.000403327404279444,0.000608185622755769,0.0193958306549853,0.00152469855077995,0,0,0
EDMD hybrid,nonlinear,nonlinear_seed_230310,30,230310,20,0.02,128,0.00364604578323217,0.00365489147301789,0.0194314792654165,0.0121601585552769,0,0,0
EDMD hybrid,nonlinear,nonlinear_seed_230310,30,230310,50,0.05,128,0.0130786921427081,0.0131067853014564,0.02185325968241,0.0435067798222157,0,0,0
EDMD hybrid,nonlinear,nonlinear_seed_230310,30,230310,100,0.1,128,0.0355099384699594,0.0355393539529972,0.0378530655415132,0.101815629217176,0,0,0
EDMD hybrid,nonlinear,nonlinear_seed_230310,30,230310,250,0.25,128,0.120632466742658,0.12053018612389,0.123039325305014,0.255482783054257,22,0.171875,0
Weighted linear hybrid,nonlinear,nonlinear_seed_230310,30,230310,1,0.001,128,0.00165965773220946,0.00176121511728454,0.0193664830189145,0.00745235127905436,0,0,0
Weighted linear hybrid,nonlinear,nonlinear_seed_230310,30,230310,20,0.02,128,0.00433391281957187,0.00432586213573864,0.0194870715310376,0.0120169373030387,0,0,0
Weighted linear hybrid,nonlinear,nonlinear_seed_230310,30,230310,50,0.05,128,0.013874821233562,0.013926141620479,0.0223644031901623,0.0434499205589212,0,0,0
Weighted linear hybrid,nonlinear,nonlinear_seed_230310,30,230310,100,0.1,128,0.0360276498396793,0.0360395982532653,0.0385854050547164,0.101650964523289,0,0,0
Weighted linear hybrid,nonlinear,nonlinear_seed_230310,30,230310,250,0.25,128,0.117243269479365,0.117131862627664,0.119498214713663,0.257300944169174,22,0.171875,0
Weighted EDMD hybrid,nonlinear,nonlinear_seed_230310,30,230310,1,0.001,128,0.00166086525072951,0.00176257493896594,0.0193661796448857,0.00745235127905436,0,0,0
Weighted EDMD hybrid,nonlinear,nonlinear_seed_230310,30,230310,20,0.02,128,0.00435456141661121,0.00434707252808645,0.0194873296287075,0.0121601585552769,0,0,0
Weighted EDMD hybrid,nonlinear,nonlinear_seed_230310,30,230310,50,0.05,128,0.0139447593445274,0.0139971586697703,0.0223821226198204,0.0435067798222157,0,0,0
Weighted EDMD hybrid,nonlinear,nonlinear_seed_230310,30,230310,100,0.1,128,0.0362013616987141,0.0362131107059614,0.0386977204423623,0.101815629217176,0,0,0
Weighted EDMD hybrid,nonlinear,nonlinear_seed_230310,30,230310,250,0.25,128,0.117661452706526,0.117550372347893,0.11986244491753,0.255482783054257,22,0.171875,0
Nominal physics,stress,stress_seed_230401,31,230401,1,0.001,128,0.0214201960059002,0.0214328931159461,0.0214201960059002,0.0467881073480924,0,0,0
Nominal physics,stress,stress_seed_230401,31,230401,20,0.02,128,0.0323445394029628,0.0322627006409936,0.0323445394029628,0.0685670463729755,0,0,0
Nominal physics,stress,stress_seed_230401,31,230401,50,0.05,128,0.0661272099590187,0.0661454181955572,0.0661272099590187,0.133376738567654,0,0,0
Nominal physics,stress,stress_seed_230401,31,230401,100,0.1,128,0.117790799572361,0.117744954724389,0.117790799572361,0.217472350004679,20,0.15625,0
Nominal physics,stress,stress_seed_230401,31,230401,250,0.25,128,0.219769561421959,0.21976484546422,0.219769561421959,0.465517085644025,55,0.4296875,0
Persistent innovation,stress,stress_seed_230401,31,230401,1,0.001,128,0.00408864439490951,0.00405215566741474,0.0255713045274136,0.0118591522253174,0,0,0
Persistent innovation,stress,stress_seed_230401,31,230401,20,0.02,128,0.0133059046544236,0.0132686803743901,0.0261916207961845,0.0351084172452074,0,0,0
Persistent innovation,stress,stress_seed_230401,31,230401,50,0.05,128,0.0407888735109589,0.0407806972407272,0.0397716889643672,0.104124311704755,0,0,0
Persistent innovation,stress,stress_seed_230401,31,230401,100,0.1,128,0.104790442637333,0.104715603439762,0.0940401552230975,0.249919269004688,18,0.140625,0
Persistent innovation,stress,stress_seed_230401,31,230401,250,0.25,128,0.297649798662404,0.297631852909453,0.278976307372972,0.773168153838022,78,0.609375,0
Linear hybrid,stress,stress_seed_230401,31,230401,1,0.001,128,0.000695747821872627,0.000764147913937197,0.0256457814396612,0.00210250466416681,0,0,0
Linear hybrid,stress,stress_seed_230401,31,230401,20,0.02,128,0.00772547827565794,0.0077098186145354,0.0257042765434817,0.0214505018369424,0,0,0
Linear hybrid,stress,stress_seed_230401,31,230401,50,0.05,128,0.0278053849887661,0.0277910178703375,0.0337503933065077,0.076055006618601,0,0,0
Linear hybrid,stress,stress_seed_230401,31,230401,100,0.1,128,0.0746911779685726,0.0746152336070416,0.0727850838323939,0.194152379174681,2,0.015625,0
Linear hybrid,stress,stress_seed_230401,31,230401,250,0.25,128,0.19403244914245,0.1940321329649,0.189459891031907,0.479504077584136,58,0.453125,0
EDMD hybrid,stress,stress_seed_230401,31,230401,1,0.001,128,0.000695628197175749,0.000762042567355641,0.0256449570952506,0.00203413740723146,0,0,0
EDMD hybrid,stress,stress_seed_230401,31,230401,20,0.02,128,0.00771404991121322,0.00770015802434189,0.0257047658834932,0.0212014094978672,0,0,0
EDMD hybrid,stress,stress_seed_230401,31,230401,50,0.05,128,0.0277738013619487,0.0277603448928016,0.0337425333882905,0.0764170312130524,0,0,0
EDMD hybrid,stress,stress_seed_230401,31,230401,100,0.1,128,0.0746459221235266,0.0745724685047519,0.0727340313289224,0.194766398003482,2,0.015625,0
EDMD hybrid,stress,stress_seed_230401,31,230401,250,0.25,128,0.194523837027124,0.194524413949871,0.189855296861576,0.459688896764028,57,0.4453125,0
Weighted linear hybrid,stress,stress_seed_230401,31,230401,1,0.001,128,0.00703989014545474,0.00701364958138199,0.0252308637259984,0.0467881073480924,0,0,0
Weighted linear hybrid,stress,stress_seed_230401,31,230401,20,0.02,128,0.0133797712454826,0.0134003067464764,0.0265524591799931,0.0670993458074165,0,0,0
Weighted linear hybrid,stress,stress_seed_230401,31,230401,50,0.05,128,0.0351982174682773,0.035215899827672,0.039207931073486,0.11095085167573,0,0,0
Weighted linear hybrid,stress,stress_seed_230401,31,230401,100,0.1,128,0.0838061026185996,0.0837404115581629,0.081705559826949,0.208414719809469,7,0.0546875,0
Weighted linear hybrid,stress,stress_seed_230401,31,230401,250,0.25,128,0.211652070667069,0.21165536903108,0.207007430813814,0.479504077584136,61,0.4765625,0
Weighted EDMD hybrid,stress,stress_seed_230401,31,230401,1,0.001,128,0.00703981027899197,0.0070134127163834,0.0252304174094721,0.0467881073480924,0,0,0
Weighted EDMD hybrid,stress,stress_seed_230401,31,230401,20,0.02,128,0.0133737010903728,0.0133952704266882,0.0265523792288715,0.0670993458074165,0,0,0
Weighted EDMD hybrid,stress,stress_seed_230401,31,230401,50,0.05,128,0.0351756481756948,0.0351940984458927,0.0392041555687067,0.11095085167573,0,0,0
Weighted EDMD hybrid,stress,stress_seed_230401,31,230401,100,0.1,128,0.083765621516177,0.0837022252742186,0.0816691733086768,0.208414719809469,7,0.0546875,0
Weighted EDMD hybrid,stress,stress_seed_230401,31,230401,250,0.25,128,0.211928270198859,0.211932687725305,0.207233245911814,0.459688896764028,60,0.46875,0
Nominal physics,stress,stress_seed_230402,32,230402,1,0.001,128,0.0428306070036678,0.0428807115269827,0.0428306070036678,0.078279317116964,0,0,0
Nominal physics,stress,stress_seed_230402,32,230402,20,0.02,128,0.0645183172821316,0.0644794905074111,0.0645183172821316,0.118868238743924,0,0,0
Nominal physics,stress,stress_seed_230402,32,230402,50,0.05,128,0.132210005411504,0.132157840277436,0.132210005411504,0.25060730186249,27,0.2109375,0
Nominal physics,stress,stress_seed_230402,32,230402,100,0.1,128,0.236934244249733,0.236944534422231,0.236934244249733,0.477607703600609,65,0.5078125,0
Nominal physics,stress,stress_seed_230402,32,230402,250,0.25,128,0.448469045535315,0.448478952992611,0.448469045535315,0.941943559528326,102,0.796875,0
Persistent innovation,stress,stress_seed_230402,32,230402,1,0.001,128,0.00765509113332954,0.00768355528046328,0.0511784993948529,0.0210999190472271,0,0,0
Persistent innovation,stress,stress_seed_230402,32,230402,20,0.02,128,0.0253616394063631,0.0252739601734454,0.0520371170149819,0.0679605763069269,0,0,0
Persistent innovation,stress,stress_seed_230402,32,230402,50,0.05,128,0.0784764066213763,0.0784119420626114,0.077335075643074,0.200697464670425,4,0.03125,0
Persistent innovation,stress,stress_seed_230402,32,230402,100,0.1,128,0.207947484436044,0.207882204607351,0.186741681786134,0.466763657497713,51,0.3984375,0
Persistent innovation,stress,stress_seed_230402,32,230402,250,0.25,128,0.672990128120653,0.673006319352843,0.634407939440068,1.3439841314901,104,0.8125,0
Linear hybrid,stress,stress_seed_230402,32,230402,1,0.001,128,0.00129420371678371,0.00138622074639018,0.0512973182844566,0.00358911338133994,0,0,0
Linear hybrid,stress,stress_seed_230402,32,230402,20,0.02,128,0.014739017764891,0.0146627905657718,0.0511812880987075,0.0421465976061043,0,0,0
Linear hybrid,stress,stress_seed_230402,32,230402,50,0.05,128,0.0539687049141466,0.0539023945962588,0.0659648912577807,0.138148110500376,0,0,0
Linear hybrid,stress,stress_seed_230402,32,230402,100,0.1,128,0.149624156146524,0.149561536918023,0.145405936494577,0.340091278312843,38,0.296875,0
Linear hybrid,stress,stress_seed_230402,32,230402,250,0.25,128,0.453135460760491,0.453128590650011,0.444710219219517,0.943150606039169,96,0.75,0
EDMD hybrid,stress,stress_seed_230402,32,230402,1,0.001,128,0.00130063421787338,0.00139228977273447,0.0512981412980749,0.00381220879381822,0,0,0
EDMD hybrid,stress,stress_seed_230402,32,230402,20,0.02,128,0.0147503459473624,0.0146744006934504,0.0511773589068632,0.0439121657378548,0,0,0
EDMD hybrid,stress,stress_seed_230402,32,230402,50,0.05,128,0.0539847245806543,0.0539174885007494,0.0660049350041891,0.143044098851845,0,0,0
EDMD hybrid,stress,stress_seed_230402,32,230402,100,0.1,128,0.14961134867085,0.149546210684766,0.145513166626583,0.344797687147668,37,0.2890625,0
EDMD hybrid,stress,stress_seed_230402,32,230402,250,0.25,128,0.453014667695335,0.453001427146013,0.444816645567907,0.968713805831839,97,0.7578125,0
Weighted linear hybrid,stress,stress_seed_230402,32,230402,1,0.001,128,0.0380186919623081,0.0380676386174092,0.0447807322284421,0.078279317116964,0,0,0
Weighted linear hybrid,stress,stress_seed_230402,32,230402,20,0.02,128,0.0585806096624667,0.0585345987501553,0.0621500770322255,0.118868238743924,0,0,0
Weighted linear hybrid,stress,stress_seed_230402,32,230402,50,0.05,128,0.122995397286966,0.122947090560657,0.123518917554352,0.25060730186249,26,0.203125,0
Weighted linear hybrid,stress,stress_seed_230402,32,230402,100,0.1,128,0.227307639091344,0.227317008531338,0.227072249256103,0.477607703600609,63,0.4921875,0
Weighted linear hybrid,stress,stress_seed_230402,32,230402,250,0.25,128,0.458776127698454,0.458743687852975,0.459831289123297,0.943150606039169,91,0.7109375,0
Weighted EDMD hybrid,stress,stress_seed_230402,32,230402,1,0.001,128,0.0380191111189428,0.0380680837860931,0.0447805159026501,0.078279317116964,0,0,0
Weighted EDMD hybrid,stress,stress_seed_230402,32,230402,20,0.02,128,0.058598028674597,0.0585521779967779,0.062148366857623,0.118868238743924,0,0,0
Weighted EDMD hybrid,stress,stress_seed_230402,32,230402,50,0.05,128,0.123083254458218,0.123035017927521,0.123562939590163,0.25060730186249,26,0.203125,0
Weighted EDMD hybrid,stress,stress_seed_230402,32,230402,100,0.1,128,0.227611859605116,0.227620416369767,0.227315531341575,0.477607703600609,63,0.4921875,0
Weighted EDMD hybrid,stress,stress_seed_230402,32,230402,250,0.25,128,0.459299126872866,0.45926715806501,0.460380403564395,0.968713805831839,93,0.7265625,0
Nominal physics,stress,stress_seed_230403,33,230403,1,0.001,128,0.0306931592663567,0.0305999668312896,0.0306931592663567,0.0595462346394297,0,0,0
Nominal physics,stress,stress_seed_230403,33,230403,20,0.02,128,0.0466024391917175,0.0465574726596426,0.0466024391917175,0.0914512225941672,0,0,0
Nominal physics,stress,stress_seed_230403,33,230403,50,0.05,128,0.0957820788914191,0.0958094338196898,0.0957820788914191,0.19965606195042,6,0.046875,0
Nominal physics,stress,stress_seed_230403,33,230403,100,0.1,128,0.171255106348289,0.171210737277131,0.171255106348289,0.38689077856778,43,0.3359375,0
Nominal physics,stress,stress_seed_230403,33,230403,250,0.25,128,0.295091646723554,0.295113166879663,0.295091646723554,0.725992674430715,66,0.515625,0
Persistent innovation,stress,stress_seed_230403,33,230403,1,0.001,128,0.00591884176578044,0.00590563244015839,0.0366250841242619,0.0169628096162267,0,0,0
Persistent innovation,stress,stress_seed_230403,33,230403,20,0.02,128,0.0195390218561316,0.019527358290772,0.0378526359948115,0.0512709287559166,0,0,0
Persistent innovation,stress,stress_seed_230403,33,230403,50,0.05,128,0.0609654564921913,0.0609606077995111,0.0593299602019261,0.142909824673716,0,0,0
Persistent innovation,stress,stress_seed_230403,33,230403,100,0.1,128,0.162492267596031,0.162470402915673,0.146477005385993,0.368093356780456,39,0.3046875,0
Persistent innovation,stress,stress_seed_230403,33,230403,250,0.25,128,0.508565173392005,0.508622513552059,0.479153035382372,1.12307878942087,97,0.7578125,0
Linear hybrid,stress,stress_seed_230403,33,230403,1,0.001,128,0.00101309492349846,0.00109149137209348,0.0367472862678802,0.00285736771116355,0,0,0
Linear hybrid,stress,stress_seed_230403,33,230403,20,0.02,128,0.0113624877999305,0.0113627031475197,0.0371045207414458,0.0312892301215111,0,0,0
Linear hybrid,stress,stress_seed_230403,33,230403,50,0.05,128,0.0421531364797761,0.0421450891882913,0.0502126054838137,0.109400216270517,0,0,0
Linear hybrid,stress,stress_seed_230403,33,230403,100,0.1,128,0.118505489752045,0.118484158695532,0.114995172864617,0.278519246705241,23,0.1796875,0
Linear hybrid,stress,stress_seed_230403,33,230403,250,0.25,128,0.34368975955557,0.343737184058067,0.336107473296162,0.766723341125478,85,0.6640625,0
EDMD hybrid,stress,stress_seed_230403,33,230403,1,0.001,128,0.00101970152263205,0.00109691569585871,0.03674699467434,0.00296306004255239,0,0,0
EDMD hybrid,stress,stress_seed_230403,33,230403,20,0.02,128,0.0113873731147405,0.011387520209093,0.0371061804365092,0.0317742397239241,0,0,0
EDMD hybrid,stress,stress_seed_230403,33,230403,50,0.05,128,0.042236497914092,0.0422282680066173,0.050213211273015,0.111305696940637,0,0,0
EDMD hybrid,stress,stress_seed_230403,33,230403,100,0.1,128,0.118679872515451,0.118659087278916,0.115056800039645,0.284977662236716,23,0.1796875,0
EDMD hybrid,stress,stress_seed_230403,33,230403,250,0.25,128,0.343512339807001,0.34355749534114,0.335936589521281,0.788210118973565,86,0.671875,0
Weighted linear hybrid,stress,stress_seed_230403,33,230403,1,0.001,128,0.022594347720908,0.0225696991956344,0.0336113916298492,0.0595462346394297,0,0,0
Weighted linear hybrid,stress,stress_seed_230403,33,230403,20,0.02,128,0.0353179468062126,0.0352656995678153,0.0425782227925981,0.0914512225941672,0,0,0
Weighted linear hybrid,stress,stress_seed_230403,33,230403,50,0.05,128,0.077258010748419,0.0772716351915044,0.0792463588996777,0.19965606195042,6,0.046875,0
Weighted linear hybrid,stress,stress_seed_230403,33,230403,100,0.1,128,0.153566436497084,0.153571435560537,0.152504246146783,0.38689077856778,36,0.28125,0
Weighted linear hybrid,stress,stress_seed_230403,33,230403,250,0.25,128,0.323184147826329,0.323198184729923,0.320546158299993,0.766723341125478,74,0.578125,0
Weighted EDMD hybrid,stress,stress_seed_230403,33,230403,1,0.001,128,0.0225944845611725,0.0225698289145506,0.0336117225863783,0.0595462346394297,0,0,0
Weighted EDMD hybrid,stress,stress_seed_230403,33,230403,20,0.02,128,0.035320286419746,0.0352681105543248,0.0425787163695874,0.0914512225941672,0,0,0
Weighted EDMD hybrid,stress,stress_seed_230403,33,230403,50,0.05,128,0.077263872866277,0.0772776551742838,0.0792364027864873,0.19965606195042,6,0.046875,0
Weighted EDMD hybrid,stress,stress_seed_230403,33,230403,100,0.1,128,0.153534089281827,0.153540401951177,0.152455103985164,0.38689077856778,36,0.28125,0
Weighted EDMD hybrid,stress,stress_seed_230403,33,230403,250,0.25,128,0.322362122919111,0.322374282826678,0.319831247299505,0.788210118973565,75,0.5859375,0
Nominal physics,stress,stress_seed_230404,34,230404,1,0.001,128,0.0276874936830093,0.0277273307129511,0.0276874936830093,0.0497804247929722,0,0,0
Nominal physics,stress,stress_seed_230404,34,230404,20,0.02,128,0.0418119647436649,0.041814465228872,0.0418119647436649,0.0759635868139536,0,0,0
Nominal physics,stress,stress_seed_230404,34,230404,50,0.05,128,0.0860155520799202,0.0860598860522755,0.0860155520799202,0.159309442239288,0,0,0
Nominal physics,stress,stress_seed_230404,34,230404,100,0.1,128,0.155739462717797,0.155739963527946,0.155739462717797,0.300024428668057,42,0.328125,0
Nominal physics,stress,stress_seed_230404,34,230404,250,0.25,128,0.312739567218324,0.312737631125851,0.312739567218324,0.632153660294198,86,0.671875,0
Persistent innovation,stress,stress_seed_230404,34,230404,1,0.001,128,0.00416935048314383,0.00427282933712815,0.0330889318509687,0.0117994501388839,0,0,0
Persistent innovation,stress,stress_seed_230404,34,230404,20,0.02,128,0.0138655834475557,0.0139198492156799,0.0335254448462774,0.0364041177742974,0,0,0
Persistent innovation,stress,stress_seed_230404,34,230404,50,0.05,128,0.0435857528540689,0.0435797602602091,0.0460753687721673,0.108642483638226,0,0,0
Persistent innovation,stress,stress_seed_230404,34,230404,100,0.1,128,0.116143053973276,0.116159615564852,0.105179388891588,0.263124712212856,21,0.1640625,0
Persistent innovation,stress,stress_seed_230404,34,230404,250,0.25,128,0.401037278424265,0.401061157652012,0.378366023719694,0.841739474759602,91,0.7109375,0
Linear hybrid,stress,stress_seed_230404,34,230404,1,0.001,128,0.000721803007733515,0.000882022643751245,0.0331582850668512,0.00218450895299943,0,0,0
Linear hybrid,stress,stress_seed_230404,34,230404,20,0.02,128,0.00810424430296927,0.00816612709109323,0.0330797660110465,0.0220779450658962,0,0,0
Linear hybrid,stress,stress_seed_230404,34,230404,50,0.05,128,0.0301470179814168,0.0301443849121223,0.0404644321342063,0.0782533502666359,0,0,0
Linear hybrid,stress,stress_seed_230404,34,230404,100,0.1,128,0.0836566643620672,0.0836650908037403,0.083057448427409,0.201344127835446,6,0.046875,0
Linear hybrid,stress,stress_seed_230404,34,230404,250,0.25,128,0.263711972522427,0.263756216531675,0.260439328073774,0.548832388363037,76,0.59375,0
EDMD hybrid,stress,stress_seed_230404,34,230404,1,0.001,128,0.000723164158661058,0.000882135265810598,0.0331583232814475,0.00211457743325294,0,0,0
EDMD hybrid,stress,stress_seed_230404,34,230404,20,0.02,128,0.00810328242072269,0.00816381160243474,0.033079687727231,0.022319504207152,0,0,0
EDMD hybrid,stress,stress_seed_230404,34,230404,50,0.05,128,0.0301541797202985,0.0301531343237018,0.040467346126392,0.0792812383401456,0,0,0
EDMD hybrid,stress,stress_seed_230404,34,230404,100,0.1,128,0.0837233587954613,0.0837307052535883,0.0830981262601557,0.200504154860067,5,0.0390625,0
EDMD hybrid,stress,stress_seed_230404,34,230404,250,0.25,128,0.264255325767655,0.264300596422811,0.260828938191679,0.575236744828411,74,0.578125,0
Weighted linear hybrid,stress,stress_seed_230404,34,230404,1,0.001,128,0.0143946057386248,0.014449066423866,0.0317765658958926,0.0497804247929722,0,0,0
Weighted linear hybrid,stress,stress_seed_230404,34,230404,20,0.02,128,0.0227564021813799,0.0227339400582268,0.0356571966186563,0.0759635868139536,0,0,0
Weighted linear hybrid,stress,stress_seed_230404,34,230404,50,0.05,128,0.0506499495073134,0.0506415160738966,0.0559864448324647,0.159309442239288,0,0,0
Weighted linear hybrid,stress,stress_seed_230404,34,230404,100,0.1,128,0.0998753203892097,0.0999047137228514,0.101011544844992,0.300024428668057,12,0.09375,0
Weighted linear hybrid,stress,stress_seed_230404,34,230404,250,0.25,128,0.247007866639266,0.247029577273965,0.246635572074794,0.546937526747897,70,0.546875,0
Weighted EDMD hybrid,stress,stress_seed_230404,34,230404,1,0.001,128,0.0143947098698,0.0144491014178207,0.031776876307651,0.0497804247929722,0,0,0
Weighted EDMD hybrid,stress,stress_seed_230404,34,230404,20,0.02,128,0.022759189715643,0.0227363253700758,0.0356561740456503,0.0759635868139536,0,0,0
Weighted EDMD hybrid,stress,stress_seed_230404,34,230404,50,0.05,128,0.0506657306862719,0.050657966017449,0.0559949431900785,0.159309442239288,0,0,0
Weighted EDMD hybrid,stress,stress_seed_230404,34,230404,100,0.1,128,0.099899145655221,0.0999281622220098,0.101060210150669,0.300024428668057,10,0.078125,0
Weighted EDMD hybrid,stress,stress_seed_230404,34,230404,250,0.25,128,0.246212963815373,0.246234921451493,0.246051579561659,0.541161972018145,69,0.5390625,0
Nominal physics,stress,stress_seed_230405,35,230405,1,0.001,128,0.0304424735118669,0.0304727759280271,0.0304424735118669,0.0568946797366584,0,0,0
Nominal physics,stress,stress_seed_230405,35,230405,20,0.02,128,0.0458096834080685,0.0458198088613444,0.0458096834080685,0.0860766947905737,0,0,0
Nominal physics,stress,stress_seed_230405,35,230405,50,0.05,128,0.0936897393530974,0.0936387769972452,0.0936897393530974,0.178666906717189,2,0.015625,0
Nominal physics,stress,stress_seed_230405,35,230405,100,0.1,128,0.166907985699521,0.166891455069857,0.166907985699521,0.326252770611234,43,0.3359375,0
Nominal physics,stress,stress_seed_230405,35,230405,250,0.25,128,0.311645257185074,0.311635628310508,0.311645257185074,0.724139193110051,73,0.5703125,0
Persistent innovation,stress,stress_seed_230405,35,230405,1,0.001,128,0.00497226479320465,0.00497203487718983,0.0363918374617731,0.0146307395440236,0,0,0
Persistent innovation,stress,stress_seed_230405,35,230405,20,0.02,128,0.0164040910909453,0.0164626947609527,0.036774288126886,0.0448807850381009,0,0,0
Persistent innovation,stress,stress_seed_230405,35,230405,50,0.05,128,0.0517354085498572,0.0517128461491483,0.0522233012599823,0.136290465357895,0,0,0
Persistent innovation,stress,stress_seed_230405,35,230405,100,0.1,128,0.139852346697481,0.139832759545445,0.12518826010432,0.334565277059961,33,0.2578125,0
Persistent innovation,stress,stress_seed_230405,35,230405,250,0.25,128,0.479217050521681,0.479168250158809,0.451366547290574,1.01741999082626,96,0.75,0
Linear hybrid,stress,stress_seed_230405,35,230405,1,0.001,128,0.000836826499299748,0.000921032783243331,0.0364577359467435,0.00225928283849169,0,0,0
Linear hybrid,stress,stress_seed_230405,35,230405,20,0.02,128,0.00946094942263671,0.00953354289584157,0.0362310228381157,0.0259869763318801,0,0,0
Linear hybrid,stress,stress_seed_230405,35,230405,50,0.05,128,0.0353582179138802,0.035322408198318,0.0451740154031892,0.0920125155929186,0,0,0
Linear hybrid,stress,stress_seed_230405,35,230405,100,0.1,128,0.100488709987921,0.100486907553576,0.0979553159817578,0.264064738957133,16,0.125,0
Linear hybrid,stress,stress_seed_230405,35,230405,250,0.25,128,0.321861920555447,0.321815136930914,0.3157310754353,0.760551285249089,76,0.59375,0
EDMD hybrid,stress,stress_seed_230405,35,230405,1,0.001,128,0.0008370484399208,0.000920221087658884,0.0364579647713824,0.00217384930327402,0,0,0
EDMD hybrid,stress,stress_seed_230405,35,230405,20,0.02,128,0.00948816389098963,0.00956366798054999,0.0362322055732035,0.0254316239781702,0,0,0
EDMD hybrid,stress,stress_seed_230405,35,230405,50,0.05,128,0.035480092890124,0.0354458766902973,0.0451954911009562,0.0898991802666324,0,0,0
EDMD hybrid,stress,stress_seed_230405,35,230405,100,0.1,128,0.101003753192835,0.101003014770543,0.0982118415950323,0.261045695845606,16,0.125,0
EDMD hybrid,stress,stress_seed_230405,35,230405,250,0.25,128,0.324851745037453,0.324811596334859,0.317955315972339,0.742526425606354,76,0.59375,0
Weighted linear hybrid,stress,stress_seed_230405,35,230405,1,0.001,128,0.0215549276477062,0.0216138013910693,0.033576274763915,0.0568946797366584,0,0,0
Weighted linear hybrid,stress,stress_seed_230405,35,230405,20,0.02,128,0.0331503578052185,0.0331550640429512,0.0413547693308302,0.0860766947905737,0,0,0
Weighted linear hybrid,stress,stress_seed_230405,35,230405,50,0.05,128,0.0704778876878308,0.070463884370487,0.0735063757505633,0.178666906717189,2,0.015625,0
Weighted linear hybrid,stress,stress_seed_230405,35,230405,100,0.1,128,0.134077380218353,0.134015259462012,0.134256970670461,0.326252770611234,27,0.2109375,0
Weighted linear hybrid,stress,stress_seed_230405,35,230405,250,0.25,128,0.32383634881912,0.323761431445174,0.321850994993135,0.760551285249089,72,0.5625,0
Weighted EDMD hybrid,stress,stress_seed_230405,35,230405,1,0.001,128,0.0215547978291891,0.021613652045605,0.0335762717437571,0.0568946797366584,0,0,0
Weighted EDMD hybrid,stress,stress_seed_230405,35,230405,20,0.02,128,0.0331456059770641,0.033150812510558,0.0413541947872671,0.0860766947905737,0,0,0
Weighted EDMD hybrid,stress,stress_seed_230405,35,230405,50,0.05,128,0.0704469827017506,0.0704333730766431,0.0734978529421147,0.178666906717189,2,0.015625,0
Weighted EDMD hybrid,stress,stress_seed_230405,35,230405,100,0.1,128,0.133971654381001,0.133910690151685,0.134186456158269,0.326252770611234,27,0.2109375,0
Weighted EDMD hybrid,stress,stress_seed_230405,35,230405,250,0.25,128,0.322921435524872,0.322850388187133,0.321009464394298,0.742526425606354,72,0.5625,0
Nominal physics,stress,stress_seed_230406,36,230406,1,0.001,128,0.0400697177188976,0.0400953905698209,0.0400697177188976,0.0804927524593384,0,0,0
Nominal physics,stress,stress_seed_230406,36,230406,20,0.02,128,0.0607570721784632,0.0607562561076467,0.0607570721784632,0.122989654929007,0,0,0
Nominal physics,stress,stress_seed_230406,36,230406,50,0.05,128,0.125593311362997,0.125620129421955,0.125593311362997,0.252284876898119,29,0.2265625,0
Nominal physics,stress,stress_seed_230406,36,230406,100,0.1,128,0.228694390907068,0.228674256570528,0.228694390907068,0.461917267071186,53,0.4140625,0
Nominal physics,stress,stress_seed_230406,36,230406,250,0.25,128,0.438835797723442,0.438845416907559,0.438835797723442,1.00351504563901,89,0.6953125,0
Persistent innovation,stress,stress_seed_230406,36,230406,1,0.001,128,0.00634553337217021,0.00638901133729739,0.0478671107411576,0.0215650340098864,0,0,0
Persistent innovation,stress,stress_seed_230406,36,230406,20,0.02,128,0.0211014411722153,0.0211180610547248,0.0488716101314936,0.0694672604866471,0,0,0
Persistent innovation,stress,stress_seed_230406,36,230406,50,0.05,128,0.0662336345111705,0.0662188970760383,0.0694054580324302,0.197832228654834,4,0.03125,0
Persistent innovation,stress,stress_seed_230406,36,230406,100,0.1,128,0.177135299250609,0.177143470111038,0.161268567399395,0.501110848354284,38,0.296875,0
Persistent innovation,stress,stress_seed_230406,36,230406,250,0.25,128,0.614120035848318,0.614200261503913,0.579707762987009,1.6066016744486,96,0.75,0
Linear hybrid,stress,stress_seed_230406,36,230406,1,0.001,128,0.00104186104698188,0.00116015593652585,0.0479838581722978,0.00349111647177891,0,0,0
Linear hybrid,stress,stress_seed_230406,36,230406,20,0.02,128,0.0124085448917349,0.0124320085576916,0.0481432767342145,0.0384438057236128,0,0,0
Linear hybrid,stress,stress_seed_230406,36,230406,50,0.05,128,0.0467376850399268,0.0467259230136692,0.0608321505811628,0.149625436423661,0,0,0
Linear hybrid,stress,stress_seed_230406,36,230406,100,0.1,128,0.132193327275647,0.132195968352188,0.130408907469743,0.378336230624596,26,0.203125,0
Linear hybrid,stress,stress_seed_230406,36,230406,250,0.25,128,0.424445098680135,0.42452743990807,0.417902909700498,1.15241792652761,85,0.6640625,0
EDMD hybrid,stress,stress_seed_230406,36,230406,1,0.001,128,0.00105284478214,0.00116963093445228,0.0479844800046402,0.00375976949052781,0,0,0
EDMD hybrid,stress,stress_seed_230406,36,230406,20,0.02,128,0.0124727295500015,0.0124957616247432,0.048142371369761,0.0392654412752502,0,0,0
EDMD hybrid,stress,stress_seed_230406,36,230406,50,0.05,128,0.0469584264690967,0.0469449501978536,0.0609039076699603,0.152317581199868,0,0,0
EDMD hybrid,stress,stress_seed_230406,36,230406,100,0.1,128,0.132885908428948,0.132887836945002,0.130851665571475,0.387734131062272,27,0.2109375,0
EDMD hybrid,stress,stress_seed_230406,36,230406,250,0.25,128,0.430704373587169,0.43078362793598,0.423096307506005,1.19705025621949,83,0.6484375,0
Weighted linear hybrid,stress,stress_seed_230406,36,230406,1,0.001,128,0.0348123955595523,0.0348172240111135,0.0421479801458363,0.0804927524593384,0,0,0
Weighted linear hybrid,stress,stress_seed_230406,36,230406,20,0.02,128,0.0528599410090255,0.052835171348333,0.0579106729374414,0.122989654929007,0,0,0
Weighted linear hybrid,stress,stress_seed_230406,36,230406,50,0.05,128,0.109931649445305,0.109949284828749,0.112308849744932,0.252284876898119,26,0.203125,0
Weighted linear hybrid,stress,stress_seed_230406,36,230406,100,0.1,128,0.201973805751069,0.201919201033341,0.203339351470134,0.461917267071186,38,0.296875,0
Weighted linear hybrid,stress,stress_seed_230406,36,230406,250,0.25,128,0.378235107131601,0.378246072637926,0.380606695605304,1.02258536669402,81,0.6328125,0
Weighted EDMD hybrid,stress,stress_seed_230406,36,230406,1,0.001,128,0.0348128582157646,0.0348176910615876,0.0421479108408863,0.0804927524593384,0,0,0
Weighted EDMD hybrid,stress,stress_seed_230406,36,230406,20,0.02,128,0.0528768251914197,0.0528521211844634,0.0579097586670481,0.122989654929007,0,0,0
Weighted EDMD hybrid,stress,stress_seed_230406,36,230406,50,0.05,128,0.110028463170257,0.1100453975917,0.112348922019574,0.252284876898119,26,0.203125,0
Weighted EDMD hybrid,stress,stress_seed_230406,36,230406,100,0.1,128,0.202356180878045,0.202301976447472,0.203604533485077,0.461917267071186,39,0.3046875,0
Weighted EDMD hybrid,stress,stress_seed_230406,36,230406,250,0.25,128,0.380227625771499,0.380236256229055,0.382371324935585,1.07087750761231,80,0.625,0
Nominal physics,stress,stress_seed_230407,37,230407,1,0.001,128,0.0442936852395191,0.0443251865320422,0.0442936852395191,0.0942846516450617,0,0,0
Nominal physics,stress,stress_seed_230407,37,230407,20,0.02,128,0.0666625615741308,0.0667105552761652,0.0666625615741308,0.143706962049187,0,0,0
Nominal physics,stress,stress_seed_230407,37,230407,50,0.05,128,0.134632142409675,0.134636526970041,0.134632142409675,0.284044369341149,32,0.25,0
Nominal physics,stress,stress_seed_230407,37,230407,100,0.1,128,0.232735857911716,0.232738632583316,0.232735857911716,0.504647406271994,64,0.5,0
Nominal physics,stress,stress_seed_230407,37,230407,250,0.25,128,0.372552261074808,0.372561562796494,0.372552261074808,0.987572015716844,64,0.5,0
Persistent innovation,stress,stress_seed_230407,37,230407,1,0.001,128,0.0084970128821608,0.00853106944720353,0.052877446136642,0.0245258515399635,0,0,0
Persistent innovation,stress,stress_seed_230407,37,230407,20,0.02,128,0.0279659643929142,0.0279905302882165,0.053992567319482,0.0808816581417482,0,0,0
Persistent innovation,stress,stress_seed_230407,37,230407,50,0.05,128,0.0859399765354823,0.0859115999976453,0.0819699005248264,0.235293008765936,12,0.09375,0
Persistent innovation,stress,stress_seed_230407,37,230407,100,0.1,128,0.221194783294542,0.221240684167099,0.195955445456882,0.493607178013371,58,0.453125,0
Persistent innovation,stress,stress_seed_230407,37,230407,250,0.25,128,0.690541831133327,0.690541382230905,0.646299691293701,1.26121375600528,100,0.78125,0
Linear hybrid,stress,stress_seed_230407,37,230407,1,0.001,128,0.00141382309806115,0.00148799449683887,0.0530501762066487,0.00422180062635658,0,0,0
Linear hybrid,stress,stress_seed_230407,37,230407,20,0.02,128,0.0165459596413305,0.016564167700048,0.0529333353993954,0.0497452506205483,0,0,0
Linear hybrid,stress,stress_seed_230407,37,230407,50,0.05,128,0.0610650680833321,0.0610296086233558,0.0695451415699008,0.158644819954067,0,0,0
Linear hybrid,stress,stress_seed_230407,37,230407,100,0.1,128,0.165182314937598,0.165234549350442,0.156153113159484,0.394803238943127,43,0.3359375,0
Linear hybrid,stress,stress_seed_230407,37,230407,250,0.25,128,0.468743812611129,0.46873845025189,0.455524466684074,0.910825495767239,100,0.78125,0
EDMD hybrid,stress,stress_seed_230407,37,230407,1,0.001,128,0.00141302959997418,0.00148713501058705,0.0530506550125827,0.00441816351450947,0,0,0
EDMD hybrid,stress,stress_seed_230407,37,230407,20,0.02,128,0.0165272829337177,0.0165450834058506,0.0529323195723507,0.0518249704653664,0,0,0
EDMD hybrid,stress,stress_seed_230407,37,230407,50,0.05,128,0.0610080792970305,0.060974051979924,0.0695262499766106,0.166736689032939,0,0,0
EDMD hybrid,stress,stress_seed_230407,37,230407,100,0.1,128,0.165009647873532,0.165061729383393,0.15604366836332,0.408506188216059,43,0.3359375,0
EDMD hybrid,stress,stress_seed_230407,37,230407,250,0.25,128,0.465848674685127,0.46584284413662,0.452830062231134,0.912908007830675,102,0.796875,0
Weighted linear hybrid,stress,stress_seed_230407,37,230407,1,0.001,128,0.0402527207810239,0.0402804120023166,0.0459591782592388,0.0942846516450617,0,0,0
Weighted linear hybrid,stress,stress_seed_230407,37,230407,20,0.02,128,0.0613713185574178,0.0614186740538176,0.0645990969476077,0.143706962049187,0,0,0
Weighted linear hybrid,stress,stress_seed_230407,37,230407,50,0.05,128,0.125177068173218,0.12517059321907,0.12609809476639,0.284044369341149,30,0.234375,0
Weighted linear hybrid,stress,stress_seed_230407,37,230407,100,0.1,128,0.223575430031502,0.223568150121264,0.22322508731871,0.504647406271994,59,0.4609375,0
Weighted linear hybrid,stress,stress_seed_230407,37,230407,250,0.25,128,0.400655569125587,0.400651907728037,0.398818589067164,0.987572015716844,78,0.609375,0
Weighted EDMD hybrid,stress,stress_seed_230407,37,230407,1,0.001,128,0.0402531562017871,0.0402808818145671,0.0459591227578861,0.0942846516450617,0,0,0
Weighted EDMD hybrid,stress,stress_seed_230407,37,230407,20,0.02,128,0.0613894799486251,0.0614370722469288,0.0645980362132468,0.143706962049187,0,0,0
Weighted EDMD hybrid,stress,stress_seed_230407,37,230407,50,0.05,128,0.125276013381484,0.12526978762639,0.12614113408008,0.284044369341149,30,0.234375,0
Weighted EDMD hybrid,stress,stress_seed_230407,37,230407,100,0.1,128,0.223909531649512,0.223901675635891,0.223457284084918,0.504647406271994,59,0.4609375,0
Weighted EDMD hybrid,stress,stress_seed_230407,37,230407,250,0.25,128,0.401255680664538,0.40125163658105,0.399259483743346,0.987572015716844,78,0.609375,0
Nominal physics,stress,stress_seed_230408,38,230408,1,0.001,128,0.0300270255855751,0.030079262672061,0.0300270255855751,0.0545053971837199,0,0,0
Nominal physics,stress,stress_seed_230408,38,230408,20,0.02,128,0.0453551140611253,0.0453336213730147,0.0453551140611253,0.0819929159748827,0,0,0
Nominal physics,stress,stress_seed_230408,38,230408,50,0.05,128,0.0929859945652789,0.0930359000886359,0.0929859945652789,0.170503157712219,0,0,0
Nominal physics,stress,stress_seed_230408,38,230408,100,0.1,128,0.166881585268263,0.166833094776244,0.166881585268263,0.312660009242601,45,0.3515625,0
Nominal physics,stress,stress_seed_230408,38,230408,250,0.25,128,0.30774548168275,0.307757828688984,0.30774548168275,0.607959351932133,92,0.71875,0
Persistent innovation,stress,stress_seed_230408,38,230408,1,0.001,128,0.00542852842648117,0.0054498807332341,0.0358614544298071,0.0154398456288036,0,0,0
Persistent innovation,stress,stress_seed_230408,38,230408,20,0.02,128,0.01787570631572,0.0179260798131523,0.0366377292074621,0.05016252372986,0,0,0
Persistent innovation,stress,stress_seed_230408,38,230408,50,0.05,128,0.0554433448051898,0.0554491141089117,0.0547852351080265,0.136793644571285,0,0,0
Persistent innovation,stress,stress_seed_230408,38,230408,100,0.1,128,0.146602784945215,0.146591559509861,0.131952621957075,0.349060785353377,34,0.265625,0
Persistent innovation,stress,stress_seed_230408,38,230408,250,0.25,128,0.442904881865843,0.442938523313802,0.416191955881461,0.92497530861956,91,0.7109375,0
Linear hybrid,stress,stress_seed_230408,38,230408,1,0.001,128,0.000883118986169165,0.000976024410785801,0.0359540590125828,0.00280577125604375,0,0,0
Linear hybrid,stress,stress_seed_230408,38,230408,20,0.02,128,0.0103105167338043,0.0103655762381074,0.0359950576266459,0.0296565682196638,0,0,0
Linear hybrid,stress,stress_seed_230408,38,230408,50,0.05,128,0.0380761340648424,0.038073300671641,0.0468242503474365,0.101443792465203,0,0,0
Linear hybrid,stress,stress_seed_230408,38,230408,100,0.1,128,0.106015053871968,0.106007486739027,0.103594336507763,0.267993809386764,20,0.15625,0
Linear hybrid,stress,stress_seed_230408,38,230408,250,0.25,128,0.293823338334635,0.293878084494929,0.287178657985363,0.63204325274991,76,0.59375,0
EDMD hybrid,stress,stress_seed_230408,38,230408,1,0.001,128,0.000889579191392345,0.000979250594029411,0.0359548697743143,0.00288432304723651,0,0,0
EDMD hybrid,stress,stress_seed_230408,38,230408,20,0.02,128,0.0103592506149863,0.0104135120161806,0.0359960792438124,0.0288776278118038,0,0,0
EDMD hybrid,stress,stress_seed_230408,38,230408,50,0.05,128,0.0382987656179986,0.0382974546358571,0.0468542998342917,0.102813800297777,0,0,0
EDMD hybrid,stress,stress_seed_230408,38,230408,100,0.1,128,0.106849073928392,0.106843230708213,0.104039061389973,0.272605408736467,20,0.15625,0
EDMD hybrid,stress,stress_seed_230408,38,230408,250,0.25,128,0.298708825170488,0.298761477279464,0.291332393414278,0.619563458747142,77,0.6015625,0
Weighted linear hybrid,stress,stress_seed_230408,38,230408,1,0.001,128,0.0208176530924133,0.0208171563144118,0.0332387466361793,0.0545053971837199,0,0,0
Weighted linear hybrid,stress,stress_seed_230408,38,230408,20,0.02,128,0.0319691315317896,0.0319556811211542,0.0407443350775802,0.0819929159748827,0,0,0
Weighted linear hybrid,stress,stress_seed_230408,38,230408,50,0.05,128,0.0681459499060631,0.0681992355771916,0.0717306003002648,0.170503157712219,0,0,0
Weighted linear hybrid,stress,stress_seed_230408,38,230408,100,0.1,128,0.133471904630087,0.133454900237388,0.133804201177779,0.312660009242601,32,0.25,0
Weighted linear hybrid,stress,stress_seed_230408,38,230408,250,0.25,128,0.290661703648945,0.290715533665259,0.287849242725604,0.63204325274991,78,0.609375,0
Weighted EDMD hybrid,stress,stress_seed_230408,38,230408,1,0.001,128,0.0208179170319525,0.0208173544078909,0.0332389650232123,0.0545053971837199,0,0,0
Weighted EDMD hybrid,stress,stress_seed_230408,38,230408,20,0.02,128,0.0319801054888546,0.0319664840763307,0.0407448068842897,0.0819929159748827,0,0,0
Weighted EDMD hybrid,stress,stress_seed_230408,38,230408,50,0.05,128,0.0682208963744973,0.0682749149812212,0.0717422081751801,0.170503157712219,0,0,0
Weighted EDMD hybrid,stress,stress_seed_230408,38,230408,100,0.1,128,0.13383231795109,0.133817156938852,0.133997454346844,0.312660009242601,32,0.25,0
Weighted EDMD hybrid,stress,stress_seed_230408,38,230408,250,0.25,128,0.292825664113333,0.292877751796108,0.289782201233313,0.619563458747142,79,0.6171875,0
Nominal physics,stress,stress_seed_230409,39,230409,1,0.001,128,0.0559361365096014,0.0559370557986087,0.0559361365096014,0.0986575040233071,0,0,0
Nominal physics,stress,stress_seed_230409,39,230409,20,0.02,128,0.0847170634731197,0.0846788073974684,0.0847170634731197,0.150617631747282,0,0,0
Nominal physics,stress,stress_seed_230409,39,230409,50,0.05,128,0.175913495008141,0.175945959889593,0.175913495008141,0.311568745345749,55,0.4296875,0
Nominal physics,stress,stress_seed_230409,39,230409,100,0.1,128,0.324628752916691,0.324595199843335,0.324628752916691,0.579106936551411,93,0.7265625,0
Nominal physics,stress,stress_seed_230409,39,230409,250,0.25,128,0.670020680093443,0.670065247719667,0.670020680093443,1.23132124431571,103,0.8046875,0
Persistent innovation,stress,stress_seed_230409,39,230409,1,0.001,128,0.0078113443389948,0.00784914411377939,0.0669029817269892,0.0213125332050354,0,0,0
Persistent innovation,stress,stress_seed_230409,39,230409,20,0.02,128,0.0259565902794162,0.0259665396207694,0.0677339166312311,0.0717498217824641,0,0,0
Persistent innovation,stress,stress_seed_230409,39,230409,50,0.05,128,0.0805978795285893,0.0805800538528964,0.0900077962536569,0.201731611231386,8,0.0625,0
Persistent innovation,stress,stress_seed_230409,39,230409,100,0.1,128,0.216244511296117,0.216223043377203,0.198936109194938,0.476103823506918,48,0.375,0
Persistent innovation,stress,stress_seed_230409,39,230409,250,0.25,128,0.737290468936947,0.737296015518473,0.695660769481796,1.51160324135192,110,0.859375,0
Linear hybrid,stress,stress_seed_230409,39,230409,1,0.001,128,0.00131823749048275,0.00141253185854343,0.0669856528582268,0.00384946051613568,0,0,0
Linear hybrid,stress,stress_seed_230409,39,230409,20,0.02,128,0.0153061042697149,0.015311024160417,0.0669734098998168,0.0454684166322288,0,0,0
Linear hybrid,stress,stress_seed_230409,39,230409,50,0.05,128,0.0566335322458256,0.0566184765422869,0.0809898672198998,0.145256754681772,0,0,0
Linear hybrid,stress,stress_seed_230409,39,230409,100,0.1,128,0.160281035521851,0.160251357424045,0.162316462551548,0.374923231172689,36,0.28125,0
Linear hybrid,stress,stress_seed_230409,39,230409,250,0.25,128,0.515767395683789,0.515784154201909,0.508934532652426,1.01295545285385,103,0.8046875,0
EDMD hybrid,stress,stress_seed_230409,39,230409,1,0.001,128,0.00131489945474974,0.00140946533609489,0.0669841398781672,0.00361610003299111,0,0,0
EDMD hybrid,stress,stress_seed_230409,39,230409,20,0.02,128,0.0152354600019754,0.0152390771936537,0.0669697315549354,0.0446723088308785,0,0,0
EDMD hybrid,stress,stress_seed_230409,39,230409,50,0.05,128,0.0563324277510505,0.0563168052484406,0.0809587572770727,0.145405106268555,0,0,0
EDMD hybrid,stress,stress_seed_230409,39,230409,100,0.1,128,0.159178214843423,0.159147705450762,0.161816172977596,0.373505166440897,36,0.28125,0
EDMD hybrid,stress,stress_seed_230409,39,230409,250,0.25,128,0.509993515001952,0.510009774943948,0.504444787251504,0.94635985281652,105,0.8203125,0
Weighted linear hybrid,stress,stress_seed_230409,39,230409,1,0.001,128,0.0534585378050299,0.0534300385870008,0.0569825949184279,0.0986575040233071,0,0,0
Weighted linear hybrid,stress,stress_seed_230409,39,230409,20,0.02,128,0.0815116384566891,0.0814647800584094,0.0834534787241926,0.150617631747282,0,0,0
Weighted linear hybrid,stress,stress_seed_230409,39,230409,50,0.05,128,0.171293955566553,0.171315244655509,0.171604238860869,0.311568745345749,52,0.40625,0
Weighted linear hybrid,stress,stress_seed_230409,39,230409,100,0.1,128,0.321003260514577,0.320975613996542,0.320902206350422,0.579106936551411,93,0.7265625,0
Weighted linear hybrid,stress,stress_seed_230409,39,230409,250,0.25,128,0.66475158567471,0.664802149476227,0.666148871916923,1.23132124431571,104,0.8125,0
Weighted EDMD hybrid,stress,stress_seed_230409,39,230409,1,0.001,128,0.0534585332444856,0.0534300683203346,0.0569820596058656,0.0986575040233071,0,0,0
Weighted EDMD hybrid,stress,stress_seed_230409,39,230409,20,0.02,128,0.0815038381404578,0.08145690870026,0.0834537281745552,0.150617631747282,0,0,0
Weighted EDMD hybrid,stress,stress_seed_230409,39,230409,50,0.05,128,0.171250645354629,0.171271875751648,0.171592876234961,0.311568745345749,52,0.40625,0
Weighted EDMD hybrid,stress,stress_seed_230409,39,230409,100,0.1,128,0.320847636574313,0.320820123157402,0.320807342958574,0.579106936551411,93,0.7265625,0
Weighted EDMD hybrid,stress,stress_seed_230409,39,230409,250,0.25,128,0.664091310724561,0.664143482608987,0.665561127602516,1.23132124431571,104,0.8125,0
Nominal physics,stress,stress_seed_230410,40,230410,1,0.001,128,0.0228853531642191,0.0229201884823093,0.0228853531642191,0.0524483720764079,0,0,0
Nominal physics,stress,stress_seed_230410,40,230410,20,0.02,128,0.0344804019412933,0.0344226128081046,0.0344804019412933,0.0788011282770959,0,0,0
Nominal physics,stress,stress_seed_230410,40,230410,50,0.05,128,0.0697899014612525,0.069863327167192,0.0697899014612525,0.164437886401486,0,0,0
Nominal physics,stress,stress_seed_230410,40,230410,100,0.1,128,0.121600872214841,0.121549319226934,0.121600872214841,0.302233680953262,20,0.15625,0
Nominal physics,stress,stress_seed_230410,40,230410,250,0.25,128,0.221931973193061,0.22195888729046,0.221931973193061,0.480561670611102,69,0.5390625,0
Persistent innovation,stress,stress_seed_230410,40,230410,1,0.001,128,0.00439348502939308,0.0044633228872245,0.0273112847788258,0.0124779903764613,0,0,0
Persistent innovation,stress,stress_seed_230410,40,230410,20,0.02,128,0.0146186195642882,0.014640659659847,0.0279661184962063,0.0403347304732252,0,0,0
Persistent innovation,stress,stress_seed_230410,40,230410,50,0.05,128,0.0459200785950972,0.0459636006608924,0.0435482855983023,0.120877298436203,0,0,0
Persistent innovation,stress,stress_seed_230410,40,230410,100,0.1,128,0.120275002948579,0.120260958396201,0.107044127661357,0.289435454489124,29,0.2265625,0
Persistent innovation,stress,stress_seed_230410,40,230410,250,0.25,128,0.339266615430768,0.339328719104398,0.318236977767531,0.747117721060023,81,0.6328125,0
Linear hybrid,stress,stress_seed_230410,40,230410,1,0.001,128,0.000771053120728319,0.000917238604817037,0.0274026244577078,0.00236103035989976,0,0,0
Linear hybrid,stress,stress_seed_230410,40,230410,20,0.02,128,0.00859863584597211,0.00862777213552608,0.0274051916980413,0.0238933071021824,0,0,0
Linear hybrid,stress,stress_seed_230410,40,230410,50,0.05,128,0.032289427142279,0.0323342101495723,0.0366446172568402,0.0896642955495028,0,0,0
Linear hybrid,stress,stress_seed_230410,40,230410,100,0.1,128,0.0897642520227217,0.0897534062182567,0.0848233544763482,0.226780641151027,10,0.078125,0
Linear hybrid,stress,stress_seed_230410,40,230410,250,0.25,128,0.232557995521827,0.232624476464885,0.22480806641923,0.555049037961347,68,0.53125,0
EDMD hybrid,stress,stress_seed_230410,40,230410,1,0.001,128,0.000771466397055813,0.000920114724292841,0.0274026542402853,0.0024891108577626,0,0,0
EDMD hybrid,stress,stress_seed_230410,40,230410,20,0.02,128,0.00860186440783818,0.00863046183504609,0.0274056197304979,0.0241158665358569,0,0,0
EDMD hybrid,stress,stress_seed_230410,40,230410,50,0.05,128,0.0323027215103133,0.0323486665672862,0.0366406526501735,0.0905399549869887,0,0,0
EDMD hybrid,stress,stress_seed_230410,40,230410,100,0.1,128,0.0898040230117342,0.0897921231683644,0.0848302576196593,0.228447006066314,10,0.078125,0
EDMD hybrid,stress,stress_seed_230410,40,230410,250,0.25,128,0.232650961196444,0.232717283722138,0.224779670321927,0.552756269440553,68,0.53125,0
Weighted linear hybrid,stress,stress_seed_230410,40,230410,1,0.001,128,0.0114824260088623,0.0115124877061369,0.02634481824212,0.0524483720764079,0,0,0
Weighted linear hybrid,stress,stress_seed_230410,40,230410,20,0.02,128,0.0185577796974916,0.0184995516727514,0.0293217787771429,0.0788011282770959,0,0,0
Weighted linear hybrid,stress,stress_seed_230410,40,230410,50,0.05,128,0.0429511929533845,0.0430176146647383,0.0460833158245751,0.164437886401486,0,0,0
Weighted linear hybrid,stress,stress_seed_230410,40,230410,100,0.1,128,0.09126006170516,0.0912518388495528,0.0889552674198069,0.289803283524614,10,0.078125,0
Weighted linear hybrid,stress,stress_seed_230410,40,230410,250,0.25,128,0.221654539510695,0.22171498066238,0.216370744594117,0.555049037961347,62,0.484375,0
Weighted EDMD hybrid,stress,stress_seed_230410,40,230410,1,0.001,128,0.0114824948767166,0.0115127445054644,0.0263447674617177,0.0524483720764079,0,0,0
Weighted EDMD hybrid,stress,stress_seed_230410,40,230410,20,0.02,128,0.0185584306990807,0.0184999164147154,0.0293214872631135,0.0788011282770959,0,0,0
Weighted EDMD hybrid,stress,stress_seed_230410,40,230410,50,0.05,128,0.0429433262273754,0.0430108119800997,0.0460797356041457,0.164437886401486,0,0,0
Weighted EDMD hybrid,stress,stress_seed_230410,40,230410,100,0.1,128,0.09117374677927,0.0911642965699833,0.0889103374240605,0.289803283524614,10,0.078125,0
Weighted EDMD hybrid,stress,stress_seed_230410,40,230410,250,0.25,128,0.22052773414104,0.220587395006202,0.215429841490927,0.552756269440553,62,0.484375,0
Nominal physics,nonlinear_transient,nonlinear_seed_231101,41,231101,1,0.001,128,0.0225857907096705,0.0225423978292351,0.0225857907096705,0.0365492069256863,0,0,0
Nominal physics,nonlinear_transient,nonlinear_seed_231101,41,231101,20,0.02,128,0.0344661834989439,0.0344874436941565,0.0344661834989439,0.0550738500563109,0,0,0
Nominal physics,nonlinear_transient,nonlinear_seed_231101,41,231101,50,0.05,128,0.0728274935608001,0.0728640902700756,0.0728274935608001,0.116481494671951,0,0,0
Nominal physics,nonlinear_transient,nonlinear_seed_231101,41,231101,100,0.1,128,0.139709785730932,0.139726964618833,0.139709785730932,0.224848111599868,39,0.3046875,0
Nominal physics,nonlinear_transient,nonlinear_seed_231101,41,231101,250,0.25,128,0.337267563251399,0.337296221196457,0.337267563251399,0.554137656815131,84,0.65625,0
Persistent innovation,nonlinear_transient,nonlinear_seed_231101,41,231101,1,0.001,128,0.00154959786599061,0.00158994693143466,0.0270274740098142,0.00829774137972927,0,0,0
Persistent innovation,nonlinear_transient,nonlinear_seed_231101,41,231101,20,0.02,128,0.0050456306791795,0.0050827156611846,0.0273008107227119,0.0231295417803891,0,0,0
Persistent innovation,nonlinear_transient,nonlinear_seed_231101,41,231101,50,0.05,128,0.0162752287529761,0.0162821826443357,0.0304504502907669,0.061820836723742,0,0,0
Persistent innovation,nonlinear_transient,nonlinear_seed_231101,41,231101,100,0.1,128,0.0464093745432969,0.0463877176790896,0.0501751075823201,0.133914150767798,0,0,0
Persistent innovation,nonlinear_transient,nonlinear_seed_231101,41,231101,250,0.25,128,0.194314750818728,0.194336936372963,0.187906177145034,0.430835670735034,43,0.3359375,0
Linear hybrid,nonlinear_transient,nonlinear_seed_231101,41,231101,1,0.001,128,0.000367605554453805,0.000576724002920801,0.0270603261818465,0.00140680557770639,0,0,0
Linear hybrid,nonlinear_transient,nonlinear_seed_231101,41,231101,20,0.02,128,0.00322125536042716,0.00325484341412942,0.0272080618776175,0.0125249562310205,0,0,0
Linear hybrid,nonlinear_transient,nonlinear_seed_231101,41,231101,50,0.05,128,0.0123281164618365,0.0123297627082955,0.0290899124543251,0.048988963258555,0,0,0
Linear hybrid,nonlinear_transient,nonlinear_seed_231101,41,231101,100,0.1,128,0.0374761471374967,0.0374571388661857,0.0439587597676271,0.124852517779577,0,0,0
Linear hybrid,nonlinear_transient,nonlinear_seed_231101,41,231101,250,0.25,128,0.149564236227498,0.149577007598433,0.149802442922917,0.331496289270394,36,0.28125,0
EDMD hybrid,nonlinear_transient,nonlinear_seed_231101,41,231101,1,0.001,128,0.000366641129330355,0.000573676175455739,0.0270602319454339,0.00138293811098833,0,0,0
EDMD hybrid,nonlinear_transient,nonlinear_seed_231101,41,231101,20,0.02,128,0.00321141471578906,0.00324464571536023,0.0272068525793014,0.0125039637364649,0,0,0
EDMD hybrid,nonlinear_transient,nonlinear_seed_231101,41,231101,50,0.05,128,0.0122905148566164,0.0122918884984332,0.0291054383676995,0.0488832671170341,0,0,0
EDMD hybrid,nonlinear_transient,nonlinear_seed_231101,41,231101,100,0.1,128,0.0373715979540496,0.0373522973698612,0.0439778878678837,0.124468616753925,0,0,0
EDMD hybrid,nonlinear_transient,nonlinear_seed_231101,41,231101,250,0.25,128,0.149484636368402,0.149497984472221,0.149790099897301,0.330671931085442,35,0.2734375,0
Weighted linear hybrid,nonlinear_transient,nonlinear_seed_231101,41,231101,1,0.001,128,0.00496540998402228,0.00494108679859624,0.026860389572665,0.0202658838246304,0,0,0
Weighted linear hybrid,nonlinear_transient,nonlinear_seed_231101,41,231101,20,0.02,128,0.00818512157389138,0.00819748792124775,0.0276033771471771,0.0304179771857325,0,0,0
Weighted linear hybrid,nonlinear_transient,nonlinear_seed_231101,41,231101,50,0.05,128,0.0201448042299833,0.0201588658595347,0.0326410583741415,0.0644622134854411,0,0,0
Weighted linear hybrid,nonlinear_transient,nonlinear_seed_231101,41,231101,100,0.1,128,0.0484845788538503,0.0484635258627646,0.053329104774796,0.124852517779577,0,0,0
Weighted linear hybrid,nonlinear_transient,nonlinear_seed_231101,41,231101,250,0.25,128,0.1680912675504,0.168090198722839,0.168187651098548,0.331496289270394,44,0.34375,0
Weighted EDMD hybrid,nonlinear_transient,nonlinear_seed_231101,41,231101,1,0.001,128,0.00496536912992025,0.00494083818040727,0.0268604588190934,0.0202658838246304,0,0,0
Weighted EDMD hybrid,nonlinear_transient,nonlinear_seed_231101,41,231101,20,0.02,128,0.00818134319664353,0.00819352226865817,0.0276023254798184,0.0304179771857325,0,0,0
Weighted EDMD hybrid,nonlinear_transient,nonlinear_seed_231101,41,231101,50,0.05,128,0.020121971177786,0.0201358318207239,0.0326506300831345,0.0644622134854411,0,0,0
Weighted EDMD hybrid,nonlinear_transient,nonlinear_seed_231101,41,231101,100,0.1,128,0.0484038976391116,0.048382661308371,0.0533309489104504,0.124594979317985,0,0,0
Weighted EDMD hybrid,nonlinear_transient,nonlinear_seed_231101,41,231101,250,0.25,128,0.168018399786228,0.168017942186759,0.168153222302111,0.330671931085442,43,0.3359375,0
Nominal physics,nonlinear_transient,nonlinear_seed_231102,42,231102,1,0.001,128,0.0134950296310295,0.0135301462374624,0.0134950296310295,0.0235827861011318,0,0,0
Nominal physics,nonlinear_transient,nonlinear_seed_231102,42,231102,20,0.02,128,0.0206533264701754,0.0206781635382357,0.0206533264701754,0.035563825185181,0,0,0
Nominal physics,nonlinear_transient,nonlinear_seed_231102,42,231102,50,0.05,128,0.043735259931538,0.0437793217099945,0.043735259931538,0.0753136350593043,0,0,0
Nominal physics,nonlinear_transient,nonlinear_seed_231102,42,231102,100,0.1,128,0.0842341350567545,0.0842367651267578,0.0842341350567545,0.145790782672024,0,0,0
Nominal physics,nonlinear_transient,nonlinear_seed_231102,42,231102,250,0.25,128,0.206813917708943,0.206810982953539,0.206813917708943,0.360834878352556,51,0.3984375,0
Persistent innovation,nonlinear_transient,nonlinear_seed_231102,42,231102,1,0.001,128,0.00103532727103526,0.00110149336327777,0.0161469406212134,0.00747756881664757,0,0,0
Persistent innovation,nonlinear_transient,nonlinear_seed_231102,42,231102,20,0.02,128,0.00313427371618443,0.00318682810679493,0.016377509380685,0.0195892315590933,0,0,0
Persistent innovation,nonlinear_transient,nonlinear_seed_231102,42,231102,50,0.05,128,0.00985053448674286,0.00988613223559413,0.0184387213031817,0.0524632355866509,0,0,0
Persistent innovation,nonlinear_transient,nonlinear_seed_231102,42,231102,100,0.1,128,0.027275575557564,0.0272388528207338,0.0300645239478573,0.113298467305248,0,0,0
Persistent innovation,nonlinear_transient,nonlinear_seed_231102,42,231102,250,0.25,128,0.109853488836344,0.109886983423586,0.107131944428286,0.339600679117569,18,0.140625,0
Linear hybrid,nonlinear_transient,nonlinear_seed_231102,42,231102,1,0.001,128,0.000295544784159423,0.000509089723497131,0.0161667573342678,0.00143572205796288,0,0,0
Linear hybrid,nonlinear_transient,nonlinear_seed_231102,42,231102,20,0.02,128,0.0021600879079113,0.00223561112559887,0.0163431561053017,0.0114586889158886,0,0,0
Linear hybrid,nonlinear_transient,nonlinear_seed_231102,42,231102,50,0.05,128,0.00811770371548428,0.00815701160934646,0.0174137549563514,0.0434170891517865,0,0,0
Linear hybrid,nonlinear_transient,nonlinear_seed_231102,42,231102,100,0.1,128,0.0246172619824036,0.0245839202370089,0.02654940234408,0.111520550140207,0,0,0
Linear hybrid,nonlinear_transient,nonlinear_seed_231102,42,231102,250,0.25,128,0.100980654592112,0.101037187997635,0.0972377816210511,0.296359844856909,11,0.0859375,0
EDMD hybrid,nonlinear_transient,nonlinear_seed_231102,42,231102,1,0.001,128,0.000293049868933587,0.000507266268450627,0.0161665646392691,0.00142158155521749,0,0,0
EDMD hybrid,nonlinear_transient,nonlinear_seed_231102,42,231102,20,0.02,128,0.00214152537182133,0.00221873516246869,0.0163429566362592,0.011508253811972,0,0,0
EDMD hybrid,nonlinear_transient,nonlinear_seed_231102,42,231102,50,0.05,128,0.00804173192084206,0.00808081446713237,0.0174117709978439,0.0435061540235209,0,0,0
EDMD hybrid,nonlinear_transient,nonlinear_seed_231102,42,231102,100,0.1,128,0.0243760469077669,0.0243438094732056,0.0264619707458541,0.111541113308467,0,0,0
EDMD hybrid,nonlinear_transient,nonlinear_seed_231102,42,231102,250,0.25,128,0.100071358283564,0.100128204261921,0.0965155311059009,0.29535909103333,11,0.0859375,0
Weighted linear hybrid,nonlinear_transient,nonlinear_seed_231102,42,231102,1,0.001,128,0.00220641903792245,0.00221913137001993,0.0161022219301702,0.00920328086509567,0,0,0
Weighted linear hybrid,nonlinear_transient,nonlinear_seed_231102,42,231102,20,0.02,128,0.00398520195790723,0.00402503949415582,0.016470614410586,0.0136747869528839,0,0,0
Weighted linear hybrid,nonlinear_transient,nonlinear_seed_231102,42,231102,50,0.05,128,0.0107972358861236,0.0108641569075394,0.0186357584143367,0.0434170891517865,0,0,0
Weighted linear hybrid,nonlinear_transient,nonlinear_seed_231102,42,231102,100,0.1,128,0.0282238384974554,0.0281786724315241,0.0298688492331144,0.111520550140207,0,0,0
Weighted linear hybrid,nonlinear_transient,nonlinear_seed_231102,42,231102,250,0.25,128,0.106858541806172,0.106924289847743,0.103453321844505,0.296359844856909,11,0.0859375,0
Weighted EDMD hybrid,nonlinear_transient,nonlinear_seed_231102,42,231102,1,0.001,128,0.00220606557586192,0.00221871765544741,0.0161020686686782,0.00920328086509567,0,0,0
Weighted EDMD hybrid,nonlinear_transient,nonlinear_seed_231102,42,231102,20,0.02,128,0.00397522840809975,0.00401574786688219,0.0164705372309145,0.0136747869528839,0,0,0
Weighted EDMD hybrid,nonlinear_transient,nonlinear_seed_231102,42,231102,50,0.05,128,0.0107409964464619,0.010807636375038,0.0186316991369228,0.0435061540235209,0,0,0
Weighted EDMD hybrid,nonlinear_transient,nonlinear_seed_231102,42,231102,100,0.1,128,0.0280180808340354,0.0279740080380897,0.0297843402312897,0.111541113308467,0,0,0
Weighted EDMD hybrid,nonlinear_transient,nonlinear_seed_231102,42,231102,250,0.25,128,0.106032330345647,0.106098185287085,0.102782739702126,0.29535909103333,11,0.0859375,0
Nominal physics,nonlinear_transient,nonlinear_seed_231103,43,231103,1,0.001,128,0.0206919796301052,0.020726184060611,0.0206919796301052,0.0331780929071488,0,0,0
Nominal physics,nonlinear_transient,nonlinear_seed_231103,43,231103,20,0.02,128,0.0315784294333389,0.0315961598806656,0.0315784294333389,0.0505484589757741,0,0,0
Nominal physics,nonlinear_transient,nonlinear_seed_231103,43,231103,50,0.05,128,0.0667220520523128,0.0667182851239144,0.0667220520523128,0.107223189212437,0,0,0
Nominal physics,nonlinear_transient,nonlinear_seed_231103,43,231103,100,0.1,128,0.12799097456556,0.128011776897878,0.12799097456556,0.207466419123167,37,0.2890625,0
Nominal physics,nonlinear_transient,nonlinear_seed_231103,43,231103,250,0.25,128,0.308991488379374,0.308977030547557,0.308991488379374,0.513113299855295,80,0.625,0
Persistent innovation,nonlinear_transient,nonlinear_seed_231103,43,231103,1,0.001,128,0.00141495038752649,0.00152977547109682,0.0247607484090776,0.00712043620180375,0,0,0
Persistent innovation,nonlinear_transient,nonlinear_seed_231103,43,231103,20,0.02,128,0.00463256325207385,0.00465585048237927,0.0250151145168636,0.0188639012652095,0,0,0
Persistent innovation,nonlinear_transient,nonlinear_seed_231103,43,231103,50,0.05,128,0.0149591877851275,0.0150445812943527,0.0279193206265555,0.0514397431448003,0,0,0
Persistent innovation,nonlinear_transient,nonlinear_seed_231103,43,231103,100,0.1,128,0.042724609467173,0.0426586137939246,0.0461270187458842,0.120493983382732,0,0,0
Persistent innovation,nonlinear_transient,nonlinear_seed_231103,43,231103,250,0.25,128,0.179285453698658,0.179276469064636,0.173360060169222,0.401423009092507,39,0.3046875,0
Linear hybrid,nonlinear_transient,nonlinear_seed_231103,43,231103,1,0.001,128,0.000372640295947699,0.000611223600726129,0.0247880170582902,0.00121525711905357,0,0,0
Linear hybrid,nonlinear_transient,nonlinear_seed_231103,43,231103,20,0.02,128,0.00297383689232343,0.00301464770231248,0.0249416456852217,0.0116854748428652,0,0,0
Linear hybrid,nonlinear_transient,nonlinear_seed_231103,43,231103,50,0.05,128,0.0112516700403337,0.0113286580110357,0.0265785480474824,0.0434681658530654,0,0,0
Linear hybrid,nonlinear_transient,nonlinear_seed_231103,43,231103,100,0.1,128,0.0341926437131311,0.0341244345794334,0.0398592094785581,0.109535902673075,0,0,0
Linear hybrid,nonlinear_transient,nonlinear_seed_231103,43,231103,250,0.25,128,0.136481401827797,0.136469960162028,0.136181643863081,0.299287118439787,32,0.25,0
EDMD hybrid,nonlinear_transient,nonlinear_seed_231103,43,231103,1,0.001,128,0.000371039435857448,0.0006086493031288,0.0247879523620908,0.0012151095509314,0,0,0
EDMD hybrid,nonlinear_transient,nonlinear_seed_231103,43,231103,20,0.02,128,0.00296098474765501,0.0030033343770412,0.024940360075047,0.0116588535912825,0,0,0
EDMD hybrid,nonlinear_transient,nonlinear_seed_231103,43,231103,50,0.05,128,0.0112063709399564,0.011283818122626,0.0265943126629284,0.0433460159078685,0,0,0
EDMD hybrid,nonlinear_transient,nonlinear_seed_231103,43,231103,100,0.1,128,0.034070148029813,0.0340025727145918,0.0398746643595299,0.109100334686212,0,0,0
EDMD hybrid,nonlinear_transient,nonlinear_seed_231103,43,231103,250,0.25,128,0.13629381932347,0.136282201966001,0.136096810709247,0.298572620284346,32,0.25,0
Weighted linear hybrid,nonlinear_transient,nonlinear_seed_231103,43,231103,1,0.001,128,0.00459374956432885,0.00466364005996485,0.0246038627506854,0.0185841737985357,0,0,0
Weighted linear hybrid,nonlinear_transient,nonlinear_seed_231103,43,231103,20,0.02,128,0.00760207891767548,0.0076421317899559,0.0253091844930683,0.0284369423843234,0,0,0
Weighted linear hybrid,nonlinear_transient,nonlinear_seed_231103,43,231103,50,0.05,128,0.0185981251176272,0.0186046084551454,0.0299075850003533,0.0602141446544931,0,0,0
Weighted linear hybrid,nonlinear_transient,nonlinear_seed_231103,43,231103,100,0.1,128,0.0445840659209733,0.0445311915994861,0.0487324744312988,0.116493081142724,0,0,0
Weighted linear hybrid,nonlinear_transient,nonlinear_seed_231103,43,231103,250,0.25,128,0.15419457904075,0.154184265074732,0.153805787352068,0.299287118439787,40,0.3125,0
Weighted EDMD hybrid,nonlinear_transient,nonlinear_seed_231103,43,231103,1,0.001,128,0.0045935981318594,0.00466325470326681,0.0246038085875264,0.0185841737985357,0,0,0
Weighted EDMD hybrid,nonlinear_transient,nonlinear_seed_231103,43,231103,20,0.02,128,0.00759696108667786,0.00763751324719333,0.0253081893643588,0.0284369423843234,0,0,0
Weighted EDMD hybrid,nonlinear_transient,nonlinear_seed_231103,43,231103,50,0.05,128,0.0185704162993815,0.0185771329289564,0.0299177668571016,0.0602141446544931,0,0,0
Weighted EDMD hybrid,nonlinear_transient,nonlinear_seed_231103,43,231103,100,0.1,128,0.0444893531039578,0.0444370488567859,0.0487311709757755,0.116493081142724,0,0,0
Weighted EDMD hybrid,nonlinear_transient,nonlinear_seed_231103,43,231103,250,0.25,128,0.154024839621318,0.15401437894856,0.153704394048557,0.298572620284346,40,0.3125,0
Nominal physics,nonlinear_transient,nonlinear_seed_231104,44,231104,1,0.001,128,0.0234699218492767,0.0235087858960431,0.0234699218492767,0.0375370610928181,0,0,0
Nominal physics,nonlinear_transient,nonlinear_seed_231104,44,231104,20,0.02,128,0.0358272414760101,0.0358823468476465,0.0358272414760101,0.0569932319482132,0,0,0
Nominal physics,nonlinear_transient,nonlinear_seed_231104,44,231104,50,0.05,128,0.0756955359591402,0.0757024373942736,0.0756955359591402,0.120423180431158,0,0,0
Nominal physics,nonlinear_transient,nonlinear_seed_231104,44,231104,100,0.1,128,0.145167252994484,0.145222698878081,0.145167252994484,0.231736113080471,40,0.3125,0
Nominal physics,nonlinear_transient,nonlinear_seed_231104,44,231104,250,0.25,128,0.350388718792507,0.350380776490582,0.350388718792507,0.570077835475085,84,0.65625,0
Persistent innovation,nonlinear_transient,nonlinear_seed_231104,44,231104,1,0.001,128,0.0016357119614031,0.00168951754588988,0.0280872514767914,0.00829521886020279,0,0,0
Persistent innovation,nonlinear_transient,nonlinear_seed_231104,44,231104,20,0.02,128,0.00536469437037234,0.00538363344413169,0.0283827971852895,0.0258173849716654,0,0,0
Persistent innovation,nonlinear_transient,nonlinear_seed_231104,44,231104,50,0.05,128,0.0171775739553351,0.0171702381895265,0.0317285887346773,0.0692010434342307,0,0,0
Persistent innovation,nonlinear_transient,nonlinear_seed_231104,44,231104,100,0.1,128,0.0485703068826771,0.0486160769864598,0.0523620541782552,0.151877433726331,0,0,0
Persistent innovation,nonlinear_transient,nonlinear_seed_231104,44,231104,250,0.25,128,0.20118820194749,0.201240377801714,0.194531054110815,0.455835655807177,46,0.359375,0
Linear hybrid,nonlinear_transient,nonlinear_seed_231104,44,231104,1,0.001,128,0.000375003480303936,0.000550000409933627,0.0281176404726872,0.00146528612272834,0,0,0
Linear hybrid,nonlinear_transient,nonlinear_seed_231104,44,231104,20,0.02,128,0.00339237039907092,0.00341898640674287,0.028282591349655,0.0147084741387795,0,0,0
Linear hybrid,nonlinear_transient,nonlinear_seed_231104,44,231104,50,0.05,128,0.01297863284839,0.0129747189290882,0.0303417059033139,0.0524905204651905,0,0,0
Linear hybrid,nonlinear_transient,nonlinear_seed_231104,44,231104,100,0.1,128,0.0393298073128404,0.039367345914689,0.0461135041901118,0.135703585670584,0,0,0
Linear hybrid,nonlinear_transient,nonlinear_seed_231104,44,231104,250,0.25,128,0.156841261002887,0.156897233050334,0.157107789499104,0.352435375357378,38,0.296875,0
EDMD hybrid,nonlinear_transient,nonlinear_seed_231104,44,231104,1,0.001,128,0.000371677463982668,0.000547532522841854,0.0281163841029629,0.00144154018554776,0,0,0
EDMD hybrid,nonlinear_transient,nonlinear_seed_231104,44,231104,20,0.02,128,0.00337795658441811,0.00340489948752156,0.028282257837872,0.0146456701339941,0,0,0
EDMD hybrid,nonlinear_transient,nonlinear_seed_231104,44,231104,50,0.05,128,0.0129293236720267,0.0129243021513501,0.0303575987969525,0.0523237742619795,0,0,0
EDMD hybrid,nonlinear_transient,nonlinear_seed_231104,44,231104,100,0.1,128,0.0391973714731597,0.0392353073104744,0.0461160807724905,0.135208059931289,0,0,0
EDMD hybrid,nonlinear_transient,nonlinear_seed_231104,44,231104,250,0.25,128,0.156722400742528,0.156778180099653,0.157050989002757,0.352638263100347,38,0.296875,0
Weighted linear hybrid,nonlinear_transient,nonlinear_seed_231104,44,231104,1,0.001,128,0.00503417809959198,0.0050217855153336,0.02792123677989,0.0204333810597235,0,0,0
Weighted linear hybrid,nonlinear_transient,nonlinear_seed_231104,44,231104,20,0.02,128,0.00835957069738747,0.00836759681465397,0.0286722954703218,0.0306869218266977,0,0,0
Weighted linear hybrid,nonlinear_transient,nonlinear_seed_231104,44,231104,50,0.05,128,0.0207253666924085,0.0207715171519962,0.0338424048109071,0.0649220794492523,0,0,0
Weighted linear hybrid,nonlinear_transient,nonlinear_seed_231104,44,231104,100,0.1,128,0.0501496363226058,0.0501764909384298,0.0552982017709462,0.135703585670584,0,0,0
Weighted linear hybrid,nonlinear_transient,nonlinear_seed_231104,44,231104,250,0.25,128,0.174702056493681,0.174727886379541,0.174837031056287,0.352435375357378,46,0.359375,0
Weighted EDMD hybrid,nonlinear_transient,nonlinear_seed_231104,44,231104,1,0.001,128,0.0050339172340879,0.00502153170618135,0.02792009226369,0.0204333810597235,0,0,0
Weighted EDMD hybrid,nonlinear_transient,nonlinear_seed_231104,44,231104,20,0.02,128,0.00835369501650998,0.00836180883125721,0.028672149575237,0.0306869218266977,0,0,0
Weighted EDMD hybrid,nonlinear_transient,nonlinear_seed_231104,44,231104,50,0.05,128,0.0206943373264829,0.0207397090319705,0.0338525058086176,0.0649220794492523,0,0,0
Weighted EDMD hybrid,nonlinear_transient,nonlinear_seed_231104,44,231104,100,0.1,128,0.0500454014319875,0.05007255232203,0.0552865661678406,0.135208059931289,0,0,0
Weighted EDMD hybrid,nonlinear_transient,nonlinear_seed_231104,44,231104,250,0.25,128,0.174594280918132,0.174620116329439,0.174764658320427,0.352638263100347,46,0.359375,0
Nominal physics,nonlinear_transient,nonlinear_seed_231105,45,231105,1,0.001,128,0.0193076366107227,0.0192757970791264,0.0193076366107227,0.0314651037712108,0,0,0
Nominal physics,nonlinear_transient,nonlinear_seed_231105,45,231105,20,0.02,128,0.0294793410917652,0.0294628869883345,0.0294793410917652,0.0477168772051422,0,0,0
Nominal physics,nonlinear_transient,nonlinear_seed_231105,45,231105,50,0.05,128,0.0623090723428479,0.0623013469548151,0.0623090723428479,0.100565892734119,0,0,0
Nominal physics,nonlinear_transient,nonlinear_seed_231105,45,231105,100,0.1,128,0.119612828049313,0.119586446915589,0.119612828049313,0.193044103355628,38,0.296875,0
Nominal physics,nonlinear_transient,nonlinear_seed_231105,45,231105,250,0.25,128,0.290429391895032,0.290401564329465,0.290429391895032,0.472804782262911,75,0.5859375,0
Persistent innovation,nonlinear_transient,nonlinear_seed_231105,45,231105,1,0.001,128,0.00139443642757244,0.00148447833952787,0.0231026156040856,0.00831864340896149,0,0,0
Persistent innovation,nonlinear_transient,nonlinear_seed_231105,45,231105,20,0.02,128,0.00450834997711907,0.00456500157186118,0.0233636633928978,0.0275189159026587,0,0,0
Persistent innovation,nonlinear_transient,nonlinear_seed_231105,45,231105,50,0.05,128,0.0142033332778897,0.014264268246382,0.0261859535016095,0.073798280896934,0,0,0
Persistent innovation,nonlinear_transient,nonlinear_seed_231105,45,231105,100,0.1,128,0.0394083533638599,0.0394618795277049,0.0428098942058983,0.160244020423184,0,0,0
Persistent innovation,nonlinear_transient,nonlinear_seed_231105,45,231105,250,0.25,128,0.159293381506845,0.159303059799427,0.15446745690401,0.463736050493645,38,0.296875,0
Linear hybrid,nonlinear_transient,nonlinear_seed_231105,45,231105,1,0.001,128,0.000343153682327411,0.000583989192310908,0.0231330646142399,0.00146437528681165,0,0,0
Linear hybrid,nonlinear_transient,nonlinear_seed_231105,45,231105,20,0.02,128,0.0029243404163974,0.00300800752311834,0.0232804811599112,0.0162939291112953,0,0,0
Linear hybrid,nonlinear_transient,nonlinear_seed_231105,45,231105,50,0.05,128,0.0112066511537984,0.0112785601144647,0.0249864666446698,0.0534720908336161,0,0,0
Linear hybrid,nonlinear_transient,nonlinear_seed_231105,45,231105,100,0.1,128,0.0338031450439905,0.0338689218408181,0.0383344136484049,0.141008611972158,0,0,0
Linear hybrid,nonlinear_transient,nonlinear_seed_231105,45,231105,250,0.25,128,0.136201825313098,0.136227140061718,0.134384645728263,0.375676611491991,31,0.2421875,0
EDMD hybrid,nonlinear_transient,nonlinear_seed_231105,45,231105,1,0.001,128,0.000341003824432284,0.000581322762850583,0.0231330888209144,0.00140994651373355,0,0,0
EDMD hybrid,nonlinear_transient,nonlinear_seed_231105,45,231105,20,0.02,128,0.00290460448864707,0.00298889869261603,0.0232799388240445,0.0162018226305498,0,0,0
EDMD hybrid,nonlinear_transient,nonlinear_seed_231105,45,231105,50,0.05,128,0.0111308837053522,0.0112017626626743,0.0249830981615803,0.0533299288778891,0,0,0
EDMD hybrid,nonlinear_transient,nonlinear_seed_231105,45,231105,100,0.1,128,0.0335776531433781,0.0336427193147189,0.0382512374664305,0.140529664018559,0,0,0
EDMD hybrid,nonlinear_transient,nonlinear_seed_231105,45,231105,250,0.25,128,0.135481994256764,0.135507778809808,0.133800867685305,0.374499529628097,32,0.25,0
Weighted linear hybrid,nonlinear_transient,nonlinear_seed_231105,45,231105,1,0.001,128,0.00348583610390508,0.00350910521889309,0.0230199136923028,0.0141515387266308,0,0,0
Weighted linear hybrid,nonlinear_transient,nonlinear_seed_231105,45,231105,20,0.02,128,0.00604402047112974,0.00600002428513999,0.0235050564242694,0.0213014296089996,0,0,0
Weighted linear hybrid,nonlinear_transient,nonlinear_seed_231105,45,231105,50,0.05,128,0.0158110741387488,0.0158797855236341,0.0270486847169675,0.0534720908336161,0,0,0
Weighted linear hybrid,nonlinear_transient,nonlinear_seed_231105,45,231105,100,0.1,128,0.0400010145155123,0.0400544205477187,0.0437427005366752,0.141008611972158,0,0,0
Weighted linear hybrid,nonlinear_transient,nonlinear_seed_231105,45,231105,250,0.25,128,0.145853079374855,0.145876317114041,0.144221432711699,0.375676611491991,39,0.3046875,0
Weighted EDMD hybrid,nonlinear_transient,nonlinear_seed_231105,45,231105,1,0.001,128,0.00348560858526291,0.00350867604135073,0.0230200368233735,0.0141515387266308,0,0,0
Weighted EDMD hybrid,nonlinear_transient,nonlinear_seed_231105,45,231105,20,0.02,128,0.00603442110648303,0.00599058601345742,0.023504647763927,0.0213014296089996,0,0,0
Weighted EDMD hybrid,nonlinear_transient,nonlinear_seed_231105,45,231105,50,0.05,128,0.0157576206668831,0.0158254585435195,0.0270424499615928,0.0533299288778891,0,0,0
Weighted EDMD hybrid,nonlinear_transient,nonlinear_seed_231105,45,231105,100,0.1,128,0.0398127916141099,0.0398655507696608,0.0436598209812152,0.140529664018559,0,0,0
Weighted EDMD hybrid,nonlinear_transient,nonlinear_seed_231105,45,231105,250,0.25,128,0.145200882858943,0.145224528790753,0.143673946664099,0.374499529628097,40,0.3125,0
Nominal physics,nonlinear_transient,nonlinear_seed_231106,46,231106,1,0.001,128,0.0167904497032526,0.0167723075240164,0.0167904497032526,0.0273307935333724,0,0,0
Nominal physics,nonlinear_transient,nonlinear_seed_231106,46,231106,20,0.02,128,0.0256439771308335,0.0256533191985241,0.0256439771308335,0.0414006389806085,0,0,0
Nominal physics,nonlinear_transient,nonlinear_seed_231106,46,231106,50,0.05,128,0.0541991009919629,0.0541532005822313,0.0541991009919629,0.0873009368522902,0,0,0
Nominal physics,nonlinear_transient,nonlinear_seed_231106,46,231106,100,0.1,128,0.104079680715086,0.10408771375819,0.104079680715086,0.167688532714277,0,0,0
Nominal physics,nonlinear_transient,nonlinear_seed_231106,46,231106,250,0.25,128,0.253174881216788,0.253144928806874,0.253174881216788,0.410871458013114,56,0.4375,0
Persistent innovation,nonlinear_transient,nonlinear_seed_231106,46,231106,1,0.001,128,0.00120028062801012,0.00128440338824476,0.0200895400362644,0.00760427183188478,0,0,0
Persistent innovation,nonlinear_transient,nonlinear_seed_231106,46,231106,20,0.02,128,0.00391740270652073,0.00391770015084077,0.0203274912835229,0.0258848638185199,0,0,0
Persistent innovation,nonlinear_transient,nonlinear_seed_231106,46,231106,50,0.05,128,0.012243043963169,0.0122473197527533,0.0227586160629113,0.0691422924565235,0,0,0
Persistent innovation,nonlinear_transient,nonlinear_seed_231106,46,231106,100,0.1,128,0.0336913436826032,0.0336666525976306,0.0368511229942774,0.150188096082599,0,0,0
Persistent innovation,nonlinear_transient,nonlinear_seed_231106,46,231106,250,0.25,128,0.135337298082109,0.135338097780195,0.131407853203543,0.434676442507844,32,0.25,0
Linear hybrid,nonlinear_transient,nonlinear_seed_231106,46,231106,1,0.001,128,0.000353348425960865,0.000563560334484516,0.0201114001106331,0.00156297767955466,0,0,0
Linear hybrid,nonlinear_transient,nonlinear_seed_231106,46,231106,20,0.02,128,0.00269325130952359,0.00270723263242248,0.0202688305379353,0.0161512570433445,0,0,0
Linear hybrid,nonlinear_transient,nonlinear_seed_231106,46,231106,50,0.05,128,0.0100509854150806,0.0100526922160434,0.0217522865969635,0.0506167891917734,0,0,0
Linear hybrid,nonlinear_transient,nonlinear_seed_231106,46,231106,100,0.1,128,0.0300308314183298,0.0300302535759757,0.033333043358309,0.133685594230955,0,0,0
Linear hybrid,nonlinear_transient,nonlinear_seed_231106,46,231106,250,0.25,128,0.122736251792324,0.122736312585113,0.119749419739058,0.360774069720346,19,0.1484375,0
EDMD hybrid,nonlinear_transient,nonlinear_seed_231106,46,231106,1,0.001,128,0.000350282566029117,0.000560620383968484,0.0201110441962158,0.00154644755601924,0,0,0
EDMD hybrid,nonlinear_transient,nonlinear_seed_231106,46,231106,20,0.02,128,0.00267061596062567,0.00268618439123606,0.0202688578154328,0.0160812097940322,0,0,0
EDMD hybrid,nonlinear_transient,nonlinear_seed_231106,46,231106,50,0.05,128,0.00996407417435694,0.00996472058249898,0.0217467858287126,0.0505342371692605,0,0,0
EDMD hybrid,nonlinear_transient,nonlinear_seed_231106,46,231106,100,0.1,128,0.0297570416315016,0.0297579075119916,0.033217865998139,0.133333265087661,0,0,0
EDMD hybrid,nonlinear_transient,nonlinear_seed_231106,46,231106,250,0.25,128,0.121729576954766,0.121730025850225,0.118911679400862,0.35928607672163,19,0.1484375,0
Weighted linear hybrid,nonlinear_transient,nonlinear_seed_231106,46,231106,1,0.001,128,0.00272370877342661,0.0028136987746651,0.0200321429973319,0.0109752392550923,0,0,0
Weighted linear hybrid,nonlinear_transient,nonlinear_seed_231106,46,231106,20,0.02,128,0.004918801927654,0.00498696732346078,0.0204259970269855,0.0165962970388588,0,0,0
Weighted linear hybrid,nonlinear_transient,nonlinear_seed_231106,46,231106,50,0.05,128,0.0132841725599974,0.0132651069848404,0.0232149002365222,0.0506167891917734,0,0,0
Weighted linear hybrid,nonlinear_transient,nonlinear_seed_231106,46,231106,100,0.1,128,0.0343317742132787,0.0343566500751199,0.0371903626514376,0.133685594230955,0,0,0
Weighted linear hybrid,nonlinear_transient,nonlinear_seed_231106,46,231106,250,0.25,128,0.129122321524811,0.129121979676459,0.126429990946802,0.360774069720346,19,0.1484375,0
Weighted EDMD hybrid,nonlinear_transient,nonlinear_seed_231106,46,231106,1,0.001,128,0.00272331161898724,0.00281313578685917,0.0200317609749356,0.0109752392550923,0,0,0
Weighted EDMD hybrid,nonlinear_transient,nonlinear_seed_231106,46,231106,20,0.02,128,0.00490652657052136,0.00497551949111618,0.0204262207092691,0.0165962970388588,0,0,0
Weighted EDMD hybrid,nonlinear_transient,nonlinear_seed_231106,46,231106,50,0.05,128,0.0132193437709125,0.0131994645735969,0.0232076862323585,0.0505342371692605,0,0,0
Weighted EDMD hybrid,nonlinear_transient,nonlinear_seed_231106,46,231106,100,0.1,128,0.0340969376682168,0.0341230079004753,0.0370803994280296,0.133333265087661,0,0,0
Weighted EDMD hybrid,nonlinear_transient,nonlinear_seed_231106,46,231106,250,0.25,128,0.128200116070408,0.128200167648127,0.12564728067623,0.35928607672163,19,0.1484375,0
Nominal physics,stress_changed_controller,stress_seed_231201,47,231201,1,0.001,128,0.0547786915519329,0.0547504785058099,0.0547786915519329,0.0913194414862157,0,0,0
Nominal physics,stress_changed_controller,stress_seed_231201,47,231201,20,0.02,128,0.0837177787485413,0.0836492202134305,0.0837177787485413,0.138633625950642,0,0,0
Nominal physics,stress_changed_controller,stress_seed_231201,47,231201,50,0.05,128,0.176989575880792,0.176940520657654,0.176989575880792,0.292693781410095,40,0.3125,0
Nominal physics,stress_changed_controller,stress_seed_231201,47,231201,100,0.1,128,0.339804880068018,0.339750390070523,0.339804880068018,0.562604035840284,80,0.625,0
Nominal physics,stress_changed_controller,stress_seed_231201,47,231201,250,0.25,128,0.824078087791699,0.824036820351323,0.824078087791699,1.3830246324282,97,0.7578125,0
Persistent innovation,stress_changed_controller,stress_seed_231201,47,231201,1,0.001,128,0.00385813457325155,0.00384468040985219,0.0655502937062343,0.0220706502212062,0,0,0
Persistent innovation,stress_changed_controller,stress_seed_231201,47,231201,20,0.02,128,0.0126879987169751,0.0126768760416163,0.0663562946376863,0.0703540305530626,0,0,0
Persistent innovation,stress_changed_controller,stress_seed_231201,47,231201,50,0.05,128,0.0404032870039982,0.0404207255150365,0.0744838900666915,0.188532256935585,1,0.0078125,0
Persistent innovation,stress_changed_controller,stress_seed_231201,47,231201,100,0.1,128,0.113529904834718,0.11350759873746,0.122930826679156,0.411256011279936,21,0.1640625,0
Persistent innovation,stress_changed_controller,stress_seed_231201,47,231201,250,0.25,128,0.463745865270616,0.463660989727847,0.449440273529876,1.2291920672728,63,0.4921875,0
Linear hybrid,stress_changed_controller,stress_seed_231201,47,231201,1,0.001,128,0.000728009178589444,0.000775842164414411,0.065592116370549,0.00427905027107972,0,0,0
Linear hybrid,stress_changed_controller,stress_seed_231201,47,231201,20,0.02,128,0.00796524187512093,0.0079534377032748,0.0660578872274632,0.0397047551358951,0,0,0
Linear hybrid,stress_changed_controller,stress_seed_231201,47,231201,50,0.05,128,0.0304293477170572,0.0304557630173227,0.0727930513545382,0.136769084318051,0,0,0
Linear hybrid,stress_changed_controller,stress_seed_231201,47,231201,100,0.1,128,0.0916967134816081,0.0916651732009836,0.113840765678525,0.351596969569189,14,0.109375,0
Linear hybrid,stress_changed_controller,stress_seed_231201,47,231201,250,0.25,128,0.364112598964671,0.364038917626319,0.37470995851004,0.900967828421358,59,0.4609375,0
EDMD hybrid,stress_changed_controller,stress_seed_231201,47,231201,1,0.001,128,0.000726888149975424,0.000774629595196071,0.0655906517193739,0.00419144663294457,0,0,0
EDMD hybrid,stress_changed_controller,stress_seed_231201,47,231201,20,0.02,128,0.00798141796717544,0.00796917302216527,0.0660585888410858,0.040009891125135,0,0,0
EDMD hybrid,stress_changed_controller,stress_seed_231201,47,231201,50,0.05,128,0.0305115275776422,0.0305374147491094,0.0728117304708907,0.137032597645631,0,0,0
EDMD hybrid,stress_changed_controller,stress_seed_231201,47,231201,100,0.1,128,0.0921506862186411,0.0921199867293208,0.114032705936557,0.35434837763019,14,0.109375,0
EDMD hybrid,stress_changed_controller,stress_seed_231201,47,231201,250,0.25,128,0.371767125007195,0.37169535159184,0.380526273218571,0.943020779452874,66,0.515625,0
Weighted linear hybrid,stress_changed_controller,stress_seed_231201,47,231201,1,0.001,128,0.0529518158872435,0.0529228029686623,0.055551380060327,0.0913194414862157,0,0,0
Weighted linear hybrid,stress_changed_controller,stress_seed_231201,47,231201,20,0.02,128,0.0809338730249903,0.0808750178311822,0.082677159815196,0.138633625950642,0,0,0
Weighted linear hybrid,stress_changed_controller,stress_seed_231201,47,231201,50,0.05,128,0.171186880381385,0.171128495859063,0.172096660122922,0.292693781410095,38,0.296875,0
Weighted linear hybrid,stress_changed_controller,stress_seed_231201,47,231201,100,0.1,128,0.329501070099585,0.329454404668596,0.330183325611574,0.562604035840284,74,0.578125,0
Weighted linear hybrid,stress_changed_controller,stress_seed_231201,47,231201,250,0.25,128,0.797842934986469,0.79782423266896,0.80031090936758,1.3830246324282,102,0.796875,0
Weighted EDMD hybrid,stress_changed_controller,stress_seed_231201,47,231201,1,0.001,128,0.0529518537960292,0.0529228485763181,0.0555513544055177,0.0913194414862157,0,0,0
Weighted EDMD hybrid,stress_changed_controller,stress_seed_231201,47,231201,20,0.02,128,0.0809341178983213,0.0808752667933784,0.0826774409281923,0.138633625950642,0,0,0
Weighted EDMD hybrid,stress_changed_controller,stress_seed_231201,47,231201,50,0.05,128,0.171188940200977,0.171130476334232,0.172096082705487,0.292693781410095,38,0.296875,0
Weighted EDMD hybrid,stress_changed_controller,stress_seed_231201,47,231201,100,0.1,128,0.329519591856395,0.329472862013824,0.330190896200533,0.562604035840284,74,0.578125,0
Weighted EDMD hybrid,stress_changed_controller,stress_seed_231201,47,231201,250,0.25,128,0.79812629229966,0.798107244778369,0.800544401117032,1.3830246324282,102,0.796875,0
Nominal physics,stress_changed_controller,stress_seed_231202,48,231202,1,0.001,128,0.0590692211501694,0.0591026091182639,0.0590692211501694,0.100574300402558,0,0,0
Nominal physics,stress_changed_controller,stress_seed_231202,48,231202,20,0.02,128,0.0901817481935888,0.0902453784812042,0.0901817481935888,0.152555476755397,0,0,0
Nominal physics,stress_changed_controller,stress_seed_231202,48,231202,50,0.05,128,0.190432202495182,0.190472108743731,0.190432202495182,0.320888947461944,40,0.3125,0
Nominal physics,stress_changed_controller,stress_seed_231202,48,231202,100,0.1,128,0.364789353885433,0.364828803268919,0.364789353885433,0.615076466682654,81,0.6328125,0
Nominal physics,stress_changed_controller,stress_seed_231202,48,231202,250,0.25,128,0.878586564570493,0.878644664695431,0.878586564570493,1.49510802261413,100,0.78125,0
Persistent innovation,stress_changed_controller,stress_seed_231202,48,231202,1,0.001,128,0.00424320322778981,0.00432210243478225,0.070687205269232,0.0223426454660901,0,0,0
Persistent innovation,stress_changed_controller,stress_seed_231202,48,231202,20,0.02,128,0.0141630595412317,0.0142517627786653,0.0714750045721411,0.0706636557379021,0,0,0
Persistent innovation,stress_changed_controller,stress_seed_231202,48,231202,50,0.05,128,0.0451296227189733,0.0451477599402502,0.0804533812906417,0.215410338376999,1,0.0078125,0
Persistent innovation,stress_changed_controller,stress_seed_231202,48,231202,100,0.1,128,0.12569802356248,0.125786308614417,0.134098384145987,0.473368991039248,22,0.171875,0
Persistent innovation,stress_changed_controller,stress_seed_231202,48,231202,250,0.25,128,0.506460620276458,0.506523051056366,0.489250472831925,1.31235002069692,62,0.484375,0
Linear hybrid,stress_changed_controller,stress_seed_231202,48,231202,1,0.001,128,0.000745419781928196,0.000932352882580934,0.0707444402180623,0.00323781604013074,0,0,0
Linear hybrid,stress_changed_controller,stress_seed_231202,48,231202,20,0.02,128,0.00879083748659031,0.00890360434703568,0.0711118928404098,0.0445252679339224,0,0,0
Linear hybrid,stress_changed_controller,stress_seed_231202,48,231202,50,0.05,128,0.0338836731214417,0.0339120443724405,0.0783588748139372,0.152829137714822,0,0,0
Linear hybrid,stress_changed_controller,stress_seed_231202,48,231202,100,0.1,128,0.10142197468371,0.101508143389612,0.123683305533626,0.372618570153864,17,0.1328125,0
Linear hybrid,stress_changed_controller,stress_seed_231202,48,231202,250,0.25,128,0.397478512394997,0.397541935195807,0.407343507291674,0.96705618100515,58,0.453125,0
EDMD hybrid,stress_changed_controller,stress_seed_231202,48,231202,1,0.001,128,0.000748806618723425,0.000936297731906146,0.0707440710354067,0.00324349100224008,0,0,0
EDMD hybrid,stress_changed_controller,stress_seed_231202,48,231202,20,0.02,128,0.00880940231984097,0.00892202118264891,0.0711119665047866,0.0447744465593132,0,0,0
EDMD hybrid,stress_changed_controller,stress_seed_231202,48,231202,50,0.05,128,0.0339758089450205,0.0340039135176429,0.078373745967638,0.154255480872574,0,0,0
EDMD hybrid,stress_changed_controller,stress_seed_231202,48,231202,100,0.1,128,0.101917697851045,0.102003342756116,0.123883821829471,0.375709543122951,17,0.1328125,0
EDMD hybrid,stress_changed_controller,stress_seed_231202,48,231202,250,0.25,128,0.406027292344064,0.406090048442077,0.413850268218599,1.01299081096692,63,0.4921875,0
Weighted linear hybrid,stress_changed_controller,stress_seed_231202,48,231202,1,0.001,128,0.057990151312076,0.0580145369814941,0.0595345734767668,0.100574300402558,0,0,0
Weighted linear hybrid,stress_changed_controller,stress_seed_231202,48,231202,20,0.02,128,0.0885083743248954,0.0885654642936181,0.0895551527730621,0.152555476755397,0,0,0
Weighted linear hybrid,stress_changed_controller,stress_seed_231202,48,231202,50,0.05,128,0.186434675910048,0.186467630757068,0.187191299873237,0.320888947461944,38,0.296875,0
Weighted linear hybrid,stress_changed_controller,stress_seed_231202,48,231202,100,0.1,128,0.355412608202382,0.355456364969184,0.356553992834346,0.615076466682654,79,0.6171875,0
Weighted linear hybrid,stress_changed_controller,stress_seed_231202,48,231202,250,0.25,128,0.84082236127677,0.840873879056249,0.844916143347601,1.49510802261413,100,0.78125,0
Weighted EDMD hybrid,stress_changed_controller,stress_seed_231202,48,231202,1,0.001,128,0.0579902307044449,0.0580146272210241,0.0595344529478169,0.100574300402558,0,0,0
Weighted EDMD hybrid,stress_changed_controller,stress_seed_231202,48,231202,20,0.02,128,0.088509209235457,0.0885663026365972,0.0895553703580864,0.152555476755397,0,0,0
Weighted EDMD hybrid,stress_changed_controller,stress_seed_231202,48,231202,50,0.05,128,0.186439082405749,0.186472024426597,0.187192725583538,0.320888947461944,38,0.296875,0
Weighted EDMD hybrid,stress_changed_controller,stress_seed_231202,48,231202,100,0.1,128,0.355437551098342,0.355481287064637,0.356567001585511,0.615076466682654,79,0.6171875,0
Weighted EDMD hybrid,stress_changed_controller,stress_seed_231202,48,231202,250,0.25,128,0.841215919986201,0.841267599509377,0.845238293472663,1.49510802261413,100,0.78125,0
Nominal physics,stress_changed_controller,stress_seed_231203,49,231203,1,0.001,128,0.0406354576916923,0.0406684201315096,0.0406354576916923,0.0678151004008032,0,0,0
Nominal physics,stress_changed_controller,stress_seed_231203,49,231203,20,0.02,128,0.0620912345170302,0.0621096534835192,0.0620912345170302,0.103150441784389,0,0,0
Nominal physics,stress_changed_controller,stress_seed_231203,49,231203,50,0.05,128,0.131267823414903,0.13138265636304,0.131267823414903,0.218026272676581,37,0.2890625,0
Nominal physics,stress_changed_controller,stress_seed_231203,49,231203,100,0.1,128,0.252125070986169,0.252145597552985,0.252125070986169,0.420116496654711,75,0.5859375,0
Nominal physics,stress_changed_controller,stress_seed_231203,49,231203,250,0.25,128,0.612400571043105,0.612501691985298,0.612400571043105,1.03538890243948,93,0.7265625,0
Persistent innovation,stress_changed_controller,stress_seed_231203,49,231203,1,0.001,128,0.00290777858464606,0.00297222600384002,0.0486204386626549,0.0185605431712941,0,0,0
Persistent innovation,stress_changed_controller,stress_seed_231203,49,231203,20,0.02,128,0.0093593973636895,0.00937957611796008,0.0492182547087662,0.0525302488592186,0,0,0
Persistent innovation,stress_changed_controller,stress_seed_231203,49,231203,50,0.05,128,0.0297139298871521,0.0296942529146277,0.055188024108342,0.136765394815402,0,0,0
Persistent innovation,stress_changed_controller,stress_seed_231203,49,231203,100,0.1,128,0.0835828983254261,0.0835830057813265,0.0908156255582799,0.300533734231918,11,0.0859375,0
Persistent innovation,stress_changed_controller,stress_seed_231203,49,231203,250,0.25,128,0.34257741659805,0.342669395250264,0.33224672765506,0.898652353498742,55,0.4296875,0
Linear hybrid,stress_changed_controller,stress_seed_231203,49,231203,1,0.001,128,0.000576163855197191,0.000737116363823222,0.0486583717229484,0.00318313204696818,0,0,0
Linear hybrid,stress_changed_controller,stress_seed_231203,49,231203,20,0.02,128,0.00588037315158182,0.00589577252934909,0.0490043722006698,0.0269109459991938,0,0,0
Linear hybrid,stress_changed_controller,stress_seed_231203,49,231203,50,0.05,128,0.0223872280895624,0.0223697834674571,0.0536591752354522,0.103354859338428,0,0,0
Linear hybrid,stress_changed_controller,stress_seed_231203,49,231203,100,0.1,128,0.067532729804233,0.0675350888990556,0.0831908558052422,0.262407152357359,3,0.0234375,0
Linear hybrid,stress_changed_controller,stress_seed_231203,49,231203,250,0.25,128,0.268610437882117,0.268698669696218,0.275261795465057,0.671673228137351,53,0.4140625,0
EDMD hybrid,stress_changed_controller,stress_seed_231203,49,231203,1,0.001,128,0.000575538632761412,0.0007368346783178,0.0486594658484774,0.00317448222442945,0,0,0
EDMD hybrid,stress_changed_controller,stress_seed_231203,49,231203,20,0.02,128,0.00588110230614879,0.00589737092182823,0.049002864149577,0.0270264339442548,0,0,0
EDMD hybrid,stress_changed_controller,stress_seed_231203,49,231203,50,0.05,128,0.0223961922472002,0.0223789765517813,0.0536686878604894,0.103391767687892,0,0,0
EDMD hybrid,stress_changed_controller,stress_seed_231203,49,231203,100,0.1,128,0.0676405665880218,0.0676437789370572,0.0832619152747428,0.263118145941743,3,0.0234375,0
EDMD hybrid,stress_changed_controller,stress_seed_231203,49,231203,250,0.25,128,0.271572714331977,0.271662318442206,0.277531587844188,0.688305968786274,53,0.4140625,0
Weighted linear hybrid,stress_changed_controller,stress_seed_231203,49,231203,1,0.001,128,0.0367359283307751,0.03676116786871,0.0422178410864373,0.0678151004008032,0,0,0
Weighted linear hybrid,stress_changed_controller,stress_seed_231203,49,231203,20,0.02,128,0.0561565464887791,0.0562030183258228,0.0599078833434005,0.103150441784389,0,0,0
Weighted linear hybrid,stress_changed_controller,stress_seed_231203,49,231203,50,0.05,128,0.118783471194695,0.118892361351465,0.120731637983599,0.218026272676581,36,0.28125,0
Weighted linear hybrid,stress_changed_controller,stress_seed_231203,49,231203,100,0.1,128,0.229032928621977,0.229053232942354,0.230316599254303,0.420116496654711,46,0.359375,0
Weighted linear hybrid,stress_changed_controller,stress_seed_231203,49,231203,250,0.25,128,0.562588414771325,0.562665597340022,0.565013006930645,1.03538890243948,87,0.6796875,0
Weighted EDMD hybrid,stress_changed_controller,stress_seed_231203,49,231203,1,0.001,128,0.0367359196509958,0.0367611517419579,0.042217883895225,0.0678151004008032,0,0,0
Weighted EDMD hybrid,stress_changed_controller,stress_seed_231203,49,231203,20,0.02,128,0.0561565854839938,0.0562031258148858,0.0599076526881186,0.103150441784389,0,0,0
Weighted EDMD hybrid,stress_changed_controller,stress_seed_231203,49,231203,50,0.05,128,0.118785043842871,0.11889396903723,0.120734734674628,0.218026272676581,36,0.28125,0
Weighted EDMD hybrid,stress_changed_controller,stress_seed_231203,49,231203,100,0.1,128,0.22904898597205,0.22906955243194,0.230329093222103,0.420116496654711,46,0.359375,0
Weighted EDMD hybrid,stress_changed_controller,stress_seed_231203,49,231203,250,0.25,128,0.562894957877271,0.562972342432404,0.565252792963246,1.03538890243948,87,0.6796875,0
Nominal physics,stress_changed_controller,stress_seed_231204,50,231204,1,0.001,128,0.0384003820833061,0.0383519562911016,0.0384003820833061,0.0631770078002256,0,0,0
Nominal physics,stress_changed_controller,stress_seed_231204,50,231204,20,0.02,128,0.0586545943338048,0.0585936269010707,0.0586545943338048,0.0959456200094914,0,0,0
Nominal physics,stress_changed_controller,stress_seed_231204,50,231204,50,0.05,128,0.123960324037629,0.123932336887323,0.123960324037629,0.202582202765516,37,0.2890625,0
Nominal physics,stress_changed_controller,stress_seed_231204,50,231204,100,0.1,128,0.237919731530538,0.237867514048003,0.237919731530538,0.389628946099189,73,0.5703125,0
Nominal physics,stress_changed_controller,stress_seed_231204,50,231204,250,0.25,128,0.576660192875519,0.576651570303672,0.576660192875519,0.95931657658719,93,0.7265625,0
Persistent innovation,stress_changed_controller,stress_seed_231204,50,231204,1,0.001,128,0.00273178122730506,0.00278948039175469,0.0459483607529899,0.0161946920991404,0,0,0
Persistent innovation,stress_changed_controller,stress_seed_231204,50,231204,20,0.02,128,0.00894854113088535,0.00894795194817221,0.0464907952171813,0.050904086677982,0,0,0
Persistent innovation,stress_changed_controller,stress_seed_231204,50,231204,50,0.05,128,0.0283882694789921,0.0284246907129239,0.0521617908930017,0.132651332595497,0,0,0
Persistent innovation,stress_changed_controller,stress_seed_231204,50,231204,100,0.1,128,0.079606035040917,0.0795772580712029,0.0860731777761577,0.287029192583734,9,0.0703125,0
Persistent innovation,stress_changed_controller,stress_seed_231204,50,231204,250,0.25,128,0.324911600711372,0.324873585982585,0.314771258461306,0.854971315847807,55,0.4296875,0
Linear hybrid,stress_changed_controller,stress_seed_231204,50,231204,1,0.001,128,0.000508397024607172,0.000699743244902528,0.0459853628153468,0.00293718907376633,0,0,0
Linear hybrid,stress_changed_controller,stress_seed_231204,50,231204,20,0.02,128,0.00562765182792672,0.00561890158393258,0.0462930201988032,0.0285827305745275,0,0,0
Linear hybrid,stress_changed_controller,stress_seed_231204,50,231204,50,0.05,128,0.0214352989479117,0.021461124940348,0.0506509466601213,0.0992830611795515,0,0,0
Linear hybrid,stress_changed_controller,stress_seed_231204,50,231204,100,0.1,128,0.0644009704122347,0.0643672797190346,0.0786094283437277,0.251583467255819,3,0.0234375,0
Linear hybrid,stress_changed_controller,stress_seed_231204,50,231204,250,0.25,128,0.25530394740272,0.255280231094197,0.260789385532651,0.643103279245517,52,0.40625,0
EDMD hybrid,stress_changed_controller,stress_seed_231204,50,231204,1,0.001,128,0.000512044361164282,0.000704406787637766,0.045983810294587,0.00291900112028287,0,0,0
EDMD hybrid,stress_changed_controller,stress_seed_231204,50,231204,20,0.02,128,0.00562625010082289,0.00561737969980811,0.0462933992418727,0.0286408116359157,0,0,0
EDMD hybrid,stress_changed_controller,stress_seed_231204,50,231204,50,0.05,128,0.0214316664298381,0.0214568421681695,0.0506692276604789,0.0991735221942946,0,0,0
EDMD hybrid,stress_changed_controller,stress_seed_231204,50,231204,100,0.1,128,0.0644485981684975,0.0644145021295338,0.0786706799963781,0.251851605651226,3,0.0234375,0
EDMD hybrid,stress_changed_controller,stress_seed_231204,50,231204,250,0.25,128,0.25756025980408,0.257537498376084,0.262527384606177,0.656217795516895,51,0.3984375,0
Weighted linear hybrid,stress_changed_controller,stress_seed_231204,50,231204,1,0.001,128,0.0347100529075319,0.0346479363584891,0.0398982912279204,0.0631770078002256,0,0,0
Weighted linear hybrid,stress_changed_controller,stress_seed_231204,50,231204,20,0.02,128,0.0530394704743967,0.0529915960475737,0.0565893081265644,0.0959456200094914,0,0,0
Weighted linear hybrid,stress_changed_controller,stress_seed_231204,50,231204,50,0.05,128,0.112106632844327,0.112088319987609,0.113959542427539,0.202582202765516,36,0.28125,0
Weighted linear hybrid,stress_changed_controller,stress_seed_231204,50,231204,100,0.1,128,0.215940202260199,0.21589414829426,0.217155839591066,0.389628946099189,46,0.359375,0
Weighted linear hybrid,stress_changed_controller,stress_seed_231204,50,231204,250,0.25,128,0.53051161960378,0.530534240210958,0.532378425723057,0.95931657658719,87,0.6796875,0
Weighted EDMD hybrid,stress_changed_controller,stress_seed_231204,50,231204,1,0.001,128,0.0347100556285857,0.0346479492594999,0.0398976265653788,0.0631770078002256,0,0,0
Weighted EDMD hybrid,stress_changed_controller,stress_seed_231204,50,231204,20,0.02,128,0.0530393704508398,0.0529915087761737,0.0565894168304653,0.0959456200094914,0,0,0
Weighted EDMD hybrid,stress_changed_controller,stress_seed_231204,50,231204,50,0.05,128,0.112106396531928,0.112087974083117,0.113963484007289,0.202582202765516,36,0.28125,0
Weighted EDMD hybrid,stress_changed_controller,stress_seed_231204,50,231204,100,0.1,128,0.215943814288572,0.215897626184428,0.21716344169139,0.389628946099189,46,0.359375,0
Weighted EDMD hybrid,stress_changed_controller,stress_seed_231204,50,231204,250,0.25,128,0.530629392675479,0.530651877385087,0.532460375218168,0.95931657658719,86,0.671875,0
Nominal physics,stress_changed_controller,stress_seed_231205,51,231205,1,0.001,128,0.0466928998937023,0.0466223579889876,0.0466928998937023,0.0775591612344202,0,0,0
Nominal physics,stress_changed_controller,stress_seed_231205,51,231205,20,0.02,128,0.0713288091237083,0.0713976658654543,0.0713288091237083,0.11799006287604,0,0,0
Nominal physics,stress_changed_controller,stress_seed_231205,51,231205,50,0.05,128,0.150785483638426,0.150790145907516,0.150785483638426,0.249117131299226,39,0.3046875,0
Nominal physics,stress_changed_controller,stress_seed_231205,51,231205,100,0.1,128,0.289509163545079,0.289574863840174,0.289509163545079,0.479118927429733,78,0.609375,0
Nominal physics,stress_changed_controller,stress_seed_231205,51,231205,250,0.25,128,0.702308580976177,0.702322474333462,0.702308580976177,1.17855314380116,95,0.7421875,0
Persistent innovation,stress_changed_controller,stress_seed_231205,51,231205,1,0.001,128,0.00331821452325851,0.00339117604123345,0.0558693611048471,0.0197935828012973,0,0,0
Persistent innovation,stress_changed_controller,stress_seed_231205,51,231205,20,0.02,128,0.0108137350318869,0.0108346132649289,0.056537937840565,0.0607847897592421,0,0,0
Persistent innovation,stress_changed_controller,stress_seed_231205,51,231205,50,0.05,128,0.0343562855229359,0.0343693543693392,0.0634342770128375,0.160220068606884,0,0,0
Persistent innovation,stress_changed_controller,stress_seed_231205,51,231205,100,0.1,128,0.0965296710082652,0.0965907192104537,0.104595555582594,0.348261701746279,14,0.109375,0
Persistent innovation,stress_changed_controller,stress_seed_231205,51,231205,250,0.25,128,0.394654923873557,0.394672625178474,0.382523626256066,1.038766690381,59,0.4609375,0
Linear hybrid,stress_changed_controller,stress_seed_231205,51,231205,1,0.001,128,0.000640387352616743,0.000828726447681125,0.0559189599796414,0.00371024837907402,0,0,0
Linear hybrid,stress_changed_controller,stress_seed_231205,51,231205,20,0.02,128,0.0067651059013413,0.0068007706526918,0.0562705142946452,0.033355171060829,0,0,0
Linear hybrid,stress_changed_controller,stress_seed_231205,51,231205,50,0.05,128,0.0258175956035456,0.0258345276380447,0.0617287470784448,0.116914292183472,0,0,0
Linear hybrid,stress_changed_controller,stress_seed_231205,51,231205,100,0.1,128,0.077901696227019,0.077966374838673,0.0961532233998654,0.299406776192609,9,0.0703125,0
Linear hybrid,stress_changed_controller,stress_seed_231205,51,231205,250,0.25,128,0.309596962852267,0.309617935825098,0.317782562331318,0.767534515487058,56,0.4375,0
EDMD hybrid,stress_changed_controller,stress_seed_231205,51,231205,1,0.001,128,0.000637510295897535,0.000825376162414396,0.055918932047816,0.00361913011625736,0,0,0
EDMD hybrid,stress_changed_controller,stress_seed_231205,51,231205,20,0.02,128,0.00676859089978952,0.0068048870021011,0.0562698256611551,0.0335138381485944,0,0,0
EDMD hybrid,stress_changed_controller,stress_seed_231205,51,231205,50,0.05,128,0.0258481149557629,0.0258653385148908,0.0617399464040543,0.116903309953234,0,0,0
EDMD hybrid,stress_changed_controller,stress_seed_231205,51,231205,100,0.1,128,0.0781310776866318,0.0781950551947547,0.0962638256096781,0.30062878264461,9,0.0703125,0
EDMD hybrid,stress_changed_controller,stress_seed_231205,51,231205,250,0.25,128,0.314277738765796,0.314299869539333,0.321355661848294,0.793197500441339,56,0.4375,0
Weighted linear hybrid,stress_changed_controller,stress_seed_231205,51,231205,1,0.001,128,0.0426841481519203,0.0426066731245439,0.0483289046219937,0.0775591612344202,0,0,0
Weighted linear hybrid,stress_changed_controller,stress_seed_231205,51,231205,20,0.02,128,0.0651900501527142,0.0652615304252651,0.0690682579224275,0.11799006287604,0,0,0
Weighted linear hybrid,stress_changed_controller,stress_seed_231205,51,231205,50,0.05,128,0.137869524254221,0.137883360553722,0.139905681454245,0.249117131299226,38,0.296875,0
Weighted linear hybrid,stress_changed_controller,stress_seed_231205,51,231205,100,0.1,128,0.265719885405835,0.265778533702248,0.267079904483865,0.479118927429733,52,0.40625,0
Weighted linear hybrid,stress_changed_controller,stress_seed_231205,51,231205,250,0.25,128,0.652457849708061,0.652467116003915,0.65484503788236,1.17855314380116,88,0.6875,0
Weighted EDMD hybrid,stress_changed_controller,stress_seed_231205,51,231205,1,0.001,128,0.0426841639911812,0.0426066650834522,0.0483287632748745,0.0775591612344202,0,0,0
Weighted EDMD hybrid,stress_changed_controller,stress_seed_231205,51,231205,20,0.02,128,0.0651899039570942,0.0652614118645465,0.0690683129434076,0.11799006287604,0,0,0
Weighted EDMD hybrid,stress_changed_controller,stress_seed_231205,51,231205,50,0.05,128,0.137869204823326,0.137883086577373,0.139907963933725,0.249117131299226,38,0.296875,0
Weighted EDMD hybrid,stress_changed_controller,stress_seed_231205,51,231205,100,0.1,128,0.265725669605289,0.265784203257359,0.267084395890084,0.479118927429733,52,0.40625,0
Weighted EDMD hybrid,stress_changed_controller,stress_seed_231205,51,231205,250,0.25,128,0.652701335770944,0.652710321053032,0.655024437209739,1.17855314380116,88,0.6875,0
Nominal physics,stress_changed_controller,stress_seed_231206,52,231206,1,0.001,128,0.0436539371506394,0.0437265125565235,0.0436539371506394,0.0740158947120303,0,0,0
Nominal physics,stress_changed_controller,stress_seed_231206,52,231206,20,0.02,128,0.0667196105005582,0.066760841534498,0.0667196105005582,0.112431128926985,0,0,0
Nominal physics,stress_changed_controller,stress_seed_231206,52,231206,50,0.05,128,0.14112774172337,0.14118357723923,0.14112774172337,0.238186213991762,39,0.3046875,0
Nominal physics,stress_changed_controller,stress_seed_231206,52,231206,100,0.1,128,0.271268972692727,0.271311898469883,0.271268972692727,0.459465164484368,75,0.5859375,0
Nominal physics,stress_changed_controller,stress_seed_231206,52,231206,250,0.25,128,0.660263955241825,0.660329379372592,0.660263955241825,1.13377455552799,94,0.734375,0
Persistent innovation,stress_changed_controller,stress_seed_231206,52,231206,1,0.001,128,0.00315090907760386,0.00318805242289019,0.0522313649835787,0.0210683281498886,0,0,0
Persistent innovation,stress_changed_controller,stress_seed_231206,52,231206,20,0.02,128,0.00988380382779502,0.0099319789773986,0.0528840508000772,0.0518284009667027,0,0,0
Persistent innovation,stress_changed_controller,stress_seed_231206,52,231206,50,0.05,128,0.0315544985016843,0.0314940785973965,0.0592646358399262,0.139669418913828,0,0,0
Persistent innovation,stress_changed_controller,stress_seed_231206,52,231206,100,0.1,128,0.0891282953632668,0.0891554303726087,0.0973003109307286,0.324683993843526,12,0.09375,0
Persistent innovation,stress_changed_controller,stress_seed_231206,52,231206,250,0.25,128,0.366982529218883,0.366964469838005,0.356287752014592,0.970397393833959,58,0.453125,0
Linear hybrid,stress_changed_controller,stress_seed_231206,52,231206,1,0.001,128,0.000559488257872329,0.000707762779601903,0.0522763961916329,0.00324286422520864,0,0,0
Linear hybrid,stress_changed_controller,stress_seed_231206,52,231206,20,0.02,128,0.00618682394765805,0.00622901340813479,0.0526443399289471,0.0314489789870494,0,0,0
Linear hybrid,stress_changed_controller,stress_seed_231206,52,231206,50,0.05,128,0.0236175148176607,0.023566504170569,0.0576570902584325,0.112017935480179,0,0,0
Linear hybrid,stress_changed_controller,stress_seed_231206,52,231206,100,0.1,128,0.0717211630574011,0.0717505454638434,0.0892604524943158,0.282391742042925,6,0.046875,0
Linear hybrid,stress_changed_controller,stress_seed_231206,52,231206,250,0.25,128,0.287334318063994,0.287325544579124,0.295359898134646,0.720192831774877,54,0.421875,0
EDMD hybrid,stress_changed_controller,stress_seed_231206,52,231206,1,0.001,128,0.000560328133723853,0.000710078820331413,0.052276108896211,0.00318046592557403,0,0,0
EDMD hybrid,stress_changed_controller,stress_seed_231206,52,231206,20,0.02,128,0.0061885749305378,0.00623156908141853,0.0526439262657861,0.0313688050227091,0,0,0
EDMD hybrid,stress_changed_controller,stress_seed_231206,52,231206,50,0.05,128,0.0236371899227058,0.0235865534307004,0.0576710249308466,0.111911490282319,0,0,0
EDMD hybrid,stress_changed_controller,stress_seed_231206,52,231206,100,0.1,128,0.0718931736650245,0.0719234110215961,0.0893569303523863,0.283131461357447,7,0.0546875,0
EDMD hybrid,stress_changed_controller,stress_seed_231206,52,231206,250,0.25,128,0.291238860811875,0.291228659144034,0.298340420494273,0.74130777211788,55,0.4296875,0
Weighted linear hybrid,stress_changed_controller,stress_seed_231206,52,231206,1,0.001,128,0.0394715129788305,0.0395497000011513,0.0453515747674447,0.0740158947120303,0,0,0
Weighted linear hybrid,stress_changed_controller,stress_seed_231206,52,231206,20,0.02,128,0.0603474929345334,0.0604092295965141,0.0643745467696195,0.112431128926985,0,0,0
Weighted linear hybrid,stress_changed_controller,stress_seed_231206,52,231206,50,0.05,128,0.127782333064725,0.127818399975106,0.129858543284945,0.238186213991762,37,0.2890625,0
Weighted linear hybrid,stress_changed_controller,stress_seed_231206,52,231206,100,0.1,128,0.246668356060546,0.246766107804238,0.248030188741786,0.459465164484368,49,0.3828125,0
Weighted linear hybrid,stress_changed_controller,stress_seed_231206,52,231206,250,0.25,128,0.608027238011711,0.608076243294031,0.610569426552216,1.13377455552799,88,0.6875,0
Weighted EDMD hybrid,stress_changed_controller,stress_seed_231206,52,231206,1,0.001,128,0.0394714733646723,0.0395496582717288,0.0453513490684659,0.0740158947120303,0,0,0
Weighted EDMD hybrid,stress_changed_controller,stress_seed_231206,52,231206,20,0.02,128,0.060347779369117,0.060409579576275,0.0643745592440297,0.112431128926985,0,0,0
Weighted EDMD hybrid,stress_changed_controller,stress_seed_231206,52,231206,50,0.05,128,0.127785937057967,0.12782203558168,0.129862238280139,0.238186213991762,37,0.2890625,0
Weighted EDMD hybrid,stress_changed_controller,stress_seed_231206,52,231206,100,0.1,128,0.246694503279622,0.246792508874551,0.248047023491549,0.459465164484368,50,0.390625,0
Weighted EDMD hybrid,stress_changed_controller,stress_seed_231206,52,231206,250,0.25,128,0.608429907824919,0.608478671268851,0.610882047970363,1.13377455552799,88,0.6875,0
