time_s,reference_rad,position_rad,velocity_rad_s,current_A,sensor_side_measurement_rad,received_measurement_rad,tracking_error_rad,command_V,unsaturated_command_V,capacitive_current_A,capacitive_voltage_V,inductive_voltage_V,shared_impedance_voltage_V,ground_common_mode_voltage_V,ground_differential_voltage_V,receiver_differential_voltage_V,equivalent_encoder_error_rad,physical_source_window_active,ground_window_active,communication_channel_enabled,transmit_delay_samples,packet_dropped,sample_received,accepted_source_index,accepted_delay_samples,held_last,measurement_age_samples,measurement_age_s,collision_discard_count,out_of_order_discard_count,delta_position_rad
0,0,0,0,0,0,0,0,0,0,0,0,0,0,0,0,0,0,0,0,0,0,0,1,1,0,0,0,0,0,0,0
0.001,0,0,0,0,0,0,0,0,0,0,0,0,0,0,0,0,0,0,0,0,0,0,1,2,0,0,0,0,0,0,0
0.002,0,0,0,0,0,0,0,0,0,0,0,0,0,0,0,0,0,0,0,0,0,0,1,3,0,0,0,0,0,0,0
0.003,0,0,0,0,0,0,0,0,0,0,0,0,0,0,0,0,0,0,0,0,0,0,1,4,0,0,0,0,0,0,0
0.004,0,0,0,0,0,0,0,0,0,0,0,0,0,0,0,0,0,0,0,0,0,0,1,5,0,0,0,0,0,0,0
0.005,0,0,0,0,0,0,0,0,0,0,0,0,0,0,0,0,0,0,0,0,0,0,1,6,0,0,0,0,0,0,0
0.006,0,0,0,0,0,0,0,0,0,0,0,0,0,0,0,0,0,0,0,0,0,0,1,7,0,0,0,0,0,0,0
0.007,0,0,0,0,0,0,0,0,0,0,0,0,0,0,0,0,0,0,0,0,0,0,1,8,0,0,0,0,0,0,0
0.008,0,0,0,0,0,0,0,0,0,0,0,0,0,0,0,0,0,0,0,0,0,0,1,9,0,0,0,0,0,0,0
0.009,0,0,0,0,0,0,0,0,0,0,0,0,0,0,0,0,0,0,0,0,0,0,1,10,0,0,0,0,0,0,0
0.01,0,0,0,0,0,0,0,0,0,0,0,0,0,0,0,0,0,0,0,0,0,0,1,11,0,0,0,0,0,0,0
0.011,0,0,0,0,0,0,0,0,0,0,0,0,0,0,0,0,0,0,0,0,0,0,1,12,0,0,0,0,0,0,0
0.012,0,0,0,0,0,0,0,0,0,0,0,0,0,0,0,0,0,0,0,0,0,0,1,13,0,0,0,0,0,0,0
0.013,0,0,0,0,0,0,0,0,0,0,0,0,0,0,0,0,0,0,0,0,0,0,1,14,0,0,0,0,0,0,0
0.014,0,0,0,0,0,0,0,0,0,0,0,0,0,0,0,0,0,0,0,0,0,0,1,15,0,0,0,0,0,0,0
0.015,0,0,0,0,0,0,0,0,0,0,0,0,0,0,0,0,0,0,0,0,0,0,1,16,0,0,0,0,0,0,0
0.016,0,0,0,0,0,0,0,0,0,0,0,0,0,0,0,0,0,0,0,0,0,0,1,17,0,0,0,0,0,0,0
0.017,0,0,0,0,0,0,0,0,0,0,0,0,0,0,0,0,0,0,0,0,0,0,1,18,0,0,0,0,0,0,0
0.018,0,0,0,0,0,0,0,0,0,0,0,0,0,0,0,0,0,0,0,0,0,0,1,19,0,0,0,0,0,0,0
0.019,0,0,0,0,0,0,0,0,0,0,0,0,0,0,0,0,0,0,0,0,0,0,1,20,0,0,0,0,0,0,0
0.02,0,0,0,0,0,0,0,0,0,0,0,0,0,0,0,0,0,0,0,0,0,0,1,21,0,0,0,0,0,0,0
0.021,0,0,0,0,0,0,0,0,0,0,0,0,0,0,0,0,0,0,0,0,0,0,1,22,0,0,0,0,0,0,0
0.022,0,0,0,0,0,0,0,0,0,0,0,0,0,0,0,0,0,0,0,0,0,0,1,23,0,0,0,0,0,0,0
0.023,0,0,0,0,0,0,0,0,0,0,0,0,0,0,0,0,0,0,0,0,0,0,1,24,0,0,0,0,0,0,0
0.024,0,0,0,0,0,0,0,0,0,0,0,0,0,0,0,0,0,0,0,0,0,0,1,25,0,0,0,0,0,0,0
0.025,0,0,0,0,0,0,0,0,0,0,0,0,0,0,0,0,0,0,0,0,0,0,1,26,0,0,0,0,0,0,0
0.026,0,0,0,0,0,0,0,0,0,0,0,0,0,0,0,0,0,0,0,0,0,0,1,27,0,0,0,0,0,0,0
0.027,0,0,0,0,0,0,0,0,0,0,0,0,0,0,0,0,0,0,0,0,0,0,1,28,0,0,0,0,0,0,0
0.028,0,0,0,0,0,0,0,0,0,0,0,0,0,0,0,0,0,0,0,0,0,0,1,29,0,0,0,0,0,0,0
0.029,0,0,0,0,0,0,0,0,0,0,0,0,0,0,0,0,0,0,0,0,0,0,1,30,0,0,0,0,0,0,0
0.03,0,0,0,0,0,0,0,0,0,0,0,0,0,0,0,0,0,0,0,0,0,0,1,31,0,0,0,0,0,0,0
0.031,0,0,0,0,0,0,0,0,0,0,0,0,0,0,0,0,0,0,0,0,0,0,1,32,0,0,0,0,0,0,0
0.032,0,0,0,0,0,0,0,0,0,0,0,0,0,0,0,0,0,0,0,0,0,0,1,33,0,0,0,0,0,0,0
0.033,0,0,0,0,0,0,0,0,0,0,0,0,0,0,0,0,0,0,0,0,0,0,1,34,0,0,0,0,0,0,0
0.034,0,0,0,0,0,0,0,0,0,0,0,0,0,0,0,0,0,0,0,0,0,0,1,35,0,0,0,0,0,0,0
0.035,0,0,0,0,0,0,0,0,0,0,0,0,0,0,0,0,0,0,0,0,0,0,1,36,0,0,0,0,0,0,0
0.036,0,0,0,0,0,0,0,0,0,0,0,0,0,0,0,0,0,0,0,0,0,0,1,37,0,0,0,0,0,0,0
0.037,0,0,0,0,0,0,0,0,0,0,0,0,0,0,0,0,0,0,0,0,0,0,1,38,0,0,0,0,0,0,0
0.038,0,0,0,0,0,0,0,0,0,0,0,0,0,0,0,0,0,0,0,0,0,0,1,39,0,0,0,0,0,0,0
0.039,0,0,0,0,0,0,0,0,0,0,0,0,0,0,0,0,0,0,0,0,0,0,1,40,0,0,0,0,0,0,0
0.04,0,0,0,0,0,0,0,0,0,0,0,0,0,0,0,0,0,0,0,0,0,0,1,41,0,0,0,0,0,0,0
0.041,0,0,0,0,0,0,0,0,0,0,0,0,0,0,0,0,0,0,0,0,0,0,1,42,0,0,0,0,0,0,0
0.042,0,0,0,0,0,0,0,0,0,0,0,0,0,0,0,0,0,0,0,0,0,0,1,43,0,0,0,0,0,0,0
0.043,0,0,0,0,0,0,0,0,0,0,0,0,0,0,0,0,0,0,0,0,0,0,1,44,0,0,0,0,0,0,0
0.044,0,0,0,0,0,0,0,0,0,0,0,0,0,0,0,0,0,0,0,0,0,0,1,45,0,0,0,0,0,0,0
0.045,0,0,0,0,0,0,0,0,0,0,0,0,0,0,0,0,0,0,0,0,0,0,1,46,0,0,0,0,0,0,0
0.046,0,0,0,0,0,0,0,0,0,0,0,0,0,0,0,0,0,0,0,0,0,0,1,47,0,0,0,0,0,0,0
0.047,0,0,0,0,0,0,0,0,0,0,0,0,0,0,0,0,0,0,0,0,0,0,1,48,0,0,0,0,0,0,0
0.048,0,0,0,0,0,0,0,0,0,0,0,0,0,0,0,0,0,0,0,0,0,0,1,49,0,0,0,0,0,0,0
0.049,0,0,0,0,0,0,0,0,0,0,0,0,0,0,0,0,0,0,0,0,0,0,1,50,0,0,0,0,0,0,0
0.05,0,0,0,0,0,0,0,0,0,0,0,0,0,0,0,0,0,0,0,0,0,0,1,51,0,0,0,0,0,0,0
0.051,0,0,0,0,0,0,0,0,0,0,0,0,0,0,0,0,0,0,0,0,0,0,1,52,0,0,0,0,0,0,0
0.052,0,0,0,0,0,0,0,0,0,0,0,0,0,0,0,0,0,0,0,0,0,0,1,53,0,0,0,0,0,0,0
0.053,0,0,0,0,0,0,0,0,0,0,0,0,0,0,0,0,0,0,0,0,0,0,1,54,0,0,0,0,0,0,0
0.054,0,0,0,0,0,0,0,0,0,0,0,0,0,0,0,0,0,0,0,0,0,0,1,55,0,0,0,0,0,0,0
0.055,0,0,0,0,0,0,0,0,0,0,0,0,0,0,0,0,0,0,0,0,0,0,1,56,0,0,0,0,0,0,0
0.056,0,0,0,0,0,0,0,0,0,0,0,0,0,0,0,0,0,0,0,0,0,0,1,57,0,0,0,0,0,0,0
0.057,0,0,0,0,0,0,0,0,0,0,0,0,0,0,0,0,0,0,0,0,0,0,1,58,0,0,0,0,0,0,0
0.058,0,0,0,0,0,0,0,0,0,0,0,0,0,0,0,0,0,0,0,0,0,0,1,59,0,0,0,0,0,0,0
0.059,0,0,0,0,0,0,0,0,0,0,0,0,0,0,0,0,0,0,0,0,0,0,1,60,0,0,0,0,0,0,0
0.06,0,0,0,0,0,0,0,0,0,0,0,0,0,0,0,0,0,0,0,0,0,0,1,61,0,0,0,0,0,0,0
0.061,0,0,0,0,0,0,0,0,0,0,0,0,0,0,0,0,0,0,0,0,0,0,1,62,0,0,0,0,0,0,0
0.062,0,0,0,0,0,0,0,0,0,0,0,0,0,0,0,0,0,0,0,0,0,0,1,63,0,0,0,0,0,0,0
0.063,0,0,0,0,0,0,0,0,0,0,0,0,0,0,0,0,0,0,0,0,0,0,1,64,0,0,0,0,0,0,0
0.064,0,0,0,0,0,0,0,0,0,0,0,0,0,0,0,0,0,0,0,0,0,0,1,65,0,0,0,0,0,0,0
0.065,0,0,0,0,0,0,0,0,0,0,0,0,0,0,0,0,0,0,0,0,0,0,1,66,0,0,0,0,0,0,0
0.066,0,0,0,0,0,0,0,0,0,0,0,0,0,0,0,0,0,0,0,0,0,0,1,67,0,0,0,0,0,0,0
0.067,0,0,0,0,0,0,0,0,0,0,0,0,0,0,0,0,0,0,0,0,0,0,1,68,0,0,0,0,0,0,0
0.068,0,0,0,0,0,0,0,0,0,0,0,0,0,0,0,0,0,0,0,0,0,0,1,69,0,0,0,0,0,0,0
0.069,0,0,0,0,0,0,0,0,0,0,0,0,0,0,0,0,0,0,0,0,0,0,1,70,0,0,0,0,0,0,0
0.07,0,0,0,0,0,0,0,0,0,0,0,0,0,0,0,0,0,0,0,0,0,0,1,71,0,0,0,0,0,0,0
0.071,0,0,0,0,0,0,0,0,0,0,0,0,0,0,0,0,0,0,0,0,0,0,1,72,0,0,0,0,0,0,0
0.072,0,0,0,0,0,0,0,0,0,0,0,0,0,0,0,0,0,0,0,0,0,0,1,73,0,0,0,0,0,0,0
0.073,0,0,0,0,0,0,0,0,0,0,0,0,0,0,0,0,0,0,0,0,0,0,1,74,0,0,0,0,0,0,0
0.074,0,0,0,0,0,0,0,0,0,0,0,0,0,0,0,0,0,0,0,0,0,0,1,75,0,0,0,0,0,0,0
0.075,0,0,0,0,0,0,0,0,0,0,0,0,0,0,0,0,0,0,0,0,0,0,1,76,0,0,0,0,0,0,0
0.076,0,0,0,0,0,0,0,0,0,0,0,0,0,0,0,0,0,0,0,0,0,0,1,77,0,0,0,0,0,0,0
0.077,0,0,0,0,0,0,0,0,0,0,0,0,0,0,0,0,0,0,0,0,0,0,1,78,0,0,0,0,0,0,0
0.078,0,0,0,0,0,0,0,0,0,0,0,0,0,0,0,0,0,0,0,0,0,0,1,79,0,0,0,0,0,0,0
0.079,0,0,0,0,0,0,0,0,0,0,0,0,0,0,0,0,0,0,0,0,0,0,1,80,0,0,0,0,0,0,0
0.08,0,0,0,0,0,0,0,0,0,0,0,0,0,0,0,0,0,0,0,0,0,0,1,81,0,0,0,0,0,0,0
0.081,0,0,0,0,0,0,0,0,0,0,0,0,0,0,0,0,0,0,0,0,0,0,1,82,0,0,0,0,0,0,0
0.082,0,0,0,0,0,0,0,0,0,0,0,0,0,0,0,0,0,0,0,0,0,0,1,83,0,0,0,0,0,0,0
0.083,0,0,0,0,0,0,0,0,0,0,0,0,0,0,0,0,0,0,0,0,0,0,1,84,0,0,0,0,0,0,0
0.084,0,0,0,0,0,0,0,0,0,0,0,0,0,0,0,0,0,0,0,0,0,0,1,85,0,0,0,0,0,0,0
0.085,0,0,0,0,0,0,0,0,0,0,0,0,0,0,0,0,0,0,0,0,0,0,1,86,0,0,0,0,0,0,0
0.086,0,0,0,0,0,0,0,0,0,0,0,0,0,0,0,0,0,0,0,0,0,0,1,87,0,0,0,0,0,0,0
0.087,0,0,0,0,0,0,0,0,0,0,0,0,0,0,0,0,0,0,0,0,0,0,1,88,0,0,0,0,0,0,0
0.088,0,0,0,0,0,0,0,0,0,0,0,0,0,0,0,0,0,0,0,0,0,0,1,89,0,0,0,0,0,0,0
0.089,0,0,0,0,0,0,0,0,0,0,0,0,0,0,0,0,0,0,0,0,0,0,1,90,0,0,0,0,0,0,0
0.09,0,0,0,0,0,0,0,0,0,0,0,0,0,0,0,0,0,0,0,0,0,0,1,91,0,0,0,0,0,0,0
0.091,0,0,0,0,0,0,0,0,0,0,0,0,0,0,0,0,0,0,0,0,0,0,1,92,0,0,0,0,0,0,0
0.092,0,0,0,0,0,0,0,0,0,0,0,0,0,0,0,0,0,0,0,0,0,0,1,93,0,0,0,0,0,0,0
0.093,0,0,0,0,0,0,0,0,0,0,0,0,0,0,0,0,0,0,0,0,0,0,1,94,0,0,0,0,0,0,0
0.094,0,0,0,0,0,0,0,0,0,0,0,0,0,0,0,0,0,0,0,0,0,0,1,95,0,0,0,0,0,0,0
0.095,0,0,0,0,0,0,0,0,0,0,0,0,0,0,0,0,0,0,0,0,0,0,1,96,0,0,0,0,0,0,0
0.096,0,0,0,0,0,0,0,0,0,0,0,0,0,0,0,0,0,0,0,0,0,0,1,97,0,0,0,0,0,0,0
0.097,0,0,0,0,0,0,0,0,0,0,0,0,0,0,0,0,0,0,0,0,0,0,1,98,0,0,0,0,0,0,0
0.098,0,0,0,0,0,0,0,0,0,0,0,0,0,0,0,0,0,0,0,0,0,0,1,99,0,0,0,0,0,0,0
0.099,0,0,0,0,0,0,0,0,0,0,0,0,0,0,0,0,0,0,0,0,0,0,1,100,0,0,0,0,0,0,0
0.1,0.523598775598299,0,0,0,0,0,0.523598775598299,1.4072926446309,1.4072926446309,0,0,0,0,0,0,0,0,0,0,0,0,0,1,101,0,0,0,0,0,0,0
0.101,0.523598775598299,4.45218265702949e-05,0.128513015071065,0.445803932742211,4.45218265702949e-05,4.45218265702949e-05,0.523554253771728,1.38892542072261,1.38892542072261,0,0,0,0,0,0,0,0,0,0,0,0,0,1,102,0,0,0,0,0,0,0
0.102,0.523598775598299,0.00031838385052,0.442553049219617,0.709810168316796,0.00031838385052,0.00031838385052,0.523280391747779,1.37064920251435,1.37064920251435,0,0,0,0,0,0,0,0,0,0,0,0,0,1,103,0,0,0,0,0,0,0
0.103,0.523598775598299,0.000965080559626825,0.863890571767915,0.857783766312187,0.000965080559626825,0.000965080559626825,0.522633695038672,1.35206237097213,1.35206237097213,0,0,0,0,0,0,0,0,0,0,0,0,0,1,104,0,0,0,0,0,0,0
0.104,0.523598775598299,0.00206510228706424,1.34265039784167,0.931864162920198,0.00206510228706424,0.00206510228706424,0.521533673311235,1.33293814664519,1.33293814664519,0,0,0,0,0,0,0,0,0,0,0,0,0,1,105,0,0,0,0,0,0,0
0.105,0.523598775598299,0.00365882019882503,1.84712638475507,0.959055829432812,0.00365882019882503,0.00365882019882503,0.519939955399474,1.3131606748891,1.3131606748891,0,0,0,0,0,0,0,0,0,0,0,0,0,1,106,0,0,0,0,0,0,0
0.106,0.523598775598299,0.00576115152665334,2.35725642139455,0.95666706512572,0.00576115152665334,0.00576115152665334,0.517837624071645,1.29268409317719,1.29268409317719,0,0,0,0,0,0,0,0,0,0,0,0,0,1,107,0,0,0,0,0,0,0
0.107,0.523598775598299,0.0083709588486258,2.86044206838806,0.935793901406138,0.0083709588486258,0.0083709588486258,0.515227816749673,1.27150632104951,1.27150632104951,0,0,0,0,0,0,0,0,0,0,0,0,0,1,108,0,0,0,0,0,0,0
0.108,0.523598775598299,0.0114770755216481,3.34887010732695,0.903551791240415,0.0114770755216481,0.0114770755216481,0.512121700076651,1.24965228197709,1.24965228197709,0,0,0,0,0,0,0,0,0,0,0,0,0,1,109,0,0,0,0,0,0,0
0.109,0.523598775598299,0.0150621692937141,3.81779617606732,0.864505185195562,0.0150621692937141,0.0150621692937141,0.508536606304585,1.22716316805648,1.22716316805648,0,0,0,0,0,0,0,0,0,0,0,0,0,1,110,0,0,0,0,0,0,0
0.11,0.523598775598299,0.0191052204968749,4.26444470325191,0.821583308728979,0.0191052204968749,0.0191052204968749,0.504493555101424,1.20408957655543,1.20408957655543,0,0,0,0,0,0,0,0,0,0,0,0,0,1,111,0,0,0,0,0,0,0
0.111,0.523598775598299,0.0235831121783154,4.68730364598261,0.776666822078567,0.0235831121783154,0.0235831121783154,0.500015663419983,1.18048712759693,1.18048712759693,0,0,0,0,0,0,0,0,0,0,0,0,0,1,112,0,0,0,0,0,0,0
0.112,0.523598775598299,0.0284716507836206,5.08567214964507,0.730963661288177,0.0284716507836206,0.0284716507836206,0.495127124814678,1.15641367207565,1.15641367207565,0,0,0,0,0,0,0,0,0,0,0,0,0,1,113,0,0,0,0,0,0,0
0.113,0.523598775598299,0.0337462215107945,5.45937024670473,0.685249837058868,0.0337462215107945,0.0337462215107945,0.489852554087504,1.13192751905639,1.13192751905639,0,0,0,0,0,0,0,0,0,0,0,0,0,1,114,0,0,0,0,0,0,0
0.114,0.523598775598299,0.0393822091123181,5.80855237818639,0.640023730538261,0.0393822091123181,0.0393822091123181,0.484216566485981,1.10708631698504,1.10708631698504,0,0,0,0,0,0,0,0,0,0,0,0,0,1,115,0,0,0,0,0,0,0
0.115,0.523598775598299,0.0453552679427882,6.13358744647892,0.59560497799568,0.0453552679427882,0.0453552679427882,0.478243507655511,1.08194635441002,1.08194635441002,0,0,0,0,0,0,0,0,0,0,0,0,0,1,116,0,0,0,0,0,0,0
0.116,0.523598775598299,0.0516414949559411,6.43498151166334,0.552197860464924,0.0516414949559411,0.0516414949559411,0.471957280642358,1.05656213006334,1.05656213006334,0,0,0,0,0,0,0,0,0,0,0,0,0,1,117,0,0,0,0,0,0,0
0.117,0.523598775598299,0.0582175400775308,6.71332782926786,0.50993195568237,0.0582175400775308,0.0582175400775308,0.465381235520768,1.03098609605619,1.03098609605619,0,0,0,0,0,0,0,0,0,0,0,0,0,1,118,0,0,0,0,0,0,0
0.118,0.523598775598299,0.0650606760316851,6.96927442696146,0.468888224075176,0.0650606760316851,0.0650606760316851,0.458538099566614,1.00526851247641,1.00526851247641,0,0,0,0,0,0,0,0,0,0,0,0,0,1,119,0,0,0,0,0,0,0
0.119,0.523598775598299,0.0721488417875956,7.20350294049228,0.429115763245315,0.0721488417875956,0.0721488417875956,0.451449933810703,0.979457373797389,0.979457373797389,0,0,0,0,0,0,0,0,0,0,0,0,0,1,120,0,0,0,0,0,0,0
0.12,0.523598775598299,0.0794606687254459,7.4167146857151,0.390642583889821,0.0794606687254459,0.0794606687254459,0.444138106872853,0.953598381680952,0.953598381680952,0,0,0,0,0,0,0,0,0,0,0,0,0,1,121,0,0,0,0,0,0,0
0.121,0.523598775598299,0.0869754953735181,7.60962138898456,0.353482554892528,0.0869754953735181,0.0869754953735181,0.436623280224781,0.927734947838143,0.927734947838143,0,0,0,0,0,0,0,0,0,0,0,0,0,1,122,0,0,0,0,0,0,0
0.122,0.523598775598299,0.0946733744878818,7.78293892406754,0.317639893324848,0.0946733744878818,0.0946733744878818,0.428925401110417,0.901908216430822,0.901908216430822,0,0,0,0,0,0,0,0,0,0,0,0,0,1,123,0,0,0,0,0,0,0
0.123,0.523598775598299,0.102535074912699,7.93738299680053,0.283112080588452,0.102535074912699,0.102535074912699,0.4210637006856,0.876157099227207,0.876157099227207,0,0,0,0,0,0,0,0,0,0,0,0,0,1,124,0,0,0,0,0,0,0
0.124,0.523598775598299,0.110542079804407,8.07366609861401,0.249891769177506,0.110542079804407,0.110542079804407,0.413056695793892,0.850518319115961,0.850518319115961,0,0,0,0,0,0,0,0,0,0,0,0,0,1,125,0,0,0,0,0,0,0
0.125,0.523598775598299,0.118676582254839,8.19249529339039,0.217968041641061,0.118676582254839,0.118676582254839,0.404922193343459,0.825026459117694,0.825026459117694,0,0,0,0,0,0,0,0,0,0,0,0,0,1,126,0,0,0,0,0,0,0
0.126,0.523598775598299,0.126921478996508,8.29457055799957,0.187327253361473,0.126921478996508,0.126921478996508,0.396677296601791,0.799714015017708,0.799714015017708,0,0,0,0,0,0,0,0,0,0,0,0,0,1,127,0,0,0,0,0,0,0
0.127,0.523598775598299,0.135260362647249,8.38058349670773,0.157953607517076,0.135260362647249,0.135260362647249,0.38833841295105,0.774611450376941,0.774611450376941,0,0,0,0,0,0,0,0,0,0,0,0,0,1,128,0,0,0,0,0,0,0
0.128,0.523598775598299,0.143677512805954,8.45121631361853,0.129829557274348,0.143677512805954,0.143677512805954,0.379921262792345,0.749747253085782,0.749747253085782,0,0,0,0,0,0,0,0,0,0,0,0,0,1,129,0,0,0,0,0,0,0
0.129,0.523598775598299,0.152157886217305,8.50714096828339,0.102936096100235,0.152157886217305,0.152157886217305,0.371440889380994,0.725147992888616,0.725147992888616,0,0,0,0,0,0,0,0,0,0,0,0,0,1,130,0,0,0,0,0,0,0
0.13,0.523598775598299,0.160687106162626,8.5490184658715,0.0772529752089061,0.160687106162626,0.160687106162626,0.362911669435672,0.700838379477654,0.700838379477654,0,0,0,0,0,0,0,0,0,0,0,0,0,1,131,0,0,0,0,0,0,0
0.131,0.523598775598299,0.169251451194423,8.57749825011337,0.0527588731457079,0.169251451194423,0.169251451194423,0.354347324403876,0.676841320865872,0.676841320865872,0,0,0,0,0,0,0,0,0,0,0,0,0,1,132,0,0,0,0,0,0,0
0.132,0.523598775598299,0.177837843306165,8.59321767801564,0.0294315335372202,0.177837843306165,0.177837843306165,0.345760932292134,0.65317798182212,0.65317798182212,0,0,0,0,0,0,0,0,0,0,0,0,0,1,133,0,0,0,0,0,0,0
0.133,0.523598775598299,0.186433835611586,8.59680156226003,0.00724788128940621,0.186433835611586,0.186433835611586,0.337164939986713,0.629867842200258,0.629867842200258,0,0,0,0,0,0,0,0,0,0,0,0,0,1,134,0,0,0,0,0,0,0
0.134,0.523598775598299,0.195027599596064,8.58886177163757,-0.0138158761642524,0.195027599596064,0.195027599596064,0.328571176002235,0.606928755027222,0.606928755027222,0,0,0,0,0,0,0,0,0,0,0,0,0,1,135,0,0,0,0,0,0,0
0.135,0.523598775598299,0.203607911994534,8.56999688272142,-0.0337841583189498,0.203607911994534,0.203607911994534,0.319990863603765,0.584377004237936,0.584377004237936,0,0,0,0,0,0,0,0,0,0,0,0,0,1,136,0,0,0,0,0,0,0
0.136,0.523598775598299,0.21216414134457,8.54079187781778,-0.0526819290216796,0.21216414134457,0.21216414134457,0.311434634253729,0.562227361961358,0.562227361961358,0,0,0,0,0,0,0,0,0,0,0,0,0,1,137,0,0,0,0,0,0,0
0.137,0.523598775598299,0.220686234258944,8.50181788542155,-0.0705346200891286,0.220686234258944,0.220686234258944,0.302912541339355,0.540493145274213,0.540493145274213,0,0,0,0,0,0,0,0,0,0,0,0,0,1,138,0,0,0,0,0,0,0
0.138,0.523598775598299,0.229164701458619,8.45363196017353,-0.087368059965637,0.229164701458619,0.229164701458619,0.294434074139679,0.51918627234832,0.51918627234832,0,0,0,0,0,0,0,0,0,0,0,0,0,1,139,0,0,0,0,0,0,0
0.139,0.523598775598299,0.237590603604395,8.39677689982097,-0.103208406661289,0.237590603604395,0.237590603604395,0.286008171993904,0.498317317925084,0.498317317925084,0,0,0,0,0,0,0,0,0,0,0,0,0,1,140,0,0,0,0,0,0,0
0.14,0.523598775598299,0.245955536963099,8.33178109701805,-0.118082084462391,0.245955536963099,0.245955536963099,0.2776432386352,0.477895568057069,0.477895568057069,0,0,0,0,0,0,0,0,0,0,0,0,0,1,141,0,0,0,0,0,0,0
0.141,0.523598775598299,0.254251618942189,8.25915842402875,-0.132015724067534,0.254251618942189,0.254251618942189,0.269347156656109,0.457929074062119,0.457929074062119,0,0,0,0,0,0,0,0,0,0,0,0,0,1,142,0,0,0,0,0,0,0
0.142,0.523598775598299,0.262471473524758,8.17940814855164,-0.145036105905011,0.262471473524758,0.262471473524758,0.261127302073541,0.438424705640471,0.438424705640471,0,0,0,0,0,0,0,0,0,0,0,0,0,1,143,0,0,0,0,0,0,0
0.143,0.523598775598299,0.270608216635225,8.09301487899886,-0.157170106452551,0.270608216635225,0.270608216635225,0.252990558963074,0.419388203109803,0.419388203109803,0,0,0,0,0,0,0,0,0,0,0,0,0,1,144,0,0,0,0,0,0,0
0.144,0.523598775598299,0.278655441464376,8.00044853764641,-0.168444647421755,0.278655441464376,0.278655441464376,0.244943334133923,0.4008242287174,0.4008242287174,0,0,0,0,0,0,0,0,0,0,0,0,0,1,145,0,0,0,0,0,0,0
0.145,0.523598775598299,0.286607203780849,7.90216436013967,-0.17888664769574,0.286607203780849,0.286607203780849,0.23699157181745,0.382736416992539,0.382736416992539,0,0,0,0,0,0,0,0,0,0,0,0,0,1,146,0,0,0,0,0,0,0
0.146,0.523598775598299,0.294458007254695,7.79860291989398,-0.188522977924989,0.294458007254695,0.294458007254695,0.229140768343604,0.365127424105951,0.365127424105951,0,0,0,0,0,0,0,0,0,0,0,0,0,1,147,0,0,0,0,0,0,0
0.147,0.523598775598299,0.302202788817197,7.69019017597904,-0.197380417696722,0.302202788817197,0.302202788817197,0.221395986781102,0.347998976206747,0.347998976206747,0,0,0,0,0,0,0,0,0,0,0,0,0,1,148,0,0,0,0,0,0,0
0.148,0.523598775598299,0.309836904079742,7.57733754311964,-0.205485615199539,0.309836904079742,0.309836904079742,0.213761871518557,0.331351916710576,0.331351916710576,0,0,0,0,0,0,0,0,0,0,0,0,0,1,149,0,0,0,0,0,0,0
0.149,0.523598775598299,0.317356112833201,7.46044198248739,-0.212865049309063,0.317356112833201,0.317356112833201,0.206242662765097,0.315186252516008,0.315186252516008,0,0,0,0,0,0,0,0,0,0,0,0,0,1,150,0,0,0,0,0,0,0
0.15,0.523598775598299,0.324756564647956,7.33988611199759,-0.219544994022825,0.324756564647956,0.324756564647956,0.198842210950343,0.299501199129202,0.299501199129202,0,0,0,0,0,0,0,0,0,0,0,0,0,1,151,0,0,0,0,0,0,0
0.151,0.523598775598299,0.332034784593451,7.21603833486407,-0.225551485174134,0.332034784593451,0.332034784593451,0.191563991004848,0.284295224679868,0.284295224679868,0,0,0,0,0,0,0,0,0,0,0,0,0,1,152,0,0,0,0,0,0,0
0.152,0.523598775598299,0.339187659094934,7.08925298520318,-0.230910289355735,0.339187659094934,0.339187659094934,0.184411116503364,0.269566092814312,0.269566092814312,0,0,0,0,0,0,0,0,0,0,0,0,0,1,153,0,0,0,0,0,0,0
0.153,0.523598775598299,0.346212421943824,6.95987048951525,-0.235646874984695,0.346212421943824,0.346212421943824,0.177386353654474,0.255310904454038,0.255310904454038,0,0,0,0,0,0,0,0,0,0,0,0,0,1,154,0,0,0,0,0,0,0
0.154,0.523598775598299,0.353106640477031,6.8282175429096,-0.239786385440538,0.353106640477031,0.353106640477031,0.170492135121268,0.241526138410923,0.241526138410923,0,0,0,0,0,0,0,0,0,0,0,0,0,1,155,0,0,0,0,0,0,0
0.155,0.523598775598299,0.359868201939412,6.69460729897545,-0.243353614209058,0.359868201939412,0.359868201939412,0.163730573658886,0.228207690852388,0.228207690852388,0,0,0,0,0,0,0,0,0,0,0,0,0,1,156,0,0,0,0,0,0,0
0.156,0.523598775598299,0.36649530004248,6.55933957223839,-0.246372981964737,0.36649530004248,0.36649530004248,0.157103475555819,0.215350913612295,0.215350913612295,0,0,0,0,0,0,0,0,0,0,0,0,0,1,157,0,0,0,0,0,0,0
0.157,0.523598775598299,0.372986421731426,6.42270105217802,-0.248868515525155,0.372986421731426,0.372986421731426,0.150612353866872,0.202950651345481,0.202950651345481,0,0,0,0,0,0,0,0,0,0,0,0,0,1,158,0,0,0,0,0,0,0
0.158,0.523598775598299,0.37934033417154,6.28496552781871,-0.250863828611288,0.37934033417154,0.37934033417154,0.144258441426759,0.191001277525903,0.191001277525903,0,0,0,0,0,0,0,0,0,0,0,0,0,1,159,0,0,0,0,0,0,0
0.159,0.523598775598299,0.385556071964093,6.14639412194099,-0.252382104348206,0.385556071964093,0.385556071964093,0.138042703634206,0.179496729290311,0.179496729290311,0,0,0,0,0,0,0,0,0,0,0,0,0,1,160,0,0,0,0,0,0,0
0.16,0.523598775598299,0.391632924600873,6.00723553399676,-0.253446079441286,0.391632924600873,0.391632924600873,0.131965850997426,0.168430541131233,0.168430541131233,0,0,0,0,0,0,0,0,0,0,0,0,0,1,161,0,0,0,0,0,0,0
0.161,0.523598775598299,0.397570424165607,5.86772629084638,-0.254078029963802,0.397570424165607,0.397570424165607,0.126028351432692,0.157795877444771,0.157795877444771,0,0,0,0,0,0,0,0,0,0,0,0,0,1,162,0,0,0,0,0,0,0
0.162,0.523598775598299,0.403368333289688,5.72809100447035,-0.254299758692499,0.403368333289688,0.403368333289688,0.120230442308611,0.147585563940343,0.147585563940343,0,0,0,0,0,0,0,0,0,0,0,0,0,1,163,0,0,0,0,0,0,0
0.163,0.523598775598299,0.409026633368747,5.58854263584245,-0.254132583928592,0.409026633368747,0.409026633368747,0.114572142229551,0.137792117921064,0.137792117921064,0,0,0,0,0,0,0,0,0,0,0,0,0,1,164,0,0,0,0,0,0,0
0.164,0.523598775598299,0.414545513045867,5.44928276418499,-0.253597329742536,0.414545513045867,0.414545513045867,0.109053262552432,0.12840777744486,0.12840777744486,0,0,0,0,0,0,0,0,0,0,0,0,0,1,165,0,0,0,0,0,0,0
0.165,0.523598775598299,0.419925356966416,5.3105018608598,-0.252714317581835,0.419925356966416,0.419925356966416,0.103673418631883,0.119424529377771,0.119424529377771,0,0,0,0,0,0,0,0,0,0,0,0,0,1,166,0,0,0,0,0,0,0
0.166,0.523598775598299,0.425166734808806,5.17237956718151,-0.251503359182174,0.425166734808806,0.425166734808806,0.0984320407894929,0.11083413635214,0.11083413635214,0,0,0,0,0,0,0,0,0,0,0,0,0,1,167,0,0,0,0,0,0,0
0.167,0.523598775598299,0.430270390594726,5.03508497547135,-0.249983750723175,0.430270390594726,0.430270390594726,0.0933283850035725,0.102628162643558,0.102628162643558,0,0,0,0,0,0,0,0,0,0,0,0,0,1,168,0,0,0,0,0,0,0
0.168,0.523598775598299,0.435237232281788,4.89877691270157,-0.248174268171176,0.435237232281788,0.435237232281788,0.0883615433165104,0.0947979989814731,0.0947979989814731,0,0,0,0,0,0,0,0,0,0,0,0,0,1,169,0,0,0,0,0,0,0
0.169,0.523598775598299,0.440068321640847,4.76360422611119,-0.246093163752551,0.440068321640847,0.440068321640847,0.0835304539574521,0.087334886309418,0.087334886309418,0,0,0,0,0,0,0,0,0,0,0,0,0,1,170,0,0,0,0,0,0,0
0.17,0.523598775598299,0.444764864419675,4.62970607020414,-0.243758163502229,0.444764864419675,0.444764864419675,0.078833911178624,0.0802299385116552,0.0802299385116552,0,0,0,0,0,0,0,0,0,0,0,0,0,1,171,0,0,0,0,0,0,0
0.171,0.523598775598299,0.449328200794098,4.49721219457029,-0.241186465833282,0.449328200794098,0.449328200794098,0.0742705748042013,0.0734741641239259,0.0734741641239259,0,0,0,0,0,0,0,0,0,0,0,0,0,1,172,0,0,0,0,0,0,0
0.172,0.523598775598299,0.453759796107132,4.36624323199917,-0.238394741074629,0.453759796107132,0.453759796107132,0.0698389794911668,0.0670584870467105,0.0670584870467105,0,0,0,0,0,0,0,0,0,0,0,0,0,1,173,0,0,0,0,0,0,0
0.173,0.523598775598299,0.458061231896179,4.23691098638395,-0.235399131925176,0.458061231896179,0.458061231896179,0.06553754370212,0.0609737662801109,0.0609737662801109,0,0,0,0,0,0,0,0,0,0,0,0,0,1,174,0,0,0,0,0,0,0
0.174,0.523598775598299,0.462234197207813,4.1093187199412,-0.232215254773934,0.462234197207813,0.462234197207813,0.0613645783904855,0.0552108147000697,0.0552108147000697,0,0,0,0,0,0,0,0,0,0,0,0,0,1,175,0,0,0,0,0,0,0
0.175,0.523598775598299,0.466280480199266,3.98356143929862,-0.228858201836961,0.466280480199266,0.466280480199266,0.0573182953990324,0.0497604168961997,0.0497604168961997,0,0,0,0,0,0,0,0,0,0,0,0,0,1,176,0,0,0,0,0,0,0
0.176,0.523598775598299,0.470201960025251,3.85972618002935,-0.225342544063238,0.470201960025251,0.470201960025251,0.0533968155730478,0.044613346091973,0.044613346091973,0,0,0,0,0,0,0,0,0,0,0,0,0,1,177,0,0,0,0,0,0,0
0.177,0.523598775598299,0.474000599008379,3.73789228923654,-0.221682334762887,0.474000599008379,0.474000599008379,0.0495981765899197,0.0397603801684505,0.0397603801684505,0,0,0,0,0,0,0,0,0,0,0,0,0,1,178,0,0,0,0,0,0,0
0.178,0.523598775598299,0.477678435091033,3.61813170581705,-0.217891113912479,0.477678435091033,0.477678435091033,0.0459203405072661,0.0351923168130888,0.0351923168130888,0,0,0,0,0,0,0,0,0,0,0,0,0,1,179,0,0,0,0,0,0,0
0.179,0.523598775598299,0.481237574566193,3.500509238057,-0.213981913093432,0.481237574566193,0.481237574566193,0.0423612010321056,0.0308999878154796,0.0308999878154796,0,0,0,0,0,0,0,0,0,0,0,0,0,1,180,0,0,0,0,0,0,0
0.18,0.523598775598299,0.484680185084395,3.38508283823505,-0.209967261020874,0.484680185084395,0.484680185084395,0.0389185905139035,0.0268742725321228,0.0268742725321228,0,0,0,0,0,0,0,0,0,0,0,0,0,1,181,0,0,0,0,0,0,0
0.181,0.523598775598299,0.488008488933662,3.2719038739323,-0.205859189621627,0.488008488933662,0.488008488933662,0.0355902866646372,0.0231061105425472,0.0231061105425472,0,0,0,0,0,0,0,0,0,0,0,0,0,1,182,0,0,0,0,0,0,0
0.182,0.523598775598299,0.491224756588983,3.16101739576918,-0.201669240621289,0.491224756588983,0.491224756588983,0.0323740190093155,0.0195865135192382,0.0195865135192382,0,0,0,0,0,0,0,0,0,0,0,0,0,1,183,0,0,0,0,0,0,0
0.183,0.523598775598299,0.494331300527643,3.05246240131119,-0.1974084726017,0.494331300527643,0.494331300527643,0.0292674750706562,0.0163065763339516,0.0163065763339516,0,0,0,0,0,0,0,0,0,0,0,0,0,1,184,0,0,0,0,0,0,0
0.184,0.523598775598299,0.497330469306425,2.9462720949056,-0.193087468491398,0.497330469306425,0.497330469306425,0.0262683062918735,0.0132574874230475,0.0132574874230475,0,0,0,0,0,0,0,0,0,0,0,0,0,1,185,0,0,0,0,0,0,0
0.185,0.523598775598299,0.500224641896544,2.84247414323104,-0.188716343452936,0.500224641896544,0.500224641896544,0.0233741337017552,0.0104305384345091,0.0104305384345091,0,0,0,0,0,0,0,0,0,0,0,0,0,1,186,0,0,0,0,0,0,0
0.186,0.523598775598299,0.503016222271882,2.74109092636115,-0.18430475313226,0.503016222271882,0.503016222271882,0.0205825533264171,0.00781713317928982,0.00781713317928982,0,0,0,0,0,0,0,0,0,0,0,0,0,1,187,0,0,0,0,0,0,0
0.187,0.523598775598299,0.505707634245985,2.64213978416144,-0.179861902236584,0.505707634245985,0.505707634245985,0.0178911413523134,0.00540879590958355,0.00540879590958355,0,0,0,0,0,0,0,0,0,0,0,0,0,1,188,0,0,0,0,0,0,0
0.188,0.523598775598299,0.508301316553047,2.5456332578565,-0.175396553408495,0.508301316553047,0.508301316553047,0.0152974590452523,0.00319717894651906,0.00319717894651906,0,0,0,0,0,0,0,0,0,0,0,0,0,1,189,0,0,0,0,0,0,0
0.189,0.523598775598299,0.510799718167979,2.45157932662156,-0.170917036365241,0.510799718167979,0.510799718167979,0.0127990574303198,0.0011740696796578,0.0011740696796578,0,0,0,0,0,0,0,0,0,0,0,0,0,1,190,0,0,0,0,0,0,0
0.19,0.523598775598299,0.513205293860543,2.35998163906875,-0.166431257273423,0.513205293860543,0.513205293860543,0.0103934817377562,-0.000668603039470878,-0.000668603039470878,0,0,0,0,0,0,0,0,0,0,0,0,0,1,191,0,0,0,0,0,0,0
0.191,0.523598775598299,0.515520499978353,2.27083973951392,-0.161946708330499,0.515520499978353,0.515520499978353,0.00807827561994556,-0.00233876308775706,-0.00233876308775706,0,0,0,0,0,0,0,0,0,0,0,0,0,1,192,0,0,0,0,0,0,0
0.192,0.523598775598299,0.517747790453508,2.18414928892513,-0.157470477525727,0.517747790453508,0.517747790453508,0.00585098514479099,-0.00384418182298074,-0.00384418182298074,0,0,0,0,0,0,0,0,0,0,0,0,0,1,193,0,0,0,0,0,0,0
0.193,0.523598775598299,0.519889613027463,2.09990228046792,-0.153009258554348,0.519889613027463,0.519889613027463,0.00370916257083631,-0.00519247337676596,-0.00519247337676596,0,0,0,0,0,0,0,0,0,0,0,0,0,1,194,0,0,0,0,0,0,0
0.194,0.523598775598299,0.521948405688725,2.01808724957655,-0.14856936085997,0.521948405688725,0.521948405688725,0.00165036990957423,-0.00639109046667464,-0.00639109046667464,0,0,0,0,0,0,0,0,0,0,0,0,0,1,195,0,0,0,0,0,0,0
0.195,0.523598775598299,0.523926593317854,1.93868947849322,-0.144156719781267,0.523926593317854,0.523926593317854,-0.000327817719555257,-0.00744732070638134,-0.00744732070638134,0,0,0,0,0,0,0,0,0,0,0,0,0,1,196,0,0,0,0,0,0,0
0.196,0.523598775598299,0.525826584534219,1.86169119522978,-0.139776906780203,0.525826584534219,0.525826584534219,-0.00222780893591978,-0.00836828339316562,-0.00836828339316562,0,0,0,0,0,0,0,0,0,0,0,0,0,1,197,0,0,0,0,0,0,0
0.197,0.523598775598299,0.527650768738907,1.78707176691845,-0.135435139730117,0.527650768738907,0.527650768738907,-0.00405199314060833,-0.0091609267522838,-0.0091609267522838,0,0,0,0,0,0,0,0,0,0,0,0,0,1,198,0,0,0,0,0,0,0
0.198,0.523598775598299,0.529401513348179,1.71480788752929,-0.131136293243047,0.529401513348179,0.529401513348179,-0.00580273774988005,-0.00983202561811463,-0.00983202561811463,0,0,0,0,0,0,0,0,0,0,0,0,0,1,199,0,0,0,0,0,0,0
0.199,0.523598775598299,0.531081161211808,1.64487375994281,-0.12688490901676,0.531081161211808,0.531081161211808,-0.007482385613509,-0.01038817953233,-0.01038817953233,0,0,0,0,0,0,0,0,0,0,0,0,0,1,200,0,0,0,0,0,0,0
0.2,0.523598775598299,0.532692028210677,1.57724127237627,-0.122685206182933,0.532692028210677,0.532692028210677,-0.00909325261237781,-0.0108358112397049,-0.0108358112397049,0,0,0,0,0,0,0,0,0,0,0,0,0,1,201,0,0,0,0,0,0,0
0.201,0.523598775598299,0.534236401027976,1.51188016917205,-0.118541091638991,0.534236401027976,0.534236401027976,-0.0106376254296775,-0.011181165562563,-0.011181165562563,0,0,0,0,0,0,0,0,0,0,0,0,0,1,202,0,0,0,0,0,0,0
0.202,0.523598775598299,0.535716535088383,1.44875821596512,-0.114456170347023,0.535716535088383,0.535716535088383,-0.0121177594900838,-0.0114303086352447,-0.0114303086352447,0,0,0,0,0,0,0,0,0,0,0,0,0,1,203,0,0,0,0,0,0,0
0.203,0.523598775598299,0.537134652659599,1.38784135925559,-0.110433755584205,0.537134652659599,0.537134652659599,-0.0135358770613003,-0.0115891274803853,-0.0115891274803853,0,0,0,0,0,0,0,0,0,0,0,0,0,1,204,0,0,0,0,0,0,0
0.204,0.523598775598299,0.53849294111069,1.32909388042019,-0.106476879130049,0.53849294111069,0.53849294111069,-0.0148941655123909,-0.0116633299092,-0.0116633299092,0,0,0,0,0,0,0,0,0,0,0,0,0,1,205,0,0,0,0,0,0,0
0.205,0.523598775598299,0.539793551321659,1.27247854420397,-0.102588301376714,0.539793551321659,0.539793551321659,-0.0161947757233598,-0.011658444728398,-0.011658444728398,0,0,0,0,0,0,0,0,0,0,0,0,0,1,206,0,0,0,0,0,0,0
0.206,0.523598775598299,0.541038596238783,1.21795674174081,-0.0987705213494892,0.541038596238783,0.541038596238783,-0.0174398206404841,-0.0115798222367602,-0.0115798222367602,0,0,0,0,0,0,0,0,0,0,0,0,0,1,207,0,0,0,0,0,0,0
0.207,0.523598775598299,0.542230149570251,1.16548862815786,-0.0950257866254077,0.542230149570251,0.542230149570251,-0.0186313739719525,-0.0114326349948553,-0.0114326349948553,0,0,0,0,0,0,0,0,0,0,0,0,0,1,208,0,0,0,0,0,0,0
0.208,0.523598775598299,0.543370244616726,1.11503325482494,-0.091356103138779,0.543370244616726,0.543370244616726,-0.0197714690184267,-0.0112218788518016,-0.0112218788518016,0,0,0,0,0,0,0,0,0,0,0,0,0,1,209,0,0,0,0,0,0,0
0.209,0.523598775598299,0.544460873231501,1.06654869631608,-0.0877632448632171,0.544460873231501,0.544460873231501,-0.0208620976332025,-0.0109523742134184,-0.0109523742134184,0,0,0,0,0,0,0,0,0,0,0,0,0,1,210,0,0,0,0,0,0,0
0.21,0.523598775598299,0.545503984905016,1.01999217215537,-0.0842487633605247,0.545503984905016,0.545503984905016,-0.0219052093067172,-0.0106287675365541,-0.0106287675365541,0,0,0,0,0,0,0,0,0,0,0,0,0,1,211,0,0,0,0,0,0,0
0.211,0.523598775598299,0.546501485968527,0.975320163424174,-0.080813997187535,0.546501485968527,0.546501485968527,-0.0229027103702284,-0.010255533034818,-0.010255533034818,0,0,0,0,0,0,0,0,0,0,0,0,0,1,212,0,0,0,0,0,0,0
0.212,0.523598775598299,0.547455238911862,0.932488524311464,-0.0774600811527368,0.547455238911862,0.547455238911862,-0.0238564633135632,-0.00983697458139363,-0.00983697458139363,0,0,0,0,0,0,0,0,0,0,0,0,0,1,213,0,0,0,0,0,0,0
0.213,0.523598775598299,0.548367061810225,0.89145258869289,-0.0741879554152043,0.548367061810225,0.548367061810225,-0.0247682862119259,-0.00937722779504559,-0.00937722779504559,0,0,0,0,0,0,0,0,0,0,0,0,0,1,214,0,0,0,0,0,0,0
0.214,0.523598775598299,0.549238727855135,0.85216727182815,-0.0709983744190262,0.549238727855135,0.549238727855135,-0.025639952256836,-0.00888026229588307,-0.00888026229588307,0,0,0,0,0,0,0,0,0,0,0,0,0,1,215,0,0,0,0,0,0,0
0.215,0.523598775598299,0.550071964984659,0.814587167269476,-0.0678919156570714,0.550071964984659,0.550071964984659,-0.0264731893863606,-0.00834988411788173,-0.00834988411788173,0,0,0,0,0,0,0,0,0,0,0,0,0,1,216,0,0,0,0,0,0,0
0.216,0.523598775598299,0.5508684556082,0.778666639077152,-0.0648689882585555,0.5508684556082,0.5508684556082,-0.0272696800099013,-0.00778973826560528,-0.00778973826560528,0,0,0,0,0,0,0,0,0,0,0,0,0,1,217,0,0,0,0,0,0,0
0.217,0.523598775598299,0.55162983642119,0.744359909440708,-0.0619298413954653,0.55162983642119,0.55162983642119,-0.028031060822891,-0.00720331140300733,-0.00720331140300733,0,0,0,0,0,0,0,0,0,0,0,0,0,1,218,0,0,0,0,0,0,0
0.218,0.523598775598299,0.552357698305156,0.711621141806824,-0.0590745725034743,0.552357698305156,0.552357698305156,-0.0287589227068573,-0.0065939346626291,-0.0065939346626291,0,0,0,0,0,0,0,0,0,0,0,0,0,1,219,0,0,0,0,0,0,0
0.219,0.523598775598299,0.553053586308707,0.680404519617081,-0.0563031353135329,0.553053586308707,0.553053586308707,-0.0294548107104087,-0.00596478656392987,-0.00596478656392987,0,0,0,0,0,0,0,0,0,0,0,0,0,1,220,0,0,0,0,0,0,0
0.22,0.523598775598299,0.553718999705107,0.650664320760533,-0.0536153476908394,0.553718999705107,0.553718999705107,-0.0301202241068083,-0.00531889602992895,-0.00531889602992895,0,0,0,0,0,0,0,0,0,0,0,0,0,1,221,0,0,0,0,0,0,0
0.221,0.523598775598299,0.5543553921222,0.622354987847598,-0.0510108992784066,0.5543553921222,0.5543553921222,-0.0307566165239015,-0.00465914549174255,-0.00465914549174255,0,0,0,0,0,0,0,0,0,0,0,0,0,1,222,0,0,0,0,0,0,0
0.222,0.523598775598299,0.554964171740572,0.595431194413052,-0.0484893589429146,0.554964171740572,0.554964171740572,-0.0313653961422727,-0.00398827407102523,-0.00398827407102523,0,0,0,0,0,0,0,0,0,0,0,0,0,1,223,0,0,0,0,0,0,0
0.223,0.523598775598299,0.555546701555915,0.569847907156935,-0.0460501820210026,0.555546701555915,0.555546701555915,-0.0319479259576158,-0.00330888083073422,-0.00330888083073422,0,0,0,0,0,0,0,0,0,0,0,0,0,1,224,0,0,0,0,0,0,0
0.224,0.523598775598299,0.556104299701708,0.545560444332978,-0.0436927173645881,0.556104299701708,0.556104299701708,-0.0325055241034089,-0.00262342808503391,-0.00262342808503391,0,0,0,0,0,0,0,0,0,0,0,0,0,1,225,0,0,0,0,0,0,0
0.225,0.523598775598299,0.556638239828397,0.522524530394696,-0.0414162141842178,0.556638239828397,0.556638239828397,-0.0330394642300981,-0.00193424475955942,-0.00193424475955942,0,0,0,0,0,0,0,0,0,0,0,0,0,1,226,0,0,0,0,0,0,0
0.226,0.523598775598299,0.557149751535401,0.500696347009665,-0.0392198286898471,0.557149751535401,0.557149751535401,-0.0335509759371021,-0.00124352979365411,-0.00124352979365411,0,0,0,0,0,0,0,0,0,0,0,0,0,1,227,0,0,0,0,0,0,0
0.227,0.523598775598299,0.55764002085236,0.480032580552615,-0.0371026305288252,0.55764002085236,0.55764002085236,-0.0340412452540612,-0.000553355576565995,-0.000553355576565995,0,0,0,0,0,0,0,0,0,0,0,0,0,1,228,0,0,0,0,0,0,0
0.228,0.523598775598299,0.558110190766163,0.460490466187942,-0.0350636090212093,0.558110190766163,0.558110190766163,-0.0345114151678637,0.000134328590022936,0.000134328590022936,0,0,0,0,0,0,0,0,0,0,0,0,0,1,229,0,0,0,0,0,0,0
0.229,0.523598775598299,0.558561361790397,0.442027828651971,-0.0331016791928732,0.558561361790397,0.558561361790397,-0.0349625861920984,0.000817693010391057,0.000817693010391057,0,0,0,0,0,0,0,0,0,0,0,0,0,1,230,0,0,0,0,0,0,0
0.23,0.523598775598299,0.55899459257398,0.424603119844929,-0.0312156876071893,0.55899459257398,0.55899459257398,-0.0353958169756816,0.00149502410100469,0.00149502410100469,0,0,0,0,0,0,0,0,0,0,0,0,0,1,231,0,0,0,0,0,0,0
0.231,0.523598775598299,0.559410900545828,0.408175453341968,-0.0294044179963584,0.559410900545828,0.559410900545828,-0.0358121249475294,0.00216472089111645,0.00216472089111645,0,0,0,0,0,0,0,0,0,0,0,0,0,1,232,0,0,0,0,0,0,0
0.232,0.523598775598299,0.559811262592543,0.392704635931899,-0.0276665966937458,0.559811262592543,0.559811262592543,-0.0362124869942441,0.00282529152393955,0.00282529152393955,0,0,0,0,0,0,0,0,0,0,0,0,0,1,233,0,0,0,0,0,0,0
0.233,0.523598775598299,0.560196615766198,0.378151196291374,-0.026000897868841,0.560196615766198,0.560196615766198,-0.0365978401678988,0.00347534976426202,0.00347534976426202,0,0,0,0,0,0,0,0,0,0,0,0,0,1,234,0,0,0,0,0,0,0
0.234,0.523598775598299,0.560567858019407,0.364476410901297,-0.0244059485667044,0.560567858019407,0.560567858019407,-0.0369690824211085,0.00411361151803526,0.00411361151803526,0,0,0,0,0,0,0,0,0,0,0,0,0,1,235,0,0,0,0,0,0,0
0.235,0.523598775598299,0.560925848964982,0.35164232731106,-0.0228803335539948,0.560925848964982,0.560925848964982,-0.0373270733666827,0.0047388913691517,0.0047388913691517,0,0,0,0,0,0,0,0,0,0,0,0,0,1,236,0,0,0,0,0,0,0
0.236,0.523598775598299,0.561271410657558,0.339611784855007,-0.0214225999738828,0.561271410657558,0.561271410657558,-0.0376726350592592,0.0053500991383184,0.0053500991383184,0,0,0,0,0,0,0,0,0,0,0,0,0,1,237,0,0,0,0,0,0,0
0.237,0.523598775598299,0.561605328394724,0.328348432924123,-0.0200312618123517,0.561605328394724,0.561605328394724,-0.0380065527964247,0.00594623646862101,0.00594623646862101,0,0,0,0,0,0,0,0,0,0,0,0,0,1,238,0,0,0,0,0,0,0
0.238,0.523598775598299,0.561928351535224,0.317816746894515,-0.0187048041785746,0.561928351535224,0.561928351535224,-0.0383295759369253,0.0065263934420938,0.0065263934420938,0,0,0,0,0,0,0,0,0,0,0,0,0,1,239,0,0,0,0,0,0,0
0.239,0.523598775598299,0.562241194331976,0.307982041812692,-0.0174416874022185,0.562241194331976,0.562241194331976,-0.0386424187336776,0.00708974523130479,0.00708974523130479,0,0,0,0,0,0,0,0,0,0,0,0,0,1,240,0,0,0,0,0,0,0
0.24,0.523598775598299,0.562544536777682,0.298810483936022,-0.0162403509506849,0.562544536777682,0.562544536777682,-0.0389457611793829,0.00763554878971055,0.00763554878971055,0,0,0,0,0,0,0,0,0,0,0,0,0,1,241,0,0,0,0,0,0,0
0.241,0.523598775598299,0.56283902546095,0.290269100225021,-0.0150992171694359,0.56283902546095,0.56283902546095,-0.0392402498626508,0.008163139584249,0.008163139584249,0,0,0,0,0,0,0,0,0,0,0,0,0,1,242,0,0,0,0,0,0,0
0.242,0.523598775598299,0.563125274430929,0.28232578588236,-0.0140166948486812,0.563125274430929,0.563125274430929,-0.0395264988326306,0.00867192837338893,0.00867192837338893,0,0,0,0,0,0,0,0,0,0,0,0,0,1,243,0,0,0,0,0,0,0
0.243,0.523598775598299,0.563403866068542,0.274949310031621,-0.0129911826198195,0.563403866068542,0.563403866068542,-0.0398050904702428,0.00916139803360135,0.00916139803360135,0,0,0,0,0,0,0,0,0,0,0,0,0,1,244,0,0,0,0,0,0,0
0.244,0.523598775598299,0.563675351962498,0.268109319626928,-0.0120210721851283,0.563675351962498,0.563675351962498,-0.0400765763641991,0.00963110043697345,0.00963110043697345,0,0,0,0,0,0,0,0,0,0,0,0,0,1,245,0,0,0,0,0,0,0
0.245,0.523598775598299,0.563940253788382,0.261776341682642,-0.0111047513842906,0.563940253788382,0.563940253788382,-0.0403414781900828,0.0100806533824573,0.0100806533824573,0,0,0,0,0,0,0,0,0,0,0,0,0,1,246,0,0,0,0,0,0,0
0.246,0.523598775598299,0.564199064189156,0.255921783910281,-0.0102406071014255,0.564199064189156,0.564199064189156,-0.0406002885908571,0.010509737583011,0.010509737583011,0,0,0,0,0,0,0,0,0,0,0,0,0,1,247,0,0,0,0,0,0,0
0.247,0.523598775598299,0.564452247655547,0.250517933847827,-0.00942702801636246,0.564452247655547,0.564452247655547,-0.0408534720572482,0.0109180937106862,0.0109180937106862,0,0,0,0,0,0,0,0,0,0,0,0,0,1,248,0,0,0,0,0,0,0
0.248,0.523598775598299,0.564700241404838,0.245537956564471,-0.00866240720395735,0.564700241404838,0.564700241404838,-0.0411014658065393,0.0113055195014942,0.0113055195014942,0,0,0,0,0,0,0,0,0,0,0,0,0,1,249,0,0,0,0,0,0,0
0.249,0.523598775598299,0.564943456256689,0.240955891021789,-0.00794514458529826,0.564943456256689,0.564943456256689,-0.0413446806583906,0.0116718669216901,0.0116718669216901,0,0,0,0,0,0,0,0,0,0,0,0,0,1,250,0,0,0,0,0,0,0
0.25,0.523598775598299,0.565182277504681,0.236746645170185,-0.00727364923469377,0.565182277504681,0.565182277504681,-0.0415835019063819,0.0120170393969204,0.0120170393969204,0,0,0,0,0,0,0,0,0,0,0,0,0,1,251,0,0,0,0,0,0,0
0.251,0.523598775598299,0.56541706578235,0.232885989857328,-0.00664634154636476,0.56541706578235,0.56541706578235,-0.0418182901840509,0.0123409891054957,0.0123409891054957,0,0,0,0,0,0,0,0,0,0,0,0,0,1,252,0,0,0,0,0,0,0
0.252,0.523598775598299,0.565648157922577,0.229350551623132,-0.00606165526478733,0.565648157922577,0.565648157922577,-0.0420493823242778,0.0126437143368691,0.0126437143368691,0,0,0,0,0,0,0,0,0,0,0,0,0,1,253,0,0,0,0,0,0,0
0.253,0.523598775598299,0.565875867809236,0.226117804453685,-0.00551803938265054,0.565875867809236,0.565875867809236,-0.0422770922109377,0.0129252569162413,0.0129252569162413,0,0,0,0,0,0,0,0,0,0,0,0,0,1,254,0,0,0,0,0,0,0
0.254,0.523598775598299,0.566100487220115,0.223166060564357,-0.00501395991039965,0.566100487220115,0.566100487220115,-0.0425017116218163,0.0131856996960428,0.0131856996960428,0,0,0,0,0,0,0,0,0,0,0,0,0,1,255,0,0,0,0,0,0,0
0.255,0.523598775598299,0.56632228666015,0.220474460280156,-0.0045479015213387,0.56632228666015,0.56632228666015,-0.0427235110618511,0.0134251641148966,0.0134251641148966,0,0,0,0,0,0,0,0,0,0,0,0,0,1,256,0,0,0,0,0,0,0
0.256,0.523598775598299,0.566541516184129,0.218022961079219,-0.00411836907625957,0.566541516184129,0.566541516184129,-0.0429427405858304,0.013643807824513,0.013643807824513,0,0,0,0,0,0,0,0,0,0,0,0,0,1,257,0,0,0,0,0,0,0
0.257,0.523598775598299,0.566758406208041,0.215792325863192,-0.00372388903155425,0.566758406208041,0.566758406208041,-0.0431596306097422,0.0138418223848347,0.0138418223848347,0,0,0,0,0,0,0,0,0,0,0,0,0,1,258,0,0,0,0,0,0,0
0.258,0.523598775598299,0.566973168308333,0.213764110516083,-0.00336301073474765,0.566973168308333,0.566973168308333,-0.0433743927100344,0.0140194310276138,0.0140194310276138,0,0,0,0,0,0,0,0,0,0,0,0,0,1,259,0,0,0,0,0,0,0
0.259,0.523598775598299,0.567185996008401,0.21192065081104,-0.00303430761136609,0.567185996008401,0.567185996008401,-0.043587220410102,0.0141768864884792,0.0141768864884792,0,0,0,0,0,0,0,0,0,0,0,0,0,1,260,0,0,0,0,0,0,0
0.26,0.523598775598299,0.567397065551678,0.210245048722391,-0.00273637824702683,0.567397065551678,0.567397065551678,-0.0437982899533792,0.0143144689074311,0.0143144689074311,0,0,0,0,0,0,0,0,0,0,0,0,0,1,261,0,0,0,0,0,0,0
0.261,0.523598775598299,0.567606536660768,0.208721158198174,-0.00246784736860126,0.567606536660768,0.567606536660768,-0.0440077610624694,0.0144324837975943,0.0144324837975943,0,0,0,0,0,0,0,0,0,0,0,0,0,1,262,0,0,0,0,0,0,0
0.262,0.523598775598299,0.567814553282099,0.207333570446299,-0.00222736672826443,0.567814553282099,0.567814553282099,-0.0442157776838003,0.0145312600819464,0.0145312600819464,0,0,0,0,0,0,0,0,0,0,0,0,0,1,263,0,0,0,0,0,0,0
0.263,0.523598775598299,0.568021244315642,0.206067598785437,-0.00201361589420241,0.568021244315642,0.568021244315642,-0.044422468717343,0.0146111481976466,0.0146111481976466,0,0,0,0,0,0,0,0,0,0,0,0,0,1,264,0,0,0,0,0,0,0
0.264,0.523598775598299,0.568226724329284,0.204909263109681,-0.00182530295170066,0.568226724329284,0.568226724329284,-0.0446279487309853,0.0146725182674914,0.0146725182674914,0,0,0,0,0,0,0,0,0,0,0,0,0,1,265,0,0,0,0,0,0,0
0.265,0.523598775598299,0.568431094257495,0.20384527401404,-0.00166116511828657,0.568431094257495,0.568431094257495,-0.0448323186591958,0.0147157583379383,0.0147157583379383,0,0,0,0,0,0,0,0,0,0,0,0,0,1,266,0,0,0,0,0,0,0
0.266,0.523598775598299,0.568634442083962,0.202863016625819,-0.00151996927654574,0.568634442083962,0.568634442083962,-0.045035666485663,0.0147412726830564,0.0147412726830564,0,0,0,0,0,0,0,0,0,0,0,0,0,1,267,0,0,0,0,0,0,0
0.267,0.523598775598299,0.568836843507936,0.201950534185023,-0.00140051242817331,0.568836843507936,0.568836843507936,-0.0452380679096375,0.0147494801736844,0.0147494801736844,0,0,0,0,0,0,0,0,0,0,0,0,0,1,268,0,0,0,0,0,0,0
0.268,0.523598775598299,0.569038362594044,0.201096511414989,-0.00130162207276278,0.569038362594044,0.569038362594044,-0.0454395869957447,0.0147408127110113,0.0147408127110113,0,0,0,0,0,0,0,0,0,0,0,0,0,1,269,0,0,0,0,0,0,0
0.269,0.523598775598299,0.56923905240538,0.200290257722588,-0.00122215651477015,0.56923905240538,0.56923905240538,-0.0456402768070812,0.0147157137237211,0.0147157137237211,0,0,0,0,0,0,0,0,0,0,0,0,0,1,270,0,0,0,0,0,0,0
0.27,0.523598775598299,0.56943895561974,0.199521690265472,-0.00116100510202766,0.56943895561974,0.56943895561974,-0.0458401800214416,0.0146746367277861,0.0146746367277861,0,0,0,0,0,0,0,0,0,0,0,0,0,1,271,0,0,0,0,0,0,0
0.271,0.523598775598299,0.569638105128859,0.198781316922059,-0.00111708839911409,0.569638105128859,0.569638105128859,-0.0460393295305604,0.0146180439479419,0.0146180439479419,0,0,0,0,0,0,0,0,0,0,0,0,0,1,272,0,0,0,0,0,0,0
0.272,0.523598775598299,0.569836524620589,0.198060219198165,-0.00108935829881702,0.569836524620589,0.569836524620589,-0.0462377490222901,0.0145464049998141,0.0145464049998141,0,0,0,0,0,0,0,0,0,0,0,0,0,1,273,0,0,0,0,0,0,0
0.273,0.523598775598299,0.570034229143966,0.197350035102468,-0.0010767980748548,0.570034229143966,0.570034229143966,-0.046435453545667,0.0144601956316334,0.0144601956316334,0,0,0,0,0,0,0,0,0,0,0,0,0,1,274,0,0,0,0,0,0,0
0.274,0.523598775598299,0.57023122565715,0.196642942021289,-0.00107842237895072,0.57023122565715,0.57023122565715,-0.0466324500588513,0.0143598965244216,0.0143598965244216,0,0,0,0,0,0,0,0,0,0,0,0,0,1,275,0,0,0,0,0,0,0
0.275,0.523598775598299,0.570427513558251,0.19593163962154,-0.00109327718527982,0.570427513558251,0.570427513558251,-0.0468287379599518,0.0142459921495013,0.0142459921495013,0,0,0,0,0,0,0,0,0,0,0,0,0,1,276,0,0,0,0,0,0,0
0.276,0.523598775598299,0.570623085199078,0.195209332809064,-0.00112043968523299,0.570623085199078,0.570623085199078,-0.0470243096007795,0.014118969682146,0.014118969682146,0,0,0,0,0,0,0,0,0,0,0,0,0,1,277,0,0,0,0,0,0,0
0.277,0.523598775598299,0.570817926381898,0.194469714768027,-0.00115901813536662,0.570817926381898,0.570817926381898,-0.0472191507835993,0.0139793179701472,0.0139793179701472,0,0,0,0,0,0,0,0,0,0,0,0,0,1,278,0,0,0,0,0,0,0
0.278,0.523598775598299,0.571012016839269,0.193706950105507,-0.0012081516613324,0.571012016839269,0.571012016839269,-0.0474132412409702,0.0138275265560658,0.0138275265560658,0,0,0,0,0,0,0,0,0,0,0,0,0,1,279,0,0,0,0,0,0,0
0.279,0.523598775598299,0.571205330697092,0.192915658123916,-0.00126701002050121,0.571205330697092,0.571205330697092,-0.0476065550987932,0.0136640847518982,0.0136640847518982,0,0,0,0,0,0,0,0,0,0,0,0,0,1,280,0,0,0,0,0,0,0
0.28,0.523598775598299,0.571397836921002,0.192090896242477,-0.00133479332591937,0.571397836921002,0.571397836921002,-0.0477990613227034,0.0134894807648707,0.0134894807648707,0,0,0,0,0,0,0,0,0,0,0,0,0,1,281,0,0,0,0,0,0,0
0.281,0.523598775598299,0.571589499746266,0.191228143587556,-0.00141073173415807,0.571589499746266,0.571589499746266,-0.0479907241479677,0.0133042008730639,0.0133042008730639,0,0,0,0,0,0,0,0,0,0,0,0,0,1,282,0,0,0,0,0,0,0
0.282,0.523598775598299,0.571780279091363,0.190323284770293,-0.00149408509953806,0.571780279091363,0.571780279091363,-0.048181503493064,0.0131087286495489,0.0131087286495489,0,0,0,0,0,0,0,0,0,0,0,0,0,1,283,0,0,0,0,0,0,0
0.283,0.523598775598299,0.571970130955438,0.189372593868686,-0.00158414259713449,0.571970130955438,0.571970130955438,-0.0483713553571397,0.012903544233712,0.012903544233712,0,0,0,0,0,0,0,0,0,0,0,0,0,1,284,0,0,0,0,0,0,0
0.284,0.523598775598299,0.572159007799858,0.18837271862996,-0.00168022231688861,0.572159007799858,0.572159007799858,-0.0485602322015596,0.0126891236484333,0.0126891236484333,0,0,0,0,0,0,0,0,0,0,0,0,0,1,285,0,0,0,0,0,0,0
0.285,0.523598775598299,0.572346858914074,0.187320664907886,-0.00178167083107613,0.572346858914074,0.572346858914074,-0.0487480833157752,0.0124659381617797,0.0124659381617797,0,0,0,0,0,0,0,0,0,0,0,0,0,1,286,0,0,0,0,0,0,0
0.286,0.523598775598299,0.57253363076605,0.186213781348459,-0.0018878627373053,0.57253363076605,0.57253363076605,-0.0489348551677513,0.0122344536918755,0.0122344536918755,0,0,0,0,0,0,0,0,0,0,0,0,0,1,287,0,0,0,0,0,0,0
0.287,0.523598775598299,0.572719267337509,0.185049744336255,-0.00199820017913985,0.572719267337509,0.572719267337509,-0.0491204917392104,0.0119951302536029,0.0119951302536029,0,0,0,0,0,0,0,0,0,0,0,0,0,1,288,0,0,0,0,0,0,0
0.288,0.523598775598299,0.572903710444255,0.183826543212644,-0.00211211234636854,0.572903710444255,0.572903710444255,-0.0493049348459563,0.011748421445801,0.011748421445801,0,0,0,0,0,0,0,0,0,0,0,0,0,1,289,0,0,0,0,0,0,0
0.289,0.523598775598299,0.573086900041857,0.182542465775986,-0.00222905495686523,0.573086900041857,0.573086900041857,-0.0494881244435579,0.011494773977622,0.011494773977622,0,0,0,0,0,0,0,0,0,0,0,0,0,1,290,0,0,0,0,0,0,0
0.29,0.523598775598299,0.573268774516975,0.181196084072916,-0.00234850972191115,0.573268774516975,0.573268774516975,-0.0496699989186761,0.0112346272327221,0.0112346272327221,0,0,0,0,0,0,0,0,0,0,0,0,0,1,291,0,0,0,0,0,0,0
0.291,0.523598775598299,0.573449270964632,0.17978624048883,-0.00246998379677586,0.573449270964632,0.573449270964632,-0.0498504953663335,0.0109684128699603,0.0109684128699603,0,0,0,0,0,0,0,0,0,0,0,0,0,1,292,0,0,0,0,0,0,0
0.292,0.523598775598299,0.573628325451723,0.178312034144746,-0.00259300921828327,0.573628325451723,0.573628325451723,-0.0500295498534244,0.010696554459303,0.010696554459303,0,0,0,0,0,0,0,0,0,0,0,0,0,1,293,0,0,0,0,0,0,0
0.293,0.523598775598299,0.573805873267079,0.176772807606811,-0.00271714233101377,0.573805873267079,0.573805873267079,-0.0502070976687801,0.010419467151629,0.010419467151629,0,0,0,0,0,0,0,0,0,0,0,0,0,1,294,0,0,0,0,0,0,0
0.294,0.523598775598299,0.573981849158399,0.175168133913857,-0.00284196320372731,0.573981849158399,0.573981849158399,-0.0503830735600997,0.0101375573811538,0.0101375573811538,0,0,0,0,0,0,0,0,0,0,0,0,0,1,295,0,0,0,0,0,0,0
0.295,0.523598775598299,0.574156187556371,0.173497803927572,-0.0029670750375198,0.574156187556371,0.574156187556371,-0.0505574119580725,0.00985122259919982,0.00985122259919982,0,0,0,0,0,0,0,0,0,0,0,0,0,1,296,0,0,0,0,0,0,0
0.296,0.523598775598299,0.574328822786309,0.171761814009075,-0.00309210356715908,0.574328822786309,0.574328822786309,-0.0507300471880101,0.0095608510380622,0.0095608510380622,0,0,0,0,0,0,0,0,0,0,0,0,0,1,297,0,0,0,0,0,0,0
0.297,0.523598775598299,0.574499689267621,0.169960354024919,-0.00321669645697813,0.574499689267621,0.574499689267621,-0.0509009136693225,0.00926682150372704,0.00926682150372704,0,0,0,0,0,0,0,0,0,0,0,0,0,1,298,0,0,0,0,0,0,0
0.298,0.523598775598299,0.574668721701463,0.168093795684823,-0.00334052269263982,0.574668721701463,0.574668721701463,-0.0510699461031643,0.00896950319622777,0.00896950319622777,0,0,0,0,0,0,0,0,0,0,0,0,0,1,299,0,0,0,0,0,0,0
0.299,0.523598775598299,0.574835855246884,0.166162681212769,-0.00346327197002158,0.574835855246884,0.574835855246884,-0.0512370796485851,0.00866925555644091,0.00866925555644091,0,0,0,0,0,0,0,0,0,0,0,0,0,1,300,0,0,0,0,0,0,0
0.3,0.523598775598299,0.575001025685819,0.164167712352429,-0.00358465408240521,0.575001025685819,0.575001025685819,-0.0514022500875198,0.00836642813813543,0.00836642813813543,0,0,0,0,0,0,0,0,0,0,0,0,0,1,301,0,0,0,0,0,0,0
0.301,0.523598775598299,0.575164169577248,0.162109739707272,-0.00370439830709858,0.575164169577248,0.575164169577248,-0.0515653939789489,0.0080613605041279,0.0080613605041279,0,0,0,0,0,0,0,0,0,0,0,0,0,1,302,0,0,0,0,0,0,0
0.302,0.523598775598299,0.575325224400868,0.159989752415143,-0.00382225279255171,0.575325224400868,0.575325224400868,-0.0517264488025692,0.00775438214539947,0.00775438214539947,0,0,0,0,0,0,0,0,0,0,0,0,0,1,303,0,0,0,0,0,0,0
0.303,0.523598775598299,0.575484128690602,0.157808868156524,-0.00393798394697488,0.575484128690602,0.575484128690602,-0.0518853530923035,0.0074458124220679,0.0074458124220679,0,0,0,0,0,0,0,0,0,0,0,0,0,1,304,0,0,0,0,0,0,0
0.304,0.523598775598299,0.575640822158285,0.155568323495175,-0.00405137582940695,0.575640822158285,0.575640822158285,-0.0520420465599867,0.00713596052512058,0.00713596052512058,0,0,0,0,0,0,0,0,0,0,0,0,0,1,305,0,0,0,0,0,0,0
0.305,0.523598775598299,0.575795245807856,0.153269464549378,-0.00416222954412826,0.575795245807856,0.575795245807856,-0.0521964702095569,0.00682512545784822,0.00682512545784822,0,0,0,0,0,0,0,0,0,0,0,0,0,1,306,0,0,0,0,0,0,0
0.306,0.523598775598299,0.575947342040381,0.150913737991534,-0.00427036263925669,0.575947342040381,0.575947342040381,-0.0523485664420822,0.00651359603593549,0.00651359603593549,0,0,0,0,0,0,0,0,0,0,0,0,0,1,307,0,0,0,0,0,0,0
0.307,0.523598775598299,0.57609705475025,0.148502682373427,-0.00437560851031421,0.57609705475025,0.57609705475025,-0.0524982791519513,0.00620165090519206,0.00620165090519206,0,0,0,0,0,0,0,0,0,0,0,0,0,1,308,0,0,0,0,0,0,0
0.308,0.523598775598299,0.576244329412848,0.146037919774071,-0.00447781580950021,0.576244329412848,0.576244329412848,-0.0526455538145489,0.00588955857593906,0.00588955857593906,0,0,0,0,0,0,0,0,0,0,0,0,0,1,309,0,0,0,0,0,0,0
0.309,0.523598775598299,0.57638911316404,0.143521147766696,-0.00457684786135687,0.57638911316404,0.57638911316404,-0.0527903375657413,0.00557757747307852,0.00557757747307852,0,0,0,0,0,0,0,0,0,0,0,0,0,1,310,0,0,0,0,0,0,0
0.31,0.523598775598299,0.576531354871783,0.14095413170104,-0.00467258208546626,0.576531354871783,0.576531354871783,-0.0529325792734846,0.00526595600091315,0.00526595600091315,0,0,0,0,0,0,0,0,0,0,0,0,0,1,311,0,0,0,0,0,0,0
0.311,0.523598775598299,0.576671005200172,0.138338697296832,-0.00476490942677043,0.576671005200172,0.576671005200172,-0.0530722296018729,0.00495493262180263,0.00495493262180263,0,0,0,0,0,0,0,0,0,0,0,0,0,1,312,0,0,0,0,0,0,0
0.312,0.523598775598299,0.576808016666231,0.135676723544012,-0.00485373379406098,0.576808016666231,0.576808016666231,-0.0532092410679327,0.00464473594776538,0.00464473594776538,0,0,0,0,0,0,0,0,0,0,0,0,0,1,313,0,0,0,0,0,0,0
0.313,0.523598775598299,0.576942343689768,0.132970135904997,-0.00493897150714309,0.576942343689768,0.576942343689768,-0.0533435680914695,0.00433558484417224,0.00433558484417224,0,0,0,0,0,0,0,0,0,0,0,0,0,1,314,0,0,0,0,0,0,0
0.314,0.523598775598299,0.577073942636564,0.130220899814011,-0.0050205507531341,0.577073942636564,0.577073942636564,-0.0534751670382653,0.0040276885446916,0.0040276885446916,0,0,0,0,0,0,0,0,0,0,0,0,0,1,315,0,0,0,0,0,0,0
0.315,0.523598775598299,0.577202771855221,0.127431014468282,-0.00509841105231914,0.577202771855221,0.577202771855221,-0.0536039962569222,0.00372124677668226,0.00372124677668226,0,0,0,0,0,0,0,0,0,0,0,0,0,1,316,0,0,0,0,0,0,0
0.316,0.523598775598299,0.577328791707939,0.124602506905713,-0.0051725027339454,0.577328791707939,0.577328791707939,-0.0537300161096403,0.00341644989625195,0.00341644989625195,0,0,0,0,0,0,0,0,0,0,0,0,0,1,317,0,0,0,0,0,0,0
0.317,0.523598775598299,0.577451964595514,0.121737426363418,-0.00524278642229958,0.577451964595514,0.577451964595514,-0.0538531889972147,0.00311347903222256,0.00311347903222256,0,0,0,0,0,0,0,0,0,0,0,0,0,1,318,0,0,0,0,0,0,0
0.318,0.523598775598299,0.577572254976827,0.118837838911353,-0.00530923253337831,0.577572254976827,0.577572254976827,-0.0539734793785284,0.00281250623827789,0.00281250623827789,0,0,0,0,0,0,0,0,0,0,0,0,0,1,319,0,0,0,0,0,0,0
0.319,0.523598775598299,0.577689629383114,0.115905822355136,-0.00537182078242445,0.577689629383114,0.577689629383114,-0.0540908537848152,0.00251369465258372,0.00251369465258372,0,0,0,0,0,0,0,0,0,0,0,0,0,1,320,0,0,0,0,0,0,0
0.32,0.523598775598299,0.577804056427255,0.112943461402002,-0.00543053970257158,0.577804056427255,0.577804056427255,-0.0542052808289563,0.00221719866420794,0.00221719866420794,0,0,0,0,0,0,0,0,0,0,0,0,0,1,321,0,0,0,0,0,0,0
0.321,0.523598775598299,0.577915506808371,0.10995284308371,-0.00548538617480485,0.577915506808371,0.577915506808371,-0.0543167312100722,0.00192316408568485,0.00192316408568485,0,0,0,0,0,0,0,0,0,0,0,0,0,1,322,0,0,0,0,0,0,0
0.322,0.523598775598299,0.578023953311962,0.106936052430166,-0.00553636496941705,0.578023953311962,0.578023953311962,-0.0544251777136635,0.00163172833109532,0.00163172833109532,0,0,0,0,0,0,0,0,0,0,0,0,0,1,323,0,0,0,0,0,0,0
0.323,0.523598775598299,0.578129370805847,0.10389516838739,-0.00558348829911014,0.578129370805847,0.578129370805847,-0.0545305952075478,0.00134302059906127,0.00134302059906127,0,0,0,0,0,0,0,0,0,0,0,0,0,1,324,0,0,0,0,0,0,0
0.324,0.523598775598299,0.578231736232133,0.100832259973421,-0.0056267753838635,0.578231736232133,0.578231736232133,-0.0546329606338346,0.00105716206007331,0.00105716206007331,0,0,0,0,0,0,0,0,0,0,0,0,0,1,325,0,0,0,0,0,0,0
0.325,0.523598775598299,0.578331028595471,0.0977493826656874,-0.00566625202766534,0.578331028595471,0.578331028595471,-0.0547322529971718,0.000774266047601335,0.000774266047601335,0,0,0,0,0,0,0,0,0,0,0,0,0,1,326,0,0,0,0,0,0,0
0.326,0.523598775598299,0.578427228947791,0.0946485750133452,-0.00570195020717625,0.578427228947791,0.578427228947791,-0.0548284533494926,0.000494438252452378,0.000494438252452378,0,0,0,0,0,0,0,0,0,0,0,0,0,1,327,0,0,0,0,0,0,0
0.327,0.523598775598299,0.578520320369784,0.0915318554680311,-0.00573390767237226,0.578520320369784,0.578520320369784,-0.0549215447714853,0.000217776919870571,0.000217776919870571,0,0,0,0,0,0,0,0,0,0,0,0,0,1,328,0,0,0,0,0,0,0
0.328,0.523598775598299,0.578610287949298,0.0884012194264982,-0.00576216755919084,0.578610287949298,0.578610287949298,-0.055011512350999,-5.56269511051422e-05,-5.56269511051422e-05,0,0,0,0,0,0,0,0,0,0,0,0,0,1,329,0,0,0,0,0,0,0
0.329,0.523598775598299,0.578697118756895,0.085258636478576,-0.00578677801418162,0.578697118756895,0.578697118756895,-0.0550983431585966,-0.000325689406488749,-0.000325689406488749,0,0,0,0,0,0,0,0,0,0,0,0,0,1,330,0,0,0,0,0,0,0
0.33,0.523598775598299,0.578780801818753,0.0821060478539151,-0.00580779183114399,0.578780801818753,0.578780801818753,-0.0551820262204543,-0.000592333334839351,-0.000592333334839351,0,0,0,0,0,0,0,0,0,0,0,0,0,1,331,0,0,0,0,0,0,0
0.331,0.523598775598299,0.578861328087105,0.0789453640609949,-0.00582526609971357,0.578861328087105,0.578861328087105,-0.0552625524888058,-0.000855488263819121,-0.000855488263819121,0,0,0,0,0,0,0,0,0,0,0,0,0,1,332,0,0,0,0,0,0,0
0.332,0.523598775598299,0.578938690408417,0.0757784627119024,-0.00583926186584301,0.578938690408417,0.578938690408417,-0.0553399148101182,-0.00111509015620986,-0.00111509015620986,0,0,0,0,0,0,0,0,0,0,0,0,0,1,333,0,0,0,0,0,0,0
0.333,0.523598775598299,0.579012883489482,0.0726071865264281,-0.00584984380410327,0.579012883489482,0.579012883489482,-0.0554141078911827,-0.00137108120576795,-0.00137108120576795,0,0,0,0,0,0,0,0,0,0,0,0,0,1,334,0,0,0,0,0,0,0
0.334,0.523598775598299,0.579083903861596,0.0694333415090745,-0.00585707990171718,0.579083903861596,0.579083903861596,-0.055485128263297,-0.0016234096332744,-0.0016234096332744,0,0,0,0,0,0,0,0,0,0,0,0,0,1,335,0,0,0,0,0,0,0
0.335,0.523598775598299,0.579151749843007,0.0662586952926272,-0.00586104115422203,0.579151749843007,0.579151749843007,-0.055552974244708,-0.00187202948311496,-0.00187202948311496,0,0,0,0,0,0,0,0,0,0,0,0,0,1,336,0,0,0,0,0,0,0
0.336,0.523598775598299,0.579216421499778,0.0630849756420023,-0.00586180127264302,0.579216421499778,0.579216421499778,-0.0556176459014791,-0.0021169004207103,-0.0021169004207103,0,0,0,0,0,0,0,0,0,0,0,0,0,1,337,0,0,0,0,0,0,0
0.337,0.523598775598299,0.579277920605238,0.0599138691121555,-0.00585943640204734,0.579277920605238,0.579277920605238,-0.0556791450069387,-0.0023579875310922,-0.0023579875310922,0,0,0,0,0,0,0,0,0,0,0,0,0,1,338,0,0,0,0,0,0,0
0.338,0.523598775598299,0.57933625059816,0.0567470198539144,-0.00585402485133568,0.57933625059816,0.57933625059816,-0.055737474999861,-0.0025952611189102,-0.0025952611189102,0,0,0,0,0,0,0,0,0,0,0,0,0,1,339,0,0,0,0,0,0,0
0.339,0.523598775598299,0.579391416539823,0.0535860285616811,-0.00584564683411759,0.579391416539823,0.579391416539823,-0.0557926409415245,-0.0028286965101294,-0.0028286965101294,0,0,0,0,0,0,0,0,0,0,0,0,0,1,340,0,0,0,0,0,0,0
0.34,0.523598775598299,0.579443425070085,0.0504324515570378,-0.00583438422050629,0.579443425070085,0.579443425070085,-0.0558446494717857,-0.00305827385566509,-0.00305827385566509,0,0,0,0,0,0,0,0,0,0,0,0,0,1,341,0,0,0,0,0,0,0
0.341,0.523598775598299,0.579492284362602,0.047287800002387,-0.0058203202996586,0.579492284362602,0.579492284362602,-0.0558935087643033,-0.00328397793718635,-0.00328397793718635,0,0,0,0,0,0,0,0,0,0,0,0,0,1,342,0,0,0,0,0,0,0
0.342,0.523598775598299,0.579538004079336,0.044153539238854,-0.00580353955287822,0.579538004079336,0.579538004079336,-0.0559392284810372,-0.00350579797529771,-0.00350579797529771,0,0,0,0,0,0,0,0,0,0,0,0,0,1,343,0,0,0,0,0,0,0
0.343,0.523598775598299,0.579580595324445,0.0410310882427844,-0.00578412743709096,0.579580595324445,0.579580595324445,-0.0559818197261462,-0.00372372744030236,-0.00372372744030236,0,0,0,0,0,0,0,0,0,0,0,0,0,1,344,0,0,0,0,0,0,0
0.344,0.523598775598299,0.579620070597698,0.0379218191952754,-0.00576217017849552,0.579620070597698,0.579620070597698,-0.0560212949993991,-0.00393776386572259,-0.00393776386572259,0,0,0,0,0,0,0,0,0,0,0,0,0,1,345,0,0,0,0,0,0,0
0.345,0.523598775598299,0.579656443747507,0.0348270571592939,-0.00573775457618448,0.579656443747507,0.579656443747507,-0.0560576681492084,-0.00414790866475048,-0.00414790866475048,0,0,0,0,0,0,0,0,0,0,0,0,0,1,346,0,0,0,0,0,0,0
0.346,0.523598775598299,0.579689729923693,0.0317480798590439,-0.00571096781552621,0.579689729923693,0.579689729923693,-0.0560909543253946,-0.00435416694978194,-0.00435416694978194,0,0,0,0,0,0,0,0,0,0,0,0,0,1,347,0,0,0,0,0,0,0
0.347,0.523598775598299,0.579719945530076,0.028686117556368,-0.00568189729109312,0.579719945530076,0.579719945530076,-0.056121169931777,-0.00455654735517216,-0.00455654735517216,0,0,0,0,0,0,0,0,0,0,0,0,0,1,348,0,0,0,0,0,0,0
0.348,0.523598775598299,0.579747108176987,0.0256423530190829,-0.00565063043891621,0.579747108176987,0.579747108176987,-0.0561483325786883,-0.0047550618633419,-0.0047550618633419,0,0,0,0,0,0,0,0,0,0,0,0,0,1,349,0,0,0,0,0,0,0
0.349,0.523598775598299,0.579771236633801,0.0226179215762736,-0.00561725457784297,0.579771236633801,0.579771236633801,-0.0561724610355018,-0.00494972563434964,-0.00494972563434964,0,0,0,0,0,0,0,0,0,0,0,0,0,1,350,0,0,0,0,0,0,0
0.35,0.523598775598299,0.579792350781553,0.0196139112556921,-0.0055818567597725,0.579792350781553,0.579792350781553,-0.0561935751832537,-0.00514055683903011,-0.00514055683903011,0,0,0,0,0,0,0,0,0,0,0,0,0,1,351,0,0,0,0,0,0,0
0.351,0.523598775598299,0.579810471565743,0.0166313629985331,-0.00554452362853823,0.579810471565743,0.579810471565743,-0.0562116959674439,-0.00532757649579135,-0.00532757649579135,0,0,0,0,0,0,0,0,0,0,0,0,0,1,352,0,0,0,0,0,0,0
0.352,0.523598775598299,0.579825620949385,0.0136712709469844,-0.00550534128720682,0.579825620949385,0.579825620949385,-0.0562268453510865,-0.00551080831115069,-0.00551080831115069,0,0,0,0,0,0,0,0,0,0,0,0,0,1,353,0,0,0,0,0,0,0
0.353,0.523598775598299,0.579837821866383,0.0107345828000769,-0.00546439517356066,0.579837821866383,0.579837821866383,-0.0562390462680837,-0.0056902785240788,-0.0056902785240788,0,0,0,0,0,0,0,0,0,0,0,0,0,1,354,0,0,0,0,0,0,0
0.354,0.523598775598299,0.579847098175286,0.00782220023348659,-0.00542176994352978,0.579847098175286,0.579847098175286,-0.0562483225769876,-0.00586601575420925,-0.00586601575420925,0,0,0,0,0,0,0,0,0,0,0,0,0,1,355,0,0,0,0,0,0,0
0.355,0.523598775598299,0.57985347461351,0.00493497937907064,-0.00537754936233789,0.57985347461351,0.57985347461351,-0.0562546990152115,-0.00603805085396536,-0.00603805085396536,0,0,0,0,0,0,0,0,0,0,0,0,0,1,356,0,0,0,0,0,0,0
0.356,0.523598775598299,0.579856976752048,0.00207373136004463,-0.00533181620312792,0.579856976752048,0.579856976752048,-0.0562582011537491,-0.00620641676464137,-0.00620641676464137,0,0,0,0,0,0,0,0,0,0,0,0,0,1,357,0,0,0,0,0,0,0
0.357,0.523598775598299,0.579857630950754,-0.000760777122159858,-0.00528465215283153,0.579857630950754,0.579857630950754,-0.0562588553524556,-0.0063711483764719,-0.0063711483764719,0,0,0,0,0,0,0,0,0,0,0,0,0,1,358,0,0,0,0,0,0,0
0.358,0.523598775598299,0.579855464314238,-0.00356782315319292,-0.0052361377250484,0.579855464314238,0.579855464314238,-0.0562566887159389,-0.00653228239271053,-0.00653228239271053,0,0,0,0,0,0,0,0,0,0,0,0,0,1,359,0,0,0,0,0,0,0
0.359,0.523598775598299,0.579850504648408,-0.00634672692694612,-0.00518635217970179,0.579850504648408,0.579850504648408,-0.056251729050109,-0.00668985719773227,-0.00668985719773227,0,0,0,0,0,0,0,0,0,0,0,0,0,1,360,0,0,0,0,0,0,0
0.36,0.523598775598299,0.579842780417725,-0.00909685102615486,-0.00513537344923746,0.579842780417725,0.579842780417725,-0.0562440048194258,-0.00684391272916862,-0.00684391272916862,0,0,0,0,0,0,0,0,0,0,0,0,0,1,361,0,0,0,0,0,0,0
0.361,0.523598775598299,0.579832320703185,-0.0118175996658974,-0.00508327807113602,0.579832320703185,0.579832320703185,-0.056233545104886,-0.00699449035407276,-0.00699449035407276,0,0,0,0,0,0,0,0,0,0,0,0,0,1,362,0,0,0,0,0,0,0
0.362,0.523598775598299,0.579819155161081,-0.0145084179033203,-0.00503014112650895,0.579819155161081,0.579819155161081,-0.0562203795627825,-0.00714163274910815,-0.00714163274910815,0,0,0,0,0,0,0,0,0,0,0,0,0,1,363,0,0,0,0,0,0,0
0.363,0.523598775598299,0.57980331398257,-0.0171687908167951,-0.00497603618455154,0.57980331398257,0.57980331398257,-0.0562045383842711,-0.00728538378474997,-0.00728538378474997,0,0,0,0,0,0,0,0,0,0,0,0,0,1,364,0,0,0,0,0,0,0
0.364,0.523598775598299,0.57978482785407,-0.0197982426575895,-0.00492103525262903,0.57978482785407,0.57978482785407,-0.0561860522557708,-0.00742578841347619,-0.00742578841347619,0,0,0,0,0,0,0,0,0,0,0,0,0,1,365,0,0,0,0,0,0,0
0.365,0.523598775598299,0.579763727918525,-0.0223963359770152,-0.00486520873177365,0.579763727918525,0.579763727918525,-0.056164952320226,-0.0075628925619266,-0.0075628925619266,0,0,0,0,0,0,0,0,0,0,0,0,0,1,366,0,0,0,0,0,0,0
0.366,0.523598775598299,0.57974004573755,-0.0249626707318942,-0.00480862537737419,0.57974004573755,0.57974004573755,-0.0561412701392512,-0.0076967430269935,-0.0076967430269935,0,0,0,0,0,0,0,0,0,0,0,0,0,1,367,0,0,0,0,0,0,0
0.367,0.523598775598299,0.57971381325448,-0.027496883371068,-0.00475135226484128,0.57971381325448,0.57971381325448,-0.0561150376561814,-0.00782738737581759,-0.00782738737581759,0,0,0,0,0,0,0,0,0,0,0,0,0,1,368,0,0,0,0,0,0,0
0.368,0.523598775598299,0.579685062758343,-0.0299986459055589,-0.00469345476003772,0.579685062758343,0.579685062758343,-0.0560862871600438,-0.00795487384964014,-0.00795487384964014,0,0,0,0,0,0,0,0,0,0,0,0,0,1,369,0,0,0,0,0,0,0
0.369,0.523598775598299,0.579653826848765,-0.0324676649648768,-0.00463499649426347,0.579653826848765,0.579653826848765,-0.0560550512504658,-0.00807925127147058,-0.00807925127147058,0,0,0,0,0,0,0,0,0,0,0,0,0,1,370,0,0,0,0,0,0,0
0.37,0.523598775598299,0.579620138401833,-0.0349036808418541,-0.00457603934359037,0.579620138401833,0.579620138401833,-0.0560213628035339,-0.00820056895752277,-0.00820056895752277,0,0,0,0,0,0,0,0,0,0,0,0,0,1,371,0,0,0,0,0,0,0
0.371,0.523598775598299,0.57958403053691,-0.0373064665282803,-0.00451664341234562,0.57958403053691,0.57958403053691,-0.0559852549386115,-0.00831887663236405,-0.00831887663236405,0,0,0,0,0,0,0,0,0,0,0,0,0,1,372,0,0,0,0,0,0,0
0.372,0.523598775598299,0.579545536584424,-0.0396758267435012,-0.00445686702054591,0.579545536584424,0.579545536584424,-0.0559467609861254,-0.00843422434772229,-0.00843422434772229,0,0,0,0,0,0,0,0,0,0,0,0,0,1,373,0,0,0,0,0,0,0
0.373,0.523598775598299,0.579504690054625,-0.0420115969580403,-0.0043967666950886,0.579504690054625,0.579504690054625,-0.0559059144563259,-0.0085466624048941,-0.0085466624048941,0,0,0,0,0,0,0,0,0,0,0,0,0,1,374,0,0,0,0,0,0,0
0.374,0.523598775598299,0.579461524607324,-0.0443136424141965,-0.00433639716451115,0.579461524607324,0.579461524607324,-0.0558627490090254,-0.00865624128068981,-0.00865624128068981,0,0,0,0,0,0,0,0,0,0,0,0,0,1,375,0,0,0,0,0,0,0
0.375,0.523598775598299,0.579416074022616,-0.046581857145474,-0.00427581135713322,0.579416074022616,0.579416074022616,-0.0558172984243168,-0.00876301155685069,-0.00876301155685069,0,0,0,0,0,0,0,0,0,0,0,0,0,1,376,0,0,0,0,0,0,0
0.376,0.523598775598299,0.579368372172571,-0.0488161629965962,-0.00421506040240054,0.579368372172571,0.579368372172571,-0.0557695965742719,-0.00886702385287333,-0.00886702385287333,0,0,0,0,0,0,0,0,0,0,0,0,0,1,377,0,0,0,0,0,0,0
0.377,0.523598775598299,0.579318452993919,-0.0510165086457646,-0.00415419363525437,0.579318452993919,0.579318452993919,-0.0557196773956203,-0.00896832876217252,-0.00896832876217252,0,0,0,0,0,0,0,0,0,0,0,0,0,1,378,0,0,0,0,0,0,0
0.378,0.523598775598299,0.579266350461701,-0.053182868630725,-0.00409325860335524,0.579266350461701,0.579266350461701,-0.0556675748634025,-0.0090669767915075,-0.0090669767915075,0,0,0,0,0,0,0,0,0,0,0,0,0,1,379,0,0,0,0,0,0,0
0.379,0.523598775598299,0.579212098563894,-0.0553152423801149,-0.00403230107699221,0.579212098563894,0.579212098563894,-0.0556133229655953,-0.0091630183036045,-0.0091630183036045,0,0,0,0,0,0,0,0,0,0,0,0,0,1,380,0,0,0,0,0,0,0
0.38,0.523598775598299,0.579155731277002,-0.0574136532514762,-0.00397136506151598,0.579155731277002,0.579155731277002,-0.0555569556787028,-0.00925650346289664,-0.00925650346289664,0,0,0,0,0,0,0,0,0,0,0,0,0,1,381,0,0,0,0,0,0,0
0.381,0.523598775598299,0.579097282542604,-0.0594781475772293,-0.00391049281213673,0.579097282542604,0.579097282542604,-0.0554985069443052,-0.00934748218431108,-0.00934748218431108,0,0,0,0,0,0,0,0,0,0,0,0,0,1,382,0,0,0,0,0,0,0
0.382,0.523598775598299,0.579036786244856,-0.0615087937198218,-0.00384972485093405,0.579036786244856,0.579036786244856,-0.0554380106465571,-0.00943600408501988,-0.00943600408501988,0,0,0,0,0,0,0,0,0,0,0,0,0,1,383,0,0,0,0,0,0,0
0.383,0.523598775598299,0.578974276188924,-0.0635056811371852,-0.00378909998592825,0.578974276188924,0.578974276188924,-0.0553755005906249,-0.00952211843908363,-0.00952211843908363,0,0,0,0,0,0,0,0,0,0,0,0,0,1,384,0,0,0,0,0,0,0
0.384,0.523598775598299,0.578909786080354,-0.0654689194595494,-0.00372865533206984,0.578909786080354,0.578909786080354,-0.0553110104820556,-0.00960587413490929,-0.00960587413490929,0,0,0,0,0,0,0,0,0,0,0,0,0,1,385,0,0,0,0,0,0,0
0.385,0.523598775598299,0.578843349505358,-0.067398637578593,-0.00366842633400752,0.578843349505358,0.578843349505358,-0.0552445739070589,-0.00968731963543656,-0.00968731963543656,0,0,0,0,0,0,0,0,0,0,0,0,0,1,386,0,0,0,0,0,0,0
0.386,0.523598775598299,0.578774999911997,-0.0692949827498312,-0.00360844679049757,0.578774999911997,0.578774999911997,-0.055176224313698,-0.00976650294098591,-0.00976650294098591,0,0,0,0,0,0,0,0,0,0,0,0,0,1,387,0,0,0,0,0,0,0
0.387,0.523598775598299,0.578704770592265,-0.0711581197090707,-0.00354874888032652,0.578704770592265,0.578704770592265,-0.0551059949939664,-0.00984347155467602,-0.00984347155467602,0,0,0,0,0,0,0,0,0,0,0,0,0,1,388,0,0,0,0,0,0,0
0.388,0.523598775598299,0.578632694665044,-0.0729882298036941,-0.00348936318961828,0.578632694665044,0.578632694665044,-0.055033919066745,-0.00991827245034202,-0.00991827245034202,0,0,0,0,0,0,0,0,0,0,0,0,0,1,389,0,0,0,0,0,0,0
0.389,0.523598775598299,0.578558805059917,-0.0747855101394686,-0.00343031874040595,0.578558805059917,0.578558805059917,-0.0549600294616177,-0.00999095204286951,-0.00999095204286951,0,0,0,0,0,0,0,0,0,0,0,0,0,1,390,0,0,0,0,0,0,0
0.39,0.523598775598299,0.578483134501832,-0.076550172743509,-0.00337164302035021,0.578483134501832,0.578483134501832,-0.0548843589035328,-0.0100615561608671,-0.0100615561608671,0,0,0,0,0,0,0,0,0,0,0,0,0,1,391,0,0,0,0,0,0,0
0.391,0.523598775598299,0.578405715496593,-0.0782824437439647,-0.0033133620134917,0.578405715496593,0.578405715496593,-0.0548069398982938,-0.010130130021599,-0.010130130021599,0,0,0,0,0,0,0,0,0,0,0,0,0,1,392,0,0,0,0,0,0,0
0.392,0.523598775598299,0.578326580317159,-0.0799825625669396,-0.00325550023192905,0.578326580317159,0.578326580317159,-0.0547278047188605,-0.0101967182080983,-0.0101967182080983,0,0,0,0,0,0,0,0,0,0,0,0,0,1,393,0,0,0,0,0,0,0
0.393,0.523598775598299,0.578245760990745,-0.0816507811510987,-0.00319808074831801,0.578245760990745,0.578245760990745,-0.0546469853924463,-0.0102613646483857,-0.0102613646483857,0,0,0,0,0,0,0,0,0,0,0,0,0,1,394,0,0,0,0,0,0,0
0.394,0.523598775598299,0.578163289286688,-0.0832873631803583,-0.00314112522909269,0.578163289286688,0.578163289286688,-0.0545645136883897,-0.010324112596713,-0.010324112596713,0,0,0,0,0,0,0,0,0,0,0,0,0,1,395,0,0,0,0,0,0,0
0.395,0.523598775598299,0.578079196705085,-0.0848925833350053,-0.00308465396831217,0.578079196705085,0.578079196705085,-0.054480421106786,-0.0103850046167596,-0.0103850046167596,0,0,0,0,0,0,0,0,0,0,0,0,0,1,396,0,0,0,0,0,0,0
0.396,0.523598775598299,0.577993514466156,-0.0864667265615427,-0.0030286859220422,0.577993514466156,0.577993514466156,-0.0543947388678567,-0.0104440825667008,-0.0104440825667008,0,0,0,0,0,0,0,0,0,0,0,0,0,1,397,0,0,0,0,0,0,0
0.397,0.523598775598299,0.57790627350034,-0.0880100873615071,-0.00297323874318308,0.57790627350034,0.57790627350034,-0.0543074979020416,-0.010501387586081,-0.010501387586081,0,0,0,0,0,0,0,0,0,0,0,0,0,1,398,0,0,0,0,0,0,0
0.398,0.523598775598299,0.577817504439089,-0.089522969099461,-0.00291832881666212,0.577817504439089,0.577817504439089,-0.0542187288407902,-0.0105569600844091,-0.0105569600844091,0,0,0,0,0,0,0,0,0,0,0,0,0,1,399,0,0,0,0,0,0,0
0.399,0.523598775598299,0.577727237606336,-0.0910056833303183,-0.00286397129490907,0.577727237606336,0.577727237606336,-0.0541284620080371,-0.0106108397314113,-0.0106108397314113,0,0,0,0,0,0,0,0,0,0,0,0,0,1,400,0,0,0,0,0,0,0
0.4,0.523598775598299,0.577635503010639,-0.09245854914612,-0.00281018013354031,0.577635503010639,0.577635503010639,-0.0540367274123403,-0.0106630654488669,-0.0106630654488669,0,0,0,0,0,0,0,0,0,0,0,0,0,1,401,0,0,0,0,0,0,0
0.401,0.523598775598299,0.577542330337961,-0.0938818925423368,-0.00275696812717939,0.577542330337961,0.577542330337961,-0.0539435547396621,-0.0107136754039555,-0.0107136754039555,0,0,0,0,0,0,0,0,0,0,0,0,0,1,402,0,0,0,0,0,0,0
0.402,0.523598775598299,0.577447748945073,-0.0952760458037394,-0.00270434694534555,0.577447748945073,0.577447748945073,-0.0538489733467739,-0.0107627070040477,-0.0107627070040477,0,0,0,0,0,0,0,0,0,0,0,0,0,1,403,0,0,0,0,0,0,0
0.403,0.523598775598299,0.577351787853566,-0.0966413469098413,-0.00265232716834516,0.577351787853566,0.577351787853566,-0.0537530122552669,-0.0108101968928751,-0.0108101968928751,0,0,0,0,0,0,0,0,0,0,0,0,0,1,404,0,0,0,0,0,0,0
0.404,0.523598775598299,0.577254475744445,-0.0979781389598841,-0.00260091832310613,0.577254475744445,0.577254475744445,-0.0536557001461457,-0.0108561809480065,-0.0108561809480065,0,0,0,0,0,0,0,0,0,0,0,0,0,1,405,0,0,0,0,0,0,0
0.405,0.523598775598299,0.577155840953287,-0.099286769617306,-0.00255012891889611,0.577155840953287,0.577155840953287,-0.0535570653549883,-0.0109006942795705,-0.0109006942795705,0,0,0,0,0,0,0,0,0,0,0,0,0,1,406,0,0,0,0,0,0,0
0.406,0.523598775598299,0.57705591146595,-0.100567590573602,-0.00249996648287071,0.57705591146595,0.57705591146595,-0.0534571358676512,-0.0109437712301599,-0.0109437712301599,0,0,0,0,0,0,0,0,0,0,0,0,0,1,407,0,0,0,0,0,0,0
0.407,0.523598775598299,0.576954714914801,-0.101820957031459,-0.00245043759540079,0.576954714914801,0.576954714914801,-0.0533559393165021,-0.010985445375854,-0.010985445375854,0,0,0,0,0,0,0,0,0,0,0,0,0,1,408,0,0,0,0,0,0,0
0.408,0.523598775598299,0.576852278575457,-0.103047227207018,-0.00240154792513028,0.576852278575457,0.576852278575457,-0.0532535029771583,-0.0110257495282998,-0.0110257495282998,0,0,0,0,0,0,0,0,0,0,0,0,0,1,409,0,0,0,0,0,0,0
0.409,0.523598775598299,0.576748629364013,-0.104246761851095,-0.00235330226371961,0.576748629364013,0.576748629364013,-0.0531498537657147,-0.0110647157377925,-0.0110647157377925,0,0,0,0,0,0,0,0,0,0,0,0,0,1,410,0,0,0,0,0,0,0
0.41,0.523598775598299,0.57664379383474,-0.105419923789176,-0.00230570456023299,0.57664379383474,0.57664379383474,-0.0530450182364407,-0.0111023752972975,-0.0111023752972975,0,0,0,0,0,0,0,0,0,0,0,0,0,1,411,0,0,0,0,0,0,0
0.411,0.523598775598299,0.576537798178226,-0.106567077479952,-0.00225875795513036,0.576537798178226,0.576537798178226,-0.0529390225799277,-0.011138758747358,-0.011138758747358,0,0,0,0,0,0,0,0,0,0,0,0,0,1,412,0,0,0,0,0,0,0
0.412,0.523598775598299,0.576430668219968,-0.107688588592184,-0.00221246481382748,0.576430668219968,0.576430668219968,-0.0528318926216688,-0.0111738958818327,-0.0111738958818327,0,0,0,0,0,0,0,0,0,0,0,0,0,1,413,0,0,0,0,0,0,0
0.413,0.523598775598299,0.576322429419352,-0.108784823599631,-0.00216682675979075,0.576322429419352,0.576322429419352,-0.0527236538210533,-0.0112078157544126,-0.0112078157544126,0,0,0,0,0,0,0,0,0,0,0,0,0,1,414,0,0,0,0,0,0,0
0.414,0.523598775598299,0.576213106869055,-0.109856149393771,-0.00212184470713569,0.576213106869055,0.576213106869055,-0.0526143312707559,-0.0112405466858609,-0.0112405466858609,0,0,0,0,0,0,0,0,0,0,0,0,0,1,415,0,0,0,0,0,0,0
0.415,0.523598775598299,0.576102725294805,-0.110902932914039,-0.00207751889270006,0.576102725294805,0.576102725294805,-0.0525039496965063,-0.0112721162719336,-0.0112721162719336,0,0,0,0,0,0,0,0,0,0,0,0,0,1,416,0,0,0,0,0,0,0
0.416,0.523598775598299,0.575991309055517,-0.111925540795278,-0.0020338489075667,0.575991309055517,0.575991309055517,-0.0523925334572182,-0.0113025513919234,-0.0113025513919234,0,0,0,0,0,0,0,0,0,0,0,0,0,1,417,0,0,0,0,0,0,0
0.417,0.523598775598299,0.575878882143762,-0.112924339032081,-0.00199083372801112,0.575878882143762,0.575878882143762,-0.0522801065454636,-0.0113318782177881,-0.0113318782177881,0,0,0,0,0,0,0,0,0,0,0,0,0,1,418,0,0,0,0,0,0,0
0.418,0.523598775598299,0.575765468186572,-0.113899692659722,-0.00194847174585351,0.575765468186572,0.575765468186572,-0.0521666925882734,-0.0113601222238113,-0.0113601222238113,0,0,0,0,0,0,0,0,0,0,0,0,0,1,419,0,0,0,0,0,0,0
0.419,0.523598775598299,0.575651090446549,-0.114851965451316,-0.00190676079819459,0.575651090446549,0.575651090446549,-0.0520523148482505,-0.0113873081967583,-0.0113873081967583,0,0,0,0,0,0,0,0,0,0,0,0,0,1,420,0,0,0,0,0,0,0
0.42,0.523598775598299,0.575535771823274,-0.115781519630879,-0.00186569819651965,0.575535771823274,0.575535771823274,-0.0519369962249752,-0.011413460246478,-0.011413460246478,0,0,0,0,0,0,0,0,0,0,0,0,0,1,421,0,0,0,0,0,0,0
0.421,0.523598775598299,0.575419534854992,-0.116688715601939,-0.00182528075515395,0.575419534854992,0.575419534854992,-0.0518207592566928,-0.0114386018169167,-0.0114386018169167,0,0,0,0,0,0,0,0,0,0,0,0,0,1,422,0,0,0,0,0,0,0
0.422,0.523598775598299,0.575302401720561,-0.117573911691316,-0.00178550481905779,0.575302401720561,0.575302401720561,-0.0517036261222626,-0.0114627556974992,-0.0114627556974992,0,0,0,0,0,0,0,0,0,0,0,0,0,1,423,0,0,0,0,0,0,0
0.423,0.523598775598299,0.575184394241655,-0.11843746390773,-0.00174636629094833,0.575184394241655,0.575184394241655,-0.0515856186433566,-0.0114859440348424,-0.0114859440348424,0,0,0,0,0,0,0,0,0,0,0,0,0,1,424,0,0,0,0,0,0,0
0.424,0.523598775598299,0.575065533885191,-0.119279725714854,-0.00170786065773953,0.575065533885191,0.575065533885191,-0.0514667582868924,-0.0115081883447651,-0.0115081883447651,0,0,0,0,0,0,0,0,0,0,0,0,0,1,425,0,0,0,0,0,0,0
0.425,0.523598775598299,0.574945841765985,-0.120101047818429,-0.00166998301629184,0.574945841765985,0.574945841765985,-0.0513470661676858,-0.0115295095245581,-0.0115295095245581,0,0,0,0,0,0,0,0,0,0,0,0,0,1,426,0,0,0,0,0,0,0
0.426,0.523598775598299,0.574825338649608,-0.120901777967072,-0.00163272809846527,0.574825338649608,0.574825338649608,-0.0512265630513093,-0.0115499278654803,-0.0115499278654803,0,0,0,0,0,0,0,0,0,0,0,0,0,1,427,0,0,0,0,0,0,0
0.427,0.523598775598299,0.574704044955443,-0.121682260766396,-0.00159609029547066,0.574704044955443,0.574704044955443,-0.0511052693571439,-0.0115694630654535,-0.0115694630654535,0,0,0,0,0,0,0,0,0,0,0,0,0,1,428,0,0,0,0,0,0,0
0.428,0.523598775598299,0.574581980759907,-0.122442837506043,-0.00156006368151665,0.574581980759907,0.574581980759907,-0.0509832051616085,-0.0115881342419171,-0.0115881342419171,0,0,0,0,0,0,0,0,0,0,0,0,0,1,429,0,0,0,0,0,0,0
0.429,0.523598775598299,0.574459165799857,-0.123183845999263,-0.0015246420367488,0.574459165799857,0.574459165799857,-0.0508603902015582,-0.0116059599448237,-0.0116059599448237,0,0,0,0,0,0,0,0,0,0,0,0,0,1,430,0,0,0,0,0,0,0
0.43,0.523598775598299,0.574335619476134,-0.123905620434633,-0.00148981886948179,0.574335619476134,0.574335619476134,-0.0507368438778353,-0.0116229581697381,-0.0116229581697381,0,0,0,0,0,0,0,0,0,0,0,0,0,1,431,0,0,0,0,0,0,0
0.431,0.523598775598299,0.574211360857262,-0.124608491239553,-0.00145558743772383,0.574211360857262,0.574211360857262,-0.0506125852589633,-0.0116391463710198,-0.0116391463710198,0,0,0,0,0,0,0,0,0,0,0,0,0,1,432,0,0,0,0,0,0,0
0.432,0.523598775598299,0.57408640868327,-0.125292784955113,-0.00142194076999595,0.57408640868327,0.57408640868327,-0.0504876330849715,-0.0116545414750606,-0.0116545414750606,0,0,0,0,0,0,0,0,0,0,0,0,0,1,433,0,0,0,0,0,0,0
0.433,0.523598775598299,0.573960781369638,-0.125958824121963,-0.00138887168544804,0.573960781369638,0.573960781369638,-0.0503620057713393,-0.0116691598935536,-0.0116691598935536,0,0,0,0,0,0,0,0,0,0,0,0,0,1,434,0,0,0,0,0,0,0
0.434,0.523598775598299,0.573834497011348,-0.126606927176788,-0.0013563728132762,0.573834497011348,0.573834497011348,-0.0502357214130494,-0.0116830175367731,-0.0116830175367731,0,0,0,0,0,0,0,0,0,0,0,0,0,1,435,0,0,0,0,0,0,0
0.435,0.523598775598299,0.573707573387038,-0.127237408359034,-0.00132443661144596,0.573707573387038,0.573707573387038,-0.050108797788739,-0.0116961298268391,-0.0116961298268391,0,0,0,0,0,0,0,0,0,0,0,0,0,1,436,0,0,0,0,0,0,0
0.436,0.523598775598299,0.573580027963239,-0.127850577627479,-0.00129305538472663,0.573580027963239,0.573580027963239,-0.0499812523649398,-0.0117085117109525,-0.0117085117109525,0,0,0,0,0,0,0,0,0,0,0,0,0,1,437,0,0,0,0,0,0,0
0.437,0.523598775598299,0.573451877898695,-0.128446740586303,-0.00126222130204427,0.573451877898695,0.573451877898695,-0.0498531023003962,-0.0117201776745749,-0.0117201776745749,0,0,0,0,0,0,0,0,0,0,0,0,0,1,438,0,0,0,0,0,0,0
0.438,0.523598775598299,0.573323140048752,-0.129026198420272,-0.00123192641315956,0.573323140048752,0.573323140048752,-0.0497243644504531,-0.0117311417545402,-0.0117311417545402,0,0,0,0,0,0,0,0,0,0,0,0,0,1,439,0,0,0,0,0,0,0
0.439,0.523598775598299,0.573193830969803,-0.129589247838681,-0.00120216266467934,0.573193830969803,0.573193830969803,-0.0495950553715044,-0.0117414175520789,-0.0117414175520789,0,0,0,0,0,0,0,0,0,0,0,0,0,1,440,0,0,0,0,0,0,0
0.44,0.523598775598299,0.573063966923791,-0.13013618102769,-0.00117292191541069,0.573063966923791,0.573063966923791,-0.0494651913254924,-0.0117510182457382,-0.0117510182457382,0,0,0,0,0,0,0,0,0,0,0,0,0,1,441,0,0,0,0,0,0,0
0.441,0.523598775598299,0.572933563882751,-0.130667285610705,-0.00114419595106633,0.572933563882751,0.572933563882751,-0.0493347882844518,-0.0117599566041844,-0.0117599566041844,0,0,0,0,0,0,0,0,0,0,0,0,0,1,442,0,0,0,0,0,0,0
0.442,0.523598775598299,0.572802637533388,-0.131182844616453,-0.00111597649833203,0.572802637533388,0.572802637533388,-0.0492038619350887,-0.0117682449988737,-0.0117682449988737,0,0,0,0,0,0,0,0,0,0,0,0,0,1,443,0,0,0,0,0,0,0
0.443,0.523598775598299,0.572671203281688,-0.131683136454406,-0.00108825523830594,0.572671203281688,0.572671203281688,-0.0490724276833888,-0.0117758954165778,-0.0117758954165778,0,0,0,0,0,0,0,0,0,0,0,0,0,1,444,0,0,0,0,0,0,0
0.444,0.523598775598299,0.572539276257544,-0.132168434897224,-0.00106102381932185,0.572539276257544,0.572539276257544,-0.0489405006592454,-0.0117829194717519,-0.0117829194717519,0,0,0,0,0,0,0,0,0,0,0,0,0,1,445,0,0,0,0,0,0,0
0.445,0.523598775598299,0.572406871319401,-0.132639009069875,-0.0010342738691666,0.572406871319401,0.572406871319401,-0.0488080957211021,-0.0117893284187342,-0.0117893284187342,0,0,0,0,0,0,0,0,0,0,0,0,0,1,446,0,0,0,0,0,0,0
0.446,0.523598775598299,0.572274003058903,-0.133095123445117,-0.00100799700670426,0.572274003058903,0.572274003058903,-0.048675227460604,-0.0117951331637688,-0.0117951331637688,0,0,0,0,0,0,0,0,0,0,0,0,0,1,447,0,0,0,0,0,0,0
0.447,0.523598775598299,0.572140685805548,-0.133537037845027,-0.0009821848529196,0.572140685805548,0.572140685805548,-0.0485419102072491,-0.0118003442768383,-0.0118003442768383,0,0,0,0,0,0,0,0,0,0,0,0,0,1,448,0,0,0,0,0,0,0
0.448,0.523598775598299,0.572006933631334,-0.133965007448252,-0.000956829041392617,0.572006933631334,0.572006933631334,-0.0484081580330356,-0.0118049720033012,-0.0118049720033012,0,0,0,0,0,0,0,0,0,0,0,0,0,1,449,0,0,0,0,0,0,0
0.449,0.523598775598299,0.571872760355399,-0.134379282802692,-0.000931921228217468,0.571872760355399,0.571872760355399,-0.0482739847571,-0.0118090262753254,-0.0118090262753254,0,0,0,0,0,0,0,0,0,0,0,0,0,1,450,0,0,0,0,0,0,0
0.45,0.523598775598299,0.571738179548638,-0.134780109843318,-0.00090745310137894,0.571738179548638,0.571738179548638,-0.0481394039503391,-0.0118125167231091,-0.0118125167231091,0,0,0,0,0,0,0,0,0,0,0,0,0,1,451,0,0,0,0,0,0,0
0.451,0.523598775598299,0.571603204538311,-0.135167729914824,-0.000883416389599413,0.571603204538311,0.571603204538311,-0.0480044289400119,-0.0118154526858849,-0.0118154526858849,0,0,0,0,0,0,0,0,0,0,0,0,0,1,452,0,0,0,0,0,0,0
0.452,0.523598775598299,0.571467848412615,-0.135542379798846,-0.000859802870670041,0.571467848412615,0.571467848412615,-0.0478690728143166,-0.0118178432227001,-0.0118178432227001,0,0,0,0,0,0,0,0,0,0,0,0,0,1,453,0,0,0,0,0,0,0
0.453,0.523598775598299,0.571332124025238,-0.135904291745457,-0.000836604379279712,0.571332124025238,0.571332124025238,-0.0477333484269388,-0.0118196971229703,-0.0118196971229703,0,0,0,0,0,0,0,0,0,0,0,0,0,1,454,0,0,0,0,0,0,0
0.454,0.523598775598299,0.571196043999863,-0.136253693508691,-0.000813812814355696,0.571196043999863,0.571196043999863,-0.0475972684015645,-0.011821022916797,-0.011821022916797,0,0,0,0,0,0,0,0,0,0,0,0,0,1,455,0,0,0,0,0,0,0
0.455,0.523598775598299,0.571059620734657,-0.136590808385821,-0.000791420145929019,0.571059620734657,0.571059620734657,-0.0474608451363582,-0.0118218288850532,-0.0118218288850532,0,0,0,0,0,0,0,0,0,0,0,0,0,1,456,0,0,0,0,0,0,0
0.456,0.523598775598299,0.570922866406696,-0.136915855260137,-0.000769418421539713,0.570922866406696,0.570922866406696,-0.0473240908083973,-0.0118221230692265,-0.0118221230692265,0,0,0,0,0,0,0,0,0,0,0,0,0,1,457,0,0,0,0,0,0,0
0.457,0.523598775598299,0.570785792976363,-0.137229048646998,-0.000747799772194567,0.570785792976363,0.570785792976363,-0.0471870173780641,-0.0118219132810213,-0.0118219132810213,0,0,0,0,0,0,0,0,0,0,0,0,0,1,458,0,0,0,0,0,0,0
0.458,0.523598775598299,0.570648412191688,-0.1375305987429,-0.000726556417892121,0.570648412191688,0.570648412191688,-0.0470496365933893,-0.0118212071117187,-0.0118212071117187,0,0,0,0,0,0,0,0,0,0,0,0,0,1,459,0,0,0,0,0,0,0
0.459,0.523598775598299,0.570510735592644,-0.137820711477347,-0.000705680672728561,0.570510735592644,0.570510735592644,-0.0469119599943449,-0.0118200119412868,-0.0118200119412868,0,0,0,0,0,0,0,0,0,0,0,0,0,1,460,0,0,0,0,0,0,0
0.46,0.523598775598299,0.570372774515383,-0.138099588567293,-0.000685164949597772,0.570372774515383,0.570372774515383,-0.0467739989170843,-0.0118183349472498,-0.0118183349472498,0,0,0,0,0,0,0,0,0,0,0,0,0,1,461,0,0,0,0,0,0,0
0.461,0.523598775598299,0.570234540096426,-0.138367427573943,-0.000665001764500332,0.570234540096426,0.570234540096426,-0.046635764498127,-0.011816183113307,-0.011816183113307,0,0,0,0,0,0,0,0,0,0,0,0,0,1,462,0,0,0,0,0,0,0
0.462,0.523598775598299,0.570096043276783,-0.138624421961709,-0.000645183740474672,0.570096043276783,0.570096043276783,-0.0464972676784841,-0.0118135632377037,-0.0118135632377037,0,0,0,0,0,0,0,0,0,0,0,0,0,1,463,0,0,0,0,0,0,0
0.463,0.523598775598299,0.569957294806025,-0.138870761159125,-0.00062570361116309,0.569957294806025,0.569957294806025,-0.0463585192077257,-0.0118104819413592,-0.0118104819413592,0,0,0,0,0,0,0,0,0,0,0,0,0,1,464,0,0,0,0,0,0,0
0.464,0.523598775598299,0.569818305246285,-0.139106630621518,-0.000606554224028048,0.569818305246285,0.569818305246285,-0.0462195296479857,-0.0118069456757462,-0.0118069456757462,0,0,0,0,0,0,0,0,0,0,0,0,0,1,465,0,0,0,0,0,0,0
0.465,0.523598775598299,0.569679084976201,-0.139332211895259,-0.000587728543230435,0.569679084976201,0.569679084976201,-0.046080309377902,-0.0118029607305239,-0.0118029607305239,0,0,0,0,0,0,0,0,0,0,0,0,0,1,466,0,0,0,0,0,0,0
0.466,0.523598775598299,0.569539644194792,-0.139547682683412,-0.000569219652183159,0.569539644194792,0.569539644194792,-0.0459408685964934,-0.0117985332409302,-0.0117985332409302,0,0,0,0,0,0,0,0,0,0,0,0,0,1,467,0,0,0,0,0,0,0
0.467,0.523598775598299,0.569399992925269,-0.139753216912624,-0.000551020755793851,0.569399992925269,0.569399992925269,-0.0458012173269697,-0.0117936691949315,-0.0117936691949315,0,0,0,0,0,0,0,0,0,0,0,0,0,1,468,0,0,0,0,0,0,0
0.468,0.523598775598299,0.569260141018773,-0.139948984801064,-0.000533125182409201,0.569260141018773,0.569260141018773,-0.0456613654204739,-0.0117883744401306,-0.0117883744401306,0,0,0,0,0,0,0,0,0,0,0,0,0,1,469,0,0,0,0,0,0,0
0.469,0.523598775598299,0.569120098158055,-0.140135152927287,-0.000515526385472947,0.569120098158055,0.569120098158055,-0.0455213225597565,-0.0117826546904397,-0.0117826546904397,0,0,0,0,0,0,0,0,0,0,0,0,0,1,470,0,0,0,0,0,0,0
0.47,0.523598775598299,0.568979873861079,-0.140311884299851,-0.000498217944910973,0.568979873861079,0.568979873861079,-0.0453810982627801,-0.0117765155325169,-0.0117765155325169,0,0,0,0,0,0,0,0,0,0,0,0,0,1,471,0,0,0,0,0,0,0
0.471,0.523598775598299,0.568839477484554,-0.140479338427554,-0.00048119356825496,0.568839477484554,0.568839477484554,-0.0452407018862547,-0.0117699624319708,-0.0117699624319708,0,0,0,0,0,0,0,0,0,0,0,0,0,1,472,0,0,0,0,0,0,0
0.472,0.523598775598299,0.568698918227401,-0.140637671390153,-0.000464447091516866,0.568698918227401,0.568698918227401,-0.0451001426291018,-0.0117630007393363,-0.0117630007393363,0,0,0,0,0,0,0,0,0,0,0,0,0,1,473,0,0,0,0,0,0,0
0.473,0.523598775598299,0.568558205134147,-0.140787035909435,-0.000447972479826184,0.568558205134147,0.568558205134147,-0.0449594295358481,-0.0117556356958251,-0.0117556356958251,0,0,0,0,0,0,0,0,0,0,0,0,0,1,474,0,0,0,0,0,0,0
0.474,0.523598775598299,0.568417347098247,-0.140927581420507,-0.000431763827841421,0.568417347098247,0.568417347098247,-0.0448185714999478,-0.0117478724388528,-0.0117478724388528,0,0,0,0,0,0,0,0,0,0,0,0,0,1,475,0,0,0,0,0,0,0
0.475,0.523598775598299,0.568276352865333,-0.141059454143213,-0.000415815359946888,0.568276352865333,0.568276352865333,-0.0446775772670337,-0.0117397160073482,-0.0117397160073482,0,0,0,0,0,0,0,0,0,0,0,0,0,1,476,0,0,0,0,0,0,0
0.476,0.523598775598299,0.568135231036395,-0.141182797153533,-0.000400121430246096,0.568135231036395,0.568135231036395,-0.0445364554380966,-0.0117311713468481,-0.0117311713468481,0,0,0,0,0,0,0,0,0,0,0,0,0,1,477,0,0,0,0,0,0,0
0.477,0.523598775598299,0.567993990070892,-0.141297750454885,-0.000384676522362784,0.567993990070892,0.567993990070892,-0.0443952144725933,-0.0117222433143795,-0.0117222433143795,0,0,0,0,0,0,0,0,0,0,0,0,0,1,478,0,0,0,0,0,0,0
0.478,0.523598775598299,0.567852638289783,-0.141404451049218,-0.000369475249059207,0.567852638289783,0.567852638289783,-0.0442538626914843,-0.0117129366831377,-0.0117129366831377,0,0,0,0,0,0,0,0,0,0,0,0,0,1,479,0,0,0,0,0,0,0
0.479,0.523598775598299,0.567711183878498,-0.141503033007805,-0.000354512351683446,0.567711183878498,0.567711183878498,-0.044112408280199,-0.0117032561469586,-0.0117032561469586,0,0,0,0,0,0,0,0,0,0,0,0,0,1,480,0,0,0,0,0,0,0
0.48,0.523598775598299,0.56756963488983,-0.141593627541645,-0.00033978269945401,0.56756963488983,0.56756963488983,-0.0439708592915315,-0.011693206324596,-0.011693206324596,0,0,0,0,0,0,0,0,0,0,0,0,0,1,481,0,0,0,0,0,0,0
0.481,0.523598775598299,0.567427999246765,-0.141676363071392,-0.00032528128859307,0.567427999246765,0.567427999246765,-0.0438292236484663,-0.0116827917638033,-0.0116827917638033,0,0,0,0,0,0,0,0,0,0,0,0,0,1,482,0,0,0,0,0,0,0
0.482,0.523598775598299,0.567286284745232,-0.141751365296741,-0.000311003241317009,0.567286284745232,0.567286284745232,-0.0436875091469331,-0.0116720169452254,-0.0116720169452254,0,0,0,0,0,0,0,0,0,0,0,0,0,1,483,0,0,0,0,0,0,0
0.483,0.523598775598299,0.567144499056793,-0.141818757265176,-0.000296943804693278,0.567144499056793,0.567144499056793,-0.0435457234584937,-0.0116608862861068,-0.0116608862861068,0,0,0,0,0,0,0,0,0,0,0,0,0,1,484,0,0,0,0,0,0,0
0.484,0.523598775598299,0.567002649731259,-0.141878659440042,-0.000283098349372964,0.567002649731259,0.567002649731259,-0.0434038741329605,-0.0116494041438201,-0.0116494041438201,0,0,0,0,0,0,0,0,0,0,0,0,0,1,485,0,0,0,0,0,0,0
0.485,0.523598775598299,0.566860744199245,-0.141931189767847,-0.000269462368207906,0.566860744199245,0.566860744199245,-0.0432619686009462,-0.0116375748192165,-0.0116375748192165,0,0,0,0,0,0,0,0,0,0,0,0,0,1,486,0,0,0,0,0,0,0
0.486,0.523598775598299,0.566718789774647,-0.141976463744763,-0.000256031474759858,0.566718789774647,0.566718789774647,-0.0431200141763477,-0.0116254025598082,-0.0116254025598082,0,0,0,0,0,0,0,0,0,0,0,0,0,1,487,0,0,0,0,0,0,0
0.487,0.523598775598299,0.566576793657063,-0.142014594482245,-0.000242801401710826,0.566576793657063,0.566576793657063,-0.0429780180587638,-0.0116128915627844,-0.0116128915627844,0,0,0,0,0,0,0,0,0,0,0,0,0,1,488,0,0,0,0,0,0,0
0.488,0.523598775598299,0.566434762934146,-0.142045692771743,-0.000229767999182096,0.566434762934146,0.566434762934146,-0.0428359873358468,-0.0116000459778626,-0.0116000459778626,0,0,0,0,0,0,0,0,0,0,0,0,0,1,489,0,0,0,0,0,0,0
0.489,0.523598775598299,0.56629270458389,-0.14206986714844,-0.000216927232968825,0.56629270458389,0.56629270458389,-0.0426939289855913,-0.0115868699099881,-0.0115868699099881,0,0,0,0,0,0,0,0,0,0,0,0,0,1,490,0,0,0,0,0,0,0
0.49,0.523598775598299,0.566150625476857,-0.14208722395399,-0.000204275182698731,0.566150625476857,0.566150625476857,-0.0425518498785585,-0.0115733674218787,-0.0115733674218787,0,0,0,0,0,0,0,0,0,0,0,0,0,1,491,0,0,0,0,0,0,0
0.491,0.523598775598299,0.566008532378338,-0.142097867398204,-0.000191808039921043,0.566008532378338,0.566008532378338,-0.0424097567800389,-0.0115595425364219,-0.0115595425364219,0,0,0,0,0,0,0,0,0,0,0,0,0,1,492,0,0,0,0,0,0,0
0.492,0.523598775598299,0.565866431950453,-0.142101899619662,-0.000179522106132605,0.565866431950453,0.565866431950453,-0.042267656352154,-0.0115453992389327,-0.0115453992389327,0,0,0,0,0,0,0,0,0,0,0,0,0,1,493,0,0,0,0,0,0,0
0.493,0.523598775598299,0.565724330754196,-0.142099420745213,-0.000167413790748429,0.565724330754196,0.565724330754196,-0.0421255551558976,-0.0115309414792701,-0.0115309414792701,0,0,0,0,0,0,0,0,0,0,0,0,0,1,494,0,0,0,0,0,0,0
0.494,0.523598775598299,0.565582235251416,-0.142090528948336,-0.00015547960902164,0.565582235251416,0.565582235251416,-0.0419834596531177,-0.011516173173822,-0.011516173173822,0,0,0,0,0,0,0,0,0,0,0,0,0,1,495,0,0,0,0,0,0,0
0.495,0.523598775598299,0.565440151806741,-0.14207532050634,-0.000143716179919718,0.565440151806741,0.565440151806741,-0.041841376208442,-0.0115010982073629,-0.0115010982073629,0,0,0,0,0,0,0,0,0,0,0,0,0,1,496,0,0,0,0,0,0,0
0.496,0.523598775598299,0.565298086689444,-0.14205388985638,-0.000132120223962862,0.565298086689444,0.565298086689444,-0.0416993110911456,-0.0114857204347862,-0.0114857204347862,0,0,0,0,0,0,0,0,0,0,0,0,0,1,497,0,0,0,0,0,0,0
0.497,0.523598775598299,0.565156046075262,-0.142026329650275,-0.000120688561029684,0.565156046075262,0.565156046075262,-0.0415572704769632,-0.011470043682717,-0.011470043682717,0,0,0,0,0,0,0,0,0,0,0,0,0,1,498,0,0,0,0,0,0,0
0.498,0.523598775598299,0.565014036048147,-0.141992730808103,-0.000109418108135154,0.565014036048147,0.565014036048147,-0.0414152604498486,-0.0114540717510119,-0.0114540717510119,0,0,0,0,0,0,0,0,0,0,0,0,0,1,499,0,0,0,0,0,0,0
0.499,0.523598775598299,0.564872062601978,-0.141953182570578,-9.83058771869181e-05,0.564872062601978,0.564872062601978,-0.041273287003679,-0.0114378084141476,-0.0114378084141476,0,0,0,0,0,0,0,0,0,0,0,0,0,1,500,0,0,0,0,0,0,0
0.5,0.523598775598299,0.564730131642209,-0.141907772550179,-8.73489727237489e-05,0.564730131642209,0.564730131642209,-0.0411313560439097,-0.0114212574225018,-0.0114212574225018,0,0,0,0,0,0,0,0,0,0,0,0,0,1,501,0,0,0,0,0,0,0
0.501,0.523598775598299,0.564588248987475,-0.141856586781038,-7.65445896409676e-05,0.564588248987475,0.564588248987475,-0.0409894733891762,-0.0114044225035348,-0.0114044225035348,0,0,0,0,0,0,0,0,0,0,0,0,0,1,502,0,0,0,0,0,0,0
0.502,0.523598775598299,0.564446420371148,-0.14179970976758,-6.58900109073621e-05,0.564446420371148,0.564446420371148,-0.0408476447728492,-0.0113873073628734,-0.0113873073628734,0,0,0,0,0,0,0,0,0,0,0,0,0,1,503,0,0,0,0,0,0,0
0.503,0.523598775598299,0.564304651442839,-0.141737224531909,-5.53826052779077e-05,0.564304651442839,0.564304651442839,-0.0407058758445399,-0.0113699156853003,-0.0113699156853003,0,0,0,0,0,0,0,0,0,0,0,0,0,1,504,0,0,0,0,0,0,0
0.504,0.523598775598299,0.564162947769858,-0.141669212659934,-4.50198250058465e-05,0.564162947769858,0.564162947769858,-0.0405641721715593,-0.0113522511356553,-0.0113522511356553,0,0,0,0,0,0,0,0,0,0,0,0,0,1,505,0,0,0,0,0,0,0
0.505,0.523598775598299,0.56402131483863,-0.141595754346255,-3.47992035577291e-05,0.56402131483863,0.56402131483863,-0.0404225392403316,-0.0113343173596498,-0.0113343173596498,0,0,0,0,0,0,0,0,0,0,0,0,0,1,506,0,0,0,0,0,0,0
0.506,0.523598775598299,0.563879758056063,-0.141516928437795,-2.47183533351207e-05,0.563879758056063,0.563879758056063,-0.0402809824577641,-0.0113161179846039,-0.0113161179846039,0,0,0,0,0,0,0,0,0,0,0,0,0,1,507,0,0,0,0,0,0,0
0.507,0.523598775598299,0.563738282750872,-0.141432812476188,-1.47749634067966e-05,0.563738282750872,0.563738282750872,-0.0401395071525734,-0.0112976566201014,-0.0112976566201014,0,0,0,0,0,0,0,0,0,0,0,0,0,1,508,0,0,0,0,0,0,0
0.508,0.523598775598299,0.563596894174868,-0.141343482738935,-4.96679725356516e-06,0.563596894174868,0.563596894174868,-0.0399981185765697,-0.0112789368585742,-0.0112789368585742,0,0,0,0,0,0,0,0,0,0,0,0,0,1,509,0,0,0,0,0,0,0
0.509,0.523598775598299,0.5634555975042,-0.141249014279329,4.70830947091935e-06,0.5634555975042,0.5634555975042,-0.039856821905901,-0.0112599622758162,-0.0112599622758162,0,0,0,0,0,0,0,0,0,0,0,0,0,1,510,0,0,0,0,0,0,0
0.51,0.523598775598299,0.563314397840557,-0.141149480965172,1.4252451160338e-05,0.563314397840557,0.563314397840557,-0.0397156222422581,-0.0112407364314299,-0.0112407364314299,0,0,0,0,0,0,0,0,0,0,0,0,0,1,511,0,0,0,0,0,0,0
0.511,0.523598775598299,0.56317330021234,-0.141044955516274,2.36676544549713e-05,0.56317330021234,0.56317330021234,-0.039574524614041,-0.0112212628692117,-0.0112212628692117,0,0,0,0,0,0,0,0,0,0,0,0,0,1,512,0,0,0,0,0,0,0
0.512,0.523598775598299,0.563032309575788,-0.140935509540771,3.29558804168482e-05,0.563032309575788,0.563032309575788,-0.0394335339774888,-0.0112015451174775,-0.0112015451174775,0,0,0,0,0,0,0,0,0,0,0,0,0,1,513,0,0,0,0,0,0,0
0.513,0.523598775598299,0.562891430816073,-0.140821213570256,4.21190266791157e-05,0.562891430816073,0.562891430816073,-0.0392926552177737,-0.0111815866893305,-0.0111815866893305,0,0,0,0,0,0,0,0,0,0,0,0,0,1,514,0,0,0,0,0,0,0
0.514,0.523598775598299,0.562750668748359,-0.140702137093758,5.1158929567756e-05,0.562750668748359,0.562750668748359,-0.0391518931500598,-0.0111613910828776,-0.0111613910828776,0,0,0,0,0,0,0,0,0,0,0,0,0,1,515,0,0,0,0,0,0,0
0.515,0.523598775598299,0.562610028118829,-0.140578348590561,6.00773661934896e-05,0.562610028118829,0.562610028118829,-0.0390112525205306,-0.0111409617813976,-0.0111409617813976,0,0,0,0,0,0,0,0,0,0,0,0,0,1,516,0,0,0,0,0,0,0
0.516,0.523598775598299,0.56246951360568,-0.140449915561903,6.88760565112734e-05,0.56246951360568,0.56246951360568,-0.0388707380073813,-0.0111203022534592,-0.0111203022534592,0,0,0,0,0,0,0,0,0,0,0,0,0,1,517,0,0,0,0,0,0,0
0.517,0.523598775598299,0.562329129820081,-0.140316904561558,7.75566653477e-05,0.562329129820081,0.562329129820081,-0.0387303542217822,-0.011099415952998,-0.011099415952998,0,0,0,0,0,0,0,0,0,0,0,0,0,1,518,0,0,0,0,0,0,0
0.518,0.523598775598299,0.56218888130711,-0.140179381225333,8.61208043931362e-05,0.56218888130711,0.56218888130711,-0.0385901057088115,-0.0110783063193522,-0.0110783063193522,0,0,0,0,0,0,0,0,0,0,0,0,0,1,519,0,0,0,0,0,0,0
0.519,0.523598775598299,0.562048772546657,-0.14003741029948,9.4570034157835e-05,0.562048772546657,0.562048772546657,-0.0384499969483584,-0.0110569767772588,-0.0110569767772588,0,0,0,0,0,0,0,0,0,0,0,0,0,1,520,0,0,0,0,0,0,0
0.52,0.523598775598299,0.561908807954298,-0.139891055668067,0.000102905865891429,0.561908807954298,0.561908807954298,-0.0383100323559992,-0.0110354307368163,-0.0110354307368163,0,0,0,0,0,0,0,0,0,0,0,0,0,1,521,0,0,0,0,0,0,0
0.521,0.523598775598299,0.561768991882145,-0.13974038037931,0.000111129763463701,0.561768991882145,0.561768991882145,-0.0381702162838464,-0.0110136715934144,-0.0110136715934144,0,0,0,0,0,0,0,0,0,0,0,0,0,1,522,0,0,0,0,0,0,0
0.522,0.523598775598299,0.56162932861967,-0.139585446670898,0.000119243145206173,0.56162932861967,0.56162932861967,-0.0380305530213716,-0.0109917027276313,-0.0109917027276313,0,0,0,0,0,0,0,0,0,0,0,0,0,1,523,0,0,0,0,0,0,0
0.523,0.523598775598299,0.561489822394502,-0.139426315994325,0.000127247385714139,0.561489822394502,0.561489822394502,-0.0378910467962036,-0.0109695275051056,-0.0109695275051056,0,0,0,0,0,0,0,0,0,0,0,0,0,1,524,0,0,0,0,0,0,0
0.524,0.523598775598299,0.561350477373202,-0.139263049038261,0.000135143817607662,0.561350477373202,0.561350477373202,-0.0377517017749032,-0.0109471492763813,-0.0109471492763813,0,0,0,0,0,0,0,0,0,0,0,0,0,1,525,0,0,0,0,0,0,0
0.525,0.523598775598299,0.561211297662013,-0.139095705750978,0.00014293373325129,0.561211297662013,0.561211297662013,-0.0376125220637145,-0.01092457137673,-0.01092457137673,0,0,0,0,0,0,0,0,0,0,0,0,0,1,526,0,0,0,0,0,0,0
0.526,0.523598775598299,0.561072287307593,-0.138924345361848,0.000150618386432021,0.561072287307593,0.561072287307593,-0.0374735117092946,-0.0109017971259518,-0.0109017971259518,0,0,0,0,0,0,0,0,0,0,0,0,0,1,527,0,0,0,0,0,0,0
0.527,0.523598775598299,0.560933450297721,-0.138749026401952,0.000158198993994919,0.560933450297721,0.560933450297721,-0.037334674699422,-0.010878829828156,-0.010878829828156,0,0,0,0,0,0,0,0,0,0,0,0,0,1,528,0,0,0,0,0,0,0
0.528,0.523598775598299,0.560794790561984,-0.138569806723812,0.0001656767374364,0.560794790561984,0.560794790561984,-0.0371960149636849,-0.0108556727715262,-0.0108556727715262,0,0,0,0,0,0,0,0,0,0,0,0,0,1,529,0,0,0,0,0,0,0
0.529,0.523598775598299,0.560656311972449,-0.138386743520264,0.000173052764454581,0.560656311972449,0.560656311972449,-0.0370575363741504,-0.0108323292280701,-0.0108323292280701,0,0,0,0,0,0,0,0,0,0,0,0,0,1,530,0,0,0,0,0,0,0
0.53,0.523598775598299,0.560518018344314,-0.138199893342516,0.000180328190456509,0.560518018344314,0.560518018344314,-0.0369192427460153,-0.0108088024533541,-0.0108088024533541,0,0,0,0,0,0,0,0,0,0,0,0,0,1,531,0,0,0,0,0,0,0
0.531,0.523598775598299,0.560379913436537,-0.138009312117392,0.000187504100022628,0.560379913436537,0.560379913436537,-0.0367811378382387,-0.0107850956862283,-0.0107850956862283,0,0,0,0,0,0,0,0,0,0,0,0,0,1,532,0,0,0,0,0,0,0
0.532,0.523598775598299,0.560242000952457,-0.137815055163793,0.000194581548328038,0.560242000952457,0.560242000952457,-0.0366432253541578,-0.0107612121485389,-0.0107612121485389,0,0,0,0,0,0,0,0,0,0,0,0,0,1,533,0,0,0,0,0,0,0
0.533,0.523598775598299,0.560104284540388,-0.137617177208415,0.000201561562521291,0.560104284540388,0.560104284540388,-0.0365055089420888,-0.0107371550448356,-0.0107371550448356,0,0,0,0,0,0,0,0,0,0,0,0,0,1,534,0,0,0,0,0,0,0
0.534,0.523598775598299,0.55996676779421,-0.137415732400713,0.000208445143059574,0.55996676779421,0.55996676779421,-0.0363679921959108,-0.0107129275620675,-0.0107129275620675,0,0,0,0,0,0,0,0,0,0,0,0,0,1,535,0,0,0,0,0,0,0
0.535,0.523598775598299,0.559829454253935,-0.137210774327171,0.000215233265002274,0.559829454253935,0.559829454253935,-0.0362306786556361,-0.0106885328692778,-0.0106885328692778,0,0,0,0,0,0,0,0,0,0,0,0,0,1,536,0,0,0,0,0,0,0
0.536,0.523598775598299,0.559692347406265,-0.137002356024873,0.000221926879261429,0.559692347406265,0.559692347406265,-0.0360935718079662,-0.0106639741172908,-0.0106639741172908,0,0,0,0,0,0,0,0,0,0,0,0,0,1,537,0,0,0,0,0,0,0
0.537,0.523598775598299,0.559555450685134,-0.136790529994419,0.000228526913810786,0.559555450685134,0.559555450685134,-0.0359566750868351,-0.0106392544383986,-0.0106392544383986,0,0,0,0,0,0,0,0,0,0,0,0,0,1,538,0,0,0,0,0,0,0
0.538,0.523598775598299,0.559418767472238,-0.136575348212187,0.000235034274852698,0.559418767472238,0.559418767472238,-0.035819991873939,-0.0106143769460437,-0.0106143769460437,0,0,0,0,0,0,0,0,0,0,0,0,0,1,539,0,0,0,0,0,0,0
0.539,0.523598775598299,0.559282301097554,-0.136356862141987,0.000241449847944201,0.559282301097554,0.559282301097554,-0.0356835254992554,-0.010589344734503,-0.010589344734503,0,0,0,0,0,0,0,0,0,0,0,0,0,1,540,0,0,0,0,0,0,0
0.54,0.523598775598299,0.559146054839848,-0.136135122746112,0.000247774499082186,0.559146054839848,0.559146054839848,-0.035547279241549,-0.0105641608785701,-0.0105641608785701,0,0,0,0,0,0,0,0,0,0,0,0,0,1,541,0,0,0,0,0,0,0
0.541,0.523598775598299,0.559010031927168,-0.135910180495815,0.000254009075748639,0.559010031927168,0.559010031927168,-0.0354112563288693,-0.0105388284332418,-0.0105388284332418,0,0,0,0,0,0,0,0,0,0,0,0,0,1,542,0,0,0,0,0,0,0
0.542,0.523598775598299,0.558874235537334,-0.135682085381231,0.000260154407915651,0.558874235537334,0.558874235537334,-0.0352754599390352,-0.010513350433403,-0.010513350433403,0,0,0,0,0,0,0,0,0,0,0,0,0,1,543,0,0,0,0,0,0,0
0.543,0.523598775598299,0.558738668798412,-0.135450886920768,0.000266211309012255,0.558738668798412,0.558738668798412,-0.0351398932001128,-0.0104877298935204,-0.0104877298935204,0,0,0,0,0,0,0,0,0,0,0,0,0,1,544,0,0,0,0,0,0,0
0.544,0.523598775598299,0.55860333478918,-0.135216634169989,0.000272180576851588,0.55860333478918,0.55860333478918,-0.0350045591908812,-0.0104619698073345,-0.0104619698073345,0,0,0,0,0,0,0,0,0,0,0,0,0,1,545,0,0,0,0,0,0,0
0.545,0.523598775598299,0.558468236539591,-0.134979375730002,0.000278062994521441,0.558468236539591,0.558468236539591,-0.0348694609412924,-0.0104360731475613,-0.0104360731475613,0,0,0,0,0,0,0,0,0,0,0,0,0,1,546,0,0,0,0,0,0,0
0.546,0.523598775598299,0.55833337703122,-0.134739159755377,0.000283859331236713,0.55833337703122,0.55833337703122,-0.0347346014329212,-0.0104100428655968,-0.0104100428655968,0,0,0,0,0,0,0,0,0,0,0,0,0,1,547,0,0,0,0,0,0,0
0.547,0.523598775598299,0.558198759197706,-0.134496033961616,0.000289570343155868,0.558198759197706,0.558198759197706,-0.0345999835994076,-0.0103838818912278,-0.0103838818912278,0,0,0,0,0,0,0,0,0,0,0,0,0,1,548,0,0,0,0,0,0,0
0.548,0.523598775598299,0.558064385925192,-0.134250045632194,0.000295196774161901,0.558064385925192,0.558064385925192,-0.034465610326893,-0.0103575931323513,-0.0103575931323513,0,0,0,0,0,0,0,0,0,0,0,0,0,1,549,0,0,0,0,0,0,0
0.549,0.523598775598299,0.557930260052747,-0.134001241625185,0.000300739356607965,0.557930260052747,0.557930260052747,-0.0343314844544484,-0.0103311794747006,-0.0103311794747006,0,0,0,0,0,0,0,0,0,0,0,0,0,1,550,0,0,0,0,0,0,0
0.55,0.523598775598299,0.557796384372796,-0.133749668379498,0.000306198812028701,0.557796384372796,0.557796384372796,-0.0341976087744968,-0.0103046437815778,-0.0103046437815778,0,0,0,0,0,0,0,0,0,0,0,0,0,1,551,0,0,0,0,0,0,0
0.551,0.523598775598299,0.557662761631529,-0.133495371920733,0.000311575851818663,0.557662761631529,0.557662761631529,-0.0340639860332297,-0.0102779888935984,-0.0102779888935984,0,0,0,0,0,0,0,0,0,0,0,0,0,1,552,0,0,0,0,0,0,0
0.552,0.523598775598299,0.557529394529316,-0.133238397866692,0.000316871177877331,0.557529394529316,0.557529394529316,-0.0339306189310169,-0.0102512176284407,-0.0102512176284407,0,0,0,0,0,0,0,0,0,0,0,0,0,1,553,0,0,0,0,0,0,0
0.553,0.523598775598299,0.557396285721111,-0.132978791432536,0.000322085483223036,0.557396285721111,0.557396285721111,-0.0337975101228126,-0.0102243327806072,-0.0102243327806072,0,0,0,0,0,0,0,0,0,0,0,0,0,1,554,0,0,0,0,0,0,0
0.554,0.523598775598299,0.557263437816854,-0.132716597435635,0.000327219452575256,0.557263437816854,0.557263437816854,-0.0336646622185548,-0.0101973371211943,-0.0101973371211943,0,0,0,0,0,0,0,0,0,0,0,0,0,1,555,0,0,0,0,0,0,0
0.555,0.523598775598299,0.55713085338186,-0.1324518603001,0.000332273762907262,0.55713085338186,0.55713085338186,-0.0335320777835612,-0.0101702333976725,-0.0101702333976725,0,0,0,0,0,0,0,0,0,0,0,0,0,1,556,0,0,0,0,0,0,0
0.556,0.523598775598299,0.556998534937219,-0.13218462406103,0.000337249083968871,0.556998534937219,0.556998534937219,-0.0333997593389203,-0.0101430243336776,-0.0101430243336776,0,0,0,0,0,0,0,0,0,0,0,0,0,1,557,0,0,0,0,0,0,0
0.557,0.523598775598299,0.556866484960177,-0.131914932368491,0.000342146078780723,0.556866484960177,0.556866484960177,-0.0332677093618784,-0.0101157126288102,-0.0101157126288102,0,0,0,0,0,0,0,0,0,0,0,0,0,1,558,0,0,0,0,0,0,0
0.558,0.523598775598299,0.556734705884521,-0.131642828491226,0.000346965404100974,0.556734705884521,0.556734705884521,-0.0331359302862224,-0.0100883009584467,-0.0100883009584467,0,0,0,0,0,0,0,0,0,0,0,0,0,1,559,0,0,0,0,0,0,0
0.559,0.523598775598299,0.556603200100959,-0.131368355320128,0.000351707710865329,0.556603200100959,0.556603200100959,-0.0330044245026602,-0.0100607919735636,-0.0100607919735636,0,0,0,0,0,0,0,0,0,0,0,0,0,1,560,0,0,0,0,0,0,0
0.56,0.523598775598299,0.556471969957495,-0.131091555371485,0.000356373644600125,0.556471969957495,0.556471969957495,-0.0328731943591958,-0.0100331883005683,-0.0100331883005683,0,0,0,0,0,0,0,0,0,0,0,0,0,1,561,0,0,0,0,0,0,0
0.561,0.523598775598299,0.556341017759802,-0.130812470789998,0.000360963845811154,0.556341017759802,0.556341017759802,-0.0327422421615033,-0.0100054925411442,-0.0100054925411442,0,0,0,0,0,0,0,0,0,0,0,0,0,1,562,0,0,0,0,0,0,0
0.562,0.523598775598299,0.556210345771595,-0.130531143351616,0.000365478950347403,0.556210345771595,0.556210345771595,-0.0326115701732966,-0.00997770727210552,-0.00997770727210552,0,0,0,0,0,0,0,0,0,0,0,0,0,1,563,0,0,0,0,0,0,0
0.563,0.523598775598299,0.556079956214996,-0.130247614466158,0.000369919589741626,0.556079956214996,0.556079956214996,-0.032481180616697,-0.00994983504526431,-0.00994983504526431,0,0,0,0,0,0,0,0,0,0,0,0,0,1,564,0,0,0,0,0,0,0
0.564,0.523598775598299,0.555949851270897,-0.12996192517978,0.000374286391527621,0.555949851270897,0.555949851270897,-0.0323510756725979,-0.00992187838730703,-0.00992187838730703,0,0,0,0,0,0,0,0,0,0,0,0,0,1,565,0,0,0,0,0,0,0
0.565,0.523598775598299,0.555820033079326,-0.129674116177263,0.000378579979536043,0.555820033079326,0.555820033079326,-0.0322212574810274,-0.00989383979968421,-0.00989383979968421,0,0,0,0,0,0,0,0,0,0,0,0,0,1,566,0,0,0,0,0,0,0
0.566,0.523598775598299,0.555690503739808,-0.129384227784153,0.0003828009741686,0.555690503739808,0.555690503739808,-0.032091728141509,-0.00986572175850969,-0.00986572175850969,0,0,0,0,0,0,0,0,0,0,0,0,0,1,567,0,0,0,0,0,0,0
0.567,0.523598775598299,0.555561265311718,-0.12909229996876,0.000386949992652144,0.555561265311718,0.555561265311718,-0.0319624897134188,-0.00983752671447154,-0.00983752671447154,0,0,0,0,0,0,0,0,0,0,0,0,0,1,568,0,0,0,0,0,0,0
0.568,0.523598775598299,0.555432319814642,-0.128798372344019,0.000391027649273118,0.555432319814642,0.555432319814642,-0.0318335442163428,-0.00980925709275447,-0.00980925709275447,0,0,0,0,0,0,0,0,0,0,0,0,0,1,569,0,0,0,0,0,0,0
0.569,0.523598775598299,0.55530366922873,-0.128502484169241,0.000395034555593019,0.55530366922873,0.55530366922873,-0.0317048936304311,-0.00978091529297294,-0.00978091529297294,0,0,0,0,0,0,0,0,0,0,0,0,0,1,570,0,0,0,0,0,0,0
0.57,0.523598775598299,0.555175315495049,-0.128204674351744,0.000398971320645791,0.555175315495049,0.555175315495049,-0.0315765398967504,-0.0097525036891145,-0.0097525036891145,0,0,0,0,0,0,0,0,0,0,0,0,0,1,571,0,0,0,0,0,0,0
0.571,0.523598775598299,0.555047260515934,-0.127904981448385,0.000402838551118066,0.555047260515934,0.555047260515934,-0.0314484849176356,-0.00972402462949519,-0.00972402462949519,0,0,0,0,0,0,0,0,0,0,0,0,0,1,572,0,0,0,0,0,0,0
0.572,0.523598775598299,0.554919506155338,-0.127603443667002,0.000406636851512528,0.554919506155338,0.554919506155338,-0.0313207305570394,-0.00969548043672386,-0.00969548043672386,0,0,0,0,0,0,0,0,0,0,0,0,0,1,573,0,0,0,0,0,0,0
0.573,0.523598775598299,0.554792054239179,-0.127300098867768,0.000410366824295774,0.554792054239179,0.554792054239179,-0.0311932786408805,-0.00966687340767856,-0.00966687340767856,0,0,0,0,0,0,0,0,0,0,0,0,0,1,574,0,0,0,0,0,0,0
0.574,0.523598775598299,0.554664906555689,-0.126994984564474,0.000414029070030715,0.554664906555689,0.554664906555689,-0.0310661309573906,-0.00963820581349221,-0.00963820581349221,0,0,0,0,0,0,0,0,0,0,0,0,0,1,575,0,0,0,0,0,0,0
0.575,0.523598775598299,0.554538064855759,-0.126688137925741,0.000417624187494683,0.554538064855759,0.554538064855759,-0.0309392892574606,-0.00960947989954918,-0.00960947989954918,0,0,0,0,0,0,0,0,0,0,0,0,0,1,576,0,0,0,0,0,0,0
0.576,0.523598775598299,0.554411530853283,-0.126379595776175,0.000421152773783594,0.554411530853283,0.554411530853283,-0.0308127552549845,-0.00958069788549087,-0.00958069788549087,0,0,0,0,0,0,0,0,0,0,0,0,0,1,577,0,0,0,0,0,0,0
0.577,0.523598775598299,0.554285306225503,-0.126069394597466,0.000424615424403208,0.554285306225503,0.554285306225503,-0.0306865306272037,-0.00955186196523271,-0.00955186196523271,0,0,0,0,0,0,0,0,0,0,0,0,0,1,578,0,0,0,0,0,0,0
0.578,0.523598775598299,0.554159392613347,-0.125757570529447,0.000428012733347564,0.554159392613347,0.554159392613347,-0.0305606170150486,-0.00952297430698808,-0.00952297430698808,0,0,0,0,0,0,0,0,0,0,0,0,0,1,579,0,0,0,0,0,0,0
0.579,0.523598775598299,0.554033791621779,-0.125444159371106,0.000431345293166145,0.554033791621779,0.554033791621779,-0.0304350160234806,-0.0094940370533048,-0.0094940370533048,0,0,0,0,0,0,0,0,0,0,0,0,0,1,580,0,0,0,0,0,0,0
0.58,0.523598775598299,0.55390850482013,-0.125129196581569,0.000434613695019224,0.55390850482013,0.55390850482013,-0.0303097292218316,-0.00946505232110685,-0.00946505232110685,0,0,0,0,0,0,0,0,0,0,0,0,0,1,581,0,0,0,0,0,0,0
0.581,0.523598775598299,0.553783533742443,-0.12481271728106,0.000437818528723446,0.553783533742443,0.553783533742443,-0.0301847581441445,-0.00943602220175009,-0.00943602220175009,0,0,0,0,0,0,0,0,0,0,0,0,0,1,582,0,0,0,0,0,0,0
0.582,0.523598775598299,0.553658879887809,-0.124494756251828,0.000440960382786285,0.553658879887809,0.553658879887809,-0.0300601042895103,-0.00940694876108086,-0.00940694876108086,0,0,0,0,0,0,0,0,0,0,0,0,0,1,583,0,0,0,0,0,0,0
0.583,0.523598775598299,0.553534544720706,-0.12417534793907,0.000444039844432255,0.553534544720706,0.553534544720706,-0.0299357691224073,-0.00937783403950855,-0.00937783403950855,0,0,0,0,0,0,0,0,0,0,0,0,0,1,584,0,0,0,0,0,0,0
0.584,0.523598775598299,0.553410529671335,-0.123854526451831,0.000447057499619206,0.553410529671335,0.553410529671335,-0.0298117540730359,-0.00934868005208206,-0.00934868005208206,0,0,0,0,0,0,0,0,0,0,0,0,0,1,585,0,0,0,0,0,0,0
0.585,0.523598775598299,0.553286836135955,-0.123532325563908,0.000450013933047008,0.553286836135955,0.553286836135955,-0.0296880605376558,-0.00931948878857651,-0.00931948878857651,0,0,0,0,0,0,0,0,0,0,0,0,0,1,586,0,0,0,0,0,0,0
0.586,0.523598775598299,0.553163465477219,-0.123208778714738,0.000452909728158163,0.553163465477219,0.553163465477219,-0.0295646898789197,-0.00929026221358666,-0.00929026221358666,0,0,0,0,0,0,0,0,0,0,0,0,0,1,587,0,0,0,0,0,0,0
0.587,0.523598775598299,0.553040419024507,-0.122883919010302,0.000455745467131269,0.553040419024507,0.553040419024507,-0.0294416434262079,-0.00926100226662914,-0.00926100226662914,0,0,0,0,0,0,0,0,0,0,0,0,0,1,588,0,0,0,0,0,0,0
0.588,0.523598775598299,0.55291769807426,-0.122557779224019,0.000458521730867322,0.55291769807426,0.55291769807426,-0.0293189224759614,-0.00923171086225046,-0.00923171086225046,0,0,0,0,0,0,0,0,0,0,0,0,0,1,589,0,0,0,0,0,0,0
0.589,0.523598775598299,0.552795303890312,-0.122230391797663,0.00046123909896997,0.552795303890312,0.552795303890312,-0.0291965282920128,-0.00920238989014079,-0.00920238989014079,0,0,0,0,0,0,0,0,0,0,0,0,0,1,590,0,0,0,0,0,0,0
0.59,0.523598775598299,0.552673237704218,-0.121901788842277,0.00046389814972039,0.552673237704218,0.552673237704218,-0.0290744621059191,-0.00917304121525846,-0.00917304121525846,0,0,0,0,0,0,0,0,0,0,0,0,0,1,591,0,0,0,0,0,0,0
0.591,0.523598775598299,0.55255150071559,-0.121572002139115,0.000466499460045827,0.55255150071559,0.55255150071559,-0.0289527251172911,-0.0091436666779573,-0.0091436666779573,0,0,0,0,0,0,0,0,0,0,0,0,0,1,592,0,0,0,0,0,0,0
0.592,0.523598775598299,0.552430094092421,-0.121241063140592,0.000469043605483673,0.552430094092421,0.552430094092421,-0.0288313184941227,-0.00911426809412152,-0.00911426809412152,0,0,0,0,0,0,0,0,0,0,0,0,0,1,593,0,0,0,0,0,0,0
0.593,0.523598775598299,0.552309018971418,-0.120909002971257,0.00047153116014089,0.552309018971418,0.552309018971418,-0.0287102433731194,-0.00908484725530591,-0.00908484725530591,0,0,0,0,0,0,0,0,0,0,0,0,0,1,594,0,0,0,0,0,0,0
0.594,0.523598775598299,0.552188276458325,-0.120575852428792,0.000473962696649414,0.552188276458325,0.552188276458325,-0.0285895008600259,-0.00905540592888246,-0.00905540592888246,0,0,0,0,0,0,0,0,0,0,0,0,0,1,595,0,0,0,0,0,0,0
0.595,0.523598775598299,0.552067867628251,-0.120241641985027,0.000476338786117574,0.552067867628251,0.552067867628251,-0.028469092029952,-0.00902594585819237,-0.00902594585819237,0,0,0,0,0,0,0,0,0,0,0,0,0,1,596,0,0,0,0,0,0,0
0.596,0.523598775598299,0.551947793525997,-0.119906401786987,0.000478659998078047,0.551947793525997,0.551947793525997,-0.0283490179276982,-0.0089964687627019,-0.0089964687627019,0,0,0,0,0,0,0,0,0,0,0,0,0,1,597,0,0,0,0,0,0,0
0.597,0.523598775598299,0.551828055166379,-0.11957016165797,0.000480926900433081,0.551828055166379,0.551828055166379,-0.0282292795680801,-0.00896697633816504,-0.00896697633816504,0,0,0,0,0,0,0,0,0,0,0,0,0,1,598,0,0,0,0,0,0,0
0.598,0.523598775598299,0.55170865353455,-0.119232951098645,0.000483140059396619,0.55170865353455,0.55170865353455,-0.0281098779362511,-0.00893747025678876,-0.00893747025678876,0,0,0,0,0,0,0,0,0,0,0,0,0,1,599,0,0,0,0,0,0,0
0.599,0.523598775598299,0.551589589586324,-0.118894799288189,0.000485300039434455,0.551589589586324,0.551589589586324,-0.0279908139880252,-0.0089079521674055,-0.0089079521674055,0,0,0,0,0,0,0,0,0,0,0,0,0,1,600,0,0,0,0,0,0,0
0.6,0.523598775598299,0.551470864248496,-0.118555735085451,0.000487407403201655,0.551470864248496,0.551470864248496,-0.0278720886501971,-0.00887842369564629,-0.00887842369564629,0,0,0,0,0,0,0,0,0,0,0,0,0,1,601,0,0,0,0,0,0,0
0.601,0.523598775598299,0.551352478419161,-0.118215787030152,0.000489462711478923,0.551352478419161,0.551352478419161,-0.0277537028208625,-0.00884888644412071,-0.00884888644412071,0,0,0,0,0,0,0,0,0,0,0,0,0,1,602,0,0,0,0,0,0,0
0.602,0.523598775598299,0.551234432968035,-0.117874983344119,0.000491466523106977,0.551234432968035,0.551234432968035,-0.0276356573697366,-0.00881934199259936,-0.00881934199259936,0,0,0,0,0,0,0,0,0,0,0,0,0,1,603,0,0,0,0,0,0,0
0.603,0.523598775598299,0.55111672873677,-0.117533351932549,0.000493419394919796,0.55111672873677,0.55111672873677,-0.0275179531384708,-0.00878979189819928,-0.00878979189819928,0,0,0,0,0,0,0,0,0,0,0,0,0,1,604,0,0,0,0,0,0,0
0.604,0.523598775598299,0.550999366539268,-0.117190920385315,0.000495321881677062,0.550999366539268,0.550999366539268,-0.0274005909409692,-0.00876023769557358,-0.00876023769557358,0,0,0,0,0,0,0,0,0,0,0,0,0,1,605,0,0,0,0,0,0,0
0.605,0.523598775598299,0.550882347162002,-0.1168477159783,0.000497174535995736,0.550882347162002,0.550882347162002,-0.0272835715637035,-0.00873068089710481,-0.00873068089710481,0,0,0,0,0,0,0,0,0,0,0,0,0,1,606,0,0,0,0,0,0,0
0.606,0.523598775598299,0.550765671364324,-0.116503765674772,0.000498977908280728,0.550765671364324,0.550765671364324,-0.0271668957660256,-0.00870112299309835,-0.00870112299309835,0,0,0,0,0,0,0,0,0,0,0,0,0,1,607,0,0,0,0,0,0,0
0.607,0.523598775598299,0.550649339878779,-0.116159096126796,0.000500732546656014,0.550649339878779,0.550649339878779,-0.0270505642804797,-0.00867156545198043,-0.00867156545198043,0,0,0,0,0,0,0,0,0,0,0,0,0,1,608,0,0,0,0,0,0,0
0.608,0.523598775598299,0.550533353411412,-0.115813733676674,0.000502438996895372,0.550533353411412,0.550533353411412,-0.0269345778131134,-0.00864200972049965,-0.00864200972049965,0,0,0,0,0,0,0,0,0,0,0,0,0,1,609,0,0,0,0,0,0,0
0.609,0.523598775598299,0.550417712642085,-0.115467704358432,0.000504097802352776,0.550417712642085,0.550417712642085,-0.0268189370437859,-0.00861245722392749,-0.00861245722392749,0,0,0,0,0,0,0,0,0,0,0,0,0,1,610,0,0,0,0,0,0,0
0.61,0.523598775598299,0.550302418224775,-0.115121033899335,0.000505709503893746,0.550302418224775,0.550302418224775,-0.0267036426264761,-0.00858290936626314,-0.00858290936626314,0,0,0,0,0,0,0,0,0,0,0,0,0,1,611,0,0,0,0,0,0,0
0.611,0.523598775598299,0.550187470787887,-0.114773747721439,0.000507274639826867,0.550187470787887,0.550187470787887,-0.0265886951895883,-0.00855336753044009,-0.00855336753044009,0,0,0,0,0,0,0,0,0,0,0,0,0,1,612,0,0,0,0,0,0,0
0.612,0.523598775598299,0.550072870934555,-0.114425870943184,0.000508793745835738,0.550072870934555,0.550072870934555,-0.0264740953362566,-0.00852383307853219,-0.00852383307853219,0,0,0,0,0,0,0,0,0,0,0,0,0,1,613,0,0,0,0,0,0,0
0.613,0.523598775598299,0.549958619242947,-0.114077428381011,0.000510267354912249,0.549958619242947,0.549958619242947,-0.0263598436446477,-0.00849430735196396,-0.00849430735196396,0,0,0,0,0,0,0,0,0,0,0,0,0,1,614,0,0,0,0,0,0,0
0.614,0.523598775598299,0.549844716266562,-0.113728444551024,0.000511695997290216,0.549844716266562,0.549844716266562,-0.0262459406682627,-0.00846479167172093,-0.00846479167172093,0,0,0,0,0,0,0,0,0,0,0,0,0,1,615,0,0,0,0,0,0,0
0.615,0.523598775598299,0.549731162534534,-0.113378943670682,0.000513080200380107,0.549731162534534,0.549731162534534,-0.0261323869362355,-0.00843528733855969,-0.00843528733855969,0,0,0,0,0,0,0,0,0,0,0,0,0,1,616,0,0,0,0,0,0,0
0.616,0.523598775598299,0.54961795855193,-0.113028949660522,0.000514420488705346,0.54961795855193,0.54961795855193,-0.0260191829536314,-0.00840579563322039,-0.00840579563322039,0,0,0,0,0,0,0,0,0,0,0,0,0,1,617,0,0,0,0,0,0,0
0.617,0.523598775598299,0.549505104800042,-0.112678486145918,0.00051571738383972,0.549505104800042,0.549505104800042,-0.0259063292017429,-0.00837631781664076,-0.00837631781664076,0,0,0,0,0,0,0,0,0,0,0,0,0,1,618,0,0,0,0,0,0,0
0.618,0.523598775598299,0.549392601736683,-0.11232757645887,0.000516971404345735,0.549392601736683,0.549392601736683,-0.0257938261383838,-0.00834685513016768,-0.00834685513016768,0,0,0,0,0,0,0,0,0,0,0,0,0,1,619,0,0,0,0,0,0,0
0.619,0.523598775598299,0.549280449796481,-0.111976243639825,0.000518183065715192,0.549280449796481,0.549280449796481,-0.025681674198182,-0.00831740879577229,-0.00831740879577229,0,0,0,0,0,0,0,0,0,0,0,0,0,1,620,0,0,0,0,0,0,0
0.62,0.523598775598299,0.549168649391169,-0.111624510439528,0.000519352880310758,0.549168649391169,0.549168649391169,-0.02556987379287,-0.00828798001626355,-0.00828798001626355,0,0,0,0,0,0,0,0,0,0,0,0,0,1,621,0,0,0,0,0,0,0
0.621,0.523598775598299,0.549057200909872,-0.111272399320901,0.000520481357309418,0.549057200909872,0.549057200909872,-0.0254584253115734,-0.00825856997550214,-0.00825856997550214,0,0,0,0,0,0,0,0,0,0,0,0,0,1,622,0,0,0,0,0,0,0
0.622,0.523598775598299,0.548946104719397,-0.110919932460955,0.000521569002647699,0.548946104719397,0.548946104719397,-0.0253473291210983,-0.00822917983861586,-0.00822917983861586,0,0,0,0,0,0,0,0,0,0,0,0,0,1,623,0,0,0,0,0,0,0
0.623,0.523598775598299,0.548835361164514,-0.110567131752723,0.000522616318968254,0.548835361164514,0.548835361164514,-0.0252365855662156,-0.00819981075221164,-0.00819981075221164,0,0,0,0,0,0,0,0,0,0,0,0,0,1,624,0,0,0,0,0,0,0
0.624,0.523598775598299,0.548724970568243,-0.110214018807224,0.000523623805569029,0.548724970568243,0.548724970568243,-0.0251261949699446,-0.00817046384459133,-0.00817046384459133,0,0,0,0,0,0,0,0,0,0,0,0,0,1,625,0,0,0,0,0,0,0
0.625,0.523598775598299,0.548614933232133,-0.109860614955452,0.000524591958353482,0.548614933232133,0.548614933232133,-0.0250161576338337,-0.00814114022596319,-0.00814114022596319,0,0,0,0,0,0,0,0,0,0,0,0,0,1,626,0,0,0,0,0,0,0
0.626,0.523598775598299,0.548505249436538,-0.109506941250387,0.000525521269783479,0.548505249436538,0.548505249436538,-0.0249064738382394,-0.00811184098865615,-0.00811184098865615,0,0,0,0,0,0,0,0,0,0,0,0,0,1,627,0,0,0,0,0,0,0
0.627,0.523598775598299,0.548395919440902,-0.109153018469034,0.000526412228833547,0.548395919440902,0.548395919440902,-0.0247971438426035,-0.00808256720733107,-0.00808256720733107,0,0,0,0,0,0,0,0,0,0,0,0,0,1,628,0,0,0,0,0,0,0
0.628,0.523598775598299,0.548286943484027,-0.108798867114479,0.000527265320947524,0.548286943484027,0.548286943484027,-0.0246881678857279,-0.00805331993919316,-0.00805331993919316,0,0,0,0,0,0,0,0,0,0,0,0,0,1,629,0,0,0,0,0,0,0
0.629,0.523598775598299,0.548178321784346,-0.10844450741797,0.000528081027996848,0.548178321784346,0.548178321784346,-0.0245795461860474,-0.00802410022420064,-0.00802410022420064,0,0,0,0,0,0,0,0,0,0,0,0,0,1,630,0,0,0,0,0,0,0
0.63,0.523598775598299,0.5480700545402,-0.108089959341019,0.000528859828241617,0.5480700545402,0.5480700545402,-0.0244712789419007,-0.0079949090852767,-0.0079949090852767,0,0,0,0,0,0,0,0,0,0,0,0,0,1,631,0,0,0,0,0,0,0
0.631,0.523598775598299,0.547962141930098,-0.107735242577515,0.000529602196292781,0.547962141930098,0.547962141930098,-0.024363366331799,-0.00796574752851696,-0.00796574752851696,0,0,0,0,0,0,0,0,0,0,0,0,0,1,632,0,0,0,0,0,0,0
0.632,0.523598775598299,0.547854584112991,-0.107380376555869,0.000530308603076949,0.547854584112991,0.547854584112991,-0.0242558085146926,-0.00793661654339702,-0.00793661654339702,0,0,0,0,0,0,0,0,0,0,0,0,0,1,633,0,0,0,0,0,0,0
0.633,0.523598775598299,0.547747381228534,-0.107025380441162,0.000530979515803223,0.547747381228534,0.547747381228534,-0.0241486056302349,-0.00790751710297888,-0.00790751710297888,0,0,0,0,0,0,0,0,0,0,0,0,0,1,634,0,0,0,0,0,0,0
0.634,0.523598775598299,0.547640533397344,-0.106670273137317,0.000531615397932047,0.547640533397344,0.547640533397344,-0.0240417577990454,-0.00787845016411605,-0.00787845016411605,0,0,0,0,0,0,0,0,0,0,0,0,0,1,635,0,0,0,0,0,0,0
0.635,0.523598775598299,0.547534040721268,-0.106315073289282,0.000532216709146131,0.547534040721268,0.547534040721268,-0.0239352651229688,-0.00784941666765672,-0.00784941666765672,0,0,0,0,0,0,0,0,0,0,0,0,0,1,636,0,0,0,0,0,0,0
0.636,0.523598775598299,0.547427903283633,-0.10595979928523,0.000532783905323593,0.547427903283633,0.547427903283633,-0.0238291276853343,-0.00782041753864801,-0.00782041753864801,0,0,0,0,0,0,0,0,0,0,0,0,0,1,637,0,0,0,0,0,0,0
0.637,0.523598775598299,0.547322121149508,-0.105604469258765,0.000533317438512486,0.547322121149508,0.547322121149508,-0.0237233455512096,-0.00779145368653403,-0.00779145368653403,0,0,0,0,0,0,0,0,0,0,0,0,0,1,638,0,0,0,0,0,0,0
0.638,0.523598775598299,0.547216694365954,-0.105249101091147,0.000533817756908439,0.547216694365954,0.547216694365954,-0.0236179187676554,-0.00776252600535667,-0.00776252600535667,0,0,0,0,0,0,0,0,0,0,0,0,0,1,639,0,0,0,0,0,0,0
0.639,0.523598775598299,0.547111622962275,-0.104893712413521,0.000534285304833617,0.547111622962275,0.547111622962275,-0.0235128473639766,-0.00773363537395361,-0.00773363537395361,0,0,0,0,0,0,0,0,0,0,0,0,0,1,640,0,0,0,0,0,0,0
0.64,0.523598775598299,0.54700690695027,-0.104538320609159,0.000534720522717649,0.54700690695027,0.54700690695027,-0.0234081313519707,-0.00770478265615256,-0.00770478265615256,0,0,0,0,0,0,0,0,0,0,0,0,0,1,641,0,0,0,0,0,0,0
0.641,0.523598775598299,0.546902546324474,-0.104182942815708,0.000535123847081165,0.546902546324474,0.546902546324474,-0.0233037707261753,-0.00767596870096784,-0.00767596870096784,0,0,0,0,0,0,0,0,0,0,0,0,0,1,642,0,0,0,0,0,0,0
0.642,0.523598775598299,0.546798541062411,-0.103827595927443,0.000535495710520399,0.546798541062411,0.546798541062411,-0.023199765464112,-0.00764719434279128,-0.00764719434279128,0,0,0,0,0,0,0,0,0,0,0,0,0,1,643,0,0,0,0,0,0,0
0.643,0.523598775598299,0.546694891124828,-0.103472296597533,0.000535836541694426,0.546694891124828,0.546694891124828,-0.0230961155265288,-0.00761846040158331,-0.00761846040158331,0,0,0,0,0,0,0,0,0,0,0,0,0,1,644,0,0,0,0,0,0,0
0.644,0.523598775598299,0.546591596455939,-0.103117061240305,0.000536146765314092,0.546591596455939,0.546591596455939,-0.0229928208576405,-0.00758976768306262,-0.00758976768306262,0,0,0,0,0,0,0,0,0,0,0,0,0,1,645,0,0,0,0,0,0,0
0.645,0.523598775598299,0.546488656983665,-0.102761906033511,0.000536426802132566,0.546488656983665,0.546488656983665,-0.0228898813853659,-0.00756111697889196,-0.00756111697889196,0,0,0,0,0,0,0,0,0,0,0,0,0,1,646,0,0,0,0,0,0,0
0.646,0.523598775598299,0.546386072619862,-0.102406846920608,0.000536677068938207,0.546386072619862,0.546386072619862,-0.0227872970215629,-0.00753250906686371,-0.00753250906686371,0,0,0,0,0,0,0,0,0,0,0,0,0,1,647,0,0,0,0,0,0,0
0.647,0.523598775598299,0.546283843260562,-0.102051899613025,0.000536897978548992,0.546283843260562,0.546283843260562,-0.0226850676622629,-0.00750394471108393,-0.00750394471108393,0,0,0,0,0,0,0,0,0,0,0,0,0,1,648,0,0,0,0,0,0,0
0.648,0.523598775598299,0.546181968786199,-0.101697079592444,0.000537089939808425,0.546181968786199,0.546181968786199,-0.0225831931879005,-0.00747542466215277,-0.00747542466215277,0,0,0,0,0,0,0,0,0,0,0,0,0,1,649,0,0,0,0,0,0,0
0.649,0.523598775598299,0.546080449061841,-0.101342402113076,0.000537253357583532,0.546080449061841,0.546080449061841,-0.0224816734635426,-0.00744694965734347,-0.00744694965734347,0,0,0,0,0,0,0,0,0,0,0,0,0,1,650,0,0,0,0,0,0,0
0.65,0.523598775598299,0.545979283937414,-0.100987882203933,0.000537388632764605,0.545979283937414,0.545979283937414,-0.0223805083391148,-0.00741852042078055,-0.00741852042078055,0,0,0,0,0,0,0,0,0,0,0,0,0,1,651,0,0,0,0,0,0,0
0.651,0.523598775598299,0.545878473247924,-0.100633534671103,0.000537496162266201,0.545878473247924,0.545878473247924,-0.0222796976496251,-0.00739013766361414,-0.00739013766361414,0,0,0,0,0,0,0,0,0,0,0,0,0,1,652,0,0,0,0,0,0,0
0.652,0.523598775598299,0.545778016813685,-0.100279374100019,0.000537576339030147,0.545778016813685,0.545778016813685,-0.0221792412153863,-0.00736180208419387,-0.00736180208419387,0,0,0,0,0,0,0,0,0,0,0,0,0,1,653,0,0,0,0,0,0,0
0.653,0.523598775598299,0.545677914440534,-0.0999254148577305,0.000537629552029796,0.545677914440534,0.545677914440534,-0.0220791388422349,-0.00733351436823999,-0.00733351436823999,0,0,0,0,0,0,0,0,0,0,0,0,0,1,654,0,0,0,0,0,0,0
0.654,0.523598775598299,0.545578165920047,-0.0995716710951611,0.000537656186275878,0.545578165920047,0.545578165920047,-0.0219793903217486,-0.00730527518901155,-0.00730527518901155,0,0,0,0,0,0,0,0,0,0,0,0,0,1,655,0,0,0,0,0,0,0
0.655,0.523598775598299,0.54547877102976,-0.0992181567493691,0.000537656622824119,0.54547877102976,0.54547877102976,-0.0218799954314612,-0.00727708520747453,-0.00727708520747453,0,0,0,0,0,0,0,0,0,0,0,0,0,1,656,0,0,0,0,0,0,0
0.656,0.523598775598299,0.545379729533375,-0.0988648855457987,0.000537631238783852,0.545379729533375,0.545379729533375,-0.021780953935076,-0.00724894507246674,-0.00724894507246674,0,0,0,0,0,0,0,0,0,0,0,0,0,1,657,0,0,0,0,0,0,0
0.657,0.523598775598299,0.545281041180974,-0.0985118710005255,0.000537580407328096,0.545281041180974,0.545281041180974,-0.0216822655826748,-0.00722085542085957,-0.00722085542085957,0,0,0,0,0,0,0,0,0,0,0,0,0,1,658,0,0,0,0,0,0,0
0.658,0.523598775598299,0.545182705709227,-0.0981591264224943,0.000537504497705385,0.545182705709227,0.545182705709227,-0.021583930110928,-0.00719281687772037,-0.00719281687772037,0,0,0,0,0,0,0,0,0,0,0,0,0,1,659,0,0,0,0,0,0,0
0.659,0.523598775598299,0.545084722841598,-0.0978066649157493,0.000537403875252259,0.545084722841598,0.545084722841598,-0.0214859472432989,-0.00716483005646977,-0.00716483005646977,0,0,0,0,0,0,0,0,0,0,0,0,0,1,660,0,0,0,0,0,0,0
0.66,0.523598775598299,0.544987092288548,-0.097454499381655,0.000537278901407569,0.544987092288548,0.544987092288548,-0.021388316690249,-0.00713689555904008,-0.00713689555904008,0,0,0,0,0,0,0,0,0,0,0,0,0,1,661,0,0,0,0,0,0,0
0.661,0.523598775598299,0.544889813747737,-0.0971026425211086,0.000537129933727351,0.544889813747737,0.544889813747737,-0.0212910381494383,-0.00710901397602783,-0.00710901397602783,0,0,0,0,0,0,0,0,0,0,0,0,0,1,662,0,0,0,0,0,0,0
0.662,0.523598775598299,0.544792886904224,-0.0967511068367418,0.000536957325901631,0.544792886904224,0.544792886904224,-0.0211941113059255,-0.00708118588684767,-0.00708118588684767,0,0,0,0,0,0,0,0,0,0,0,0,0,1,663,0,0,0,0,0,0,0
0.663,0.523598775598299,0.544696311430664,-0.0963999046351123,0.000536761427771772,0.544696311430664,0.544696311430664,-0.0210975358323648,-0.00705341185988285,-0.00705341185988285,0,0,0,0,0,0,0,0,0,0,0,0,0,1,664,0,0,0,0,0,0,0
0.664,0.523598775598299,0.5446000869875,-0.0960490480288841,0.000536542585348931,0.5446000869875,0.5446000869875,-0.0210013113892012,-0.0070256924526336,-0.0070256924526336,0,0,0,0,0,0,0,0,0,0,0,0,0,1,665,0,0,0,0,0,0,0
0.665,0.523598775598299,0.544504213223162,-0.0956985489389965,0.000536301140833606,0.544504213223162,0.544504213223162,-0.0209054376248627,-0.00699802821186246,-0.00699802821186246,0,0,0,0,0,0,0,0,0,0,0,0,0,1,666,0,0,0,0,0,0,0
0.666,0.523598775598299,0.54440868977425,-0.0953484190968202,0.000536037432636509,0.54440868977425,0.54440868977425,-0.0208099141759515,-0.00697041967373985,-0.00697041967373985,0,0,0,0,0,0,0,0,0,0,0,0,0,1,667,0,0,0,0,0,0,0
0.667,0.523598775598299,0.544313516265731,-0.0949986700463016,0.000535751795399878,0.544313516265731,0.544313516265731,-0.0207147406674323,-0.0069428673639868,-0.0069428673639868,0,0,0,0,0,0,0,0,0,0,0,0,0,1,668,0,0,0,0,0,0,0
0.668,0.523598775598299,0.544218692311118,-0.0946493131460929,0.000535444560019616,0.544218692311118,0.544218692311118,-0.0206199167128187,-0.00691537179801393,-0.00691537179801393,0,0,0,0,0,0,0,0,0,0,0,0,0,1,669,0,0,0,0,0,0,0
0.669,0.523598775598299,0.544124217512656,-0.0943003595716699,0.000535116053668808,0.544124217512656,0.544124217512656,-0.0205254419143575,-0.00688793348106104,-0.00688793348106104,0,0,0,0,0,0,0,0,0,0,0,0,0,1,670,0,0,0,0,0,0,0
0.67,0.523598775598299,0.544030091461509,-0.0939518203174343,0.000534766599821546,0.544030091461509,0.544030091461509,-0.0204313158632105,-0.006860552908333,-0.006860552908333,0,0,0,0,0,0,0,0,0,0,0,0,0,1,671,0,0,0,0,0,0,0
0.671,0.523598775598299,0.543936313737934,-0.0936037061988031,0.000534396518277744,0.543936313737934,0.543936313737934,-0.020337538139635,-0.00683323056513489,-0.00683323056513489,0,0,0,0,0,0,0,0,0,0,0,0,0,1,672,0,0,0,0,0,0,0
0.672,0.523598775598299,0.54384288391146,-0.0932560278542819,0.000534006125188455,0.54384288391146,0.54384288391146,-0.0202441083131616,-0.00680596692700385,-0.00680596692700385,0,0,0,0,0,0,0,0,0,0,0,0,0,1,673,0,0,0,0,0,0,0
0.673,0.523598775598299,0.543749801541069,-0.0929087957475237,0.00053359573308213,0.543749801541069,0.543749801541069,-0.0201510259427697,-0.00677876245984012,-0.00677876245984012,0,0,0,0,0,0,0,0,0,0,0,0,0,1,674,0,0,0,0,0,0,0
0.674,0.523598775598299,0.543657066175361,-0.0925620201693719,0.000533165650891357,0.543657066175361,0.543657066175361,-0.0200582905770618,-0.00675161762003527,-0.00675161762003527,0,0,0,0,0,0,0,0,0,0,0,0,0,1,675,0,0,0,0,0,0,0
0.675,0.523598775598299,0.543564677352734,-0.0922157112398881,0.000532716183980374,0.543564677352734,0.543564677352734,-0.0199659017544347,-0.00672453285459966,-0.00672453285459966,0,0,0,0,0,0,0,0,0,0,0,0,0,1,676,0,0,0,0,0,0,0
0.676,0.523598775598299,0.543472634601549,-0.0918698789103627,0.000532247634172916,0.543472634601549,0.543472634601549,-0.0198738590032504,-0.00669750860128861,-0.00669750860128861,0,0,0,0,0,0,0,0,0,0,0,0,0,1,677,0,0,0,0,0,0,0
0.677,0.523598775598299,0.543380937440302,-0.0915245329653098,0.00053176029978023,0.543380937440302,0.543380937440302,-0.0197821618420029,-0.00667054528872354,-0.00667054528872354,0,0,0,0,0,0,0,0,0,0,0,0,0,1,678,0,0,0,0,0,0,0
0.678,0.523598775598299,0.543289585377783,-0.0911796830244458,0.000531254475630418,0.543289585377783,0.543289585377783,-0.0196908097794839,-0.00664364333651454,-0.00664364333651454,0,0,0,0,0,0,0,0,0,0,0,0,0,1,679,0,0,0,0,0,0,0
0.679,0.523598775598299,0.543198577913246,-0.0908353385446503,0.000530730453097688,0.543198577913246,0.543198577913246,-0.0195998023149474,-0.00661680315538019,-0.00661680315538019,0,0,0,0,0,0,0,0,0,0,0,0,0,1,680,0,0,0,0,0,0,0
0.68,0.523598775598299,0.54310791453657,-0.0904915088219104,0.000530188520132002,0.54310791453657,0.54310791453657,-0.019509138938271,-0.00659002514726524,-0.00659002514726524,0,0,0,0,0,0,0,0,0,0,0,0,0,1,681,0,0,0,0,0,0,0
0.681,0.523598775598299,0.543017594728415,-0.0901482029932476,0.000529628961289219,0.543017594728415,0.543017594728415,-0.0194188191301158,-0.00656330970545633,-0.00656330970545633,0,0,0,0,0,0,0,0,0,0,0,0,0,1,682,0,0,0,0,0,0,0
0.682,0.523598775598299,0.542927617960384,-0.0898054300386274,0.000529052057761704,0.542927617960384,0.542927617960384,-0.0193288423620848,-0.00653665721469759,-0.00653665721469759,0,0,0,0,0,0,0,0,0,0,0,0,0,1,683,0,0,0,0,0,0,0
0.683,0.523598775598299,0.542837983695177,-0.0894631987828508,0.000528458087408835,0.542837983695177,0.542837983695177,-0.0192392080968785,-0.00651006805130229,-0.00651006805130229,0,0,0,0,0,0,0,0,0,0,0,0,0,1,684,0,0,0,0,0,0,0
0.684,0.523598775598299,0.542748691386749,-0.0891215178974287,0.000527847324788255,0.542748691386749,0.542748691386749,-0.0191499157884497,-0.00648354258326481,-0.00648354258326481,0,0,0,0,0,0,0,0,0,0,0,0,0,1,685,0,0,0,0,0,0,0
0.685,0.523598775598299,0.542659740480454,-0.0887803959024379,0.000527220041187017,0.542659740480454,0.542659740480454,-0.0190609648821553,-0.00645708117036942,-0.00645708117036942,0,0,0,0,0,0,0,0,0,0,0,0,0,1,686,0,0,0,0,0,0,0
0.686,0.523598775598299,0.542571130413206,-0.0884398411683593,0.000526576504653214,0.542571130413206,0.542571130413206,-0.0189723548149071,-0.00643068416429926,-0.00643068416429926,0,0,0,0,0,0,0,0,0,0,0,0,0,1,687,0,0,0,0,0,0,0
0.687,0.523598775598299,0.54248286061362,-0.088099861917898,0.000525916980027428,0.54248286061362,0.54248286061362,-0.018884085015321,-0.00640435190874255,-0.00640435190874255,0,0,0,0,0,0,0,0,0,0,0,0,0,1,688,0,0,0,0,0,0,0
0.688,0.523598775598299,0.542394930502161,-0.0877604662277851,0.000525241728974421,0.542394930502161,0.542394930502161,-0.0187961549038627,-0.0063780847394956,-0.0063780847394956,0,0,0,0,0,0,0,0,0,0,0,0,0,1,689,0,0,0,0,0,0,0
0.689,0.523598775598299,0.542307339491292,-0.0874216620305617,0.000524551010015598,0.542307339491292,0.542307339491292,-0.0187085638929934,-0.0063518829845676,-0.0063518829845676,0,0,0,0,0,0,0,0,0,0,0,0,0,1,690,0,0,0,0,0,0,0
0.69,0.523598775598299,0.542220086985612,-0.0870834571163441,0.000523845078560859,0.542220086985612,0.542220086985612,-0.0186213113873134,-0.00632574696428249,-0.00632574696428249,0,0,0,0,0,0,0,0,0,0,0,0,0,1,691,0,0,0,0,0,0,0
0.691,0.523598775598299,0.542133172382002,-0.0867458591345709,0.000523124186940584,0.542133172382002,0.542133172382002,-0.0185343967837033,-0.00629967699137856,-0.00629967699137856,0,0,0,0,0,0,0,0,0,0,0,0,0,1,692,0,0,0,0,0,0,0
0.692,0.523598775598299,0.542046595069763,-0.0864088755957317,0.000522388584437916,0.542046595069763,0.542046595069763,-0.0184478194714639,-0.00627367337110774,-0.00627367337110774,0,0,0,0,0,0,0,0,0,0,0,0,0,1,693,0,0,0,0,0,0,0
0.693,0.523598775598299,0.541960354430753,-0.0860725138730776,0.000521638517320889,0.541960354430753,0.541960354430753,-0.0183615788324543,-0.00624773640133251,-0.00624773640133251,0,0,0,0,0,0,0,0,0,0,0,0,0,1,694,0,0,0,0,0,0,0
0.694,0.523598775598299,0.541874449839527,-0.0857367812043134,0.000520874228874734,0.541874449839527,0.541874449839527,-0.018275674241228,-0.00622186637262191,-0.00622186637262191,0,0,0,0,0,0,0,0,0,0,0,0,0,1,695,0,0,0,0,0,0,0
0.695,0.523598775598299,0.541788880663467,-0.0854016846932709,0.000520095959434127,0.541788880663467,0.541788880663467,-0.0181901050651683,-0.00619606356834666,-0.00619606356834666,0,0,0,0,0,0,0,0,0,0,0,0,0,1,696,0,0,0,0,0,0,0
0.696,0.523598775598299,0.541703646262919,-0.0850672313115649,0.000519303946415201,0.541703646262919,0.541703646262919,-0.0181048706646205,-0.0061703282647717,-0.0061703282647717,0,0,0,0,0,0,0,0,0,0,0,0,0,1,697,0,0,0,0,0,0,0
0.697,0.523598775598299,0.541618745991323,-0.08473342790023,0.000518498424347789,0.541618745991323,0.541618745991323,-0.0180199703930241,-0.00614466073114847,-0.00614466073114847,0,0,0,0,0,0,0,0,0,0,0,0,0,1,698,0,0,0,0,0,0,0
0.698,0.523598775598299,0.541534179195341,-0.0844002811713398,0.000517679624907413,0.541534179195341,0.541534179195341,-0.0179354035970418,-0.00611906122980558,-0.00611906122980558,0,0,0,0,0,0,0,0,0,0,0,0,0,1,699,0,0,0,0,0,0,0
0.699,0.523598775598299,0.541449945214987,-0.0840677977096076,0.000516847776947169,0.541449945214987,0.541449945214987,-0.0178511696166884,-0.00609353001623769,-0.00609353001623769,0,0,0,0,0,0,0,0,0,0,0,0,0,1,700,0,0,0,0,0,0,0
0.7,0.523598775598299,0.541366043383756,-0.0837359839739691,0.000516003106529657,0.541366043383756,0.541449945214987,-0.0178511696166884,-0.00629357288937092,-0.00629357288937092,0,0,0,0,0,0,0,0,0,0,1,14,0,0,0,0,1,1,0.001,0,0,0
0.701,0.523598775598299,0.541282465894534,-0.0834254393138828,0.000443709905343669,0.541282465894534,0.541449945214987,-0.0178511696166884,-0.00648986962034676,-0.00648986962034676,0,0,0,0,0,0,0,0,0,0,1,8,0,0,0,0,1,2,0.002,0,0,-7.13420833520217e-09
0.702,0.523598775598299,0.541199175346091,-0.083165819312637,0.000329375935325808,0.541199175346091,0.541449945214987,-0.0178511696166884,-0.00668254692947708,-0.00668254692947708,0,0,0,0,0,0,0,0,0,0,1,15,0,0,0,0,1,3,0.003,0,0,-5.81246786257594e-08
0.703,0.523598775598299,0.541116111476272,-0.0829741381336437,0.000191726258511841,0.541116111476272,0.541449945214987,-0.0178511696166884,-0.0068717272505206,-0.0068717272505206,0,0,0,0,0,0,0,0,0,0,1,9,0,0,0,0,1,4,0.004,0,0,-2.1254823656669e-07
0.704,0.523598775598299,0.541033201328513,-0.0828593793645211,4.26232830643379e-05,0.541033201328513,0.541449945214987,-0.0178511696166884,-0.00705752887568363,-0.00705752887568363,0,0,0,0,0,0,0,0,0,0,1,13,0,0,0,0,1,5,0.005,0,0,-5.42670089309638e-07
0.705,0.523598775598299,0.540950365692809,-0.0828254572140208,-0.000110476478720867,0.540950365692809,0.541449945214987,-0.0178511696166884,-0.00724006609571588,-0.00724006609571588,0,0,0,0,0,0,0,0,0,0,1,13,0,0,0,0,1,6,0.006,0,0,-1.12700296772683e-06
0.706,0.523598775598299,0.540867523154853,-0.08287311682084,-0.000262942533520286,0.540867523154853,0.541449945214987,-0.0178511696166884,-0.00741944933526727,-0.00741944933526727,0,0,0,0,0,0,0,0,0,0,1,11,0,0,0,0,1,7,0.007,0,0,-2.04625811350834e-06
0.707,0.523598775598299,0.540784592610973,-0.0830011523686951,-0.000411954544072586,0.540784592610973,0.541449945214987,-0.0178511696166884,-0.00759578528366597,-0.00759578528366597,0,0,0,0,0,0,0,0,0,0,1,13,0,0,0,0,1,8,0.008,0,0,-3.38083045425819e-06
0.708,0.523598775598299,0.540701494800363,-0.0832071865840972,-0.000555849237766932,0.540701494800363,0.541449945214987,-0.0178511696166884,-0.00776917702127283,-0.00776917702127283,0,0,0,0,0,0,0,0,0,0,1,10,0,0,0,0,1,9,0.009,0,0,-5.20926648706066e-06
0.709,0.523598775598299,0.540618153209142,-0.0834881682827417,-0.000693700643684781,0.540618153209142,0.541282465894534,-0.0176836902962347,-0.00748958478527095,-0.00748958478527095,0,0,0,0,0,0,0,0,0,0,1,14,0,1,702,8,0,8,0.008,0,0,-7.60736033111886e-06
0.71,0.523598775598299,0.540534508814961,-0.0837995823055629,-0.000682454686981051,0.540534508814961,0.541282465894534,-0.0176836902962347,-0.00766322021311953,-0.00766322021311953,0,0,0,0,0,0,0,0,0,0,1,16,0,0,0,0,1,9,0.009,0,0,-1.06334092346838e-05
0.711,0.523598775598299,0.540450550972784,-0.0841196222348037,-0.000722681180928429,0.540450550972784,0.541282465894534,-0.0176836902962347,-0.00783397444036462,-0.00783397444036462,0,0,0,0,0,0,0,0,0,0,1,15,0,0,0,0,1,10,0.01,0,0,-1.42973279063652e-05
0.712,0.523598775598299,0.540366259421483,-0.0844696890528417,-0.000793306248420128,0.540366259421483,0.541116111476272,-0.0175173358779735,-0.00755482900721121,-0.00755482900721121,0,0,0,0,0,0,0,0,0,0,1,14,1,1,704,9,0,9,0.009,0,0,-1.8618642022683e-05
0.713,0.523598775598299,0.54028161151347,-0.0848212938738845,-0.00073927171115028,0.54028161151347,0.541116111476272,-0.0175173358779735,-0.00772590741970933,-0.00772590741970933,0,0,0,0,0,0,0,0,0,0,1,8,0,0,0,0,1,10,0.01,0,0,-2.36192587083073e-05
0.714,0.523598775598299,0.540196619931214,-0.0851629044488342,-0.000751459580031338,0.540196619931214,0.541116111476272,-0.0175173358779735,-0.00789416297780898,-0.00789416297780898,0,0,0,0,0,0,0,0,0,0,1,15,0,0,0,0,1,11,0.011,0,1,-2.92857501245081e-05
0.715,0.523598775598299,0.540111279611181,-0.0855223032641344,-0.000803571404318697,0.540111279611181,0.541116111476272,-0.0175173358779735,-0.00805969116987517,-0.00805969116987517,0,0,0,0,0,0,0,0,0,0,1,10,0,0,0,0,1,12,0.012,0,0,-3.56224296323981e-05
0.716,0.523598775598299,0.540025563787785,-0.0859159562855326,-0.000878824310301104,0.540025563787785,0.541116111476272,-0.0175173358779735,-0.00822258425419918,-0.00822258425419918,0,0,0,0,0,0,0,0,0,0,1,12,0,0,0,0,1,13,0.013,0,0,-4.26553079474479e-05
0.717,0.523598775598299,0.539939433105211,-0.0863531205528933,-0.00096654991943508,0.539939433105211,0.540867523154853,-0.0172687475565546,-0.00771479283819318,-0.00771479283819318,0,0,0,0,0,0,0,0,0,0,1,15,0,1,707,11,0,11,0.011,2,0,-5.04229814175527e-05
0.718,0.523598775598299,0.539852862547437,-0.08677746907197,-0.000848353204109549,0.539852862547437,0.540701494800363,-0.017102719202064,-0.00743510392541043,-0.00743510392541043,0,0,0,0,0,0,0,0,0,0,1,10,0,1,709,10,0,10,0.01,1,0,-5.89497021008523e-05
0.719,0.523598775598299,0.539765904688863,-0.087122989052371,-0.000676600602397129,0.539765904688863,0.540701494800363,-0.017102719202064,-0.00760472893780489,-0.00760472893780489,0,0,0,0,0,0,0,0,0,0,1,16,0,0,0,0,1,11,0.011,0,0,-6.81821272386918e-05
0.72,0.523598775598299,0.539678636144277,-0.0874087273091994,-0.000616373192866122,0.539678636144277,0.540701494800363,-0.017102719202064,-0.00777151010045812,-0.00777151010045812,0,0,0,0,0,0,0,0,0,0,1,11,0,0,0,0,1,12,0.012,0,1,-7.80428693861746e-05
0.721,0.523598775598299,0.539591091153159,-0.0876819891025575,-0.000625074908573451,0.539591091153159,0.54028161151347,-0.0166828359151713,-0.006807010298295,-0.006807010298295,0,0,0,0,0,0,0,0,0,0,1,16,0,1,714,8,0,8,0.008,0,0,-8.84969122065815e-05
0.722,0.523598775598299,0.53950330220962,-0.0878686695079705,-0.000317947103655011,0.53950330220962,0.54028161151347,-0.0166828359151713,-0.00698302215101746,-0.00698302215101746,0,0,0,0,0,0,0,0,0,0,1,12,0,0,0,0,1,9,0.009,0,0,-9.95109806266603e-05
0.723,0.523598775598299,0.539415391668641,-0.087940258932649,-0.00018084184593197,0.539415391668641,0.54028161151347,-0.0166828359151713,-0.00715590305657211,-0.00715590305657211,0,0,0,0,0,0,0,0,0,0,1,13,0,0,0,0,1,10,0.01,0,1,-0.000110961934694842
0.724,0.523598775598299,0.539327435574802,-0.087969176168348,-0.000149808897283507,0.539327435574802,0.54028161151347,-0.0166828359151713,-0.00732575892514197,-0.00732575892514197,0,0,0,0,0,0,0,0,0,0,1,9,0,0,0,0,1,11,0.011,0,0,-0.000122772940942761
0.725,0.523598775598299,0.539239452357662,-0.0880002712294592,-0.000183874033582625,0.539239452357662,0.540111279611181,-0.0165125040128824,-0.0070348857554676,-0.0070348857554676,0,0,0,0,0,0,0,0,0,0,1,12,1,1,716,10,0,10,0.01,0,0,-0.000134924777099976
0.726,0.523598775598299,0.539151439559708,-0.0880189391894184,-0.000111809958506809,0.539151439559708,0.540111279611181,-0.0165125040128824,-0.00720493118496267,-0.00720493118496267,0,0,0,0,0,0,0,0,0,0,1,11,1,0,0,0,1,11,0.011,1,1,-0.000147419104235103
0.727,0.523598775598299,0.539063419219718,-0.0880225596976955,-0.00012106089135049,0.539063419219718,0.540111279611181,-0.0165125040128824,-0.00737201867008602,-0.00737201867008602,0,0,0,0,0,0,0,0,0,0,1,8,1,0,0,0,1,12,0.012,0,0,-0.000160233083483563
0.728,0.523598775598299,0.53897538787155,-0.0880453156207244,-0.000179566078391237,0.53897538787155,0.539852862547437,-0.0162540869491381,-0.00684169272367017,-0.00684169272367017,0,0,0,0,0,0,0,0,0,0,1,15,1,1,719,10,0,10,0.01,1,0,-0.000173369377344468
0.729,0.523598775598299,0.538887337253652,-0.0880441633889124,-4.68300330341894e-05,0.538887337253652,0.539852862547437,-0.0162540869491381,-0.00701216701519707,-0.00701216701519707,0,0,0,0,0,0,0,0,0,0,1,11,0,0,0,0,1,11,0.011,0,1,-0.000186835440263433
0.73,0.523598775598299,0.538799312694891,-0.0880025437519572,-1.95538967490186e-05,0.538799312694891,0.539852862547437,-0.0162540869491381,-0.00717962512725747,-0.00717962512725747,0,0,0,0,0,0,0,0,0,0,1,8,0,0,0,0,1,12,0.012,0,0,-0.000200585132887676
0.731,0.523598775598299,0.538711330565884,-0.0879650313910666,-5.69476668303395e-05,0.538711330565884,0.539678636144277,-0.0160798605459779,-0.00687589538836805,-0.00687589538836805,0,0,0,0,0,0,0,0,0,0,1,11,0,1,721,11,0,11,0.011,0,0,-0.000214601270818182
0.732,0.523598775598299,0.538623386913826,-0.0879158701228836,1.54120935459217e-05,0.538623386913826,0.539678636144277,-0.0160798605459779,-0.00704369561208439,-0.00704369561208439,0,0,0,0,0,0,0,0,0,0,1,11,0,0,0,0,1,12,0.012,0,1,-0.000228886989870447
0.733,0.523598775598299,0.538535503493249,-0.0878518721467998,5.33518105577451e-06,0.538535503493249,0.539327435574802,-0.015728659976503,-0.00626460798300973,-0.00626460798300973,0,0,0,0,0,0,0,0,0,0,1,16,0,1,725,9,0,9,0.009,0,0,-0.000243419715396542
0.734,0.523598775598299,0.538447706234444,-0.0877214931995392,0.000244341572345416,0.538447706234444,0.539327435574802,-0.015728659976503,-0.00643883719688546,-0.00643883719688546,0,0,0,0,0,0,0,0,0,0,1,10,0,0,0,0,1,10,0.01,0,1,-0.000258172693944791
0.735,0.523598775598299,0.538360088033966,-0.0875071499561505,0.0003322511101174,0.538360088033966,0.539327435574802,-0.015728659976503,-0.00660983430388032,-0.00660983430388032,0,0,0,0,0,0,0,0,0,0,1,11,0,0,0,0,1,11,0.011,0,1,-0.00027305220283913
0.736,0.523598775598299,0.538272698222754,-0.0872730130218561,0.000326501993205735,0.538272698222754,0.539327435574802,-0.015728659976503,-0.0067777086360951,-0.0067777086360951,0,0,0,0,0,0,0,0,0,0,1,11,0,0,0,0,1,12,0.012,0,1,-0.000288008082136026
0.737,0.523598775598299,0.538185535254496,-0.0870584998090816,0.000263869412492206,0.538185535254496,0.539327435574802,-0.015728659976503,-0.00694256582726643,-0.00694256582726643,0,0,0,0,0,0,0,0,0,0,1,10,0,0,0,0,1,13,0.013,0,1,-0.000303041046341046
0.738,0.523598775598299,0.53809856667072,-0.0868871958834695,0.000167845379632795,0.53809856667072,0.538799312694891,-0.0152005370965921,-0.00568505571797098,-0.00568505571797098,0,0,0,0,0,0,0,0,0,0,1,16,1,1,731,8,0,8,0.008,0,0,-0.000318182719393989
0.739,0.523598775598299,0.538011786761404,-0.0866429658641757,0.000503041118797663,0.538011786761404,0.538799312694891,-0.0152005370965921,-0.00586258658359215,-0.00586258658359215,0,0,0,0,0,0,0,0,0,0,1,10,0,0,0,0,1,9,0.009,0,0,-0.000333437974139095
0.74,0.523598775598299,0.537925321290858,-0.086275367144188,0.000645941977150391,0.537925321290858,0.538799312694891,-0.0152005370965921,-0.00603668429146188,-0.00603668429146188,0,0,0,0,0,0,0,0,0,0,1,11,0,0,0,0,1,10,0.01,0,1,-0.000348680206514795
0.741,0.523598775598299,0.537839249482504,-0.0858662607808264,0.000669013485891613,0.537839249482504,0.538799312694891,-0.0152005370965921,-0.0062074649746052,-0.0062074649746052,0,0,0,0,0,0,0,0,0,0,1,9,0,0,0,0,1,11,0.011,0,0,-0.000363829350856437
0.742,0.523598775598299,0.537753585473217,-0.0854662693788939,0.000618681937058635,0.537753585473217,0.538711330565884,-0.0151125549675852,-0.00613856854475768,-0.00613856854475768,0,0,0,0,0,0,0,0,0,0,1,9,0,1,732,11,0,11,0.011,0,0,-0.000378870425620681
0.743,0.523598775598299,0.537668310998892,-0.0850844255823399,0.0005995429652439,0.537668310998892,0.538623386913826,-0.0150246113155272,-0.00606974532092594,-0.00606974532092594,0,0,0,0,0,0,0,0,0,0,1,15,0,1,733,11,0,11,0.011,0,0,-0.000393820847898851
0.744,0.523598775598299,0.537583415082791,-0.0847074212168366,0.000599947772819587,0.537583415082791,0.538447706234444,-0.0148489306361453,-0.0057650631550113,-0.0057650631550113,0,0,0,0,0,0,0,0,0,0,1,11,0,1,735,10,0,10,0.01,0,0,-0.000408690745139606
0.745,0.523598775598299,0.537498904822907,-0.0843054274016907,0.000687162549412999,0.537498904822907,0.538447706234444,-0.0148489306361453,-0.00593556228960702,-0.00593556228960702,0,0,0,0,0,0,0,0,0,0,1,12,0,0,0,0,1,11,0.011,0,0,-0.000423472167856431
0.746,0.523598775598299,0.537414809922618,-0.0838853833971692,0.000676391778932826,0.537414809922618,0.538360088033966,-0.0147613124356675,-0.00586731248003186,-0.00586731248003186,0,0,0,0,0,0,0,0,0,0,1,13,0,1,736,11,0,11,0.011,0,0,-0.000438134559044179
0.747,0.523598775598299,0.537331133563669,-0.08346700240927,0.000680773199520638,0.537331133563669,0.538185535254496,-0.0145867596561973,-0.00556531473479904,-0.00556531473479904,0,0,0,0,0,0,0,0,0,0,1,14,0,1,738,10,0,10,0.01,1,0,-0.000452673881267018
0.748,0.523598775598299,0.537247884941997,-0.0830225278787327,0.000768525294650277,0.537247884941997,0.538185535254496,-0.0145867596561973,-0.00573539467715119,-0.00573539467715119,0,0,0,0,0,0,0,0,0,0,1,13,0,0,0,0,1,11,0.011,0,0,-0.000467080080906013
0.749,0.523598775598299,0.537165094174911,-0.0825600765945208,0.000757140274995212,0.537165094174911,0.538011786761404,-0.0144130111631048,-0.00543520043720171,-0.00543520043720171,0,0,0,0,0,0,0,0,0,0,1,12,0,1,740,10,0,10,0.01,1,0,-0.000481322181038801
0.75,0.523598775598299,0.537082771432682,-0.0820787046669031,0.000833546761912794,0.537082771432682,0.537839249482504,-0.0142404738842052,-0.0051411429418386,-0.0051411429418386,0,0,0,0,0,0,0,0,0,0,1,11,0,1,742,9,0,9,0.009,0,0,-0.00049538914992453
0.751,0.523598775598299,0.537000955430278,-0.0815420557259033,0.000961307216660006,0.537000955430278,0.537753585473217,-0.0141548098749185,-0.00508328967201293,-0.00508328967201293,0,0,0,0,0,0,0,0,0,0,1,8,0,1,743,9,0,9,0.009,1,0,-0.000509241409332395
0.752,0.523598775598299,0.536919705537759,-0.0809504575400344,0.00104429947669327,0.536919705537759,0.537753585473217,-0.0141548098749185,-0.00525524196118268,-0.00525524196118268,0,0,0,0,0,0,0,0,0,0,1,12,0,0,0,0,1,10,0.01,0,0,-0.000522818724209895
0.753,0.523598775598299,0.53683905905626,-0.0803442359130812,0.00102567852481851,0.53683905905626,0.537753585473217,-0.0141548098749185,-0.00542377284577929,-0.00542377284577929,0,0,0,0,0,0,0,0,0,0,1,16,1,0,0,0,1,11,0.011,0,0,-0.000536082926767434
0.754,0.523598775598299,0.536759007477461,-0.0797660983738432,0.000945527070029701,0.536759007477461,0.537753585473217,-0.0141548098749185,-0.00558899806125441,-0.00558899806125441,0,0,0,0,0,0,0,0,0,0,1,14,0,0,0,0,1,12,0.012,0,0,-0.000549041657071037
0.755,0.523598775598299,0.53667950885497,-0.0792414987940001,0.000829443316872437,0.53667950885497,0.537583415082791,-0.0139846394844925,-0.00529365719969476,-0.00529365719969476,0,0,0,0,0,0,0,0,0,0,1,8,1,1,745,11,0,11,0.011,0,0,-0.000561735991722268
0.756,0.523598775598299,0.536600516171567,-0.0787431233122644,0.00083860398238628,0.536600516171567,0.537583415082791,-0.0139846394844925,-0.00545853324070451,-0.00545853324070451,0,0,0,0,0,0,0,0,0,0,1,9,0,0,0,0,1,12,0.012,0,0,-0.000574212076676406
0.757,0.523598775598299,0.536522017311685,-0.0782599085613119,0.000779360242388052,0.536522017311685,0.537498904822907,-0.013900129224608,-0.00539305760647565,-0.00539305760647565,0,0,0,0,0,0,0,0,0,0,1,10,0,1,746,12,0,12,0.012,0,0,-0.000586481154820406
0.758,0.523598775598299,0.536443988828924,-0.0777995800462392,0.000751570074259638,0.536443988828924,0.537498904822907,-0.013900129224608,-0.00555456580066416,-0.00555456580066416,0,0,0,0,0,0,0,0,0,0,1,8,1,0,0,0,1,13,0.013,0,1,-0.00059856579852513
0.759,0.523598775598299,0.536366407902408,-0.077369402951399,0.000671722573043744,0.536366407902408,0.537000955430278,-0.0134021798319789,-0.00437460878200188,-0.00437460878200188,0,0,0,0,0,0,0,0,0,0,1,8,0,1,752,8,0,8,0.008,1,0,-0.000610487953340511
0.76,0.523598775598299,0.53628927502174,-0.0768686150558893,0.000985701864079071,0.53628927502174,0.537000955430278,-0.0134021798319789,-0.00454735347353376,-0.00454735347353376,0,0,0,0,0,0,0,0,0,0,1,12,0,0,0,0,1,9,0.009,0,0,-0.000622246253107361
0.761,0.523598775598299,0.53621270771074,-0.0762550243019986,0.00111062313476037,0.53621270771074,0.537000955430278,-0.0134021798319789,-0.00471652259973972,-0.00471652259973972,0,0,0,0,0,0,0,0,0,0,1,10,0,0,0,0,1,10,0.01,3,1,-0.000633722296270456
0.762,0.523598775598299,0.536136775400719,-0.0756090278531937,0.0011180105976146,0.536136775400719,0.537000955430278,-0.0134021798319789,-0.00488223711084911,-0.00488223711084911,0,0,0,0,0,0,0,0,0,0,1,15,0,0,0,0,1,11,0.011,0,0,-0.000644845772666991
0.763,0.523598775598299,0.536061483681092,-0.0749801939742226,0.00105367532202474,0.536061483681092,0.537000955430278,-0.0134021798319789,-0.00504461386572209,-0.00504461386572209,0,0,0,0,0,0,0,0,0,0,1,10,1,0,0,0,1,12,0.012,0,0,-0.000655610212967672
0.764,0.523598775598299,0.535986799169854,-0.0743983640487324,0.00094689790915831,0.535986799169854,0.536919705537759,-0.0133209299394598,-0.00498538791787686,-0.00498538791787686,0,0,0,0,0,0,0,0,0,0,1,8,0,1,753,12,0,12,0.012,0,0,-0.000666048118258988
0.765,0.523598775598299,0.535912672318926,-0.073860846870083,0.000885512621483353,0.535912672318926,0.536600516171567,-0.013001740573268,-0.00428636049520692,-0.00428636049520692,0,0,0,0,0,0,0,0,0,0,1,8,0,1,757,9,0,9,0.009,0,0,-0.000676208154748892
0.766,0.523598775598299,0.535839089546492,-0.0732896974224418,0.0010557323018644,0.535839089546492,0.536600516171567,-0.013001740573268,-0.00445323215483242,-0.00445323215483242,0,0,0,0,0,0,0,0,0,0,1,11,0,0,0,0,1,10,0.01,0,0,-0.000686103021486417
0.767,0.523598775598299,0.535766109869507,-0.0726664681848501,0.0010926705958172,0.535766109869507,0.536366407902408,-0.0127676323041092,-0.00398743911001431,-0.00398743911001431,0,0,0,0,0,0,0,0,0,0,1,10,0,1,760,8,0,8,0.008,1,0,-0.000695672817908721
0.768,0.523598775598299,0.535693774806004,-0.071990074176508,0.0012470634145088,0.535693774806004,0.536366407902408,-0.0127676323041092,-0.00415569671069801,-0.00415569671069801,0,0,0,0,0,0,0,0,0,0,1,8,1,0,0,0,1,9,0.009,0,1,-0.00070487514158446
0.769,0.523598775598299,0.535622144124024,-0.0712692482345331,0.00127120161500323,0.535622144124024,0.536366407902408,-0.0127676323041092,-0.0043204231554275,-0.0043204231554275,0,0,0,0,0,0,0,0,0,0,1,14,0,0,0,0,1,10,0.01,0,0,-0.000713649339337485
0.77,0.523598775598299,0.535551232503062,-0.0705590185030902,0.0012155444378767,0.535551232503062,0.536366407902408,-0.0127676323041092,-0.00448173789220156,-0.00448173789220156,0,0,0,0,0,0,0,0,0,0,1,8,0,0,0,0,1,11,0.011,0,0,-0.000721979845852094
0.771,0.523598775598299,0.535481011268038,-0.0698926804008818,0.00111235725079331,0.535481011268038,0.53621270771074,-0.0126139321124408,-0.00422665156334046,-0.00422665156334046,0,0,0,0,0,0,0,0,0,0,1,9,0,1,762,10,0,10,0.01,0,0,-0.000729894449755353
0.772,0.523598775598299,0.535411438975472,-0.0692519268882306,0.0011130752017347,0.535411438975472,0.535986799169854,-0.0123880235715554,-0.00377966031502935,-0.00377966031502935,0,0,0,0,0,0,0,0,0,0,1,14,0,1,765,8,0,8,0.008,1,0,-0.000737433707488799
0.773,0.523598775598299,0.535342519906611,-0.068575158301011,0.00123888099208955,0.535342519906611,0.535912672318926,-0.0123138967206272,-0.00374520612306195,-0.00374520612306195,0,0,0,0,0,0,0,0,0,0,1,9,0,1,766,8,0,8,0.008,0,0,-0.00074459245023184
0.774,0.523598775598299,0.535274305479503,-0.0678475193569345,0.00130971381693118,0.535274305479503,0.535912672318926,-0.0123138967206272,-0.00390909058928561,-0.00390909058928561,0,0,0,0,0,0,0,0,0,0,1,11,0,0,0,0,1,9,0.009,0,0,-0.000751318371879584
0.775,0.523598775598299,0.535206827593846,-0.0671107385006588,0.00128275388299218,0.535206827593846,0.535912672318926,-0.0123138967206272,-0.00406951505022053,-0.00406951505022053,0,0,0,0,0,0,0,0,0,0,1,11,0,0,0,0,1,10,0.01,0,0,-0.000757578684238536
0.776,0.523598775598299,0.535140073148912,-0.066405862964087,0.00119675478481315,0.535140073148912,0.535912672318926,-0.0123138967206272,-0.00422659654706026,-0.00422659654706026,0,0,0,0,0,0,0,0,0,0,1,12,0,0,0,0,1,11,0.011,0,0,-0.000763385599151678
0.777,0.523598775598299,0.53507399695797,-0.065757260856752,0.00107645809410177,0.53507399695797,0.535766109869507,-0.0121673342712082,-0.00398652772762863,-0.00398652772762863,0,0,0,0,0,0,0,0,0,0,1,15,1,1,768,10,0,10,0.01,2,0,-0.000768783414125451
0.778,0.523598775598299,0.53500854764311,-0.0651426973892472,0.00106238754674182,0.53500854764311,0.535551232503062,-0.0119524569047634,-0.00356483390648499,-0.00356483390648499,0,0,0,0,0,0,0,0,0,0,1,11,1,1,771,8,0,8,0.008,0,0,-0.000773822617546549
0.779,0.523598775598299,0.5349437212604,-0.0645004642898626,0.00117178427103959,0.5349437212604,0.535551232503062,-0.0119524569047634,-0.0037249485292822,-0.0037249485292822,0,0,0,0,0,0,0,0,0,0,1,9,0,0,0,0,1,9,0.009,0,0,-0.000778506263574008
0.78,0.523598775598299,0.534879555181216,-0.06383178175021,0.00117180475505105,0.534879555181216,0.535481011268038,-0.0118822356697394,-0.00369293371975209,-0.00369293371975209,0,0,0,0,0,0,0,0,0,0,1,16,0,1,772,9,0,9,0.009,0,0,-0.000782796090855409
0.781,0.523598775598299,0.534816056887146,-0.0631654965937415,0.00116501901301126,0.534816056887146,0.535481011268038,-0.0118822356697394,-0.00384882307978315,-0.00384882307978315,0,0,0,0,0,0,0,0,0,0,1,10,0,0,0,0,1,10,0.01,0,0,-0.000786683727664217
0.782,0.523598775598299,0.53475321648919,-0.0625216227384969,0.00109460028471788,0.53475321648919,0.535342519906611,-0.0117437443083123,-0.00362922231946537,-0.00362922231946537,0,0,0,0,0,0,0,0,0,0,1,8,0,1,774,9,0,9,0.009,0,0,-0.000790178172745626
0.783,0.523598775598299,0.534691008992122,-0.0618925593533675,0.00110471871473708,0.534691008992122,0.535342519906611,-0.0117437443083123,-0.00378352330652526,-0.00378352330652526,0,0,0,0,0,0,0,0,0,0,1,16,0,0,0,0,1,10,0.01,0,1,-0.000793303530999934
0.784,0.523598775598299,0.534629426185436,-0.0612783282244656,0.00104610087409022,0.534629426185436,0.535342519906611,-0.0117437443083123,-0.00393459198921453,-0.00393459198921453,0,0,0,0,0,0,0,0,0,0,1,9,0,0,0,0,1,11,0.011,0,0,-0.000796067122574851
0.785,0.523598775598299,0.534568437689235,-0.0607075379837205,0.000946777837879238,0.534568437689235,0.535274305479503,-0.0116755298812039,-0.00389919567802641,-0.00389919567802641,0,0,0,0,0,0,0,0,0,0,1,10,0,1,775,11,0,11,0.011,0,0,-0.000798498437020401
0.786,0.523598775598299,0.534507996793209,-0.0601800011986636,0.000882689670552814,0.534507996793209,0.535206827593846,-0.0116080519955467,-0.00386513895823871,-0.00386513895823871,0,0,0,0,0,0,0,0,0,0,1,10,0,1,776,11,0,11,0.011,1,0,-0.000800643294354364
0.787,0.523598775598299,0.534448068369451,-0.059680618491347,0.000840856265182671,0.534448068369451,0.535206827593846,-0.0116080519955467,-0.00401178904638078,-0.00401178904638078,0,0,0,0,0,0,0,0,0,0,1,11,0,0,0,0,1,12,0.012,0,0,-0.000802535932286297
0.788,0.523598775598299,0.534388623708301,-0.0592162710209009,0.000756123876713784,0.534388623708301,0.5349437212604,-0.0113449456621012,-0.0034482836344421,-0.0034482836344421,0,0,0,0,0,0,0,0,0,0,1,14,0,1,780,9,0,9,0.009,1,0,-0.000804204170412048
0.789,0.523598775598299,0.53432964054793,-0.0587399415537964,0.000870964930638237,0.53432964054793,0.5349437212604,-0.0113449456621012,-0.0035982114925379,-0.0035982114925379,0,0,0,0,0,0,0,0,0,0,1,10,0,0,0,0,1,10,0.01,0,0,-0.000805669380672058
0.79,0.523598775598299,0.534271153827763,-0.0582326113754797,0.000881750250574207,0.534271153827763,0.53475321648919,-0.0111544408908916,-0.0032329619195256,-0.0032329619195256,0,0,0,0,0,0,0,0,0,0,1,15,1,1,783,8,0,8,0.008,0,0,-0.000806895733966084
0.791,0.523598775598299,0.534213187002401,-0.0576914166199442,0.000991208709603239,0.534213187002401,0.53475321648919,-0.0111544408908916,-0.00338333182329133,-0.00338333182329133,0,0,0,0,0,0,0,0,0,0,1,13,0,0,0,0,1,9,0.009,0,1,-0.000807858886271995
0.792,0.523598775598299,0.534155780053951,-0.0571220511708902,0.000996913595604847,0.534155780053951,0.53475321648919,-0.0111544408908916,-0.0035305026800354,-0.0035305026800354,0,0,0,0,0,0,0,0,0,0,1,10,0,0,0,0,1,10,0.01,0,0,-0.000808517966350397
0.793,0.523598775598299,0.534098937486874,-0.0565682545476598,0.000939363249378054,0.534098937486874,0.534629426185436,-0.0110306505871369,-0.00334186767045382,-0.00334186767045382,0,0,0,0,0,0,0,0,0,0,1,10,0,1,785,9,0,9,0.009,0,0,-0.000808867580938011
0.794,0.523598775598299,0.534042639959593,-0.056025944898694,0.000949836886496984,0.534042639959593,0.534629426185436,-0.0110306505871369,-0.00348727554008966,-0.00348727554008966,0,0,0,0,0,0,0,0,0,0,1,11,1,0,0,0,1,10,0.01,0,0,-0.000808926183176073
0.795,0.523598775598299,0.533986880979839,-0.0554968139623207,0.000896451567718364,0.533986880979839,0.534568437689235,-0.0109696620909361,-0.00346571059567535,-0.00346571059567535,0,0,0,0,0,0,0,0,0,0,1,15,0,1,786,10,0,10,0.01,0,0,-0.000808699377298772
0.796,0.523598775598299,0.533931638110184,-0.0549924715632668,0.000857176721039027,0.533931638110184,0.534507996793209,-0.0109092211949106,-0.00344479401953855,-0.00344479401953855,0,0,0,0,0,0,0,0,0,0,1,14,1,1,787,10,0,10,0.01,1,0,-0.000808208713137359
0.797,0.523598775598299,0.533876889833965,-0.0545068215747354,0.000826967928287065,0.533876889833965,0.534507996793209,-0.0109092211949106,-0.00358550132779842,-0.00358550132779842,0,0,0,0,0,0,0,0,0,0,1,10,0,0,0,0,1,11,0.011,0,0,-0.000807474820234355
0.798,0.523598775598299,0.533822614468851,-0.054050646501879,0.000751586734326238,0.533822614468851,0.534448068369451,-0.0108492927711525,-0.00356222346921345,-0.00356222346921345,0,0,0,0,0,0,0,0,0,0,1,12,0,1,788,11,0,11,0.011,0,0,-0.000806518494307795
0.799,0.523598775598299,0.533768777499469,-0.0536278092240321,0.000701228998413868,0.533768777499469,0.53432964054793,-0.0107308649496315,-0.00338098836417026,-0.00338098836417026,0,0,0,0,0,0,0,0,0,0,1,9,1,1,790,10,0,10,0.01,1,0,-0.000805373364660689
0.8,0.523598775598299,0.533715356393526,-0.0532130540048666,0.000717082009248822,0.533715356393526,0.53432964054793,-0.0107308649496315,-0.00351938193727127,-0.00351938193727127,0,0,0,0,0,0,0,0,0,0,1,8,0,0,0,0,1,11,0.011,0,0,-0.000804061078096718
0.801,0.523598775598299,0.533662348095973,-0.0528075490156539,0.000672445244264732,0.533662348095973,0.53432964054793,-0.0107308649496315,-0.00365490990990552,-0.00365490990990552,0,0,0,0,0,0,0,0,0,0,1,8,1,0,0,0,1,12,0.012,0,0,-0.000802583804783263
0.802,0.523598775598299,0.533609729664016,-0.0524364990076912,0.000591897154960132,0.533609729664016,0.534155780053951,-0.0105570044556521,-0.00332037898240877,-0.00332037898240877,0,0,0,0,0,0,0,0,0,0,1,11,0,1,793,10,0,10,0.01,1,0,-0.000800963603281191
0.803,0.523598775598299,0.53355747341387,-0.0520718664828954,0.000639130044437347,0.53355747341387,0.534098937486874,-0.0105001618885755,-0.00330374483620679,-0.00330374483620679,0,0,0,0,0,0,0,0,0,0,1,9,1,1,794,10,0,10,0.01,0,0,-0.000799227273814873
0.804,0.523598775598299,0.533505592061468,-0.0516886783676591,0.000664094894533694,0.533505592061468,0.534098937486874,-0.0105001618885755,-0.00343905029369102,-0.00343905029369102,0,0,0,0,0,0,0,0,0,0,1,13,1,0,0,0,1,11,0.011,0,1,-0.000797361217602544
0.805,0.523598775598299,0.533454094218668,-0.0513103596519605,0.000626817608203909,0.533454094218668,0.534098937486874,-0.0105001618885755,-0.00357155557362799,-0.00357155557362799,0,0,0,0,0,0,0,0,0,0,1,9,0,0,0,0,1,12,0.012,0,0,-0.000795355940678255
0.806,0.523598775598299,0.533402960908828,-0.0509628958646419,0.000552423870945911,0.533402960908828,0.534098937486874,-0.0105001618885755,-0.00370135539729553,-0.00370135539729553,0,0,0,0,0,0,0,0,0,0,1,8,1,0,0,0,1,13,0.013,0,0,-0.000793229538347262
0.807,0.523598775598299,0.533352152977349,-0.0506614654343353,0.000456932890982936,0.533352152977349,0.533876889833965,-0.0102781142356663,-0.00323173692847503,-0.00323173692847503,0,0,0,0,0,0,0,0,0,0,1,12,0,1,798,10,0,10,0.01,0,0,-0.00079102028467537
0.808,0.523598775598299,0.533301638669738,-0.0503598707241613,0.000539569308549126,0.533301638669738,0.533715356393526,-0.0101165807952271,-0.00292997728660792,-0.00292997728660792,0,0,0,0,0,0,0,0,0,0,1,11,0,1,801,8,0,8,0.008,0,0,-0.000788759054452748
0.809,0.523598775598299,0.533251453505522,-0.0499982323479628,0.000678140208754983,0.533251453505522,0.533715356393526,-0.0101165807952271,-0.00306526613218622,-0.00306526613218622,0,0,0,0,0,0,0,0,0,0,1,11,0,0,0,0,1,9,0.009,0,0,-0.00078640944931474
0.81,0.523598775598299,0.533201656299478,-0.0495933230306111,0.000711004287319094,0.533201656299478,0.533715356393526,-0.0101165807952271,-0.00319769045449285,-0.00319769045449285,0,0,0,0,0,0,0,0,0,0,1,11,0,0,0,0,1,10,0.01,1,1,-0.000783911776539137
0.811,0.523598775598299,0.533152266156562,-0.0491898578996076,0.000678928146655872,0.533152266156562,0.533715356393526,-0.0101165807952271,-0.00332734715142091,-0.00332734715142091,0,0,0,0,0,0,0,0,0,0,1,16,0,0,0,0,1,11,0.011,0,0,-0.000781246054141982
0.812,0.523598775598299,0.533103266898541,-0.048814991948528,0.000607985741599186,0.533103266898541,0.533715356393526,-0.0101165807952271,-0.00345432984310983,-0.00345432984310983,0,0,0,0,0,0,0,0,0,0,1,11,0,0,0,0,1,12,0.012,0,0,-0.000778427584282149
0.813,0.523598775598299,0.533054621219629,-0.0484846632682498,0.000514807124641614,0.533054621219629,0.533609729664016,-0.0100109540657168,-0.00329483275073732,-0.00329483275073732,0,0,0,0,0,0,0,0,0,0,1,9,0,1,803,11,0,11,0.011,0,0,-0.000775492797646216
0.814,0.523598775598299,0.533006288696829,-0.0481817443784383,0.000499887266797182,0.533006288696829,0.533454094218668,-0.00985531862036948,-0.00300211064616058,-0.00300211064616058,0,0,0,0,0,0,0,0,0,0,1,16,1,1,806,9,0,9,0.009,0,0,-0.000772481243137002
0.815,0.523598775598299,0.532958264079963,-0.0478608081632894,0.000575802924548652,0.532958264079963,0.533454094218668,-0.00985531862036948,-0.00313056457033276,-0.00313056457033276,0,0,0,0,0,0,0,0,0,0,1,9,1,0,0,0,1,10,0.01,0,0,-0.00076939729787151
0.816,0.523598775598299,0.532910572747814,-0.047522106910544,0.000573483397004285,0.532910572747814,0.533454094218668,-0.00985531862036948,-0.0032563409658545,-0.0032563409658545,0,0,0,0,0,0,0,0,0,0,1,15,0,0,0,0,1,11,0.011,0,0,-0.000766214711062863
0.817,0.523598775598299,0.532863214638292,-0.047198570382632,0.000523638505952231,0.532863214638292,0.533454094218668,-0.00985531862036948,-0.00337953040517375,-0.00337953040517375,0,0,0,0,0,0,0,0,0,0,1,13,0,0,0,0,1,12,0.012,0,0,-0.000762932673883499
0.818,0.523598775598299,0.532816163861982,-0.0469099077655375,0.000445885296186949,0.532816163861982,0.533454094218668,-0.00985531862036948,-0.00350022039695489,-0.00350022039695489,0,0,0,0,0,0,0,0,0,0,1,12,0,0,0,0,1,13,0.013,0,0,-0.00075957620594147
0.819,0.523598775598299,0.532769379352496,-0.0466673963844996,0.000352711903720839,0.532769379352496,0.533301638669738,-0.00970286307143919,-0.00320873598942478,-0.00320873598942478,0,0,0,0,0,0,0,0,0,0,1,12,1,1,809,11,0,11,0.011,1,0,-0.00075618550495582
0.82,0.523598775598299,0.53272282461012,-0.0464395396649047,0.000381831061773289,0.53272282461012,0.533251453505522,-0.00965267790722357,-0.00319510676939082,-0.00319510676939082,0,0,0,0,0,0,0,0,0,0,1,8,1,1,810,11,0,11,0.011,0,0,-0.000752796203131179
0.821,0.523598775598299,0.532676504150975,-0.0461999596486025,0.000398213307475117,0.532676504150975,0.533201656299478,-0.00960288070117887,-0.00318180943406761,-0.00318180943406761,0,0,0,0,0,0,0,0,0,0,1,8,0,1,811,11,0,11,0.011,0,0,-0.000749402918024611
0.822,0.523598775598299,0.53263042674647,-0.045954157896241,0.000406391343596803,0.53263042674647,0.533054621219629,-0.00945584562133051,-0.002906454044516,-0.002906454044516,0,0,0,0,0,0,0,0,0,0,1,13,1,1,814,9,0,9,0.009,0,0,-0.000745996013115979
0.823,0.523598775598299,0.532584605018117,-0.0456817170366194,0.000492401296412886,0.532584605018117,0.533054621219629,-0.00945584562133051,-0.00302898490021913,-0.00302898490021913,0,0,0,0,0,0,0,0,0,0,1,8,1,0,0,0,1,10,0.01,0,1,-0.000742562003014813
0.824,0.523598775598299,0.532539070709901,-0.0453863216844502,0.00049936996721442,0.532539070709901,0.533054621219629,-0.00945584562133051,-0.00314897098941364,-0.00314897098941364,0,0,0,0,0,0,0,0,0,0,1,9,0,0,0,0,1,11,0.011,0,0,-0.000739068281119137
0.825,0.523598775598299,0.532493828746094,-0.0451012954398655,0.000458145971430948,0.532493828746094,0.533054621219629,-0.00945584562133051,-0.00326649839361805,-0.00326649839361805,0,0,0,0,0,0,0,0,0,0,1,12,0,0,0,0,1,12,0.012,0,0,-0.000735509061818518
0.826,0.523598775598299,0.532448857862763,-0.0448466791755958,0.000388442772743942,0.532448857862763,0.533054621219629,-0.00945584562133051,-0.00338165028248148,-0.00338165028248148,0,0,0,0,0,0,0,0,0,0,1,11,0,0,0,0,1,13,0.013,0,0,-0.000731904749012302
0.827,0.523598775598299,0.532404121310413,-0.044634038153493,0.000302817346486059,0.532404121310413,0.533054621219629,-0.00945584562133051,-0.00349450701228306,-0.00349450701228306,0,0,0,0,0,0,0,0,0,0,1,11,0,0,0,0,1,14,0.014,0,1,-0.000728291233488165
0.828,0.523598775598299,0.5323595736716,-0.0444695509534295,0.000209229086793149,0.5323595736716,0.533054621219629,-0.00945584562133051,-0.00360514622109947,-0.00360514622109947,0,0,0,0,0,0,0,0,0,0,1,13,0,0,0,0,1,15,0.015,0,0,-0.000724713075329508
0.829,0.523598775598299,0.532315165182658,-0.0443559933622169,0.000112685505780792,0.532315165182658,0.532676504150975,-0.00907772855267619,-0.0026973659653334,-0.0026973659653334,0,0,0,0,0,0,0,0,0,0,1,15,1,1,822,8,0,8,0.008,0,0,-0.000721219182215238
0.83,0.523598775598299,0.532270876604368,-0.0442012058809174,0.000338238038727498,0.532270876604368,0.532676504150975,-0.00907772855267619,-0.00281697011398142,-0.00281697011398142,0,0,0,0,0,0,0,0,0,0,1,8,0,0,0,0,1,9,0.009,1,1,-0.000717827938765292
0.831,0.523598775598299,0.532226790079692,-0.0439633408486824,0.000434592168553669,0.532226790079692,0.532676504150975,-0.00907772855267619,-0.00293406451443869,-0.00293406451443869,0,0,0,0,0,0,0,0,0,0,1,15,0,0,0,0,1,10,0.01,0,1,-0.00071445634883216
0.832,0.523598775598299,0.532182959031891,-0.0436973817431469,0.000450495326136607,0.532182959031891,0.532676504150975,-0.00907772855267619,-0.00304873406366323,-0.00304873406366323,0,0,0,0,0,0,0,0,0,0,1,8,0,0,0,0,1,11,0.011,0,0,-0.000711050137402802
0.833,0.523598775598299,0.532139393184474,-0.043437299282414,0.000417174111788078,0.532139393184474,0.532539070709901,-0.00894029511160266,-0.00279167667103125,-0.00279167667103125,0,0,0,0,0,0,0,0,0,0,1,11,0,1,825,9,0,9,0.009,0,0,-0.000707598730665726
0.834,0.523598775598299,0.532096087199929,-0.043169884426896,0.000471605169574722,0.532096087199929,0.532539070709901,-0.00894029511160266,-0.00290652941179913,-0.00290652941179913,0,0,0,0,0,0,0,0,0,0,1,16,0,0,0,0,1,10,0.01,0,0,-0.000704106617307354
0.835,0.523598775598299,0.53205305665741,-0.0428921071895799,0.000461789577401857,0.53205305665741,0.532539070709901,-0.00894029511160266,-0.00301900987390186,-0.00301900987390186,0,0,0,0,0,0,0,0,0,0,1,13,0,0,0,0,1,11,0.011,0,0,-0.000700557370838739
0.836,0.523598775598299,0.532010297297271,-0.0426309599280031,0.000413108232936153,0.532010297297271,0.532539070709901,-0.00894029511160266,-0.00312919830413191,-0.00312919830413191,0,0,0,0,0,0,0,0,0,0,1,11,1,0,0,0,1,12,0.012,0,0,-0.000696954405080885
0.837,0.523598775598299,0.531967783736688,-0.0424025107965633,0.000341766767995585,0.531967783736688,0.532448857862763,-0.00885008226446427,-0.00299470437170588,-0.00299470437170588,0,0,0,0,0,0,0,0,0,0,1,9,0,1,827,11,0,11,0.011,1,0,-0.000693322258565998
0.838,0.523598775598299,0.531925485938798,-0.0421937225726697,0.000334883829025782,0.531925485938798,0.532270876604368,-0.00867210100606941,-0.00262531691477731,-0.00262531691477731,0,0,0,0,0,0,0,0,0,0,1,13,0,1,831,8,0,8,0.008,1,0,-0.000689690125411757
0.839,0.523598775598299,0.531883406445981,-0.0419557723747207,0.000442393350789913,0.531883406445981,0.532270876604368,-0.00867210100606941,-0.00273830906430624,-0.00273830906430624,0,0,0,0,0,0,0,0,0,0,1,12,0,0,0,0,1,9,0.009,0,0,-0.000686054622060839
0.84,0.523598775598299,0.531841585191498,-0.0416846441065464,0.000466427179857346,0.531841585191498,0.532182959031891,-0.0085841834335918,-0.00261264770843285,-0.00261264770843285,0,0,0,0,0,0,0,0,0,0,1,13,0,1,833,8,0,8,0.008,0,0,-0.000682374975659816
0.841,0.523598775598299,0.53180004375121,-0.0413940538718589,0.000514087838677755,0.53180004375121,0.532182959031891,-0.0085841834335918,-0.00272407401623762,-0.00272407401623762,0,0,0,0,0,0,0,0,0,0,1,14,0,0,0,0,1,9,0.009,0,1,-0.000678628772358025
0.842,0.523598775598299,0.531758799424687,-0.0410958316875112,0.000500623310910088,0.531758799424687,0.532182959031891,-0.0085841834335918,-0.00283318369150582,-0.00283318369150582,0,0,0,0,0,0,0,0,0,0,1,10,0,0,0,0,1,10,0.01,0,0,-0.000674797876213273
0.843,0.523598775598299,0.531717845940537,-0.0408156352771979,0.000450256648311855,0.531717845940537,0.532182959031891,-0.0085841834335918,-0.00294005509869487,-0.00294005509869487,0,0,0,0,0,0,0,0,0,0,1,14,0,0,0,0,1,11,0.011,0,0,-0.00067088772388435
0.844,0.523598775598299,0.531677156970723,-0.0405686974959704,0.000378451021664652,0.531677156970723,0.532139393184474,-0.00854061758617541,-0.00292767067413471,-0.00292767067413471,0,0,0,0,0,0,0,0,0,0,1,12,0,1,834,11,0,11,0.011,0,0,-0.00066692381032718
0.845,0.523598775598299,0.531636698230219,-0.0403529149199942,0.000332133374060375,0.531636698230219,0.532139393184474,-0.00854061758617541,-0.00303180840666002,-0.00303180840666002,0,0,0,0,0,0,0,0,0,0,1,12,0,0,0,0,1,12,0.012,0,0,-0.000662939589155975
0.846,0.523598775598299,0.531596440785549,-0.040167918351476,0.000265305795976167,0.531596440785549,0.531967783736688,-0.00836900813838937,-0.0026726286570099,-0.0026726286570099,0,0,0,0,0,0,0,0,0,0,1,11,1,1,838,9,0,9,0.009,1,0,-0.000658963164120396
0.847,0.523598775598299,0.531556363914234,-0.0399798123371187,0.000333464925126121,0.531556363914234,0.531967783736688,-0.00836900813838937,-0.0027786623902738,-0.0027786623902738,0,0,0,0,0,0,0,0,0,0,1,14,0,0,0,0,1,10,0.01,0,0,-0.000655014429674083
0.848,0.523598775598299,0.531516486816322,-0.0397741101747384,0.000336861414807326,0.531516486816322,0.531967783736688,-0.00836900813838937,-0.00288252549411273,-0.00288252549411273,0,0,0,0,0,0,0,0,0,0,1,11,0,0,0,0,1,11,0.011,0,1,-0.000651073359459575
0.849,0.523598775598299,0.53147681232104,-0.0395780981541985,0.000300828944871882,0.53147681232104,0.531967783736688,-0.00836900813838937,-0.00298429139415393,-0.00298429139415393,0,0,0,0,0,0,0,0,0,0,1,8,1,0,0,0,1,12,0.012,0,0,-0.00064713629967228
0.85,0.523598775598299,0.531437321830779,-0.0394081553330265,0.000241553830650733,1.10013094527819,0.531967783736688,-0.00836900813838937,-0.00308403103226456,-0.00308403103226456,-0,-0,-0.0374975616037134,1.02252871506205,0.296179558023313,0.125318186946852,1.11034934040519,0.568693623447407,1,1,1,8,1,0,0,0,1,13,0.013,0,1,-0.000643221025089624
0.851,0.523598775598299,0.531397984108844,-0.0392737024695062,0.000169343575673619,1.16948751164849,0.531883406445981,-0.00828463084768249,-0.00295502949323625,-0.00295502949323625,-2.32020272793942e-05,-0.00209811337916784,-0.0371029365329546,1.15972466039599,0.296179558023313,0.125318186946852,1.24584179743072,0.638089527539649,1,1,1,15,1,1,840,12,0,12,0.012,1,0,-0.000639357951337183
0.852,0.523598775598299,0.531358768050411,-0.0391590297193764,0.000162569808152619,1.22676463251833,0.531758799424687,-0.00816002382638814,-0.002718950336945,-0.002718950336945,-4.59156973821995e-05,-0.0041520655859659,-0.0359273674045839,1.27251067577203,0.296179558023313,0.125318186946852,1.35774942972833,0.695405864467919,1,1,1,12,0,1,843,10,0,10,0.01,0,0,-0.000635577363941042
0.853,0.523598775598299,0.531319672258616,-0.0390265723957176,0.000230300894609026,1.27075590999204,0.531758799424687,-0.00816002382638814,-0.00282018265860521,-0.00282018265860521,-6.76629320927579e-05,-0.00611862495410562,-0.0339955976435401,1.35851283673241,0.296179558023313,0.125318186946852,1.44371680108161,0.739436237733424,1,1,1,13,1,0,0,0,1,11,0.011,0,1,-0.000631879842260652
0.854,0.523598775598299,0.531280720805075,-0.0388758176547993,0.000236365949762271,1.30053461512465,0.531758799424687,-0.00816002382638814,-0.00291937140435948,-0.00291937140435948,-8.79859947653025e-05,-0.00795639926518064,-0.0313482872152203,1.41592096643347,0.296179558023313,0.125318186946852,1.50193446689992,0.769253894319579,1,1,1,9,0,0,0,0,1,12,0.012,0,0,-0.000628240498974142
0.855,0.523598775598299,0.531241917921208,-0.0387327615196531,0.000204840880453361,1.31547314894691,0.531758799424687,-0.00816002382638814,-0.00301658570201057,-0.00301658570201057,-0.000106457124782759,-0.00962670697369681,-0.0280411568129399,1.44352673631857,0.296179558023313,0.125318186946852,1.53117705947878,0.784231231025699,1,1,1,9,0,0,0,0,1,13,0.013,0,1,-0.000624654288774229
0.856,0.523598775598299,0.531203247411158,-0.0386130337327743,0.000151110219084141,1.31525625169485,0.531677156970723,-0.00807838137242434,-0.00289245938905999,-0.00289245938905999,-0.000122687541078926,-0.0110943913777529,-0.0241438150466027,1.4407490990647,0.296179558023313,0.125318186946852,1.53082907958719,0.784053004283688,1,1,1,11,0,1,845,12,0,12,0.012,0,0,-0.000621136595458038
0.857,0.523598775598299,0.531164687946329,-0.0385056113923666,0.000154484910531876,1.2998876533633,0.531636698230219,-0.00803792263192038,-0.00288002595162801,-0.00288002595162801,-0.000136335625217542,-0.0123285605986757,-0.0197382933179604,1.40764651848929,0.296179558023313,0.125318186946852,1.50089785151951,0.768722965416974,1,1,1,14,0,1,846,12,0,12,0.012,1,0,-0.000617707937404566
0.858,0.523598775598299,0.531126236759996,-0.0383964849557923,0.0001577694114075,1.26969001844251,0.531636698230219,-0.00803792263192038,-0.0029758538795445,-0.0029758538795445,-0.000147114111790481,-0.013303237794489,-0.0149173192204639,1.3449157390015,0.296179558023313,0.125318186946852,1.4420133689334,0.738563781682509,1,1,1,8,1,0,0,0,1,13,0.013,0,0,-0.000614370272974507
0.859,0.523598775598299,0.531087892105775,-0.0382955924405918,0.000126660323540446,1.22529813686351,0.531516486816322,-0.00791771121802287,-0.00274670444401394,-0.00274670444401394,-0.000154796134791282,-0.0139979079214986,-0.00978236480525399,1.25387712049861,0.296179558023313,0.125318186946852,1.35541503471871,0.694210244757737,1,1,1,11,0,1,849,11,0,11,0.011,0,0,-0.000611124542057806
0.86,0.523598775598299,0.531049648202473,-0.0381877132639783,0.000177638534611264,1.16764555782304,0.531516486816322,-0.00791771121802287,-0.00284302256851259,-0.00284302256851259,-0.000159220002699719,-0.0143979495357331,-0.00444151079346439,1.13644684737941,0.296179558023313,0.125318186946852,1.24292557399707,0.636595909620569,1,1,1,10,0,0,0,0,1,12,0.012,0,0,-0.000607975721227283
0.861,0.523598775598299,0.53101152046048,-0.0380679654597683,0.000175620872398553,1.09794496550822,0.531516486816322,-0.00791771121802287,-0.00293742234616239,-0.00293742234616239,-0.00016029260177123,-0.014494942545668,0.000992828311018446,0.995096596620044,0.296179558023313,0.125318186946852,1.10691266933225,0.566933445047737,1,1,1,15,0,0,0,0,1,13,0.013,0,1,-0.000604907597368309
0.862,0.523598775598299,0.530973508676255,-0.0379586445089369,0.000141447243919329,1.01766261799127,0.531516486816322,-0.00791771121802287,-0.00302996866865742,-0.00302996866865742,-0.000157991355898657,-0.0142868454386412,0.00640627032642507,0.832801513820496,0.296179558023313,0.125318186946852,0.950239125655132,0.486689109315012,1,1,1,13,0,0,0,0,1,14,0.014,0,0,-0.000601919573196108
0.863,0.523598775598299,0.530935595170289,-0.0378730750324673,8.84275421307128e-05,0.928487483506015,1.30053461512465,-0.776935839526355,-2.07003456359273,-2.07003456359273,-0.000152364701795027,-0.0137780382506908,0.0116848729137332,0.652977592223764,0.296179558023313,0.125318186946852,0.776202613833658,0.397551888335727,1,1,1,14,0,1,855,9,0,9,0.009,0,0,-0.000599028529308709
0.864,0.523598775598299,0.530832362074746,-0.226568039085999,-0.6547345313321,0.832230307894041,1.31547314894691,-0.791874373348608,-2.08347385586282,-2.08347385586282,-0.000143531069495723,-0.0129792303753859,0.0167175318394709,0.459409772756631,0.296179558023313,0.125318186946852,0.588466261167569,0.301397945819295,1,1,1,16,0,1,856,9,0,9,0.009,1,0,-0.00066165153655473
0.865,0.523598775598299,0.530391054240461,-0.691467504034275,-1.05532791982609,0.73064218794462,1.31547314894691,-0.791874373348608,-2.05727681097896,-2.05727681097896,-0.000131676389638476,-0.0119072351520922,0.0213983195019631,0.256172278445178,0.296179558023313,0.125318186946852,0.390981549741901,0.200251133704159,1,1,1,15,0,0,0,0,1,10,0.01,0,0,-0.00106254294904862
0.866,0.523598775598299,0.529395552284289,-1.31940894893095,-1.28063798003945,0.625635946327418,1.31547314894691,-0.791874373348608,-2.03209992744129,-2.03209992744129,-0.000117050179988039,-0.0105846159781483,0.0256287144996294,0.0475428600093647,0.296179558023313,0.125318186946852,0.187905145477698,0.0962403940431294,1,1,1,10,0,0,0,0,1,11,0.011,0,0,-0.00201782135682993
0.867,0.523598775598299,0.527723265751413,-2.03517742069078,-1.39476978546037,0.519278214699295,1.31525625169485,-0.791657476096547,-2.00732573490997,-2.00732573490997,-9.99602935765224e-05,-0.00903921139359694,0.0293196753132942,-0.162087242401239,0.296179558023313,0.125318186946852,-0.0164885915346893,-0.00844505105211739,1,1,1,8,0,1,857,11,0,11,0.011,0,0,-0.00365007642356507
0.868,0.523598775598299,0.52531198819783,-2.79116768954159,-1.43870118921183,0.413710209954263,1.31525625169485,-0.791657476096547,-1.98409437368631,-1.98409437368631,-8.076643900075e-05,-0.00730354913450656,0.0323935144555599,-0.368305726201668,0.296179558023313,0.125318186946852,-0.217897573933762,-0.111601778243567,1,1,1,16,0,0,0,0,1,12,0.012,0,0,-0.00602151380407412
0.869,0.523598775598299,0.522137590835083,-3.55755985499057,-1.43910063575672,0.311079050127719,1.31525625169485,-0.791657476096547,-1.96178281727286,-1.96178281727286,-5.98726092616618e-05,-0.00541416148791206,0.0347855336400775,-0.566772096688744,0.296179558023313,0.125318186946852,-0.412082537589726,-0.211058540707364,1,1,1,8,0,0,0,0,1,13,0.013,0,0,-0.0091562614996078
0.87,0.523598775598299,0.518199610727998,-4.31597482141068,-1.41286214139678,0.213477642106212,1.16764555782304,-0.644046782224743,-1.54362211823004,-1.54362211823004,-3.77185785038459e-05,-0.00341081635880992,0.0364453855536042,-0.753309025943152,0.296179558023313,0.125318186946852,-0.594956269801505,-0.304721968621786,1,1,1,9,1,1,861,10,0,10,0.01,1,0,-0.0130547816601183
0.871,0.523598775598299,0.513524606912908,-5.01908034653108,-1.24511089170852,0.122903976415882,1.16764555782304,-0.644046782224743,-1.52820215478771,-1.52820215478771,-1.47706456321641e-05,-0.00133568023374032,0.0373381335682204,-0.923990277390677,0.296179558023313,0.125318186946852,-0.762669637109345,-0.390620630497026,1,1,1,11,1,0,0,0,1,11,0.011,0,1,-0.0176905144660453
0.872,0.523598775598299,0.508187296251252,-5.64434536246417,-1.11965691171384,0.0412407683090411,1.16764555782304,-0.644046782224743,-1.51341278298266,-1.51341278298266,8.48818036581465e-06,0.000767569341068826,0.0374449870888382,-1.07522334538301,0.296179558023313,0.125318186946852,-0.911692602006247,-0.466946527942211,1,1,1,9,0,0,0,0,1,12,0.012,0,0,-0.0229887422747292
0.873,0.523598775598299,0.50225561999152,-6.21030673897591,-1.02228413997906,-0.0298375304946407,1.16764555782304,-0.644046782224743,-1.49923267186544,-1.49923267186544,3.15683468118538e-05,0.00285466308640123,0.0367636970583813,-1.20382507039695,0.296179558023313,0.125318186946852,-1.03888852330532,-0.532093150486161,1,1,1,14,0,0,0,0,1,13,0.013,0,0,-0.0288815230584708
0.874,0.523598775598299,0.495782281775057,-6.72934930801604,-0.943808070732438,-0.0889070076974896,1.16764555782304,-0.644046782224743,-1.48564121204616,-1.48564121204616,5.39840614609456e-05,0.00488167177157058,0.035308603296026,-1.30708863830046,0.296179558023313,0.125318186946852,-1.14158017628601,-0.584689289472547,1,1,1,15,0,0,0,0,1,14,0.014,0,0,-0.0353161523987372
0.875,0.523598775598299,0.488809733337492,-7.20987940079084,-0.878282392988944,-0.134818165975767,0.519278214699295,0.00432056089900335,0.270018496270255,0.270018496270255,7.52635174754617e-05,0.00680593083858412,0.0331103326721273,-1.38284055348219,0.296179558023313,0.125318186946852,-1.21760610302463,-0.623627899313259,1,1,1,13,0,1,868,8,0,8,0.008,1,0,-0.0422501777847445
0.876,0.523598775598299,0.481428533270516,-7.49858742671509,-0.269810648965609,-0.166660865356675,0.519278214699295,0.00432056089900335,0.259895936558907,0.259895936558907,9.49588240339038e-05,0.00858693840742612,0.0302151544726548,-1.42948638667207,0.296179558023313,0.125318186946852,-1.26536610684513,-0.648089398627191,1,1,1,10,1,0,0,0,1,9,0.009,1,1,-0.0495930398516823
0.877,0.523598775598299,0.473898044795412,-7.5290080976278,0.107020253767777,-0.183660876025757,0.311079050127719,0.21251972547058,0.809699864981051,0.809699864981051,0.000112655433554411,0.0101872077612106,0.0266840065214542,-1.44604433455084,0.296179558023313,0.125318186946852,-1.28385493332132,-0.657558920821169,1,1,1,15,0,1,870,8,0,8,0.008,1,0,-0.0570853746071976
0.878,0.523598775598299,0.466440646503183,-7.34987197991441,0.512788878144804,-0.185396504518933,0.311079050127719,0.21251972547058,0.792996191109448,0.792996191109448,0.000127980867108459,0.0115730563680628,0.0225912125585506,-1.43216588478471,0.296179558023313,0.125318186946852,-1.27268342891124,-0.651837151022117,1,1,1,10,0,0,0,0,1,9,0.009,0,0,-0.0645048026912708
0.879,0.523598775598299,0.459253979174675,-7.00236423075871,0.751515735257831,-0.171790542089616,0.311079050127719,0.21251972547058,0.776893511970468,0.776893511970468,0.000140612554371898,0.0127153148323661,0.0180229178711644,-1.38814315152652,0.296179558023313,0.125318186946852,-1.23208673187614,-0.631044521264291,1,1,1,11,0,0,0,0,1,10,0.01,0,0,-0.0716536825561029
0.88,0.523598775598299,0.45246781592693,-6.55830078514503,0.883844960870192,-0.143150859704192,0.311079050127719,0.21251972547058,0.761371497785702,0.761371497785702,0.000150284623097736,0.0135899408533403,0.0130752761043412,-1.31490272698569,0.296179558023313,0.125318186946852,-1.16291932308116,-0.595618675631122,1,1,1,10,1,0,0,0,1,11,0.011,1,1,-0.0784022403197666
0.881,0.523598775598299,0.446154163915543,-6.0633217023297,0.948737441021878,-0.100151094789902,0.0412407683090411,0.482358007289258,1.47166321319994,1.47166321319994,0.000156793495205581,0.0141785252683277,0.00785242541527415,-1.21398617847917,0.296179558023313,0.125318186946852,-1.06663704084872,-0.546305258705445,1,1,1,9,0,1,873,9,0,9,0.009,0,0,-0.0846784680638596
0.882,0.523598775598299,0.440371359485539,-5.480025307364,1.20095539525086,-0.0437708617276543,0.0412407683090411,0.482358007289258,1.44784032882419,1.44784032882419,0.000160002171701032,0.0144686795295679,0.00246429656930287,-1.08751760146234,0.296179558023313,0.125318186946852,-0.94526643841662,-0.484142221213194,1,1,1,14,1,0,0,0,1,10,0.01,0,0,-0.0904240286826348
0.883,0.523598775598299,0.435227008297134,-4.79706127801557,1.33312974910896,0.0247890351011624,0.0412407683090411,0.482358007289258,1.42490492055058,1.42490492055058,0.000159843116235863,0.0144542964588352,-0.00297570088712947,-0.938158911484886,0.296179558023313,0.125318186946852,-0.801362128966328,-0.410437973195971,1,1,1,15,0,0,0,0,1,11,0.011,0,0,-0.0955313157572444
0.884,0.523598775598299,0.430793114886791,-4.06582809816883,1.38952678064431,0.104049270341411,0.0412407683090411,0.482358007289258,1.40282696782899,1.40282696782899,0.000156319676615717,0.0141356787915642,-0.00835306567504058,-0.769053816088304,0.296179558023313,0.125318186946852,-0.637953016024929,-0.32674384454538,1,1,1,14,1,0,0,0,1,12,0.012,0,1,-0.0999283239946898
0.885,0.523598775598299,0.427100537466303,-3.3186270993286,1.3985546927276,0.192279104915444,0.0412407683090411,0.482358007289258,1.38157746561091,1.38157746561091,0.000149506014335366,0.0135195328048628,-0.0135546148103019,-0.583761645926779,0.296179558023313,0.125318186946852,-0.458478540985365,-0.234821432550859,1,1,1,10,0,0,0,0,1,13,0.013,0,0,-0.103584194428748
0.886,0.523598775598299,0.424154410046036,-2.57551021905333,1.3784242406249,0.287548886314919,0.0412407683090411,0.482358007289258,1.36112838999822,1.36112838999822,0.000139545543624671,0.0126188271635295,-0.0184708658835103,-0.386182437836508,0.296179558023313,0.125318186946852,-0.266716289609637,-0.136605523731118,1,1,1,10,1,0,0,0,1,14,0.014,0,0,-0.106493792296733
0.887,0.523598775598299,0.421944028720644,-1.84868313773033,1.3407896546413,0.38778065834874,-0.0298375304946407,0.553436306092939,1.53249200998936,1.53249200998936,0.000126647912860267,0.0114525199550902,-0.0229983414500183,-0.18047484670802,0.296179558023313,0.125318186946852,-0.0667024812560957,-0.034163370371904,1,1,1,14,1,1,874,14,0,14,0.014,0,0,-0.108667820753789
0.888,0.523598775598299,0.420455222460901,-1.12789045933355,1.35360813214755,0.490804043541765,-0.185396504518933,0.708995280117232,1.92918704945319,1.92918704945319,0.000111084591878342,0.0100451596592311,-0.0270417470272312,0.0290313860444222,0.296179558023313,0.125318186946852,0.137352985623274,0.0703488210808635,1,1,1,13,0,1,879,10,0,10,0.01,1,0,-0.110120450081058
0.889,0.523598775598299,0.419700621193715,-0.371204540348861,1.46886562615286,0.594431895132322,-0.185396504518933,0.708995280117232,1.90317787941482,1.90317787941482,9.31831580669225e-05,0.00842636845043942,-0.0305159768566,0.23792656504926,0.296179558023313,0.125318186946852,0.341155143589952,0.174731273938607,1,1,1,12,0,0,0,0,1,11,0.011,0,1,-0.110839049605681
0.89,0.523598775598299,0.419726029139616,0.425739565337009,1.51205878376513,0.696512971395378,-0.100151094789902,0.623749870388201,1.64905176340696,1.64905176340696,7.33204015042096e-05,0.00663021870931775,-0.0333479052129515,0.441813856418083,0.296179558023313,0.125318186946852,0.540414356861302,0.276786942255761,1,1,1,8,0,1,882,9,0,9,0.009,1,0,-0.110777814363308
0.891,0.523598775598299,0.420547920205671,1.2113622954853,1.43782538324106,0.794915674544344,-0.100151094789902,0.623749870388201,1.62797916331271,1.62797916331271,5.19143942662956e-05,0.00469451586578573,-0.0354779255576088,0.636401832477082,0.296179558023313,0.125318186946852,0.730936609732111,0.374367754338673,1,1,1,13,0,0,0,0,1,10,0.01,0,0,-0.109920269705192
0.892,0.523598775598299,0.422135570152384,1.9574560033938,1.36577532318566,0.887555395594906,-0.100151094789902,0.623749870388201,1.60772493139269,1.60772493139269,2.94156908297727e-05,0.0026600026689143,-0.0368612051391462,0.81759479790438,0.296179558023313,0.125318186946852,0.908711782381,0.465419825442522,1,1,1,15,0,0,0,0,1,11,0.011,0,1,-0.108297139131292
0.893,0.523598775598299,0.424450087501948,2.66533233634652,1.2963233304895,0.972476775519614,-0.100151094789902,0.623749870388201,1.58826138480256,1.58826138480256,6.29784478350898e-06,0.000569501631951689,-0.037468628634892,0.981578996085163,0.296179558023313,0.125318186946852,1.06999805602907,0.548026688017666,1,1,1,8,0,0,0,0,1,12,0.012,0,0,-0.105947313382029
0.894,0.523598775598299,0.427453982473274,3.33646506657509,1.22968145113959,1.04790361206677,-0.100151094789902,0.623749870388201,1.5695617771223,1.5695617771223,-1.695255854579e-05,-0.00153298629760842,-0.0372874109713782,1.1249028812099,0.296179558023313,0.125318186946852,1.21140067088777,0.620449629593498,1,1,1,13,0,0,0,0,1,13,0.013,0,0,-0.102908281503258
0.895,0.523598775598299,0.431111282400569,3.97240330808658,1.16593376699834,1.11227557166702,0.192279104915444,0.331319670682855,0.765626562591244,0.765626562591244,-3.98461437605473e-05,-0.00360320787168872,-0.0363213664250659,1.24454976654539,0.296179558023313,0.125318186946852,1.32994337919549,0.681164289266448,1,1,1,12,1,1,886,10,0,10,0.01,0,0,-0.0992160154276989
0.896,0.523598775598299,0.435362712209734,4.50294238090719,0.856102614717514,1.16425545471757,0.192279104915444,0.331319670682855,0.758569454678401,0.758569454678401,-6.19010457847999e-05,-0.0055975889857225,-0.0345908283393054,1.33800131977495,0.296179558023313,0.125318186946852,1.42313108939677,0.728892742507838,1,1,1,11,0,0,0,0,1,11,0.011,0,0,-0.0949297894985394
0.897,0.523598775598299,0.440072204569445,4.89779066611578,0.650637488974574,1.20270260353872,0.192279104915444,0.331319670682855,0.751807130967801,0.751807130967801,-8.2653052179143e-05,-0.00747415182810895,-0.0321322211473311,1.40329056895542,0.296179558023313,0.125318186946852,1.48900238292683,0.762630398969278,1,1,1,12,1,0,0,0,1,12,0.012,0,0,-0.0901856703183599
0.898,0.523598775598299,0.445128293190175,5.20212229699395,0.512633384535548,1.22679544032975,0.696512971395378,-0.172914195797079,-0.609915358848211,-0.609915358848211,-0.000101665373902289,-0.00919339843083155,-0.0289972937093679,1.43904330341946,0.296179558023313,0.125318186946852,1.52617079822611,0.781667147139571,1,1,1,11,1,1,891,8,0,8,0.008,1,0,-0.0850951234501159
0.899,0.523598775598299,0.450413255662284,5.3214082523202,-0.0109798953881331,1.23601555646182,0.696512971395378,-0.172914195797079,-0.598545002925255,-0.598545002925255,-0.000118537838863871,-0.010719142024232,-0.0252520301005994,1.44450699821534,0.296179558023313,0.125318186946852,1.53385401303736,0.785602300799536,1,1,1,8,0,0,0,0,1,9,0.009,0,0,-0.0797758705790511
0.9,0.523598775598299,0.45569798217428,5.21970032506028,-0.331142846315357,1.23005101485549,0.696512971395378,-0.172914195797079,-0.587588530366012,-0.587588530366012,-0.000132915314762239,-0.0120192686975515,-0.0209752607757757,1.41956665328156,0.296179558023313,0.125318186946852,1.51189031075509,0.774353032681209,1,1,1,10,0,0,0,0,1,10,0.01,0,0,-0.0744570207944426
0.901,0.523598775598299,0.46080854598766,4.98462347764989,-0.521213476108607,1.20896466380707,0.972476775519614,-0.448877999921316,-1.31874840352,-1.31874840352,-0.00014449518392301,-0.0130664133337793,-0.0162570033427222,1.36474721397261,0.296179558023313,0.125318186946852,1.46074198424296,0.748156117819408,1,1,1,12,0,1,894,8,0,8,0.008,2,0,-0.0693125001147594
0.902,0.523598775598299,0.465618182004316,4.60439908216637,-0.863305015724409,1.17318113190587,0.972476775519614,-0.448877999921316,-1.29896075571591,-1.29896075571591,-0.00015303371280771,-0.0138385355917041,-0.0111965678682137,1.28120252198864,0.296179558023313,0.125318186946852,1.38148560547558,0.707562949901554,1,1,1,11,0,0,0,0,1,9,0.009,0,0,-0.0644690729202643
0.903,0.523598775598299,0.469971209582954,4.08457333395016,-1.05695484367981,1.12339914509476,0.972476775519614,-0.448877999921316,-1.27991841922162,-1.27991841922162,-0.000158351182126806,-0.0143193838118774,-0.00590046659580899,1.1706910292703,0.296179558023313,0.125318186946852,1.27578936580946,0.653427935511801,1,1,1,8,1,0,0,0,1,10,0.01,0,0,-0.0600824191365942
0.904,0.523598775598299,0.473762292567401,3.48886631349061,-1.15637519824784,1.06065280311527,0.972476775519614,-0.448877999921316,-1.26159618247879,-1.26159618247879,-0.000160335669578337,-0.0144988370821762,-0.000480172071987666,1.03553878603356,0.296179558023313,0.125318186946852,1.14587796382625,0.586890510547865,1,1,1,8,0,0,0,0,1,11,0.011,0,1,-0.0562578742064616
0.905,0.523598775598299,0.476937256638719,2.85760289160142,-1.19638042026403,0.986288413968462,0.972476775519614,-0.448877999921316,-1.24396968675748,-1.24396968675748,-0.000158945405592897,-0.0143731182631565,0.00495022913236333,0.878590481973949,0.296179558023313,0.125318186946852,0.994485779790008,0.509351157329743,1,1,1,12,0,0,0,0,1,12,0.012,0,0,-0.0530496117375388
0.906,0.523598775598299,0.479474189583818,2.21608935323299,-1.19931012444567,0.901916116776948,0.972476775519614,-0.448877999921316,-1.22701539730768,-1.22701539730768,-0.000154209652501164,-0.0139448734894326,0.0102764377205503,0.703149571126666,0.296179558023313,0.125318186946852,0.824799322304636,0.42244192719313,1,1,1,14,0,0,0,0,1,13,0.013,0,0,-0.0504795432338485
0.907,0.523598775598299,0.481371313651916,1.58000013883424,-1.17948223502986,0.809363402661058,1.23601555646182,-0.712416780863522,-1.91903191862031,-1.91903191862031,-0.00014622808861922,-0.0132231164737316,0.015386347446135,0.512908740637008,0.296179558023313,0.125318186946852,0.640390158556263,0.327992089009142,1,1,1,9,0,1,900,8,0,8,0.008,3,0,-0.0485494457393099
0.908,0.523598775598299,0.482616803791814,0.894158053791411,-1.37044010450011,0.710606430453478,1.23601555646182,-0.712416780863522,-1.8941701960254,-1.8941701960254,-0.00013516871021546,-0.0122230387859161,0.0201724047295891,0.311872186937093,0.296179558023313,0.125318186946852,0.445139739827618,0.227989626661664,1,1,1,8,0,0,0,0,1,9,0.009,0,0,-0.0472711436004633
0.909,0.523598775598299,0.483135607104354,0.135425925792563,-1.46216225570011,0.60767500298924,1.23601555646182,-0.712416780863522,-1.87027001957397,-1.87027001957397,-0.000121264295518574,-0.0109656901002285,0.0245338724502382,0.104271335262897,0.296179558023313,0.125318186946852,0.243157704559759,0.124539395884886,1,1,1,10,0,0,0,0,1,10,0.01,0,0,-0.0467196890140152
0.91,0.523598775598299,0.482877667212501,-0.653803513292251,-1.49155492787897,0.502696488390098,1.23005101485549,-0.70645223925719,-1.83126777996461,-1.83126777996461,-0.000104807505192293,-0.00947753514092471,0.0283789502651123,-0.105524223549379,0.296179558023313,0.125318186946852,0.0386953785216611,0.0198188211775963,1,1,1,14,0,1,901,10,0,10,0.01,0,0,-0.046945137656759
0.911,0.523598775598299,0.48182728163331,-1.44559115262008,-1.47721059458813,0.397859346920564,1.23005101485549,-0.70645223925719,-1.80940208364482,-1.80940208364482,-8.61447224023053e-05,-0.00778989665172464,0.0316267068261521,-0.31309870438197,0.296179558023313,0.125318186946852,-0.16394370726069,-0.0839679347127455,1,1,1,8,0,0,0,0,1,11,0.011,0,0,-0.0479631913136123
0.912,0.523598775598299,0.479991342436766,-2.22301473877034,-1.44143858270348,0.295354978343145,1.06065280311527,-0.537054027516967,-1.3330987581213,-1.3330987581213,-6.56687621298577e-05,-0.00593829611347834,0.0342087832263836,-0.514083071453196,0.296179558023313,0.125318186946852,-0.360494397393438,-0.18463636409362,1,1,1,16,0,1,905,8,0,8,0.008,0,0,-0.0497669572187733
0.913,0.523598775598299,0.477403441264098,-2.93564256515839,-1.2489474639738,0.197335847333404,1.06065280311527,-0.537054027516967,-1.31882595353943,-1.31882595353943,-4.38106031866797e-05,-0.0039617060866496,0.0360708318208631,-0.704246997953259,0.296179558023313,0.125318186946852,-0.546819685272194,-0.280067593930694,1,1,1,11,0,0,0,0,1,9,0.009,1,1,-0.0523228430374144
0.914,0.523598775598299,0.474149349991353,-3.56001300746843,-1.10846107181905,0.105896366021117,1.06065280311527,-0.537054027516967,-1.30512683101342,-1.30512683101342,-2.10303169561199e-05,-0.00190172991534073,0.0371736601380311,-0.879587906128238,0.296179558023313,0.125318186946852,-0.718997788958695,-0.368252983970236,1,1,1,12,0,0,0,0,1,10,0.01,0,0,-0.0555450762021091
0.915,0.523598775598299,0.470305182514988,-4.11883947390176,-1.00224812470491,0.0229687778373548,1.06065280311527,-0.537054027516967,-1.29198198466756,-1.29198198466756,2.19261620730429e-06,0.000198273941519368,0.0374940558043847,-1.03641521369297,0.296179558023313,0.125318186946852,-0.873404697000218,-0.447336404677633,1,1,1,14,0,0,0,0,1,11,0.011,0,0,-0.0593575421272398
0.916,0.523598775598299,0.465928453004352,-4.62716601625114,-0.918865648410755,-0.0497248521200066,0.710606430453478,-0.187007654855179,-0.338542188593781,-0.338542188593781,2.53693990991399e-05,0.00229410452071255,0.0370252751194218,-1.17142801335122,0.296179558023313,0.125318186946852,-1.00679044676424,-0.515653305124358,1,1,1,12,0,1,909,8,0,8,0.008,1,0,-0.0637027259565165
0.917,0.523598775598299,0.461094052256206,-5.00916757922147,-0.552879652785392,-0.110671696264732,0.710606430453478,-0.187007654855179,-0.33864949281811,-0.33864949281811,4.80122058876542e-05,0.00434164869833213,0.035777184997313,-1.28178455042136,0.296179558023313,0.125318186946852,-1.11634752977886,-0.571765748520937,1,1,1,10,0,0,0,0,1,9,0.009,0,1,-0.0685057362084626
0.918,0.523598775598299,0.455962294492362,-5.23360663713668,-0.319048994687668,-0.1585303834743,0.710606430453478,-0.187007654855179,-0.338784811764945,-0.338784811764945,6.96444498909965e-05,0.00629780968453803,0.0337760552877064,-1.36516203619992,0.296179558023313,0.125318186946852,-1.19976998428083,-0.614492677966663,1,1,1,14,0,0,0,0,1,10,0.01,0,0,-0.0736062579787716
0.919,0.523598775598299,0.450660119271514,-5.35754056727812,-0.170171470066685,-0.192274656109875,0.397859346920564,0.125739428677735,0.501632824166878,0.501632824166878,8.98108147922975e-05,0.00812141412647303,0.0310640058469061,-1.41980553810903,0.296179558023313,0.125318186946852,-1.2553019311888,-0.642934775381389,1,1,1,15,0,1,912,8,0,8,0.008,1,0,-0.0788773510284846
0.92,0.523598775598299,0.445294941404132,-5.3408808479039,0.190392710639926,-0.211198448983477,0.397859346920564,0.125739428677735,0.490544964866148,0.490544964866148,0.000108086838155294,0.00977407872660222,0.0276981199974912,-1.44456491758577,0.296179558023313,0.125318186946852,-1.28177453191483,-0.656493390387609,1,1,1,15,1,0,0,0,1,9,0.009,0,1,-0.0842115998690889
0.921,0.523598775598299,0.44002834096016,-5.17312802571936,0.407324331093766,-0.21485479976683,0.397859346920564,0.125739428677735,0.479853450273388,0.479853450273388,0.000124087845526268,0.0112210181358589,0.0237492430363122,-1.43891903824369,0.296179558023313,0.125318186946852,-1.27863059012467,-0.654883140726991,1,1,1,14,0,0,0,0,1,10,0.01,0,0,-0.0894474237548264
0.922,0.523598775598299,0.434978199817443,-4.91609510792248,0.532570686438513,-0.203159719179853,0.397859346920564,0.125739428677735,0.469544873282598,0.469544873282598,0.00013747704707698,0.0124317771170309,0.019300491079915,-1.40298673477173,0.296179558023313,0.125318186946852,-1.24593627962793,-0.638137918997296,1,1,1,8,0,0,0,0,1,11,0.011,0,0,-0.0944669401342683
0.923,0.523598775598299,0.430212622919254,-4.60917032466719,0.599514137702743,-0.176397556360409,0.397859346920564,0.125739428677735,0.45960628030838,0.45960628030838,0.000147972626370127,0.0133808715677828,0.0144455016332732,-1.3375243116971,0.296179558023313,0.125318186946852,-1.18437975154919,-0.606610179279663,1,1,1,13,0,0,0,0,1,12,0.012,0,0,-0.0992020433927834
0.924,0.523598775598299,0.42576806050362,-4.2773343585827,0.629597015099751,-0.135195458167712,0.197335847333404,0.326262928264894,0.988978375845244,0.988978375845244,0.000155353672042725,0.0140483249110379,0.00928646270392524,-1.24390962465803,0.296179558023313,0.125318186946852,-1.09525665009622,-0.560963518671331,1,1,1,11,1,1,914,11,0,11,0.011,1,0,-0.103616282623219
0.925,0.523598775598299,0.421677999114661,-3.88709964614137,0.80731312552069,-0.0804807107533627,0.197335847333404,0.326262928264894,0.972754328978285,0.972754328978285,0.000159464827557108,0.0144200885627524,0.00393196194479934,-1.1241130792445,0.296179558023313,0.125318186946852,-0.980442841790093,-0.502158709868024,1,1,1,11,0,0,0,0,1,12,0.012,0,0,-0.107676170614556
0.926,0.523598775598299,0.41801711392024,-3.42642099625325,0.901148929550827,-0.0134163648624649,0.105896366021117,0.417702409577182,1.20289902534134,1.20289902534134,0.000160219561151404,0.0144883376270618,-0.00150529890294697,-0.980656157824334,0.296179558023313,0.125318186946852,-0.842354932153367,-0.431433478782705,1,1,1,14,0,1,915,12,0,12,0.012,0,0,-0.111307031534266
0.927,0.523598775598299,0.414844291638577,-2.90877781972062,1.01986368719021,0.0645678387963631,-0.110671696264732,0.634270471863031,1.76675257833911,1.76675257833911,0.000157601987163435,0.0142516355949943,-0.006910876160578,-0.816558347283888,0.296179558023313,0.125318186946852,-0.68389940090262,-0.350276452842214,1,1,1,9,0,1,918,10,0,10,0.01,0,0,-0.114449978001692
0.928,0.523598775598299,0.412232570870684,-2.29364561170515,1.25808782834524,0.151836742571647,-0.110671696264732,0.634270471863031,1.74166910024018,1.74166910024018,0.000151667200392759,0.0137149645801678,-0.0121709930268003,-0.635273584750082,0.296179558023313,0.125318186946852,-0.508411426249863,-0.260395828299037,1,1,1,8,0,0,0,0,1,11,0.011,1,1,-0.117031970755618
0.929,0.523598775598299,0.410287813342969,-1.58512313405147,1.38048433395652,0.246604397293131,-0.110671696264732,0.634270471863031,1.71754144605884,1.71754144605884,0.000142540116463172,0.012889620455068,-0.0171749343563216,-0.440617558986804,0.296179558023313,0.125318186946852,-0.319584685941205,-0.163683416049838,1,1,1,15,0,0,0,0,1,12,0.012,0,1,-0.11894714741166
0.93,0.523598775598299,0.409076728863891,-0.832772520147836,1.42986671388471,0.346901906138074,-0.203159719179853,0.726758494778152,1.94292020672401,1.94292020672401,0.000130412842593786,0.011792975095083,-0.0218173769965537,-0.236687397628775,0.296179558023313,0.125318186946852,-0.121393612583393,-0.0621748227258172,1,1,1,16,0,1,923,8,0,8,0.008,0,0,-0.120128797505615
0.931,0.523598775598299,0.408634244567142,-0.0449865653710115,1.5124524253492,0.450627639402342,-0.203159719179853,0.726758494778152,1.91738506344138,1.91738506344138,0.000115540634118767,0.0104481107345914,-0.0260006066334428,-0.0277754306790073,0.296179558023313,0.125318186946852,0.0819902603689936,0.0419933948352003,1,1,1,13,0,0,0,0,1,9,0.009,0,0,-0.12054199325028
0.932,0.523598775598299,0.408995336540286,0.769058215344085,1.53499454975768,0.555624036460835,-0.203159719179853,0.726758494778152,1.89283667285725,1.89283667285725,9.8236521863096e-05,0.00888333413119139,-0.0296365744861696,0.181721154620774,0.296179558023313,0.125318186946852,0.286286101212649,0.146628699920549,1,1,1,9,1,0,0,0,1,10,0.01,0,1,-0.120151757906807
0.933,0.523598775598299,0.410172511778327,1.58389086870908,1.52040391811194,0.659701236319424,-0.203159719179853,0.726758494778152,1.86924165620369,1.86924165620369,7.88647234575352e-05,0.00713158076396103,-0.0326487505613266,0.38739286595896,0.296179558023313,0.125318186946852,0.487193883108447,0.249528724541097,1,1,1,16,0,0,0,0,1,11,0.011,0,0,-0.118945583831138
0.934,0.523598775598299,0.412158108713478,2.38391387998956,1.48334941035506,0.760685733672212,-0.203159719179853,0.726758494778152,1.84656776381245,1.84656776381245,5.78329772717047e-05,0.00522972160620792,-0.0349737344592102,0.584910717120526,0.296179558023313,0.125318186946852,0.680484891214375,0.348527624958734,1,1,1,15,0,0,0,0,1,12,0.012,0,1,-0.116931131944238
0.935,0.523598775598299,0.414932260790864,3.15984464207322,1.43320147228197,0.856473929240831,-0.203159719179853,0.726758494778152,1.82478383692103,1.82478383692103,3.55839603209516e-05,0.00321778706378263,-0.0365625898279097,0.770117344657965,0.296179558023313,0.125318186946852,0.86209072884069,0.441541668449968,1,1,1,13,0,0,0,0,1,13,0.013,0,1,-0.114128268156389
0.936,0.523598775598299,0.418467983702767,3.90642810360401,1.37592532474464,0.94508107549647,0.151836742571647,0.371762033026652,0.849724786551137,0.849724786551137,1.25859707832373e-05,0.00113812441353251,-0.0373818743775542,0.939114512239583,0.296179558023313,0.125318186946852,1.02818894922241,0.526613091793704,1,1,1,16,0,1,929,8,0,8,0.008,3,0,-0.110563976132941
0.937,0.523598775598299,0.422704228536591,4.5338360375632,1.01304651721914,1.02465553688458,0.151836742571647,0.371762033026652,0.842003218979611,0.842003218979611,-1.06769287592068e-05,-0.00096549352383567,-0.0374143437749367,1.08834516088006,0.296179558023313,0.125318186946852,1.17528351052814,0.601951308347992,1,1,1,15,0,0,0,0,1,9,0.009,0,0,-0.106299304146352
0.938,0.523598775598299,0.427482995662632,5.00232250159967,0.772422178869218,1.09345359205027,0.151836742571647,0.371762033026652,0.834605755661454,0.834605755661454,-3.37150998880216e-05,-0.00304878971579614,-0.0366593146029126,1.21466827805695,0.296179558023313,0.125318186946852,1.30027836068509,0.665970596387633,1,1,1,8,0,0,0,0,1,10,0.01,0,0,-0.101492251188416
0.939,0.523598775598299,0.432673739464755,5.36480237059374,0.610814351089937,1.14999721490174,0.151836742571647,0.371762033026652,0.82752143316006,0.82752143316006,-5.60436342772767e-05,-0.00506791486271427,-0.0351326787449908,1.31542500986497,0.296179558023313,0.125318186946852,1.40054260320412,0.717323475436985,1,1,1,14,0,0,0,0,1,11,0.011,0,0,-0.0962733622395811
0.94,0.523598775598299,0.438188806166933,5.65551171824472,0.500393336977066,1.19311787425859,0.151836742571647,0.371762033026652,0.820739658897706,0.820739658897706,-7.71925600628585e-05,-0.00698037033961842,-0.0328665688923483,1.38849462467686,0.296179558023313,0.125318186946852,1.47396587239174,0.75492906809166,1,1,1,14,0,0,0,0,1,12,0.012,0,1,-0.0907302904424127
0.941,0.523598775598299,0.443968326215354,5.89666244620939,0.423241191789436,1.22196417658371,0.151836742571647,0.371762033026652,0.814250198610557,0.814250198610557,-9.67167338286266e-05,-0.00874590270891858,-0.0299086822136917,1.4323391503855,0.296179558023313,0.125318186946852,1.51900275240975,0.77799585036836,1,1,1,16,0,0,0,0,1,13,0.013,0,0,-0.0849229047194866
0.942,0.523598775598299,0.449970487388216,6.10272312097708,0.367816209707443,1.23600879912081,0.151836742571647,0.371762033026652,0.808043164228021,0.808043164228021,-0.000114205210002426,-0.0103273509763333,-0.0263212764233864,1.44603574570096,0.296179558023313,0.125318186946852,1.53470530524809,0.786038311732597,1,1,1,14,1,0,0,0,1,14,0.014,0,0,-0.0788930166635887
0.943,0.523598775598299,0.456165269331074,6.28317291573191,0.326678768782128,1.23505244347446,0.151836742571647,0.371762033026652,0.80210900216211,0.80210900216211,-0.000129289890454545,-0.011691428756949,-0.0221798593786525,1.42929612414996,0.296179558023313,0.125318186946852,1.52074302296121,0.778887174143389,1,1,1,13,1,0,0,0,1,15,0.015,0,0,-0.0726706460023698
0.944,0.523598775598299,0.462530404961312,6.44427340125654,0.295028511129037,1.21922335998539,0.450627639402342,0.0729711361959565,-0.00663106474546152,-0.00663106474546152,-0.000141653272241527,-0.0128094248883502,-0.0175715997872367,1.38247262194085,0.296179558023313,0.125318186946852,1.47740978421212,0.756692955024079,1,1,1,14,1,1,932,13,0,13,0.013,1,0,-0.0662780591938715
0.945,0.523598775598299,0.469023368312876,6.51687280887417,0.0153660131139968,1.18894616747861,0.450627639402342,0.0729711361959565,-0.00163391633820145,-0.00163391633820145,-0.000151035130420532,-0.0136578077442874,-0.0125934924770455,1.30655078197735,0.296179558023313,0.125318186946852,1.40561766870287,0.719922799165734,1,1,1,8,1,0,0,0,1,14,0.014,0,0,-0.059757781581793
0.946,0.523598775598299,0.475525034781245,6.47127002755726,-0.156199377104897,1.14487568102657,1.09345359205027,-0.569854816451966,-1.72453667883995,-1.72453667883995,-0.000157237995274094,-0.0142187205292658,-0.0073503168452191,1.20312861011297,0.296179558023313,0.125318186946852,1.30687775968533,0.669350646245323,1,1,1,13,0,1,939,8,0,8,0.008,1,0,-0.0532289371505145
0.947,0.523598775598299,0.48188755434497,6.19625757489324,-0.8059209790207,1.08792849525814,1.09345359205027,-0.569854816451966,-1.69744494928696,-1.69744494928696,-0.000160131308660456,-0.0144803571290746,-0.00195243145728654,1.07438294026141,0.296179558023313,0.125318186946852,1.1832683386219,0.606040940913174,1,1,1,15,0,0,0,0,1,9,0.009,0,0,-0.0468393753035611
0.948,0.523598775598299,0.487828375764143,5.65158377276493,-1.18836331508504,1.01915460408452,1.09345359205027,-0.569854816451966,-1.67136607644664,-1.67136607644664,-0.00015965417200643,-0.0144372106063398,0.00348654878423289,0.923023616311307,0.296179558023313,0.125318186946852,1.03739114143605,0.531326228320379,1,1,1,16,0,0,0,0,1,10,0.01,0,1,-0.0408716466651297
0.949,0.523598775598299,0.493139597293989,4.95215681334527,-1.40057130405898,0.939918703950388,1.09345359205027,-0.569854816451966,-1.64626579853366,-1.64626579853366,-0.00015581662810295,-0.0140901891107576,0.00885214401073599,0.752236455226163,0.296179558023313,0.125318186946852,0.872316597072994,0.446779106656399,1,1,1,15,0,0,0,0,1,11,0.011,1,1,-0.0355336523664956
0.95,0.523598775598299,0.497705742206371,4.17099758607711,-1.50489064307474,0.851884869247318,1.09345359205027,-0.569854816451966,-1.62211101273205,-1.62211101273205,-0.000148699449724015,-0.0134465967643237,0.0140314189642826,0.565616191844495,0.296179558023313,0.125318186946852,0.691519200991306,0.354179127040947,1,1,1,15,0,0,0,0,1,12,0.012,0,0,-0.0309408685245057
0.951,0.523598775598299,0.501469913178875,3.35422422922465,-1.54135100070398,0.756945250641357,1.09345359205027,-0.569854816451966,-1.59886973599094,-1.59886973599094,-0.000138452439518183,-0.0125199799238885,0.0189153600633164,0.367090816760471,0.296179558023313,0.125318186946852,0.498804383846751,0.255475337462482,1,1,1,9,0,0,0,0,1,13,0.013,0,0,-0.0271501918524908
0.952,0.523598775598299,0.504412061262607,2.53068878700329,-1.53563102463079,0.657157320402634,1.09345359205027,-0.569854816451966,-1.57651106714636,-1.57651106714636,-0.00012529127695658,-0.0113298420569087,0.0234011699247885,0.160838899824479,0.296179558023313,0.125318186946852,0.298228414639211,0.152745259140027,1,1,1,12,0,0,0,0,1,14,0.014,1,1,-0.0241816706924689
0.953,0.523598775598299,0.506535045513532,1.71817405516246,-1.50418147941276,0.554686204288904,1.14999721490174,-0.626398439303441,-1.70697919657525,-1.70697919657525,-0.000109492978702955,-0.00990123323170265,0.0273944310474918,-0.0487983605583633,0.296179558023313,0.125318186946852,0.0940130242042781,0.0481511587753719,1,1,1,10,0,1,940,14,0,14,0.014,0,0,-0.0220324453838007
0.954,0.523598775598299,0.507850894192343,0.913499766152018,-1.50566296486269,0.451745431271413,1.19311787425859,-0.669519098660294,-1.80022335660581,-1.80022335660581,-9.13900679561287e-05,-0.00826422286263334,0.0308110931153144,-0.257408511141818,0.296179558023313,0.125318186946852,-0.109543453942285,-0.0561054629209296,1,1,1,11,0,1,941,14,0,14,0.014,0,0,-0.0206904870633224
0.955,0.523598775598299,0.50836108482649,0.106098464726195,-1.51572335089497,0.350530876323979,1.19311787425859,-0.669519098660294,-1.77694028010124,-1.77694028010124,-7.13635754887102e-05,-0.00645326680790054,0.0335792420915773,-0.460600717326813,0.296179558023313,0.125318186946852,-0.308156555096284,-0.157830208502511,1,1,1,13,1,0,0,0,1,15,0.015,0,0,-0.0201543176033098
0.956,0.523598775598299,0.508064626179479,-0.696989132869968,-1.49405607320637,0.253182654629091,1.19311787425859,-0.669519098660294,-1.75455809013489,-1.75455809013489,-4.98350196965104e-05,-0.00450648214129121,0.0356406138684874,-0.654098181619654,0.296179558023313,0.125318186946852,-0.497645862945606,-0.254881971550389,1,1,1,13,0,0,0,0,1,16,0.016,0,0,-0.0204249276421805
0.957,0.523598775598299,0.506973034472999,-1.48248353317664,-1.45334845935305,0.161755031708504,1.22196417658371,-0.698365400985415,-1.81057741263061,-1.81057741263061,-2.72575344628795e-05,-0.00246484486252139,0.0369518206123544,-0.833828161832709,0.296179558023313,0.125318186946852,-0.674022999136024,-0.345218002764495,1,1,1,15,0,1,942,16,0,16,0.016,0,0,-0.0214908003623646
0.958,0.523598775598299,0.505105719048323,-2.24964526830761,-1.426259379943,0.0781688132175603,1.22196417658371,-0.698365400985415,-1.78890130247408,-1.78890130247408,-4.10633157902915e-06,-0.000371327432793426,0.0374852639924099,-0.996007694321112,0.296179558023313,0.125318186946852,-0.833575570814643,-0.426936905830763,1,1,1,16,0,0,0,0,1,17,0.017,0,0,-0.0233325258288969
0.959,0.523598775598299,0.502480308994302,-2.99727541655025,-1.38336439975317,0.00416165090928383,1.14487568102657,-0.62127690542827,-1.56088346453788,-1.56088346453788,1.91313015323151e-05,0.00173000571124631,0.0372297160715508,-1.13722321794933,0.296179558023313,0.125318186946852,-0.972945309219682,-0.498318658085018,1,1,1,11,1,1,947,13,0,13,0.013,0,0,-0.0259324743614269
0.96,0.523598775598299,0.499126416356719,-3.70001305133375,-1.26591701427796,-0.0587343972604807,0.756945250641357,-0.233346475043058,-0.500915295665955,-0.500915295665955,4.19662582616198e-05,0.00379492562749097,0.0361905556323988,-1.25450242285929,0.296179558023313,0.125318186946852,-1.08919875465255,-0.5578608136172,1,1,1,11,0,1,952,9,0,9,0.009,0,0,-0.0292610333248567
0.961,0.523598775598299,0.495132145280802,-4.2507651104845,-0.840393042233782,-0.109177981530798,0.756945250641357,-0.233346475043058,-0.49781010053961,-0.49781010053961,6.3917907547579e-05,0.00577996980087554,0.0343896549644729,-1.34537681176442,0.296179558023313,0.125318186946852,-1.17988900005222,-0.6043101268116,1,1,1,15,0,0,0,0,1,10,0.01,0,0,-0.033230097986827
0.962,0.523598775598299,0.490685944003853,-4.61717801690745,-0.564799305040424,-0.146002986705654,0.756945250641357,-0.233346475043058,-0.494849430195821,-0.494849430195821,8.45242102184552e-05,0.00764335694409056,0.0318649194953858,-1.40793365697695,0.296179558023313,0.125318186946852,-1.24310719359062,-0.636688930709507,1,1,1,11,0,0,0,0,1,11,0.011,0,1,-0.0376512195250877
0.963,0.523598775598299,0.485937390385597,-4.86403817261398,-0.385762089027714,-0.168378324595964,0.554686204288904,-0.0310874286906053,0.0515895068784325,0.0515895068784325,0.000103351444010623,0.00934586641175034,0.0286694899559223,-1.44085625957497,0.296179558023313,0.125318186946852,-1.27752271626044,-0.654315714981561,1,1,1,11,0,1,954,10,0,10,0.01,0,0,-0.0423748194971427
0.964,0.523598775598299,0.481000844871924,-4.98343674630491,-0.0967361862087924,-0.175818625511872,0.554686204288904,-0.0310874286906053,0.047226845405319,0.047226845405319,0.000120003332571721,0.0108516637180693,0.024870623871862,-1.44345166333285,0.296179558023313,0.125318186946852,-1.28241118879607,-0.656819470383796,1,1,1,9,0,0,0,0,1,11,0.011,2,1,-0.0472865368765053
0.965,0.523598775598299,0.476011088818889,-4.98024874349334,0.0819513967518893,-0.168136408955806,0.451745431271413,0.0718533443268855,0.319683602349674,0.319683602349674,0.000134129386300788,0.0121290547825183,0.020548279924949,-1.41566524009091,0.296179558023313,0.125318186946852,-1.25766971843659,-0.644147497774694,1,1,1,12,1,1,955,11,0,11,0.011,1,0,-0.0522515897287004
0.966,0.523598775598299,0.471073925293572,-4.87675960932402,0.277636147864695,-0.145492592035204,0.451745431271413,0.0718533443268855,0.312013242145042,0.312013242145042,0.000145432279467088,0.0131511530280702,0.015793434979435,-1.35808183957104,0.296179558023313,0.125318186946852,-1.20381906461669,-0.616566517328776,1,1,1,11,0,0,0,0,1,12,0.012,0,0,-0.0571641744103923
0.967,0.523598775598299,0.466284386370863,-4.6921732015441,0.392452646601112,-0.108372668229085,0.451745431271413,0.0718533443268855,0.304614504976075,0.304614504976075,0.000153674108333695,0.0138964452909234,0.0107061691974861,-1.27191347943695,0.296179558023313,0.125318186946852,-1.12199267800169,-0.574657054599947,1,1,1,10,1,0,0,0,1,13,0.013,0,0,-0.0619292582726059
0.968,0.523598775598299,0.461704883589739,-4.46125550638867,0.455764313616284,-0.057596338007225,0.451745431271413,0.0718533443268855,0.297478202682168,0.297478202682168,0.00015868139856465,0.0143492446304136,0.0053935595480206,-1.158973834699,0.296179558023313,0.125318186946852,-1.01391284357371,-0.519301221596964,1,1,1,11,0,0,0,0,1,14,0.014,0,0,-0.0664844292044401
0.969,0.523598775598299,0.45736986539272,-4.2060983476979,0.486435745090278,0.00570571533731384,0.253182654629091,0.270416120969208,0.824278782029105,0.824278782029105,0.000160348756519556,0.0145000205083541,-3.25739535169984e-05,-1.02164006341173,0.296179558023313,0.125318186946852,-0.881854429910044,-0.451664150055406,1,1,1,11,0,1,957,13,0,13,0.013,0,0,-0.0707952381936126
0.97,0.523598775598299,0.453312942015902,-3.89191761744782,0.665640302761104,0.0801434743165037,0.253182654629091,0.270416120969208,0.810721050385539,0.810721050385539,0.000158641087583041,0.0143455993881758,-0.0054580218372083,-0.862802772158311,0.296179558023313,0.125318186946852,-0.728597007660491,-0.373169467699399,1,1,1,14,0,0,0,0,1,14,0.014,0,0,-0.0748280744364207
0.971,0.523598775598299,0.449609782813802,-3.50581483393894,0.763159207745777,0.164140449144153,-0.0587343972604807,0.58233317285878,1.63601681318794,1.63601681318794,0.000153594334837592,0.0138892315316488,-0.0107685890640465,-0.685805174450179,0.296179558023313,0.125318186946852,-0.557366345035724,-0.285469333669649,1,1,1,8,0,1,961,11,0,11,0.011,0,0,-0.0785072680128959
0.972,0.523598775598299,0.44633999357247,-3.00624924830783,1.0745520352204,0.255930329759157,-0.0587343972604807,0.58233317285878,1.61258037365919,1.61258037365919,0.000145314722532154,0.0131405225872459,-0.0158524986075783,-0.494372722638495,0.296179558023313,0.125318186946852,-0.371766511711975,-0.190409663813313,1,1,1,10,0,0,0,0,1,12,0.012,0,1,-0.0817532125736869
0.973,0.523598775598299,0.443638688296913,-2.38132839716561,1.24521797063922,0.353647410521773,-0.175818625511872,0.699417401110171,1.90472616158077,1.90472616158077,0.000133976520269983,0.012115231410078,-0.0206027441411226,-0.292534694447517,0.296179558023313,0.125318186946852,-0.17570402023171,-0.0899912777751405,1,1,1,16,0,1,965,9,0,9,0.009,1,0,-0.0844307935526297
0.974,0.523598775598299,0.441608719474567,-1.66265074772749,1.4264755343857,0.455280933807157,-0.175818625511872,0.699417401110171,1.8789617962449,1.8789617962449,0.000119818374975231,0.0108349383688961,-0.0249193423111163,-0.0845393845796195,0.296179558023313,0.125318186946852,0.0266943984250125,0.0136722143325895,1,1,1,9,0,0,0,0,1,10,0.01,1,1,-0.0864371579032789
0.975,0.523598775598299,0.440335935891275,-0.875522883817987,1.51113792018043,0.558734835169537,-0.175818625511872,0.699417401110171,1.85418731095342,1.85418731095342,0.000103138287843167,0.00932659112164711,-0.0287114371906445,0.125235313557527,0.296179558023313,0.125318186946852,0.231168654435382,0.118398899278262,1,1,1,8,0,0,0,0,1,11,0.011,0,0,-0.0876864562829193
0.976,0.523598775598299,0.439866570537426,-0.0611846667398164,1.53520975972691,0.661851056243309,-0.175818625511872,0.699417401110171,1.83036922115005,1.83036922115005,8.42873419993709e-05,0.00762193742011639,-0.0318992126185407,0.332374053922463,0.296179558023313,0.125318186946852,0.433414965670891,0.221984485705883,1,1,1,12,0,0,0,0,1,12,0.012,0,1,-0.0881324551464263
0.977,0.523598775598299,0.440213953380064,0.754651655410567,1.52178007758161,0.762462653525706,-0.145492592035204,0.669091367633503,1.72596695560726,1.72596695560726,6.3662312888396e-05,0.00575685688200779,-0.0344155721730648,0.532516972215892,0.296179558023313,0.125318186946852,0.629176443871687,0.322248700145642,1,1,1,14,1,1,967,11,0,11,0.011,0,0,-0.0877618239741553
0.978,0.523598775598299,0.44136846729789,1.54878125182916,1.45981306932665,0.858449644792968,-0.145492592035204,0.669091367633503,1.70502256610926,1.70502256610926,4.16973169287096e-05,0.00377060579534892,-0.0362075514200087,0.721451452474766,0.296179558023313,0.125318186946852,0.814332693796958,0.417081177495078,1,1,1,9,0,0,0,0,1,12,0.012,0,0,-0.086584179336931
0.979,0.523598775598299,0.443300027053925,2.30850488242259,1.3951019801895,0.947785907120137,0.164140449144153,0.359458326454145,0.852689566402361,0.852689566402361,1.88546742133566e-05,0.00170499085060671,-0.0372374327101771,0.895200794377675,0.296179558023313,0.125318186946852,0.984986539464957,0.504485880066211,1,1,1,13,0,1,972,8,0,8,0.008,1,0,-0.0846296059233842
0.98,0.523598775598299,0.445947396509997,2.95701631253819,1.06621327537846,1.02857050677476,0.164140449144153,0.359458326454145,0.844151585140604,0.844151585140604,-4.38482242141689e-06,-0.000396510808166334,-0.0374835390619413,1.05010791498853,0.296179558023313,0.125318186946852,1.13754605206528,0.58262311026476,1,1,1,9,0,0,0,0,1,9,0.009,0,1,-0.0819593393254632
0.981,0.523598775598299,0.449166065373993,3.46071491380313,0.845616563329994,1.09901429799099,0.164140449144153,0.359458326454145,0.835963242891442,0.835963242891442,-2.75320271425665e-05,-0.00248966669195897,-0.0369406904191948,1.18291232318112,0.296179558023313,0.125318186946852,1.26880015301681,0.649848232616993,1,1,1,9,0,0,0,0,1,10,0.01,0,0,-0.0787178892911717
0.982,0.523598775598299,0.452836369465261,3.86651016673332,0.695134219474054,1.15758265958668,0.255930329759157,0.267668445839142,0.581406207665311,0.581406207665311,-5.00997366808516e-05,-0.00453041997395778,-0.0356203126813771,1.29081874658364,0.296179558023313,0.125318186946852,1.37598620087515,0.70474629012142,1,1,1,8,1,1,973,10,0,10,0.01,0,0,-0.0750249194591674
0.983,0.523598775598299,0.45686889855265,4.18228805344773,0.512036156248353,1.20303068487168,0.558734835169537,-0.0351360595712384,-0.23677608232801,-0.23677608232801,-7.16129450042773e-05,-0.00647581679935894,-0.0335501972106959,1.37155596658084,0.296179558023313,0.125318186946852,1.45684813951763,0.746161786319033,1,1,1,12,0,1,976,8,0,8,0.008,1,0,-0.070969839520719
0.984,0.523598775598299,0.46114861580779,4.34352506089448,0.132693634097499,1.23437162203572,0.558734835169537,-0.0351360595712384,-0.230356902284305,-0.230356902284305,-9.16188412636165e-05,-0.00828491037978246,-0.0307739158784492,1.42342462301213,0.296179558023313,0.125318186946852,1.50968398370075,0.773223006227926,1,1,1,8,1,0,0,0,1,9,0.009,0,1,-0.0666676857664166
0.985,0.523598775598299,0.465502708150477,4.34389608988177,-0.101726463276364,1.25086307238476,0.558734835169537,-0.0351360595712384,-0.224160808638246,-0.224160808638246,-0.00010969634057285,-0.00991962284287331,-0.0273499039625768,1.44533298237064,0.296179558023313,0.125318186946852,1.53338164251204,0.785360364234279,1,1,1,10,0,0,0,0,1,10,0.01,0,0,-0.0622912707407906
0.986,0.523598775598299,0.469803848769458,4.24585247244928,-0.243368715221209,1.25212224152207,0.558734835169537,-0.0351360595712384,-0.218180255072398,-0.218180255072398,-0.0001254649470203,-0.0113455466968466,-0.0233502301996465,1.43681991665272,0.296179558023313,0.125318186946852,1.52744232670308,0.782318392752616,1,1,1,13,0,0,0,0,1,11,0.011,0,0,-0.0579679207215155
0.987,0.523598775598299,0.473975079059824,4.08933184285549,-0.325754358081717,1.23813619837734,0.858449644792968,-0.334850869194669,-1.01796072630203,-1.01796072630203,-0.000138592762361443,-0.0125326690407186,-0.018859079879272,1.39806460919818,0.296179558023313,0.125318186946852,1.49199104722504,0.76416111931752,1,1,1,8,0,1,979,9,0,9,0.009,0,0,-0.0537745937820169
0.988,0.523598775598299,0.477946126190795,3.82623821936415,-0.625610523929962,1.20921684512038,0.858449644792968,-0.334850869194669,-1.00194448290498,-1.00194448290498,-0.000148803471826127,-0.0134560032770194,-0.0139709829088484,1.32988278323233,0.296179558023313,0.125318186946852,1.42777398399331,0.731270718929589,1,1,1,10,0,0,0,0,1,10,0.01,0,1,-0.0497815622236833
0.989,0.523598775598299,0.481586883173222,3.44009801143211,-0.79755080758024,1.16592635319431,1.02857050677476,-0.504971731176458,-1.44376579013012,-1.44376579013012,-0.000155882160002646,-0.0140961150306721,-0.00878882414436771,1.2337095324917,0.296179558023313,0.125318186946852,1.33614278026351,0.684339470021084,1,1,1,14,0,1,981,9,0,9,0.009,1,0,-0.0461189325083543
0.99,0.523598775598299,0.484789374395486,2.94409152464194,-1.03305249936694,1.10914455774794,1.09901429799099,-0.575415522392687,-1.61233138650027,-1.61233138650027,-0.000159679834385724,-0.0144395312044794,-0.00342167786595158,1.11156911531499,0.296179558023313,0.125318186946852,1.21902609319141,0.624355183352454,1,1,1,12,0,1,982,9,0,9,0.009,0,0,-0.0428946797224243
0.991,0.523598775598299,0.487438182102597,2.33721087741734,-1.21814360271673,1.04001859263545,1.09901429799099,-0.575415522392687,-1.58989601588708,-1.58989601588708,-0.000160116561376587,-0.0144790235613988,0.00201748802185863,0.966032347974479,0.296179558023313,0.125318186946852,1.07888899938179,0.55258041053285,1,1,1,16,0,0,0,0,1,10,0.01,0,0,-0.0402242210977338
0.992,0.523598775598299,0.489440300905985,1.65906635026159,-1.30904100762182,0.95996617069052,1.09901429799099,-0.575415522392687,-1.56831693283279,-1.56831693283279,-0.000157183148728469,-0.0142137608647593,0.00741418974296955,0.800162494034705,0.296179558023313,0.125318186946852,0.918681109859767,0.470525869784535,1,1,1,13,0,0,0,0,1,11,0.011,0,1,-0.0382005615017785
0.993,0.523598775598299,0.490746148180107,0.949918470394575,-1.34070531001101,0.870664796466841,1.09901429799099,-0.575415522392687,-1.54756517179847,-1.54756517179847,-0.000150941339025385,-0.0136493263741624,0.012654837308727,0.617450788661281,0.296179558023313,0.125318186946852,0.741774486542698,0.379918648286734,1,1,1,11,1,0,0,0,1,12,0.012,0,0,-0.0368732830410933
0.994,0.523598775598299,0.491338306001894,0.234948360465013,-1.33556262478404,0.774004156379091,1.09901429799099,-0.575415522392687,-1.52761274705909,-1.52761274705909,-0.000141522510121808,-0.0127976003288164,0.0176291253644356,0.421742954966728,0.296179558023313,0.125318186946852,0.5518926669492,0.282665850377198,1,1,1,13,0,0,0,0,1,13,0.013,0,0,-0.0362598031218058
0.995,0.523598775598299,0.491219346499681,-0.470329819688399,-1.30797928169746,0.672033803245296,1.23813619837734,-0.714537422779046,-1.88235485972717,-1.88235485972717,-0.000129124909896458,-0.0116765098917975,0.0222323549007726,0.217158259080197,0.296179558023313,0.125318186946852,0.353032291036024,0.180814456745615,1,1,1,8,0,1,988,8,0,8,0.008,2,0,-0.0363575491006985
0.996,0.523598775598299,0.490392202985198,-1.19073521248178,-1.38559149350215,0.566900442489274,1.23813619837734,-0.714537422779046,-1.8590724685994,-1.8590724685994,-0.000114009483523203,-0.0103096518184205,0.0263676369626272,0.00800280767302375,0.296179558023313,0.125318186946852,0.149378979764083,0.0765082395040761,1,1,1,9,0,0,0,0,1,9,0.009,0,0,-0.0371635871532143
0.997,0.523598775598299,0.488829734974202,-1.93604226954914,-1.40750767242281,0.460772374962115,1.23813619837734,-0.714537422779046,-1.83669855859889,-1.83669855859889,-9.64943810868484e-05,-0.00872579579081175,0.0299479319716124,-0.201321087142695,0.296179558023313,0.125318186946852,-0.0547807640150416,-0.0280573600120867,1,1,1,14,0,0,0,0,1,10,0.01,0,0,-0.0387050572528216
0.998,0.523598775598299,0.486519798683736,-2.68261934342577,-1.39496380630421,0.355838357704452,1.20921684512038,-0.685618069522085,-1.73747495728192,-1.73747495728192,-7.69482611477207e-05,-0.00695827887251537,0.0328978817385107,-0.406407567851403,0.296179558023313,0.125318186946852,-0.255149778038555,-0.130681440979284,1,1,1,11,1,1,989,10,0,10,0.01,0,0,-0.040994102673748
0.999,0.523598775598299,0.483471426160131,-3.40888863265851,-1.336934484638,0.254267458427929,1.20921684512038,-0.685618069522085,-1.71783470322692,-1.71783470322692,-5.57825312018884e-05,-0.00504430382867758,0.0351553956053856,-0.602939966195229,0.296179558023313,0.125318186946852,-0.447510687471669,-0.229203967732203,1,1,1,15,0,0,0,0,1,11,0.011,0,1,-0.0440216908629747
1,0.523598775598299,0.479712733545157,-4.10307449717918,-1.276767708612,0.158161499266303,1.20921684512038,-0.685618069522085,-1.69897483456837,-1.69897483456837,-3.34426883601144e-05,-0.00302415608079265,0.0366729573321748,-0.786781660576073,0.296179558023313,0.125318186946852,-0.627814672377839,-0.321551234278854,1,1,1,10,0,0,0,0,1,12,0.012,0,0,-0.0477597051740845
1.001,0.523598775598299,0.475276175673225,-4.76460143390273,-1.21635161276318,0.069496663927895,1.20921684512038,-0.685618069522085,-1.68086895330091,-1.68086895330091,-1.03989425072593e-05,-0.000940355777577016,0.0374186252203678,-0.954063143828657,0.296179558023313,0.125318186946852,-0.792266687439014,-0.40577951174533,1,1,1,13,0,0,0,0,1,13,0.013,0,0,-0.0521756902700484
1.002,0.523598775598299,0.470194351010947,-5.39369332950072,-1.1568490040551,-0.0099216090460737,1.10914455774794,-0.585545782149641,-1.39452416844794,-1.39452416844794,1.28636806937296e-05,0.00116323717078061,0.0373767044231234,-1.10126346875839,0.296179558023313,0.125318186946852,-0.937405340217637,-0.480115960057021,1,1,1,14,1,1,991,12,0,12,0.012,0,0,-0.0572370471836667
1.003,0.523598775598299,0.464507879308596,-5.96649900045907,-1.01375459007509,-0.0784880634372655,0.672033803245296,-0.148435027646997,-0.206502044440469,-0.206502044440469,3.58555486409482e-05,0.00324234625772499,0.0365480772910197,-1.22528435717569,0.296179558023313,0.125318186946852,-1.06017574668009,-0.542995942745861,1,1,1,9,0,1,996,8,0,8,0.008,1,0,-0.0629031556661033
1.004,0.523598775598299,0.458320495392762,-6.36583213171641,-0.535246874063495,-0.134775464086952,0.672033803245296,-0.148435027646997,-0.209094586995747,-0.209094586995747,5.80927275996316e-05,0.00525321031397057,0.0349501848003049,-1.32351541257607,0.296179558023313,0.125318186946852,-1.15799383051494,-0.593095959479714,1,1,1,15,0,0,0,0,1,9,0.009,0,0,-0.0690702803942208
1.005,0.523598775598299,0.451844082420951,-6.56018233334794,-0.232838464512369,-0.177517420728225,0.566900442489274,-0.0433016668909753,0.0709456402613754,0.0709456402613754,7.91071685583475e-05,0.00715350459430579,0.032616659454546,-1.39388906386801,0.296179558023313,0.125318186946852,-1.2288007128723,-0.629361503149176,1,1,1,15,0,1,997,9,0,9,0.009,1,0,-0.0755265377159832
1.006,0.523598775598299,0.445251774642739,-6.59972669168496,0.0460389476651858,-0.205777480531584,0.566900442489274,-0.0433016668909753,0.0648122147160292,0.0648122147160292,9.8456558742836e-05,0.00890323163048029,0.0295966173863835,-1.43492408368986,0.296179558023313,0.125318186946852,-1.27110604772614,-0.651029255174323,1,1,1,12,1,0,0,0,1,10,0.01,0,0,-0.0820987928892919
1.007,0.523598775598299,0.438683508954044,-6.52176756507414,0.215926081053323,-0.218959642910022,0.566900442489274,-0.0433016668909753,0.0588789365488647,0.0588789365488647,0.000115733631432597,0.0104655630994824,0.0259536245592479,-1.44575676534135,0.296179558023313,0.125318186946852,-1.28401939073577,-0.657643151864067,1,1,1,10,1,0,0,0,1,11,0.011,1,1,-0.0886471085277131
1.008,0.523598775598299,0.432231576374504,-6.3732413964373,0.316137105992739,-0.216832407287995,0.566900442489274,-0.0433016668909753,0.0531390353979691,0.0531390353979691,0.000130574738126703,0.0118076149875178,0.0217643588284837,-1.42615910211589,0.296179558023313,0.125318186946852,-1.26726894135304,-0.649063983662499,1,1,1,14,0,0,0,0,1,12,0.012,0,0,-0.0950791931230922
1.009,0.523598775598299,0.425950441039599,-6.18411180977896,0.371941104077324,-0.199521884197478,0.566900442489274,-0.0433016668909753,0.0475859699216687,0.0475859699216687,0.000142667502631677,0.012901139734019,0.0171169960228484,-1.37654358639465,0.296179558023313,0.125318186946852,-1.22120726369093,-0.625472325237076,1,1,1,16,1,0,0,0,1,13,0.013,0,0,-0.101340582053425
1.01,0.523598775598299,0.419870457950859,-5.97343502463243,0.399573834107035,-0.167494276785123,0.158161499266303,0.365437276331996,1.14079373608568,1.14079373608568,0.000151757395967798,0.0137231207874014,0.0121093540162313,-1.29795452749082,0.296179558023313,0.125318186946852,-1.14680386574034,-0.587364734735982,1,1,1,13,0,1,1001,10,0,10,0.01,0,0,-0.107400919832652
1.011,0.523598775598299,0.414041442105084,-5.65293923265993,0.75747103233833,-0.121501860107696,0.158161499266303,0.365437276331996,1.12135093104727,1.12135093104727,0.000157653093705023,0.0142562570583422,0.00684683385321453,-1.19204607098635,0.296179558023313,0.125318186946852,-1.04562479312794,-0.535543302212779,1,1,1,11,0,0,0,0,1,11,0.011,0,1,-0.113210390981425
1.012,0.523598775598299,0.408613096456336,-5.18566103244706,0.962425092714824,-0.0624856707473641,-0.0784880634372655,0.602086839035564,1.73867801148056,1.73867801148056,0.000160230502967056,0.0144893270737828,0.00144020126377747,-1.06104738221122,0.296179558023313,0.125318186946852,-0.919799666926811,-0.4710987672037,1,1,1,12,0,1,1004,9,0,9,0.009,0,0,-0.118619292065117
1.013,0.523598775598299,0.403717011580788,-4.57919700938749,1.27169104349632,0.00832945078160452,-0.0784880634372655,0.602086839035564,1.71240261866963,1.71240261866963,0.000159435374343061,0.0144174251669333,-0.00399674473812378,-0.907715726684319,0.296179558023313,0.125318186946852,-0.771976859308658,-0.395387560799183,1,1,1,15,1,0,0,0,1,10,0.01,0,0,-0.123496032028965
1.014,0.523598775598299,0.399495427601282,-3.84938700096438,1.43744672111524,0.0894921721718793,-0.0784880634372655,0.602086839035564,1.68711792258396,1.68711792258396,0.000155284443731379,0.0140420647319379,-0.00934956710063868,-0.735278435081304,0.296179558023313,0.125318186946852,-0.605267750503153,-0.310003255429403,1,1,1,16,0,0,0,0,1,11,0.011,1,1,-0.127698370273505
1.015,0.523598775598299,0.396038605460139,-3.05771695320309,1.51248324896494,0.179295582170763,-0.0784880634372655,0.602086839035564,1.6627904110415,1.6627904110415,0.000147865080081683,0.0133711463698962,-0.0145055994095696,-0.547364974252213,0.296179558023313,0.125318186946852,-0.423181240345034,-0.216743023289376,1,1,1,8,1,0,0,0,1,12,0.012,0,0,-0.131136045381765
1.016,0.523598775598299,0.393387547298172,-2.24289619430878,1.53068522645679,0.275817737909634,-0.0784880634372655,0.602086839035564,1.63938770547284,1.63938770547284,0.000137333446449921,0.0124187915967028,-0.0193563172954498,-0.347930554061699,0.296179558023313,0.125318186946852,-0.229549892813594,-0.117569809388538,1,1,1,16,0,0,0,0,1,13,0.013,0,0,-0.133768054740235
1.017,0.523598775598299,0.391552391554327,-1.42902163339151,1.51377928106974,0.376981376146988,-0.0784880634372655,0.602086839035564,1.61687852257467,1.61687852257467,0.000123911213072199,0.0112050456128283,-0.023799622658721,-0.141172877976968,0.296179558023313,0.125318186946852,-0.0284492680760085,-0.0145710154073383,1,1,1,9,0,0,0,0,1,14,0.014,0,0,-0.135584259439232
1.018,0.523598775598299,0.390524207928646,-0.630827498939528,1.47567475529001,0.480609643943346,-0.0784880634372655,0.602086839035564,1.59523263726028,1.59523263726028,0.000107880891641011,0.00975545539115806,-0.0277419926345125,0.0685562103584426,0.296179558023313,0.125318186946852,0.17588786006194,0.0900854360146994,1,1,1,8,0,0,0,0,1,15,0.015,0,0,-0.136593589309924
1.019,0.523598775598299,0.390282548611026,0.142939498371499,1.42525560636861,0.584479280410604,-0.134775464086952,0.658374239685251,1.72570623676756,1.72570623676756,8.95798889880764e-05,0.00810053196330699,-0.0311004480655628,0.276842324900057,0.296179558023313,0.125318186946852,0.379160595744654,0.194196731799578,1,1,1,16,1,1,1005,15,0,15,0.015,0,0,-0.136816491695575
1.02,0.523598775598299,0.39080505753927,0.901165984196232,1.41610047277262,0.686376590865619,-0.177517420728225,0.701116196326524,1.81861757562725,1.81861757562725,6.93934053321895e-05,0.00627510822223658,-0.0338043000507559,0.479301451371986,0.296179558023313,0.125318186946852,0.577090446490319,0.295571533326349,1,1,1,16,0,1,1006,15,0,15,0.015,0,0,-0.136275322193477
1.021,0.523598775598299,0.392084470872321,1.65796826933626,1.42071657174002,0.784160570684526,-0.177517420728225,0.701116196326524,1.79601496522127,1.79601496522127,4.77463265699377e-05,0.00431760575816025,-0.0357966378078797,0.671672222171052,0.296179558023313,0.125318186946852,0.765511377068185,0.392076099812204,1,1,1,12,1,0,0,0,1,16,0.016,0,0,-0.134977344181721
1.022,0.523598775598299,0.394118857979111,2.40862357768591,1.39721176063249,0.875798057350765,-0.121501860107696,0.645100635705995,1.62374081296858,1.62374081296858,2.5094281260785e-05,0.00226922615941466,-0.0370355265339886,0.849905609798221,0.296179558023313,0.125318186946852,0.940457496370499,0.481679199371654,1,1,1,10,1,1,1012,11,0,11,0.011,1,0,-0.132924487830338
1.023,0.523598775598299,0.396890934444797,3.12763970859058,1.30922387522436,0.959385796909565,-0.121501860107696,0.645100635705995,1.60482691421133,1.60482691421133,1.91405053931509e-06,0.000173083799815499,-0.0374948900507775,1.01025015094791,0.296179558023313,0.125318186946852,1.0982465316438,0.562494862464767,1,1,1,12,0,0,0,0,1,12,0.012,0,1,-0.130134037095058
1.024,0.523598775598299,0.400359282104508,3.80204736595756,1.23111961557205,1.03318135996208,-0.0624856707473641,0.586084446345663,1.42804233452946,1.42804233452946,-2.13064671926757e-05,-0.00192670163436343,-0.0371650596569992,1.14933090745391,0.296179558023313,0.125318186946852,1.2355573331094,0.632822077857574,1,1,1,12,1,1,1013,12,0,12,0.012,0,0,-0.12664740968356
1.025,0.523598775598299,0.404476682170008,4.42195854100747,1.11018924970361,1.09565727774311,-0.0624856707473641,0.586084446345663,1.41265774905528,1.41265774905528,-4.4078525570835e-05,-0.00398593377727361,-0.0360529776356674,1.26422050211997,0.296179558023313,0.125318186946852,1.34949977765388,0.691180595573097,1,1,1,12,0,0,0,0,1,13,0.013,0,0,-0.122511823928802
1.026,0.523598775598299,0.409184123227748,4.98446436693118,1.01553452751205,1.14552620647838,0.480609643943346,0.0429891316549532,-0.061801346144002,-0.061801346144002,-6.59228174208091e-05,-0.00596126983032536,-0.0341820511326113,1.35250073426929,0.296179558023313,0.125318186946852,1.4376756002532,0.73634208325063,1,1,1,15,1,1,1019,8,0,8,0.008,1,0,-0.117786290790964
1.027,0.523598775598299,0.414384202984205,5.36787485783718,0.476221947178559,1.18174018311744,0.480609643943346,0.0429891316549532,-0.0570406957126823,-0.0570406957126823,-8.63795632343589e-05,-0.00781113284310453,-0.0315916594819578,1.41231347812679,0.296179558023313,0.125318186946852,1.49822887274858,0.767355980133234,1,1,1,9,0,0,0,0,1,9,0.009,0,0,-0.112568212112106
1.028,0.523598775598299,0.419843621698097,5.52095411685049,0.137657285708629,1.20341312620584,0.480609643943346,0.0429891316549532,-0.0524338088422268,-0.0524338088422268,-0.000105018188626446,-0.00949658682665212,-0.0283363253483651,1.44239979272314,0.296179558023313,0.125318186946852,1.52988506749498,0.783569504507748,1,1,1,9,0,0,0,0,1,10,0.01,0,0,-0.107090887183941
1.029,0.523598775598299,0.425378533295042,5.53028426267916,-0.0721514871344624,1.21001992677477,0.480609643943346,0.0429891316549532,-0.0479754841906769,-0.0479754841906769,-0.00012144638708167,-0.0109821562796776,-0.0244845671318516,1.44212642013335,0.296179558023313,0.125318186946852,1.53197788366867,0.784641393479729,1,1,1,8,0,0,0,0,1,11,0.011,0,0,-0.101538161633182
1.03,0.523598775598299,0.43087499037541,5.45136112592296,-0.199495358550165,1.20142407626363,0.480609643943346,0.0429891316549532,-0.043660696361259,-0.043660696361259,-0.000135318377237169,-0.0122365728782989,-0.02011745678983,1.41149911431436,0.296179558023313,0.125318186946852,1.50446327159308,0.770549085888222,1,1,1,15,1,0,0,0,1,12,0.012,0,1,-0.0960239824136729
1.031,0.523598775598299,0.436263814448746,5.31969356677659,-0.274134498653673,1.1778530116227,0.480609643943346,0.0429891316549532,-0.0394845899507074,-0.0394845899507074,-0.000146342180902219,-0.0132334336129426,-0.0153269134313868,1.35116251999555,0.296179558023313,0.125318186946852,1.44792035989807,0.74158919717395,1,1,1,12,0,0,0,0,1,13,0.013,0,0,-0.0906175275719694
1.032,0.523598775598299,0.4415044401533,5.15794244977243,-0.315196727298685,1.13987571635921,0.480609643943346,0.0429891316549532,-0.0354424737989138,-0.0354424737989138,-0.000154285768626625,-0.0139517565199229,-0.0102137686002764,1.26238660417124,0.296179558023313,0.125318186946852,1.36353926599789,0.698371276205908,1,1,1,10,1,0,0,0,1,14,0.014,0,1,-0.0853593620277963
1.033,0.523598775598299,0.446574531396237,4.98051225201454,-0.334971513355912,1.08837950686924,0.480609643943346,0.0429891316549532,-0.0315298154330931,-0.0315298154330931,-0.000158981943465637,-0.0143764223106313,-0.00488564396865652,1.14703992578586,0.296179558023313,0.125318186946852,1.25309604645343,0.641804975473004,1,1,1,14,0,0,0,0,1,15,0.015,0,0,-0.0802718214338386
1.034,0.523598775598299,0.4514633097894,4.79650416237108,-0.341350334467144,1.02454421447226,0.480609643943346,0.0429891316549532,-0.0277422356998866,-0.0277422356998866,-0.000160331860147784,-0.0144984926029152,0.000545313888079739,1.00755030623216,0.296179558023313,0.125318186946852,1.11891531446418,0.573080904682864,1,1,1,8,0,0,0,0,1,16,0.016,0,0,-0.0753656837399704
1.035,0.523598775598299,0.456167270597487,4.61161526850653,-0.339396346612624,0.949812841359776,0.959385796909565,-0.435787021311266,-1.31089699723921,-1.31089699723921,-0.000158307105574003,-0.0143153980564936,0.00596479395679523,0.846853728471877,0.296179558023313,0.125318186946852,0.96382131131903,0.493645570762289,1,1,1,13,0,1,1024,12,0,12,0.012,0,0,-0.0706444532450714
1.036,0.523598775598299,0.460646723541811,4.31184818617075,-0.739994937391066,0.865817655264642,1.18174018311744,-0.65814140751914,-1.88829031428954,-1.88829031428954,-0.000152950296857661,-0.0138309924525324,0.0112587268092882,0.668332540351425,0.296179558023313,0.125318186946852,0.791078461655033,0.405170931722831,1,1,1,11,0,1,1028,9,0,9,0.009,1,0,-0.0661478197932615
1.037,0.523598775598299,0.46471754516961,3.79260130742717,-1.16069765730391,0.774236750392998,1.21001992677477,-0.686421151176472,-1.93707233672117,-1.93707233672117,-0.000144374184317893,-0.0130554715791078,0.0163156855400637,0.475744262812565,0.296179558023313,0.125318186946852,0.604322663720373,0.309519205223389,1,1,1,13,0,1,1030,8,0,8,0.008,2,0,-0.0620599064045883
1.038,0.523598775598299,0.468173017896646,3.09540795784237,-1.42070098826743,0.676876690436667,1.21001992677477,-0.686421151176472,-1.90989280839709,-1.90989280839709,-0.000132759278306466,-0.0120051586298599,0.0210292310842031,0.273142501444525,0.296179558023313,0.125318186946852,0.40748476084572,0.208703672540021,1,1,1,12,0,0,0,0,1,9,0.009,0,0,-0.0585874302324209
1.039,0.523598775598299,0.4708747954038,2.29647412999278,-1.55369561329488,0.575721098346954,1.21001992677477,-0.686421151176472,-1.88374883151029,-1.88374883151029,-0.000118350049818863,-0.0107021606327764,0.0253001525509518,0.0647916260355135,0.296179558023313,0.125318186946852,0.204707804900541,0.104846302943154,1,1,1,13,0,0,0,0,1,10,0.01,0,0,-0.0558687371668478
1.04,0.523598775598299,0.4727503916841,1.45014213326364,-1.60664078758054,0.47288348208942,1.21001992677477,-0.686421151176472,-1.85860537658364,-1.85860537658364,-0.000101449784859196,-0.00917390314060247,0.0290385554184311,-0.144922986049494,0.296179558023313,0.125318186946852,0.000259853175187091,0.000133090405320126,1,1,1,15,0,0,0,0,1,11,0.011,0,0,-0.0539763127876487
1.041,0.523598775598299,0.473770787806691,0.590497082510956,-1.60966730613303,0.370538830521487,1.21001992677477,-0.686421151176472,-1.834428599078,-1.834428599078,-8.24142008645718e-05,-0.00745255297673708,0.0321657536370399,-0.351587253462513,0.296179558023313,0.125318186946852,-0.201555865855358,-0.103231957285204,1,1,1,10,0,0,0,0,1,12,0.012,0,0,-0.0529391756003122
1.042,0.523598775598299,0.473934074605414,-0.261366394404831,-1.5820847661784,0.270860866038808,1.02454421447226,-0.500945438873966,-1.31267698331249,-1.31267698331249,-6.16439595505459e-05,-0.00557434118667491,0.0346159258165071,-0.550851298629562,0.296179558023313,0.125318186946852,-0.396491527052877,-0.203073208566606,1,1,1,12,0,1,1035,8,0,8,0.008,0,0,-0.0527592343474557
1.043,0.523598775598299,0.473270740896981,-1.04714827767702,-1.37832718566353,0.175981540015516,1.02454421447226,-0.500945438873966,-1.29680044726872,-1.29680044726872,-3.9576233767717e-05,-0.00357880044554836,0.0363375006370795,-0.738521004143413,0.296179558023313,0.125318186946852,-0.580444117005029,-0.297289200881465,1,1,1,14,0,0,0,0,1,9,0.009,0,1,-0.0534059997906444
1.044,0.523598775598299,0.471870895377092,-1.73918630800047,-1.2285781733315,0.0879740230341613,1.02454421447226,-0.500945438873966,-1.28154573240425,-1.28154573240425,-1.66755058704519e-05,-0.00150793297283377,0.0372942423246793,-0.910646290710972,0.296179558023313,0.125318186946852,-0.749541794412274,-0.38389687234293,1,1,1,11,0,0,0,0,1,10,0.01,0,0,-0.0547893628142701
1.045,0.523598775598299,0.469815663702592,-2.36108808606606,-1.11448431344548,0.00874236240397158,1.02454421447226,-0.500945438873966,-1.2668918044469,-1.2668918044469,6.57620872581597e-06,0.000594673532001599,0.0374660133428892,-1.06360425857623,0.296179558023313,0.125318186946852,-0.900225384754488,-0.46107330129862,1,1,1,16,0,0,0,0,1,11,0.011,0,0,-0.0568281973433833
1.046,0.523598775598299,0.467166822255182,-2.92852190121515,-1.02419837040448,-0.0600272530017469,1.02454421447226,-0.500945438873966,-1.25281834064836,-1.25281834064836,2.96895070239213e-05,0.00268476332510429,0.0368491982486077,-1.19417544245616,0.296179558023313,0.125318186946852,-1.0293232939356,-0.527194075256929,1,1,1,11,0,0,0,0,1,12,0.012,0,0,-0.059460726579984
1.047,0.523598775598299,0.463973229344108,-3.452027132798,-0.95005986933827,-0.116894252240365,0.865817655264642,-0.342218879666343,-0.812691416892532,-0.812691416892532,5.21778994183295e-05,0.00471834411485657,0.035456779790036,-1.29961157497149,0.296179558023313,0.125318186946852,-1.13411826411975,-0.580867481584473,1,1,1,10,0,1,1037,11,0,11,0.011,1,0,-0.0626380918003216
1.048,0.523598775598299,0.46028848016292,-3.89986480870422,-0.75195970447297,-0.160675320165165,0.865817655264642,-0.342218879666343,-0.805252303940023,-0.805252303940023,7.35680493473995e-05,0.00665261301335256,0.0333180656452859,-1.37769343228612,0.296179558023313,0.125318186946852,-1.21240456668063,-0.620963800328085,1,1,1,15,1,0,0,0,1,12,0.012,0,1,-0.0663066973981342
1.049,0.523598775598299,0.456202637081398,-4.25981133929402,-0.61691026406053,-0.190436445523027,0.865817655264642,-0.342218879666343,-0.798122741538524,-0.798122741538524,9.34097360997852e-05,0.00844685745325156,0.0304780715532282,-1.42677754441689,0.296179558023313,0.125318186946852,-1.26253442846355,-0.646639082604425,1,1,1,10,0,0,0,0,1,13,0.013,0,0,-0.0703764805927151
1.05,0.523598775598299,0.451788935379562,-4.55921696569006,-0.522807621439648,-0.205563978689559,0.676876690436667,-0.153277914838368,-0.283469776031861,-0.283469776031861,0.000111285331077595,0.0100633121074893,0.0269965738204586,-1.44583078705417,0.296179558023313,0.125318186946852,-1.28345271417937,-0.657352914069121,1,1,1,15,0,1,1039,12,0,12,0.012,1,0,-0.0747742056948966
1.051,0.523598775598299,0.447114450771567,-4.76950619447012,-0.294547027729699,-0.205765338807383,0.370538830521487,0.153059945076812,0.539840853051029,0.539840853051029,0.000126818588059399,0.0114679537753542,0.0229468511472666,-1.4344521268026,0.296179558023313,0.125318186946852,-1.27471913493313,-0.65287978957895,1,1,1,12,0,1,1042,10,0,10,0.01,0,0,-0.0794327965831521
1.052,0.523598775598299,0.442308437333079,-4.80655835359948,0.111412294801839,-0.191005422299849,0.370538830521487,0.153059945076812,0.529097292227706,0.529097292227706,0.000139682562445426,0.0126312175041477,0.0184141422546824,-1.39288106214767,0.296179558023313,0.125318186946852,-1.23651751544198,-0.633313859632928,1,1,1,15,0,0,0,0,1,11,0.011,0,1,-0.0842229987762109
1.053,0.523598775598299,0.437557817783535,-4.67289100448419,0.357620794804284,-0.161509130905395,0.370538830521487,0.153059945076812,0.518743052607761,0.518743052607761,0.000149606492800249,0.0135286188734615,0.0134938517765544,-1.32199258248225,0.296179558023313,0.125318186946852,-1.16965192488538,-0.599066948688931,1,1,1,14,0,0,0,0,1,12,0.012,0,0,-0.0889578891507972
1.054,0.523598775598299,0.43299636420683,-4.43727972210772,0.501771248309177,-0.117863522859556,0.270860866038808,0.252737909559491,0.776672516759211,0.776672516759211,0.000156381499850076,0.0141412693442167,0.00828954217908043,-1.22327875129567,0.296179558023313,0.125318186946852,-1.07552975282552,-0.550859887066386,1,1,1,8,0,1,1043,12,0,12,0.012,0,0,-0.093503695220935
1.055,0.523598775598299,0.42871091647437,-4.11912877889812,0.665810002202408,-0.0609964224072355,0.0879740230341613,0.435624752564138,1.25513468381753,1.25513468381753,0.000159864982981844,0.0144562738253709,0.00291075397398244,-1.09881730116313,0.296179558023313,0.125318186946852,-0.956132086416926,-0.489707338881605,1,1,1,9,0,1,1045,11,0,11,0.011,1,0,-0.0977735767148867
1.056,0.523598775598299,0.424795295224475,-3.69055984924737,0.909801091790323,0.00789884986672751,0.0879740230341613,0.435624752564138,1.23615807132445,1.23615807132445,0.000159983621706513,0.0144670020902987,-0.00252929989447285,-0.9512279015492,0.296179558023313,0.125318186946852,-0.813972012406522,-0.416896445357747,1,1,1,13,0,0,0,0,1,12,0.012,0,0,-0.101673712595751
1.057,0.523598775598299,0.421362117991192,-3.16412107197838,1.04239099858305,0.0874023849650226,-0.116894252240365,0.640493027838664,1.76852790076704,1.76852790076704,0.000156734918911571,0.0141732283300609,-0.00791611695993826,-0.78361701990275,0.296179558023313,0.125318186946852,-0.652041721585775,-0.333959733026169,1,1,1,16,0,1,1048,10,0,10,0.01,2,0,-0.10509148493264
1.058,0.523598775598299,0.418500984322075,-2.5372800347646,1.27891818301068,0.175858127274073,-0.116894252240365,0.640493027838664,1.74381863265095,1.74381863265095,0.000150187253420359,0.0135811359062394,-0.0131363152863804,-0.599512536608504,0.296179558023313,0.125318186946852,-0.473749529041792,-0.242642857048002,1,1,1,11,0,0,0,0,1,11,0.011,0,0,-0.107937293782894
1.059,0.523598775598299,0.416318113617531,-1.81782437207057,1.40009712461453,0.271450255021262,-0.190436445523027,0.714035221121326,1.91771521347619,1.91771521347619,0.000140478440751929,0.0127031872033018,-0.0180800199354892,-0.402789490023164,0.296179558023313,0.125318186946852,-0.282848135808499,-0.144867858596269,1,1,1,15,1,1,1050,10,0,10,0.01,0,0,-0.11010491935273
1.06,0.523598775598299,0.41488580466448,-1.03705835765595,1.51118706890133,0.372193095006459,-0.190436445523027,0.714035221121326,1.89229947676527,1.89229947676527,0.000127812832374608,0.0115578613198452,-0.0226431756186816,-0.197588514516362,0.296179558023313,0.125318186946852,-0.0833556418683456,-0.042692709658021,1,1,1,13,1,0,0,0,1,11,0.011,0,0,-0.11152206246358
1.061,0.523598775598299,0.414256583390197,-0.217931524832945,1.55140532360837,0.475988586630457,-0.190436445523027,0.714035221121326,1.86786430063269,1.86786430063269,0.000112457014508324,0.0101692651198084,-0.0267297368568708,0.0117713117629444,0.296179558023313,0.125318186946852,0.120529026972734,0.0617320032402607,1,1,1,16,1,0,0,0,1,12,0.012,0,1,-0.112136196798236
1.062,0.523598775598299,0.41445255189165,0.609416279218887,1.54754944706741,0.580660896553724,-0.117863522859556,0.641462298457855,1.64932002399989,1.64932002399989,9.47341970074095e-05,0.00856662583025624,-0.0302536895494715,0.220883375012451,0.296179558023313,0.125318186946852,0.324514498240088,0.166208344662074,1,1,1,10,0,1,1055,8,0,8,0.008,0,0,-0.111925219871512
1.063,0.523598775598299,0.415465704613108,1.40858451517878,1.45499726558395,0.684002997104755,-0.117863522859556,0.641462298457855,1.62927676941297,1.62927676941297,7.50174104269938e-05,0.00678367586556473,-0.0331408614025411,0.425346276355602,0.296179558023313,0.125318186946852,0.524307277765478,0.268537292491647,1,1,1,13,1,0,0,0,1,9,0.009,0,1,-0.11089713685263
1.064,0.523598775598299,0.41725397334821,2.16047515906585,1.37170883308643,0.783818996385726,-0.0609964224072355,0.584595198005534,1.45717659364144,1.45717659364144,5.37216544612701e-05,0.00485794282624279,-0.0353304831101271,0.620856472657453,0.296179558023313,0.125318186946852,0.715702119320421,0.366565023037516,1,1,1,9,0,1,1056,9,0,9,0.009,0,0,-0.109094015563142
1.065,0.523598775598299,0.419767520244114,2.85549065829183,1.24712389243317,0.877995765041663,-0.0609964224072355,0.584595198005534,1.44066165840261,1.44066165840261,3.12951630137559e-05,0.00282995961653375,-0.0367764674289873,0.803298857668341,0.296179558023313,0.125318186946852,0.894670536802739,0.458228244797549,1,1,1,13,1,0,0,0,1,10,0.01,0,1,-0.106565693472783
1.066,0.523598775598299,0.422945127282965,3.49085593651668,1.1479698159253,0.964542753982224,-0.0609964224072355,0.584595198005534,1.42480429418721,1.42480429418721,8.20996975254392e-06,0.000742411306260022,-0.03744837922469,0.968833376941326,0.296179558023313,0.125318186946852,1.05744559596975,0.54159762669926,1,1,1,14,0,0,0,0,1,11,0.011,0,0,-0.103373388217985
1.067,0.523598775598299,0.426733141693639,4.07784396397755,1.06611303909742,1.04165154842907,-0.0609964224072355,0.584595198005534,1.40958225741727,1.40958225741727,-1.50480272727459e-05,-0.00136076330619051,-0.03733207607151,1.11397585344789,0.296179558023313,0.125318186946852,1.20060120101704,0.614918406735427,1,1,1,14,0,0,0,0,1,12,0.012,1,1,-0.0995707521901397
1.068,0.523598775598299,0.431087293809538,4.62420165420233,0.996278661883722,1.10773462007307,-0.0609964224072355,0.584595198005534,1.39497405694572,1.39497405694572,-3.79892928321365e-05,-0.0034352965194131,-0.0364300059227588,1.23567132267245,0.296179558023313,0.125318186946852,1.32112420717713,0.676647326263529,1,1,1,15,1,0,0,0,1,13,0.013,0,0,-0.0952020546777922
1.069,0.523598775598299,0.435969833761684,5.13538502977983,0.935032444202298,1.16145494633549,0.175858127274073,0.347740648324226,0.744357620220532,0.744357620220532,-6.01309582718982e-05,-0.00543752347729103,-0.0347611555861683,1.33135833362454,0.296179558023313,0.125318186946852,1.41647784150793,0.725485112573802,1,1,1,11,1,1,1059,11,0,11,0.011,1,0,-0.0903050451735407
1.07,0.523598775598299,0.441327527547797,5.55722071438832,0.678462558715603,1.20173135357991,0.175858127274073,0.347740648324226,0.739169948372002,0.739169948372002,-8.10069849528774e-05,-0.00732530122859669,-0.0323606510888175,1.39902286235956,0.296179558023313,0.125318186946852,1.484655096989,0.760403826032112,1,1,1,8,0,0,0,0,1,12,0.012,0,0,-0.0849329573049555
1.071,0.523598775598299,0.447047110395222,5.86689084776981,0.508969017194987,1.22771560658865,0.175858127274073,0.347740648324226,0.734216602205808,0.734216602205808,-0.000100177973449939,-0.0090588957534717,-0.0292790183431461,1.4372407032333,0.296179558023313,0.125318186946852,1.52422097608353,0.780668496193432,1,1,1,11,0,0,0,0,1,13,0.013,0,0,-0.0791990554716436
1.072,0.523598775598299,0.453036624762389,6.10207644053557,0.395730456218503,1.23888921625094,0.580660896553724,-0.0570621209554256,-0.358511284211876,-0.358511284211876,-0.000117240412048269,-0.0106018182866324,-0.025581119675571,1.44520744563802,0.296179558023313,0.125318186946852,1.53434269462267,0.785852591488556,1,1,1,10,1,1,1063,10,0,10,0.01,0,0,-0.0731952968437877
1.073,0.523598775598299,0.459200228941709,6.18778845576262,-0.0257483674164298,1.2350472258189,0.783818996385726,-0.260220220787427,-0.894946319226196,-0.894946319226196,-0.000131835169873681,-0.0119215933343242,-0.0213447886017114,1.42275540526837,0.296179558023313,0.125318186946852,1.51480721027919,0.775846996877187,1,1,1,16,0,1,1065,9,0,9,0.009,1,0,-0.0670175227592381
1.074,0.523598775598299,0.465336105842035,6.04587246125869,-0.456032087004028,1.21619841634761,0.783818996385726,-0.260220220787427,-0.87860129159894,-0.87860129159894,-0.000143655055893311,-0.0129904422197856,-0.0166591915835047,1.37035715354715,0.296179558023313,0.125318186946852,1.46602570669071,0.750862310505579,1,1,1,11,1,0,0,0,1,10,0.01,0,0,-0.0608675499410513
1.075,0.523598775598299,0.471232757211571,5.72490459590555,-0.710832359472644,1.18265716824012,0.783818996385726,-0.260220220787427,-0.862853198456483,-0.862853198456483,-0.000152451284684456,-0.0137858677699191,-0.0116229512500403,1.2891155709236,0.296179558023313,0.125318186946852,1.38902493885049,0.71142441102855,1,1,1,12,0,0,0,0,1,11,0.011,0,0,-0.0549568762745754
1.076,0.523598775598299,0.476751687629112,5.30035056000838,-0.853792138159631,1.13511507652407,0.783818996385726,-0.260220220787427,-0.847681847365945,-0.847681847365945,-0.000158038712879891,-0.0142911278366716,-0.00634207058460062,1.18074063340254,0.296179558023313,0.125318186946852,1.28542562192812,0.658363388894955,1,1,1,13,0,0,0,0,1,12,0.012,0,0,-0.0494239968162001
1.077,0.523598775598299,0.481815122318874,4.82020490668104,-0.925801759997629,1.07461119689045,0.783818996385726,-0.260220220787427,-0.833067728941505,-0.833067728941505,-0.000160299736072676,-0.0144955876864195,-0.000927701769737487,1.04751342090274,0.296179558023313,0.125318186946852,1.15740831839343,0.592796074571572,1,1,1,13,0,0,0,0,1,13,0.013,0,0,-0.0443466859785259
1.078,0.523598775598299,0.486383809036101,4.31481660649187,-0.953118568385572,1.00248634048781,1.20173135357991,-0.67813257798161,-1.94222797859731,-1.94222797859731,-0.000159186764158321,-0.0143949438402578,0.0045061933482178,0.892238104997499,0.296179558023313,0.125318186946852,1.00766754145231,0.516102531451711,1,1,1,9,0,1,1071,8,0,8,0.008,0,0,-0.039764195644748
1.079,0.523598775598299,0.490407228418434,3.70063485899946,-1.30840965894541,0.920304236645543,1.20173135357991,-0.67813257798161,-1.9141080542988,-1.9141080542988,-0.00015472322301316,-0.0139913146537925,0.00984524193253919,0.718182926602072,0.296179558023313,0.125318186946852,0.839355040827671,0.429897008227109,1,1,1,12,0,0,0,0,1,9,0.009,0,0,-0.0357270448172832
1.08,0.523598775598299,0.49373800217465,2.94390421626058,-1.50157852665256,0.829731964292918,1.20173135357991,-0.67813257798161,-1.88705408955158,-1.88705408955158,-0.000147003061425587,-0.0132931957299082,0.0149770674800508,0.529011405910889,0.296179558023313,0.125318186946852,0.656013464607884,0.335993962118268,1,1,1,16,1,0,0,0,1,10,0.01,0,1,-0.0323826114290279
1.081,0.523598775598299,0.496270968140524,2.11411519407358,-1.59216473299239,0.732640836248675,1.20173135357991,-0.67813257798161,-1.86103002626679,-1.86103002626679,-0.000136188773658296,-0.0123152811029878,0.019793655126146,0.32870523248173,0.296179558023313,0.125318186946852,0.46150179345174,0.236369868108151,1,1,1,11,0,0,0,0,1,11,0.011,0,1,-0.0298360572874846
1.082,0.523598775598299,0.497956664023544,1.25506877956013,-1.61838865622346,0.631078282042912,1.22771560658865,-0.704116830990356,-1.90583970761245,-1.90583970761245,-0.000122507979262682,-0.0110781539583019,0.0241936251458864,0.121480458478031,0.296179558023313,0.125318186946852,0.259914116612467,0.133121618019367,1,1,1,14,1,1,1072,11,0,11,0.011,0,0,-0.0281368443300462
1.083,0.523598775598299,0.498778369085488,0.387704897286464,-1.62688463024151,0.527200754138823,1.22771560658865,-0.704116830990356,-1.88086655229927,-1.88086655229927,-0.000106248632133644,-0.00960785339632186,0.0280843667984051,-0.0883012409614289,0.296179558023313,0.125318186946852,0.0554934593875067,0.0284223850533349,1,1,1,8,0,0,0,0,1,12,0.012,0,0,-0.0273016929414127
1.084,0.523598775598299,0.498734044623989,-0.474052493893238,-1.60220462165461,0.42320992737965,1.22771560658865,-0.704116830990356,-1.85685730807552,-1.85685730807552,-8.77529596447349e-05,-0.00793532636071452,0.0313839876014059,-0.2962243724316,0.296179558023313,0.125318186946852,-0.147457524244056,-0.0755241172443391,1,1,1,13,0,0,0,0,1,13,0.013,0,0,-0.0273326414720187
1.085,0.523598775598299,0.497836824600663,-1.31632844651615,-1.55764981476378,0.321306805768203,1.22771560658865,-0.704116830990356,-1.83377936883368,-1.83377936883368,-6.74102594330645e-05,-0.00609577626586519,0.0340230370073221,-0.497912561738456,0.296179558023313,0.125318186946852,-0.344667114050146,-0.176530018832461,1,1,1,10,1,0,0,0,1,14,0.014,0,0,-0.0282165556099005
1.086,0.523598775598299,0.49611064258383,-2.13097168651017,-1.50170911255386,0.223641299035282,1.22771560658865,-0.704116830990356,-1.81160123142927,-1.81160123142927,-4.56487054473873e-05,-0.0041279220340334,0.0359459682011621,-0.689120667994397,0.296179558023313,0.125318186946852,-0.531984434880416,-0.272469343548548,1,1,1,15,0,0,0,0,1,15,0.015,0,0,-0.0299295014379721
1.087,0.523598775598299,0.493585623067093,-2.91347723956031,-1.43977897113483,0.132262866329133,1.00248634048781,-0.478887564889513,-1.18493678469284,-1.18493678469284,-2.29263357261419e-05,-0.00207318313796793,0.0371123072520357,-0.865824135509113,0.296179558023313,0.125318186946852,-0.705466824448193,-0.36132275673796,1,1,1,12,0,1,1079,9,0,9,0.009,1,0,-0.0324413541154352
1.088,0.523598775598299,0.490314302918652,-3.60637109289717,-1.18350418016959,0.0490942346298844,1.00248634048781,-0.478887564889513,-1.17231726991203,-1.17231726991203,2.78588405113893e-07,2.51921977770276e-05,0.0374975050100363,-1.02430370279531,0.296179558023313,0.125318186946852,-0.861462818640645,-0.441220068288767,1,1,1,10,1,0,0,0,1,10,0.01,0,0,-0.0356995764284671
1.089,0.523598775598299,0.486410979530546,-4.1843849038797,-1.0049703157979,-0.0240686169355923,1.00248634048781,-0.478887564889513,-1.16020566891193,-1.16020566891193,2.34776487967299e-05,0.00212303728715851,0.0370934538177051,-1.16122368572951,0.296179558023313,0.125318186946852,-0.996689007677792,-0.510479596466139,1,1,1,15,0,0,0,0,1,11,0.011,1,1,-0.0395898706409639
1.09,0.523598775598299,0.481972439766529,-4.68130467615987,-0.877128392003559,-0.0856711242488034,1.00248634048781,-0.478887564889513,-1.14858480055259,-1.14858480055259,4.61825507192981e-05,0.00417619660478164,0.0359086581603228,-1.27370218716204,0.296179558023313,0.125318186946852,-1.10829914545009,-0.567643564015332,1,1,1,13,0,0,0,0,1,12,0.012,0,1,-0.0440154495466696
1.091,0.523598775598299,0.477067957022759,-5.11922486082412,-0.782548008579873,-0.134440824491416,0.527200754138823,-0.00360197854052435,0.140001724784395,0.140001724784395,6.79154005101511e-05,0.0061414551731193,0.0339680556631719,-1.35937175520062,0.296179558023313,0.125318186946852,-1.19394405741748,-0.611508781514175,1,1,1,16,0,1,1084,8,0,8,0.008,1,0,-0.0489070394084719
1.092,0.523598775598299,0.471789167108939,-5.39604784107815,-0.305318085246943,-0.169362805042188,0.527200754138823,-0.00360197854052435,0.134126532909857,0.134126532909857,8.8218764297882e-05,0.00797744815305094,0.0313124922034233,-1.41642921343043,0.296179558023313,0.125318186946852,-1.2518210861271,-0.641151972151127,1,1,1,14,1,0,0,0,1,9,0.009,0,1,-0.0541730040772617
1.093,0.523598775598299,0.466343111882419,-5.46970361733401,-0.00783587306817123,-0.189606093009186,0.527200754138823,-0.00360197854052435,0.128449470953931,0.128449470953931,0.000106665296088305,0.00964553149260912,0.0279978621845215,-1.4436736142416,0.296179558023313,0.125318186946852,-1.28071203361762,-0.655949204891604,1,1,1,16,0,0,0,0,1,10,0.01,0,0,-0.0596063013578226
1.094,0.523598775598299,0.460891346896233,-5.41768698453074,0.17445648434013,-0.194697680106592,0.527200754138823,-0.00360197854052435,0.122963836799074,0.122963836799074,0.000122866732559671,0.0111105953084981,0.0240939320685923,-1.44053151642156,0.296179558023313,0.125318186946852,-1.28000880209761,-0.655589027002825,1,1,1,10,0,0,0,0,1,11,0.011,0,0,-0.06504537536079
1.095,0.523598775598299,0.455532893071786,-5.28961789305403,0.283065431407662,-0.184546126451275,0.527200754138823,-0.00360197854052435,0.117663155039487,0.117663155039487,0.000136482065244196,0.0123418028802862,0.0196828719292289,-1.40706905496795,0.296179558023313,0.125318186946852,-1.24972619321159,-0.640079019523061,1,1,1,12,0,0,0,0,1,12,0.012,0,0,-0.0703912048299563
1.096,0.523598775598299,0.450326769125567,-5.11719643094135,0.344671018168806,-0.159418868570089,0.527200754138823,-0.00360197854052435,0.112541169312163,0.112541169312163,0.000147224718087645,0.0133132397029044,0.0148575259325654,-1.3439905490767,0.296179558023313,0.125318186946852,-1.19050159649438,-0.609745637695656,1,1,1,12,0,0,0,0,1,13,0.013,0,0,-0.0755847707155581
1.097,0.523598775598299,0.445306475279601,-4.92060567252927,0.376417382701272,-0.119920864446729,0.42320992737965,0.100388848218649,0.387091200484699,0.387091200484699,0.00015486857931329,0.0140044589361596,0.00971945814964887,-1.25262367760406,0.296179558023313,0.125318186946852,-1.1035815735714,-0.56522733972633,1,1,1,10,0,1,1085,13,0,13,0.013,0,0,-0.0805925724638091
1.098,0.523598775598299,0.440498142651633,-4.68710603922672,0.477855836594638,-0.0669630058382483,0.42320992737965,0.100388848218649,0.378684568217456,0.378684568217456,0.000159252760631442,0.0144009117706273,0.00437681483189641,-1.13489153403009,0.296179558023313,0.125318186946852,-0.990795620480714,-0.507461148489881,1,1,1,9,0,0,0,0,1,14,0.014,0,0,-0.0853884786267214
1.099,0.523598775598299,0.43594553324424,-4.41340552779336,0.531414270272586,-0.00171739579193675,0.132262866329133,0.391335909269166,1.15256671980278,1.15256671980278,0.000160284983622443,0.0144942536515596,-0.00105795185542149,-0.993272149112122,0.296179558023313,0.125318186946852,-0.854517660369132,-0.437662929036177,1,1,1,11,0,1,1088,12,0,12,0.012,0,0,-0.089928726872977
1.1,0.523598775598299,0.431702550768716,-4.04860250404418,0.802439465521531,0.0102158605626715,0.0102158605626715,0.513382915035627,1.46264254053901,1.46264254053901,0.000157943522016452,0.0142825199154003,-0.00647045073075777,-0.830746333196358,0,0,-0.822934264011716,-0.421486690206044,1,0,0,0,0,1,1101,0,0,0,0,0,0,-0.0941594131640488
1.101,0.523598775598299,0.427895010924448,-3.54395813673322,1.05744235008039,0.0956409210608641,0.0956409210608641,0.427957854537435,1.21150942930163,1.21150942930163,0.000152277658988825,0.0137701671420996,-0.0117467593063369,-0.650734936005508,0,0,-0.648711528169745,-0.332254089863584,1,0,0,0,0,1,1102,0,0,0,0,1,0,-0.0979547214748083
1.102,0.523598775598299,0.424640942026577,-2.95860120998814,1.12130753380108,0.188612749568785,0.188612749568785,0.334986026029514,0.943885007078082,0.943885007078082,0.000143406649845909,0.0129679793528454,-0.0167758216331374,-0.457026844459914,0,0,-0.460834686740206,-0.236028192457792,1,0,0,0,0,1,1103,0,0,0,0,0,0,-0.101196623165868
1.103,0.523598775598299,0.421976667351775,-2.37538370000053,1.06082113204201,0.287142302915298,0.287142302915298,0.236456472683,0.665235554447465,0.665235554447465,0.000131517211934703,0.0118928410275646,-0.0214517858108368,-0.253699234037929,0,0,-0.263258178821201,-0.134834364436476,1,0,0,0,0,1,1104,0,0,0,0,1,0,-0.103848794637791
1.104,0.523598775598299,0.419871315559287,-1.8477994291933,0.92072397852958,0.389068778114261,0.389068778114261,0.134529997484038,0.381414332156225,0.381414332156225,0.00011685959460883,0.0105673817197287,-0.0256762319627537,-0.0450317522268294,0,0,-0.0601406024698544,-0.0308025374450267,1,0,0,0,0,1,1105,0,0,0,0,2,0,-0.10594210691005
1.105,0.523598775598299,0.418251074112416,-1.4094907416138,0.731631763738523,0.492128696670296,0.492128696670296,0.0314700789280028,0.0984727774397298,0.0984727774397298,9.97423119703878e-05,0.00901949974863006,-0.029360243781248,0.164583559664314,0,0,0.144242815631696,0.0738776225578798,1,0,0,0,0,1,1106,0,0,0,0,0,0,-0.107550372199536
1.106,0.523598775598299,0.417015765430481,-1.08035258557816,0.515067597313408,0.594018568905576,0.594018568905576,-0.0704197933072768,-0.17750850214507,-0.17750850214507,8.05256492530491e-05,0.00728177499446551,-0.0324262800416456,0.370734710362038,0,0,0.345590205314858,0.177002803475094,1,0,0,0,0,1,1107,0,0,0,0,0,0,-0.108773767768588
1.107,0.523598775598299,0.416050480017448,-0.870478515804815,0.286645838124276,0.692452902487392,0.692452902487392,-0.168854126889093,-0.440574000443953,-0.440574000443953,5.96140795244137e-05,0.00539078315574733,-0.0348098066929585,0.569082622392882,0,0,0.539663598855671,0.276402422469945,1,0,0,0,0,1,1108,0,0,0,0,4,0,-0.109727202796367
1.108,0.523598775598299,0.415233996871186,-0.782745047029607,0.0580734666171259,0.785218309349893,0.785218309349893,-0.261619533751595,-0.685035125041536,-0.685035125041536,3.74477503210558e-05,0.00338632590256982,-0.0364606551731158,0.75545246115581,0,0,0.722378131885264,0.369984312478707,1,0,0,0,0,1,1109,0,0,0,0,1,0,-0.110531897969584
1.109,0.523598775598299,0.414445079363548,-0.814543334686667,-0.161603413759126,0.870223837588108,0.870223837588108,-0.346625061989809,-0.905600102942897,-0.905600102942897,1.44932194060091e-05,0.00131059312950505,-0.0373440783588142,0.925921507003722,0,0,0.889888021774413,0.45577875822456,1,0,0,0,0,1,1110,0,0,0,0,1,0,-0.111309089602424
1.11,0.523598775598299,0.413567324863262,-0.958982615132426,-0.365233305825789,0.945547279725095,0.945547279725095,-0.421948504126796,-1.09749151169817,-1.09749151169817,-8.76636535729417e-06,-0.00079272505894979,-0.0374414819243296,1.07690172080014,0,0,1.03866751381686,0.531979954861832,1,0,0,0,0,1,1111,0,0,0,0,1,0,-0.112175180013641
1.111,0.523598775598299,0.412492985585005,-1.20577124996901,-0.547096678680921,1.00947700221179,1.00947700221179,-0.485878226613494,-1.25655041419083,-1.25655041419083,-3.18414353200851e-05,-0.00287935793939478,-0.0367508157156099,1.20521526510679,0,0,1.16558509145179,0.596984016626788,1,0,0,0,0,1,1112,0,0,0,0,0,0,-0.113237916677484
1.112,0.523598775598299,0.411126013242697,-1.54190492053741,-0.702633242486471,1.06054874873067,1.06054874873067,-0.536949973132367,-1.37932583562818,-1.37932583562818,-5.42463055083432e-05,-0.00490538598144657,-0.0352866169019975,1.30816139143047,0,0,1.26796938854702,0.649422735487969,1,0,0,0,0,1,1113,0,0,0,0,0,0,-0.114593347570391
1.113,0.523598775598299,0.4093844769111,-1.95224235746419,-0.828285799093581,1.09757685615329,1.09757685615329,-0.57397808055499,-1.4631482956146,-1.4631482956146,-7.5509397339066e-05,-0.00682816526772619,-0.0330797039973226,1.38357328568256,0,0,1.34366541641751,0.688192379242188,1,0,0,0,0,1,1114,0,0,0,0,0,0,-0.116323403309395
1.114,0.523598775598299,0.407202440128942,-2.42001726654058,-0.921413300072316,1.11967936304209,1.11967936304209,-0.596080587443791,-1.50618622971983,-1.50618622971983,-9.5183164424745e-05,-0.00860722506470152,-0.0301765281906171,1.42986367536683,0,0,1.39107992211151,0.712476922913148,1,0,0,0,0,1,1115,0,0,0,0,0,0,-0.118494020048986
1.115,0.523598775598299,0.404531345605919,-2.92731461789334,-0.980242494292203,1.12629657008287,1.12629657008287,-0.602697794484567,-1.50748435794058,-1.50748435794058,-0.000112853512547175,-0.0102051196522641,-0.0266381956396774,1.44605823855281,0,0,1.40921492326087,0.721765224476948,1,0,0,0,0,1,1116,0,0,0,0,0,0,-0.121153754774104
1.116,0.523598775598299,0.40134093482943,-3.45552622727411,-1.00383839771222,1.11720271822885,1.11720271822885,-0.59360394263055,-1.4669833495609,-1.4669833495609,-0.000128148515528771,-0.0115882164827122,-0.0225391813062631,1.4318161114419,0,0,1.39768871365293,0.715861783399419,1,0,0,0,0,1,1117,0,0,0,0,0,0,-0.124332865693404
1.117,0.523598775598299,0.397619719514263,-3.98579203368095,-0.992080892495972,1.09251057505325,1.09251057505325,-0.568911799454954,-1.38552047127731,-1.38552047127731,-0.000140746243549254,-0.0127274040799256,-0.0179657614041983,1.38743706288193,0,0,1.3567438973978,0.69489085553899,1,0,0,0,0,1,1118,0,0,0,0,0,0,-0.12804284078956
1.118,0.523598775598299,0.39337501836024,-4.49942803866244,-0.945639418902424,1.05266885616475,1.05266885616475,-0.529070080566449,-1.26481126962862,-1.26481126962862,-0.000150381539137112,-0.0135987047788552,-0.0130141974542449,1.31385518482068,0,0,1.28724228258758,0.659293837804508,1,0,0,0,0,1,1119,0,0,0,0,0,0,-0.132276361061617
1.119,0.523598775598299,0.388632573453381,-4.97833847640638,-0.865940828820726,0.998452551069283,0.998452551069283,-0.474853775470984,-1.10741271482232,-1.10741271482232,-0.000156851598214392,-0.0141837794083512,-0.00778871016786206,1.21261923150217,0,0,1.19064674192596,0.609819977615902,1,0,0,0,0,1,1120,0,0,0,0,0,0,-0.137007684123821
1.12,0.523598775598299,0.383435764182305,-5.405407760056,-0.755127577227908,0.930946366897452,0.930946366897452,-0.407347591299153,-0.916668608409246,-0.916668608409246,-0.00016002023872488,-0.0144703132947557,-0.00239928580559044,1.0858600212267,0,0,1.06899042212636,0.547510602715147,1,0,0,0,0,1,1121,0,0,0,0,0,0,-0.14219343028921
1.121,0.523598775598299,0.377844441602687,-5.76486666624054,-0.616004888929959,0.851521644862051,0.851521644862051,-0.327922869263752,-0.696638421046384,-0.696638421046384,-0.000159820766999323,-0.0144522754616338,0.00304063881804689,0.936245586804186,0,0,0.924833950160599,0.473677203259364,1,0,0,0,0,1,1122,0,0,0,0,0,0,-0.147773748205157
1.122,0.523598775598299,0.371933411978911,-6.04262679510935,-0.451976575631482,0.761807239503562,0.761807239503562,-0.238208463905263,-0.452011069231803,-0.452011069231803,-0.000156257381526393,-0.0141300455700015,0.00841656395705718,0.766925018695139,0,0,0.761211537082194,0.389873827524651,1,0,0,0,0,1,1123,0,0,0,0,0,0,-0.153673831311706
1.123,0.523598775598299,0.365790604204158,-6.22657739127044,-0.26696993332229,0.663654976441537,0.663654976441537,-0.140056200843239,-0.188005452967317,-0.188005452967317,-0.000149405084582733,-0.0135104059272066,0.0136153369290959,0.581462182831886,0,0,0.581567113833775,0.297864372237379,1,0,0,0,0,1,1124,0,0,0,0,0,0,-0.159805750421481
1.124,0.523598775598299,0.359514961542016,-6.30683900610594,-0.0653507103714513,0.559100417548855,0.559100417548855,-0.0355016419505566,0.0897401475778654,0.0897401475778654,-0.000139408103582104,-0.012606398732657,0.0185275337575544,0.383760708228893,0,0,0.38968184325379,0.199585456006839,1,0,0,0,0,1,1125,0,0,0,0,0,0,-0.166070561978076
1.125,0.523598775598299,0.353214103343944,-6.27596913568959,0.148170442542158,0.450319760645208,0.450319760645208,0.0732790149530906,0.375287485469937,0.375287485469937,-0.000126476855371152,-0.0114370515651001,0.0230497623316849,0.177981823247111,0,0,0.189594534013696,0.0971056573012645,1,0,0,0,0,1,1126,0,0,0,0,0,0,-0.172360646338575
1.126,0.523598775598299,0.347001806852855,-6.12911581598298,0.368638314603658,0.339583781780111,0.339583781780111,0.184014993818188,0.662524055180105,0.662524055180105,-0.00011088351736739,-0.0100269768893999,0.027086838607795,-0.0315432301034683,0,0,-0.0144833683850732,-0.00741802507274439,1,0,0,0,0,1,1127,0,0,0,0,0,0,-0.178562225969972
1.127,0.523598775598299,0.340995362736291,-5.8641161474915,0.590958313233366,0.229209790171087,0.229209790171087,0.294388985427211,0.945292448420392,0.945292448420392,-9.29562987582998e-05,-0.00840585401241733,0.0305537900467108,-0.240404360314509,0,0,-0.218256424280215,-0.111785572565204,1,0,0,0,0,1,1128,0,0,0,0,0,0,-0.184558009915988
1.128,0.523598775598299,0.335312860481487,-5.48153781325391,0.810004365294296,0.121512607522176,0.121512607522176,0.402086168076123,1.21752063423012,1.21752063423012,-7.30725323415019e-05,-0.00660780439179723,0.0333776441191073,-0.444205450158044,0,0,-0.417435610430734,-0.213800252959312,1,0,0,0,0,1,1129,0,0,0,0,0,0,-0.190229908402001
1.129,0.523598775598299,0.330070461146627,-4.98466281048006,1.02072733480634,0.0187556038698565,0.0187556038698565,0.504843171728442,1.47335042074514,1.47335042074514,-5.16507324093278e-05,-0.00467067344619803,0.0354989642341507,-0.638656886333239,0,0,-0.607828595545286,-0.31131485727677,1,0,0,0,0,1,1130,0,0,0,0,0,0,-0.195461760083788
1.13,0.523598775598299,0.325379715149526,-4.37941380437842,1.2182617171184,-0.0768971791669132,-0.0768971791669132,0.600495954765212,1.70726139456424,1.70726139456424,-2.91417858436052e-05,-0.00263523398343787,0.0368731007631887,-0.819665847415117,0,0,-0.785427980635366,-0.402276894316439,1,0,0,0,0,1,1131,0,0,0,0,0,0,-0.20014201425883
1.131,0.523598775598299,0.321344981770701,-3.6742247021934,1.39802839112728,-0.163426809798437,-0.163426809798437,0.687025585396736,1.91418772895357,1.91418772895357,-6.0194618309955e-06,-0.000544328012846453,0.0374711308268754,-0.983422449719437,0,0,-0.946495646905408,-0.484771791569138,1,0,0,0,0,1,1132,0,0,0,0,0,0,-0.204166311363247
1.132,0.523598775598299,0.31806100486531,-2.8798582076298,1.55583128471721,-0.23900218834946,-0.23900218834946,0.762600963947759,2.08962540233175,2.08962540233175,1.72295600493943e-05,0.00155803499502453,0.0372804670650679,-1.12647993788363,0,0,-1.08764143582354,-0.55706319321477,1,0,0,0,0,1,1133,0,0,0,0,0,0,-0.207439907259843
1.133,0.523598775598299,0.315610695958776,-2.00917422395062,1.68794593069166,-0.302018811048552,-0.302018811048552,0.825617586646851,2.22972757039339,2.22972757039339,4.01159334767674e-05,0.00362760442145341,0.0363051225760733,-1.24582723230807,0,0,-1.20589450531054,-0.617629507007328,1,0,0,0,0,1,1134,0,0,0,0,0,0,-0.209879890142486
1.134,0.523598775598299,0.314063171510478,-1.07685400332008,1.79119805729603,-0.351132759297567,-0.351132759297567,0.874731534895866,2.33138608463042,2.33138608463042,6.21579451691549e-05,0.00562081988830375,0.0345656264487984,-1.33895230647732,0,0,-1.29876586014022,-0.665195930808045,1,0,0,0,0,1,1135,0,0,0,0,0,0,-0.211417143272404
1.135,0.523598775598299,0.313472085759189,-0.0990858678323902,1.8630305647013,-0.38528919891132,-0.38528919891132,0.908887974509619,2.39229744164232,2.39229744164232,8.28916540033505e-05,0.0074957281185613,0.0320985916656861,-1.40389506019221,0,0,-1.36430074040796,-0.698761284670509,1,0,0,0,0,1,1136,0,0,0,0,0,0,-0.211998012132746
1.136,0.523598775598299,0.313874294324481,0.906780866006385,1.90155748167482,-0.403744789390888,-0.403744789390888,0.927343564989187,2.41101177536551,2.41101177536551,0.000101880656065835,0.009212865970551,0.0289559444712277,-1.4392885758355,0,0,-1.40111976539372,-0.717619083715369,1,0,0,0,0,1,1137,0,0,0,0,0,0,-0.211585640827172
1.137,0.523598775598299,0.315288876760745,1.92260646014401,1.90560376967497,-0.406083531490877,-0.406083531490877,0.929682307089176,2.38696386129228,2.38696386129228,0.000118725270099365,0.0107360910596816,0.0252038314263446,-1.44438788930724,0,0,-1.40844796682122,-0.721372408251622,1,0,0,0,0,1,1138,0,0,0,0,0,0,-0.210160949525825
1.138,0.523598775598299,0.317716538690916,2.92984801175066,1.8747301388223,-0.392225719466885,-0.392225719466885,0.915824495065184,2.32048548038861,2.32048548038861,0.000133070950009715,0.0120333424847714,0.0209212271529839,-1.41908567005827,0,0,-1.38613110042052,-0.709942258157801,1,0,0,0,0,1,1139,0,0,0,0,0,0,-0.207723232331603
1.139,0.523598775598299,0.321139406144563,3.90995523036715,1.809242355234,-0.362429809535057,-0.362429809535057,0.886028585133355,2.21279888278224,2.21279888278224,0.000144615747365698,0.0130773156471459,0.0161982720731979,-1.36391448018781,0,0,-1.33463889246747,-0.68356921567962,1,0,0,0,0,1,1140,0,0,0,0,0,0,-0.204290362942064
1.14,0.523598775598299,0.325521216457775,4.84476639346657,1.71018484534673,-0.317287165187662,-0.317287165187662,0.840885940785961,2.06599148912448,2.06599148912448,0.00015311666682156,0.0138460369589001,0.0111343751300112,-1.28003556505555,0,0,-1.25505515296664,-0.642808381645437,1,0,0,0,0,1,1141,0,0,0,0,0,0,-0.199898603749535
1.141,0.523598775598299,0.330807901734212,5.71689613547443,1.57931873317758,-0.257709789948174,-0.257709789948174,0.781308565546473,1.88297236245626,1.88297236245626,0.000158394780692492,0.0143233263438328,0.00583612142411255,-1.16921441134405,0,0,-1.1490549635761,-0.588517691682386,1,0,0,0,0,1,1142,0,0,0,0,0,0,-0.194602022380053
1.142,0.523598775598299,0.336928552593519,6.51010689786349,1.41908477399654,-0.184911305760195,-0.184911305760195,0.708510081358494,1.66741136711791,1.66741136711791,0.000160338995031547,0.0144991377963244,0.000415028806483775,-1.03378358702593,0,0,-1.01886942042312,-0.521839858353714,1,0,0,0,0,1,1143,0,0,0,0,0,0,-0.18847152794495
1.143,0.523598775598299,0.343796741919101,7.20965621246218,1.2325519656909,-0.100381577381091,-0.100381577381091,0.62398035297939,1.42366229566045,1.42366229566045,0.000158908387939361,0.0143697708300545,-0.0050147993536761,-0.876593645382249,0,0,-0.867238673905871,-0.444178319300192,1,0,0,0,0,1,1144,0,0,0,0,0,0,-0.181593547293068
1.144,0.523598775598299,0.351312180730754,7.80261249935698,1.02335292048988,-0.0058555168989613,-0.0058555168989613,0.52945429249726,1.15667158216802,1.15667158216802,0.000154133070889899,0.0139379483659829,-0.0103390758211326,-0.700953126445449,0,0,-0.697354253900598,-0.357167697629715,1,0,0,0,0,1,1145,0,0,0,0,0,0,-0.17406836913813
1.145,0.523598775598299,0.359362671308303,8.27813272401972,0.795607358332526,0.0967232750018988,0.0967232750018988,0.4268755005964,0.871874523791518,0.871874523791518,0.000146113554942973,0.0132127594202033,-0.0154457350167976,-0.510558918719769,0,0,-0.512791894316364,-0.262639396306404,1,0,0,0,0,1,1146,0,0,0,0,0,0,-0.166008190935088
1.146,0.523598775598299,0.36782631642771,8.6276960615986,0.553835333135461,0.205243265718385,0.205243265718385,0.318355509879913,0.575081195227059,0.575081195227059,0.000135018635183522,0.0122094677979763,-0.0202272917784258,-0.309418446927302,0,0,-0.317436270907752,-0.162583050709325,1,0,0,0,0,1,1147,0,0,0,0,0,0,-0.157534909644017
1.147,0.523598775598299,0.376573938172754,8.84528864277183,0.302862019281953,0.317469287463296,0.317469287463296,0.206129488135003,0.272354457827355,0.272354457827355,0.000121081837916082,0.0109491908205617,-0.0245831037124996,-0.101765323576194,0,0,-0.115399236468131,-0.059104650709458,1,0,0,0,0,1,1148,0,0,0,0,0,0,-0.148777702918428
1.148,0.523598775598299,0.385471655367042,8.92753548567901,0.047716063262648,0.431089441654595,0.431089441654595,0.0925093339437034,-0.030117368570467,-0.030117368570467,0.000104596505393989,0.00945845484701366,-0.0284214895192682,0.10802976028117,0,0,0.0890667256089151,0.0456177862875535,1,0,0,0,0,1,1149,0,0,0,0,0,0,-0.139870451673251
1.149,0.523598775598299,0.394383565325771,8.8737768305362,-0.20647635919159,0.543763623662423,0.543763623662423,-0.0201648480641238,-0.326150490668422,-0.326150490668422,8.59096215401912e-05,0.00776863694634133,-0.0316616587043182,0.315551029523785,0,0,0.291658007765808,0.149380058336651,1,0,0,0,0,1,1150,0,0,0,0,0,0,-0.130949058333065
1.15,0.523598775598299,0.40317447342465,8.6860872642012,-0.454599549780891,0.40317447342465,0.40317447342465,0.120424302173649,0.0622322848176573,0.0622322848176573,0,0,0,0,0,0,0,0,0,0,0,0,0,1,1151,0,0,0,0,0,0,-0.12214871726318
1.151,0.523598775598299,0.411733870422094,8.43059722294405,-0.478801940839076,0.411733870422094,0.411733870422094,0.111864905176205,0.0444851521121846,0.0444851521121846,0,0,0,0,0,0,0,0,0,0,0,0,0,1,1152,0,0,0,0,0,0,-0.113579937447428
1.152,0.523598775598299,0.420032422215081,8.16530405711119,-0.49277681919603,0.420032422215081,0.420032422215081,0.103566353383217,0.0275799067535569,0.0275799067535569,0,0,0,0,0,0,0,0,0,0,0,0,0,1,1153,0,0,0,0,0,0,-0.105272052732306
1.153,0.523598775598299,0.428062715310999,7.89468107032063,-0.499971723310023,0.428062715310999,0.428062715310999,0.0955360602872995,0.0115211722955554,0.0115211722955554,0,0,0,0,0,0,0,0,0,0,0,0,0,1,1154,0,0,0,0,0,0,-0.0972324763551252
1.154,0.523598775598299,0.435821009789492,7.62171070544614,-0.502610326003632,0.435821009789492,0.435821009789492,0.0877777658088064,-0.00369599788906202,-0.00369599788906202,0,0,0,0,0,0,0,0,0,0,0,0,0,1,1155,0,0,0,0,0,0,-0.0894649479821555
1.155,0.523598775598299,0.443306031814864,7.34841229727555,-0.502131875832836,0.443306031814864,0.443306031814864,0.0802927437834351,-0.0180827561901014,-0.0180827561901014,0,0,0,0,0,0,0,0,0,0,0,0,0,1,1156,0,0,0,0,0,0,-0.0819707411962214
1.156,0.523598775598299,0.450518192172496,7.0761803838868,-0.499472683917823,0.450518192172496,0.450518192172496,0.0730805834258024,-0.0316542881082934,-0.0316542881082934,0,0,0,0,0,0,0,0,0,0,0,0,0,1,1157,0,0,0,0,0,0,-0.074749444960274
1.157,0.523598775598299,0.45745907795358,6.80600166982386,-0.495246432967809,0.45745907795358,0.45745907795358,0.0661396976447192,-0.0444284038495958,-0.0444284038495958,0,0,0,0,0,0,0,0,0,0,0,0,0,1,1158,0,0,0,0,0,0,-0.0677994719326614
1.158,0.523598775598299,0.464131119461992,6.53859425804193,-0.489859677078152,0.464131119461992,0.464131119461992,0.0594676561363069,-0.0564246202967,-0.0564246202967,0,0,0,0,0,0,0,0,0,0,0,0,0,1,1159,0,0,0,0,0,0,-0.0611183915602388
1.159,0.523598775598299,0.470537369615041,6.27449708931642,-0.483585828333272,0.470537369615041,0.470537369615041,0.0530614059832579,-0.0676635579112169,-0.0676635579112169,0,0,0,0,0,0,0,0,0,0,0,0,0,1,1160,0,0,0,0,0,0,-0.0547031506776254
1.16,0.523598775598299,0.476681355655541,6.01412748503589,-0.476612552565598,0.476681355655541,0.476681355655541,0.0469174199427573,-0.0781665401644926,-0.0781665401644926,0,0,0,0,0,0,0,0,0,0,0,0,0,1,1161,0,0,0,0,0,0,-0.0485502217951205
1.161,0.523598775598299,0.4825669774342,5.75781825637057,-0.469072132816881,0.4825669774342,0.4825669774342,0.0410317981640986,-0.0879553234781381,-0.0879553234781381,0,0,0,0,0,0,0,0,0,0,0,0,0,1,1162,0,0,0,0,0,0,-0.0426557048163144
1.162,0.523598775598299,0.488198435771514,5.50584172218526,-0.461060923237787,0.488198435771514,0.488198435771514,0.0354003398267846,-0.0970519115227023,-0.0970519115227023,0,0,0,0,0,0,0,0,0,0,0,0,0,1,1163,0,0,0,0,0,0,-0.0370153986761844
1.163,0.523598775598299,0.493580180333383,5.25842533860011,-0.452651815337148,0.493580180333383,0.493580180333383,0.0300185952649162,-0.105478424292152,-0.105478424292152,0,0,0,0,0,0,0,0,0,0,0,0,0,1,1164,0,0,0,0,0,0,-0.0316248534654786
1.164,0.523598775598299,0.49871687024964,5.01576195240033,-0.443902228744212,0.49871687024964,0.49871687024964,0.0248819053486584,-0.113257002985154,-0.113257002985154,0,0,0,0,0,0,0,0,0,0,0,0,0,1,1165,0,0,0,0,0,0,-0.0264794098121774
1.165,0.523598775598299,0.503613343135368,4.77801660752716,-0.434859235627134,0.503613343135368,0.503613343135368,0.0199854324629309,-0.120409738522424,-0.120409738522424,0,0,0,0,0,0,0,0,0,0,0,0,0,1,1166,0,0,0,0,0,0,-0.0215742298601791
1.166,0.523598775598299,0.508274589731566,4.54533114020042,-0.425562849478097,0.508274589731566,0.508274589731566,0.0153241858667328,-0.126958615884009,-0.126958615884009,0,0,0,0,0,0,0,0,0,0,0,0,0,1,1167,0,0,0,0,0,0,-0.0169043226286192
1.167,0.523598775598299,0.512705732378732,4.31782735389954,-0.416048138458514,0.512705732378732,0.512705732378732,0.0108930432195671,-0.132925469239644,-0.132925469239644,0,0,0,0,0,0,0,0,0,0,0,0,0,1,1168,0,0,0,0,0,0,-0.0124645655382909
1.168,0.523598775598299,0.516912006175268,4.09560928083394,-0.406346586162405,0.516912006175268,0.516912006175268,0.00668676942303104,-0.138331944632003,-0.138331944632003,0,0,0,0,0,0,0,0,0,0,0,0,0,1,1169,0,0,0,0,0,0,-0.00824972325323037
1.169,0.523598775598299,0.520898742081408,3.87876485425117,-0.396486970630876,0.520898742081408,0.520898742081408,0.00270003351689108,-0.143199468117152,-0.143199468117152,0,0,0,0,0,0,0,0,0,0,0,0,0,1,1170,0,0,0,0,0,0,-0.00425446457678647
1.17,0.523598775598299,0.52467135149099,3.66736719918575,-0.386495935071238,0.52467135149099,0.52467135149099,-0.00107257589269105,-0.14754921799966,-0.14754921799966,0,0,0,0,0,0,0,0,0,0,0,0,0,1,1171,0,0,0,0,0,0,-0.000473377879842585
1.171,0.523598775598299,0.528235311960869,3.46147567448512,-0.376398361358578,0.528235311960869,0.528235311960869,-0.00463653636256978,-0.151402100269532,-0.151402100269532,0,0,0,0,0,0,0,0,0,0,0,0,0,1,1172,0,0,0,0,0,0,0.00309901462859996
1.172,0.523598775598299,0.531596153894874,3.26113675107255,-0.366217617443656,0.531596153894874,0.531596153894874,-0.00799737829657521,-0.15477872664909,-0.15477872664909,0,0,0,0,0,0,0,0,0,0,0,0,0,1,1173,0,0,0,0,0,0,0.006468243585386
1.173,0.523598775598299,0.534759448047732,3.06638478075352,-0.355975724199349,0.534759448047732,0.534759448047732,-0.0111606724494334,-0.157699394850909,-0.157699394850909,0,0,0,0,0,0,0,0,0,0,0,0,0,1,1174,0,0,0,0,0,0,0.00963987997713156
1.174,0.523598775598299,0.537730793758123,2.87724269025097,-0.345693470846143,0.537730793758123,0.537730793758123,-0.0141320181598238,-0.160184070771599,-0.160184070771599,0,0,0,0,0,0,0,0,0,0,0,0,0,1,1175,0,0,0,0,0,0,0.0126195233732861
1.175,0.523598775598299,0.540515807847996,2.69372262259957,-0.335390497598386,0.540515807847996,0.540515807847996,-0.0169170322496971,-0.162252372425741,-0.162252372425741,0,0,0,0,0,0,0,0,0,0,0,0,0,1,1176,0,0,0,0,0,0,0.0154127908254551
1.176,0.523598775598299,0.54312011414309,2.51582653999995,-0.325085357449084,0.54312011414309,0.54312011414309,-0.0195213385447909,-0.163923555475346,-0.163923555475346,0,0,0,0,0,0,0,0,0,0,0,0,0,1,1177,0,0,0,0,0,0,0.0180253063879202
1.177,0.523598775598299,0.545549333580924,2.34354679710252,-0.314795564704931,0.545549333580924,0.545549333580924,-0.0219505579826251,-0.165216500243201,-0.165216500243201,0,0,0,0,0,0,0,0,0,0,0,0,0,1,1178,0,0,0,0,0,0,0.0204626912256398
1.178,0.523598775598299,0.547809074879769,2.17686669041529,-0.304537635126065,0.547809074879769,0.547809074879769,-0.0242102992814704,-0.166149700119819,-0.166149700119819,0,0,0,0,0,0,0,0,0,0,0,0,0,1,1179,0,0,0,0,0,0,0.0227305542832219
1.179,0.523598775598299,0.549904925746652,2.01576098744359,-0.294327120759845,0.549904925746652,0.549904925746652,-0.0263061501483536,-0.16674125128769,-0.16674125128769,0,0,0,0,0,0,0,0,0,0,0,0,0,1,1180,0,0,0,0,0,0,0.0248344834929337
1.18,0.523598775598299,0.551842444605358,1.86019643784304,-0.284178641428244,0.551842444605358,0.551842444605358,-0.0282436690070597,-0.167008843695714,-0.167008843695714,0,0,0,0,0,0,0,0,0,0,0,0,0,1,1181,0,0,0,0,0,0,0.0267800375027094
1.181,0.523598775598299,0.55362715282722,1.7101322680281,-0.274105914105772,0.55362715282722,0.55362715282722,-0.0300283772289214,-0.166969753222963,-0.166969753222963,0,0,0,0,0,0,0,0,0,0,0,0,0,1,1182,0,0,0,0,0,0,0.0285727379069433
1.182,0.523598775598299,0.555264527448639,1.56552066014992,-0.264121780962855,0.555264527448639,0.555264527448639,-0.0316657518503404,-0.166640834975167,-0.166640834975167,0,0,0,0,0,0,0,0,0,0,0,0,0,1,1183,0,0,0,0,0,0,0.0302180619640161
1.183,0.523598775598299,0.556759994360024,1.42630721602826,-0.25423823655457,0.556759994360024,0.556759994360024,-0.0331612187617252,-0.166038517660422,-0.166038517660422,0,0,0,0,0,0,0,0,0,0,0,0,0,1,1184,0,0,0,0,0,0,0.0317214357852378
1.184,0.523598775598299,0.558118921951302,1.29243140641957,-0.24446645444659,0.558118921951302,0.558118921951302,-0.0345201463530032,-0.165178798992917,-0.165178798992917,0,0,0,0,0,0,0,0,0,0,0,0,0,1,1185,0,0,0,0,0,0,0.0330882279803635
1.185,0.523598775598299,0.55934661519948,1.16382700588202,-0.234816813450542,0.55934661519948,0.55934661519948,-0.0357478396011808,-0.164077242075313,-0.164077242075313,0,0,0,0,0,0,0,0,0,0,0,0,0,1,1186,0,0,0,0,0,0,0.034323743745159
1.186,0.523598775598299,0.560448310183947,1.04042251342754,-0.225298923565271,0.560448310183947,0.560448310183947,-0.0368495345856479,-0.162748972711931,-0.162748972711931,0,0,0,0,0,0,0,0,0,0,0,0,0,1,1187,0,0,0,0,0,0,0.035433219376709
1.187,0.523598775598299,0.561429169015392,0.922141559113733,-0.215921651672734,0.561429169015392,0.561429169015392,-0.0378303934170933,-0.16120867760626,-0.16120867760626,0,0,0,0,0,0,0,0,0,0,0,0,0,1,1188,0,0,0,0,0,0,0.0364218172023378
1.188,0.523598775598299,0.562294275164336,0.808903296710112,-0.206693147007549,0.562294275164336,0.562294275164336,-0.0386954995660371,-0.159470603397523,-0.159470603397523,0,0,0,0,0,0,0,0,0,0,0,0,0,1,1189,0,0,0,0,0,0,0.0372946209081462
1.189,0.523598775598299,0.563048629175421,0.700622782568972,-0.197620866400904,0.563048629175421,0.563048629175421,-0.0394498535771221,-0.157548556492205,-0.157548556492205,0,0,0,0,0,0,0,0,0,0,0,0,0,1,1190,0,0,0,0,0,0,0.0380566312533065
1.19,0.523598775598299,0.563697144753731,0.597211340833317,-0.188711599288598,0.563697144753731,0.563697144753731,-0.0400983691554319,-0.155455903647611,-0.155455903647611,0,0,0,0,0,0,0,0,0,0,0,0,0,1,1191,0,0,0,0,0,0,0.0387127621563865
1.191,0.523598775598299,0.564244645209543,0.498576915121723,-0.179971492466691,0.564244645209543,0.564244645209543,-0.0406458696112442,-0.15320557326558,-0.15320557326558,0,0,0,0,0,0,0,0,0,0,0,0,0,1,1192,0,0,0,0,0,0,0.0392678371401063
1.192,0.523598775598299,0.564695860248068,0.404624406839627,-0.171406074574946,0.564695860248068,0.564695860248068,-0.041097084649769,-0.150810057355651,-0.150810057355651,0,0,0,0,0,0,0,0,0,0,0,0,0,1,1193,0,0,0,0,0,0,0.0397265861210815
1.193,0.523598775598299,0.565055423090876,0.315256000277425,-0.16302028028678,0.565055423090876,0.565055423090876,-0.0414566474925775,-0.148281414128018,-0.148281414128018,0,0,0,0,0,0,0,0,0,0,0,0,0,1,1194,0,0,0,0,0,0,0.0400936425312561
1.194,0.523598775598299,0.565327867915892,0.230371474667114,-0.154818474184225,0.565327867915892,0.565327867915892,-0.0417290923175933,-0.145631271177764,-0.145631271177764,0,0,0,0,0,0,0,0,0,0,0,0,0,1,1195,0,0,0,0,0,0,0.040373540757899
1.195,0.523598775598299,0.565517627602995,0.1498685033804,-0.146804474296841,0.565517627602995,0.565517627602995,-0.041918852004696,-0.14287082922291,-0.14287082922291,0,0,0,0,0,0,0,0,0,0,0,0,0,1,1196,0,0,0,0,0,0,0.0405707138892111
1.196,0.523598775598299,0.565629031772472,0.0736429404620918,-0.138981575284497,0.565629031772472,0.565629031772472,-0.0420302561741737,-0.140010866359972,-0.140010866359972,0,0,0,0,0,0,0,0,0,0,0,0,0,1,1197,0,0,0,0,0,0,0.0406894917527828
1.197,0.523598775598299,0.565666305103758,0.00158909470282013,-0.131352571245066,0.565666305103758,0.565666305103758,-0.0420675295054597,-0.13706174280177,-0.13706174280177,0,0,0,0,0,0,0,0,0,0,0,0,0,1,1198,0,0,0,0,0,0,0.0407340992343351
1.198,0.523598775598299,0.565633565922101,-0.0664000085352657,-0.123919778129479,0.565633565922101,0.565633565922101,-0.0420347903238026,-0.134033406063369,-0.134033406063369,0,0,0,0,0,0,0,0,0,0,0,0,0,1,1199,0,0,0,0,0,0,0.040708654864394
1.199,0.523598775598299,0.565534825041028,-0.130432377517359,-0.116685055747957,0.565534825041028,0.565534825041028,-0.0419360494427294,-0.130935396563093,-0.130935396563093,0,0,0,0,0,0,0,0,0,0,0,0,0,1,1200,0,0,0,0,0,0,0.0406171696607579
1.2,0.523598775598299,0.565373984848692,-0.190616816128858,-0.109649829352679,0.565373984848692,0.565373984848692,-0.041775209250393,-0.127776853606685,-0.127776853606685,0,0,0,0,0,0,0,0,0,0,0,0,0,1,1201,0,0,0,0,0,0,0.0404635462148498
1.201,0.523598775598299,0.565154838626428,-0.247062697424385,-0.102815110783594,0.565154838626428,0.565154838626428,-0.0415560630281296,-0.124566521723732,-0.124566521723732,0,0,0,0,0,0,0,0,0,0,0,0,0,1,1202,0,0,0,0,0,0,0.0402515780102787
1.202,0.523598775598299,0.564881070088089,-0.299879748488569,-0.0961815191654509,0.564881070088089,0.564881070088089,-0.04128229448979,-0.121312757326573,-0.121312757326573,0,0,0,0,0,0,0,0,0,0,0,0,0,1,1203,0,0,0,0,0,0,0.0399849489621754
1.203,0.523598775598299,0.564556253128957,-0.349177846358396,-0.0897493011455392,0.564556253128957,0.564556253128957,-0.0409574775306581,-0.118023535662991,-0.118023535662991,0,0,0,0,0,0,0,0,0,0,0,0,0,1,1204,0,0,0,0,0,0,0.0396672331661155
1.204,0.523598775598299,0.564183851773322,-0.395066824751876,-0.0835183506629043,0.564183851773322,0.564183851773322,-0.0405850761750232,-0.114706458035018,-0.114706458035018,0,0,0,0,0,0,0,0,0,0,0,0,0,1,1205,0,0,0,0,0,0,0.039301894845696
1.205,0.523598775598299,0.563767220310026,-0.437656291343367,-0.0774882282411182,0.563767220310026,0.563767220310026,-0.0401684447117271,-0.111368759257255,-0.111368759257255,0,0,0,0,0,0,0,0,0,0,0,0,0,1,1206,0,0,0,0,0,0,0.0388922884880866
1.206,0.523598775598299,0.563309603605573,-0.47705545532221,-0.0716581797978876,0.563309603605573,0.563309603605573,-0.0397108280072739,-0.108017315329153,-0.108017315329153,0,0,0,0,0,0,0,0,0,0,0,0,0,1,1207,0,0,0,0,0,0,0.0384416591571436
1.207,0.523598775598299,0.562814137584648,-0.513372964968243,-0.066027154965964,0.562814137584648,0.562814137584648,-0.0392153619863488,-0.104658651296695,-0.104658651296695,0,0,0,0,0,0,0,0,0,0,0,0,0,1,1208,0,0,0,0,0,0,0.0379531429739335
1.208,0.523598775598299,0.562283849868165,-0.546716754975322,-0.0605938249209392,0.562283849868165,0.562283849868165,-0.0386850742698662,-0.101298949279972,-0.101298949279972,0,0,0,0,0,0,0,0,0,0,0,0,0,1,1209,0,0,0,0,0,0,0.0374297677547849
1.209,0.523598775598299,0.561721660559231,-0.577193903252091,-0.0553565997125783,0.561721660559231,0.561721660559231,-0.038122884960932,-0.097944056644093,-0.097944056644093,0,0,0,0,0,0,0,0,0,0,0,0,0,1,1210,0,0,0,0,0,0,0.0368744537972552
1.21,0.523598775598299,0.561130383167679,-0.604910496927941,-0.0503136450973604,0.561130383167679,0.561130383167679,-0.0375316075693801,-0.0945994942919021,-0.0945994942919021,0,0,0,0,0,0,0,0,0,0,0,0,0,1,1211,0,0,0,0,0,0,0.0362900148046716
1.211,0.523598775598299,0.560512725664114,-0.62997150729131,-0.0454628988708638,0.560512725664114,0.560512725664114,-0.0369139500658149,-0.0912704650578855,-0.0912704650578855,0,0,0,0,0,0,0,0,0,0,0,0,0,1,1212,0,0,0,0,0,0,0.0356791589401776
1.212,0.523598775598299,0.559871291654661,-0.652480673387194,-0.0408020866995504,0.559871291654661,0.559871291654661,-0.0362725160563618,-0.0879618621836392,-0.0879618621836392,0,0,0,0,0,0,0,0,0,0,0,0,0,1,1213,0,0,0,0,0,0,0.0350444900014877
1.213,0.523598775598299,0.559208581667904,-0.672540394000933,-0.0363287374523703,0.559208581667904,0.559208581667904,-0.0356098060696051,-0.0846782778561681,-0.0846782778561681,0,0,0,0,0,0,0,0,0,0,0,0,0,1,1214,0,0,0,0,0,0,0.0343885087078294
1.214,0.523598775598299,0.558526994545761,-0.690251627755993,-0.0320401980334317,0.558526994545761,0.558526994545761,-0.0349282189474623,-0.0814240117912137,-0.0814240117912137,0,0,0,0,0,0,0,0,0,0,0,0,0,1,1215,0,0,0,0,0,0,0.0337136140908222
1.215,0.523598775598299,0.557828828930316,-0.705713801054501,-0.0279336477177517,0.557828828930316,0.557828828930316,-0.0342300533320173,-0.0782030798446818,-0.0782030798446818,0,0,0,0,0,0,0,0,0,0,0,0,0,1,1216,0,0,0,0,0,0,0.0330221049813143
1.216,0.523598775598299,0.557116284838902,-0.719024723590804,-0.0240061119928359,0.557116284838902,0.557116284838902,-0.0335175092406027,-0.0750192226361227,-0.0750192226361227,0,0,0,0,0,0,0,0,0,0,0,0,0,1,1217,0,0,0,0,0,0,0.0323161815844695
1.217,0.523598775598299,0.556391465319994,-0.730280511170124,-0.0202544759095174,0.556391465319994,0.556391465319994,-0.0327926897216954,-0.0718759141690621,-0.0718759141690621,0,0,0,0,0,0,0,0,0,0,0,0,0,1,1218,0,0,0,0,0,0,0.0315979471356669
1.218,0.523598775598299,0.555656378182749,-0.739575515566609,-0.0166754969461278,0.555656378182749,0.555656378182749,-0.0320576025844506,-0.0687763704338087,-0.0687763704338087,0,0,0,0,0,0,0,0,0,0,0,0,0,1,1219,0,0,0,0,0,0,0.0308694096300387
1.219,0.523598775598299,0.554912937793268,-0.747002261157582,-0.0132658173906755,0.554912937793268,0.554912937793268,-0.0313141621949691,-0.0657235579791758,-0.0657235579791758,0,0,0,0,0,0,0,0,0,0,0,0,0,1,1220,0,0,0,0,0,0,0.0301324836187423
1.22,0.523598775598299,0.554162966930948,-0.752651388073637,-0.0100219762462633,0.554162966930948,0.554162966930948,-0.0305641913326491,-0.062720202440338,-0.062720202440338,0,0,0,0,0,0,0,0,0,0,0,0,0,1,1221,0,0,0,0,0,0,0.0293889920653155
1.221,0.523598775598299,0.553408198698538,-0.756611601607345,-0.00694042066549905,0.553408198698538,0.553408198698538,-0.0298094231002392,-0.0597687970108177,-0.0597687970108177,0,0,0,0,0,0,0,0,0,0,0,0,0,1,1222,0,0,0,0,0,0,0.028640668255734
1.222,0.523598775598299,0.552650278479757,-0.758969627626708,-0.00401751692013848,0.552650278479757,0.552650278479757,-0.0290515028814581,-0.0568716108473331,-0.0568716108473331,0,0,0,0,0,0,0,0,0,0,0,0,0,1,1223,0,0,0,0,0,0,0.027889157756035
1.223,0.523598775598299,0.551890765938602,-0.759810173743145,-0.00124956091264111,0.551890765938602,0.551890765938602,-0.0282919903403036,-0.0540306973969673,-0.0540306973969673,0,0,0,0,0,0,0,0,0,0,0,0,0,1,1224,0,0,0,0,0,0,0.0271360204116303
1.224,0.523598775598299,0.551131137054717,-0.759215895987632,0.00136721176326596,0.551131137054717,0.551131137054717,-0.0275323614564185,-0.0512479026368207,-0.0512479026368207,0,0,0,0,0,0,0,0,0,0,0,0,0,1,1225,0,0,0,0,0,0,0.0263827323826764
1.225,0.523598775598299,0.550372786189427,-0.757267370752674,0.00383661620554673,0.550372786189427,0.550372786189427,-0.0267740105911279,-0.0485248732169913,-0.0485248732169913,0,0,0,0,0,0,0,0,0,0,0,0,0,1,1226,0,0,0,0,0,0,0.0256306882101157
1.226,0.523598775598299,0.5496170281773,-0.754043071762063,0.00616250902252321,0.5496170281773,0.5496170281773,-0.0260182525790015,-0.0458630644983801,-0.0458630644983801,0,0,0,0,0,0,0,0,0,0,0,0,0,1,1227,0,0,0,0,0,0,0.0248812029072425
1.227,0.523598775598299,0.548865100438327,-0.749619351834765,0.00834877957912607,0.548865100438327,0.548865100438327,-0.0252663248400284,-0.0432637484774668,-0.0432637484774668,0,0,0,0,0,0,0,0,0,0,0,0,0,1,1228,0,0,0,0,0,0,0.0241355140718829
1.228,0.523598775598299,0.548118165106027,-0.744070429213872,0.0103993416623223,0.548118165106027,0.548118165106027,-0.0245193895077283,-0.040728021590808,-0.040728021590808,0,0,0,0,0,0,0,0,0,0,0,0,0,1,1229,0,0,0,0,0,0,0.0233947840145083
1.229,0.523598775598299,0.547377311167042,-0.737468378236263,0.0123181255570623,0.547377311167042,0.547377311167042,-0.0237785355687433,-0.0382568123926143,-0.0382568123926143,0,0,0,0,0,0,0,0,0,0,0,0,0,1,1230,0,0,0,0,0,0,0.022660101897833
1.23,0.523598775598299,0.546643556607982,-0.729883124123465,0.0141090705238655,0.546643556607982,0.546643556607982,-0.0230447810096829,-0.0358508890993291,-0.0358508890993291,0,0,0,0,0,0,0,0,0,0,0,0,0,1,1231,0,0,0,0,0,0,0.0219324858836616
1.231,0.523598775598299,0.545917850565505,-0.721382441679123,0.0157761176689658,0.545917850565505,0.545917850565505,-0.0223190749672062,-0.033510866995694,-0.033510866995694,0,0,0,0,0,0,0,0,0,0,0,0,0,1,1232,0,0,0,0,0,0,0.0212128852829763
1.232,0.523598775598299,0.54520107547584,-0.712031957683562,0.0173232031977707,0.54520107547584,0.54520107547584,-0.0216022998775409,-0.0312372156973078,-0.0312372156973078,0,0,0,0,0,0,0,0,0,0,0,0,0,1,1233,0,0,0,0,0,0,0.0205021827054591
1.233,0.523598775598299,0.544494049220144,-0.701895156781019,0.0187542520422398,0.544494049220144,0.544494049220144,-0.0208952736218453,-0.0290302662652113,-0.0290302662652113,0,0,0,0,0,0,0,0,0,0,0,0,0,1,1234,0,0,0,0,0,0,0.0198011962048582
1.234,0.523598775598299,0.543797527262318,-0.691033390660316,0.0200731718526677,0.543797527262318,0.543797527262318,-0.0201987516640187,-0.0268902181685103,-0.0268902181685103,0,0,0,0,0,0,0,0,0,0,0,0,0,1,1235,0,0,0,0,0,0,0.0191106814168021
1.235,0.523598775598299,0.543112204776066,-0.679505890334987,0.021283847344258,0.543112204776066,0.543112204776066,-0.0195134291777674,-0.0248171460915318,-0.0248171460915318,0,0,0,0,0,0,0,0,0,0,0,0,0,1,1236,0,0,0,0,0,0,0.0184313336858691
1.236,0.523598775598299,0.542438718758217,-0.66736978133416,0.0223901349887953,0.542438718758217,0.542438718758217,-0.0188399431599179,-0.0228110065824506,-0.0228110065824506,0,0,0,0,0,0,0,0,0,0,0,0,0,1,1237,0,0,0,0,0,0,0.0177637901789054
1.237,0.523598775598299,0.54177765012546,-0.654680101620811,0.0233958580416679,0.54177765012546,0.54177765012546,-0.0181788745271613,-0.0208716445407658,-0.0208716445407658,0,0,0,0,0,0,0,0,0,0,0,0,0,1,1238,0,0,0,0,0,0,0.0171086319817725
1.238,0.523598775598299,0.541129525791889,-0.641489822059337,0.0243048018944545,0.541129525791889,0.541129525791889,-0.0175307501935901,-0.0189987995414157,-0.0189987995414157,0,0,0,0,0,0,0,0,0,0,0,0,0,1,1239,0,0,0,0,0,0,0.0164663861768881
1.239,0.523598775598299,0.540494820724864,-0.627849869259756,0.0251207097432713,0.540494820724864,0.540494820724864,-0.0168960451265654,-0.0171921119937181,-0.0171921119937181,0,0,0,0,0,0,0,0,0,0,0,0,0,1,1240,0,0,0,0,0,0,0.0158375278990972
1.24,0.523598775598299,0.539873959976919,-0.613809150631184,0.0258472785630706,0.539873959976919,0.539873959976919,-0.0162751843786206,-0.0154511291336939,-0.0154511291336939,0,0,0,0,0,0,0,0,0,0,0,0,0,1,1241,0,0,0,0,0,0,0.0152224823675795
1.241,0.523598775598299,0.539267320691574,-0.599414581482584,0.0264881553781032,0.539267320691574,0.539267320691574,-0.0156685450932756,-0.0137753108487013,-0.0137753108487013,0,0,0,0,0,0,0,0,0,0,0,0,0,1,1242,0,0,0,0,0,0,0.0146216268916677
1.242,0.523598775598299,0.53867523408109,-0.584711114014118,0.0270469338187823,0.53867523408109,0.53867523408109,-0.0150764584827916,-0.012164035333638,-0.012164035333638,0,0,0,0,0,0,0,0,0,0,0,0,0,1,1243,0,0,0,0,0,0,0.0140352928486056
1.243,0.523598775598299,0.538097987374352,-0.569741768047711,0.0275271509552367,0.538097987374352,0.538097987374352,-0.014499211776053,-0.0106166045783031,-0.0106166045783031,0,0,0,0,0,0,0,0,0,0,0,0,0,1,1244,0,0,0,0,0,0,0.0134637676314343
1.244,0.523598775598299,0.537535825733209,-0.554547663350741,0.0279322843978966,0.537535825733209,0.537535825733209,-0.0139370501349102,-0.0091322496858088,-0.0091322496858088,0,0,0,0,0,0,0,0,0,0,0,0,0,1,1245,0,0,0,0,0,0,0.0129072965653386
1.245,0.523598775598299,0.536988954135759,-0.539168053411962,0.0282657496555324,0.536988954135759,0.536988954135759,-0.0133901785374605,-0.00771013602222722,-0.00771013602222722,0,0,0,0,0,0,0,0,0,0,0,0,0,1,1246,0,0,0,0,0,0,0.0123660847909315
1.246,0.523598775598299,0.536457539225183,-0.523640360533989,0.0285308977412495,0.536457539225183,0.536457539225183,-0.0128587636268842,-0.00634936819793544,-0.00634936819793544,0,0,0,0,0,0,0,0,0,0,0,0,0,1,1247,0,0,0,0,0,0,0.0118402991130941
1.247,0.523598775598299,0.535941711122884,-0.50800021211178,0.0287310130170376,0.535941711122884,0.535941711122884,-0.0123429355245852,-0.00504899488137545,-0.00504899488137545,0,0,0,0,0,0,0,0,0,0,0,0,0,1,1248,0,0,0,0,0,0,0.0113300698141203
1.248,0.523598775598299,0.53544156520481,-0.492281477971636,0.0288693112675815,0.53544156520481,0.53544156520481,-0.011842789606511,-0.00380801344618753,-0.00380801344618753,0,0,0,0,0,0,0,0,0,0,0,0,0,1,1249,0,0,0,0,0,0,0.01083549243004
1.249,0.523598775598299,0.534957163839954,-0.476516308650249,0.0289489379941593,0.534957163839954,0.534957163839954,-0.0113583882416551,-0.00262537445291574,-0.00262537445291574,0,0,0,0,0,0,0,0,0,0,0,0,0,1,1250,0,0,0,0,0,0,0.0103566294891254
1.25,0.523598775598299,0.534488538090158,-0.460735174498285,0.0289729669195733,0.534488538090158,0.534488538090158,-0.0108897624918591,-0.00149998596668726,-0.00149998596668726,0,0,0,0,0,0,0,0,0,0,0,0,0,1,1251,0,0,0,0,0,0,0.00989351221169688
1.251,0.523598775598299,0.534035689370443,-0.444966905497829,0.0289443986952024,0.534035689370443,0.534035689370443,-0.010436913772144,-0.000430717712471652,-0.000430717712471652,0,0,0,0,0,0,0,0,0,0,0,0,0,1,1252,0,0,0,0,0,0,0.00944614217045769
1.252,0.523598775598299,0.533598591069211,-0.429238731687846,0.0288661598013983,0.533598591069211,0.533598591069211,-0.00999981547091178,0.000583594930285557,0.000583594930285557,0,0,0,0,0,0,0,0,0,0,0,0,0,1,1253,0,0,0,0,0,0,0.00901449291069978
1.253,0.523598775598299,0.53317719012776,-0.413576324096505,0.0287411016326046,0.53317719012776,0.53317719012776,-0.00957841452946084,0.00154414709168695,0.00154414709168695,0,0,0,0,0,0,0,0,0,0,0,0,0,1,1254,0,0,0,0,0,0,0.00859851152982216
1.254,0.523598775598299,0.532771408578654,-0.398003836083836,0.0285719997587282,0.532771408578654,0.532771408578654,-0.00917263298035498,0.00245216073193721,0.00245216073193721,0,0,0,0,0,0,0,0,0,0,0,0,0,1,1255,0,0,0,0,0,0,0.00819812021570399
1.255,0.523598775598299,0.532381145042582,-0.382543945002753,0.0283615533544562,0.532381145042582,0.532381145042582,-0.00878236944428346,0.00330888111615129,0.00330888111615129,0,0,0,0,0,0,0,0,0,0,0,0,0,1,1256,0,0,0,0,0,0,0.00781321774356813
1.256,0.523598775598299,0.532006276183437,-0.367217894090889,0.0281123847883799,0.532006276183437,0.532006276183437,-0.00840750058513806,0.00411557344099977,0.00411557344099977,0,0,0,0,0,0,0,0,0,0,0,0,0,1,1257,0,0,0,0,0,0,0.00744368093106196
1.257,0.523598775598299,0.531646658121415,-0.352045534510083,0.0278270393639551,0.531646658121415,0.531646658121415,-0.0080478825231165,0.0048735196106576,0.0048735196106576,0,0,0,0,0,0,0,0,0,0,0,0,0,1,1258,0,0,0,0,0,0,0.00708936605136412
1.258,0.523598775598299,0.531302127804046,-0.337045367454587,0.0275079852045088,0.531302127804046,0.531302127804046,-0.00770335220574725,0.00558401515939485,0.00558401515939485,0,0,0,0,0,0,0,0,0,0,0,0,0,1,1259,0,0,0,0,0,0,0.00675011020421301
1.259,0.523598775598299,0.5309725043351,-0.322234586253235,0.0271576132746759,0.5309725043351,0.5309725043351,-0.00737372873680153,0.0062483663180613,0.0062483663180613,0,0,0,0,0,0,0,0,0,0,0,0,0,1,1260,0,0,0,0,0,0,0.00642573264482249
1.26,0.523598775598299,0.530657590261436,-0.307629118394882,0.0267782375308381,0.530657590261436,0.530657590261436,-0.00705881466313729,0.00686788722160609,0.00686788722160609,0,0,0,0,0,0,0,0,0,0,0,0,0,1,1261,0,0,0,0,0,0,0.00611603607072919
1.261,0.523598775598299,0.530357172817881,-0.293243667410382,0.0263720951933163,0.530357172817881,0.530357172817881,-0.00675839721958249,0.0074438972547068,0.0074438972547068,0,0,0,0,0,0,0,0,0,0,0,0,0,1,1262,0,0,0,0,0,0,0.00582080786667949
1.262,0.523598775598299,0.530071025130335,-0.279091754548214,0.0259413471332605,0.530071025130335,0.530071025130335,-0.00647224953203607,0.00797771853249177,0.00797771853249177,0,0,0,0,0,0,0,0,0,0,0,0,0,1,1263,0,0,0,0,0,0,0.00553982130773378
1.263,0.523598775598299,0.529798907377319,-0.26518576018465,0.0254880783673667,0.529798907377319,0.529798907377319,-0.00620013177902023,0.00847067351328982,0.00847067351328982,0,0,0,0,0,0,0,0,0,0,0,0,0,1,1264,0,0,0,0,0,0,0.00527283672082279
1.264,0.523598775598299,0.529540567910278,-0.251536964912994,0.025014298653741,0.529540567910278,0.529540567910278,-0.00594179231197878,0.00892408274027513,0.00892408274027513,0,0,0,0,0,0,0,0,0,0,0,0,0,1,1265,0,0,0,0,0,0,0.00501960260504897
1.265,0.523598775598299,0.529295744332968,-0.23815559025997,0.0245219431824255,0.529295744332968,0.529295744332968,-0.00569696873466907,0.00933926270882918,0.00933926270882918,0,0,0,0,0,0,0,0,0,0,0,0,0,1,1266,0,0,0,0,0,0,0.00477985671108194
1.266,0.523598775598299,0.529064164540342,-0.225050838980784,0.0240128733542876,0.529064164540342,0.529064164540342,-0.0054653889420434,0.00971752385640777,0.00971752385640777,0,0,0,0,0,0,0,0,0,0,0,0,0,1,1267,0,0,0,0,0,0,0.00455332708004352
1.267,0.523598775598299,0.528845547717364,-0.212230934887719,0.0234888776421718,0.528845547717364,0.528845547717364,-0.00524677211906543,0.0100601686716595,0.0100601686716595,0,0,0,0,0,0,0,0,0,0,0,0,0,1,1268,0,0,0,0,0,0,0.00433973304232738
1.268,0.523598775598299,0.528639605298248,-0.199703162170362,0.0229516725284002,0.528639605298248,0.528639605298248,-0.00504082969994935,0.0103684899195222,0.0103684899195222,0,0,0,0,0,0,0,0,0,0,0,0,0,1,1269,0,0,0,0,0,0,0.00413878617684205
1.269,0.523598775598299,0.528446041886647,-0.187473904168686,0.0224029035129032,0.528446041886647,0.528446041886647,-0.00484726628834808,0.0106437689790085,0.0106437689790085,0,0,0,0,0,0,0,0,0,0,0,0,0,1,1270,0,0,0,0,0,0,0.00395019123120233
1.27,0.523598775598299,0.528264556137357,-0.175548681563237,0.0218441461864511,0.528264556137357,0.528264556137357,-0.00466578053905831,0.0108872742903718,0.0108872742903718,0,0,0,0,0,0,0,0,0,0,0,0,0,1,1271,0,0,0,0,0,0,0.00377364700343741
1.271,0.523598775598299,0.528094841600138,-0.163932189949587,0.0212769073636467,0.528094841600138,0.528094841600138,-0.00449606600183949,0.0111002599083465,0.0111002599083465,0,0,0,0,0,0,0,0,0,0,0,0,0,1,1272,0,0,0,0,0,0,0.00360884718581411
1.272,0.523598775598299,0.527936587526279,-0.152628336767059,0.0207026262705296,0.527936587526279,0.527936587526279,-0.00433781192798,0.0112839641581507,0.0112839641581507,0,0,0,0,0,0,0,0,0,0,0,0,0,1,1273,0,0,0,0,0,0,0.00345548117140548
1.273,0.523598775598299,0.527789479638566,-0.141640277554412,0.0201226757818262,0.527789479638566,0.527789479638566,-0.00419070404026767,0.0114396083909523,0.0114396083909523,0,0,0,0,0,0,0,0,0,0,0,0,0,1,1274,0,0,0,0,0,0,0.00331323482406531
1.274,0.523598775598299,0.527653200865352,-0.130970451507812,0.0195383637030706,0.527653200865352,0.527653200865352,-0.00405442526705291,0.0115683958355012,0.0115683958355012,0,0,0,0,0,0,0,0,0,0,0,0,0,1,1275,0,0,0,0,0,0,0.0031817912124944
1.275,0.523598775598299,0.527527432039409,-0.120620616318926,0.0189509340929976,0.527527432039409,0.527527432039409,-0.00392865644111051,0.0116715105426581,0.0116715105426581,0,0,0,0,0,0,0,0,0,0,0,0,0,1,1276,0,0,0,0,0,0,0.00306083130910595
1.276,0.523598775598299,0.527411852562332,-0.110591882273385,0.0183615686217969,0.527411852562332,0.527411852562332,-0.0038130769640331,0.0117501164195588,0.0117501164195588,0,0,0,0,0,0,0,0,0,0,0,0,0,1,1277,0,0,0,0,0,0,0.00295003465442201
1.277,0.523598775598299,0.527306141035201,-0.100884745592182,0.017771387960991,0.527306141035201,0.527306141035201,-0.00370736543690253,0.0118053563501886,0.0118053563501886,0,0,0,0,0,0,0,0,0,0,0,0,0,1,1278,0,0,0,0,0,0,0.00284907998774853
1.278,0.523598775598299,0.527209975856304,-0.091499121000805,0.01718145320088,0.527209975856304,0.527209975856304,-0.00361120025800521,0.0118383513991647,0.0118383513991647,0,0,0,0,0,0,0,0,0,0,0,0,0,1,1279,0,0,0,0,0,0,0.0027576458448938
1.279,0.523598775598299,0.527123035786668,-0.082434373513011,0.0165927672916646,0.527123035786668,0.527123035786668,-0.00352426018836927,0.0118502000955614,0.0118502000955614,0,0,0,0,0,0,0,0,0,0,0,0,0,1,1280,0,0,0,0,0,0,0.00267541112370873
1.28,0.523598775598299,0.527045000484215,-0.0736893494182052,0.0160062765045371,0.527045000484215,0.527045000484215,-0.00344622488591606,0.0118419777936432,0.0118419777936432,0,0,0,0,0,0,0,0,0,0,0,0,0,1,1281,0,0,0,0,0,0,0.00260205561824223
1.281,0.523598775598299,0.526975551007325,-0.0652624064633077,0.0154228719091884,0.526975551007325,0.526975551007325,-0.00337677540902637,0.0118147361074184,0.0118147361074184,0,0,0,0,0,0,0,0,0,0,0,0,0,1,1282,0,0,0,0,0,0,0.00253726052231018
1.282,0.523598775598299,0.526914370288629,-0.0571514432218632,0.0148433908643515,0.526914370288629,0.526914370288629,-0.00331559469033016,0.0117695024159652,0.0117695024159652,0,0,0,0,0,0,0,0,0,0,0,0,0,1,1283,0,0,0,0,0,0,0.00248070890328844
1.283,0.523598775598299,0.526861143579835,-0.0493539276449014,0.014268618518159,0.526861143579835,0.526861143579835,-0.00326236798153601,0.0117072794365272,0.0117072794365272,0,0,0,0,0,0,0,0,0,0,0,0,0,1,1284,0,0,0,0,0,0,0.0024320861469459
1.284,0.523598775598299,0.52681555886842,-0.0418669247897372,0.0136992893152518,0.52681555886842,0.52681555886842,-0.00321678327012098,0.011629044862425,0.011629044862425,0,0,0,0,0,0,0,0,0,0,0,0,0,1,1285,0,0,0,0,0,0,0.00239108037413727
1.285,0.523598775598299,0.526777307267002,-0.0346871237244949,0.0131360885077299,0.526777307267002,0.526777307267002,-0.00317853166870297,0.0115357510628816,0.0115357510628816,0,0,0,0,0,0,0,0,0,0,0,0,0,1,1286,0,0,0,0,0,0,0.00235738283017883
1.286,0.523598775598299,0.526746083376221,-0.0278108636076484,0.0125796536671884,0.526746083376221,0.526746083376221,-0.00314730777792183,0.0114283248419104,0.0114283248419104,0,0,0,0,0,0,0,0,0,0,0,0,0,1,1287,0,0,0,0,0,0,0.00233068824773264
1.287,0.523598775598299,0.526721585621951,-0.0212341589433016,0.0120305761952289,0.526721585621951,0.526721585621951,-0.00312281002365233,0.0113076672534728,0.0113076672534728,0,0,0,0,0,0,0,0,0,0,0,0,0,1,1288,0,0,0,0,0,0,0.00231069518402283
1.288,0.523598775598299,0.526703516567673,-0.0149527240142846,0.0114894028299797,0.526703516567673,0.526703516567673,-0.00310474096937396,0.0111746534701645,0.0111746534701645,0,0,0,0,0,0,0,0,0,0,0,0,0,1,1289,0,0,0,0,0,0,0.00229710633320823
1.289,0.523598775598299,0.526691583202816,-0.00896199649641363,0.010956637146301,0.526691583202816,0.526691583202816,-0.00309280760451691,0.0110301327027509,0.0110301327027509,0,0,0,0,0,0,0,0,0,0,0,0,0,1,1290,0,0,0,0,0,0,0.00228962881473205
1.29,0.523598775598299,0.526685497207901,-0.00325716025846692,0.0104327410474842,0.526685497207901,0.526685497207901,-0.00308672160960177,0.0108749281679306,0.0108749281679306,0,0,0,0,0,0,0,0,0,0,0,0,0,1,1291,0,0,0,0,0,0,0.00228797443846473
1.291,0.523598775598299,0.526684975197282,0.00216683264644915,0.00991813624639168,0.526684975197282,0.526684975197282,-0.00308619959898337,0.0107098371017686,0.0107098371017686,0,0,0,0,0,0,0,0,0,0,0,0,0,1,1292,0,0,0,0,0,0,0.00229185994745018
1.292,0.523598775598299,0.526689738940304,0.00731524079140878,0.00941320573410974,0.526689738940304,0.526689738940304,-0.00309096334200565,0.0105356308162969,0.0105356308162969,0,0,0,0,0,0,0,0,0,0,0,0,0,1,1293,0,0,0,0,0,0,0.00230100723906446
1.293,0.523598775598299,0.526699515561663,0.0121935129803298,0.00891829523431321,0.526699515561663,0.526699515561663,-0.00310073996336402,0.0103530547968499,0.0103530547968499,0,0,0,0,0,0,0,0,0,0,0,0,0,1,1294,0,0,0,0,0,0,0.00231514356538132
1.294,0.523598775598299,0.526714037721766,0.0168072686381485,0.00843371464166346,0.526714037721766,0.526714037721766,-0.0031152621234668,0.0101628288377592,0.0101628288377592,0,0,0,0,0,0,0,0,0,0,0,0,0,1,1295,0,0,0,0,0,0,0.00233400171353615
1.295,0.523598775598299,0.526733043777874,0.0211622789770061,0.00795973944267747,0.526733043777874,0.526733043777874,-0.00313426817957474,0.00996564721410242,0.00996564721410242,0,0,0,0,0,0,0,0,0,0,0,0,0,1,1296,0,0,0,0,0,0,0.00235732016686918
1.296,0.523598775598299,0.52675627792679,0.0252644489281547,0.00749661211762188,0.52675627792679,0.52675627792679,-0.00315750232849077,0.00976217888725951,0.00976217888725951,0,0,0,0,0,0,0,0,0,0,0,0,0,1,1297,0,0,0,0,0,0,0.00238484324761801
1.297,0.523598775598299,0.526783490329859,0.0291197998285535,0.00704454352209483,0.526783490329859,0.526783490329859,-0.00318471473156035,0.00955306774209508,0.00955306774209508,0,0,0,0,0,0,0,0,0,0,0,0,0,1,1298,0,0,0,0,0,0,0.00241632124192115
1.298,0.523598775598299,0.52681443722103,0.032734452850453,0.00660371424706547,0.52681443722103,0.52681443722103,-0.0032156616227309,0.00933893285365427,0.00933893285365427,0,0,0,0,0,0,0,0,0,0,0,0,0,1,1299,0,0,0,0,0,0,0.00245151050788051
1.299,0.523598775598299,0.526848880998705,0.036114613161645,0.00617427595624418,0.526848880998705,0.526848880998705,-0.00325010540040604,0.00912036878132434,0.00912036878132434,0,0,0,0,0,0,0,0,0,0,0,0,0,1,1300,0,0,0,0,0,0,0.00249017356741865
1.3,0.523598775598299,0.526886590302121,0.0392665548034909,0.00575635269975716,0.526886590302121,0.526886590302121,-0.00328781470382189,0.0088979458884684,0.0088979458884684,0,0,0,0,0,0,0,0,0,0,0,0,0,1,1301,0,0,0,0,0,0,0.00253207918265808
1.301,0.523598775598299,0.526927340072952,0.0421966062733281,0.00535004220319133,0.526927340072952,0.526927340072952,-0.00332856447465313,0.00867221068562017,0.00867221068562017,0,0,0,0,0,0,0,0,0,0,0,0,0,1,1302,0,0,0,0,0,0,0.00257700241753023
1.302,0.523598775598299,0.526970911602848,0.0449111367973948,0.00495541713117167,0.526970911602848,0.526970911602848,-0.00337213600454911,0.00844368619537575,0.00844368619537575,0,0,0,0,0,0,0,0,0,0,0,0,0,1,1303,0,0,0,0,0,0,0.00262472468531494
1.303,0.523598775598299,0.52701709256758,0.0474165432799957,0.00457252632471817,0.52701709256758,0.52701709256758,-0.00341831696928119,0.00821287233719578,0.00821287233719578,0,0,0,0,0,0,0,0,0,0,0,0,0,1,1304,0,0,0,0,0,0,0.00267503378279044
1.304,0.523598775598299,0.527065677048471,0.049719237914267,0.00420139601171719,0.527065677048471,0.527065677048471,-0.00346690145017181,0.00798024633038526,0.00798024633038526,0,0,0,0,0,0,0,0,0,0,0,0,0,1,1305,0,0,0,0,0,0,0.00272772391166554
1.305,0.523598775598299,0.527116465541758,0.0518256364395761,0.00384203098992157,0.527116465541758,0.527116465541758,-0.00351768994345936,0.00774626311358541,0.00774626311358541,0,0,0,0,0,0,0,0,0,0,0,0,0,1,1306,0,0,0,0,0,0,0.00278259568794748
1.306,0.523598775598299,0.527169264956535,0.0537421470303109,0.00349441578197234,0.527169264956535,0.527169264956535,-0.00357048935823612,0.00751135577917886,0.00751135577917886,0,0,0,0,0,0,0,0,0,0,0,0,0,1,1307,0,0,0,0,0,0,0.0028394561398829
1.307,0.523598775598299,0.527223888601885,0.0554751598005745,0.00315851576201116,0.527223888601885,0.527223888601885,-0.0036251130035857,0.00727593602105934,0.00727593602105934,0,0,0,0,0,0,0,0,0,0,0,0,0,1,1308,0,0,0,0,0,0,0.00289811869509793
1.308,0.523598775598299,0.527280156163824,0.0570310369091024,0.00283427825352102,0.527280156163824,0.527280156163824,-0.00368138056552558,0.00704039459429184,0.00704039459429184,0,0,0,0,0,0,0,0,0,0,0,0,0,1,1309,0,0,0,0,0,0,0.00295840315754403
1.309,0.523598775598299,0.527337893672647,0.0584161032485557,0.00252163359810372,0.527337893672647,0.527337893672647,-0.00373911807434857,0.00680510178523878,0.00680510178523878,0,0,0,0,0,0,0,0,0,0,0,0,0,1,1310,0,0,0,0,0,0,0.00302013567484216
1.31,0.523598775598299,0.527396933461238,0.0596366377032173,0.00222049619496564,0.527396933461238,0.527396933461238,-0.00379815786293869,0.0065704078907936,0.0065704078907936,0,0,0,0,0,0,0,0,0,0,0,0,0,1,1311,0,0,0,0,0,0,0.00308314869660153
1.311,0.523598775598299,0.527457114114922,0.0606988649590251,0.00193076551094625,0.527457114114922,0.527457114114922,-0.00385833851662298,0.00633664370541618,0.00633664370541618,0,0,0,0,0,0,0,0,0,0,0,0,0,1,1312,0,0,0,0,0,0,0.00314728092427452
1.312,0.523598775598299,0.527518280413401,0.0616089478498137,0.00165232706098117,0.527518280413401,0.527518280413401,-0.00391950481510217,0.00610412101472838,0.00610412101472838,0,0,0,0,0,0,0,0,0,0,0,0,0,1,1313,0,0,0,0,0,0,0.00321237725309009
1.313,0.523598775598299,0.527580283265288,0.0623729802236086,0.00138505335894892,0.527580283265288,0.527580283265288,-0.00398150766698901,0.00587313309447914,0.00587313309447914,0,0,0,0,0,0,0,0,0,0,0,0,0,1,1314,0,0,0,0,0,0,0.00327828870659508
1.314,0.523598775598299,0.527642979635765,0.0629969803128119,0.00112880483890236,0.527642979635765,0.527642979635765,-0.00404420403746608,0.00564395521374635,0.00564395521374635,0,0,0,0,0,0,0,0,0,0,0,0,0,1,1315,0,0,0,0,0,0,0.00334487236431458
1.315,0.523598775598299,0.527706232467859,0.0634868845921468,0.00088343074673578,0.527706232467859,0.527706232467859,-0.00410745686956016,0.00541684514129265,0.00541684514129265,0,0,0,0,0,0,0,0,0,0,0,0,0,1,1316,0,0,0,0,0,0,0.0034119912830296
1.316,0.523598775598299,0.527769910597808,0.0638485421082783,0.000648770002384797,0.527769910597808,0.527769910597808,-0.00417113499950961,0.00519204365405844,0.00519204365405844,0,0,0,0,0,0,0,0,0,0,0,0,0,1,1317,0,0,0,0,0,0,0.003479514412147
1.317,0.523598775598299,0.527833888664991,0.0640877092651043,0.000424652032703742,0.527833888664991,0.527833888664991,-0.00423511306669244,0.00496977504680718,0.00496977504680718,0,0,0,0,0,0,0,0,0,0,0,0,0,1,1318,0,0,0,0,0,0,0.00354731650363049
1.318,0.523598775598299,0.527898047016859,0.0642100450488102,0.000210897575202697,0.527898047016859,0.527898047016859,-0.00429927141856012,0.00475024764200685,0.00475024764200685,0,0,0,0,0,0,0,0,0,0,0,0,0,1,1319,0,0,0,0,0,0,0.00361527801693706
1.319,0.523598775598299,0.527962271609309,0.0642211066768985,7.31945286857293e-06,0.527962271609309,0.527962271609309,-0.00436349601100972,0.00453365429907258,0.00453365429907258,0,0,0,0,0,0,0,0,0,0,0,0,0,1,1320,0,0,0,0,0,0,0.00368328501939208
1.32,0.523598775598299,0.528026453902909,0.0641263456555487,-0.000186276679669627,0.528026453902909,0.528026453902909,-0.00442767830461044,0.0043201729221453,0.0043201729221453,0,0,0,0,0,0,0,0,0,0,0,0,0,1,1321,0,0,0,0,0,0,0.00375122908241898
1.321,0.523598775598299,0.528090490755384,0.0639311042298187,-0.000370091618336981,0.528090490755384,0.528090490755384,-0.00449171515708535,0.00410996696562824,0.00410996696562824,0,0,0,0,0,0,0,0,0,0,0,0,0,1,1322,0,0,0,0,0,0,0.00381900717402295
1.322,0.523598775598299,0.528154284310732,0.0636406122113778,-0.000544331919844056,0.528154284310732,0.528154284310732,-0.0045555087124336,0.0039031859367489,0.0039031859367489,0,0,0,0,0,0,0,0,0,0,0,0,0,1,1323,0,0,0,0,0,0,0.00388652154791669
1.323,0.523598775598299,0.528217741885362,0.0632599841686532,-0.000709209239597982,0.528217741885362,0.528217741885362,-0.00461896628706271,0.00369996589446022,0.00369996589446022,0,0,0,0,0,0,0,0,0,0,0,0,0,1,1324,0,0,0,0,0,0,0.00395367962965509
1.324,0.523598775598299,0.528280775851584,0.0627942169644803,-0.000864939696909646,0.528280775851584,0.528280775851584,-0.00468200025328513,0.0035004299440397,0.0035004299440397,0,0,0,0,0,0,0,0,0,0,0,0,0,1,1325,0,0,0,0,0,0,0.00402039390013431
1.325,0.523598775598299,0.528343303518821,0.062248187626569,-0.00101174326708765,0.528343303518821,0.528343303518821,-0.00474452792052182,0.00330468872677715,0.00330468872677715,0,0,0,0,0,0,0,0,0,0,0,0,0,1,1326,0,0,0,0,0,0,0.00408658177679866
1.326,0.523598775598299,0.528405247012834,0.0616266515363329,-0.00114984319998903,0.528405247012834,0.528405247012834,-0.00480647141453483,0.00311284090420049,0.00311284090420049,0,0,0,0,0,0,0,0,0,0,0,0,0,1,1327,0,0,0,0,0,0,0.00415216549287534
1.327,0.523598775598299,0.528466533153302,0.0609342409218745,-0.00127946546457182,0.528466533153302,0.528466533153302,-0.00486775755500346,0.00292497363630943,0.00292497363630943,0,0,0,0,0,0,0,0,0,0,0,0,0,1,1328,0,0,0,0,0,0,0.00421707197495402
1.328,0.523598775598299,0.528527093330037,0.0601754636411761,-0.00140083821897853,0.528527093330037,0.528527093330037,-0.00492831773173841,0.00274116305334175,0.00274116305334175,0,0,0,0,0,0,0,0,0,0,0,0,0,1,1329,0,0,0,0,0,0,0.00428123271920289
1.329,0.523598775598299,0.528586863378118,0.0593547022418136,-0.00151419130565962,0.528586863378118,0.528586863378118,-0.00498808777981952,0.00256147472062013,0.00256147472062013,0,0,0,0,0,0,0,0,0,0,0,0,0,1,1330,0,0,0,0,0,0,0.00434458366650936
1.33,0.523598775598299,0.528645783452224,0.0584762132837838,-0.00161975577103244,0.528645783452224,0.528645783452224,-0.00504700785392531,0.00238596409607447,0.00238596409607447,0,0,0,0,0,0,0,0,0,0,0,0,0,1,1331,0,0,0,0,0,0,0.00440706507681254
1.331,0.523598775598299,0.52870379790041,0.0575441269123216,-0.00171776340915542,0.52870379790041,0.52870379790041,-0.00510502230211141,0.0022146769800626,0.0022146769800626,0,0,0,0,0,0,0,0,0,0,0,0,0,1,1332,0,0,0,0,0,0,0.00446862140288418
1.332,0.523598775598299,0.528760855137581,0.0565624466678698,-0.00180844632888579,0.528760855137581,0.528760855137581,-0.00516207953928194,0.00204764995714608,0.00204764995714608,0,0,0,0,0,0,0,0,0,0,0,0,0,1,1333,0,0,0,0,0,0,0.0045292011638024
1.333,0.523598775598299,0.528816907518883,0.055535049520662,-0.00189203654397861,0.528816907518883,0.528816907518883,-0.00521813192058374,0.00188491082951424,0.00188491082951424,0,0,0,0,0,0,0,0,0,0,0,0,0,1,1334,0,0,0,0,0,0,0.00458875681834903
1.334,0.523598775598299,0.528871911213241,0.0544656861176798,-0.00196876558557462,0.528871911213241,0.528871911213241,-0.00527313561494225,0.00172647904177606,0.00172647904177606,0,0,0,0,0,0,0,0,0,0,0,0,0,1,1335,0,0,0,0,0,0,0.00464724463854782
1.335,0.523598775598299,0.528925826077245,0.0533579812300495,-0.00203886413651711,0.528925826077245,0.528925826077245,-0.00532705047894588,0.00157236609687016,0.00157236609687016,0,0,0,0,0,0,0,0,0,0,0,0,0,1,1336,0,0,0,0,0,0,0.0047046245835517
1.336,0.523598775598299,0.528978615529572,0.0522154343892535,-0.00210256168693171,0.528978615529572,0.528978615529572,-0.00537983993127344,0.00142257596287152,0.00142257596287152,0,0,0,0,0,0,0,0,0,0,0,0,0,1,1337,0,0,0,0,0,0,0.00476086017407229
1.337,0.523598775598299,0.529030246426145,0.0510414207008421,-0.00216008621049812,0.529030246426145,0.529030246426145,-0.00543147082784667,0.00127710547050497,0.00127710547050497,0,0,0,0,0,0,0,0,0,0,0,0,0,1,1338,0,0,0,0,0,0,0.0048159183675357
1.338,0.523598775598299,0.52908068893618,0.0498391918246463,-0.00221166386083726,0.52908068893618,0.52908068893618,-0.00548191333788084,0.00113594470119543,0.00113594470119543,0,0,0,0,0,0,0,0,0,0,0,0,0,1,1339,0,0,0,0,0,0,0.00486976943413509
1.339,0.523598775598299,0.529129916419294,0.0486118771108061,-0.00225751868743625,0.529129916419294,0.529129916419294,-0.00553114082099537,0.000999077365510286,0.000999077365510286,0,0,0,0,0,0,0,0,0,0,0,0,0,1,1340,0,0,0,0,0,0,0.0049223868339443
1.34,0.523598775598299,0.529177905303831,0.0473624848812471,-0.00229787237053214,0.529177905303831,0.529177905303831,-0.00557912970553232,0.000866481171883454,0.000866481171883454,0,0,0,0,0,0,0,0,0,0,0,0,0,1,1341,0,0,0,0,0,0,0.00497374709523879
1.341,0.523598775598299,0.529224634966525,0.0460939038465522,-0.00233294397437246,0.529224634966525,0.529224634966525,-0.00562585936822624,0.000738128185516737,0.000738128185516737,0,0,0,0,0,0,0,0,0,0,0,0,0,1,1342,0,0,0,0,0,0,0.00502382969416793
1.342,0.523598775598299,0.529270087613653,0.0448089046484954,-0.00236294971827412,0.529270087613653,0.529270087613653,-0.00567131201535376,0.000613985177391198,0.000613985177391198,0,0,0,0,0,0,0,0,0,0,0,0,0,1,1343,0,0,0,0,0,0,0.00507261693590733
1.343,0.523598775598299,0.529314248163784,0.0435101415188152,-0.0023881027649012,0.529314248163784,0.529314248163784,-0.00571547256548555,0.000494013963330231,0.000494013963330231,0,0,0,0,0,0,0,0,0,0,0,0,0,1,1344,0,0,0,0,0,0,0.00512009383741274
1.344,0.523598775598299,0.529357104132249,0.0422001540451254,-0.00240861302518668,0.529357104132249,0.529357104132249,-0.00575832853394997,0.000378171733087736,0.000378171733087736,0,0,0,0,0,0,0,0,0,0,0,0,0,1,1345,0,0,0,0,0,0,0.00516624801188725
1.345,0.523598775598299,0.529398645517412,0.0408813690351686,-0.00242468697932322,0.529398645517412,0.529398645517412,-0.00579986991911352,0.00026641136944015,0.00026641136944015,0,0,0,0,0,0,0,0,0,0,0,0,0,1,1346,0,0,0,0,0,0,0.00521106955506345
1.346,0.523598775598299,0.52943886468887,0.0395561024709329,-0.00243652751325543,0.52943886468887,0.52943886468887,-0.0058400890905711,0.000158681757287768,0.000158681757287768,0,0,0,0,0,0,0,0,0,0,0,0,0,1,1347,0,0,0,0,0,0,0.00525455093339622
1.347,0.523598775598299,0.52947775627763,0.038226561544457,-0.00244433377010878,0.52947775627763,0.52947775627763,-0.00587898067933168,5.49280827860203e-05,5.49280827860203e-05,0,0,0,0,0,0,0,0,0,0,0,0,0,1,1348,0,0,0,0,0,0,0.00529668687425133
1.348,0.523598775598299,0.529515317068376,0.0368948467674552,-0.00244830101599609,0.529515317068376,0.529515317068376,-0.00591654147007725,-4.49078774587518e-05,-4.49078774587518e-05,0,0,0,0,0,0,0,0,0,0,0,0,0,1,1349,0,0,0,0,0,0,0.00533747425816644
1.349,0.523598775598299,0.529551545893864,0.0355629541471984,-0.0024486205196484,0.529551545893864,0.529551545893864,-0.00595277029556496,-0.000140887477078327,-0.000140887477078327,0,0,0,0,0,0,0,0,0,0,0,0,0,1,1350,0,0,0,0,0,0,0.00537691201325585
1.35,0.523598775598299,0.529586443531535,0.0342327774213801,-0.00244547944532394,0.529586443531535,0.529586443531535,-0.00598766793323613,-0.000233074930455244,-0.000233074930455244,0,0,0,0,0,0,0,0,0,0,0,0,0,1,1351,0,0,0,0,0,0,0.00541500101182202
1.351,0.523598775598299,0.529620012602385,0.0329061103449962,-0.00243906075845694,0.529620012602385,0.529620012602385,-0.00602123700408574,-0.000321537052976471,-0.000321537052976471,0,0,0,0,0,0,0,0,0,0,0,0,0,1,1352,0,0,0,0,0,0,0.00545174396922743
1.352,0.523598775598299,0.529652257472141,0.0315846490225552,-0.00242954314351376,0.529652257472141,0.529652257472141,-0.00605348187384225,-0.000406343010942084,-0.000406343010942084,0,0,0,0,0,0,0,0,0,0,0,0,0,1,1353,0,0,0,0,0,0,0.00548714534507677
1.353,0.523598775598299,0.529683184154799,0.0302699942792203,-0.00241710093353354,0.529683184154799,0.529683184154799,-0.00608440855650005,-0.000487564081028503,-0.000487564081028503,0,0,0,0,0,0,0,0,0,0,0,0,0,1,1354,0,0,0,0,0,0,0.00552121124675209
1.354,0.523598775598299,0.529712800218538,0.0289636540647683,-0.00240190405083938,0.529712800218538,0.529712800218538,-0.00611402462023936,-0.000565273419191336,-0.000565273419191336,0,0,0,0,0,0,0,0,0,0,0,0,0,1,1355,0,0,0,0,0,0,0.00555394933533482
1.355,0.523598775598299,0.529741114694063,0.0276670458845256,-0.00238411795841365,0.529741114694063,0.529741114694063,-0.00614233909576434,-0.000639545838889657,-0.000639545838889657,0,0,0,0,0,0,0,0,0,0,0,0,0,1,1356,0,0,0,0,0,0,0.00558536873394633
1.356,0.523598775598299,0.529768137985382,0.0263814992517106,-0.00236390362144198,0.529768137985382,0.529768137985382,-0.00616936238708354,-0.000710457598499838,-0.000710457598499838,0,0,0,0,0,0,0,0,0,0,0,0,0,1,1357,0,0,0,0,0,0,0.00561547993853073
1.357,0.523598775598299,0.529793881783049,0.0251082581558814,-0.00234141747853963,0.529793881783049,0.529793881783049,-0.00619510618475061,-0.000778086197778517,-0.000778086197778517,0,0,0,0,0,0,0,0,0,0,0,0,0,1,1358,0,0,0,0,0,0,0.00564429473109807
1.358,0.523598775598299,0.529818358979879,0.0238484835424444,-0.00231681142218329,0.529818358979879,0.529818358979879,-0.00621958338157969,-0.000842510183229915,-0.000842510183229915,0,0,0,0,0,0,0,0,0,0,0,0,0,1,1359,0,0,0,0,0,0,0.00567182609544215
1.359,0.523598775598299,0.529841583589143,0.0226032557984365,-0.00229023278788281,0.529841583589143,0.529841583589143,-0.00624280799084398,-0.000903808962223012,-0.000903808962223012,0,0,0,0,0,0,0,0,0,0,0,0,0,1,1360,0,0,0,0,0,0,0.00569808813534134
1.36,0.523598775598299,0.52986357066526,0.0213735772400417,-0.00226182435163732,0.52986357066526,0.52986357066526,-0.0062647950669612,-0.000962062625697757,-0.000962062625697757,0,0,0,0,0,0,0,0,0,0,0,0,0,1,1361,0,0,0,0,0,0,0.00572309599524634
1.361,0.523598775598299,0.529884336226964,0.0201603745975455,-0.00223172433523073,0.529884336226964,0.529884336226964,-0.00628556062866548,-0.00101735177929412,-0.00101735177929412,0,0,0,0,0,0,0,0,0,0,0,0,0,1,1362,0,0,0,0,0,0,0.0057468657834544
1.362,0.523598775598299,0.52990389718296,0.0189645014936689,-0.0022000664189327,0.52990389718296,0.52990389718296,-0.00630512158466157,-0.00106975738273405,-0.00106975738273405,0,0,0,0,0,0,0,0,0,0,0,0,0,1,1363,0,0,0,0,0,0,0.00576941449776602
1.363,0.523598775598299,0.529922271260051,0.0177867409114547,-0.00216697976118246,0.529922271260051,0.529922271260051,-0.00632349566175194,-0.0011193605972777,-0.0011193605972777,0,0,0,0,0,0,0,0,0,0,0,0,0,1,1364,0,0,0,0,0,0,0.00579075995361411
1.364,0.523598775598299,0.529939476933725,0.016627807648102,-0.00213258902484307,0.529939476933725,0.529939476933725,-0.00634070133542575,-0.00116624264107754,-0.00116624264107754,0,0,0,0,0,0,0,0,0,0,0,0,0,1,1365,0,0,0,0,0,0,0.0058109207146555
1.365,0.523598775598299,0.529955533361191,0.0154883507513684,-0.00209701440962656,0.529955533361191,0.529955533361191,-0.00635675776289235,-0.00121048465224256,-0.00121048465224256,0,0,0,0,0,0,0,0,0,0,0,0,0,1,1366,0,0,0,0,0,0,0.00582991602580663
1.366,0.523598775598299,0.529970460316841,0.0143689559353659,-0.00206037169029962,0.529970460316841,0.529970460316841,-0.00637168471854199,-0.00125216755943001,-0.00125216755943001,0,0,0,0,0,0,0,0,0,0,0,0,0,1,1367,0,0,0,0,0,0,0.00584776574870671
1.367,0.523598775598299,0.529984278130109,0.0132701479727899,-0.00202277226029299,0.529984278130109,0.529984278130109,-0.00638550253181014,-0.00129137195977191,-0.00129137195977191,0,0,0,0,0,0,0,0,0,0,0,0,0,1,1368,0,0,0,0,0,0,0.00586449029958402
1.368,0.523598775598299,0.52999700762572,0.0121923930608148,-0.0019843231803473,0.52999700762572,0.52999700762572,-0.00639823202742129,-0.00132817800394701,-0.00132817800394701,0,0,0,0,0,0,0,0,0,0,0,0,0,1,1369,0,0,0,0,0,0,0.00588011058950189
1.369,0.523598775598299,0.530008670066283,0.0111361011580891,-0.00194512723184046,0.530008670066283,0.530008670066283,-0.00640989446798468,-0.00136266528820504,-0.00136266528820504,0,0,0,0,0,0,0,0,0,0,0,0,0,1,1370,0,0,0,0,0,0,0.00589464796695727
1.37,0.523598775598299,0.53001928709721,0.0101016282904488,-0.00190528297445298,0.53001928709721,0.53001928709721,-0.00642051149891121,-0.00139491275314787,-0.00139491275314787,0,0,0,0,0,0,0,0,0,0,0,0,0,1,1371,0,0,0,0,0,0,0.00590812416279929
1.371,0.523598775598299,0.530028880693918,0.00908927882314781,-0.00186488480783854,0.530028880693918,0.530028880693918,-0.00643010509561959,-0.00142499858907283,-0.00142499858907283,0,0,0,0,0,0,0,0,0,0,0,0,0,1,1372,0,0,0,0,0,0,0.005920561237438
1.372,0.523598775598299,0.530037473111296,0.00809930769758442,-0.00182402303697854,0.530037473111296,0.530037473111296,-0.00643869751299753,-0.00145300014768385,-0.00145300014768385,0,0,0,0,0,0,0,0,0,0,0,0,0,1,1373,0,0,0,0,0,0,0.00593198153030761
1.373,0.523598775598299,0.530045086835379,0.00713192263066811,-0.00178278394091094,0.530045086835379,0.530045086835379,-0.00644631123707984,-0.00147899385996986,-0.00147899385996986,0,0,0,0,0,0,0,0,0,0,0,0,0,1,1374,0,0,0,0,0,0,0.00594240761154685
1.374,0.523598775598299,0.530051744537207,0.00618728627513732,-0.00174124984453351,0.530051744537207,0.530051744537207,-0.00645296893890845,-0.00150305516006348,-0.00150305516006348,0,0,0,0,0,0,0,0,0,0,0,0,0,1,1375,0,0,0,0,0,0,0.00595186223586119
1.375,0.523598775598299,0.53005746902883,0.00526551833929497,-0.0016994991931953,0.53005746902883,0.53005746902883,-0.00645869343053096,-0.00152525841487526,-0.00152525841487526,0,0,0,0,0,0,0,0,0,0,0,0,0,1,1376,0,0,0,0,0,0,0.00596036829852353
1.376,0.523598775598299,0.530062283221398,0.00436669766478066,-0.00165760662979768,0.530062283221398,0.530062283221398,-0.00646350762309889,-0.00154567685931608,-0.00154567685931608,0,0,0,0,0,0,0,0,0,0,0,0,0,1,1377,0,0,0,0,0,0,0.00596794879347451
1.377,0.523598775598299,0.530066210085321,0.00349086426114392,-0.00161564307413979,0.530066210085321,0.530066210085321,-0.00646743448702181,-0.00156438253691073,-0.00156438253691073,0,0,0,0,0,0,0,0,0,0,0,0,0,1,1378,0,0,0,0,0,0,0.00597462677347926
1.378,0.523598775598299,0.530069272612433,0.00263802129612304,-0.00157367580425215,0.530069272612433,0.530069272612433,-0.00647049701413427,-0.00158144624561299,-0.00158144624561299,0,0,0,0,0,0,0,0,0,0,0,0,0,1,1379,0,0,0,0,0,0,0.00598042531229637
1.379,0.523598775598299,0.530071493780129,0.00180813704066799,-0.00153176853947393,0.530071493780129,0.530071493780129,-0.00647271818183015,-0.00159693748863039,-0.00159693748863039,0,0,0,0,0,0,0,0,0,0,0,0,0,1,1380,0,0,0,0,0,0,0.00598536746881373
1.38,0.523598775598299,0.530072896517418,0.0010011467678744,-0.00148998152503864,0.530072896517418,0.530072896517418,-0.00647412091911925,-0.00161092443007166,-0.00161092443007166,0,0,0,0,0,0,0,0,0,0,0,0,0,1,1381,0,0,0,0,0,0,0.00598947625310808
1.381,0.523598775598299,0.530073503672858,0.000216954605118757,-0.001448371617944,0.530073503672858,0.530073503672858,-0.00647472807455962,-0.00162347385523026,-0.00162347385523026,0,0,0,0,0,0,0,0,0,0,0,0,0,1,1382,0,0,0,0,0,0,0.00599277459437919
1.382,0.523598775598299,0.530073337984317,-0.00054456466119787,-0.00140699237389159,0.530073337984317,0.530073337984317,-0.00647456238601796,-0.00163465113531881,-0.00163465113531881,0,0,0,0,0,0,0,0,0,0,0,0,0,1,1383,0,0,0,0,0,0,0.00599528531071236
1.383,0.523598775598299,0.53007242205051,-0.00128356382877788,-0.00136589413509102,0.53007242205051,0.53007242205051,-0.00647364645221093,-0.00164452019647385,-0.00164452019647385,0,0,0,0,0,0,0,0,0,0,0,0,0,1,1384,0,0,0,0,0,0,0.00599703108062166
1.384,0.523598775598299,0.530070778304279,-0.00200022157080049,-0.00132512411873382,0.530070778304279,0.530070778304279,-0.00647200270598014,-0.00165314349285435,-0.00165314349285435,0,0,0,0,0,0,0,0,0,0,0,0,0,1,1385,0,0,0,0,0,0,0.00599803441632718
1.385,0.523598775598299,0.530068428987549,-0.00269474077581241,-0.00128472650595207,0.530068428987549,0.530068428987549,-0.00646965338924976,-0.00166058198365098,-0.00166058198365098,0,0,0,0,0,0,0,0,0,0,0,0,0,1,1386,0,0,0,0,0,0,0.00599831763871517
1.386,0.523598775598299,0.53006539612792,-0.003367346936311,-0.00124474253108381,0.53006539612792,0.53006539612792,-0.00646662052962155,-0.00166689511384151,-0.00166689511384151,0,0,0,0,0,0,0,0,0,0,0,0,0,1,1387,0,0,0,0,0,0,0.00599790285393431
1.387,0.523598775598299,0.530061701516855,-0.00401828658610329,-0.0012052105710794,0.530061701516855,0.530061701516855,-0.00646292591855624,-0.00167214079851674,-0.00167214079851674,0,0,0,0,0,0,0,0,0,0,0,0,0,1,1388,0,0,0,0,0,0,0.00599681193157986
1.388,0.523598775598299,0.530057366689392,-0.00464782578643793,-0.00116616623488982,0.530057366689392,0.530057366689392,-0.00645859109109315,-0.00167637541061098,-0.00167637541061098,0,0,0,0,0,0,0,0,0,0,0,0,0,1,1389,0,0,0,0,0,0,0.00599506648441495
1.389,0.523598775598299,0.530052412905358,-0.00525624866082432,-0.00112764245268658,0.530052412905358,0.530052412905358,-0.00645363730705939,-0.00167965377187457,-0.00167965377187457,0,0,0,0,0,0,0,0,0,0,0,0,0,1,1390,0,0,0,0,0,0,0.00599268784958196
1.39,0.523598775598299,0.530046861132019,-0.00584385597837609,-0.00108966956477237,0.530046861132019,0.530046861132019,-0.00644808553371989,-0.00168202914692707,-0.00168202914692707,0,0,0,0,0,0,0,0,0,0,0,0,0,1,1391,0,0,0,0,0,0,0.00598969707125485
1.391,0.523598775598299,0.530040732028119,-0.00641096378544271,-0.00105227541004864,0.530040732028119,0.530040732028119,-0.00644195642982004,-0.0016835532402354,-0.0016835532402354,0,0,0,0,0,0,0,0,0,0,0,0,0,1,1392,0,0,0,0,0,0,0.00598611488468348
1.392,0.523598775598299,0.530034045929271,-0.00695790208522459,-0.00101548541391517,0.530034045929271,0.530034045929271,-0.00643527033097258,-0.001684276195863,-0.001684276195863,0,0,0,0,0,0,0,0,0,0,0,0,0,1,1393,0,0,0,0,0,0,0.00598196170158249
1.393,0.523598775598299,0.53002682283464,-0.00748501356500225,-0.000979322675483913,0.53002682283464,0.53002682283464,-0.00642804723634138,-0.00168424659984156,-0.00168424659984156,0,0,0,0,0,0,0,0,0,0,0,0,0,1,1394,0,0,0,0,0,0,0.00597725759681744
1.394,0.523598775598299,0.530019082394872,-0.00799265237055016,-0.000943808053997338,0.530019082394872,0.530019082394872,-0.00642030679657357,-0.00168351148501641,-0.00168351148501641,0,0,0,0,0,0,0,0,0,0,0,0,0,1,1395,0,0,0,0,0,0,0.00597202229633875
1.395,0.523598775598299,0.530010843901234,-0.00848118292724918,-0.000908960254347701,0.530010843901234,0.530010843901234,-0.00641206830293473,-0.00168211633822824,-0.00168211633822824,0,0,0,0,0,0,0,0,0,0,0,0,0,1,1396,0,0,0,0,0,0,0.00596627516631876
1.396,0.523598775598299,0.530002126275898,-0.00895097880735902,-0.000874795911602729,0.530002126275898,0.530002126275898,-0.00640335067759923,-0.0016801051096882,-0.0016801051096882,0,0,0,0,0,0,0,0,0,0,0,0,0,1,1397,0,0,0,0,0,0,0.00596003520344435
1.397,0.523598775598299,0.52999294806335,-0.00940242164286379,-0.000841329674448072,0.52999294806335,0.52999294806335,-0.00639417246505092,-0.00167752022441505,-0.00167752022441505,0,0,0,0,0,0,0,0,0,0,0,0,0,1,1398,0,0,0,0,0,0,0.00595332102631962
1.398,0.523598775598299,0.529983327422847,-0.00983590008325817,-0.000808574287464901,0.529983327422847,0.529983327422847,-0.006384551824548,-0.00167440259560114,-0.00167440259560114,0,0,0,0,0,0,0,0,0,0,0,0,0,1,1399,0,0,0,0,0,0,0.00594615086793238
1.399,0.523598775598299,0.529973282121907,-0.0102518087976004,-0.000776540672166525,0.529973282121907,0.529973282121907,-0.00637450652360838,-0.00167079163978264,-0.00167079163978264,0,0,0,0,0,0,0,0,0,0,0,0,0,1,1400,0,0,0,0,0,0,0.00593854256914172
1.4,0.523598775598299,0.529962829530769,-0.01065054752012,-0.000745238006724909,0.529962829530769,0.529962829530769,-0.00636405393247064,-0.00166672529368829,-0.00166672529368829,0,0,0,0,0,0,0,0,0,0,0,0,0,1,1401,0,0,0,0,0,0,0.00593051357314101
1.401,0.523598775598299,0.529951986617787,-0.0110325201386336,-0.000714673804323062,0.529951986617787,0.529951986617787,-0.00635321101948849,-0.0016622400326504,-0.0016622400326504,0,0,0,0,0,0,0,0,0,0,0,0,0,1,1402,0,0,0,0,0,0,0.00592208092085389
1.402,0.523598775598299,0.529940769945714,-0.011398133824989,-0.000684853990076105,0.529940769945714,0.529940769945714,-0.00634199434741534,-0.00165737089045988,-0.00165737089045988,0,0,0,0,0,0,0,0,0,0,0,0,0,1,1403,0,0,0,0,0,0,0.00591326124722147
1.403,0.523598775598299,0.529929195668836,-0.0117477982067319,-0.00065578297646826,0.529929195668836,0.529929195668836,-0.00633042007053741,-0.00165215148055423,-0.00165215148055423,0,0,0,0,0,0,0,0,0,0,0,0,0,1,1404,0,0,0,0,0,0,0.00590407077833677
1.404,0.523598775598299,0.529917279530914,-0.01208192457916,-0.000627463737258753,0.529917279530914,0.529917279530914,-0.00631850393261568,-0.00164661401843299,-0.00164661401843299,0,0,0,0,0,0,0,0,0,0,0,0,0,1,1405,0,0,0,0,0,0,0.00589452532938883
1.405,0.523598775598299,0.529905036863895,-0.0124009251569094,-0.0005998978798155,0.529905036863895,0.529905036863895,-0.00630626126559597,-0.00164078934519533,-0.00164078934519533,0,0,0,0,0,0,0,0,0,0,0,0,0,1,1406,0,0,0,0,0,0,0.00588464030337454
1.406,0.523598775598299,0.529892482587346,-0.0127052123641961,-0.000573085715839719,0.529892482587346,0.529892482587346,-0.00629370698904697,-0.00163470695209598,-0.00163470695209598,0,0,0,0,0,0,0,0,0,0,0,0,0,1,1407,0,0,0,0,0,0,0.00587443069053895
1.407,0.523598775598299,0.529879631208589,-0.0129951981628187,-0.000547026330448206,0.529879631208589,0.529879631208589,-0.00628085561029024,-0.0016283950060292,-0.0016283950060292,0,0,0,0,0,0,0,0,0,0,0,0,0,1,1408,0,0,0,0,0,0,0.00586391106850681
1.408,0.523598775598299,0.529866496823482,-0.0132712934170125,-0.000521717649586964,0.529866496823482,0.529866496823482,-0.00626772122518293,-0.00162188037584253,-0.00162188037584253,0,0,0,0,0,0,0,0,0,0,0,0,0,1,1409,0,0,0,0,0,0,0.00585309560306713
1.409,0.523598775598299,0.529853093117817,-0.0135339072942323,-0.000497156505751978,0.529853093117817,0.529853093117817,-0.0062543175195181,-0.00161518865939449,-0.00161518865939449,0,0,0,0,0,0,0,0,0,0,0,0,0,1,1410,0,0,0,0,0,0,0.00584199804957564
1.41,0.523598775598299,0.529839433369305,-0.0137834467009309,-0.000473338701998501,0.529839433369305,0.529839433369305,-0.00624065777100635,-0.00160834421126835,-0.00160834421126835,0,0,0,0,0,0,0,0,0,0,0,0,0,1,1411,0,0,0,0,0,0,0.00583063175493803
1.411,0.523598775598299,0.529825530450104,-0.0140203157523913,-0.000450259074223218,0.529825530450104,0.529825530450104,-0.00622675485180491,-0.00160137017106153,-0.00160137017106153,0,0,0,0,0,0,0,0,0,0,0,0,0,1,1412,0,0,0,0,0,0,0.00581900966014137
1.412,0.523598775598299,0.529811396829859,-0.0142449152756652,-0.000427911551708101,0.529811396829859,0.529811396829859,-0.00621262123155975,-0.0015942884921697,-0.0015942884921697,0,0,0,0,0,0,0,0,0,0,0,0,0,1,1413,0,0,0,0,0,0,0.00580714430329743
1.413,0.523598775598299,0.529797044579228,-0.0144576423446649,-0.000406289215917473,0.529797044579228,0.529797044579228,-0.00619826898092901,-0.0015871199709927,-0.0015871199709927,0,0,0,0,0,0,0,0,0,0,0,0,0,1,1414,0,0,0,0,0,0,0.00579504782316842
1.414,0.523598775598299,0.529782485373855,-0.0146588898464526,-0.000385384357544143,0.529782485373855,0.529782485373855,-0.00618370977555593,-0.00157988427649014,-0.00157988427649014,0,0,0,0,0,0,0,0,0,0,0,0,0,1,1415,0,0,0,0,0,0,0.0057827319631415
1.415,0.523598775598299,0.529767730498758,-0.0148490460777722,-0.000365188531803423,0.529767730498758,0.529767730498758,-0.00616895490045932,-0.0015725999800148,-0.0015725999800148,0,0,0,0,0,0,0,0,0,0,0,0,0,1,1416,0,0,0,0,0,0,0.00577020807562112
1.416,0.523598775598299,0.529752790853112,-0.0150284943708672,-0.000345692611975727,0.529752790853112,0.529752790853112,-0.00615401525481363,-0.00156528458536319,-0.00156528458536319,0,0,0,0,0,0,0,0,0,0,0,0,0,1,1417,0,0,0,0,0,0,0.0057574871268109
1.417,0.523598775598299,0.529737676955388,-0.0151976127476326,-0.000326886841203207,0.529737676955388,0.529737676955388,-0.00613890135708883,-0.00155795455897866,-0.00155795455897866,0,0,0,0,0,0,0,0,0,0,0,0,0,1,1418,0,0,0,0,0,0,0.00574457970185571
1.418,0.523598775598299,0.529722398948821,-0.0153567736011508,-0.000308760882547429,0.529722398948821,0.529722398948821,-0.00612362335052186,-0.00155062536024666,-0.00155062536024666,0,0,0,0,0,0,0,0,0,0,0,0,0,1,1419,0,0,0,0,0,0,0.0057314960103142
1.419,0.523598775598299,0.529706966607193,-0.0155063434036676,-0.000291303867317291,0.529706966607193,0.529706966607193,-0.00610819100889415,-0.00154331147183068,-0.00154331147183068,0,0,0,0,0,0,0,0,0,0,0,0,0,1,1420,0,0,0,0,0,0,0.0057182458919387
1.42,0.523598775598299,0.529691389340886,-0.0156466824400716,-0.000274504441680414,0.529691389340886,0.529691389340886,-0.00609261374258729,-0.00153602642998947,-0.00153602642998947,0,0,0,0,0,0,0,0,0,0,0,0,0,1,1421,0,0,0,0,0,0,0.00570483882273232
1.421,0.523598775598299,0.529675676203192,-0.0157781445659463,-0.000258350811571086,0.529675676203192,0.529675676203192,-0.00607690060489341,-0.00152878285483068,-0.00152878285483068,0,0,0,0,0,0,0,0,0,0,0,0,0,1,1422,0,0,0,0,0,0,0.00569128392126117
1.422,0.523598775598299,0.529659835896855,-0.0159010769892753,-0.000242830785912064,0.529659835896855,0.529659835896855,-0.00606106029855613,-0.00152159248045315,-0.00152159248045315,0,0,0,0,0,0,0,0,0,0,0,0,0,1,1423,0,0,0,0,0,0,0.00567758995519729
1.423,0.523598775598299,0.529643876780816,-0.0160158200748879,-0.000227931818169056,0.529643876780816,0.529643876780816,-0.00604510118251711,-0.00151446618492823,-0.00151446618492823,0,0,0,0,0,0,0,0,0,0,0,0,0,1,1424,0,0,0,0,0,0,0.00566376534806678
1.424,0.523598775598299,0.529627806877147,-0.0161227071707479,-0.00021364104625676,0.529627806877147,0.529627806877147,-0.00602903127884813,-0.0015074140200848,-0.0015074140200848,0,0,0,0,0,0,0,0,0,0,0,0,0,1,1425,0,0,0,0,0,0,0.00564981818618371
1.425,0.523598775598299,0.529611633878145,-0.0162220644551948,-0.000199945330819634,0.529611633878145,0.529611633878145,-0.00601285827984599,-0.00150044524105466,-0.00150044524105466,0,0,0,0,0,0,0,0,0,0,0,0,0,1,1426,0,0,0,0,0,0,0.00563575622574664
1.426,0.523598775598299,0.529595365153569,-0.0163142108042646,-0.000186831291910352,0.529595365153569,0.529595365153569,-0.00599658955527038,-0.00149356833554367,-0.00149356833554367,0,0,0,0,0,0,0,0,0,0,0,0,0,1,1427,0,0,0,0,0,0,0.00562158690007808
1.427,0.523598775598299,0.529579007758003,-0.0163994576782271,-0.00017428534409121,0.529579007758003,0.529579007758003,-0.00598023215970378,-0.00148679105279063,-0.00148679105279063,0,0,0,0,0,0,0,0,0,0,0,0,0,1,1428,0,0,0,0,0,0,0.00560731732698672
1.428,0.523598775598299,0.529562568438316,-0.0164781090264929,-0.000162293729983769,0.529562568438316,0.529562568438316,-0.00596379284001713,-0.00148012043218907,-0.00148012043218907,0,0,0,0,0,0,0,0,0,0,0,0,0,1,1429,0,0,0,0,0,0,0.00559295431623419
1.429,0.523598775598299,0.529546053641219,-0.0165504612100571,-0.000150842552295779,0.529546053641219,0.529546053641219,-0.00594727804292039,-0.00147356283153401,-0.00147356283153401,0,0,0,0,0,0,0,0,0,0,0,0,0,1,1430,0,0,0,0,0,0,0.00557850437708751
1.43,0.523598775598299,0.529529469520882,-0.0166168029406634,-0.000139917804352314,0.529529469520882,0.529529469520882,-0.00593069392258272,-0.00146712395487195,-0.00146712395487195,0,0,0,0,0,0,0,0,0,0,0,0,0,1,1431,0,0,0,0,0,0,0.00556397372594108
1.431,0.523598775598299,0.529512821946604,-0.0166774152358875,-0.000129505399161347,0.529512821946604,0.529512821946604,-0.0059140463483055,-0.00146080887992695,-0.00146080887992695,0,0,0,0,0,0,0,0,0,0,0,0,0,1,1432,0,0,0,0,0,0,0.00554936829399133
1.432,0.523598775598299,0.529496116510532,-0.0167325713893546,-0.000119591197044048,0.529496116510532,0.529496116510532,-0.00589734091223293,-0.00145462208508076,-0.00145462208508076,0,0,0,0,0,0,0,0,0,0,0,0,0,1,1433,0,0,0,0,0,0,0.00553469373494908
1.433,0.523598775598299,0.529479358535383,-0.0167825369553245,-0.000110161031861197,0.529479358535383,0.529479358535383,-0.00588058293708438,-0.00144856747588308,-0.00144856747588308,0,0,0,0,0,0,0,0,0,0,0,0,0,1,1434,0,0,0,0,0,0,0.00551995543277328
1.434,0.523598775598299,0.529462553082195,-0.0168275697468942,-0.0001012007358668,0.529462553082195,0.529462553082195,-0.0058637774838961,-0.00144264841107649,-0.00144264841107649,0,0,0,0,0,0,0,0,0,0,0,0,0,1,1435,0,0,0,0,0,0,0.0055051585094148
1.435,0.523598775598299,0.529445704958057,-0.0168679198470844,-9.26961632221306e-05,0.529445704958057,0.529445704958057,-0.00584692935975795,-0.00143686772811635,-0.00143686772811635,0,0,0,0,0,0,0,0,0,0,0,0,0,1,1436,0,0,0,0,0,0,0.00549030783255433
1.436,0.523598775598299,0.529428818723831,-0.0169038296320973,-8.46332122027398e-05,0.529428818723831,0.529428818723831,-0.00583004312553237,-0.00143122776816926,-0.00143122776816926,0,0,0,0,0,0,0,0,0,0,0,0,0,1,1437,0,0,0,0,0,0,0.00547540802332369
1.437,0.523598775598299,0.529411898701844,-0.016935533806047,-7.69978461314027e-05,0.529411898701844,0.529411898701844,-0.0058131231035452,-0.00142573040057979,-0.00142573040057979,0,0,0,0,0,0,0,0,0,0,0,0,0,1,1438,0,0,0,0,0,0,0.00546046346399742
1.438,0.523598775598299,0.529394948983534,-0.0169632594464864,-6.97761130714743e-05,0.529394948983534,0.529394948983534,-0.00579617338523541,-0.00142037704678891,-0.00142037704678891,0,0,0,0,0,0,0,0,0,0,0,0,0,1,1439,0,0,0,0,0,0,0.00544547830564501
1.439,0.523598775598299,0.529377973437054,-0.0169872260600707,-6.29541643137552e-05,0.529377973437054,0.529377973437054,-0.00577919783875547,-0.00141516870369911,-0.00141516870369911,0,0,0,0,0,0,0,0,0,0,0,0,0,1,1440,0,0,0,0,0,0,0.00543045647573226
1.44,0.523598775598299,0.529360975714808,-0.017007645647716,-5.65182716922507e-05,0.529360975714808,0.529360975714808,-0.00576220011650941,-0.00141010596646882,-0.00141010596646882,0,0,0,0,0,0,0,0,0,0,0,0,0,1,1441,0,0,0,0,0,0,0.00541540168566135
1.441,0.523598775598299,0.529343959260922,-0.0170247227786314,-5.04548437612123e-05,0.529343959260922,0.529343959260922,-0.00574518366262311,-0.00140518905073829,-0.00140518905073829,0,0,0,0,0,0,0,0,0,0,0,0,0,1,1442,0,0,0,0,0,0,0.00540031743824243
1.442,0.523598775598299,0.529326927318634,-0.0170386546726208,-4.47504408697545e-05,0.529326927318634,0.529326927318634,-0.00572815172033492,-0.00140041781427202,-0.00140041781427202,0,0,0,0,0,0,0,0,0,0,0,0,0,1,1443,0,0,0,0,0,0,0.00538520703508605
1.443,0.523598775598299,0.5293098829376,-0.0170496312900706,-3.93917891668411e-05,0.5293098829376,0.5293098829376,-0.00571110733930091,-0.00139579177801874,-0.00139579177801874,0,0,0,0,0,0,0,0,0,0,0,0,0,1,1444,0,0,0,0,0,0,0.00537007358391006
1.444,0.523598775598299,0.529292828981105,-0.0170578354290558,-3.43657935718755e-05,0.529292828981105,0.529292828981105,-0.0056940533828066,-0.0013913101465831,-0.0013913101465831,0,0,0,0,0,0,0,0,0,0,0,0,0,1,1445,0,0,0,0,0,0,0.00535492000575266
1.445,0.523598775598299,0.529275768133176,-0.0170634428290188,-2.96595497449196e-05,0.529275768133176,0.529275768133176,-0.00567699253487741,-0.00138697182810449,-0.00138697182810449,0,0,0,0,0,0,0,0,0,0,0,0,0,1,1446,0,0,0,0,0,0,0.00533974904208501
1.446,0.523598775598299,0.529258702905582,-0.0170666222804902,-2.52603550898742e-05,0.529258702905582,0.529258702905582,-0.00565992730728304,-0.00138277545354511,-0.00138277545354511,0,0,0,0,0,0,0,0,0,0,0,0,0,1,1447,0,0,0,0,0,0,0.00532456326181618
1.447,0.523598775598299,0.529241635644729,-0.0170675357403439,-2.11557188250169e-05,0.529241635644729,0.529241635644729,-0.00564286004642978,-0.00137871939538712,-0.00137871939538712,0,0,0,0,0,0,0,0,0,0,0,0,0,1,1448,0,0,0,0,0,0,0.00530936506818802
1.448,0.523598775598299,0.529224568538432,-0.0170663384520913,-1.7333371154917e-05,0.529224568538432,0.529224568538432,-0.00562579294013366,-0.00137480178573414,-0.00137480178573414,0,0,0,0,0,0,0,0,0,0,0,0,0,1,1449,0,0,0,0,0,0,0.00529415670554945
1.449,0.523598775598299,0.529207503622571,-0.0170631790707433,-1.37812715754937e-05,0.529207503622571,0.529207503622571,-0.00560872802427215,-0.00137102053382571,-0.00137102053382571,0,0,0,0,0,0,0,0,0,0,0,0,0,1,1450,0,0,0,0,0,0,0.0052789402660095
1.45,0.523598775598299,0.529190442787607,-0.017058199791783,-1.04876163464325e-05,0.529190442787607,0.529190442787607,-0.00559166718930826,-0.00136737334296264,-0.00136737334296264,0,0,0,0,0,0,0,0,0,0,0,0,0,1,1451,0,0,0,0,0,0,0.00526371769596357
1.451,0.523598775598299,0.529173387784983,-0.0170515364838111,-7.44084516276919e-06,0.529173387784983,0.529173387784983,-0.00557461218668431,-0.0013638577268495,-0.0013638577268495,0,0,0,0,0,0,0,0,0,0,0,0,0,1,1452,0,0,0,0,0,0,0.00524849080248802
1.452,0.523598775598299,0.52915634023338,-0.0170433188244427,-4.62964705827038e-06,0.52915634023338,0.52915634023338,-0.00555756463508073,-0.00136047102535533,-0.00136047102535533,0,0,0,0,0,0,0,0,0,0,0,0,0,1,1453,0,0,0,0,0,0,0.005233261259601
1.453,0.523598775598299,0.529139301624837,-0.0170336704390538,-2.04296557155382e-06,0.529139301624837,0.529139301624837,-0.00554052602653843,-0.00135721041970223,-0.00135721041970223,0,0,0,0,0,0,0,0,0,0,0,0,0,1,1454,0,0,0,0,0,0,0.0052180306143863
1.454,0.523598775598299,0.529122273330739,-0.0170227090419897,3.29996792828647e-07,0.529122273330739,0.529122273330739,-0.0055234977324401,-0.00135407294708129,-0.00135407294708129,0,0,0,0,0,0,0,0,0,0,0,0,0,1,1455,0,0,0,0,0,0,0.00520280029297593
1.455,0.523598775598299,0.529105256607649,-0.0170105465798657,2.49977477892872e-06,0.529105256607649,0.529105256607649,-0.00550648100935025,-0.00135105551470894,-0.00135105551470894,0,0,0,0,0,0,0,0,0,0,0,0,0,1,1456,0,0,0,0,0,0,0.00518757160639149
1.456,0.523598775598299,0.529088252603009,-0.0169972893766087,4.47663723813807e-06,0.529088252603009,0.529088252603009,-0.00548947700471003,-0.00134815491332403,-0.00134815491332403,0,0,0,0,0,0,0,0,0,0,0,0,0,1,1457,0,0,0,0,0,0,0.00517234575624126
1.457,0.523598775598299,0.529071262360686,-0.0169830382799008,6.27058460370768e-06,0.529071262360686,0.529071262360686,-0.00547248676238687,-0.00134536783013837,-0.00134536783013837,0,0,0,0,0,0,0,0,0,0,0,0,0,1,1458,0,0,0,0,0,0,0.00515712384027056
1.458,0.523598775598299,0.529054286826376,-0.0169678888087046,7.89134695119455e-06,0.529054286826376,0.529054286826376,-0.00545551122807764,-0.00134269086124793,-0.00134269086124793,0,0,0,0,0,0,0,0,0,0,0,0,0,1,1459,0,0,0,0,0,0,0.00514190685776683
1.459,0.523598775598299,0.529037326852862,-0.0169519313015657,9.3483826160569e-06,0.529037326852862,0.529037326852862,-0.00543855125456272,-0.00134012052350914,-0.00134012052350914,0,0,0,0,0,0,0,0,0,0,0,0,0,1,1460,0,0,0,0,0,0,0.00512669571481517
1.46,0.523598775598299,0.529020383205111,-0.0169352510654008,1.06508773416436e-05,0.529020383205111,0.529020383205111,-0.00542160760681198,-0.00133765326589314,-0.00133765326589314,0,0,0,0,0,0,0,0,0,0,0,0,0,1,1461,0,0,0,0,0,0,0.00511149122940535
1.461,0.523598775598299,0.529003456565241,-0.0169179285244966,1.18077439297995e-05,0.529003456565241,0.529003456565241,-0.00540468096694202,-0.00133528548032686,-0.00133528548032686,0,0,0,0,0,0,0,0,0,0,0,0,0,1,1462,0,0,0,0,0,0,0.00509629413639101
1.462,0.523598775598299,0.528986547537324,-0.0169000393694586,1.28276223672166e-05,0.528986547537324,0.528986547537324,-0.00538777193902473,-0.00133301351203101,-0.00133301351203101,0,0,0,0,0,0,0,0,0,0,0,0,0,1,1463,0,0,0,0,0,0,0.00508110509229942
1.463,0.523598775598299,0.528969656652045,-0.0168816547058641,1.37188804013519e-05,0.528969656652045,0.528969656652045,-0.00537088105374617,-0.00133083366936128,-0.00133083366936128,0,0,0,0,0,0,0,0,0,0,0,0,0,1,1464,0,0,0,0,0,0,0.00506592467999212
1.464,0.523598775598299,0.528952784371216,-0.0168628412023848,1.44896145415448e-05,0.528952784371216,0.528952784371216,-0.00535400877291747,-0.00132874223316733,-0.00132874223316733,0,0,0,0,0,0,0,0,0,0,0,0,0,1,1465,0,0,0,0,0,0,0.00505075341317685
1.465,0.523598775598299,0.528935931092137,-0.0168436612381618,1.5147651459988e-05,0.528935931092137,0.528935931092137,-0.00533715549383817,-0.00132673546567869,-0.00132673546567869,0,0,0,0,0,0,0,0,0,0,0,0,0,1,1466,0,0,0,0,0,0,0.00503559174077239
1.466,0.523598775598299,0.528919097151811,-0.016824173049225,1.57005497684922e-05,0.528919097151811,0.528919097151811,-0.00532032155351236,-0.00132480961892777,-0.00132480961892777,0,0,0,0,0,0,0,0,0,0,0,0,0,1,1467,0,0,0,0,0,0,0.00502044005112656
1.467,0.523598775598299,0.528902282831018,-0.0168044308737656,1.61556021479241e-05,0.528902282831018,0.528902282831018,-0.00530350723271888,-0.00132296094272098,-0.00132296094272098,0,0,0,0,0,0,0,0,0,0,0,0,0,1,1468,0,0,0,0,0,0,0.00500529867608723
1.468,0.523598775598299,0.528885488358237,-0.0167844850960784,1.65198378077268e-05,0.528885488358237,0.528885488358237,-0.00528671275993775,-0.00132118569217184,-0.00132118569217184,0,0,0,0,0,0,0,0,0,0,0,0,0,1,1469,0,0,0,0,0,0,0.00499016789493067
1.469,0.523598775598299,0.52886871391343,-0.0167643823890071,1.6800025252733e-05,0.52886871391343,0.52886871391343,-0.00526993831513167,-0.00131948013480039,-0.00131948013480039,0,0,0,0,0,0,0,0,0,0,0,0,0,1,1470,0,0,0,0,0,0,0.00497504793814418
1.47,0.523598775598299,0.528851959631687,-0.016744165854734,1.70026753376311e-05,0.528851959631687,0.528851959631687,-0.0052531840333877,-0.00131784055721975,-0.00131784055721975,0,0,0,0,0,0,0,0,0,0,0,0,0,1,1471,0,0,0,0,0,0,0.00495993899106928
1.471,0.523598775598299,0.528835225606717,-0.0167238751637685,1.71340445865171e-05,0.528835225606717,0.528835225606717,-0.0052364500084181,-0.00131626327141403,-0.00131626327141403,0,0,0,0,0,0,0,0,0,0,0,0,0,1,1472,0,0,0,0,0,0,0.00494484119740402
1.472,0.523598775598299,0.528818511894222,-0.0167035466919997,1.72001387586304e-05,0.528818511894222,0.528818511894222,-0.00521973629592343,-0.00131474462062228,-0.00131474462062228,0,0,0,0,0,0,0,0,0,0,0,0,0,1,1473,0,0,0,0,0,0,0.00492975466256707
1.473,0.523598775598299,0.528801818515118,-0.0166832136556883,1.72067166406489e-05,0.528801818515118,0.528801818515118,-0.00520304291681883,-0.00131328098483729,-0.00131328098483729,0,0,0,0,0,0,0,0,0,0,0,0,0,1,1474,0,0,0,0,0,0,0.00491467945692603
1.474,0.523598775598299,0.528785145458627,-0.0166629062442838,1.71592940475576e-05,0.528785145458627,0.528785145458627,-0.00518636986032794,-0.00131186878593693,-0.00131186878593693,0,0,0,0,0,0,0,0,0,0,0,0,0,1,1475,0,0,0,0,0,0,0.00489961561889207
1.475,0.523598775598299,0.528768492685243,-0.0166426517509618,1.70631480126144e-05,0.528768492685243,0.528768492685243,-0.00516971708694369,-0.00131050449245194,-0.00131050449245194,0,0,0,0,0,0,0,0,0,0,0,0,0,1,1476,0,0,0,0,0,0,0.00488456315788266
1.476,0.523598775598299,0.528751860129559,-0.0166224747007878,1.69233211505434e-05,0.528751860129559,0.528751860129559,-0.00515308453126051,-0.00130918462398727,-0.00130918462398727,0,0,0,0,0,0,0,0,0,0,0,0,0,1,1477,0,0,0,0,0,0,0.00486952205715452
1.477,0.523598775598299,0.528735247702978,-0.016602396976421,1.67446261764618e-05,0.528735247702978,0.528735247702978,-0.00513647210467927,-0.00130790575530586,-0.00130790575530586,0,0,0,0,0,0,0,0,0,0,0,0,0,1,1478,0,0,0,0,0,0,0.00485449227651069
1.478,0.523598775598299,0.528718655296287,-0.0165824379412806,1.65316505648178e-05,0.528718655296287,0.528718655296287,-0.00511987969798788,-0.00130666452008727,-0.00130666452008727,0,0,0,0,0,0,0,0,0,0,0,0,0,1,1479,0,0,0,0,0,0,0.00483947375488192
1.479,0.523598775598299,0.528702082782119,-0.0165626145601069,1.62887613328026e-05,0.528702082782119,0.528702082782119,-0.00510330718382046,-0.00130545761437352,-0.00130545761437352,0,0,0,0,0,0,0,0,0,0,0,0,0,1,1480,0,0,0,0,0,0,0.00482446641278722
1.48,0.523598775598299,0.528685530017295,-0.0165429415168568,1.60201099331062e-05,0.528685530017295,0.528685530017295,-0.0050867544189962,-0.00130428179970968,-0.00130428179970968,0,0,0,0,0,0,0,0,0,0,0,0,0,1,1481,0,0,0,0,0,0,0.00480947015467414
1.481,0.523598775598299,0.528668996845041,-0.0165234313298799,1.57296372428297e-05,0.528668996845041,0.528668996845041,-0.00507022124674239,-0.00130313390599458,-0.00130313390599458,0,0,0,0,0,0,0,0,0,0,0,0,0,1,1482,0,0,0,0,0,0,0.0047944848711432
1.482,0.523598775598299,0.528652483097103,-0.0165040944643312,1.54210786342109e-05,0.528652483097103,0.528652483097103,-0.00505370749880429,-0.00130201083405314,-0.00130201083405314,0,0,0,0,0,0,0,0,0,0,0,0,0,1,1483,0,0,0,0,0,0,0.00477951044105906
1.483,0.523598775598299,0.528635988595741,-0.0164849394417811,1.50979691136614e-05,0.528635988595741,0.528635988595741,-0.00503721299744242,-0.00130090955793503,-0.00130090955793503,0,0,0,0,0,0,0,0,0,0,0,0,0,1,1484,0,0,0,0,0,0,0.00476454673354909
1.484,0.523598775598299,0.528619513155622,-0.0164659729469925,1.47636485183469e-05,0.528619513155622,0.528619513155622,-0.00502073755732313,-0.00129982712695889,-0.00129982712695889,0,0,0,0,0,0,0,0,0,0,0,0,0,1,1485,0,0,0,0,0,0,0.00474959360989524
1.485,0.523598775598299,0.528603056585602,-0.0164471999318392,1.44212667568351e-05,0.528603056585602,0.528603056585602,-0.00500428098730299,-0.00129876066750619,-0.00129876066750619,0,0,0,0,0,0,0,0,0,0,0,0,0,1,1486,0,0,0,0,0,0,0.00473465092531977
1.486,0.523598775598299,0.528586618690409,-0.0164286237163466,1.40737890836311e-05,0.528586618690409,0.528586618690409,-0.00498784309211053,-0.00129770738457745,-0.00129770738457745,0,0,0,0,0,0,0,0,0,0,0,0,0,1,1487,0,0,0,0,0,0,0.0047197185306681
1.487,0.523598775598299,0.528570199272228,-0.0164102460868432,1.37240013968508e-05,0.528570199272228,0.528570199272228,-0.00497142367392966,-0.00129666456312482,-0.00129666456312482,0,0,0,0,0,0,0,0,0,0,0,0,0,1,1488,0,0,0,0,0,0,0.00470479627399389
1.488,0.523598775598299,0.528553798132184,-0.0163920673912138,1.33745155477243e-05,0.528553798132184,0.528553798132184,-0.00495502253388469,-0.00129562956916318,-0.00129562956916318,0,0,0,0,0,0,0,0,0,0,0,0,0,1,1489,0,0,0,0,0,0,0.00468988400204506
1.489,0.523598775598299,0.528537415071731,-0.0163740866312535,1.30277746540764e-05,0.528537415071731,0.528537415071731,-0.00493863947343265,-0.00129459985067738,-0.00129459985067738,0,0,0,0,0,0,0,0,0,0,0,0,0,1,1490,0,0,0,0,0,0,0.00467498156165747
1.49,0.523598775598299,0.528521049893963,-0.0163563015521248,1.26860584073706e-05,0.528521049893963,0.528521049893963,-0.0049222742956645,-0.00129357293833168,-0.00129357293833168,0,0,0,0,0,0,0,0,0,0,0,0,0,1,1491,0,0,0,0,0,0,0.0046600888010575
1.491,0.523598775598299,0.528504702404817,-0.0163387087289266,1.23514883651039e-05,0.528504702404817,0.528504702404817,-0.00490592680651813,-0.00129254644599128,-0.00129254644599128,0,0,0,0,0,0,0,0,0,0,0,0,0,1,1492,0,0,0,0,0,0,0.00464520557107595
1.492,0.523598775598299,0.528488372414205,-0.0163213036503847,1.20260332205493e-05,0.528488372414205,0.528488372414205,-0.00488959681590651,-0.0012915180710662,-0.0012915180710662,0,0,0,0,0,0,0,0,0,0,0,0,0,1,1493,0,0,0,0,0,0,0.00463033172627791
1.493,0.523598775598299,0.528472059737062,-0.0163040807996832,1.1711514042024e-05,0.528472059737062,0.528472059737062,-0.00487328413876298,-0.00129048559468499,-0.00129048559468499,0,0,0,0,0,0,0,0,0,0,0,0,0,1,1494,0,0,0,0,0,0,0.00461546712600924
1.494,0.523598775598299,0.528455764194307,-0.0162870337324543,1.14096094749285e-05,0.528455764194307,0.528455764194307,-0.00485698859600792,-0.00128944688170993,-0.00128944688170993,0,0,0,0,0,0,0,0,0,0,0,0,0,1,1495,0,0,0,0,0,0,0.00460061163536407
1.495,0.523598775598299,0.528439485613737,-0.0162701551519523,1.11218608992283e-05,0.528439485613737,0.528439485613737,-0.00484071001543851,-0.00128839988060063,-0.00128839988060063,0,0,0,0,0,0,0,0,0,0,0,0,0,1,1496,0,0,0,0,0,0,0.00458576512607622
1.496,0.523598775598299,0.528423223830843,-0.0162534369814373,1.08496775363171e-05,0.528423223830843,0.528423223830843,-0.00482444823254458,-0.00128734262313408,-0.00128734262313408,0,0,0,0,0,0,0,0,0,0,0,0,0,1,1497,0,0,0,0,0,0,0.00457092747733623
1.497,0.523598775598299,0.528406978689552,-0.0162368704338017,1.05943414996879e-05,0.528406978689552,0.528406978689552,-0.00480820309125352,-0.00128627322399068,-0.00128627322399068,0,0,0,0,0,0,0,0,0,0,0,0,0,1,1498,0,0,0,0,0,0,0.00455609857653716
1.498,0.523598775598299,0.528390750042906,-0.0162204460784698,1.03570127837356e-05,0.528390750042906,0.528390750042906,-0.00479197444460688,-0.00128518988021356,-0.00128518988021356,0,0,0,0,0,0,0,0,0,0,0,0,0,1,1499,0,0,0,0,0,0,0.00454127831995277
1.499,0.523598775598299,0.528374537753671,-0.0162041539056098,1.01387341857809e-05,0.528374537753671,0.528374537753671,-0.0047757621553719,-0.00128409087055066,-0.00128409087055066,0,0,0,0,0,0,0,0,0,0,0,0,0,1,1500,0,0,0,0,0,0,0.00452646661335043
1.5,0.523598775598299,0.528358341694888,-0.0161879833876947,9.94043615618967e-06,0.528358341694888,0.528358341694888,-0.00475956609658923,-0.00128297455468369,-0.00128297455468369,0,0,0,0,0,0,0,0,0,0,0,0,0,1,1501,0,0,0,0,0,0,0.00451166337253961
