time_s,reference_rad,position_rad,velocity_rad_s,current_A,sensor_side_measurement_rad,received_measurement_rad,tracking_error_rad,command_V,unsaturated_command_V,capacitive_current_A,capacitive_voltage_V,inductive_voltage_V,shared_impedance_voltage_V,ground_common_mode_voltage_V,ground_differential_voltage_V,receiver_differential_voltage_V,equivalent_encoder_error_rad,physical_source_window_active,ground_window_active,communication_channel_enabled,transmit_delay_samples,packet_dropped,sample_received,accepted_source_index,accepted_delay_samples,held_last,measurement_age_samples,measurement_age_s,collision_discard_count,out_of_order_discard_count,delta_position_rad,delta_command_V,delta_received_measurement_rad,pre_window_active,analysis_window_active,post_window_active,configured_fault_window_active
0,0,0,0,0,0,0,0,0,0,0,0,0,0,0,0,0,0,0,0,0,0,0,1,1,0,0,0,0,0,0,0,0,0,1,0,0,0
0.001,0,0,0,0,0,0,0,0,0,0,0,0,0,0,0,0,0,0,0,0,0,0,1,2,0,0,0,0,0,0,0,0,0,1,0,0,0
0.002,0,0,0,0,0,0,0,0,0,0,0,0,0,0,0,0,0,0,0,0,0,0,1,3,0,0,0,0,0,0,0,0,0,1,0,0,0
0.003,0,0,0,0,0,0,0,0,0,0,0,0,0,0,0,0,0,0,0,0,0,0,1,4,0,0,0,0,0,0,0,0,0,1,0,0,0
0.004,0,0,0,0,0,0,0,0,0,0,0,0,0,0,0,0,0,0,0,0,0,0,1,5,0,0,0,0,0,0,0,0,0,1,0,0,0
0.005,0,0,0,0,0,0,0,0,0,0,0,0,0,0,0,0,0,0,0,0,0,0,1,6,0,0,0,0,0,0,0,0,0,1,0,0,0
0.006,0,0,0,0,0,0,0,0,0,0,0,0,0,0,0,0,0,0,0,0,0,0,1,7,0,0,0,0,0,0,0,0,0,1,0,0,0
0.007,0,0,0,0,0,0,0,0,0,0,0,0,0,0,0,0,0,0,0,0,0,0,1,8,0,0,0,0,0,0,0,0,0,1,0,0,0
0.008,0,0,0,0,0,0,0,0,0,0,0,0,0,0,0,0,0,0,0,0,0,0,1,9,0,0,0,0,0,0,0,0,0,1,0,0,0
0.009,0,0,0,0,0,0,0,0,0,0,0,0,0,0,0,0,0,0,0,0,0,0,1,10,0,0,0,0,0,0,0,0,0,1,0,0,0
0.01,0,0,0,0,0,0,0,0,0,0,0,0,0,0,0,0,0,0,0,0,0,0,1,11,0,0,0,0,0,0,0,0,0,1,0,0,0
0.011,0,0,0,0,0,0,0,0,0,0,0,0,0,0,0,0,0,0,0,0,0,0,1,12,0,0,0,0,0,0,0,0,0,1,0,0,0
0.012,0,0,0,0,0,0,0,0,0,0,0,0,0,0,0,0,0,0,0,0,0,0,1,13,0,0,0,0,0,0,0,0,0,1,0,0,0
0.013,0,0,0,0,0,0,0,0,0,0,0,0,0,0,0,0,0,0,0,0,0,0,1,14,0,0,0,0,0,0,0,0,0,1,0,0,0
0.014,0,0,0,0,0,0,0,0,0,0,0,0,0,0,0,0,0,0,0,0,0,0,1,15,0,0,0,0,0,0,0,0,0,1,0,0,0
0.015,0,0,0,0,0,0,0,0,0,0,0,0,0,0,0,0,0,0,0,0,0,0,1,16,0,0,0,0,0,0,0,0,0,1,0,0,0
0.016,0,0,0,0,0,0,0,0,0,0,0,0,0,0,0,0,0,0,0,0,0,0,1,17,0,0,0,0,0,0,0,0,0,1,0,0,0
0.017,0,0,0,0,0,0,0,0,0,0,0,0,0,0,0,0,0,0,0,0,0,0,1,18,0,0,0,0,0,0,0,0,0,1,0,0,0
0.018,0,0,0,0,0,0,0,0,0,0,0,0,0,0,0,0,0,0,0,0,0,0,1,19,0,0,0,0,0,0,0,0,0,1,0,0,0
0.019,0,0,0,0,0,0,0,0,0,0,0,0,0,0,0,0,0,0,0,0,0,0,1,20,0,0,0,0,0,0,0,0,0,1,0,0,0
0.02,0,0,0,0,0,0,0,0,0,0,0,0,0,0,0,0,0,0,0,0,0,0,1,21,0,0,0,0,0,0,0,0,0,1,0,0,0
0.021,0,0,0,0,0,0,0,0,0,0,0,0,0,0,0,0,0,0,0,0,0,0,1,22,0,0,0,0,0,0,0,0,0,1,0,0,0
0.022,0,0,0,0,0,0,0,0,0,0,0,0,0,0,0,0,0,0,0,0,0,0,1,23,0,0,0,0,0,0,0,0,0,1,0,0,0
0.023,0,0,0,0,0,0,0,0,0,0,0,0,0,0,0,0,0,0,0,0,0,0,1,24,0,0,0,0,0,0,0,0,0,1,0,0,0
0.024,0,0,0,0,0,0,0,0,0,0,0,0,0,0,0,0,0,0,0,0,0,0,1,25,0,0,0,0,0,0,0,0,0,1,0,0,0
0.025,0,0,0,0,0,0,0,0,0,0,0,0,0,0,0,0,0,0,0,0,0,0,1,26,0,0,0,0,0,0,0,0,0,1,0,0,0
0.026,0,0,0,0,0,0,0,0,0,0,0,0,0,0,0,0,0,0,0,0,0,0,1,27,0,0,0,0,0,0,0,0,0,1,0,0,0
0.027,0,0,0,0,0,0,0,0,0,0,0,0,0,0,0,0,0,0,0,0,0,0,1,28,0,0,0,0,0,0,0,0,0,1,0,0,0
0.028,0,0,0,0,0,0,0,0,0,0,0,0,0,0,0,0,0,0,0,0,0,0,1,29,0,0,0,0,0,0,0,0,0,1,0,0,0
0.029,0,0,0,0,0,0,0,0,0,0,0,0,0,0,0,0,0,0,0,0,0,0,1,30,0,0,0,0,0,0,0,0,0,1,0,0,0
0.03,0,0,0,0,0,0,0,0,0,0,0,0,0,0,0,0,0,0,0,0,0,0,1,31,0,0,0,0,0,0,0,0,0,1,0,0,0
0.031,0,0,0,0,0,0,0,0,0,0,0,0,0,0,0,0,0,0,0,0,0,0,1,32,0,0,0,0,0,0,0,0,0,1,0,0,0
0.032,0,0,0,0,0,0,0,0,0,0,0,0,0,0,0,0,0,0,0,0,0,0,1,33,0,0,0,0,0,0,0,0,0,1,0,0,0
0.033,0,0,0,0,0,0,0,0,0,0,0,0,0,0,0,0,0,0,0,0,0,0,1,34,0,0,0,0,0,0,0,0,0,1,0,0,0
0.034,0,0,0,0,0,0,0,0,0,0,0,0,0,0,0,0,0,0,0,0,0,0,1,35,0,0,0,0,0,0,0,0,0,1,0,0,0
0.035,0,0,0,0,0,0,0,0,0,0,0,0,0,0,0,0,0,0,0,0,0,0,1,36,0,0,0,0,0,0,0,0,0,1,0,0,0
0.036,0,0,0,0,0,0,0,0,0,0,0,0,0,0,0,0,0,0,0,0,0,0,1,37,0,0,0,0,0,0,0,0,0,1,0,0,0
0.037,0,0,0,0,0,0,0,0,0,0,0,0,0,0,0,0,0,0,0,0,0,0,1,38,0,0,0,0,0,0,0,0,0,1,0,0,0
0.038,0,0,0,0,0,0,0,0,0,0,0,0,0,0,0,0,0,0,0,0,0,0,1,39,0,0,0,0,0,0,0,0,0,1,0,0,0
0.039,0,0,0,0,0,0,0,0,0,0,0,0,0,0,0,0,0,0,0,0,0,0,1,40,0,0,0,0,0,0,0,0,0,1,0,0,0
0.04,0,0,0,0,0,0,0,0,0,0,0,0,0,0,0,0,0,0,0,0,0,0,1,41,0,0,0,0,0,0,0,0,0,1,0,0,0
0.041,0,0,0,0,0,0,0,0,0,0,0,0,0,0,0,0,0,0,0,0,0,0,1,42,0,0,0,0,0,0,0,0,0,1,0,0,0
0.042,0,0,0,0,0,0,0,0,0,0,0,0,0,0,0,0,0,0,0,0,0,0,1,43,0,0,0,0,0,0,0,0,0,1,0,0,0
0.043,0,0,0,0,0,0,0,0,0,0,0,0,0,0,0,0,0,0,0,0,0,0,1,44,0,0,0,0,0,0,0,0,0,1,0,0,0
0.044,0,0,0,0,0,0,0,0,0,0,0,0,0,0,0,0,0,0,0,0,0,0,1,45,0,0,0,0,0,0,0,0,0,1,0,0,0
0.045,0,0,0,0,0,0,0,0,0,0,0,0,0,0,0,0,0,0,0,0,0,0,1,46,0,0,0,0,0,0,0,0,0,1,0,0,0
0.046,0,0,0,0,0,0,0,0,0,0,0,0,0,0,0,0,0,0,0,0,0,0,1,47,0,0,0,0,0,0,0,0,0,1,0,0,0
0.047,0,0,0,0,0,0,0,0,0,0,0,0,0,0,0,0,0,0,0,0,0,0,1,48,0,0,0,0,0,0,0,0,0,1,0,0,0
0.048,0,0,0,0,0,0,0,0,0,0,0,0,0,0,0,0,0,0,0,0,0,0,1,49,0,0,0,0,0,0,0,0,0,1,0,0,0
0.049,0,0,0,0,0,0,0,0,0,0,0,0,0,0,0,0,0,0,0,0,0,0,1,50,0,0,0,0,0,0,0,0,0,1,0,0,0
0.05,0,0,0,0,0,0,0,0,0,0,0,0,0,0,0,0,0,0,0,0,0,0,1,51,0,0,0,0,0,0,0,0,0,1,0,0,0
0.051,0,0,0,0,0,0,0,0,0,0,0,0,0,0,0,0,0,0,0,0,0,0,1,52,0,0,0,0,0,0,0,0,0,1,0,0,0
0.052,0,0,0,0,0,0,0,0,0,0,0,0,0,0,0,0,0,0,0,0,0,0,1,53,0,0,0,0,0,0,0,0,0,1,0,0,0
0.053,0,0,0,0,0,0,0,0,0,0,0,0,0,0,0,0,0,0,0,0,0,0,1,54,0,0,0,0,0,0,0,0,0,1,0,0,0
0.054,0,0,0,0,0,0,0,0,0,0,0,0,0,0,0,0,0,0,0,0,0,0,1,55,0,0,0,0,0,0,0,0,0,1,0,0,0
0.055,0,0,0,0,0,0,0,0,0,0,0,0,0,0,0,0,0,0,0,0,0,0,1,56,0,0,0,0,0,0,0,0,0,1,0,0,0
0.056,0,0,0,0,0,0,0,0,0,0,0,0,0,0,0,0,0,0,0,0,0,0,1,57,0,0,0,0,0,0,0,0,0,1,0,0,0
0.057,0,0,0,0,0,0,0,0,0,0,0,0,0,0,0,0,0,0,0,0,0,0,1,58,0,0,0,0,0,0,0,0,0,1,0,0,0
0.058,0,0,0,0,0,0,0,0,0,0,0,0,0,0,0,0,0,0,0,0,0,0,1,59,0,0,0,0,0,0,0,0,0,1,0,0,0
0.059,0,0,0,0,0,0,0,0,0,0,0,0,0,0,0,0,0,0,0,0,0,0,1,60,0,0,0,0,0,0,0,0,0,1,0,0,0
0.06,0,0,0,0,0,0,0,0,0,0,0,0,0,0,0,0,0,0,0,0,0,0,1,61,0,0,0,0,0,0,0,0,0,1,0,0,0
0.061,0,0,0,0,0,0,0,0,0,0,0,0,0,0,0,0,0,0,0,0,0,0,1,62,0,0,0,0,0,0,0,0,0,1,0,0,0
0.062,0,0,0,0,0,0,0,0,0,0,0,0,0,0,0,0,0,0,0,0,0,0,1,63,0,0,0,0,0,0,0,0,0,1,0,0,0
0.063,0,0,0,0,0,0,0,0,0,0,0,0,0,0,0,0,0,0,0,0,0,0,1,64,0,0,0,0,0,0,0,0,0,1,0,0,0
0.064,0,0,0,0,0,0,0,0,0,0,0,0,0,0,0,0,0,0,0,0,0,0,1,65,0,0,0,0,0,0,0,0,0,1,0,0,0
0.065,0,0,0,0,0,0,0,0,0,0,0,0,0,0,0,0,0,0,0,0,0,0,1,66,0,0,0,0,0,0,0,0,0,1,0,0,0
0.066,0,0,0,0,0,0,0,0,0,0,0,0,0,0,0,0,0,0,0,0,0,0,1,67,0,0,0,0,0,0,0,0,0,1,0,0,0
0.067,0,0,0,0,0,0,0,0,0,0,0,0,0,0,0,0,0,0,0,0,0,0,1,68,0,0,0,0,0,0,0,0,0,1,0,0,0
0.068,0,0,0,0,0,0,0,0,0,0,0,0,0,0,0,0,0,0,0,0,0,0,1,69,0,0,0,0,0,0,0,0,0,1,0,0,0
0.069,0,0,0,0,0,0,0,0,0,0,0,0,0,0,0,0,0,0,0,0,0,0,1,70,0,0,0,0,0,0,0,0,0,1,0,0,0
0.07,0,0,0,0,0,0,0,0,0,0,0,0,0,0,0,0,0,0,0,0,0,0,1,71,0,0,0,0,0,0,0,0,0,1,0,0,0
0.071,0,0,0,0,0,0,0,0,0,0,0,0,0,0,0,0,0,0,0,0,0,0,1,72,0,0,0,0,0,0,0,0,0,1,0,0,0
0.072,0,0,0,0,0,0,0,0,0,0,0,0,0,0,0,0,0,0,0,0,0,0,1,73,0,0,0,0,0,0,0,0,0,1,0,0,0
0.073,0,0,0,0,0,0,0,0,0,0,0,0,0,0,0,0,0,0,0,0,0,0,1,74,0,0,0,0,0,0,0,0,0,1,0,0,0
0.074,0,0,0,0,0,0,0,0,0,0,0,0,0,0,0,0,0,0,0,0,0,0,1,75,0,0,0,0,0,0,0,0,0,1,0,0,0
0.075,0,0,0,0,0,0,0,0,0,0,0,0,0,0,0,0,0,0,0,0,0,0,1,76,0,0,0,0,0,0,0,0,0,1,0,0,0
0.076,0,0,0,0,0,0,0,0,0,0,0,0,0,0,0,0,0,0,0,0,0,0,1,77,0,0,0,0,0,0,0,0,0,1,0,0,0
0.077,0,0,0,0,0,0,0,0,0,0,0,0,0,0,0,0,0,0,0,0,0,0,1,78,0,0,0,0,0,0,0,0,0,1,0,0,0
0.078,0,0,0,0,0,0,0,0,0,0,0,0,0,0,0,0,0,0,0,0,0,0,1,79,0,0,0,0,0,0,0,0,0,1,0,0,0
0.079,0,0,0,0,0,0,0,0,0,0,0,0,0,0,0,0,0,0,0,0,0,0,1,80,0,0,0,0,0,0,0,0,0,1,0,0,0
0.08,0,0,0,0,0,0,0,0,0,0,0,0,0,0,0,0,0,0,0,0,0,0,1,81,0,0,0,0,0,0,0,0,0,1,0,0,0
0.081,0,0,0,0,0,0,0,0,0,0,0,0,0,0,0,0,0,0,0,0,0,0,1,82,0,0,0,0,0,0,0,0,0,1,0,0,0
0.082,0,0,0,0,0,0,0,0,0,0,0,0,0,0,0,0,0,0,0,0,0,0,1,83,0,0,0,0,0,0,0,0,0,1,0,0,0
0.083,0,0,0,0,0,0,0,0,0,0,0,0,0,0,0,0,0,0,0,0,0,0,1,84,0,0,0,0,0,0,0,0,0,1,0,0,0
0.084,0,0,0,0,0,0,0,0,0,0,0,0,0,0,0,0,0,0,0,0,0,0,1,85,0,0,0,0,0,0,0,0,0,1,0,0,0
0.085,0,0,0,0,0,0,0,0,0,0,0,0,0,0,0,0,0,0,0,0,0,0,1,86,0,0,0,0,0,0,0,0,0,1,0,0,0
0.086,0,0,0,0,0,0,0,0,0,0,0,0,0,0,0,0,0,0,0,0,0,0,1,87,0,0,0,0,0,0,0,0,0,1,0,0,0
0.087,0,0,0,0,0,0,0,0,0,0,0,0,0,0,0,0,0,0,0,0,0,0,1,88,0,0,0,0,0,0,0,0,0,1,0,0,0
0.088,0,0,0,0,0,0,0,0,0,0,0,0,0,0,0,0,0,0,0,0,0,0,1,89,0,0,0,0,0,0,0,0,0,1,0,0,0
0.089,0,0,0,0,0,0,0,0,0,0,0,0,0,0,0,0,0,0,0,0,0,0,1,90,0,0,0,0,0,0,0,0,0,1,0,0,0
0.09,0,0,0,0,0,0,0,0,0,0,0,0,0,0,0,0,0,0,0,0,0,0,1,91,0,0,0,0,0,0,0,0,0,1,0,0,0
0.091,0,0,0,0,0,0,0,0,0,0,0,0,0,0,0,0,0,0,0,0,0,0,1,92,0,0,0,0,0,0,0,0,0,1,0,0,0
0.092,0,0,0,0,0,0,0,0,0,0,0,0,0,0,0,0,0,0,0,0,0,0,1,93,0,0,0,0,0,0,0,0,0,1,0,0,0
0.093,0,0,0,0,0,0,0,0,0,0,0,0,0,0,0,0,0,0,0,0,0,0,1,94,0,0,0,0,0,0,0,0,0,1,0,0,0
0.094,0,0,0,0,0,0,0,0,0,0,0,0,0,0,0,0,0,0,0,0,0,0,1,95,0,0,0,0,0,0,0,0,0,1,0,0,0
0.095,0,0,0,0,0,0,0,0,0,0,0,0,0,0,0,0,0,0,0,0,0,0,1,96,0,0,0,0,0,0,0,0,0,1,0,0,0
0.096,0,0,0,0,0,0,0,0,0,0,0,0,0,0,0,0,0,0,0,0,0,0,1,97,0,0,0,0,0,0,0,0,0,1,0,0,0
0.097,0,0,0,0,0,0,0,0,0,0,0,0,0,0,0,0,0,0,0,0,0,0,1,98,0,0,0,0,0,0,0,0,0,1,0,0,0
0.098,0,0,0,0,0,0,0,0,0,0,0,0,0,0,0,0,0,0,0,0,0,0,1,99,0,0,0,0,0,0,0,0,0,1,0,0,0
0.099,0,0,0,0,0,0,0,0,0,0,0,0,0,0,0,0,0,0,0,0,0,0,1,100,0,0,0,0,0,0,0,0,0,1,0,0,0
0.1,0.523598775598299,0,0,0,0,0,0.523598775598299,1.4072926446309,1.4072926446309,0,0,0,0,0,0,0,0,0,0,0,0,0,1,101,0,0,0,0,0,0,0,0,0,1,0,0,0
0.101,0.523598775598299,4.45218265702949e-05,0.128513015071065,0.445803932742211,4.45218265702949e-05,4.45218265702949e-05,0.523554253771728,1.38892542072261,1.38892542072261,0,0,0,0,0,0,0,0,0,0,0,0,0,1,102,0,0,0,0,0,0,0,0,0,1,0,0,0
0.102,0.523598775598299,0.00031838385052,0.442553049219617,0.709810168316796,0.00031838385052,0.00031838385052,0.523280391747779,1.37064920251435,1.37064920251435,0,0,0,0,0,0,0,0,0,0,0,0,0,1,103,0,0,0,0,0,0,0,0,0,1,0,0,0
0.103,0.523598775598299,0.000965080559626825,0.863890571767915,0.857783766312187,0.000965080559626825,0.000965080559626825,0.522633695038672,1.35206237097213,1.35206237097213,0,0,0,0,0,0,0,0,0,0,0,0,0,1,104,0,0,0,0,0,0,0,0,0,1,0,0,0
0.104,0.523598775598299,0.00206510228706424,1.34265039784167,0.931864162920198,0.00206510228706424,0.00206510228706424,0.521533673311235,1.33293814664519,1.33293814664519,0,0,0,0,0,0,0,0,0,0,0,0,0,1,105,0,0,0,0,0,0,0,0,0,1,0,0,0
0.105,0.523598775598299,0.00365882019882503,1.84712638475507,0.959055829432812,0.00365882019882503,0.00365882019882503,0.519939955399474,1.3131606748891,1.3131606748891,0,0,0,0,0,0,0,0,0,0,0,0,0,1,106,0,0,0,0,0,0,0,0,0,1,0,0,0
0.106,0.523598775598299,0.00576115152665334,2.35725642139455,0.95666706512572,0.00576115152665334,0.00576115152665334,0.517837624071645,1.29268409317719,1.29268409317719,0,0,0,0,0,0,0,0,0,0,0,0,0,1,107,0,0,0,0,0,0,0,0,0,1,0,0,0
0.107,0.523598775598299,0.0083709588486258,2.86044206838806,0.935793901406138,0.0083709588486258,0.0083709588486258,0.515227816749673,1.27150632104951,1.27150632104951,0,0,0,0,0,0,0,0,0,0,0,0,0,1,108,0,0,0,0,0,0,0,0,0,1,0,0,0
0.108,0.523598775598299,0.0114770755216481,3.34887010732695,0.903551791240415,0.0114770755216481,0.0114770755216481,0.512121700076651,1.24965228197709,1.24965228197709,0,0,0,0,0,0,0,0,0,0,0,0,0,1,109,0,0,0,0,0,0,0,0,0,1,0,0,0
0.109,0.523598775598299,0.0150621692937141,3.81779617606732,0.864505185195562,0.0150621692937141,0.0150621692937141,0.508536606304585,1.22716316805648,1.22716316805648,0,0,0,0,0,0,0,0,0,0,0,0,0,1,110,0,0,0,0,0,0,0,0,0,1,0,0,0
0.11,0.523598775598299,0.0191052204968749,4.26444470325191,0.821583308728979,0.0191052204968749,0.0191052204968749,0.504493555101424,1.20408957655543,1.20408957655543,0,0,0,0,0,0,0,0,0,0,0,0,0,1,111,0,0,0,0,0,0,0,0,0,1,0,0,0
0.111,0.523598775598299,0.0235831121783154,4.68730364598261,0.776666822078567,0.0235831121783154,0.0235831121783154,0.500015663419983,1.18048712759693,1.18048712759693,0,0,0,0,0,0,0,0,0,0,0,0,0,1,112,0,0,0,0,0,0,0,0,0,1,0,0,0
0.112,0.523598775598299,0.0284716507836206,5.08567214964507,0.730963661288177,0.0284716507836206,0.0284716507836206,0.495127124814678,1.15641367207565,1.15641367207565,0,0,0,0,0,0,0,0,0,0,0,0,0,1,113,0,0,0,0,0,0,0,0,0,1,0,0,0
0.113,0.523598775598299,0.0337462215107945,5.45937024670473,0.685249837058868,0.0337462215107945,0.0337462215107945,0.489852554087504,1.13192751905639,1.13192751905639,0,0,0,0,0,0,0,0,0,0,0,0,0,1,114,0,0,0,0,0,0,0,0,0,1,0,0,0
0.114,0.523598775598299,0.0393822091123181,5.80855237818639,0.640023730538261,0.0393822091123181,0.0393822091123181,0.484216566485981,1.10708631698504,1.10708631698504,0,0,0,0,0,0,0,0,0,0,0,0,0,1,115,0,0,0,0,0,0,0,0,0,1,0,0,0
0.115,0.523598775598299,0.0453552679427882,6.13358744647892,0.59560497799568,0.0453552679427882,0.0453552679427882,0.478243507655511,1.08194635441002,1.08194635441002,0,0,0,0,0,0,0,0,0,0,0,0,0,1,116,0,0,0,0,0,0,0,0,0,1,0,0,0
0.116,0.523598775598299,0.0516414949559411,6.43498151166334,0.552197860464924,0.0516414949559411,0.0516414949559411,0.471957280642358,1.05656213006334,1.05656213006334,0,0,0,0,0,0,0,0,0,0,0,0,0,1,117,0,0,0,0,0,0,0,0,0,1,0,0,0
0.117,0.523598775598299,0.0582175400775308,6.71332782926786,0.50993195568237,0.0582175400775308,0.0582175400775308,0.465381235520768,1.03098609605619,1.03098609605619,0,0,0,0,0,0,0,0,0,0,0,0,0,1,118,0,0,0,0,0,0,0,0,0,1,0,0,0
0.118,0.523598775598299,0.0650606760316851,6.96927442696146,0.468888224075176,0.0650606760316851,0.0650606760316851,0.458538099566614,1.00526851247641,1.00526851247641,0,0,0,0,0,0,0,0,0,0,0,0,0,1,119,0,0,0,0,0,0,0,0,0,1,0,0,0
0.119,0.523598775598299,0.0721488417875956,7.20350294049228,0.429115763245315,0.0721488417875956,0.0721488417875956,0.451449933810703,0.979457373797389,0.979457373797389,0,0,0,0,0,0,0,0,0,0,0,0,0,1,120,0,0,0,0,0,0,0,0,0,1,0,0,0
0.12,0.523598775598299,0.0794606687254459,7.4167146857151,0.390642583889821,0.0794606687254459,0.0794606687254459,0.444138106872853,0.953598381680952,0.953598381680952,0,0,0,0,0,0,0,0,0,0,0,0,0,1,121,0,0,0,0,0,0,0,0,0,1,0,0,0
0.121,0.523598775598299,0.0869754953735181,7.60962138898456,0.353482554892528,0.0869754953735181,0.0869754953735181,0.436623280224781,0.927734947838143,0.927734947838143,0,0,0,0,0,0,0,0,0,0,0,0,0,1,122,0,0,0,0,0,0,0,0,0,1,0,0,0
0.122,0.523598775598299,0.0946733744878818,7.78293892406754,0.317639893324848,0.0946733744878818,0.0946733744878818,0.428925401110417,0.901908216430822,0.901908216430822,0,0,0,0,0,0,0,0,0,0,0,0,0,1,123,0,0,0,0,0,0,0,0,0,1,0,0,0
0.123,0.523598775598299,0.102535074912699,7.93738299680053,0.283112080588452,0.102535074912699,0.102535074912699,0.4210637006856,0.876157099227207,0.876157099227207,0,0,0,0,0,0,0,0,0,0,0,0,0,1,124,0,0,0,0,0,0,0,0,0,1,0,0,0
0.124,0.523598775598299,0.110542079804407,8.07366609861401,0.249891769177506,0.110542079804407,0.110542079804407,0.413056695793892,0.850518319115961,0.850518319115961,0,0,0,0,0,0,0,0,0,0,0,0,0,1,125,0,0,0,0,0,0,0,0,0,1,0,0,0
0.125,0.523598775598299,0.118676582254839,8.19249529339039,0.217968041641061,0.118676582254839,0.118676582254839,0.404922193343459,0.825026459117694,0.825026459117694,0,0,0,0,0,0,0,0,0,0,0,0,0,1,126,0,0,0,0,0,0,0,0,0,1,0,0,0
0.126,0.523598775598299,0.126921478996508,8.29457055799957,0.187327253361473,0.126921478996508,0.126921478996508,0.396677296601791,0.799714015017708,0.799714015017708,0,0,0,0,0,0,0,0,0,0,0,0,0,1,127,0,0,0,0,0,0,0,0,0,1,0,0,0
0.127,0.523598775598299,0.135260362647249,8.38058349670773,0.157953607517076,0.135260362647249,0.135260362647249,0.38833841295105,0.774611450376941,0.774611450376941,0,0,0,0,0,0,0,0,0,0,0,0,0,1,128,0,0,0,0,0,0,0,0,0,1,0,0,0
0.128,0.523598775598299,0.143677512805954,8.45121631361853,0.129829557274348,0.143677512805954,0.143677512805954,0.379921262792345,0.749747253085782,0.749747253085782,0,0,0,0,0,0,0,0,0,0,0,0,0,1,129,0,0,0,0,0,0,0,0,0,1,0,0,0
0.129,0.523598775598299,0.152157886217305,8.50714096828339,0.102936096100235,0.152157886217305,0.152157886217305,0.371440889380994,0.725147992888616,0.725147992888616,0,0,0,0,0,0,0,0,0,0,0,0,0,1,130,0,0,0,0,0,0,0,0,0,1,0,0,0
0.13,0.523598775598299,0.160687106162626,8.5490184658715,0.0772529752089061,0.160687106162626,0.160687106162626,0.362911669435672,0.700838379477654,0.700838379477654,0,0,0,0,0,0,0,0,0,0,0,0,0,1,131,0,0,0,0,0,0,0,0,0,1,0,0,0
0.131,0.523598775598299,0.169251451194423,8.57749825011337,0.0527588731457079,0.169251451194423,0.169251451194423,0.354347324403876,0.676841320865872,0.676841320865872,0,0,0,0,0,0,0,0,0,0,0,0,0,1,132,0,0,0,0,0,0,0,0,0,1,0,0,0
0.132,0.523598775598299,0.177837843306165,8.59321767801564,0.0294315335372202,0.177837843306165,0.177837843306165,0.345760932292134,0.65317798182212,0.65317798182212,0,0,0,0,0,0,0,0,0,0,0,0,0,1,133,0,0,0,0,0,0,0,0,0,1,0,0,0
0.133,0.523598775598299,0.186433835611586,8.59680156226003,0.00724788128940621,0.186433835611586,0.186433835611586,0.337164939986713,0.629867842200258,0.629867842200258,0,0,0,0,0,0,0,0,0,0,0,0,0,1,134,0,0,0,0,0,0,0,0,0,1,0,0,0
0.134,0.523598775598299,0.195027599596064,8.58886177163757,-0.0138158761642524,0.195027599596064,0.195027599596064,0.328571176002235,0.606928755027222,0.606928755027222,0,0,0,0,0,0,0,0,0,0,0,0,0,1,135,0,0,0,0,0,0,0,0,0,1,0,0,0
0.135,0.523598775598299,0.203607911994534,8.56999688272142,-0.0337841583189498,0.203607911994534,0.203607911994534,0.319990863603765,0.584377004237936,0.584377004237936,0,0,0,0,0,0,0,0,0,0,0,0,0,1,136,0,0,0,0,0,0,0,0,0,1,0,0,0
0.136,0.523598775598299,0.21216414134457,8.54079187781778,-0.0526819290216796,0.21216414134457,0.21216414134457,0.311434634253729,0.562227361961358,0.562227361961358,0,0,0,0,0,0,0,0,0,0,0,0,0,1,137,0,0,0,0,0,0,0,0,0,1,0,0,0
0.137,0.523598775598299,0.220686234258944,8.50181788542155,-0.0705346200891286,0.220686234258944,0.220686234258944,0.302912541339355,0.540493145274213,0.540493145274213,0,0,0,0,0,0,0,0,0,0,0,0,0,1,138,0,0,0,0,0,0,0,0,0,1,0,0,0
0.138,0.523598775598299,0.229164701458619,8.45363196017353,-0.087368059965637,0.229164701458619,0.229164701458619,0.294434074139679,0.51918627234832,0.51918627234832,0,0,0,0,0,0,0,0,0,0,0,0,0,1,139,0,0,0,0,0,0,0,0,0,1,0,0,0
0.139,0.523598775598299,0.237590603604395,8.39677689982097,-0.103208406661289,0.237590603604395,0.237590603604395,0.286008171993904,0.498317317925084,0.498317317925084,0,0,0,0,0,0,0,0,0,0,0,0,0,1,140,0,0,0,0,0,0,0,0,0,1,0,0,0
0.14,0.523598775598299,0.245955536963099,8.33178109701805,-0.118082084462391,0.245955536963099,0.245955536963099,0.2776432386352,0.477895568057069,0.477895568057069,0,0,0,0,0,0,0,0,0,0,0,0,0,1,141,0,0,0,0,0,0,0,0,0,1,0,0,0
0.141,0.523598775598299,0.254251618942189,8.25915842402875,-0.132015724067534,0.254251618942189,0.254251618942189,0.269347156656109,0.457929074062119,0.457929074062119,0,0,0,0,0,0,0,0,0,0,0,0,0,1,142,0,0,0,0,0,0,0,0,0,1,0,0,0
0.142,0.523598775598299,0.262471473524758,8.17940814855164,-0.145036105905011,0.262471473524758,0.262471473524758,0.261127302073541,0.438424705640471,0.438424705640471,0,0,0,0,0,0,0,0,0,0,0,0,0,1,143,0,0,0,0,0,0,0,0,0,1,0,0,0
0.143,0.523598775598299,0.270608216635225,8.09301487899886,-0.157170106452551,0.270608216635225,0.270608216635225,0.252990558963074,0.419388203109803,0.419388203109803,0,0,0,0,0,0,0,0,0,0,0,0,0,1,144,0,0,0,0,0,0,0,0,0,1,0,0,0
0.144,0.523598775598299,0.278655441464376,8.00044853764641,-0.168444647421755,0.278655441464376,0.278655441464376,0.244943334133923,0.4008242287174,0.4008242287174,0,0,0,0,0,0,0,0,0,0,0,0,0,1,145,0,0,0,0,0,0,0,0,0,1,0,0,0
0.145,0.523598775598299,0.286607203780849,7.90216436013967,-0.17888664769574,0.286607203780849,0.286607203780849,0.23699157181745,0.382736416992539,0.382736416992539,0,0,0,0,0,0,0,0,0,0,0,0,0,1,146,0,0,0,0,0,0,0,0,0,1,0,0,0
0.146,0.523598775598299,0.294458007254695,7.79860291989398,-0.188522977924989,0.294458007254695,0.294458007254695,0.229140768343604,0.365127424105951,0.365127424105951,0,0,0,0,0,0,0,0,0,0,0,0,0,1,147,0,0,0,0,0,0,0,0,0,1,0,0,0
0.147,0.523598775598299,0.302202788817197,7.69019017597904,-0.197380417696722,0.302202788817197,0.302202788817197,0.221395986781102,0.347998976206747,0.347998976206747,0,0,0,0,0,0,0,0,0,0,0,0,0,1,148,0,0,0,0,0,0,0,0,0,1,0,0,0
0.148,0.523598775598299,0.309836904079742,7.57733754311964,-0.205485615199539,0.309836904079742,0.309836904079742,0.213761871518557,0.331351916710576,0.331351916710576,0,0,0,0,0,0,0,0,0,0,0,0,0,1,149,0,0,0,0,0,0,0,0,0,1,0,0,0
0.149,0.523598775598299,0.317356112833201,7.46044198248739,-0.212865049309063,0.317356112833201,0.317356112833201,0.206242662765097,0.315186252516008,0.315186252516008,0,0,0,0,0,0,0,0,0,0,0,0,0,1,150,0,0,0,0,0,0,0,0,0,1,0,0,0
0.15,0.523598775598299,0.324756564647956,7.33988611199759,-0.219544994022825,0.324756564647956,0.324756564647956,0.198842210950343,0.299501199129202,0.299501199129202,0,0,0,0,0,0,0,0,0,0,0,0,0,1,151,0,0,0,0,0,0,0,0,0,1,0,0,0
0.151,0.523598775598299,0.332034784593451,7.21603833486407,-0.225551485174134,0.332034784593451,0.332034784593451,0.191563991004848,0.284295224679868,0.284295224679868,0,0,0,0,0,0,0,0,0,0,0,0,0,1,152,0,0,0,0,0,0,0,0,0,1,0,0,0
0.152,0.523598775598299,0.339187659094934,7.08925298520318,-0.230910289355735,0.339187659094934,0.339187659094934,0.184411116503364,0.269566092814312,0.269566092814312,0,0,0,0,0,0,0,0,0,0,0,0,0,1,153,0,0,0,0,0,0,0,0,0,1,0,0,0
0.153,0.523598775598299,0.346212421943824,6.95987048951525,-0.235646874984695,0.346212421943824,0.346212421943824,0.177386353654474,0.255310904454038,0.255310904454038,0,0,0,0,0,0,0,0,0,0,0,0,0,1,154,0,0,0,0,0,0,0,0,0,1,0,0,0
0.154,0.523598775598299,0.353106640477031,6.8282175429096,-0.239786385440538,0.353106640477031,0.353106640477031,0.170492135121268,0.241526138410923,0.241526138410923,0,0,0,0,0,0,0,0,0,0,0,0,0,1,155,0,0,0,0,0,0,0,0,0,1,0,0,0
0.155,0.523598775598299,0.359868201939412,6.69460729897545,-0.243353614209058,0.359868201939412,0.359868201939412,0.163730573658886,0.228207690852388,0.228207690852388,0,0,0,0,0,0,0,0,0,0,0,0,0,1,156,0,0,0,0,0,0,0,0,0,1,0,0,0
0.156,0.523598775598299,0.36649530004248,6.55933957223839,-0.246372981964737,0.36649530004248,0.36649530004248,0.157103475555819,0.215350913612295,0.215350913612295,0,0,0,0,0,0,0,0,0,0,0,0,0,1,157,0,0,0,0,0,0,0,0,0,1,0,0,0
0.157,0.523598775598299,0.372986421731426,6.42270105217802,-0.248868515525155,0.372986421731426,0.372986421731426,0.150612353866872,0.202950651345481,0.202950651345481,0,0,0,0,0,0,0,0,0,0,0,0,0,1,158,0,0,0,0,0,0,0,0,0,1,0,0,0
0.158,0.523598775598299,0.37934033417154,6.28496552781871,-0.250863828611288,0.37934033417154,0.37934033417154,0.144258441426759,0.191001277525903,0.191001277525903,0,0,0,0,0,0,0,0,0,0,0,0,0,1,159,0,0,0,0,0,0,0,0,0,1,0,0,0
0.159,0.523598775598299,0.385556071964093,6.14639412194099,-0.252382104348206,0.385556071964093,0.385556071964093,0.138042703634206,0.179496729290311,0.179496729290311,0,0,0,0,0,0,0,0,0,0,0,0,0,1,160,0,0,0,0,0,0,0,0,0,1,0,0,0
0.16,0.523598775598299,0.391632924600873,6.00723553399676,-0.253446079441286,0.391632924600873,0.391632924600873,0.131965850997426,0.168430541131233,0.168430541131233,0,0,0,0,0,0,0,0,0,0,0,0,0,1,161,0,0,0,0,0,0,0,0,0,1,0,0,0
0.161,0.523598775598299,0.397570424165607,5.86772629084638,-0.254078029963802,0.397570424165607,0.397570424165607,0.126028351432692,0.157795877444771,0.157795877444771,0,0,0,0,0,0,0,0,0,0,0,0,0,1,162,0,0,0,0,0,0,0,0,0,1,0,0,0
0.162,0.523598775598299,0.403368333289688,5.72809100447035,-0.254299758692499,0.403368333289688,0.403368333289688,0.120230442308611,0.147585563940343,0.147585563940343,0,0,0,0,0,0,0,0,0,0,0,0,0,1,163,0,0,0,0,0,0,0,0,0,1,0,0,0
0.163,0.523598775598299,0.409026633368747,5.58854263584245,-0.254132583928592,0.409026633368747,0.409026633368747,0.114572142229551,0.137792117921064,0.137792117921064,0,0,0,0,0,0,0,0,0,0,0,0,0,1,164,0,0,0,0,0,0,0,0,0,1,0,0,0
0.164,0.523598775598299,0.414545513045867,5.44928276418499,-0.253597329742536,0.414545513045867,0.414545513045867,0.109053262552432,0.12840777744486,0.12840777744486,0,0,0,0,0,0,0,0,0,0,0,0,0,1,165,0,0,0,0,0,0,0,0,0,1,0,0,0
0.165,0.523598775598299,0.419925356966416,5.3105018608598,-0.252714317581835,0.419925356966416,0.419925356966416,0.103673418631883,0.119424529377771,0.119424529377771,0,0,0,0,0,0,0,0,0,0,0,0,0,1,166,0,0,0,0,0,0,0,0,0,1,0,0,0
0.166,0.523598775598299,0.425166734808806,5.17237956718151,-0.251503359182174,0.425166734808806,0.425166734808806,0.0984320407894929,0.11083413635214,0.11083413635214,0,0,0,0,0,0,0,0,0,0,0,0,0,1,167,0,0,0,0,0,0,0,0,0,1,0,0,0
0.167,0.523598775598299,0.430270390594726,5.03508497547135,-0.249983750723175,0.430270390594726,0.430270390594726,0.0933283850035725,0.102628162643558,0.102628162643558,0,0,0,0,0,0,0,0,0,0,0,0,0,1,168,0,0,0,0,0,0,0,0,0,1,0,0,0
0.168,0.523598775598299,0.435237232281788,4.89877691270157,-0.248174268171176,0.435237232281788,0.435237232281788,0.0883615433165104,0.0947979989814731,0.0947979989814731,0,0,0,0,0,0,0,0,0,0,0,0,0,1,169,0,0,0,0,0,0,0,0,0,1,0,0,0
0.169,0.523598775598299,0.440068321640847,4.76360422611119,-0.246093163752551,0.440068321640847,0.440068321640847,0.0835304539574521,0.087334886309418,0.087334886309418,0,0,0,0,0,0,0,0,0,0,0,0,0,1,170,0,0,0,0,0,0,0,0,0,1,0,0,0
0.17,0.523598775598299,0.444764864419675,4.62970607020414,-0.243758163502229,0.444764864419675,0.444764864419675,0.078833911178624,0.0802299385116552,0.0802299385116552,0,0,0,0,0,0,0,0,0,0,0,0,0,1,171,0,0,0,0,0,0,0,0,0,1,0,0,0
0.171,0.523598775598299,0.449328200794098,4.49721219457029,-0.241186465833282,0.449328200794098,0.449328200794098,0.0742705748042013,0.0734741641239259,0.0734741641239259,0,0,0,0,0,0,0,0,0,0,0,0,0,1,172,0,0,0,0,0,0,0,0,0,1,0,0,0
0.172,0.523598775598299,0.453759796107132,4.36624323199917,-0.238394741074629,0.453759796107132,0.453759796107132,0.0698389794911668,0.0670584870467105,0.0670584870467105,0,0,0,0,0,0,0,0,0,0,0,0,0,1,173,0,0,0,0,0,0,0,0,0,1,0,0,0
0.173,0.523598775598299,0.458061231896179,4.23691098638395,-0.235399131925176,0.458061231896179,0.458061231896179,0.06553754370212,0.0609737662801109,0.0609737662801109,0,0,0,0,0,0,0,0,0,0,0,0,0,1,174,0,0,0,0,0,0,0,0,0,1,0,0,0
0.174,0.523598775598299,0.462234197207813,4.1093187199412,-0.232215254773934,0.462234197207813,0.462234197207813,0.0613645783904855,0.0552108147000697,0.0552108147000697,0,0,0,0,0,0,0,0,0,0,0,0,0,1,175,0,0,0,0,0,0,0,0,0,1,0,0,0
0.175,0.523598775598299,0.466280480199266,3.98356143929862,-0.228858201836961,0.466280480199266,0.466280480199266,0.0573182953990324,0.0497604168961997,0.0497604168961997,0,0,0,0,0,0,0,0,0,0,0,0,0,1,176,0,0,0,0,0,0,0,0,0,1,0,0,0
0.176,0.523598775598299,0.470201960025251,3.85972618002935,-0.225342544063238,0.470201960025251,0.470201960025251,0.0533968155730478,0.044613346091973,0.044613346091973,0,0,0,0,0,0,0,0,0,0,0,0,0,1,177,0,0,0,0,0,0,0,0,0,1,0,0,0
0.177,0.523598775598299,0.474000599008379,3.73789228923654,-0.221682334762887,0.474000599008379,0.474000599008379,0.0495981765899197,0.0397603801684505,0.0397603801684505,0,0,0,0,0,0,0,0,0,0,0,0,0,1,178,0,0,0,0,0,0,0,0,0,1,0,0,0
0.178,0.523598775598299,0.477678435091033,3.61813170581705,-0.217891113912479,0.477678435091033,0.477678435091033,0.0459203405072661,0.0351923168130888,0.0351923168130888,0,0,0,0,0,0,0,0,0,0,0,0,0,1,179,0,0,0,0,0,0,0,0,0,1,0,0,0
0.179,0.523598775598299,0.481237574566193,3.500509238057,-0.213981913093432,0.481237574566193,0.481237574566193,0.0423612010321056,0.0308999878154796,0.0308999878154796,0,0,0,0,0,0,0,0,0,0,0,0,0,1,180,0,0,0,0,0,0,0,0,0,1,0,0,0
0.18,0.523598775598299,0.484680185084395,3.38508283823505,-0.209967261020874,0.484680185084395,0.484680185084395,0.0389185905139035,0.0268742725321228,0.0268742725321228,0,0,0,0,0,0,0,0,0,0,0,0,0,1,181,0,0,0,0,0,0,0,0,0,1,0,0,0
0.181,0.523598775598299,0.488008488933662,3.2719038739323,-0.205859189621627,0.488008488933662,0.488008488933662,0.0355902866646372,0.0231061105425472,0.0231061105425472,0,0,0,0,0,0,0,0,0,0,0,0,0,1,182,0,0,0,0,0,0,0,0,0,1,0,0,0
0.182,0.523598775598299,0.491224756588983,3.16101739576918,-0.201669240621289,0.491224756588983,0.491224756588983,0.0323740190093155,0.0195865135192382,0.0195865135192382,0,0,0,0,0,0,0,0,0,0,0,0,0,1,183,0,0,0,0,0,0,0,0,0,1,0,0,0
0.183,0.523598775598299,0.494331300527643,3.05246240131119,-0.1974084726017,0.494331300527643,0.494331300527643,0.0292674750706562,0.0163065763339516,0.0163065763339516,0,0,0,0,0,0,0,0,0,0,0,0,0,1,184,0,0,0,0,0,0,0,0,0,1,0,0,0
0.184,0.523598775598299,0.497330469306425,2.9462720949056,-0.193087468491398,0.497330469306425,0.497330469306425,0.0262683062918735,0.0132574874230475,0.0132574874230475,0,0,0,0,0,0,0,0,0,0,0,0,0,1,185,0,0,0,0,0,0,0,0,0,1,0,0,0
0.185,0.523598775598299,0.500224641896544,2.84247414323104,-0.188716343452936,0.500224641896544,0.500224641896544,0.0233741337017552,0.0104305384345091,0.0104305384345091,0,0,0,0,0,0,0,0,0,0,0,0,0,1,186,0,0,0,0,0,0,0,0,0,1,0,0,0
0.186,0.523598775598299,0.503016222271882,2.74109092636115,-0.18430475313226,0.503016222271882,0.503016222271882,0.0205825533264171,0.00781713317928982,0.00781713317928982,0,0,0,0,0,0,0,0,0,0,0,0,0,1,187,0,0,0,0,0,0,0,0,0,1,0,0,0
0.187,0.523598775598299,0.505707634245985,2.64213978416144,-0.179861902236584,0.505707634245985,0.505707634245985,0.0178911413523134,0.00540879590958355,0.00540879590958355,0,0,0,0,0,0,0,0,0,0,0,0,0,1,188,0,0,0,0,0,0,0,0,0,1,0,0,0
0.188,0.523598775598299,0.508301316553047,2.5456332578565,-0.175396553408495,0.508301316553047,0.508301316553047,0.0152974590452523,0.00319717894651906,0.00319717894651906,0,0,0,0,0,0,0,0,0,0,0,0,0,1,189,0,0,0,0,0,0,0,0,0,1,0,0,0
0.189,0.523598775598299,0.510799718167979,2.45157932662156,-0.170917036365241,0.510799718167979,0.510799718167979,0.0127990574303198,0.0011740696796578,0.0011740696796578,0,0,0,0,0,0,0,0,0,0,0,0,0,1,190,0,0,0,0,0,0,0,0,0,1,0,0,0
0.19,0.523598775598299,0.513205293860543,2.35998163906875,-0.166431257273423,0.513205293860543,0.513205293860543,0.0103934817377562,-0.000668603039470878,-0.000668603039470878,0,0,0,0,0,0,0,0,0,0,0,0,0,1,191,0,0,0,0,0,0,0,0,0,1,0,0,0
0.191,0.523598775598299,0.515520499978353,2.27083973951392,-0.161946708330499,0.515520499978353,0.515520499978353,0.00807827561994556,-0.00233876308775706,-0.00233876308775706,0,0,0,0,0,0,0,0,0,0,0,0,0,1,192,0,0,0,0,0,0,0,0,0,1,0,0,0
0.192,0.523598775598299,0.517747790453508,2.18414928892513,-0.157470477525727,0.517747790453508,0.517747790453508,0.00585098514479099,-0.00384418182298074,-0.00384418182298074,0,0,0,0,0,0,0,0,0,0,0,0,0,1,193,0,0,0,0,0,0,0,0,0,1,0,0,0
0.193,0.523598775598299,0.519889613027463,2.09990228046792,-0.153009258554348,0.519889613027463,0.519889613027463,0.00370916257083631,-0.00519247337676596,-0.00519247337676596,0,0,0,0,0,0,0,0,0,0,0,0,0,1,194,0,0,0,0,0,0,0,0,0,1,0,0,0
0.194,0.523598775598299,0.521948405688725,2.01808724957655,-0.14856936085997,0.521948405688725,0.521948405688725,0.00165036990957423,-0.00639109046667464,-0.00639109046667464,0,0,0,0,0,0,0,0,0,0,0,0,0,1,195,0,0,0,0,0,0,0,0,0,1,0,0,0
0.195,0.523598775598299,0.523926593317854,1.93868947849322,-0.144156719781267,0.523926593317854,0.523926593317854,-0.000327817719555257,-0.00744732070638134,-0.00744732070638134,0,0,0,0,0,0,0,0,0,0,0,0,0,1,196,0,0,0,0,0,0,0,0,0,1,0,0,0
0.196,0.523598775598299,0.525826584534219,1.86169119522978,-0.139776906780203,0.525826584534219,0.525826584534219,-0.00222780893591978,-0.00836828339316562,-0.00836828339316562,0,0,0,0,0,0,0,0,0,0,0,0,0,1,197,0,0,0,0,0,0,0,0,0,1,0,0,0
0.197,0.523598775598299,0.527650768738907,1.78707176691845,-0.135435139730117,0.527650768738907,0.527650768738907,-0.00405199314060833,-0.0091609267522838,-0.0091609267522838,0,0,0,0,0,0,0,0,0,0,0,0,0,1,198,0,0,0,0,0,0,0,0,0,1,0,0,0
0.198,0.523598775598299,0.529401513348179,1.71480788752929,-0.131136293243047,0.529401513348179,0.529401513348179,-0.00580273774988005,-0.00983202561811463,-0.00983202561811463,0,0,0,0,0,0,0,0,0,0,0,0,0,1,199,0,0,0,0,0,0,0,0,0,1,0,0,0
0.199,0.523598775598299,0.531081161211808,1.64487375994281,-0.12688490901676,0.531081161211808,0.531081161211808,-0.007482385613509,-0.01038817953233,-0.01038817953233,0,0,0,0,0,0,0,0,0,0,0,0,0,1,200,0,0,0,0,0,0,0,0,0,1,0,0,0
0.2,0.523598775598299,0.532692028210677,1.57724127237627,-0.122685206182933,0.532692028210677,0.532692028210677,-0.00909325261237781,-0.0108358112397049,-0.0108358112397049,0,0,0,0,0,0,0,0,0,0,0,0,0,1,201,0,0,0,0,0,0,0,0,0,1,0,0,0
0.201,0.523598775598299,0.534236401027976,1.51188016917205,-0.118541091638991,0.534236401027976,0.534236401027976,-0.0106376254296775,-0.011181165562563,-0.011181165562563,0,0,0,0,0,0,0,0,0,0,0,0,0,1,202,0,0,0,0,0,0,0,0,0,1,0,0,0
0.202,0.523598775598299,0.535716535088383,1.44875821596512,-0.114456170347023,0.535716535088383,0.535716535088383,-0.0121177594900838,-0.0114303086352447,-0.0114303086352447,0,0,0,0,0,0,0,0,0,0,0,0,0,1,203,0,0,0,0,0,0,0,0,0,1,0,0,0
0.203,0.523598775598299,0.537134652659599,1.38784135925559,-0.110433755584205,0.537134652659599,0.537134652659599,-0.0135358770613003,-0.0115891274803853,-0.0115891274803853,0,0,0,0,0,0,0,0,0,0,0,0,0,1,204,0,0,0,0,0,0,0,0,0,1,0,0,0
0.204,0.523598775598299,0.53849294111069,1.32909388042019,-0.106476879130049,0.53849294111069,0.53849294111069,-0.0148941655123909,-0.0116633299092,-0.0116633299092,0,0,0,0,0,0,0,0,0,0,0,0,0,1,205,0,0,0,0,0,0,0,0,0,1,0,0,0
0.205,0.523598775598299,0.539793551321659,1.27247854420397,-0.102588301376714,0.539793551321659,0.539793551321659,-0.0161947757233598,-0.011658444728398,-0.011658444728398,0,0,0,0,0,0,0,0,0,0,0,0,0,1,206,0,0,0,0,0,0,0,0,0,1,0,0,0
0.206,0.523598775598299,0.541038596238783,1.21795674174081,-0.0987705213494892,0.541038596238783,0.541038596238783,-0.0174398206404841,-0.0115798222367602,-0.0115798222367602,0,0,0,0,0,0,0,0,0,0,0,0,0,1,207,0,0,0,0,0,0,0,0,0,1,0,0,0
0.207,0.523598775598299,0.542230149570251,1.16548862815786,-0.0950257866254077,0.542230149570251,0.542230149570251,-0.0186313739719525,-0.0114326349948553,-0.0114326349948553,0,0,0,0,0,0,0,0,0,0,0,0,0,1,208,0,0,0,0,0,0,0,0,0,1,0,0,0
0.208,0.523598775598299,0.543370244616726,1.11503325482494,-0.091356103138779,0.543370244616726,0.543370244616726,-0.0197714690184267,-0.0112218788518016,-0.0112218788518016,0,0,0,0,0,0,0,0,0,0,0,0,0,1,209,0,0,0,0,0,0,0,0,0,1,0,0,0
0.209,0.523598775598299,0.544460873231501,1.06654869631608,-0.0877632448632171,0.544460873231501,0.544460873231501,-0.0208620976332025,-0.0109523742134184,-0.0109523742134184,0,0,0,0,0,0,0,0,0,0,0,0,0,1,210,0,0,0,0,0,0,0,0,0,1,0,0,0
0.21,0.523598775598299,0.545503984905016,1.01999217215537,-0.0842487633605247,0.545503984905016,0.545503984905016,-0.0219052093067172,-0.0106287675365541,-0.0106287675365541,0,0,0,0,0,0,0,0,0,0,0,0,0,1,211,0,0,0,0,0,0,0,0,0,1,0,0,0
0.211,0.523598775598299,0.546501485968527,0.975320163424174,-0.080813997187535,0.546501485968527,0.546501485968527,-0.0229027103702284,-0.010255533034818,-0.010255533034818,0,0,0,0,0,0,0,0,0,0,0,0,0,1,212,0,0,0,0,0,0,0,0,0,1,0,0,0
0.212,0.523598775598299,0.547455238911862,0.932488524311464,-0.0774600811527368,0.547455238911862,0.547455238911862,-0.0238564633135632,-0.00983697458139363,-0.00983697458139363,0,0,0,0,0,0,0,0,0,0,0,0,0,1,213,0,0,0,0,0,0,0,0,0,1,0,0,0
0.213,0.523598775598299,0.548367061810225,0.89145258869289,-0.0741879554152043,0.548367061810225,0.548367061810225,-0.0247682862119259,-0.00937722779504559,-0.00937722779504559,0,0,0,0,0,0,0,0,0,0,0,0,0,1,214,0,0,0,0,0,0,0,0,0,1,0,0,0
0.214,0.523598775598299,0.549238727855135,0.85216727182815,-0.0709983744190262,0.549238727855135,0.549238727855135,-0.025639952256836,-0.00888026229588307,-0.00888026229588307,0,0,0,0,0,0,0,0,0,0,0,0,0,1,215,0,0,0,0,0,0,0,0,0,1,0,0,0
0.215,0.523598775598299,0.550071964984659,0.814587167269476,-0.0678919156570714,0.550071964984659,0.550071964984659,-0.0264731893863606,-0.00834988411788173,-0.00834988411788173,0,0,0,0,0,0,0,0,0,0,0,0,0,1,216,0,0,0,0,0,0,0,0,0,1,0,0,0
0.216,0.523598775598299,0.5508684556082,0.778666639077152,-0.0648689882585555,0.5508684556082,0.5508684556082,-0.0272696800099013,-0.00778973826560528,-0.00778973826560528,0,0,0,0,0,0,0,0,0,0,0,0,0,1,217,0,0,0,0,0,0,0,0,0,1,0,0,0
0.217,0.523598775598299,0.55162983642119,0.744359909440708,-0.0619298413954653,0.55162983642119,0.55162983642119,-0.028031060822891,-0.00720331140300733,-0.00720331140300733,0,0,0,0,0,0,0,0,0,0,0,0,0,1,218,0,0,0,0,0,0,0,0,0,1,0,0,0
0.218,0.523598775598299,0.552357698305156,0.711621141806824,-0.0590745725034743,0.552357698305156,0.552357698305156,-0.0287589227068573,-0.0065939346626291,-0.0065939346626291,0,0,0,0,0,0,0,0,0,0,0,0,0,1,219,0,0,0,0,0,0,0,0,0,1,0,0,0
0.219,0.523598775598299,0.553053586308707,0.680404519617081,-0.0563031353135329,0.553053586308707,0.553053586308707,-0.0294548107104087,-0.00596478656392987,-0.00596478656392987,0,0,0,0,0,0,0,0,0,0,0,0,0,1,220,0,0,0,0,0,0,0,0,0,1,0,0,0
0.22,0.523598775598299,0.553718999705107,0.650664320760533,-0.0536153476908394,0.553718999705107,0.553718999705107,-0.0301202241068083,-0.00531889602992895,-0.00531889602992895,0,0,0,0,0,0,0,0,0,0,0,0,0,1,221,0,0,0,0,0,0,0,0,0,1,0,0,0
0.221,0.523598775598299,0.5543553921222,0.622354987847598,-0.0510108992784066,0.5543553921222,0.5543553921222,-0.0307566165239015,-0.00465914549174255,-0.00465914549174255,0,0,0,0,0,0,0,0,0,0,0,0,0,1,222,0,0,0,0,0,0,0,0,0,1,0,0,0
0.222,0.523598775598299,0.554964171740572,0.595431194413052,-0.0484893589429146,0.554964171740572,0.554964171740572,-0.0313653961422727,-0.00398827407102523,-0.00398827407102523,0,0,0,0,0,0,0,0,0,0,0,0,0,1,223,0,0,0,0,0,0,0,0,0,1,0,0,0
0.223,0.523598775598299,0.555546701555915,0.569847907156935,-0.0460501820210026,0.555546701555915,0.555546701555915,-0.0319479259576158,-0.00330888083073422,-0.00330888083073422,0,0,0,0,0,0,0,0,0,0,0,0,0,1,224,0,0,0,0,0,0,0,0,0,1,0,0,0
0.224,0.523598775598299,0.556104299701708,0.545560444332978,-0.0436927173645881,0.556104299701708,0.556104299701708,-0.0325055241034089,-0.00262342808503391,-0.00262342808503391,0,0,0,0,0,0,0,0,0,0,0,0,0,1,225,0,0,0,0,0,0,0,0,0,1,0,0,0
0.225,0.523598775598299,0.556638239828397,0.522524530394696,-0.0414162141842178,0.556638239828397,0.556638239828397,-0.0330394642300981,-0.00193424475955942,-0.00193424475955942,0,0,0,0,0,0,0,0,0,0,0,0,0,1,226,0,0,0,0,0,0,0,0,0,1,0,0,0
0.226,0.523598775598299,0.557149751535401,0.500696347009665,-0.0392198286898471,0.557149751535401,0.557149751535401,-0.0335509759371021,-0.00124352979365411,-0.00124352979365411,0,0,0,0,0,0,0,0,0,0,0,0,0,1,227,0,0,0,0,0,0,0,0,0,1,0,0,0
0.227,0.523598775598299,0.55764002085236,0.480032580552615,-0.0371026305288252,0.55764002085236,0.55764002085236,-0.0340412452540612,-0.000553355576565995,-0.000553355576565995,0,0,0,0,0,0,0,0,0,0,0,0,0,1,228,0,0,0,0,0,0,0,0,0,1,0,0,0
0.228,0.523598775598299,0.558110190766163,0.460490466187942,-0.0350636090212093,0.558110190766163,0.558110190766163,-0.0345114151678637,0.000134328590022936,0.000134328590022936,0,0,0,0,0,0,0,0,0,0,0,0,0,1,229,0,0,0,0,0,0,0,0,0,1,0,0,0
0.229,0.523598775598299,0.558561361790397,0.442027828651971,-0.0331016791928732,0.558561361790397,0.558561361790397,-0.0349625861920984,0.000817693010391057,0.000817693010391057,0,0,0,0,0,0,0,0,0,0,0,0,0,1,230,0,0,0,0,0,0,0,0,0,1,0,0,0
0.23,0.523598775598299,0.55899459257398,0.424603119844929,-0.0312156876071893,0.55899459257398,0.55899459257398,-0.0353958169756816,0.00149502410100469,0.00149502410100469,0,0,0,0,0,0,0,0,0,0,0,0,0,1,231,0,0,0,0,0,0,0,0,0,1,0,0,0
0.231,0.523598775598299,0.559410900545828,0.408175453341968,-0.0294044179963584,0.559410900545828,0.559410900545828,-0.0358121249475294,0.00216472089111645,0.00216472089111645,0,0,0,0,0,0,0,0,0,0,0,0,0,1,232,0,0,0,0,0,0,0,0,0,1,0,0,0
0.232,0.523598775598299,0.559811262592543,0.392704635931899,-0.0276665966937458,0.559811262592543,0.559811262592543,-0.0362124869942441,0.00282529152393955,0.00282529152393955,0,0,0,0,0,0,0,0,0,0,0,0,0,1,233,0,0,0,0,0,0,0,0,0,1,0,0,0
0.233,0.523598775598299,0.560196615766198,0.378151196291374,-0.026000897868841,0.560196615766198,0.560196615766198,-0.0365978401678988,0.00347534976426202,0.00347534976426202,0,0,0,0,0,0,0,0,0,0,0,0,0,1,234,0,0,0,0,0,0,0,0,0,1,0,0,0
0.234,0.523598775598299,0.560567858019407,0.364476410901297,-0.0244059485667044,0.560567858019407,0.560567858019407,-0.0369690824211085,0.00411361151803526,0.00411361151803526,0,0,0,0,0,0,0,0,0,0,0,0,0,1,235,0,0,0,0,0,0,0,0,0,1,0,0,0
0.235,0.523598775598299,0.560925848964982,0.35164232731106,-0.0228803335539948,0.560925848964982,0.560925848964982,-0.0373270733666827,0.0047388913691517,0.0047388913691517,0,0,0,0,0,0,0,0,0,0,0,0,0,1,236,0,0,0,0,0,0,0,0,0,1,0,0,0
0.236,0.523598775598299,0.561271410657558,0.339611784855007,-0.0214225999738828,0.561271410657558,0.561271410657558,-0.0376726350592592,0.0053500991383184,0.0053500991383184,0,0,0,0,0,0,0,0,0,0,0,0,0,1,237,0,0,0,0,0,0,0,0,0,1,0,0,0
0.237,0.523598775598299,0.561605328394724,0.328348432924123,-0.0200312618123517,0.561605328394724,0.561605328394724,-0.0380065527964247,0.00594623646862101,0.00594623646862101,0,0,0,0,0,0,0,0,0,0,0,0,0,1,238,0,0,0,0,0,0,0,0,0,1,0,0,0
0.238,0.523598775598299,0.561928351535224,0.317816746894515,-0.0187048041785746,0.561928351535224,0.561928351535224,-0.0383295759369253,0.0065263934420938,0.0065263934420938,0,0,0,0,0,0,0,0,0,0,0,0,0,1,239,0,0,0,0,0,0,0,0,0,1,0,0,0
0.239,0.523598775598299,0.562241194331976,0.307982041812692,-0.0174416874022185,0.562241194331976,0.562241194331976,-0.0386424187336776,0.00708974523130479,0.00708974523130479,0,0,0,0,0,0,0,0,0,0,0,0,0,1,240,0,0,0,0,0,0,0,0,0,1,0,0,0
0.24,0.523598775598299,0.562544536777682,0.298810483936022,-0.0162403509506849,0.562544536777682,0.562544536777682,-0.0389457611793829,0.00763554878971055,0.00763554878971055,0,0,0,0,0,0,0,0,0,0,0,0,0,1,241,0,0,0,0,0,0,0,0,0,1,0,0,0
0.241,0.523598775598299,0.56283902546095,0.290269100225021,-0.0150992171694359,0.56283902546095,0.56283902546095,-0.0392402498626508,0.008163139584249,0.008163139584249,0,0,0,0,0,0,0,0,0,0,0,0,0,1,242,0,0,0,0,0,0,0,0,0,1,0,0,0
0.242,0.523598775598299,0.563125274430929,0.28232578588236,-0.0140166948486812,0.563125274430929,0.563125274430929,-0.0395264988326306,0.00867192837338893,0.00867192837338893,0,0,0,0,0,0,0,0,0,0,0,0,0,1,243,0,0,0,0,0,0,0,0,0,1,0,0,0
0.243,0.523598775598299,0.563403866068542,0.274949310031621,-0.0129911826198195,0.563403866068542,0.563403866068542,-0.0398050904702428,0.00916139803360135,0.00916139803360135,0,0,0,0,0,0,0,0,0,0,0,0,0,1,244,0,0,0,0,0,0,0,0,0,1,0,0,0
0.244,0.523598775598299,0.563675351962498,0.268109319626928,-0.0120210721851283,0.563675351962498,0.563675351962498,-0.0400765763641991,0.00963110043697345,0.00963110043697345,0,0,0,0,0,0,0,0,0,0,0,0,0,1,245,0,0,0,0,0,0,0,0,0,1,0,0,0
0.245,0.523598775598299,0.563940253788382,0.261776341682642,-0.0111047513842906,0.563940253788382,0.563940253788382,-0.0403414781900828,0.0100806533824573,0.0100806533824573,0,0,0,0,0,0,0,0,0,0,0,0,0,1,246,0,0,0,0,0,0,0,0,0,1,0,0,0
0.246,0.523598775598299,0.564199064189156,0.255921783910281,-0.0102406071014255,0.564199064189156,0.564199064189156,-0.0406002885908571,0.010509737583011,0.010509737583011,0,0,0,0,0,0,0,0,0,0,0,0,0,1,247,0,0,0,0,0,0,0,0,0,1,0,0,0
0.247,0.523598775598299,0.564452247655547,0.250517933847827,-0.00942702801636246,0.564452247655547,0.564452247655547,-0.0408534720572482,0.0109180937106862,0.0109180937106862,0,0,0,0,0,0,0,0,0,0,0,0,0,1,248,0,0,0,0,0,0,0,0,0,1,0,0,0
0.248,0.523598775598299,0.564700241404838,0.245537956564471,-0.00866240720395735,0.564700241404838,0.564700241404838,-0.0411014658065393,0.0113055195014942,0.0113055195014942,0,0,0,0,0,0,0,0,0,0,0,0,0,1,249,0,0,0,0,0,0,0,0,0,1,0,0,0
0.249,0.523598775598299,0.564943456256689,0.240955891021789,-0.00794514458529826,0.564943456256689,0.564943456256689,-0.0413446806583906,0.0116718669216901,0.0116718669216901,0,0,0,0,0,0,0,0,0,0,0,0,0,1,250,0,0,0,0,0,0,0,0,0,1,0,0,0
0.25,0.523598775598299,0.565182277504681,0.236746645170185,-0.00727364923469377,0.565182277504681,0.565182277504681,-0.0415835019063819,0.0120170393969204,0.0120170393969204,0,0,0,0,0,0,0,0,0,0,0,0,0,1,251,0,0,0,0,0,0,0,0,0,1,0,0,0
0.251,0.523598775598299,0.56541706578235,0.232885989857328,-0.00664634154636476,0.56541706578235,0.56541706578235,-0.0418182901840509,0.0123409891054957,0.0123409891054957,0,0,0,0,0,0,0,0,0,0,0,0,0,1,252,0,0,0,0,0,0,0,0,0,1,0,0,0
0.252,0.523598775598299,0.565648157922577,0.229350551623132,-0.00606165526478733,0.565648157922577,0.565648157922577,-0.0420493823242778,0.0126437143368691,0.0126437143368691,0,0,0,0,0,0,0,0,0,0,0,0,0,1,253,0,0,0,0,0,0,0,0,0,1,0,0,0
0.253,0.523598775598299,0.565875867809236,0.226117804453685,-0.00551803938265054,0.565875867809236,0.565875867809236,-0.0422770922109377,0.0129252569162413,0.0129252569162413,0,0,0,0,0,0,0,0,0,0,0,0,0,1,254,0,0,0,0,0,0,0,0,0,1,0,0,0
0.254,0.523598775598299,0.566100487220115,0.223166060564357,-0.00501395991039965,0.566100487220115,0.566100487220115,-0.0425017116218163,0.0131856996960428,0.0131856996960428,0,0,0,0,0,0,0,0,0,0,0,0,0,1,255,0,0,0,0,0,0,0,0,0,1,0,0,0
0.255,0.523598775598299,0.56632228666015,0.220474460280156,-0.0045479015213387,0.56632228666015,0.56632228666015,-0.0427235110618511,0.0134251641148966,0.0134251641148966,0,0,0,0,0,0,0,0,0,0,0,0,0,1,256,0,0,0,0,0,0,0,0,0,1,0,0,0
0.256,0.523598775598299,0.566541516184129,0.218022961079219,-0.00411836907625957,0.566541516184129,0.566541516184129,-0.0429427405858304,0.013643807824513,0.013643807824513,0,0,0,0,0,0,0,0,0,0,0,0,0,1,257,0,0,0,0,0,0,0,0,0,1,0,0,0
0.257,0.523598775598299,0.566758406208041,0.215792325863192,-0.00372388903155425,0.566758406208041,0.566758406208041,-0.0431596306097422,0.0138418223848347,0.0138418223848347,0,0,0,0,0,0,0,0,0,0,0,0,0,1,258,0,0,0,0,0,0,0,0,0,1,0,0,0
0.258,0.523598775598299,0.566973168308333,0.213764110516083,-0.00336301073474765,0.566973168308333,0.566973168308333,-0.0433743927100344,0.0140194310276138,0.0140194310276138,0,0,0,0,0,0,0,0,0,0,0,0,0,1,259,0,0,0,0,0,0,0,0,0,1,0,0,0
0.259,0.523598775598299,0.567185996008401,0.21192065081104,-0.00303430761136609,0.567185996008401,0.567185996008401,-0.043587220410102,0.0141768864884792,0.0141768864884792,0,0,0,0,0,0,0,0,0,0,0,0,0,1,260,0,0,0,0,0,0,0,0,0,1,0,0,0
0.26,0.523598775598299,0.567397065551678,0.210245048722391,-0.00273637824702683,0.567397065551678,0.567397065551678,-0.0437982899533792,0.0143144689074311,0.0143144689074311,0,0,0,0,0,0,0,0,0,0,0,0,0,1,261,0,0,0,0,0,0,0,0,0,1,0,0,0
0.261,0.523598775598299,0.567606536660768,0.208721158198174,-0.00246784736860126,0.567606536660768,0.567606536660768,-0.0440077610624694,0.0144324837975943,0.0144324837975943,0,0,0,0,0,0,0,0,0,0,0,0,0,1,262,0,0,0,0,0,0,0,0,0,1,0,0,0
0.262,0.523598775598299,0.567814553282099,0.207333570446299,-0.00222736672826443,0.567814553282099,0.567814553282099,-0.0442157776838003,0.0145312600819464,0.0145312600819464,0,0,0,0,0,0,0,0,0,0,0,0,0,1,263,0,0,0,0,0,0,0,0,0,1,0,0,0
0.263,0.523598775598299,0.568021244315642,0.206067598785437,-0.00201361589420241,0.568021244315642,0.568021244315642,-0.044422468717343,0.0146111481976466,0.0146111481976466,0,0,0,0,0,0,0,0,0,0,0,0,0,1,264,0,0,0,0,0,0,0,0,0,1,0,0,0
0.264,0.523598775598299,0.568226724329284,0.204909263109681,-0.00182530295170066,0.568226724329284,0.568226724329284,-0.0446279487309853,0.0146725182674914,0.0146725182674914,0,0,0,0,0,0,0,0,0,0,0,0,0,1,265,0,0,0,0,0,0,0,0,0,1,0,0,0
0.265,0.523598775598299,0.568431094257495,0.20384527401404,-0.00166116511828657,0.568431094257495,0.568431094257495,-0.0448323186591958,0.0147157583379383,0.0147157583379383,0,0,0,0,0,0,0,0,0,0,0,0,0,1,266,0,0,0,0,0,0,0,0,0,1,0,0,0
0.266,0.523598775598299,0.568634442083962,0.202863016625819,-0.00151996927654574,0.568634442083962,0.568634442083962,-0.045035666485663,0.0147412726830564,0.0147412726830564,0,0,0,0,0,0,0,0,0,0,0,0,0,1,267,0,0,0,0,0,0,0,0,0,1,0,0,0
0.267,0.523598775598299,0.568836843507936,0.201950534185023,-0.00140051242817331,0.568836843507936,0.568836843507936,-0.0452380679096375,0.0147494801736844,0.0147494801736844,0,0,0,0,0,0,0,0,0,0,0,0,0,1,268,0,0,0,0,0,0,0,0,0,1,0,0,0
0.268,0.523598775598299,0.569038362594044,0.201096511414989,-0.00130162207276278,0.569038362594044,0.569038362594044,-0.0454395869957447,0.0147408127110113,0.0147408127110113,0,0,0,0,0,0,0,0,0,0,0,0,0,1,269,0,0,0,0,0,0,0,0,0,1,0,0,0
0.269,0.523598775598299,0.56923905240538,0.200290257722588,-0.00122215651477015,0.56923905240538,0.56923905240538,-0.0456402768070812,0.0147157137237211,0.0147157137237211,0,0,0,0,0,0,0,0,0,0,0,0,0,1,270,0,0,0,0,0,0,0,0,0,1,0,0,0
0.27,0.523598775598299,0.56943895561974,0.199521690265472,-0.00116100510202766,0.56943895561974,0.56943895561974,-0.0458401800214416,0.0146746367277861,0.0146746367277861,0,0,0,0,0,0,0,0,0,0,0,0,0,1,271,0,0,0,0,0,0,0,0,0,1,0,0,0
0.271,0.523598775598299,0.569638105128859,0.198781316922059,-0.00111708839911409,0.569638105128859,0.569638105128859,-0.0460393295305604,0.0146180439479419,0.0146180439479419,0,0,0,0,0,0,0,0,0,0,0,0,0,1,272,0,0,0,0,0,0,0,0,0,1,0,0,0
0.272,0.523598775598299,0.569836524620589,0.198060219198165,-0.00108935829881702,0.569836524620589,0.569836524620589,-0.0462377490222901,0.0145464049998141,0.0145464049998141,0,0,0,0,0,0,0,0,0,0,0,0,0,1,273,0,0,0,0,0,0,0,0,0,1,0,0,0
0.273,0.523598775598299,0.570034229143966,0.197350035102468,-0.0010767980748548,0.570034229143966,0.570034229143966,-0.046435453545667,0.0144601956316334,0.0144601956316334,0,0,0,0,0,0,0,0,0,0,0,0,0,1,274,0,0,0,0,0,0,0,0,0,1,0,0,0
0.274,0.523598775598299,0.57023122565715,0.196642942021289,-0.00107842237895072,0.57023122565715,0.57023122565715,-0.0466324500588513,0.0143598965244216,0.0143598965244216,0,0,0,0,0,0,0,0,0,0,0,0,0,1,275,0,0,0,0,0,0,0,0,0,1,0,0,0
0.275,0.523598775598299,0.570427513558251,0.19593163962154,-0.00109327718527982,0.570427513558251,0.570427513558251,-0.0468287379599518,0.0142459921495013,0.0142459921495013,0,0,0,0,0,0,0,0,0,0,0,0,0,1,276,0,0,0,0,0,0,0,0,0,1,0,0,0
0.276,0.523598775598299,0.570623085199078,0.195209332809064,-0.00112043968523299,0.570623085199078,0.570623085199078,-0.0470243096007795,0.014118969682146,0.014118969682146,0,0,0,0,0,0,0,0,0,0,0,0,0,1,277,0,0,0,0,0,0,0,0,0,1,0,0,0
0.277,0.523598775598299,0.570817926381898,0.194469714768027,-0.00115901813536662,0.570817926381898,0.570817926381898,-0.0472191507835993,0.0139793179701472,0.0139793179701472,0,0,0,0,0,0,0,0,0,0,0,0,0,1,278,0,0,0,0,0,0,0,0,0,1,0,0,0
0.278,0.523598775598299,0.571012016839269,0.193706950105507,-0.0012081516613324,0.571012016839269,0.571012016839269,-0.0474132412409702,0.0138275265560658,0.0138275265560658,0,0,0,0,0,0,0,0,0,0,0,0,0,1,279,0,0,0,0,0,0,0,0,0,1,0,0,0
0.279,0.523598775598299,0.571205330697092,0.192915658123916,-0.00126701002050121,0.571205330697092,0.571205330697092,-0.0476065550987932,0.0136640847518982,0.0136640847518982,0,0,0,0,0,0,0,0,0,0,0,0,0,1,280,0,0,0,0,0,0,0,0,0,1,0,0,0
0.28,0.523598775598299,0.571397836921002,0.192090896242477,-0.00133479332591937,0.571397836921002,0.571397836921002,-0.0477990613227034,0.0134894807648707,0.0134894807648707,0,0,0,0,0,0,0,0,0,0,0,0,0,1,281,0,0,0,0,0,0,0,0,0,1,0,0,0
0.281,0.523598775598299,0.571589499746266,0.191228143587556,-0.00141073173415807,0.571589499746266,0.571589499746266,-0.0479907241479677,0.0133042008730639,0.0133042008730639,0,0,0,0,0,0,0,0,0,0,0,0,0,1,282,0,0,0,0,0,0,0,0,0,1,0,0,0
0.282,0.523598775598299,0.571780279091363,0.190323284770293,-0.00149408509953806,0.571780279091363,0.571780279091363,-0.048181503493064,0.0131087286495489,0.0131087286495489,0,0,0,0,0,0,0,0,0,0,0,0,0,1,283,0,0,0,0,0,0,0,0,0,1,0,0,0
0.283,0.523598775598299,0.571970130955438,0.189372593868686,-0.00158414259713449,0.571970130955438,0.571970130955438,-0.0483713553571397,0.012903544233712,0.012903544233712,0,0,0,0,0,0,0,0,0,0,0,0,0,1,284,0,0,0,0,0,0,0,0,0,1,0,0,0
0.284,0.523598775598299,0.572159007799858,0.18837271862996,-0.00168022231688861,0.572159007799858,0.572159007799858,-0.0485602322015596,0.0126891236484333,0.0126891236484333,0,0,0,0,0,0,0,0,0,0,0,0,0,1,285,0,0,0,0,0,0,0,0,0,1,0,0,0
0.285,0.523598775598299,0.572346858914074,0.187320664907886,-0.00178167083107613,0.572346858914074,0.572346858914074,-0.0487480833157752,0.0124659381617797,0.0124659381617797,0,0,0,0,0,0,0,0,0,0,0,0,0,1,286,0,0,0,0,0,0,0,0,0,1,0,0,0
0.286,0.523598775598299,0.57253363076605,0.186213781348459,-0.0018878627373053,0.57253363076605,0.57253363076605,-0.0489348551677513,0.0122344536918755,0.0122344536918755,0,0,0,0,0,0,0,0,0,0,0,0,0,1,287,0,0,0,0,0,0,0,0,0,1,0,0,0
0.287,0.523598775598299,0.572719267337509,0.185049744336255,-0.00199820017913985,0.572719267337509,0.572719267337509,-0.0491204917392104,0.0119951302536029,0.0119951302536029,0,0,0,0,0,0,0,0,0,0,0,0,0,1,288,0,0,0,0,0,0,0,0,0,1,0,0,0
0.288,0.523598775598299,0.572903710444255,0.183826543212644,-0.00211211234636854,0.572903710444255,0.572903710444255,-0.0493049348459563,0.011748421445801,0.011748421445801,0,0,0,0,0,0,0,0,0,0,0,0,0,1,289,0,0,0,0,0,0,0,0,0,1,0,0,0
0.289,0.523598775598299,0.573086900041857,0.182542465775986,-0.00222905495686523,0.573086900041857,0.573086900041857,-0.0494881244435579,0.011494773977622,0.011494773977622,0,0,0,0,0,0,0,0,0,0,0,0,0,1,290,0,0,0,0,0,0,0,0,0,1,0,0,0
0.29,0.523598775598299,0.573268774516975,0.181196084072916,-0.00234850972191115,0.573268774516975,0.573268774516975,-0.0496699989186761,0.0112346272327221,0.0112346272327221,0,0,0,0,0,0,0,0,0,0,0,0,0,1,291,0,0,0,0,0,0,0,0,0,1,0,0,0
0.291,0.523598775598299,0.573449270964632,0.17978624048883,-0.00246998379677586,0.573449270964632,0.573449270964632,-0.0498504953663335,0.0109684128699603,0.0109684128699603,0,0,0,0,0,0,0,0,0,0,0,0,0,1,292,0,0,0,0,0,0,0,0,0,1,0,0,0
0.292,0.523598775598299,0.573628325451723,0.178312034144746,-0.00259300921828327,0.573628325451723,0.573628325451723,-0.0500295498534244,0.010696554459303,0.010696554459303,0,0,0,0,0,0,0,0,0,0,0,0,0,1,293,0,0,0,0,0,0,0,0,0,1,0,0,0
0.293,0.523598775598299,0.573805873267079,0.176772807606811,-0.00271714233101377,0.573805873267079,0.573805873267079,-0.0502070976687801,0.010419467151629,0.010419467151629,0,0,0,0,0,0,0,0,0,0,0,0,0,1,294,0,0,0,0,0,0,0,0,0,1,0,0,0
0.294,0.523598775598299,0.573981849158399,0.175168133913857,-0.00284196320372731,0.573981849158399,0.573981849158399,-0.0503830735600997,0.0101375573811538,0.0101375573811538,0,0,0,0,0,0,0,0,0,0,0,0,0,1,295,0,0,0,0,0,0,0,0,0,1,0,0,0
0.295,0.523598775598299,0.574156187556371,0.173497803927572,-0.0029670750375198,0.574156187556371,0.574156187556371,-0.0505574119580725,0.00985122259919982,0.00985122259919982,0,0,0,0,0,0,0,0,0,0,0,0,0,1,296,0,0,0,0,0,0,0,0,0,1,0,0,0
0.296,0.523598775598299,0.574328822786309,0.171761814009075,-0.00309210356715908,0.574328822786309,0.574328822786309,-0.0507300471880101,0.0095608510380622,0.0095608510380622,0,0,0,0,0,0,0,0,0,0,0,0,0,1,297,0,0,0,0,0,0,0,0,0,1,0,0,0
0.297,0.523598775598299,0.574499689267621,0.169960354024919,-0.00321669645697813,0.574499689267621,0.574499689267621,-0.0509009136693225,0.00926682150372704,0.00926682150372704,0,0,0,0,0,0,0,0,0,0,0,0,0,1,298,0,0,0,0,0,0,0,0,0,1,0,0,0
0.298,0.523598775598299,0.574668721701463,0.168093795684823,-0.00334052269263982,0.574668721701463,0.574668721701463,-0.0510699461031643,0.00896950319622777,0.00896950319622777,0,0,0,0,0,0,0,0,0,0,0,0,0,1,299,0,0,0,0,0,0,0,0,0,1,0,0,0
0.299,0.523598775598299,0.574835855246884,0.166162681212769,-0.00346327197002158,0.574835855246884,0.574835855246884,-0.0512370796485851,0.00866925555644091,0.00866925555644091,0,0,0,0,0,0,0,0,0,0,0,0,0,1,300,0,0,0,0,0,0,0,0,0,1,0,0,0
0.3,0.523598775598299,0.575001025685819,0.164167712352429,-0.00358465408240521,0.575001025685819,0.575001025685819,-0.0514022500875198,0.00836642813813543,0.00836642813813543,0,0,0,0,0,0,0,0,0,0,0,0,0,1,301,0,0,0,0,0,0,0,0,0,1,0,0,0
0.301,0.523598775598299,0.575164169577248,0.162109739707272,-0.00370439830709858,0.575164169577248,0.575164169577248,-0.0515653939789489,0.0080613605041279,0.0080613605041279,0,0,0,0,0,0,0,0,0,0,0,0,0,1,302,0,0,0,0,0,0,0,0,0,1,0,0,0
0.302,0.523598775598299,0.575325224400868,0.159989752415143,-0.00382225279255171,0.575325224400868,0.575325224400868,-0.0517264488025692,0.00775438214539947,0.00775438214539947,0,0,0,0,0,0,0,0,0,0,0,0,0,1,303,0,0,0,0,0,0,0,0,0,1,0,0,0
0.303,0.523598775598299,0.575484128690602,0.157808868156524,-0.00393798394697488,0.575484128690602,0.575484128690602,-0.0518853530923035,0.0074458124220679,0.0074458124220679,0,0,0,0,0,0,0,0,0,0,0,0,0,1,304,0,0,0,0,0,0,0,0,0,1,0,0,0
0.304,0.523598775598299,0.575640822158285,0.155568323495175,-0.00405137582940695,0.575640822158285,0.575640822158285,-0.0520420465599867,0.00713596052512058,0.00713596052512058,0,0,0,0,0,0,0,0,0,0,0,0,0,1,305,0,0,0,0,0,0,0,0,0,1,0,0,0
0.305,0.523598775598299,0.575795245807856,0.153269464549378,-0.00416222954412826,0.575795245807856,0.575795245807856,-0.0521964702095569,0.00682512545784822,0.00682512545784822,0,0,0,0,0,0,0,0,0,0,0,0,0,1,306,0,0,0,0,0,0,0,0,0,1,0,0,0
0.306,0.523598775598299,0.575947342040381,0.150913737991534,-0.00427036263925669,0.575947342040381,0.575947342040381,-0.0523485664420822,0.00651359603593549,0.00651359603593549,0,0,0,0,0,0,0,0,0,0,0,0,0,1,307,0,0,0,0,0,0,0,0,0,1,0,0,0
0.307,0.523598775598299,0.57609705475025,0.148502682373427,-0.00437560851031421,0.57609705475025,0.57609705475025,-0.0524982791519513,0.00620165090519206,0.00620165090519206,0,0,0,0,0,0,0,0,0,0,0,0,0,1,308,0,0,0,0,0,0,0,0,0,1,0,0,0
0.308,0.523598775598299,0.576244329412848,0.146037919774071,-0.00447781580950021,0.576244329412848,0.576244329412848,-0.0526455538145489,0.00588955857593906,0.00588955857593906,0,0,0,0,0,0,0,0,0,0,0,0,0,1,309,0,0,0,0,0,0,0,0,0,1,0,0,0
0.309,0.523598775598299,0.57638911316404,0.143521147766696,-0.00457684786135687,0.57638911316404,0.57638911316404,-0.0527903375657413,0.00557757747307852,0.00557757747307852,0,0,0,0,0,0,0,0,0,0,0,0,0,1,310,0,0,0,0,0,0,0,0,0,1,0,0,0
0.31,0.523598775598299,0.576531354871783,0.14095413170104,-0.00467258208546626,0.576531354871783,0.576531354871783,-0.0529325792734846,0.00526595600091315,0.00526595600091315,0,0,0,0,0,0,0,0,0,0,0,0,0,1,311,0,0,0,0,0,0,0,0,0,1,0,0,0
0.311,0.523598775598299,0.576671005200172,0.138338697296832,-0.00476490942677043,0.576671005200172,0.576671005200172,-0.0530722296018729,0.00495493262180263,0.00495493262180263,0,0,0,0,0,0,0,0,0,0,0,0,0,1,312,0,0,0,0,0,0,0,0,0,1,0,0,0
0.312,0.523598775598299,0.576808016666231,0.135676723544012,-0.00485373379406098,0.576808016666231,0.576808016666231,-0.0532092410679327,0.00464473594776538,0.00464473594776538,0,0,0,0,0,0,0,0,0,0,0,0,0,1,313,0,0,0,0,0,0,0,0,0,1,0,0,0
0.313,0.523598775598299,0.576942343689768,0.132970135904997,-0.00493897150714309,0.576942343689768,0.576942343689768,-0.0533435680914695,0.00433558484417224,0.00433558484417224,0,0,0,0,0,0,0,0,0,0,0,0,0,1,314,0,0,0,0,0,0,0,0,0,1,0,0,0
0.314,0.523598775598299,0.577073942636564,0.130220899814011,-0.0050205507531341,0.577073942636564,0.577073942636564,-0.0534751670382653,0.0040276885446916,0.0040276885446916,0,0,0,0,0,0,0,0,0,0,0,0,0,1,315,0,0,0,0,0,0,0,0,0,1,0,0,0
0.315,0.523598775598299,0.577202771855221,0.127431014468282,-0.00509841105231914,0.577202771855221,0.577202771855221,-0.0536039962569222,0.00372124677668226,0.00372124677668226,0,0,0,0,0,0,0,0,0,0,0,0,0,1,316,0,0,0,0,0,0,0,0,0,1,0,0,0
0.316,0.523598775598299,0.577328791707939,0.124602506905713,-0.0051725027339454,0.577328791707939,0.577328791707939,-0.0537300161096403,0.00341644989625195,0.00341644989625195,0,0,0,0,0,0,0,0,0,0,0,0,0,1,317,0,0,0,0,0,0,0,0,0,1,0,0,0
0.317,0.523598775598299,0.577451964595514,0.121737426363418,-0.00524278642229958,0.577451964595514,0.577451964595514,-0.0538531889972147,0.00311347903222256,0.00311347903222256,0,0,0,0,0,0,0,0,0,0,0,0,0,1,318,0,0,0,0,0,0,0,0,0,1,0,0,0
0.318,0.523598775598299,0.577572254976827,0.118837838911353,-0.00530923253337831,0.577572254976827,0.577572254976827,-0.0539734793785284,0.00281250623827789,0.00281250623827789,0,0,0,0,0,0,0,0,0,0,0,0,0,1,319,0,0,0,0,0,0,0,0,0,1,0,0,0
0.319,0.523598775598299,0.577689629383114,0.115905822355136,-0.00537182078242445,0.577689629383114,0.577689629383114,-0.0540908537848152,0.00251369465258372,0.00251369465258372,0,0,0,0,0,0,0,0,0,0,0,0,0,1,320,0,0,0,0,0,0,0,0,0,1,0,0,0
0.32,0.523598775598299,0.577804056427255,0.112943461402002,-0.00543053970257158,0.577804056427255,0.577804056427255,-0.0542052808289563,0.00221719866420794,0.00221719866420794,0,0,0,0,0,0,0,0,0,0,0,0,0,1,321,0,0,0,0,0,0,0,0,0,1,0,0,0
0.321,0.523598775598299,0.577915506808371,0.10995284308371,-0.00548538617480485,0.577915506808371,0.577915506808371,-0.0543167312100722,0.00192316408568485,0.00192316408568485,0,0,0,0,0,0,0,0,0,0,0,0,0,1,322,0,0,0,0,0,0,0,0,0,1,0,0,0
0.322,0.523598775598299,0.578023953311962,0.106936052430166,-0.00553636496941705,0.578023953311962,0.578023953311962,-0.0544251777136635,0.00163172833109532,0.00163172833109532,0,0,0,0,0,0,0,0,0,0,0,0,0,1,323,0,0,0,0,0,0,0,0,0,1,0,0,0
0.323,0.523598775598299,0.578129370805847,0.10389516838739,-0.00558348829911014,0.578129370805847,0.578129370805847,-0.0545305952075478,0.00134302059906127,0.00134302059906127,0,0,0,0,0,0,0,0,0,0,0,0,0,1,324,0,0,0,0,0,0,0,0,0,1,0,0,0
0.324,0.523598775598299,0.578231736232133,0.100832259973421,-0.0056267753838635,0.578231736232133,0.578231736232133,-0.0546329606338346,0.00105716206007331,0.00105716206007331,0,0,0,0,0,0,0,0,0,0,0,0,0,1,325,0,0,0,0,0,0,0,0,0,1,0,0,0
0.325,0.523598775598299,0.578331028595471,0.0977493826656874,-0.00566625202766534,0.578331028595471,0.578331028595471,-0.0547322529971718,0.000774266047601335,0.000774266047601335,0,0,0,0,0,0,0,0,0,0,0,0,0,1,326,0,0,0,0,0,0,0,0,0,1,0,0,0
0.326,0.523598775598299,0.578427228947791,0.0946485750133452,-0.00570195020717625,0.578427228947791,0.578427228947791,-0.0548284533494926,0.000494438252452378,0.000494438252452378,0,0,0,0,0,0,0,0,0,0,0,0,0,1,327,0,0,0,0,0,0,0,0,0,1,0,0,0
0.327,0.523598775598299,0.578520320369784,0.0915318554680311,-0.00573390767237226,0.578520320369784,0.578520320369784,-0.0549215447714853,0.000217776919870571,0.000217776919870571,0,0,0,0,0,0,0,0,0,0,0,0,0,1,328,0,0,0,0,0,0,0,0,0,1,0,0,0
0.328,0.523598775598299,0.578610287949298,0.0884012194264982,-0.00576216755919084,0.578610287949298,0.578610287949298,-0.055011512350999,-5.56269511051422e-05,-5.56269511051422e-05,0,0,0,0,0,0,0,0,0,0,0,0,0,1,329,0,0,0,0,0,0,0,0,0,1,0,0,0
0.329,0.523598775598299,0.578697118756895,0.085258636478576,-0.00578677801418162,0.578697118756895,0.578697118756895,-0.0550983431585966,-0.000325689406488749,-0.000325689406488749,0,0,0,0,0,0,0,0,0,0,0,0,0,1,330,0,0,0,0,0,0,0,0,0,1,0,0,0
0.33,0.523598775598299,0.578780801818753,0.0821060478539151,-0.00580779183114399,0.578780801818753,0.578780801818753,-0.0551820262204543,-0.000592333334839351,-0.000592333334839351,0,0,0,0,0,0,0,0,0,0,0,0,0,1,331,0,0,0,0,0,0,0,0,0,1,0,0,0
0.331,0.523598775598299,0.578861328087105,0.0789453640609949,-0.00582526609971357,0.578861328087105,0.578861328087105,-0.0552625524888058,-0.000855488263819121,-0.000855488263819121,0,0,0,0,0,0,0,0,0,0,0,0,0,1,332,0,0,0,0,0,0,0,0,0,1,0,0,0
0.332,0.523598775598299,0.578938690408417,0.0757784627119024,-0.00583926186584301,0.578938690408417,0.578938690408417,-0.0553399148101182,-0.00111509015620986,-0.00111509015620986,0,0,0,0,0,0,0,0,0,0,0,0,0,1,333,0,0,0,0,0,0,0,0,0,1,0,0,0
0.333,0.523598775598299,0.579012883489482,0.0726071865264281,-0.00584984380410327,0.579012883489482,0.579012883489482,-0.0554141078911827,-0.00137108120576795,-0.00137108120576795,0,0,0,0,0,0,0,0,0,0,0,0,0,1,334,0,0,0,0,0,0,0,0,0,1,0,0,0
0.334,0.523598775598299,0.579083903861596,0.0694333415090745,-0.00585707990171718,0.579083903861596,0.579083903861596,-0.055485128263297,-0.0016234096332744,-0.0016234096332744,0,0,0,0,0,0,0,0,0,0,0,0,0,1,335,0,0,0,0,0,0,0,0,0,1,0,0,0
0.335,0.523598775598299,0.579151749843007,0.0662586952926272,-0.00586104115422203,0.579151749843007,0.579151749843007,-0.055552974244708,-0.00187202948311496,-0.00187202948311496,0,0,0,0,0,0,0,0,0,0,0,0,0,1,336,0,0,0,0,0,0,0,0,0,1,0,0,0
0.336,0.523598775598299,0.579216421499778,0.0630849756420023,-0.00586180127264302,0.579216421499778,0.579216421499778,-0.0556176459014791,-0.0021169004207103,-0.0021169004207103,0,0,0,0,0,0,0,0,0,0,0,0,0,1,337,0,0,0,0,0,0,0,0,0,1,0,0,0
0.337,0.523598775598299,0.579277920605238,0.0599138691121555,-0.00585943640204734,0.579277920605238,0.579277920605238,-0.0556791450069387,-0.0023579875310922,-0.0023579875310922,0,0,0,0,0,0,0,0,0,0,0,0,0,1,338,0,0,0,0,0,0,0,0,0,1,0,0,0
0.338,0.523598775598299,0.57933625059816,0.0567470198539144,-0.00585402485133568,0.57933625059816,0.57933625059816,-0.055737474999861,-0.0025952611189102,-0.0025952611189102,0,0,0,0,0,0,0,0,0,0,0,0,0,1,339,0,0,0,0,0,0,0,0,0,1,0,0,0
0.339,0.523598775598299,0.579391416539823,0.0535860285616811,-0.00584564683411759,0.579391416539823,0.579391416539823,-0.0557926409415245,-0.0028286965101294,-0.0028286965101294,0,0,0,0,0,0,0,0,0,0,0,0,0,1,340,0,0,0,0,0,0,0,0,0,1,0,0,0
0.34,0.523598775598299,0.579443425070085,0.0504324515570378,-0.00583438422050629,0.579443425070085,0.579443425070085,-0.0558446494717857,-0.00305827385566509,-0.00305827385566509,0,0,0,0,0,0,0,0,0,0,0,0,0,1,341,0,0,0,0,0,0,0,0,0,1,0,0,0
0.341,0.523598775598299,0.579492284362602,0.047287800002387,-0.0058203202996586,0.579492284362602,0.579492284362602,-0.0558935087643033,-0.00328397793718635,-0.00328397793718635,0,0,0,0,0,0,0,0,0,0,0,0,0,1,342,0,0,0,0,0,0,0,0,0,1,0,0,0
0.342,0.523598775598299,0.579538004079336,0.044153539238854,-0.00580353955287822,0.579538004079336,0.579538004079336,-0.0559392284810372,-0.00350579797529771,-0.00350579797529771,0,0,0,0,0,0,0,0,0,0,0,0,0,1,343,0,0,0,0,0,0,0,0,0,1,0,0,0
0.343,0.523598775598299,0.579580595324445,0.0410310882427844,-0.00578412743709096,0.579580595324445,0.579580595324445,-0.0559818197261462,-0.00372372744030236,-0.00372372744030236,0,0,0,0,0,0,0,0,0,0,0,0,0,1,344,0,0,0,0,0,0,0,0,0,1,0,0,0
0.344,0.523598775598299,0.579620070597698,0.0379218191952754,-0.00576217017849552,0.579620070597698,0.579620070597698,-0.0560212949993991,-0.00393776386572259,-0.00393776386572259,0,0,0,0,0,0,0,0,0,0,0,0,0,1,345,0,0,0,0,0,0,0,0,0,1,0,0,0
0.345,0.523598775598299,0.579656443747507,0.0348270571592939,-0.00573775457618448,0.579656443747507,0.579656443747507,-0.0560576681492084,-0.00414790866475048,-0.00414790866475048,0,0,0,0,0,0,0,0,0,0,0,0,0,1,346,0,0,0,0,0,0,0,0,0,1,0,0,0
0.346,0.523598775598299,0.579689729923693,0.0317480798590439,-0.00571096781552621,0.579689729923693,0.579689729923693,-0.0560909543253946,-0.00435416694978194,-0.00435416694978194,0,0,0,0,0,0,0,0,0,0,0,0,0,1,347,0,0,0,0,0,0,0,0,0,1,0,0,0
0.347,0.523598775598299,0.579719945530076,0.028686117556368,-0.00568189729109312,0.579719945530076,0.579719945530076,-0.056121169931777,-0.00455654735517216,-0.00455654735517216,0,0,0,0,0,0,0,0,0,0,0,0,0,1,348,0,0,0,0,0,0,0,0,0,1,0,0,0
0.348,0.523598775598299,0.579747108176987,0.0256423530190829,-0.00565063043891621,0.579747108176987,0.579747108176987,-0.0561483325786883,-0.0047550618633419,-0.0047550618633419,0,0,0,0,0,0,0,0,0,0,0,0,0,1,349,0,0,0,0,0,0,0,0,0,1,0,0,0
0.349,0.523598775598299,0.579771236633801,0.0226179215762736,-0.00561725457784297,0.579771236633801,0.579771236633801,-0.0561724610355018,-0.00494972563434964,-0.00494972563434964,0,0,0,0,0,0,0,0,0,0,0,0,0,1,350,0,0,0,0,0,0,0,0,0,1,0,0,0
0.35,0.523598775598299,0.579792350781553,0.0196139112556921,-0.0055818567597725,0.579792350781553,0.579792350781553,-0.0561935751832537,-0.00514055683903011,-0.00514055683903011,0,0,0,0,0,0,0,0,0,0,0,0,0,1,351,0,0,0,0,0,0,0,0,0,1,0,0,0
0.351,0.523598775598299,0.579810471565743,0.0166313629985331,-0.00554452362853823,0.579810471565743,0.579810471565743,-0.0562116959674439,-0.00532757649579135,-0.00532757649579135,0,0,0,0,0,0,0,0,0,0,0,0,0,1,352,0,0,0,0,0,0,0,0,0,1,0,0,0
0.352,0.523598775598299,0.579825620949385,0.0136712709469844,-0.00550534128720682,0.579825620949385,0.579825620949385,-0.0562268453510865,-0.00551080831115069,-0.00551080831115069,0,0,0,0,0,0,0,0,0,0,0,0,0,1,353,0,0,0,0,0,0,0,0,0,1,0,0,0
0.353,0.523598775598299,0.579837821866383,0.0107345828000769,-0.00546439517356066,0.579837821866383,0.579837821866383,-0.0562390462680837,-0.0056902785240788,-0.0056902785240788,0,0,0,0,0,0,0,0,0,0,0,0,0,1,354,0,0,0,0,0,0,0,0,0,1,0,0,0
0.354,0.523598775598299,0.579847098175286,0.00782220023348659,-0.00542176994352978,0.579847098175286,0.579847098175286,-0.0562483225769876,-0.00586601575420925,-0.00586601575420925,0,0,0,0,0,0,0,0,0,0,0,0,0,1,355,0,0,0,0,0,0,0,0,0,1,0,0,0
0.355,0.523598775598299,0.57985347461351,0.00493497937907064,-0.00537754936233789,0.57985347461351,0.57985347461351,-0.0562546990152115,-0.00603805085396536,-0.00603805085396536,0,0,0,0,0,0,0,0,0,0,0,0,0,1,356,0,0,0,0,0,0,0,0,0,1,0,0,0
0.356,0.523598775598299,0.579856976752048,0.00207373136004463,-0.00533181620312792,0.579856976752048,0.579856976752048,-0.0562582011537491,-0.00620641676464137,-0.00620641676464137,0,0,0,0,0,0,0,0,0,0,0,0,0,1,357,0,0,0,0,0,0,0,0,0,1,0,0,0
0.357,0.523598775598299,0.579857630950754,-0.000760777122159858,-0.00528465215283153,0.579857630950754,0.579857630950754,-0.0562588553524556,-0.0063711483764719,-0.0063711483764719,0,0,0,0,0,0,0,0,0,0,0,0,0,1,358,0,0,0,0,0,0,0,0,0,1,0,0,0
0.358,0.523598775598299,0.579855464314238,-0.00356782315319292,-0.0052361377250484,0.579855464314238,0.579855464314238,-0.0562566887159389,-0.00653228239271053,-0.00653228239271053,0,0,0,0,0,0,0,0,0,0,0,0,0,1,359,0,0,0,0,0,0,0,0,0,1,0,0,0
0.359,0.523598775598299,0.579850504648408,-0.00634672692694612,-0.00518635217970179,0.579850504648408,0.579850504648408,-0.056251729050109,-0.00668985719773227,-0.00668985719773227,0,0,0,0,0,0,0,0,0,0,0,0,0,1,360,0,0,0,0,0,0,0,0,0,1,0,0,0
0.36,0.523598775598299,0.579842780417725,-0.00909685102615486,-0.00513537344923746,0.579842780417725,0.579842780417725,-0.0562440048194258,-0.00684391272916862,-0.00684391272916862,0,0,0,0,0,0,0,0,0,0,0,0,0,1,361,0,0,0,0,0,0,0,0,0,1,0,0,0
0.361,0.523598775598299,0.579832320703185,-0.0118175996658974,-0.00508327807113602,0.579832320703185,0.579832320703185,-0.056233545104886,-0.00699449035407276,-0.00699449035407276,0,0,0,0,0,0,0,0,0,0,0,0,0,1,362,0,0,0,0,0,0,0,0,0,1,0,0,0
0.362,0.523598775598299,0.579819155161081,-0.0145084179033203,-0.00503014112650895,0.579819155161081,0.579819155161081,-0.0562203795627825,-0.00714163274910815,-0.00714163274910815,0,0,0,0,0,0,0,0,0,0,0,0,0,1,363,0,0,0,0,0,0,0,0,0,1,0,0,0
0.363,0.523598775598299,0.57980331398257,-0.0171687908167951,-0.00497603618455154,0.57980331398257,0.57980331398257,-0.0562045383842711,-0.00728538378474997,-0.00728538378474997,0,0,0,0,0,0,0,0,0,0,0,0,0,1,364,0,0,0,0,0,0,0,0,0,1,0,0,0
0.364,0.523598775598299,0.57978482785407,-0.0197982426575895,-0.00492103525262903,0.57978482785407,0.57978482785407,-0.0561860522557708,-0.00742578841347619,-0.00742578841347619,0,0,0,0,0,0,0,0,0,0,0,0,0,1,365,0,0,0,0,0,0,0,0,0,1,0,0,0
0.365,0.523598775598299,0.579763727918525,-0.0223963359770152,-0.00486520873177365,0.579763727918525,0.579763727918525,-0.056164952320226,-0.0075628925619266,-0.0075628925619266,0,0,0,0,0,0,0,0,0,0,0,0,0,1,366,0,0,0,0,0,0,0,0,0,1,0,0,0
0.366,0.523598775598299,0.57974004573755,-0.0249626707318942,-0.00480862537737419,0.57974004573755,0.57974004573755,-0.0561412701392512,-0.0076967430269935,-0.0076967430269935,0,0,0,0,0,0,0,0,0,0,0,0,0,1,367,0,0,0,0,0,0,0,0,0,1,0,0,0
0.367,0.523598775598299,0.57971381325448,-0.027496883371068,-0.00475135226484128,0.57971381325448,0.57971381325448,-0.0561150376561814,-0.00782738737581759,-0.00782738737581759,0,0,0,0,0,0,0,0,0,0,0,0,0,1,368,0,0,0,0,0,0,0,0,0,1,0,0,0
0.368,0.523598775598299,0.579685062758343,-0.0299986459055589,-0.00469345476003772,0.579685062758343,0.579685062758343,-0.0560862871600438,-0.00795487384964014,-0.00795487384964014,0,0,0,0,0,0,0,0,0,0,0,0,0,1,369,0,0,0,0,0,0,0,0,0,1,0,0,0
0.369,0.523598775598299,0.579653826848765,-0.0324676649648768,-0.00463499649426347,0.579653826848765,0.579653826848765,-0.0560550512504658,-0.00807925127147058,-0.00807925127147058,0,0,0,0,0,0,0,0,0,0,0,0,0,1,370,0,0,0,0,0,0,0,0,0,1,0,0,0
0.37,0.523598775598299,0.579620138401833,-0.0349036808418541,-0.00457603934359037,0.579620138401833,0.579620138401833,-0.0560213628035339,-0.00820056895752277,-0.00820056895752277,0,0,0,0,0,0,0,0,0,0,0,0,0,1,371,0,0,0,0,0,0,0,0,0,1,0,0,0
0.371,0.523598775598299,0.57958403053691,-0.0373064665282803,-0.00451664341234562,0.57958403053691,0.57958403053691,-0.0559852549386115,-0.00831887663236405,-0.00831887663236405,0,0,0,0,0,0,0,0,0,0,0,0,0,1,372,0,0,0,0,0,0,0,0,0,1,0,0,0
0.372,0.523598775598299,0.579545536584424,-0.0396758267435012,-0.00445686702054591,0.579545536584424,0.579545536584424,-0.0559467609861254,-0.00843422434772229,-0.00843422434772229,0,0,0,0,0,0,0,0,0,0,0,0,0,1,373,0,0,0,0,0,0,0,0,0,1,0,0,0
0.373,0.523598775598299,0.579504690054625,-0.0420115969580403,-0.0043967666950886,0.579504690054625,0.579504690054625,-0.0559059144563259,-0.0085466624048941,-0.0085466624048941,0,0,0,0,0,0,0,0,0,0,0,0,0,1,374,0,0,0,0,0,0,0,0,0,1,0,0,0
0.374,0.523598775598299,0.579461524607324,-0.0443136424141965,-0.00433639716451115,0.579461524607324,0.579461524607324,-0.0558627490090254,-0.00865624128068981,-0.00865624128068981,0,0,0,0,0,0,0,0,0,0,0,0,0,1,375,0,0,0,0,0,0,0,0,0,1,0,0,0
0.375,0.523598775598299,0.579416074022616,-0.046581857145474,-0.00427581135713322,0.579416074022616,0.579416074022616,-0.0558172984243168,-0.00876301155685069,-0.00876301155685069,0,0,0,0,0,0,0,0,0,0,0,0,0,1,376,0,0,0,0,0,0,0,0,0,1,0,0,0
0.376,0.523598775598299,0.579368372172571,-0.0488161629965962,-0.00421506040240054,0.579368372172571,0.579368372172571,-0.0557695965742719,-0.00886702385287333,-0.00886702385287333,0,0,0,0,0,0,0,0,0,0,0,0,0,1,377,0,0,0,0,0,0,0,0,0,1,0,0,0
0.377,0.523598775598299,0.579318452993919,-0.0510165086457646,-0.00415419363525437,0.579318452993919,0.579318452993919,-0.0557196773956203,-0.00896832876217252,-0.00896832876217252,0,0,0,0,0,0,0,0,0,0,0,0,0,1,378,0,0,0,0,0,0,0,0,0,1,0,0,0
0.378,0.523598775598299,0.579266350461701,-0.053182868630725,-0.00409325860335524,0.579266350461701,0.579266350461701,-0.0556675748634025,-0.0090669767915075,-0.0090669767915075,0,0,0,0,0,0,0,0,0,0,0,0,0,1,379,0,0,0,0,0,0,0,0,0,1,0,0,0
0.379,0.523598775598299,0.579212098563894,-0.0553152423801149,-0.00403230107699221,0.579212098563894,0.579212098563894,-0.0556133229655953,-0.0091630183036045,-0.0091630183036045,0,0,0,0,0,0,0,0,0,0,0,0,0,1,380,0,0,0,0,0,0,0,0,0,1,0,0,0
0.38,0.523598775598299,0.579155731277002,-0.0574136532514762,-0.00397136506151598,0.579155731277002,0.579155731277002,-0.0555569556787028,-0.00925650346289664,-0.00925650346289664,0,0,0,0,0,0,0,0,0,0,0,0,0,1,381,0,0,0,0,0,0,0,0,0,1,0,0,0
0.381,0.523598775598299,0.579097282542604,-0.0594781475772293,-0.00391049281213673,0.579097282542604,0.579097282542604,-0.0554985069443052,-0.00934748218431108,-0.00934748218431108,0,0,0,0,0,0,0,0,0,0,0,0,0,1,382,0,0,0,0,0,0,0,0,0,1,0,0,0
0.382,0.523598775598299,0.579036786244856,-0.0615087937198218,-0.00384972485093405,0.579036786244856,0.579036786244856,-0.0554380106465571,-0.00943600408501988,-0.00943600408501988,0,0,0,0,0,0,0,0,0,0,0,0,0,1,383,0,0,0,0,0,0,0,0,0,1,0,0,0
0.383,0.523598775598299,0.578974276188924,-0.0635056811371852,-0.00378909998592825,0.578974276188924,0.578974276188924,-0.0553755005906249,-0.00952211843908363,-0.00952211843908363,0,0,0,0,0,0,0,0,0,0,0,0,0,1,384,0,0,0,0,0,0,0,0,0,1,0,0,0
0.384,0.523598775598299,0.578909786080354,-0.0654689194595494,-0.00372865533206984,0.578909786080354,0.578909786080354,-0.0553110104820556,-0.00960587413490929,-0.00960587413490929,0,0,0,0,0,0,0,0,0,0,0,0,0,1,385,0,0,0,0,0,0,0,0,0,1,0,0,0
0.385,0.523598775598299,0.578843349505358,-0.067398637578593,-0.00366842633400752,0.578843349505358,0.578843349505358,-0.0552445739070589,-0.00968731963543656,-0.00968731963543656,0,0,0,0,0,0,0,0,0,0,0,0,0,1,386,0,0,0,0,0,0,0,0,0,1,0,0,0
0.386,0.523598775598299,0.578774999911997,-0.0692949827498312,-0.00360844679049757,0.578774999911997,0.578774999911997,-0.055176224313698,-0.00976650294098591,-0.00976650294098591,0,0,0,0,0,0,0,0,0,0,0,0,0,1,387,0,0,0,0,0,0,0,0,0,1,0,0,0
0.387,0.523598775598299,0.578704770592265,-0.0711581197090707,-0.00354874888032652,0.578704770592265,0.578704770592265,-0.0551059949939664,-0.00984347155467602,-0.00984347155467602,0,0,0,0,0,0,0,0,0,0,0,0,0,1,388,0,0,0,0,0,0,0,0,0,1,0,0,0
0.388,0.523598775598299,0.578632694665044,-0.0729882298036941,-0.00348936318961828,0.578632694665044,0.578632694665044,-0.055033919066745,-0.00991827245034202,-0.00991827245034202,0,0,0,0,0,0,0,0,0,0,0,0,0,1,389,0,0,0,0,0,0,0,0,0,1,0,0,0
0.389,0.523598775598299,0.578558805059917,-0.0747855101394686,-0.00343031874040595,0.578558805059917,0.578558805059917,-0.0549600294616177,-0.00999095204286951,-0.00999095204286951,0,0,0,0,0,0,0,0,0,0,0,0,0,1,390,0,0,0,0,0,0,0,0,0,1,0,0,0
0.39,0.523598775598299,0.578483134501832,-0.076550172743509,-0.00337164302035021,0.578483134501832,0.578483134501832,-0.0548843589035328,-0.0100615561608671,-0.0100615561608671,0,0,0,0,0,0,0,0,0,0,0,0,0,1,391,0,0,0,0,0,0,0,0,0,1,0,0,0
0.391,0.523598775598299,0.578405715496593,-0.0782824437439647,-0.0033133620134917,0.578405715496593,0.578405715496593,-0.0548069398982938,-0.010130130021599,-0.010130130021599,0,0,0,0,0,0,0,0,0,0,0,0,0,1,392,0,0,0,0,0,0,0,0,0,1,0,0,0
0.392,0.523598775598299,0.578326580317159,-0.0799825625669396,-0.00325550023192905,0.578326580317159,0.578326580317159,-0.0547278047188605,-0.0101967182080983,-0.0101967182080983,0,0,0,0,0,0,0,0,0,0,0,0,0,1,393,0,0,0,0,0,0,0,0,0,1,0,0,0
0.393,0.523598775598299,0.578245760990745,-0.0816507811510987,-0.00319808074831801,0.578245760990745,0.578245760990745,-0.0546469853924463,-0.0102613646483857,-0.0102613646483857,0,0,0,0,0,0,0,0,0,0,0,0,0,1,394,0,0,0,0,0,0,0,0,0,1,0,0,0
0.394,0.523598775598299,0.578163289286688,-0.0832873631803583,-0.00314112522909269,0.578163289286688,0.578163289286688,-0.0545645136883897,-0.010324112596713,-0.010324112596713,0,0,0,0,0,0,0,0,0,0,0,0,0,1,395,0,0,0,0,0,0,0,0,0,1,0,0,0
0.395,0.523598775598299,0.578079196705085,-0.0848925833350053,-0.00308465396831217,0.578079196705085,0.578079196705085,-0.054480421106786,-0.0103850046167596,-0.0103850046167596,0,0,0,0,0,0,0,0,0,0,0,0,0,1,396,0,0,0,0,0,0,0,0,0,1,0,0,0
0.396,0.523598775598299,0.577993514466156,-0.0864667265615427,-0.0030286859220422,0.577993514466156,0.577993514466156,-0.0543947388678567,-0.0104440825667008,-0.0104440825667008,0,0,0,0,0,0,0,0,0,0,0,0,0,1,397,0,0,0,0,0,0,0,0,0,1,0,0,0
0.397,0.523598775598299,0.57790627350034,-0.0880100873615071,-0.00297323874318308,0.57790627350034,0.57790627350034,-0.0543074979020416,-0.010501387586081,-0.010501387586081,0,0,0,0,0,0,0,0,0,0,0,0,0,1,398,0,0,0,0,0,0,0,0,0,1,0,0,0
0.398,0.523598775598299,0.577817504439089,-0.089522969099461,-0.00291832881666212,0.577817504439089,0.577817504439089,-0.0542187288407902,-0.0105569600844091,-0.0105569600844091,0,0,0,0,0,0,0,0,0,0,0,0,0,1,399,0,0,0,0,0,0,0,0,0,1,0,0,0
0.399,0.523598775598299,0.577727237606336,-0.0910056833303183,-0.00286397129490907,0.577727237606336,0.577727237606336,-0.0541284620080371,-0.0106108397314113,-0.0106108397314113,0,0,0,0,0,0,0,0,0,0,0,0,0,1,400,0,0,0,0,0,0,0,0,0,1,0,0,0
0.4,0.523598775598299,0.577635503010639,-0.09245854914612,-0.00281018013354031,0.577635503010639,0.577635503010639,-0.0540367274123403,-0.0106630654488669,-0.0106630654488669,0,0,0,0,0,0,0,0,0,0,0,0,0,1,401,0,0,0,0,0,0,0,0,0,1,0,0,0
0.401,0.523598775598299,0.577542330337961,-0.0938818925423368,-0.00275696812717939,0.577542330337961,0.577542330337961,-0.0539435547396621,-0.0107136754039555,-0.0107136754039555,0,0,0,0,0,0,0,0,0,0,0,0,0,1,402,0,0,0,0,0,0,0,0,0,1,0,0,0
0.402,0.523598775598299,0.577447748945073,-0.0952760458037394,-0.00270434694534555,0.577447748945073,0.577447748945073,-0.0538489733467739,-0.0107627070040477,-0.0107627070040477,0,0,0,0,0,0,0,0,0,0,0,0,0,1,403,0,0,0,0,0,0,0,0,0,1,0,0,0
0.403,0.523598775598299,0.577351787853566,-0.0966413469098413,-0.00265232716834516,0.577351787853566,0.577351787853566,-0.0537530122552669,-0.0108101968928751,-0.0108101968928751,0,0,0,0,0,0,0,0,0,0,0,0,0,1,404,0,0,0,0,0,0,0,0,0,1,0,0,0
0.404,0.523598775598299,0.577254475744445,-0.0979781389598841,-0.00260091832310613,0.577254475744445,0.577254475744445,-0.0536557001461457,-0.0108561809480065,-0.0108561809480065,0,0,0,0,0,0,0,0,0,0,0,0,0,1,405,0,0,0,0,0,0,0,0,0,1,0,0,0
0.405,0.523598775598299,0.577155840953287,-0.099286769617306,-0.00255012891889611,0.577155840953287,0.577155840953287,-0.0535570653549883,-0.0109006942795705,-0.0109006942795705,0,0,0,0,0,0,0,0,0,0,0,0,0,1,406,0,0,0,0,0,0,0,0,0,1,0,0,0
0.406,0.523598775598299,0.57705591146595,-0.100567590573602,-0.00249996648287071,0.57705591146595,0.57705591146595,-0.0534571358676512,-0.0109437712301599,-0.0109437712301599,0,0,0,0,0,0,0,0,0,0,0,0,0,1,407,0,0,0,0,0,0,0,0,0,1,0,0,0
0.407,0.523598775598299,0.576954714914801,-0.101820957031459,-0.00245043759540079,0.576954714914801,0.576954714914801,-0.0533559393165021,-0.010985445375854,-0.010985445375854,0,0,0,0,0,0,0,0,0,0,0,0,0,1,408,0,0,0,0,0,0,0,0,0,1,0,0,0
0.408,0.523598775598299,0.576852278575457,-0.103047227207018,-0.00240154792513028,0.576852278575457,0.576852278575457,-0.0532535029771583,-0.0110257495282998,-0.0110257495282998,0,0,0,0,0,0,0,0,0,0,0,0,0,1,409,0,0,0,0,0,0,0,0,0,1,0,0,0
0.409,0.523598775598299,0.576748629364013,-0.104246761851095,-0.00235330226371961,0.576748629364013,0.576748629364013,-0.0531498537657147,-0.0110647157377925,-0.0110647157377925,0,0,0,0,0,0,0,0,0,0,0,0,0,1,410,0,0,0,0,0,0,0,0,0,1,0,0,0
0.41,0.523598775598299,0.57664379383474,-0.105419923789176,-0.00230570456023299,0.57664379383474,0.57664379383474,-0.0530450182364407,-0.0111023752972975,-0.0111023752972975,0,0,0,0,0,0,0,0,0,0,0,0,0,1,411,0,0,0,0,0,0,0,0,0,1,0,0,0
0.411,0.523598775598299,0.576537798178226,-0.106567077479952,-0.00225875795513036,0.576537798178226,0.576537798178226,-0.0529390225799277,-0.011138758747358,-0.011138758747358,0,0,0,0,0,0,0,0,0,0,0,0,0,1,412,0,0,0,0,0,0,0,0,0,1,0,0,0
0.412,0.523598775598299,0.576430668219968,-0.107688588592184,-0.00221246481382748,0.576430668219968,0.576430668219968,-0.0528318926216688,-0.0111738958818327,-0.0111738958818327,0,0,0,0,0,0,0,0,0,0,0,0,0,1,413,0,0,0,0,0,0,0,0,0,1,0,0,0
0.413,0.523598775598299,0.576322429419352,-0.108784823599631,-0.00216682675979075,0.576322429419352,0.576322429419352,-0.0527236538210533,-0.0112078157544126,-0.0112078157544126,0,0,0,0,0,0,0,0,0,0,0,0,0,1,414,0,0,0,0,0,0,0,0,0,1,0,0,0
0.414,0.523598775598299,0.576213106869055,-0.109856149393771,-0.00212184470713569,0.576213106869055,0.576213106869055,-0.0526143312707559,-0.0112405466858609,-0.0112405466858609,0,0,0,0,0,0,0,0,0,0,0,0,0,1,415,0,0,0,0,0,0,0,0,0,1,0,0,0
0.415,0.523598775598299,0.576102725294805,-0.110902932914039,-0.00207751889270006,0.576102725294805,0.576102725294805,-0.0525039496965063,-0.0112721162719336,-0.0112721162719336,0,0,0,0,0,0,0,0,0,0,0,0,0,1,416,0,0,0,0,0,0,0,0,0,1,0,0,0
0.416,0.523598775598299,0.575991309055517,-0.111925540795278,-0.0020338489075667,0.575991309055517,0.575991309055517,-0.0523925334572182,-0.0113025513919234,-0.0113025513919234,0,0,0,0,0,0,0,0,0,0,0,0,0,1,417,0,0,0,0,0,0,0,0,0,1,0,0,0
0.417,0.523598775598299,0.575878882143762,-0.112924339032081,-0.00199083372801112,0.575878882143762,0.575878882143762,-0.0522801065454636,-0.0113318782177881,-0.0113318782177881,0,0,0,0,0,0,0,0,0,0,0,0,0,1,418,0,0,0,0,0,0,0,0,0,1,0,0,0
0.418,0.523598775598299,0.575765468186572,-0.113899692659722,-0.00194847174585351,0.575765468186572,0.575765468186572,-0.0521666925882734,-0.0113601222238113,-0.0113601222238113,0,0,0,0,0,0,0,0,0,0,0,0,0,1,419,0,0,0,0,0,0,0,0,0,1,0,0,0
0.419,0.523598775598299,0.575651090446549,-0.114851965451316,-0.00190676079819459,0.575651090446549,0.575651090446549,-0.0520523148482505,-0.0113873081967583,-0.0113873081967583,0,0,0,0,0,0,0,0,0,0,0,0,0,1,420,0,0,0,0,0,0,0,0,0,1,0,0,0
0.42,0.523598775598299,0.575535771823274,-0.115781519630879,-0.00186569819651965,0.575535771823274,0.575535771823274,-0.0519369962249752,-0.011413460246478,-0.011413460246478,0,0,0,0,0,0,0,0,0,0,0,0,0,1,421,0,0,0,0,0,0,0,0,0,1,0,0,0
0.421,0.523598775598299,0.575419534854992,-0.116688715601939,-0.00182528075515395,0.575419534854992,0.575419534854992,-0.0518207592566928,-0.0114386018169167,-0.0114386018169167,0,0,0,0,0,0,0,0,0,0,0,0,0,1,422,0,0,0,0,0,0,0,0,0,1,0,0,0
0.422,0.523598775598299,0.575302401720561,-0.117573911691316,-0.00178550481905779,0.575302401720561,0.575302401720561,-0.0517036261222626,-0.0114627556974992,-0.0114627556974992,0,0,0,0,0,0,0,0,0,0,0,0,0,1,423,0,0,0,0,0,0,0,0,0,1,0,0,0
0.423,0.523598775598299,0.575184394241655,-0.11843746390773,-0.00174636629094833,0.575184394241655,0.575184394241655,-0.0515856186433566,-0.0114859440348424,-0.0114859440348424,0,0,0,0,0,0,0,0,0,0,0,0,0,1,424,0,0,0,0,0,0,0,0,0,1,0,0,0
0.424,0.523598775598299,0.575065533885191,-0.119279725714854,-0.00170786065773953,0.575065533885191,0.575065533885191,-0.0514667582868924,-0.0115081883447651,-0.0115081883447651,0,0,0,0,0,0,0,0,0,0,0,0,0,1,425,0,0,0,0,0,0,0,0,0,1,0,0,0
0.425,0.523598775598299,0.574945841765985,-0.120101047818429,-0.00166998301629184,0.574945841765985,0.574945841765985,-0.0513470661676858,-0.0115295095245581,-0.0115295095245581,0,0,0,0,0,0,0,0,0,0,0,0,0,1,426,0,0,0,0,0,0,0,0,0,1,0,0,0
0.426,0.523598775598299,0.574825338649608,-0.120901777967072,-0.00163272809846527,0.574825338649608,0.574825338649608,-0.0512265630513093,-0.0115499278654803,-0.0115499278654803,0,0,0,0,0,0,0,0,0,0,0,0,0,1,427,0,0,0,0,0,0,0,0,0,1,0,0,0
0.427,0.523598775598299,0.574704044955443,-0.121682260766396,-0.00159609029547066,0.574704044955443,0.574704044955443,-0.0511052693571439,-0.0115694630654535,-0.0115694630654535,0,0,0,0,0,0,0,0,0,0,0,0,0,1,428,0,0,0,0,0,0,0,0,0,1,0,0,0
0.428,0.523598775598299,0.574581980759907,-0.122442837506043,-0.00156006368151665,0.574581980759907,0.574581980759907,-0.0509832051616085,-0.0115881342419171,-0.0115881342419171,0,0,0,0,0,0,0,0,0,0,0,0,0,1,429,0,0,0,0,0,0,0,0,0,1,0,0,0
0.429,0.523598775598299,0.574459165799857,-0.123183845999263,-0.0015246420367488,0.574459165799857,0.574459165799857,-0.0508603902015582,-0.0116059599448237,-0.0116059599448237,0,0,0,0,0,0,0,0,0,0,0,0,0,1,430,0,0,0,0,0,0,0,0,0,1,0,0,0
0.43,0.523598775598299,0.574335619476134,-0.123905620434633,-0.00148981886948179,0.574335619476134,0.574335619476134,-0.0507368438778353,-0.0116229581697381,-0.0116229581697381,0,0,0,0,0,0,0,0,0,0,0,0,0,1,431,0,0,0,0,0,0,0,0,0,1,0,0,0
0.431,0.523598775598299,0.574211360857262,-0.124608491239553,-0.00145558743772383,0.574211360857262,0.574211360857262,-0.0506125852589633,-0.0116391463710198,-0.0116391463710198,0,0,0,0,0,0,0,0,0,0,0,0,0,1,432,0,0,0,0,0,0,0,0,0,1,0,0,0
0.432,0.523598775598299,0.57408640868327,-0.125292784955113,-0.00142194076999595,0.57408640868327,0.57408640868327,-0.0504876330849715,-0.0116545414750606,-0.0116545414750606,0,0,0,0,0,0,0,0,0,0,0,0,0,1,433,0,0,0,0,0,0,0,0,0,1,0,0,0
0.433,0.523598775598299,0.573960781369638,-0.125958824121963,-0.00138887168544804,0.573960781369638,0.573960781369638,-0.0503620057713393,-0.0116691598935536,-0.0116691598935536,0,0,0,0,0,0,0,0,0,0,0,0,0,1,434,0,0,0,0,0,0,0,0,0,1,0,0,0
0.434,0.523598775598299,0.573834497011348,-0.126606927176788,-0.0013563728132762,0.573834497011348,0.573834497011348,-0.0502357214130494,-0.0116830175367731,-0.0116830175367731,0,0,0,0,0,0,0,0,0,0,0,0,0,1,435,0,0,0,0,0,0,0,0,0,1,0,0,0
0.435,0.523598775598299,0.573707573387038,-0.127237408359034,-0.00132443661144596,0.573707573387038,0.573707573387038,-0.050108797788739,-0.0116961298268391,-0.0116961298268391,0,0,0,0,0,0,0,0,0,0,0,0,0,1,436,0,0,0,0,0,0,0,0,0,1,0,0,0
0.436,0.523598775598299,0.573580027963239,-0.127850577627479,-0.00129305538472663,0.573580027963239,0.573580027963239,-0.0499812523649398,-0.0117085117109525,-0.0117085117109525,0,0,0,0,0,0,0,0,0,0,0,0,0,1,437,0,0,0,0,0,0,0,0,0,1,0,0,0
0.437,0.523598775598299,0.573451877898695,-0.128446740586303,-0.00126222130204427,0.573451877898695,0.573451877898695,-0.0498531023003962,-0.0117201776745749,-0.0117201776745749,0,0,0,0,0,0,0,0,0,0,0,0,0,1,438,0,0,0,0,0,0,0,0,0,1,0,0,0
0.438,0.523598775598299,0.573323140048752,-0.129026198420272,-0.00123192641315956,0.573323140048752,0.573323140048752,-0.0497243644504531,-0.0117311417545402,-0.0117311417545402,0,0,0,0,0,0,0,0,0,0,0,0,0,1,439,0,0,0,0,0,0,0,0,0,1,0,0,0
0.439,0.523598775598299,0.573193830969803,-0.129589247838681,-0.00120216266467934,0.573193830969803,0.573193830969803,-0.0495950553715044,-0.0117414175520789,-0.0117414175520789,0,0,0,0,0,0,0,0,0,0,0,0,0,1,440,0,0,0,0,0,0,0,0,0,1,0,0,0
0.44,0.523598775598299,0.573063966923791,-0.13013618102769,-0.00117292191541069,0.573063966923791,0.573063966923791,-0.0494651913254924,-0.0117510182457382,-0.0117510182457382,0,0,0,0,0,0,0,0,0,0,0,0,0,1,441,0,0,0,0,0,0,0,0,0,1,0,0,0
0.441,0.523598775598299,0.572933563882751,-0.130667285610705,-0.00114419595106633,0.572933563882751,0.572933563882751,-0.0493347882844518,-0.0117599566041844,-0.0117599566041844,0,0,0,0,0,0,0,0,0,0,0,0,0,1,442,0,0,0,0,0,0,0,0,0,1,0,0,0
0.442,0.523598775598299,0.572802637533388,-0.131182844616453,-0.00111597649833203,0.572802637533388,0.572802637533388,-0.0492038619350887,-0.0117682449988737,-0.0117682449988737,0,0,0,0,0,0,0,0,0,0,0,0,0,1,443,0,0,0,0,0,0,0,0,0,1,0,0,0
0.443,0.523598775598299,0.572671203281688,-0.131683136454406,-0.00108825523830594,0.572671203281688,0.572671203281688,-0.0490724276833888,-0.0117758954165778,-0.0117758954165778,0,0,0,0,0,0,0,0,0,0,0,0,0,1,444,0,0,0,0,0,0,0,0,0,1,0,0,0
0.444,0.523598775598299,0.572539276257544,-0.132168434897224,-0.00106102381932185,0.572539276257544,0.572539276257544,-0.0489405006592454,-0.0117829194717519,-0.0117829194717519,0,0,0,0,0,0,0,0,0,0,0,0,0,1,445,0,0,0,0,0,0,0,0,0,1,0,0,0
0.445,0.523598775598299,0.572406871319401,-0.132639009069875,-0.0010342738691666,0.572406871319401,0.572406871319401,-0.0488080957211021,-0.0117893284187342,-0.0117893284187342,0,0,0,0,0,0,0,0,0,0,0,0,0,1,446,0,0,0,0,0,0,0,0,0,1,0,0,0
0.446,0.523598775598299,0.572274003058903,-0.133095123445117,-0.00100799700670426,0.572274003058903,0.572274003058903,-0.048675227460604,-0.0117951331637688,-0.0117951331637688,0,0,0,0,0,0,0,0,0,0,0,0,0,1,447,0,0,0,0,0,0,0,0,0,1,0,0,0
0.447,0.523598775598299,0.572140685805548,-0.133537037845027,-0.0009821848529196,0.572140685805548,0.572140685805548,-0.0485419102072491,-0.0118003442768383,-0.0118003442768383,0,0,0,0,0,0,0,0,0,0,0,0,0,1,448,0,0,0,0,0,0,0,0,0,1,0,0,0
0.448,0.523598775598299,0.572006933631334,-0.133965007448252,-0.000956829041392617,0.572006933631334,0.572006933631334,-0.0484081580330356,-0.0118049720033012,-0.0118049720033012,0,0,0,0,0,0,0,0,0,0,0,0,0,1,449,0,0,0,0,0,0,0,0,0,1,0,0,0
0.449,0.523598775598299,0.571872760355399,-0.134379282802692,-0.000931921228217468,0.571872760355399,0.571872760355399,-0.0482739847571,-0.0118090262753254,-0.0118090262753254,0,0,0,0,0,0,0,0,0,0,0,0,0,1,450,0,0,0,0,0,0,0,0,0,1,0,0,0
0.45,0.523598775598299,0.571738179548638,-0.134780109843318,-0.00090745310137894,0.571738179548638,0.571738179548638,-0.0481394039503391,-0.0118125167231091,-0.0118125167231091,0,0,0,0,0,0,0,0,0,0,0,0,0,1,451,0,0,0,0,0,0,0,0,0,1,0,0,0
0.451,0.523598775598299,0.571603204538311,-0.135167729914824,-0.000883416389599413,0.571603204538311,0.571603204538311,-0.0480044289400119,-0.0118154526858849,-0.0118154526858849,0,0,0,0,0,0,0,0,0,0,0,0,0,1,452,0,0,0,0,0,0,0,0,0,1,0,0,0
0.452,0.523598775598299,0.571467848412615,-0.135542379798846,-0.000859802870670041,0.571467848412615,0.571467848412615,-0.0478690728143166,-0.0118178432227001,-0.0118178432227001,0,0,0,0,0,0,0,0,0,0,0,0,0,1,453,0,0,0,0,0,0,0,0,0,1,0,0,0
0.453,0.523598775598299,0.571332124025238,-0.135904291745457,-0.000836604379279712,0.571332124025238,0.571332124025238,-0.0477333484269388,-0.0118196971229703,-0.0118196971229703,0,0,0,0,0,0,0,0,0,0,0,0,0,1,454,0,0,0,0,0,0,0,0,0,1,0,0,0
0.454,0.523598775598299,0.571196043999863,-0.136253693508691,-0.000813812814355696,0.571196043999863,0.571196043999863,-0.0475972684015645,-0.011821022916797,-0.011821022916797,0,0,0,0,0,0,0,0,0,0,0,0,0,1,455,0,0,0,0,0,0,0,0,0,1,0,0,0
0.455,0.523598775598299,0.571059620734657,-0.136590808385821,-0.000791420145929019,0.571059620734657,0.571059620734657,-0.0474608451363582,-0.0118218288850532,-0.0118218288850532,0,0,0,0,0,0,0,0,0,0,0,0,0,1,456,0,0,0,0,0,0,0,0,0,1,0,0,0
0.456,0.523598775598299,0.570922866406696,-0.136915855260137,-0.000769418421539713,0.570922866406696,0.570922866406696,-0.0473240908083973,-0.0118221230692265,-0.0118221230692265,0,0,0,0,0,0,0,0,0,0,0,0,0,1,457,0,0,0,0,0,0,0,0,0,1,0,0,0
0.457,0.523598775598299,0.570785792976363,-0.137229048646998,-0.000747799772194567,0.570785792976363,0.570785792976363,-0.0471870173780641,-0.0118219132810213,-0.0118219132810213,0,0,0,0,0,0,0,0,0,0,0,0,0,1,458,0,0,0,0,0,0,0,0,0,1,0,0,0
0.458,0.523598775598299,0.570648412191688,-0.1375305987429,-0.000726556417892121,0.570648412191688,0.570648412191688,-0.0470496365933893,-0.0118212071117187,-0.0118212071117187,0,0,0,0,0,0,0,0,0,0,0,0,0,1,459,0,0,0,0,0,0,0,0,0,1,0,0,0
0.459,0.523598775598299,0.570510735592644,-0.137820711477347,-0.000705680672728561,0.570510735592644,0.570510735592644,-0.0469119599943449,-0.0118200119412868,-0.0118200119412868,0,0,0,0,0,0,0,0,0,0,0,0,0,1,460,0,0,0,0,0,0,0,0,0,1,0,0,0
0.46,0.523598775598299,0.570372774515383,-0.138099588567293,-0.000685164949597772,0.570372774515383,0.570372774515383,-0.0467739989170843,-0.0118183349472498,-0.0118183349472498,0,0,0,0,0,0,0,0,0,0,0,0,0,1,461,0,0,0,0,0,0,0,0,0,1,0,0,0
0.461,0.523598775598299,0.570234540096426,-0.138367427573943,-0.000665001764500332,0.570234540096426,0.570234540096426,-0.046635764498127,-0.011816183113307,-0.011816183113307,0,0,0,0,0,0,0,0,0,0,0,0,0,1,462,0,0,0,0,0,0,0,0,0,1,0,0,0
0.462,0.523598775598299,0.570096043276783,-0.138624421961709,-0.000645183740474672,0.570096043276783,0.570096043276783,-0.0464972676784841,-0.0118135632377037,-0.0118135632377037,0,0,0,0,0,0,0,0,0,0,0,0,0,1,463,0,0,0,0,0,0,0,0,0,1,0,0,0
0.463,0.523598775598299,0.569957294806025,-0.138870761159125,-0.00062570361116309,0.569957294806025,0.569957294806025,-0.0463585192077257,-0.0118104819413592,-0.0118104819413592,0,0,0,0,0,0,0,0,0,0,0,0,0,1,464,0,0,0,0,0,0,0,0,0,1,0,0,0
0.464,0.523598775598299,0.569818305246285,-0.139106630621518,-0.000606554224028048,0.569818305246285,0.569818305246285,-0.0462195296479857,-0.0118069456757462,-0.0118069456757462,0,0,0,0,0,0,0,0,0,0,0,0,0,1,465,0,0,0,0,0,0,0,0,0,1,0,0,0
0.465,0.523598775598299,0.569679084976201,-0.139332211895259,-0.000587728543230435,0.569679084976201,0.569679084976201,-0.046080309377902,-0.0118029607305239,-0.0118029607305239,0,0,0,0,0,0,0,0,0,0,0,0,0,1,466,0,0,0,0,0,0,0,0,0,1,0,0,0
0.466,0.523598775598299,0.569539644194792,-0.139547682683412,-0.000569219652183159,0.569539644194792,0.569539644194792,-0.0459408685964934,-0.0117985332409302,-0.0117985332409302,0,0,0,0,0,0,0,0,0,0,0,0,0,1,467,0,0,0,0,0,0,0,0,0,1,0,0,0
0.467,0.523598775598299,0.569399992925269,-0.139753216912624,-0.000551020755793851,0.569399992925269,0.569399992925269,-0.0458012173269697,-0.0117936691949315,-0.0117936691949315,0,0,0,0,0,0,0,0,0,0,0,0,0,1,468,0,0,0,0,0,0,0,0,0,1,0,0,0
0.468,0.523598775598299,0.569260141018773,-0.139948984801064,-0.000533125182409201,0.569260141018773,0.569260141018773,-0.0456613654204739,-0.0117883744401306,-0.0117883744401306,0,0,0,0,0,0,0,0,0,0,0,0,0,1,469,0,0,0,0,0,0,0,0,0,1,0,0,0
0.469,0.523598775598299,0.569120098158055,-0.140135152927287,-0.000515526385472947,0.569120098158055,0.569120098158055,-0.0455213225597565,-0.0117826546904397,-0.0117826546904397,0,0,0,0,0,0,0,0,0,0,0,0,0,1,470,0,0,0,0,0,0,0,0,0,1,0,0,0
0.47,0.523598775598299,0.568979873861079,-0.140311884299851,-0.000498217944910973,0.568979873861079,0.568979873861079,-0.0453810982627801,-0.0117765155325169,-0.0117765155325169,0,0,0,0,0,0,0,0,0,0,0,0,0,1,471,0,0,0,0,0,0,0,0,0,1,0,0,0
0.471,0.523598775598299,0.568839477484554,-0.140479338427554,-0.00048119356825496,0.568839477484554,0.568839477484554,-0.0452407018862547,-0.0117699624319708,-0.0117699624319708,0,0,0,0,0,0,0,0,0,0,0,0,0,1,472,0,0,0,0,0,0,0,0,0,1,0,0,0
0.472,0.523598775598299,0.568698918227401,-0.140637671390153,-0.000464447091516866,0.568698918227401,0.568698918227401,-0.0451001426291018,-0.0117630007393363,-0.0117630007393363,0,0,0,0,0,0,0,0,0,0,0,0,0,1,473,0,0,0,0,0,0,0,0,0,1,0,0,0
0.473,0.523598775598299,0.568558205134147,-0.140787035909435,-0.000447972479826184,0.568558205134147,0.568558205134147,-0.0449594295358481,-0.0117556356958251,-0.0117556356958251,0,0,0,0,0,0,0,0,0,0,0,0,0,1,474,0,0,0,0,0,0,0,0,0,1,0,0,0
0.474,0.523598775598299,0.568417347098247,-0.140927581420507,-0.000431763827841421,0.568417347098247,0.568417347098247,-0.0448185714999478,-0.0117478724388528,-0.0117478724388528,0,0,0,0,0,0,0,0,0,0,0,0,0,1,475,0,0,0,0,0,0,0,0,0,1,0,0,0
0.475,0.523598775598299,0.568276352865333,-0.141059454143213,-0.000415815359946888,0.568276352865333,0.568276352865333,-0.0446775772670337,-0.0117397160073482,-0.0117397160073482,0,0,0,0,0,0,0,0,0,0,0,0,0,1,476,0,0,0,0,0,0,0,0,0,1,0,0,0
0.476,0.523598775598299,0.568135231036395,-0.141182797153533,-0.000400121430246096,0.568135231036395,0.568135231036395,-0.0445364554380966,-0.0117311713468481,-0.0117311713468481,0,0,0,0,0,0,0,0,0,0,0,0,0,1,477,0,0,0,0,0,0,0,0,0,1,0,0,0
0.477,0.523598775598299,0.567993990070892,-0.141297750454885,-0.000384676522362784,0.567993990070892,0.567993990070892,-0.0443952144725933,-0.0117222433143795,-0.0117222433143795,0,0,0,0,0,0,0,0,0,0,0,0,0,1,478,0,0,0,0,0,0,0,0,0,1,0,0,0
0.478,0.523598775598299,0.567852638289783,-0.141404451049218,-0.000369475249059207,0.567852638289783,0.567852638289783,-0.0442538626914843,-0.0117129366831377,-0.0117129366831377,0,0,0,0,0,0,0,0,0,0,0,0,0,1,479,0,0,0,0,0,0,0,0,0,1,0,0,0
0.479,0.523598775598299,0.567711183878498,-0.141503033007805,-0.000354512351683446,0.567711183878498,0.567711183878498,-0.044112408280199,-0.0117032561469586,-0.0117032561469586,0,0,0,0,0,0,0,0,0,0,0,0,0,1,480,0,0,0,0,0,0,0,0,0,1,0,0,0
0.48,0.523598775598299,0.56756963488983,-0.141593627541645,-0.00033978269945401,0.56756963488983,0.56756963488983,-0.0439708592915315,-0.011693206324596,-0.011693206324596,0,0,0,0,0,0,0,0,0,0,0,0,0,1,481,0,0,0,0,0,0,0,0,0,1,0,0,0
0.481,0.523598775598299,0.567427999246765,-0.141676363071392,-0.00032528128859307,0.567427999246765,0.567427999246765,-0.0438292236484663,-0.0116827917638033,-0.0116827917638033,0,0,0,0,0,0,0,0,0,0,0,0,0,1,482,0,0,0,0,0,0,0,0,0,1,0,0,0
0.482,0.523598775598299,0.567286284745232,-0.141751365296741,-0.000311003241317009,0.567286284745232,0.567286284745232,-0.0436875091469331,-0.0116720169452254,-0.0116720169452254,0,0,0,0,0,0,0,0,0,0,0,0,0,1,483,0,0,0,0,0,0,0,0,0,1,0,0,0
0.483,0.523598775598299,0.567144499056793,-0.141818757265176,-0.000296943804693278,0.567144499056793,0.567144499056793,-0.0435457234584937,-0.0116608862861068,-0.0116608862861068,0,0,0,0,0,0,0,0,0,0,0,0,0,1,484,0,0,0,0,0,0,0,0,0,1,0,0,0
0.484,0.523598775598299,0.567002649731259,-0.141878659440042,-0.000283098349372964,0.567002649731259,0.567002649731259,-0.0434038741329605,-0.0116494041438201,-0.0116494041438201,0,0,0,0,0,0,0,0,0,0,0,0,0,1,485,0,0,0,0,0,0,0,0,0,1,0,0,0
0.485,0.523598775598299,0.566860744199245,-0.141931189767847,-0.000269462368207906,0.566860744199245,0.566860744199245,-0.0432619686009462,-0.0116375748192165,-0.0116375748192165,0,0,0,0,0,0,0,0,0,0,0,0,0,1,486,0,0,0,0,0,0,0,0,0,1,0,0,0
0.486,0.523598775598299,0.566718789774647,-0.141976463744763,-0.000256031474759858,0.566718789774647,0.566718789774647,-0.0431200141763477,-0.0116254025598082,-0.0116254025598082,0,0,0,0,0,0,0,0,0,0,0,0,0,1,487,0,0,0,0,0,0,0,0,0,1,0,0,0
0.487,0.523598775598299,0.566576793657063,-0.142014594482245,-0.000242801401710826,0.566576793657063,0.566576793657063,-0.0429780180587638,-0.0116128915627844,-0.0116128915627844,0,0,0,0,0,0,0,0,0,0,0,0,0,1,488,0,0,0,0,0,0,0,0,0,1,0,0,0
0.488,0.523598775598299,0.566434762934146,-0.142045692771743,-0.000229767999182096,0.566434762934146,0.566434762934146,-0.0428359873358468,-0.0116000459778626,-0.0116000459778626,0,0,0,0,0,0,0,0,0,0,0,0,0,1,489,0,0,0,0,0,0,0,0,0,1,0,0,0
0.489,0.523598775598299,0.56629270458389,-0.14206986714844,-0.000216927232968825,0.56629270458389,0.56629270458389,-0.0426939289855913,-0.0115868699099881,-0.0115868699099881,0,0,0,0,0,0,0,0,0,0,0,0,0,1,490,0,0,0,0,0,0,0,0,0,1,0,0,0
0.49,0.523598775598299,0.566150625476857,-0.14208722395399,-0.000204275182698731,0.566150625476857,0.566150625476857,-0.0425518498785585,-0.0115733674218787,-0.0115733674218787,0,0,0,0,0,0,0,0,0,0,0,0,0,1,491,0,0,0,0,0,0,0,0,0,1,0,0,0
0.491,0.523598775598299,0.566008532378338,-0.142097867398204,-0.000191808039921043,0.566008532378338,0.566008532378338,-0.0424097567800389,-0.0115595425364219,-0.0115595425364219,0,0,0,0,0,0,0,0,0,0,0,0,0,1,492,0,0,0,0,0,0,0,0,0,1,0,0,0
0.492,0.523598775598299,0.565866431950453,-0.142101899619662,-0.000179522106132605,0.565866431950453,0.565866431950453,-0.042267656352154,-0.0115453992389327,-0.0115453992389327,0,0,0,0,0,0,0,0,0,0,0,0,0,1,493,0,0,0,0,0,0,0,0,0,1,0,0,0
0.493,0.523598775598299,0.565724330754196,-0.142099420745213,-0.000167413790748429,0.565724330754196,0.565724330754196,-0.0421255551558976,-0.0115309414792701,-0.0115309414792701,0,0,0,0,0,0,0,0,0,0,0,0,0,1,494,0,0,0,0,0,0,0,0,0,1,0,0,0
0.494,0.523598775598299,0.565582235251416,-0.142090528948336,-0.00015547960902164,0.565582235251416,0.565582235251416,-0.0419834596531177,-0.011516173173822,-0.011516173173822,0,0,0,0,0,0,0,0,0,0,0,0,0,1,495,0,0,0,0,0,0,0,0,0,1,0,0,0
0.495,0.523598775598299,0.565440151806741,-0.14207532050634,-0.000143716179919718,0.565440151806741,0.565440151806741,-0.041841376208442,-0.0115010982073629,-0.0115010982073629,0,0,0,0,0,0,0,0,0,0,0,0,0,1,496,0,0,0,0,0,0,0,0,0,1,0,0,0
0.496,0.523598775598299,0.565298086689444,-0.14205388985638,-0.000132120223962862,0.565298086689444,0.565298086689444,-0.0416993110911456,-0.0114857204347862,-0.0114857204347862,0,0,0,0,0,0,0,0,0,0,0,0,0,1,497,0,0,0,0,0,0,0,0,0,1,0,0,0
0.497,0.523598775598299,0.565156046075262,-0.142026329650275,-0.000120688561029684,0.565156046075262,0.565156046075262,-0.0415572704769632,-0.011470043682717,-0.011470043682717,0,0,0,0,0,0,0,0,0,0,0,0,0,1,498,0,0,0,0,0,0,0,0,0,1,0,0,0
0.498,0.523598775598299,0.565014036048147,-0.141992730808103,-0.000109418108135154,0.565014036048147,0.565014036048147,-0.0414152604498486,-0.0114540717510119,-0.0114540717510119,0,0,0,0,0,0,0,0,0,0,0,0,0,1,499,0,0,0,0,0,0,0,0,0,1,0,0,0
0.499,0.523598775598299,0.564872062601978,-0.141953182570578,-9.83058771869181e-05,0.564872062601978,0.564872062601978,-0.041273287003679,-0.0114378084141476,-0.0114378084141476,0,0,0,0,0,0,0,0,0,0,0,0,0,1,500,0,0,0,0,0,0,0,0,0,1,0,0,0
0.5,0.523598775598299,0.564730131642209,-0.141907772550179,-8.73489727237489e-05,0.564730131642209,0.564730131642209,-0.0411313560439097,-0.0114212574225018,-0.0114212574225018,0,0,0,0,0,0,0,0,0,0,0,0,0,1,501,0,0,0,0,0,0,0,0,0,1,0,0,0
0.501,0.523598775598299,0.564588248987475,-0.141856586781038,-7.65445896409676e-05,0.564588248987475,0.564588248987475,-0.0409894733891762,-0.0114044225035348,-0.0114044225035348,0,0,0,0,0,0,0,0,0,0,0,0,0,1,502,0,0,0,0,0,0,0,0,0,1,0,0,0
0.502,0.523598775598299,0.564446420371148,-0.14179970976758,-6.58900109073621e-05,0.564446420371148,0.564446420371148,-0.0408476447728492,-0.0113873073628734,-0.0113873073628734,0,0,0,0,0,0,0,0,0,0,0,0,0,1,503,0,0,0,0,0,0,0,0,0,1,0,0,0
0.503,0.523598775598299,0.564304651442839,-0.141737224531909,-5.53826052779077e-05,0.564304651442839,0.564304651442839,-0.0407058758445399,-0.0113699156853003,-0.0113699156853003,0,0,0,0,0,0,0,0,0,0,0,0,0,1,504,0,0,0,0,0,0,0,0,0,1,0,0,0
0.504,0.523598775598299,0.564162947769858,-0.141669212659934,-4.50198250058465e-05,0.564162947769858,0.564162947769858,-0.0405641721715593,-0.0113522511356553,-0.0113522511356553,0,0,0,0,0,0,0,0,0,0,0,0,0,1,505,0,0,0,0,0,0,0,0,0,1,0,0,0
0.505,0.523598775598299,0.56402131483863,-0.141595754346255,-3.47992035577291e-05,0.56402131483863,0.56402131483863,-0.0404225392403316,-0.0113343173596498,-0.0113343173596498,0,0,0,0,0,0,0,0,0,0,0,0,0,1,506,0,0,0,0,0,0,0,0,0,1,0,0,0
0.506,0.523598775598299,0.563879758056063,-0.141516928437795,-2.47183533351207e-05,0.563879758056063,0.563879758056063,-0.0402809824577641,-0.0113161179846039,-0.0113161179846039,0,0,0,0,0,0,0,0,0,0,0,0,0,1,507,0,0,0,0,0,0,0,0,0,1,0,0,0
0.507,0.523598775598299,0.563738282750872,-0.141432812476188,-1.47749634067966e-05,0.563738282750872,0.563738282750872,-0.0401395071525734,-0.0112976566201014,-0.0112976566201014,0,0,0,0,0,0,0,0,0,0,0,0,0,1,508,0,0,0,0,0,0,0,0,0,1,0,0,0
0.508,0.523598775598299,0.563596894174868,-0.141343482738935,-4.96679725356516e-06,0.563596894174868,0.563596894174868,-0.0399981185765697,-0.0112789368585742,-0.0112789368585742,0,0,0,0,0,0,0,0,0,0,0,0,0,1,509,0,0,0,0,0,0,0,0,0,1,0,0,0
0.509,0.523598775598299,0.5634555975042,-0.141249014279329,4.70830947091935e-06,0.5634555975042,0.5634555975042,-0.039856821905901,-0.0112599622758162,-0.0112599622758162,0,0,0,0,0,0,0,0,0,0,0,0,0,1,510,0,0,0,0,0,0,0,0,0,1,0,0,0
0.51,0.523598775598299,0.563314397840557,-0.141149480965172,1.4252451160338e-05,0.563314397840557,0.563314397840557,-0.0397156222422581,-0.0112407364314299,-0.0112407364314299,0,0,0,0,0,0,0,0,0,0,0,0,0,1,511,0,0,0,0,0,0,0,0,0,1,0,0,0
0.511,0.523598775598299,0.56317330021234,-0.141044955516274,2.36676544549713e-05,0.56317330021234,0.56317330021234,-0.039574524614041,-0.0112212628692117,-0.0112212628692117,0,0,0,0,0,0,0,0,0,0,0,0,0,1,512,0,0,0,0,0,0,0,0,0,1,0,0,0
0.512,0.523598775598299,0.563032309575788,-0.140935509540771,3.29558804168482e-05,0.563032309575788,0.563032309575788,-0.0394335339774888,-0.0112015451174775,-0.0112015451174775,0,0,0,0,0,0,0,0,0,0,0,0,0,1,513,0,0,0,0,0,0,0,0,0,1,0,0,0
0.513,0.523598775598299,0.562891430816073,-0.140821213570256,4.21190266791157e-05,0.562891430816073,0.562891430816073,-0.0392926552177737,-0.0111815866893305,-0.0111815866893305,0,0,0,0,0,0,0,0,0,0,0,0,0,1,514,0,0,0,0,0,0,0,0,0,1,0,0,0
0.514,0.523598775598299,0.562750668748359,-0.140702137093758,5.1158929567756e-05,0.562750668748359,0.562750668748359,-0.0391518931500598,-0.0111613910828776,-0.0111613910828776,0,0,0,0,0,0,0,0,0,0,0,0,0,1,515,0,0,0,0,0,0,0,0,0,1,0,0,0
0.515,0.523598775598299,0.562610028118829,-0.140578348590561,6.00773661934896e-05,0.562610028118829,0.562610028118829,-0.0390112525205306,-0.0111409617813976,-0.0111409617813976,0,0,0,0,0,0,0,0,0,0,0,0,0,1,516,0,0,0,0,0,0,0,0,0,1,0,0,0
0.516,0.523598775598299,0.56246951360568,-0.140449915561903,6.88760565112734e-05,0.56246951360568,0.56246951360568,-0.0388707380073813,-0.0111203022534592,-0.0111203022534592,0,0,0,0,0,0,0,0,0,0,0,0,0,1,517,0,0,0,0,0,0,0,0,0,1,0,0,0
0.517,0.523598775598299,0.562329129820081,-0.140316904561558,7.75566653477e-05,0.562329129820081,0.562329129820081,-0.0387303542217822,-0.011099415952998,-0.011099415952998,0,0,0,0,0,0,0,0,0,0,0,0,0,1,518,0,0,0,0,0,0,0,0,0,1,0,0,0
0.518,0.523598775598299,0.56218888130711,-0.140179381225333,8.61208043931362e-05,0.56218888130711,0.56218888130711,-0.0385901057088115,-0.0110783063193522,-0.0110783063193522,0,0,0,0,0,0,0,0,0,0,0,0,0,1,519,0,0,0,0,0,0,0,0,0,1,0,0,0
0.519,0.523598775598299,0.562048772546657,-0.14003741029948,9.4570034157835e-05,0.562048772546657,0.562048772546657,-0.0384499969483584,-0.0110569767772588,-0.0110569767772588,0,0,0,0,0,0,0,0,0,0,0,0,0,1,520,0,0,0,0,0,0,0,0,0,1,0,0,0
0.52,0.523598775598299,0.561908807954298,-0.139891055668067,0.000102905865891429,0.561908807954298,0.561908807954298,-0.0383100323559992,-0.0110354307368163,-0.0110354307368163,0,0,0,0,0,0,0,0,0,0,0,0,0,1,521,0,0,0,0,0,0,0,0,0,1,0,0,0
0.521,0.523598775598299,0.561768991882145,-0.13974038037931,0.000111129763463701,0.561768991882145,0.561768991882145,-0.0381702162838464,-0.0110136715934144,-0.0110136715934144,0,0,0,0,0,0,0,0,0,0,0,0,0,1,522,0,0,0,0,0,0,0,0,0,1,0,0,0
0.522,0.523598775598299,0.56162932861967,-0.139585446670898,0.000119243145206173,0.56162932861967,0.56162932861967,-0.0380305530213716,-0.0109917027276313,-0.0109917027276313,0,0,0,0,0,0,0,0,0,0,0,0,0,1,523,0,0,0,0,0,0,0,0,0,1,0,0,0
0.523,0.523598775598299,0.561489822394502,-0.139426315994325,0.000127247385714139,0.561489822394502,0.561489822394502,-0.0378910467962036,-0.0109695275051056,-0.0109695275051056,0,0,0,0,0,0,0,0,0,0,0,0,0,1,524,0,0,0,0,0,0,0,0,0,1,0,0,0
0.524,0.523598775598299,0.561350477373202,-0.139263049038261,0.000135143817607662,0.561350477373202,0.561350477373202,-0.0377517017749032,-0.0109471492763813,-0.0109471492763813,0,0,0,0,0,0,0,0,0,0,0,0,0,1,525,0,0,0,0,0,0,0,0,0,1,0,0,0
0.525,0.523598775598299,0.561211297662013,-0.139095705750978,0.00014293373325129,0.561211297662013,0.561211297662013,-0.0376125220637145,-0.01092457137673,-0.01092457137673,0,0,0,0,0,0,0,0,0,0,0,0,0,1,526,0,0,0,0,0,0,0,0,0,1,0,0,0
0.526,0.523598775598299,0.561072287307593,-0.138924345361848,0.000150618386432021,0.561072287307593,0.561072287307593,-0.0374735117092946,-0.0109017971259518,-0.0109017971259518,0,0,0,0,0,0,0,0,0,0,0,0,0,1,527,0,0,0,0,0,0,0,0,0,1,0,0,0
0.527,0.523598775598299,0.560933450297721,-0.138749026401952,0.000158198993994919,0.560933450297721,0.560933450297721,-0.037334674699422,-0.010878829828156,-0.010878829828156,0,0,0,0,0,0,0,0,0,0,0,0,0,1,528,0,0,0,0,0,0,0,0,0,1,0,0,0
0.528,0.523598775598299,0.560794790561984,-0.138569806723812,0.0001656767374364,0.560794790561984,0.560794790561984,-0.0371960149636849,-0.0108556727715262,-0.0108556727715262,0,0,0,0,0,0,0,0,0,0,0,0,0,1,529,0,0,0,0,0,0,0,0,0,1,0,0,0
0.529,0.523598775598299,0.560656311972449,-0.138386743520264,0.000173052764454581,0.560656311972449,0.560656311972449,-0.0370575363741504,-0.0108323292280701,-0.0108323292280701,0,0,0,0,0,0,0,0,0,0,0,0,0,1,530,0,0,0,0,0,0,0,0,0,1,0,0,0
0.53,0.523598775598299,0.560518018344314,-0.138199893342516,0.000180328190456509,0.560518018344314,0.560518018344314,-0.0369192427460153,-0.0108088024533541,-0.0108088024533541,0,0,0,0,0,0,0,0,0,0,0,0,0,1,531,0,0,0,0,0,0,0,0,0,1,0,0,0
0.531,0.523598775598299,0.560379913436537,-0.138009312117392,0.000187504100022628,0.560379913436537,0.560379913436537,-0.0367811378382387,-0.0107850956862283,-0.0107850956862283,0,0,0,0,0,0,0,0,0,0,0,0,0,1,532,0,0,0,0,0,0,0,0,0,1,0,0,0
0.532,0.523598775598299,0.560242000952457,-0.137815055163793,0.000194581548328038,0.560242000952457,0.560242000952457,-0.0366432253541578,-0.0107612121485389,-0.0107612121485389,0,0,0,0,0,0,0,0,0,0,0,0,0,1,533,0,0,0,0,0,0,0,0,0,1,0,0,0
0.533,0.523598775598299,0.560104284540388,-0.137617177208415,0.000201561562521291,0.560104284540388,0.560104284540388,-0.0365055089420888,-0.0107371550448356,-0.0107371550448356,0,0,0,0,0,0,0,0,0,0,0,0,0,1,534,0,0,0,0,0,0,0,0,0,1,0,0,0
0.534,0.523598775598299,0.55996676779421,-0.137415732400713,0.000208445143059574,0.55996676779421,0.55996676779421,-0.0363679921959108,-0.0107129275620675,-0.0107129275620675,0,0,0,0,0,0,0,0,0,0,0,0,0,1,535,0,0,0,0,0,0,0,0,0,1,0,0,0
0.535,0.523598775598299,0.559829454253935,-0.137210774327171,0.000215233265002274,0.559829454253935,0.559829454253935,-0.0362306786556361,-0.0106885328692778,-0.0106885328692778,0,0,0,0,0,0,0,0,0,0,0,0,0,1,536,0,0,0,0,0,0,0,0,0,1,0,0,0
0.536,0.523598775598299,0.559692347406265,-0.137002356024873,0.000221926879261429,0.559692347406265,0.559692347406265,-0.0360935718079662,-0.0106639741172908,-0.0106639741172908,0,0,0,0,0,0,0,0,0,0,0,0,0,1,537,0,0,0,0,0,0,0,0,0,1,0,0,0
0.537,0.523598775598299,0.559555450685134,-0.136790529994419,0.000228526913810786,0.559555450685134,0.559555450685134,-0.0359566750868351,-0.0106392544383986,-0.0106392544383986,0,0,0,0,0,0,0,0,0,0,0,0,0,1,538,0,0,0,0,0,0,0,0,0,1,0,0,0
0.538,0.523598775598299,0.559418767472238,-0.136575348212187,0.000235034274852698,0.559418767472238,0.559418767472238,-0.035819991873939,-0.0106143769460437,-0.0106143769460437,0,0,0,0,0,0,0,0,0,0,0,0,0,1,539,0,0,0,0,0,0,0,0,0,1,0,0,0
0.539,0.523598775598299,0.559282301097554,-0.136356862141987,0.000241449847944201,0.559282301097554,0.559282301097554,-0.0356835254992554,-0.010589344734503,-0.010589344734503,0,0,0,0,0,0,0,0,0,0,0,0,0,1,540,0,0,0,0,0,0,0,0,0,1,0,0,0
0.54,0.523598775598299,0.559146054839848,-0.136135122746112,0.000247774499082186,0.559146054839848,0.559146054839848,-0.035547279241549,-0.0105641608785701,-0.0105641608785701,0,0,0,0,0,0,0,0,0,0,0,0,0,1,541,0,0,0,0,0,0,0,0,0,1,0,0,0
0.541,0.523598775598299,0.559010031927168,-0.135910180495815,0.000254009075748639,0.559010031927168,0.559010031927168,-0.0354112563288693,-0.0105388284332418,-0.0105388284332418,0,0,0,0,0,0,0,0,0,0,0,0,0,1,542,0,0,0,0,0,0,0,0,0,1,0,0,0
0.542,0.523598775598299,0.558874235537334,-0.135682085381231,0.000260154407915651,0.558874235537334,0.558874235537334,-0.0352754599390352,-0.010513350433403,-0.010513350433403,0,0,0,0,0,0,0,0,0,0,0,0,0,1,543,0,0,0,0,0,0,0,0,0,1,0,0,0
0.543,0.523598775598299,0.558738668798412,-0.135450886920768,0.000266211309012255,0.558738668798412,0.558738668798412,-0.0351398932001128,-0.0104877298935204,-0.0104877298935204,0,0,0,0,0,0,0,0,0,0,0,0,0,1,544,0,0,0,0,0,0,0,0,0,1,0,0,0
0.544,0.523598775598299,0.55860333478918,-0.135216634169989,0.000272180576851588,0.55860333478918,0.55860333478918,-0.0350045591908812,-0.0104619698073345,-0.0104619698073345,0,0,0,0,0,0,0,0,0,0,0,0,0,1,545,0,0,0,0,0,0,0,0,0,1,0,0,0
0.545,0.523598775598299,0.558468236539591,-0.134979375730002,0.000278062994521441,0.558468236539591,0.558468236539591,-0.0348694609412924,-0.0104360731475613,-0.0104360731475613,0,0,0,0,0,0,0,0,0,0,0,0,0,1,546,0,0,0,0,0,0,0,0,0,1,0,0,0
0.546,0.523598775598299,0.55833337703122,-0.134739159755377,0.000283859331236713,0.55833337703122,0.55833337703122,-0.0347346014329212,-0.0104100428655968,-0.0104100428655968,0,0,0,0,0,0,0,0,0,0,0,0,0,1,547,0,0,0,0,0,0,0,0,0,1,0,0,0
0.547,0.523598775598299,0.558198759197706,-0.134496033961616,0.000289570343155868,0.558198759197706,0.558198759197706,-0.0345999835994076,-0.0103838818912278,-0.0103838818912278,0,0,0,0,0,0,0,0,0,0,0,0,0,1,548,0,0,0,0,0,0,0,0,0,1,0,0,0
0.548,0.523598775598299,0.558064385925192,-0.134250045632194,0.000295196774161901,0.558064385925192,0.558064385925192,-0.034465610326893,-0.0103575931323513,-0.0103575931323513,0,0,0,0,0,0,0,0,0,0,0,0,0,1,549,0,0,0,0,0,0,0,0,0,1,0,0,0
0.549,0.523598775598299,0.557930260052747,-0.134001241625185,0.000300739356607965,0.557930260052747,0.557930260052747,-0.0343314844544484,-0.0103311794747006,-0.0103311794747006,0,0,0,0,0,0,0,0,0,0,0,0,0,1,550,0,0,0,0,0,0,0,0,0,1,0,0,0
0.55,0.523598775598299,0.557796384372796,-0.133749668379498,0.000306198812028701,0.557796384372796,0.557796384372796,-0.0341976087744968,-0.0103046437815778,-0.0103046437815778,0,0,0,0,0,0,0,0,0,0,0,0,0,1,551,0,0,0,0,0,0,0,0,0,1,0,0,0
0.551,0.523598775598299,0.557662761631529,-0.133495371920733,0.000311575851818663,0.557662761631529,0.557662761631529,-0.0340639860332297,-0.0102779888935984,-0.0102779888935984,0,0,0,0,0,0,0,0,0,0,0,0,0,1,552,0,0,0,0,0,0,0,0,0,1,0,0,0
0.552,0.523598775598299,0.557529394529316,-0.133238397866692,0.000316871177877331,0.557529394529316,0.557529394529316,-0.0339306189310169,-0.0102512176284407,-0.0102512176284407,0,0,0,0,0,0,0,0,0,0,0,0,0,1,553,0,0,0,0,0,0,0,0,0,1,0,0,0
0.553,0.523598775598299,0.557396285721111,-0.132978791432536,0.000322085483223036,0.557396285721111,0.557396285721111,-0.0337975101228126,-0.0102243327806072,-0.0102243327806072,0,0,0,0,0,0,0,0,0,0,0,0,0,1,554,0,0,0,0,0,0,0,0,0,1,0,0,0
0.554,0.523598775598299,0.557263437816854,-0.132716597435635,0.000327219452575256,0.557263437816854,0.557263437816854,-0.0336646622185548,-0.0101973371211943,-0.0101973371211943,0,0,0,0,0,0,0,0,0,0,0,0,0,1,555,0,0,0,0,0,0,0,0,0,1,0,0,0
0.555,0.523598775598299,0.55713085338186,-0.1324518603001,0.000332273762907262,0.55713085338186,0.55713085338186,-0.0335320777835612,-0.0101702333976725,-0.0101702333976725,0,0,0,0,0,0,0,0,0,0,0,0,0,1,556,0,0,0,0,0,0,0,0,0,1,0,0,0
0.556,0.523598775598299,0.556998534937219,-0.13218462406103,0.000337249083968871,0.556998534937219,0.556998534937219,-0.0333997593389203,-0.0101430243336776,-0.0101430243336776,0,0,0,0,0,0,0,0,0,0,0,0,0,1,557,0,0,0,0,0,0,0,0,0,1,0,0,0
0.557,0.523598775598299,0.556866484960177,-0.131914932368491,0.000342146078780723,0.556866484960177,0.556866484960177,-0.0332677093618784,-0.0101157126288102,-0.0101157126288102,0,0,0,0,0,0,0,0,0,0,0,0,0,1,558,0,0,0,0,0,0,0,0,0,1,0,0,0
0.558,0.523598775598299,0.556734705884521,-0.131642828491226,0.000346965404100974,0.556734705884521,0.556734705884521,-0.0331359302862224,-0.0100883009584467,-0.0100883009584467,0,0,0,0,0,0,0,0,0,0,0,0,0,1,559,0,0,0,0,0,0,0,0,0,1,0,0,0
0.559,0.523598775598299,0.556603200100959,-0.131368355320128,0.000351707710865329,0.556603200100959,0.556603200100959,-0.0330044245026602,-0.0100607919735636,-0.0100607919735636,0,0,0,0,0,0,0,0,0,0,0,0,0,1,560,0,0,0,0,0,0,0,0,0,1,0,0,0
0.56,0.523598775598299,0.556471969957495,-0.131091555371485,0.000356373644600125,0.556471969957495,0.556471969957495,-0.0328731943591958,-0.0100331883005683,-0.0100331883005683,0,0,0,0,0,0,0,0,0,0,0,0,0,1,561,0,0,0,0,0,0,0,0,0,1,0,0,0
0.561,0.523598775598299,0.556341017759802,-0.130812470789998,0.000360963845811154,0.556341017759802,0.556341017759802,-0.0327422421615033,-0.0100054925411442,-0.0100054925411442,0,0,0,0,0,0,0,0,0,0,0,0,0,1,562,0,0,0,0,0,0,0,0,0,1,0,0,0
0.562,0.523598775598299,0.556210345771595,-0.130531143351616,0.000365478950347403,0.556210345771595,0.556210345771595,-0.0326115701732966,-0.00997770727210552,-0.00997770727210552,0,0,0,0,0,0,0,0,0,0,0,0,0,1,563,0,0,0,0,0,0,0,0,0,1,0,0,0
0.563,0.523598775598299,0.556079956214996,-0.130247614466158,0.000369919589741626,0.556079956214996,0.556079956214996,-0.032481180616697,-0.00994983504526431,-0.00994983504526431,0,0,0,0,0,0,0,0,0,0,0,0,0,1,564,0,0,0,0,0,0,0,0,0,1,0,0,0
0.564,0.523598775598299,0.555949851270897,-0.12996192517978,0.000374286391527621,0.555949851270897,0.555949851270897,-0.0323510756725979,-0.00992187838730703,-0.00992187838730703,0,0,0,0,0,0,0,0,0,0,0,0,0,1,565,0,0,0,0,0,0,0,0,0,1,0,0,0
0.565,0.523598775598299,0.555820033079326,-0.129674116177263,0.000378579979536043,0.555820033079326,0.555820033079326,-0.0322212574810274,-0.00989383979968421,-0.00989383979968421,0,0,0,0,0,0,0,0,0,0,0,0,0,1,566,0,0,0,0,0,0,0,0,0,1,0,0,0
0.566,0.523598775598299,0.555690503739808,-0.129384227784153,0.0003828009741686,0.555690503739808,0.555690503739808,-0.032091728141509,-0.00986572175850969,-0.00986572175850969,0,0,0,0,0,0,0,0,0,0,0,0,0,1,567,0,0,0,0,0,0,0,0,0,1,0,0,0
0.567,0.523598775598299,0.555561265311718,-0.12909229996876,0.000386949992652144,0.555561265311718,0.555561265311718,-0.0319624897134188,-0.00983752671447154,-0.00983752671447154,0,0,0,0,0,0,0,0,0,0,0,0,0,1,568,0,0,0,0,0,0,0,0,0,1,0,0,0
0.568,0.523598775598299,0.555432319814642,-0.128798372344019,0.000391027649273118,0.555432319814642,0.555432319814642,-0.0318335442163428,-0.00980925709275447,-0.00980925709275447,0,0,0,0,0,0,0,0,0,0,0,0,0,1,569,0,0,0,0,0,0,0,0,0,1,0,0,0
0.569,0.523598775598299,0.55530366922873,-0.128502484169241,0.000395034555593019,0.55530366922873,0.55530366922873,-0.0317048936304311,-0.00978091529297294,-0.00978091529297294,0,0,0,0,0,0,0,0,0,0,0,0,0,1,570,0,0,0,0,0,0,0,0,0,1,0,0,0
0.57,0.523598775598299,0.555175315495049,-0.128204674351744,0.000398971320645791,0.555175315495049,0.555175315495049,-0.0315765398967504,-0.0097525036891145,-0.0097525036891145,0,0,0,0,0,0,0,0,0,0,0,0,0,1,571,0,0,0,0,0,0,0,0,0,1,0,0,0
0.571,0.523598775598299,0.555047260515934,-0.127904981448385,0.000402838551118066,0.555047260515934,0.555047260515934,-0.0314484849176356,-0.00972402462949519,-0.00972402462949519,0,0,0,0,0,0,0,0,0,0,0,0,0,1,572,0,0,0,0,0,0,0,0,0,1,0,0,0
0.572,0.523598775598299,0.554919506155338,-0.127603443667002,0.000406636851512528,0.554919506155338,0.554919506155338,-0.0313207305570394,-0.00969548043672386,-0.00969548043672386,0,0,0,0,0,0,0,0,0,0,0,0,0,1,573,0,0,0,0,0,0,0,0,0,1,0,0,0
0.573,0.523598775598299,0.554792054239179,-0.127300098867768,0.000410366824295774,0.554792054239179,0.554792054239179,-0.0311932786408805,-0.00966687340767856,-0.00966687340767856,0,0,0,0,0,0,0,0,0,0,0,0,0,1,574,0,0,0,0,0,0,0,0,0,1,0,0,0
0.574,0.523598775598299,0.554664906555689,-0.126994984564474,0.000414029070030715,0.554664906555689,0.554664906555689,-0.0310661309573906,-0.00963820581349221,-0.00963820581349221,0,0,0,0,0,0,0,0,0,0,0,0,0,1,575,0,0,0,0,0,0,0,0,0,1,0,0,0
0.575,0.523598775598299,0.554538064855759,-0.126688137925741,0.000417624187494683,0.554538064855759,0.554538064855759,-0.0309392892574606,-0.00960947989954918,-0.00960947989954918,0,0,0,0,0,0,0,0,0,0,0,0,0,1,576,0,0,0,0,0,0,0,0,0,1,0,0,0
0.576,0.523598775598299,0.554411530853283,-0.126379595776175,0.000421152773783594,0.554411530853283,0.554411530853283,-0.0308127552549845,-0.00958069788549087,-0.00958069788549087,0,0,0,0,0,0,0,0,0,0,0,0,0,1,577,0,0,0,0,0,0,0,0,0,1,0,0,0
0.577,0.523598775598299,0.554285306225503,-0.126069394597466,0.000424615424403208,0.554285306225503,0.554285306225503,-0.0306865306272037,-0.00955186196523271,-0.00955186196523271,0,0,0,0,0,0,0,0,0,0,0,0,0,1,578,0,0,0,0,0,0,0,0,0,1,0,0,0
0.578,0.523598775598299,0.554159392613347,-0.125757570529447,0.000428012733347564,0.554159392613347,0.554159392613347,-0.0305606170150486,-0.00952297430698808,-0.00952297430698808,0,0,0,0,0,0,0,0,0,0,0,0,0,1,579,0,0,0,0,0,0,0,0,0,1,0,0,0
0.579,0.523598775598299,0.554033791621779,-0.125444159371106,0.000431345293166145,0.554033791621779,0.554033791621779,-0.0304350160234806,-0.0094940370533048,-0.0094940370533048,0,0,0,0,0,0,0,0,0,0,0,0,0,1,580,0,0,0,0,0,0,0,0,0,1,0,0,0
0.58,0.523598775598299,0.55390850482013,-0.125129196581569,0.000434613695019224,0.55390850482013,0.55390850482013,-0.0303097292218316,-0.00946505232110685,-0.00946505232110685,0,0,0,0,0,0,0,0,0,0,0,0,0,1,581,0,0,0,0,0,0,0,0,0,1,0,0,0
0.581,0.523598775598299,0.553783533742443,-0.12481271728106,0.000437818528723446,0.553783533742443,0.553783533742443,-0.0301847581441445,-0.00943602220175009,-0.00943602220175009,0,0,0,0,0,0,0,0,0,0,0,0,0,1,582,0,0,0,0,0,0,0,0,0,1,0,0,0
0.582,0.523598775598299,0.553658879887809,-0.124494756251828,0.000440960382786285,0.553658879887809,0.553658879887809,-0.0300601042895103,-0.00940694876108086,-0.00940694876108086,0,0,0,0,0,0,0,0,0,0,0,0,0,1,583,0,0,0,0,0,0,0,0,0,1,0,0,0
0.583,0.523598775598299,0.553534544720706,-0.12417534793907,0.000444039844432255,0.553534544720706,0.553534544720706,-0.0299357691224073,-0.00937783403950855,-0.00937783403950855,0,0,0,0,0,0,0,0,0,0,0,0,0,1,584,0,0,0,0,0,0,0,0,0,1,0,0,0
0.584,0.523598775598299,0.553410529671335,-0.123854526451831,0.000447057499619206,0.553410529671335,0.553410529671335,-0.0298117540730359,-0.00934868005208206,-0.00934868005208206,0,0,0,0,0,0,0,0,0,0,0,0,0,1,585,0,0,0,0,0,0,0,0,0,1,0,0,0
0.585,0.523598775598299,0.553286836135955,-0.123532325563908,0.000450013933047008,0.553286836135955,0.553286836135955,-0.0296880605376558,-0.00931948878857651,-0.00931948878857651,0,0,0,0,0,0,0,0,0,0,0,0,0,1,586,0,0,0,0,0,0,0,0,0,1,0,0,0
0.586,0.523598775598299,0.553163465477219,-0.123208778714738,0.000452909728158163,0.553163465477219,0.553163465477219,-0.0295646898789197,-0.00929026221358666,-0.00929026221358666,0,0,0,0,0,0,0,0,0,0,0,0,0,1,587,0,0,0,0,0,0,0,0,0,1,0,0,0
0.587,0.523598775598299,0.553040419024507,-0.122883919010302,0.000455745467131269,0.553040419024507,0.553040419024507,-0.0294416434262079,-0.00926100226662914,-0.00926100226662914,0,0,0,0,0,0,0,0,0,0,0,0,0,1,588,0,0,0,0,0,0,0,0,0,1,0,0,0
0.588,0.523598775598299,0.55291769807426,-0.122557779224019,0.000458521730867322,0.55291769807426,0.55291769807426,-0.0293189224759614,-0.00923171086225046,-0.00923171086225046,0,0,0,0,0,0,0,0,0,0,0,0,0,1,589,0,0,0,0,0,0,0,0,0,1,0,0,0
0.589,0.523598775598299,0.552795303890312,-0.122230391797663,0.00046123909896997,0.552795303890312,0.552795303890312,-0.0291965282920128,-0.00920238989014079,-0.00920238989014079,0,0,0,0,0,0,0,0,0,0,0,0,0,1,590,0,0,0,0,0,0,0,0,0,1,0,0,0
0.59,0.523598775598299,0.552673237704218,-0.121901788842277,0.00046389814972039,0.552673237704218,0.552673237704218,-0.0290744621059191,-0.00917304121525846,-0.00917304121525846,0,0,0,0,0,0,0,0,0,0,0,0,0,1,591,0,0,0,0,0,0,0,0,0,1,0,0,0
0.591,0.523598775598299,0.55255150071559,-0.121572002139115,0.000466499460045827,0.55255150071559,0.55255150071559,-0.0289527251172911,-0.0091436666779573,-0.0091436666779573,0,0,0,0,0,0,0,0,0,0,0,0,0,1,592,0,0,0,0,0,0,0,0,0,1,0,0,0
0.592,0.523598775598299,0.552430094092421,-0.121241063140592,0.000469043605483673,0.552430094092421,0.552430094092421,-0.0288313184941227,-0.00911426809412152,-0.00911426809412152,0,0,0,0,0,0,0,0,0,0,0,0,0,1,593,0,0,0,0,0,0,0,0,0,1,0,0,0
0.593,0.523598775598299,0.552309018971418,-0.120909002971257,0.00047153116014089,0.552309018971418,0.552309018971418,-0.0287102433731194,-0.00908484725530591,-0.00908484725530591,0,0,0,0,0,0,0,0,0,0,0,0,0,1,594,0,0,0,0,0,0,0,0,0,1,0,0,0
0.594,0.523598775598299,0.552188276458325,-0.120575852428792,0.000473962696649414,0.552188276458325,0.552188276458325,-0.0285895008600259,-0.00905540592888246,-0.00905540592888246,0,0,0,0,0,0,0,0,0,0,0,0,0,1,595,0,0,0,0,0,0,0,0,0,1,0,0,0
0.595,0.523598775598299,0.552067867628251,-0.120241641985027,0.000476338786117574,0.552067867628251,0.552067867628251,-0.028469092029952,-0.00902594585819237,-0.00902594585819237,0,0,0,0,0,0,0,0,0,0,0,0,0,1,596,0,0,0,0,0,0,0,0,0,1,0,0,0
0.596,0.523598775598299,0.551947793525997,-0.119906401786987,0.000478659998078047,0.551947793525997,0.551947793525997,-0.0283490179276982,-0.0089964687627019,-0.0089964687627019,0,0,0,0,0,0,0,0,0,0,0,0,0,1,597,0,0,0,0,0,0,0,0,0,1,0,0,0
0.597,0.523598775598299,0.551828055166379,-0.11957016165797,0.000480926900433081,0.551828055166379,0.551828055166379,-0.0282292795680801,-0.00896697633816504,-0.00896697633816504,0,0,0,0,0,0,0,0,0,0,0,0,0,1,598,0,0,0,0,0,0,0,0,0,1,0,0,0
0.598,0.523598775598299,0.55170865353455,-0.119232951098645,0.000483140059396619,0.55170865353455,0.55170865353455,-0.0281098779362511,-0.00893747025678876,-0.00893747025678876,0,0,0,0,0,0,0,0,0,0,0,0,0,1,599,0,0,0,0,0,0,0,0,0,1,0,0,0
0.599,0.523598775598299,0.551589589586324,-0.118894799288189,0.000485300039434455,0.551589589586324,0.551589589586324,-0.0279908139880252,-0.0089079521674055,-0.0089079521674055,0,0,0,0,0,0,0,0,0,0,0,0,0,1,600,0,0,0,0,0,0,0,0,0,1,0,0,0
0.6,0.523598775598299,0.551470864248496,-0.118555735085451,0.000487407403201655,0.551470864248496,0.551470864248496,-0.0278720886501971,-0.00887842369564629,-0.00887842369564629,0,0,0,0,0,0,0,0,0,0,0,0,0,1,601,0,0,0,0,0,0,0,0,0,1,0,0,0
0.601,0.523598775598299,0.551352478419161,-0.118215787030152,0.000489462711478923,0.551352478419161,0.551352478419161,-0.0277537028208625,-0.00884888644412071,-0.00884888644412071,0,0,0,0,0,0,0,0,0,0,0,0,0,1,602,0,0,0,0,0,0,0,0,0,1,0,0,0
0.602,0.523598775598299,0.551234432968035,-0.117874983344119,0.000491466523106977,0.551234432968035,0.551234432968035,-0.0276356573697366,-0.00881934199259936,-0.00881934199259936,0,0,0,0,0,0,0,0,0,0,0,0,0,1,603,0,0,0,0,0,0,0,0,0,1,0,0,0
0.603,0.523598775598299,0.55111672873677,-0.117533351932549,0.000493419394919796,0.55111672873677,0.55111672873677,-0.0275179531384708,-0.00878979189819928,-0.00878979189819928,0,0,0,0,0,0,0,0,0,0,0,0,0,1,604,0,0,0,0,0,0,0,0,0,1,0,0,0
0.604,0.523598775598299,0.550999366539268,-0.117190920385315,0.000495321881677062,0.550999366539268,0.550999366539268,-0.0274005909409692,-0.00876023769557358,-0.00876023769557358,0,0,0,0,0,0,0,0,0,0,0,0,0,1,605,0,0,0,0,0,0,0,0,0,1,0,0,0
0.605,0.523598775598299,0.550882347162002,-0.1168477159783,0.000497174535995736,0.550882347162002,0.550882347162002,-0.0272835715637035,-0.00873068089710481,-0.00873068089710481,0,0,0,0,0,0,0,0,0,0,0,0,0,1,606,0,0,0,0,0,0,0,0,0,1,0,0,0
0.606,0.523598775598299,0.550765671364324,-0.116503765674772,0.000498977908280728,0.550765671364324,0.550765671364324,-0.0271668957660256,-0.00870112299309835,-0.00870112299309835,0,0,0,0,0,0,0,0,0,0,0,0,0,1,607,0,0,0,0,0,0,0,0,0,1,0,0,0
0.607,0.523598775598299,0.550649339878779,-0.116159096126796,0.000500732546656014,0.550649339878779,0.550649339878779,-0.0270505642804797,-0.00867156545198043,-0.00867156545198043,0,0,0,0,0,0,0,0,0,0,0,0,0,1,608,0,0,0,0,0,0,0,0,0,1,0,0,0
0.608,0.523598775598299,0.550533353411412,-0.115813733676674,0.000502438996895372,0.550533353411412,0.550533353411412,-0.0269345778131134,-0.00864200972049965,-0.00864200972049965,0,0,0,0,0,0,0,0,0,0,0,0,0,1,609,0,0,0,0,0,0,0,0,0,1,0,0,0
0.609,0.523598775598299,0.550417712642085,-0.115467704358432,0.000504097802352776,0.550417712642085,0.550417712642085,-0.0268189370437859,-0.00861245722392749,-0.00861245722392749,0,0,0,0,0,0,0,0,0,0,0,0,0,1,610,0,0,0,0,0,0,0,0,0,1,0,0,0
0.61,0.523598775598299,0.550302418224775,-0.115121033899335,0.000505709503893746,0.550302418224775,0.550302418224775,-0.0267036426264761,-0.00858290936626314,-0.00858290936626314,0,0,0,0,0,0,0,0,0,0,0,0,0,1,611,0,0,0,0,0,0,0,0,0,1,0,0,0
0.611,0.523598775598299,0.550187470787887,-0.114773747721439,0.000507274639826867,0.550187470787887,0.550187470787887,-0.0265886951895883,-0.00855336753044009,-0.00855336753044009,0,0,0,0,0,0,0,0,0,0,0,0,0,1,612,0,0,0,0,0,0,0,0,0,1,0,0,0
0.612,0.523598775598299,0.550072870934555,-0.114425870943184,0.000508793745835738,0.550072870934555,0.550072870934555,-0.0264740953362566,-0.00852383307853219,-0.00852383307853219,0,0,0,0,0,0,0,0,0,0,0,0,0,1,613,0,0,0,0,0,0,0,0,0,1,0,0,0
0.613,0.523598775598299,0.549958619242947,-0.114077428381011,0.000510267354912249,0.549958619242947,0.549958619242947,-0.0263598436446477,-0.00849430735196396,-0.00849430735196396,0,0,0,0,0,0,0,0,0,0,0,0,0,1,614,0,0,0,0,0,0,0,0,0,1,0,0,0
0.614,0.523598775598299,0.549844716266562,-0.113728444551024,0.000511695997290216,0.549844716266562,0.549844716266562,-0.0262459406682627,-0.00846479167172093,-0.00846479167172093,0,0,0,0,0,0,0,0,0,0,0,0,0,1,615,0,0,0,0,0,0,0,0,0,1,0,0,0
0.615,0.523598775598299,0.549731162534534,-0.113378943670682,0.000513080200380107,0.549731162534534,0.549731162534534,-0.0261323869362355,-0.00843528733855969,-0.00843528733855969,0,0,0,0,0,0,0,0,0,0,0,0,0,1,616,0,0,0,0,0,0,0,0,0,1,0,0,0
0.616,0.523598775598299,0.54961795855193,-0.113028949660522,0.000514420488705346,0.54961795855193,0.54961795855193,-0.0260191829536314,-0.00840579563322039,-0.00840579563322039,0,0,0,0,0,0,0,0,0,0,0,0,0,1,617,0,0,0,0,0,0,0,0,0,1,0,0,0
0.617,0.523598775598299,0.549505104800042,-0.112678486145918,0.00051571738383972,0.549505104800042,0.549505104800042,-0.0259063292017429,-0.00837631781664076,-0.00837631781664076,0,0,0,0,0,0,0,0,0,0,0,0,0,1,618,0,0,0,0,0,0,0,0,0,1,0,0,0
0.618,0.523598775598299,0.549392601736683,-0.11232757645887,0.000516971404345735,0.549392601736683,0.549392601736683,-0.0257938261383838,-0.00834685513016768,-0.00834685513016768,0,0,0,0,0,0,0,0,0,0,0,0,0,1,619,0,0,0,0,0,0,0,0,0,1,0,0,0
0.619,0.523598775598299,0.549280449796481,-0.111976243639825,0.000518183065715192,0.549280449796481,0.549280449796481,-0.025681674198182,-0.00831740879577229,-0.00831740879577229,0,0,0,0,0,0,0,0,0,0,0,0,0,1,620,0,0,0,0,0,0,0,0,0,1,0,0,0
0.62,0.523598775598299,0.549168649391169,-0.111624510439528,0.000519352880310758,0.549168649391169,0.549168649391169,-0.02556987379287,-0.00828798001626355,-0.00828798001626355,0,0,0,0,0,0,0,0,0,0,0,0,0,1,621,0,0,0,0,0,0,0,0,0,1,0,0,0
0.621,0.523598775598299,0.549057200909872,-0.111272399320901,0.000520481357309418,0.549057200909872,0.549057200909872,-0.0254584253115734,-0.00825856997550214,-0.00825856997550214,0,0,0,0,0,0,0,0,0,0,0,0,0,1,622,0,0,0,0,0,0,0,0,0,1,0,0,0
0.622,0.523598775598299,0.548946104719397,-0.110919932460955,0.000521569002647699,0.548946104719397,0.548946104719397,-0.0253473291210983,-0.00822917983861586,-0.00822917983861586,0,0,0,0,0,0,0,0,0,0,0,0,0,1,623,0,0,0,0,0,0,0,0,0,1,0,0,0
0.623,0.523598775598299,0.548835361164514,-0.110567131752723,0.000522616318968254,0.548835361164514,0.548835361164514,-0.0252365855662156,-0.00819981075221164,-0.00819981075221164,0,0,0,0,0,0,0,0,0,0,0,0,0,1,624,0,0,0,0,0,0,0,0,0,1,0,0,0
0.624,0.523598775598299,0.548724970568243,-0.110214018807224,0.000523623805569029,0.548724970568243,0.548724970568243,-0.0251261949699446,-0.00817046384459133,-0.00817046384459133,0,0,0,0,0,0,0,0,0,0,0,0,0,1,625,0,0,0,0,0,0,0,0,0,1,0,0,0
0.625,0.523598775598299,0.548614933232133,-0.109860614955452,0.000524591958353482,0.548614933232133,0.548614933232133,-0.0250161576338337,-0.00814114022596319,-0.00814114022596319,0,0,0,0,0,0,0,0,0,0,0,0,0,1,626,0,0,0,0,0,0,0,0,0,1,0,0,0
0.626,0.523598775598299,0.548505249436538,-0.109506941250387,0.000525521269783479,0.548505249436538,0.548505249436538,-0.0249064738382394,-0.00811184098865615,-0.00811184098865615,0,0,0,0,0,0,0,0,0,0,0,0,0,1,627,0,0,0,0,0,0,0,0,0,1,0,0,0
0.627,0.523598775598299,0.548395919440902,-0.109153018469034,0.000526412228833547,0.548395919440902,0.548395919440902,-0.0247971438426035,-0.00808256720733107,-0.00808256720733107,0,0,0,0,0,0,0,0,0,0,0,0,0,1,628,0,0,0,0,0,0,0,0,0,1,0,0,0
0.628,0.523598775598299,0.548286943484027,-0.108798867114479,0.000527265320947524,0.548286943484027,0.548286943484027,-0.0246881678857279,-0.00805331993919316,-0.00805331993919316,0,0,0,0,0,0,0,0,0,0,0,0,0,1,629,0,0,0,0,0,0,0,0,0,1,0,0,0
0.629,0.523598775598299,0.548178321784346,-0.10844450741797,0.000528081027996848,0.548178321784346,0.548178321784346,-0.0245795461860474,-0.00802410022420064,-0.00802410022420064,0,0,0,0,0,0,0,0,0,0,0,0,0,1,630,0,0,0,0,0,0,0,0,0,1,0,0,0
0.63,0.523598775598299,0.5480700545402,-0.108089959341019,0.000528859828241617,0.5480700545402,0.5480700545402,-0.0244712789419007,-0.0079949090852767,-0.0079949090852767,0,0,0,0,0,0,0,0,0,0,0,0,0,1,631,0,0,0,0,0,0,0,0,0,1,0,0,0
0.631,0.523598775598299,0.547962141930098,-0.107735242577515,0.000529602196292781,0.547962141930098,0.547962141930098,-0.024363366331799,-0.00796574752851696,-0.00796574752851696,0,0,0,0,0,0,0,0,0,0,0,0,0,1,632,0,0,0,0,0,0,0,0,0,1,0,0,0
0.632,0.523598775598299,0.547854584112991,-0.107380376555869,0.000530308603076949,0.547854584112991,0.547854584112991,-0.0242558085146926,-0.00793661654339702,-0.00793661654339702,0,0,0,0,0,0,0,0,0,0,0,0,0,1,633,0,0,0,0,0,0,0,0,0,1,0,0,0
0.633,0.523598775598299,0.547747381228534,-0.107025380441162,0.000530979515803223,0.547747381228534,0.547747381228534,-0.0241486056302349,-0.00790751710297888,-0.00790751710297888,0,0,0,0,0,0,0,0,0,0,0,0,0,1,634,0,0,0,0,0,0,0,0,0,1,0,0,0
0.634,0.523598775598299,0.547640533397344,-0.106670273137317,0.000531615397932047,0.547640533397344,0.547640533397344,-0.0240417577990454,-0.00787845016411605,-0.00787845016411605,0,0,0,0,0,0,0,0,0,0,0,0,0,1,635,0,0,0,0,0,0,0,0,0,1,0,0,0
0.635,0.523598775598299,0.547534040721268,-0.106315073289282,0.000532216709146131,0.547534040721268,0.547534040721268,-0.0239352651229688,-0.00784941666765672,-0.00784941666765672,0,0,0,0,0,0,0,0,0,0,0,0,0,1,636,0,0,0,0,0,0,0,0,0,1,0,0,0
0.636,0.523598775598299,0.547427903283633,-0.10595979928523,0.000532783905323593,0.547427903283633,0.547427903283633,-0.0238291276853343,-0.00782041753864801,-0.00782041753864801,0,0,0,0,0,0,0,0,0,0,0,0,0,1,637,0,0,0,0,0,0,0,0,0,1,0,0,0
0.637,0.523598775598299,0.547322121149508,-0.105604469258765,0.000533317438512486,0.547322121149508,0.547322121149508,-0.0237233455512096,-0.00779145368653403,-0.00779145368653403,0,0,0,0,0,0,0,0,0,0,0,0,0,1,638,0,0,0,0,0,0,0,0,0,1,0,0,0
0.638,0.523598775598299,0.547216694365954,-0.105249101091147,0.000533817756908439,0.547216694365954,0.547216694365954,-0.0236179187676554,-0.00776252600535667,-0.00776252600535667,0,0,0,0,0,0,0,0,0,0,0,0,0,1,639,0,0,0,0,0,0,0,0,0,1,0,0,0
0.639,0.523598775598299,0.547111622962275,-0.104893712413521,0.000534285304833617,0.547111622962275,0.547111622962275,-0.0235128473639766,-0.00773363537395361,-0.00773363537395361,0,0,0,0,0,0,0,0,0,0,0,0,0,1,640,0,0,0,0,0,0,0,0,0,1,0,0,0
0.64,0.523598775598299,0.54700690695027,-0.104538320609159,0.000534720522717649,0.54700690695027,0.54700690695027,-0.0234081313519707,-0.00770478265615256,-0.00770478265615256,0,0,0,0,0,0,0,0,0,0,0,0,0,1,641,0,0,0,0,0,0,0,0,0,1,0,0,0
0.641,0.523598775598299,0.546902546324474,-0.104182942815708,0.000535123847081165,0.546902546324474,0.546902546324474,-0.0233037707261753,-0.00767596870096784,-0.00767596870096784,0,0,0,0,0,0,0,0,0,0,0,0,0,1,642,0,0,0,0,0,0,0,0,0,1,0,0,0
0.642,0.523598775598299,0.546798541062411,-0.103827595927443,0.000535495710520399,0.546798541062411,0.546798541062411,-0.023199765464112,-0.00764719434279128,-0.00764719434279128,0,0,0,0,0,0,0,0,0,0,0,0,0,1,643,0,0,0,0,0,0,0,0,0,1,0,0,0
0.643,0.523598775598299,0.546694891124828,-0.103472296597533,0.000535836541694426,0.546694891124828,0.546694891124828,-0.0230961155265288,-0.00761846040158331,-0.00761846040158331,0,0,0,0,0,0,0,0,0,0,0,0,0,1,644,0,0,0,0,0,0,0,0,0,1,0,0,0
0.644,0.523598775598299,0.546591596455939,-0.103117061240305,0.000536146765314092,0.546591596455939,0.546591596455939,-0.0229928208576405,-0.00758976768306262,-0.00758976768306262,0,0,0,0,0,0,0,0,0,0,0,0,0,1,645,0,0,0,0,0,0,0,0,0,1,0,0,0
0.645,0.523598775598299,0.546488656983665,-0.102761906033511,0.000536426802132566,0.546488656983665,0.546488656983665,-0.0228898813853659,-0.00756111697889196,-0.00756111697889196,0,0,0,0,0,0,0,0,0,0,0,0,0,1,646,0,0,0,0,0,0,0,0,0,1,0,0,0
0.646,0.523598775598299,0.546386072619862,-0.102406846920608,0.000536677068938207,0.546386072619862,0.546386072619862,-0.0227872970215629,-0.00753250906686371,-0.00753250906686371,0,0,0,0,0,0,0,0,0,0,0,0,0,1,647,0,0,0,0,0,0,0,0,0,1,0,0,0
0.647,0.523598775598299,0.546283843260562,-0.102051899613025,0.000536897978548992,0.546283843260562,0.546283843260562,-0.0226850676622629,-0.00750394471108393,-0.00750394471108393,0,0,0,0,0,0,0,0,0,0,0,0,0,1,648,0,0,0,0,0,0,0,0,0,1,0,0,0
0.648,0.523598775598299,0.546181968786199,-0.101697079592444,0.000537089939808425,0.546181968786199,0.546181968786199,-0.0225831931879005,-0.00747542466215277,-0.00747542466215277,0,0,0,0,0,0,0,0,0,0,0,0,0,1,649,0,0,0,0,0,0,0,0,0,1,0,0,0
0.649,0.523598775598299,0.546080449061841,-0.101342402113076,0.000537253357583532,0.546080449061841,0.546080449061841,-0.0224816734635426,-0.00744694965734347,-0.00744694965734347,0,0,0,0,0,0,0,0,0,0,0,0,0,1,650,0,0,0,0,0,0,0,0,0,1,0,0,0
0.65,0.523598775598299,0.545979283937414,-0.100987882203933,0.000537388632764605,0.545979283937414,0.545979283937414,-0.0223805083391148,-0.00741852042078055,-0.00741852042078055,0,0,0,0,0,0,0,0,0,0,0,0,0,1,651,0,0,0,0,0,0,0,0,0,1,0,0,0
0.651,0.523598775598299,0.545878473247924,-0.100633534671103,0.000537496162266201,0.545878473247924,0.545878473247924,-0.0222796976496251,-0.00739013766361414,-0.00739013766361414,0,0,0,0,0,0,0,0,0,0,0,0,0,1,652,0,0,0,0,0,0,0,0,0,1,0,0,0
0.652,0.523598775598299,0.545778016813685,-0.100279374100019,0.000537576339030147,0.545778016813685,0.545778016813685,-0.0221792412153863,-0.00736180208419387,-0.00736180208419387,0,0,0,0,0,0,0,0,0,0,0,0,0,1,653,0,0,0,0,0,0,0,0,0,1,0,0,0
0.653,0.523598775598299,0.545677914440534,-0.0999254148577305,0.000537629552029796,0.545677914440534,0.545677914440534,-0.0220791388422349,-0.00733351436823999,-0.00733351436823999,0,0,0,0,0,0,0,0,0,0,0,0,0,1,654,0,0,0,0,0,0,0,0,0,1,0,0,0
0.654,0.523598775598299,0.545578165920047,-0.0995716710951611,0.000537656186275878,0.545578165920047,0.545578165920047,-0.0219793903217486,-0.00730527518901155,-0.00730527518901155,0,0,0,0,0,0,0,0,0,0,0,0,0,1,655,0,0,0,0,0,0,0,0,0,1,0,0,0
0.655,0.523598775598299,0.54547877102976,-0.0992181567493691,0.000537656622824119,0.54547877102976,0.54547877102976,-0.0218799954314612,-0.00727708520747453,-0.00727708520747453,0,0,0,0,0,0,0,0,0,0,0,0,0,1,656,0,0,0,0,0,0,0,0,0,1,0,0,0
0.656,0.523598775598299,0.545379729533375,-0.0988648855457987,0.000537631238783852,0.545379729533375,0.545379729533375,-0.021780953935076,-0.00724894507246674,-0.00724894507246674,0,0,0,0,0,0,0,0,0,0,0,0,0,1,657,0,0,0,0,0,0,0,0,0,1,0,0,0
0.657,0.523598775598299,0.545281041180974,-0.0985118710005255,0.000537580407328096,0.545281041180974,0.545281041180974,-0.0216822655826748,-0.00722085542085957,-0.00722085542085957,0,0,0,0,0,0,0,0,0,0,0,0,0,1,658,0,0,0,0,0,0,0,0,0,1,0,0,0
0.658,0.523598775598299,0.545182705709227,-0.0981591264224943,0.000537504497705385,0.545182705709227,0.545182705709227,-0.021583930110928,-0.00719281687772037,-0.00719281687772037,0,0,0,0,0,0,0,0,0,0,0,0,0,1,659,0,0,0,0,0,0,0,0,0,1,0,0,0
0.659,0.523598775598299,0.545084722841598,-0.0978066649157493,0.000537403875252259,0.545084722841598,0.545084722841598,-0.0214859472432989,-0.00716483005646977,-0.00716483005646977,0,0,0,0,0,0,0,0,0,0,0,0,0,1,660,0,0,0,0,0,0,0,0,0,1,0,0,0
0.66,0.523598775598299,0.544987092288548,-0.097454499381655,0.000537278901407569,0.544987092288548,0.544987092288548,-0.021388316690249,-0.00713689555904008,-0.00713689555904008,0,0,0,0,0,0,0,0,0,0,0,0,0,1,661,0,0,0,0,0,0,0,0,0,1,0,0,0
0.661,0.523598775598299,0.544889813747737,-0.0971026425211086,0.000537129933727351,0.544889813747737,0.544889813747737,-0.0212910381494383,-0.00710901397602783,-0.00710901397602783,0,0,0,0,0,0,0,0,0,0,0,0,0,1,662,0,0,0,0,0,0,0,0,0,1,0,0,0
0.662,0.523598775598299,0.544792886904224,-0.0967511068367418,0.000536957325901631,0.544792886904224,0.544792886904224,-0.0211941113059255,-0.00708118588684767,-0.00708118588684767,0,0,0,0,0,0,0,0,0,0,0,0,0,1,663,0,0,0,0,0,0,0,0,0,1,0,0,0
0.663,0.523598775598299,0.544696311430664,-0.0963999046351123,0.000536761427771772,0.544696311430664,0.544696311430664,-0.0210975358323648,-0.00705341185988285,-0.00705341185988285,0,0,0,0,0,0,0,0,0,0,0,0,0,1,664,0,0,0,0,0,0,0,0,0,1,0,0,0
0.664,0.523598775598299,0.5446000869875,-0.0960490480288841,0.000536542585348931,0.5446000869875,0.5446000869875,-0.0210013113892012,-0.0070256924526336,-0.0070256924526336,0,0,0,0,0,0,0,0,0,0,0,0,0,1,665,0,0,0,0,0,0,0,0,0,1,0,0,0
0.665,0.523598775598299,0.544504213223162,-0.0956985489389965,0.000536301140833606,0.544504213223162,0.544504213223162,-0.0209054376248627,-0.00699802821186246,-0.00699802821186246,0,0,0,0,0,0,0,0,0,0,0,0,0,1,666,0,0,0,0,0,0,0,0,0,1,0,0,0
0.666,0.523598775598299,0.54440868977425,-0.0953484190968202,0.000536037432636509,0.54440868977425,0.54440868977425,-0.0208099141759515,-0.00697041967373985,-0.00697041967373985,0,0,0,0,0,0,0,0,0,0,0,0,0,1,667,0,0,0,0,0,0,0,0,0,1,0,0,0
0.667,0.523598775598299,0.544313516265731,-0.0949986700463016,0.000535751795399878,0.544313516265731,0.544313516265731,-0.0207147406674323,-0.0069428673639868,-0.0069428673639868,0,0,0,0,0,0,0,0,0,0,0,0,0,1,668,0,0,0,0,0,0,0,0,0,1,0,0,0
0.668,0.523598775598299,0.544218692311118,-0.0946493131460929,0.000535444560019616,0.544218692311118,0.544218692311118,-0.0206199167128187,-0.00691537179801393,-0.00691537179801393,0,0,0,0,0,0,0,0,0,0,0,0,0,1,669,0,0,0,0,0,0,0,0,0,1,0,0,0
0.669,0.523598775598299,0.544124217512656,-0.0943003595716699,0.000535116053668808,0.544124217512656,0.544124217512656,-0.0205254419143575,-0.00688793348106104,-0.00688793348106104,0,0,0,0,0,0,0,0,0,0,0,0,0,1,670,0,0,0,0,0,0,0,0,0,1,0,0,0
0.67,0.523598775598299,0.544030091461509,-0.0939518203174343,0.000534766599821546,0.544030091461509,0.544030091461509,-0.0204313158632105,-0.006860552908333,-0.006860552908333,0,0,0,0,0,0,0,0,0,0,0,0,0,1,671,0,0,0,0,0,0,0,0,0,1,0,0,0
0.671,0.523598775598299,0.543936313737934,-0.0936037061988031,0.000534396518277744,0.543936313737934,0.543936313737934,-0.020337538139635,-0.00683323056513489,-0.00683323056513489,0,0,0,0,0,0,0,0,0,0,0,0,0,1,672,0,0,0,0,0,0,0,0,0,1,0,0,0
0.672,0.523598775598299,0.54384288391146,-0.0932560278542819,0.000534006125188455,0.54384288391146,0.54384288391146,-0.0202441083131616,-0.00680596692700385,-0.00680596692700385,0,0,0,0,0,0,0,0,0,0,0,0,0,1,673,0,0,0,0,0,0,0,0,0,1,0,0,0
0.673,0.523598775598299,0.543749801541069,-0.0929087957475237,0.00053359573308213,0.543749801541069,0.543749801541069,-0.0201510259427697,-0.00677876245984012,-0.00677876245984012,0,0,0,0,0,0,0,0,0,0,0,0,0,1,674,0,0,0,0,0,0,0,0,0,1,0,0,0
0.674,0.523598775598299,0.543657066175361,-0.0925620201693719,0.000533165650891357,0.543657066175361,0.543657066175361,-0.0200582905770618,-0.00675161762003527,-0.00675161762003527,0,0,0,0,0,0,0,0,0,0,0,0,0,1,675,0,0,0,0,0,0,0,0,0,1,0,0,0
0.675,0.523598775598299,0.543564677352734,-0.0922157112398881,0.000532716183980374,0.543564677352734,0.543564677352734,-0.0199659017544347,-0.00672453285459966,-0.00672453285459966,0,0,0,0,0,0,0,0,0,0,0,0,0,1,676,0,0,0,0,0,0,0,0,0,1,0,0,0
0.676,0.523598775598299,0.543472634601549,-0.0918698789103627,0.000532247634172916,0.543472634601549,0.543472634601549,-0.0198738590032504,-0.00669750860128861,-0.00669750860128861,0,0,0,0,0,0,0,0,0,0,0,0,0,1,677,0,0,0,0,0,0,0,0,0,1,0,0,0
0.677,0.523598775598299,0.543380937440302,-0.0915245329653098,0.00053176029978023,0.543380937440302,0.543380937440302,-0.0197821618420029,-0.00667054528872354,-0.00667054528872354,0,0,0,0,0,0,0,0,0,0,0,0,0,1,678,0,0,0,0,0,0,0,0,0,1,0,0,0
0.678,0.523598775598299,0.543289585377783,-0.0911796830244458,0.000531254475630418,0.543289585377783,0.543289585377783,-0.0196908097794839,-0.00664364333651454,-0.00664364333651454,0,0,0,0,0,0,0,0,0,0,0,0,0,1,679,0,0,0,0,0,0,0,0,0,1,0,0,0
0.679,0.523598775598299,0.543198577913246,-0.0908353385446503,0.000530730453097688,0.543198577913246,0.543198577913246,-0.0195998023149474,-0.00661680315538019,-0.00661680315538019,0,0,0,0,0,0,0,0,0,0,0,0,0,1,680,0,0,0,0,0,0,0,0,0,1,0,0,0
0.68,0.523598775598299,0.54310791453657,-0.0904915088219104,0.000530188520132002,0.54310791453657,0.54310791453657,-0.019509138938271,-0.00659002514726524,-0.00659002514726524,0,0,0,0,0,0,0,0,0,0,0,0,0,1,681,0,0,0,0,0,0,0,0,0,1,0,0,0
0.681,0.523598775598299,0.543017594728415,-0.0901482029932476,0.000529628961289219,0.543017594728415,0.543017594728415,-0.0194188191301158,-0.00656330970545633,-0.00656330970545633,0,0,0,0,0,0,0,0,0,0,0,0,0,1,682,0,0,0,0,0,0,0,0,0,1,0,0,0
0.682,0.523598775598299,0.542927617960384,-0.0898054300386274,0.000529052057761704,0.542927617960384,0.542927617960384,-0.0193288423620848,-0.00653665721469759,-0.00653665721469759,0,0,0,0,0,0,0,0,0,0,0,0,0,1,683,0,0,0,0,0,0,0,0,0,1,0,0,0
0.683,0.523598775598299,0.542837983695177,-0.0894631987828508,0.000528458087408835,0.542837983695177,0.542837983695177,-0.0192392080968785,-0.00651006805130229,-0.00651006805130229,0,0,0,0,0,0,0,0,0,0,0,0,0,1,684,0,0,0,0,0,0,0,0,0,1,0,0,0
0.684,0.523598775598299,0.542748691386749,-0.0891215178974287,0.000527847324788255,0.542748691386749,0.542748691386749,-0.0191499157884497,-0.00648354258326481,-0.00648354258326481,0,0,0,0,0,0,0,0,0,0,0,0,0,1,685,0,0,0,0,0,0,0,0,0,1,0,0,0
0.685,0.523598775598299,0.542659740480454,-0.0887803959024379,0.000527220041187017,0.542659740480454,0.542659740480454,-0.0190609648821553,-0.00645708117036942,-0.00645708117036942,0,0,0,0,0,0,0,0,0,0,0,0,0,1,686,0,0,0,0,0,0,0,0,0,1,0,0,0
0.686,0.523598775598299,0.542571130413206,-0.0884398411683593,0.000526576504653214,0.542571130413206,0.542571130413206,-0.0189723548149071,-0.00643068416429926,-0.00643068416429926,0,0,0,0,0,0,0,0,0,0,0,0,0,1,687,0,0,0,0,0,0,0,0,0,1,0,0,0
0.687,0.523598775598299,0.54248286061362,-0.088099861917898,0.000525916980027428,0.54248286061362,0.54248286061362,-0.018884085015321,-0.00640435190874255,-0.00640435190874255,0,0,0,0,0,0,0,0,0,0,0,0,0,1,688,0,0,0,0,0,0,0,0,0,1,0,0,0
0.688,0.523598775598299,0.542394930502161,-0.0877604662277851,0.000525241728974421,0.542394930502161,0.542394930502161,-0.0187961549038627,-0.0063780847394956,-0.0063780847394956,0,0,0,0,0,0,0,0,0,0,0,0,0,1,689,0,0,0,0,0,0,0,0,0,1,0,0,0
0.689,0.523598775598299,0.542307339491292,-0.0874216620305617,0.000524551010015598,0.542307339491292,0.542307339491292,-0.0187085638929934,-0.0063518829845676,-0.0063518829845676,0,0,0,0,0,0,0,0,0,0,0,0,0,1,690,0,0,0,0,0,0,0,0,0,1,0,0,0
0.69,0.523598775598299,0.542220086985612,-0.0870834571163441,0.000523845078560859,0.542220086985612,0.542220086985612,-0.0186213113873134,-0.00632574696428249,-0.00632574696428249,0,0,0,0,0,0,0,0,0,0,0,0,0,1,691,0,0,0,0,0,0,0,0,0,1,0,0,0
0.691,0.523598775598299,0.542133172382002,-0.0867458591345709,0.000523124186940584,0.542133172382002,0.542133172382002,-0.0185343967837033,-0.00629967699137856,-0.00629967699137856,0,0,0,0,0,0,0,0,0,0,0,0,0,1,692,0,0,0,0,0,0,0,0,0,1,0,0,0
0.692,0.523598775598299,0.542046595069763,-0.0864088755957317,0.000522388584437916,0.542046595069763,0.542046595069763,-0.0184478194714639,-0.00627367337110774,-0.00627367337110774,0,0,0,0,0,0,0,0,0,0,0,0,0,1,693,0,0,0,0,0,0,0,0,0,1,0,0,0
0.693,0.523598775598299,0.541960354430753,-0.0860725138730776,0.000521638517320889,0.541960354430753,0.541960354430753,-0.0183615788324543,-0.00624773640133251,-0.00624773640133251,0,0,0,0,0,0,0,0,0,0,0,0,0,1,694,0,0,0,0,0,0,0,0,0,1,0,0,0
0.694,0.523598775598299,0.541874449839527,-0.0857367812043134,0.000520874228874734,0.541874449839527,0.541874449839527,-0.018275674241228,-0.00622186637262191,-0.00622186637262191,0,0,0,0,0,0,0,0,0,0,0,0,0,1,695,0,0,0,0,0,0,0,0,0,1,0,0,0
0.695,0.523598775598299,0.541788880663467,-0.0854016846932709,0.000520095959434127,0.541788880663467,0.541788880663467,-0.0181901050651683,-0.00619606356834666,-0.00619606356834666,0,0,0,0,0,0,0,0,0,0,0,0,0,1,696,0,0,0,0,0,0,0,0,0,1,0,0,0
0.696,0.523598775598299,0.541703646262919,-0.0850672313115649,0.000519303946415201,0.541703646262919,0.541703646262919,-0.0181048706646205,-0.0061703282647717,-0.0061703282647717,0,0,0,0,0,0,0,0,0,0,0,0,0,1,697,0,0,0,0,0,0,0,0,0,1,0,0,0
0.697,0.523598775598299,0.541618745991323,-0.08473342790023,0.000518498424347789,0.541618745991323,0.541618745991323,-0.0180199703930241,-0.00614466073114847,-0.00614466073114847,0,0,0,0,0,0,0,0,0,0,0,0,0,1,698,0,0,0,0,0,0,0,0,0,1,0,0,0
0.698,0.523598775598299,0.541534179195341,-0.0844002811713398,0.000517679624907413,0.541534179195341,0.541534179195341,-0.0179354035970418,-0.00611906122980558,-0.00611906122980558,0,0,0,0,0,0,0,0,0,0,0,0,0,1,699,0,0,0,0,0,0,0,0,0,1,0,0,0
0.699,0.523598775598299,0.541449945214987,-0.0840677977096076,0.000516847776947169,0.541449945214987,0.541449945214987,-0.0178511696166884,-0.00609353001623769,-0.00609353001623769,0,0,0,0,0,0,0,0,0,0,0,0,0,1,700,0,0,0,0,0,0,0,0,0,1,0,0,0
0.7,0.523598775598299,0.541366043383756,-0.0837359839739691,0.000516003106529657,0.541366043383756,0.541366043383756,-0.0177672677854568,-0.00606806733919384,-0.00606806733919384,0,0,0,0,0,0,0,0,0,0,0,0,0,1,701,0,0,0,0,0,0,0,0,0,1,0,0,0
0.701,0.523598775598299,0.541282473028742,-0.083404846299147,0.000515145836958665,0.541282473028742,0.541282473028742,-0.0176836974304431,-0.00604267344076396,-0.00604267344076396,0,0,0,0,0,0,0,0,0,0,0,0,0,1,702,0,0,0,0,0,0,0,0,0,1,0,0,0
0.702,0.523598775598299,0.541199233470769,-0.0830743908971981,0.000514276188810787,0.541199233470769,0.541199233470769,-0.0176004578724703,-0.00601734855646521,-0.00601734855646521,0,0,0,0,0,0,0,0,0,0,0,0,0,1,703,0,0,0,0,0,0,0,0,0,1,0,0,0
0.703,0.523598775598299,0.541116324024509,-0.082744623859042,0.000513394379966653,0.541116324024509,0.541116324024509,-0.0175175484262101,-0.00599209291532539,-0.00599209291532539,0,0,0,0,0,0,0,0,0,0,0,0,0,1,704,0,0,0,0,0,0,0,0,0,1,0,0,0
0.704,0.523598775598299,0.541033743998602,-0.0824155511559722,0.000512500625642353,0.541033743998602,0.541033743998602,-0.0174349684003031,-0.00596690673996701,-0.00596690673996701,0,0,0,0,0,0,0,0,0,0,0,0,0,1,705,0,0,0,0,0,0,0,0,0,1,0,0,0
0.705,0.523598775598299,0.540951492695777,-0.0820871786411497,0.000511595138420337,0.540951492695777,0.540951492695777,-0.0173527170974779,-0.00594179024668885,-0.00594179024668885,0,0,0,0,0,0,0,0,0,0,0,0,0,1,706,0,0,0,0,0,0,0,0,0,1,0,0,0
0.706,0.523598775598299,0.540869569412967,-0.0817595120510794,0.000510678128280349,0.540869569412967,0.540869569412967,-0.0172707938146681,-0.00591674364554685,-0.00591674364554685,0,0,0,0,0,0,0,0,0,0,0,0,0,1,707,0,0,0,0,0,0,0,0,0,1,0,0,0
0.707,0.523598775598299,0.540787973441428,-0.0814325570070681,0.000509749802630146,0.540787973441428,0.540787973441428,-0.0171891978431289,-0.00589176714043448,-0.00589176714043448,0,0,0,0,0,0,0,0,0,0,0,0,0,1,708,0,0,0,0,0,0,0,0,0,1,0,0,0
0.708,0.523598775598299,0.54070670406685,-0.0811063190166666,0.000508810366335806,0.54070670406685,0.54070670406685,-0.017107928468551,-0.00586686092916146,-0.00586686092916146,0,0,0,0,0,0,0,0,0,0,0,0,0,1,709,0,0,0,0,0,0,0,0,0,1,0,0,0
0.709,0.523598775598299,0.540625760569473,-0.0807808034750933,0.000507860021751856,0.540625760569473,0.540625760569473,-0.0170269849711738,-0.00584202520353061,-0.00584202520353061,0,0,0,0,0,0,0,0,0,0,0,0,0,1,710,0,0,0,0,0,0,0,0,0,1,0,0,0
0.71,0.523598775598299,0.540545142224196,-0.0804560156666417,0.000506898968751498,0.540545142224196,0.540545142224196,-0.0169463666258972,-0.00581726014941583,-0.00581726014941583,0,0,0,0,0,0,0,0,0,0,0,0,0,1,711,0,0,0,0,0,0,0,0,0,1,0,0,0
0.711,0.523598775598299,0.54046484830069,-0.0801319607660707,0.00050592740475603,0.54046484830069,0.54046484830069,-0.0168660727023916,-0.00579256594683696,-0.00579256594683696,0,0,0,0,0,0,0,0,0,0,0,0,0,1,712,0,0,0,0,0,0,0,0,0,1,0,0,0
0.712,0.523598775598299,0.540384878063506,-0.0798086438399786,0.000504945524764412,0.540384878063506,0.540384878063506,-0.0167861024652067,-0.0057679427700343,-0.0057679427700343,0,0,0,0,0,0,0,0,0,0,0,0,0,1,713,0,0,0,0,0,0,0,0,0,1,0,0,0
0.713,0.523598775598299,0.540305230772178,-0.0794860698481595,0.00050395352138254,0.540305230772178,0.540305230772178,-0.0167064551738796,-0.00574339078754347,-0.00574339078754347,0,0,0,0,0,0,0,0,0,0,0,0,0,1,714,0,0,0,0,0,0,0,0,0,1,0,0,0
0.714,0.523598775598299,0.540225905681339,-0.0791642436449446,0.000502951584851868,0.540225905681339,0.540225905681339,-0.0166271300830397,-0.0057189101622661,-0.0057189101622661,0,0,0,0,0,0,0,0,0,0,0,0,0,1,715,0,0,0,0,0,0,0,0,0,1,0,0,0
0.715,0.523598775598299,0.540146902040814,-0.0788431699805262,0.000501939903078495,0.540146902040814,0.540146902040814,-0.0165481264425148,-0.00569450105154343,-0.00569450105154343,0,0,0,0,0,0,0,0,0,0,0,0,0,1,716,0,0,0,0,0,0,0,0,0,1,0,0,0
0.716,0.523598775598299,0.540068219095733,-0.0785228535022666,0.000500918661661231,0.540068219095733,0.540068219095733,-0.016469443497434,-0.00567016360722709,-0.00567016360722709,0,0,0,0,0,0,0,0,0,0,0,0,0,1,717,0,0,0,0,0,0,0,0,0,1,0,0,0
0.717,0.523598775598299,0.539989856086629,-0.0782032987559897,0.000499888043919498,0.539989856086629,0.539989856086629,-0.0163910804883297,-0.00564589797574816,-0.00564589797574816,0,0,0,0,0,0,0,0,0,0,0,0,0,1,718,0,0,0,0,0,0,0,0,0,1,0,0,0
0.718,0.523598775598299,0.539911812249538,-0.0778845101872583,0.000498848230921301,0.539911812249538,0.539911812249538,-0.016313036651239,-0.00562170429818651,-0.00562170429818651,0,0,0,0,0,0,0,0,0,0,0,0,0,1,719,0,0,0,0,0,0,0,0,0,1,0,0,0
0.719,0.523598775598299,0.539834086816101,-0.0775664921426351,0.000497799401510723,0.539834086816101,0.539834086816101,-0.0162353112178026,-0.0055975827103393,-0.0055975827103393,0,0,0,0,0,0,0,0,0,0,0,0,0,1,720,0,0,0,0,0,0,0,0,0,1,0,0,0
0.72,0.523598775598299,0.539756679013663,-0.0772492488709282,0.000496741732335025,0.539756679013663,0.539756679013663,-0.016157903415364,-0.00557353334278794,-0.00557353334278794,0,0,0,0,0,0,0,0,0,0,0,0,0,1,721,0,0,0,0,0,0,0,0,0,1,0,0,0
0.721,0.523598775598299,0.539679588065365,-0.0769327845244212,0.000495675397871598,0.539679588065365,0.539679588065365,-0.0160808124670663,-0.00554955632096561,-0.00554955632096561,0,0,0,0,0,0,0,0,0,0,0,0,0,1,722,0,0,0,0,0,0,0,0,0,1,0,0,0
0.722,0.523598775598299,0.539602813190246,-0.0766171031600894,0.000494600570454233,0.539602813190246,0.539602813190246,-0.0160040375919476,-0.00552565176522141,-0.00552565176522141,0,0,0,0,0,0,0,0,0,0,0,0,0,1,723,0,0,0,0,0,0,0,0,0,1,0,0,0
0.723,0.523598775598299,0.539526353603335,-0.0763022087407993,0.000493517420299693,0.539526353603335,0.539526353603335,-0.0159275780050366,-0.00550181979088686,-0.00550181979088686,0,0,0,0,0,0,0,0,0,0,0,0,0,1,724,0,0,0,0,0,0,0,0,0,1,0,0,0
0.724,0.523598775598299,0.539450208515745,-0.075988105136495,0.00049242611553334,0.539450208515745,0.539450208515745,-0.0158514329174457,-0.00547806050833893,-0.00547806050833893,0,0,0,0,0,0,0,0,0,0,0,0,0,1,725,0,0,0,0,0,0,0,0,0,1,0,0,0
0.725,0.523598775598299,0.539374377134762,-0.075674796125369,0.000491326822214894,0.539374377134762,0.539374377134762,-0.0157756015364632,-0.00545437402306389,-0.00545437402306389,0,0,0,0,0,0,0,0,0,0,0,0,0,1,726,0,0,0,0,0,0,0,0,0,1,0,0,0
0.726,0.523598775598299,0.539298858663943,-0.0753622853950193,0.000490219704363662,0.539298858663943,0.539298858663943,-0.0157000830656444,-0.00543076043571944,-0.00543076043571944,0,0,0,0,0,0,0,0,0,0,0,0,0,1,727,0,0,0,0,0,0,0,0,0,1,0,0,0
0.727,0.523598775598299,0.539223652303201,-0.0750505765435918,0.000489104923983613,0.539223652303201,0.539223652303201,-0.0156248767049023,-0.00540721984219759,-0.00540721984219759,0,0,0,0,0,0,0,0,0,0,0,0,0,1,728,0,0,0,0,0,0,0,0,0,1,0,0,0
0.728,0.523598775598299,0.539148757248894,-0.0747396730809092,0.00048798264108777,0.539148757248894,0.539148757248894,-0.0155499816505955,-0.00538375233368408,-0.00538375233368408,0,0,0,0,0,0,0,0,0,0,0,0,0,1,729,0,0,0,0,0,0,0,0,0,1,0,0,0
0.729,0.523598775598299,0.539074172693916,-0.0744295784295857,0.000486853013722927,0.539074172693916,0.539074172693916,-0.015475397095617,-0.00536035799672101,-0.00536035799672101,0,0,0,0,0,0,0,0,0,0,0,0,0,1,730,0,0,0,0,0,0,0,0,0,1,0,0,0
0.73,0.523598775598299,0.538999897827779,-0.0741202959261283,0.000485716197993168,0.538999897827779,0.538999897827779,-0.0154011222294798,-0.00533703691326427,-0.00533703691326427,0,0,0,0,0,0,0,0,0,0,0,0,0,1,731,0,0,0,0,0,0,0,0,0,1,0,0,0
0.731,0.523598775598299,0.538925931836702,-0.0738118288220244,0.000484572348084009,0.538925931836702,0.538925931836702,-0.0153271562384034,-0.00531378916074455,-0.00531378916074455,0,0,0,0,0,0,0,0,0,0,0,0,0,1,732,0,0,0,0,0,0,0,0,0,1,0,0,0
0.732,0.523598775598299,0.538852273903696,-0.0735041802848163,0.000483421616285398,0.538852273903696,0.538852273903696,-0.0152534983053977,-0.00529061481212378,-0.00529061481212378,0,0,0,0,0,0,0,0,0,0,0,0,0,1,733,0,0,0,0,0,0,0,0,0,1,0,0,0
0.733,0.523598775598299,0.538778923208645,-0.0731973533991626,0.000482264153015141,0.538778923208645,0.538778923208645,-0.0151801476103465,-0.00526751393595428,-0.00526751393595428,0,0,0,0,0,0,0,0,0,0,0,0,0,1,734,0,0,0,0,0,0,0,0,0,1,0,0,0
0.734,0.523598775598299,0.538705878928389,-0.0728913511678866,0.00048110010684142,0.538705878928389,0.538705878928389,-0.0151071033300901,-0.00524448659643553,-0.00524448659643553,0,0,0,0,0,0,0,0,0,0,0,0,0,1,735,0,0,0,0,0,0,0,0,0,1,0,0,0
0.735,0.523598775598299,0.538633140236805,-0.072586176513012,0.000479929624505141,0.538633140236805,0.538633140236805,-0.0150343646385066,-0.00522153285347009,-0.00522153285347009,0,0,0,0,0,0,0,0,0,0,0,0,0,1,736,0,0,0,0,0,0,0,0,0,1,0,0,0
0.736,0.523598775598299,0.53856070630489,-0.0722818322767858,0.000478752850942154,0.53856070630489,0.53856070630489,-0.0149619307065916,-0.00519865276271907,-0.00519865276271907,0,0,0,0,0,0,0,0,0,0,0,0,0,1,737,0,0,0,0,0,0,0,0,0,1,0,0,0
0.737,0.523598775598299,0.538488576300837,-0.0719783212226894,0.000477569929305229,0.538488576300837,0.538488576300837,-0.0148898007025383,-0.00517584637565868,-0.00517584637565868,0,0,0,0,0,0,0,0,0,0,0,0,0,1,738,0,0,0,0,0,0,0,0,0,1,0,0,0
0.738,0.523598775598299,0.538416749390114,-0.0716756460364366,0.00047638100098517,0.538416749390114,0.538416749390114,-0.0148179737918153,-0.00515311373963304,-0.00515311373963304,0,0,0,0,0,0,0,0,0,0,0,0,0,1,739,0,0,0,0,0,0,0,0,0,1,0,0,0
0.739,0.523598775598299,0.538345224735543,-0.0713738093269604,0.000475186205632352,0.538345224735543,0.538345224735543,-0.0147464491372439,-0.00513045489790957,-0.00513045489790957,0,0,0,0,0,0,0,0,0,0,0,0,0,1,740,0,0,0,0,0,0,0,0,0,1,0,0,0
0.74,0.523598775598299,0.538274001497373,-0.0710728136273874,0.000473985681177336,0.538274001497373,0.538274001497373,-0.0146752258990743,-0.00510786988973076,-0.00510786988973076,0,0,0,0,0,0,0,0,0,0,0,0,0,1,741,0,0,0,0,0,0,0,0,0,1,0,0,0
0.741,0.523598775598299,0.53820307883336,-0.0707726613960003,0.000472779563851784,0.53820307883336,0.53820307883336,-0.0146043032350617,-0.00508535875036924,-0.00508535875036924,0,0,0,0,0,0,0,0,0,0,0,0,0,1,742,0,0,0,0,0,0,0,0,0,1,0,0,0
0.742,0.523598775598299,0.538132455898838,-0.0704733550171899,0.000471567988208227,0.538132455898838,0.538132455898838,-0.0145336803005391,-0.00506292151117697,-0.00506292151117697,0,0,0,0,0,0,0,0,0,0,0,0,0,1,743,0,0,0,0,0,0,0,0,0,1,0,0,0
0.743,0.523598775598299,0.538062131846791,-0.0701748968023944,0.000470351087140685,0.538062131846791,0.538062131846791,-0.0144633562484925,-0.00504055819963955,-0.00504055819963955,0,0,0,0,0,0,0,0,0,0,0,0,0,1,744,0,0,0,0,0,0,0,0,0,1,0,0,0
0.744,0.523598775598299,0.537992105827931,-0.0698772889910281,0.000469128991903911,0.537992105827931,0.537992105827931,-0.0143933302296321,-0.00501826883942603,-0.00501826883942603,0,0,0,0,0,0,0,0,0,0,0,0,0,1,745,0,0,0,0,0,0,0,0,0,1,0,0,0
0.745,0.523598775598299,0.537922376990763,-0.0695805337513994,0.000467901832132907,0.537922376990763,0.537922376990763,-0.0143236013924645,-0.00499605345043965,-0.00499605345043965,0,0,0,0,0,0,0,0,0,0,0,0,0,1,746,0,0,0,0,0,0,0,0,0,1,0,0,0
0.746,0.523598775598299,0.537852944481662,-0.0692846331816171,0.000466669735862079,0.537852944481662,0.537852944481662,-0.0142541688833629,-0.00497391204886741,-0.00497391204886741,0,0,0,0,0,0,0,0,0,0,0,0,0,1,747,0,0,0,0,0,0,0,0,0,1,0,0,0
0.747,0.523598775598299,0.537783807444936,-0.0689895893104867,0.000465432829544218,0.537783807444936,0.537783807444936,-0.0141850318466377,-0.00495184464723065,-0.00495184464723065,0,0,0,0,0,0,0,0,0,0,0,0,0,1,748,0,0,0,0,0,0,0,0,0,1,0,0,0
0.748,0.523598775598299,0.537714965022903,-0.0686954040983957,0.000464191238068812,0.537714965022903,0.537714965022903,-0.0141161894246039,-0.00492985125443251,-0.00492985125443251,0,0,0,0,0,0,0,0,0,0,0,0,0,1,749,0,0,0,0,0,0,0,0,0,1,0,0,0
0.749,0.523598775598299,0.53764641635595,-0.0684020794381885,0.000462945084780655,0.53764641635595,0.53764641635595,-0.0140476407576509,-0.00490793187580829,-0.00490793187580829,0,0,0,0,0,0,0,0,0,0,0,0,0,1,750,0,0,0,0,0,0,0,0,0,1,0,0,0
0.75,0.523598775598299,0.537578160582607,-0.0681096171560313,0.000461694491497456,0.537578160582607,0.537578160582607,-0.0139793849843078,-0.00488608651317125,-0.00488608651317125,0,0,0,0,0,0,0,0,0,0,0,0,0,1,751,0,0,0,0,0,0,0,0,0,1,0,0,0
0.751,0.523598775598299,0.53751019683961,-0.0678180190122664,0.000460439578528034,0.53751019683961,0.53751019683961,-0.0139114212413113,-0.00486431516486191,-0.00486431516486191,0,0,0,0,0,0,0,0,0,0,0,0,0,1,752,0,0,0,0,0,0,0,0,0,1,0,0,0
0.752,0.523598775598299,0.537442524261968,-0.067527286702257,0.000459180464689488,0.537442524261968,0.537442524261968,-0.0138437486636697,-0.00484261782579376,-0.00484261782579376,0,0,0,0,0,0,0,0,0,0,0,0,0,1,753,0,0,0,0,0,0,0,0,0,1,0,0,0
0.753,0.523598775598299,0.537375141983027,-0.0672374218572221,0.000457917267324629,0.537375141983027,0.537375141983027,-0.0137763663847285,-0.00482099448750084,-0.00482099448750084,0,0,0,0,0,0,0,0,0,0,0,0,0,1,754,0,0,0,0,0,0,0,0,0,1,0,0,0
0.754,0.523598775598299,0.537308049134532,-0.0669484260450614,0.000456650102318736,0.537308049134532,0.537308049134532,-0.0137092735362334,-0.0047994451381825,-0.0047994451381825,0,0,0,0,0,0,0,0,0,0,0,0,0,1,755,0,0,0,0,0,0,0,0,0,1,0,0,0
0.755,0.523598775598299,0.537241244846693,-0.0666603007711709,0.00045537908411655,0.537241244846693,0.537241244846693,-0.0136424692483937,-0.00477796976274968,-0.00477796976274968,0,0,0,0,0,0,0,0,0,0,0,0,0,1,756,0,0,0,0,0,0,0,0,0,1,0,0,0
0.756,0.523598775598299,0.537174728248243,-0.0663730474792489,0.000454104325738672,0.537174728248243,0.537174728248243,-0.0135759526499444,-0.00475656834287042,-0.00475656834287042,0,0,0,0,0,0,0,0,0,0,0,0,0,1,757,0,0,0,0,0,0,0,0,0,1,0,0,0
0.757,0.523598775598299,0.537108498466506,-0.0660866675520933,0.000452825938797628,0.537108498466506,0.537108498466506,-0.0135097228682067,-0.00473524085701302,-0.00473524085701302,0,0,0,0,0,0,0,0,0,0,0,0,0,1,758,0,0,0,0,0,0,0,0,0,1,0,0,0
0.758,0.523598775598299,0.537042554627449,-0.065801162312389,0.000451544033514206,0.537042554627449,0.537042554627449,-0.0134437790291498,-0.00471398728049192,-0.00471398728049192,0,0,0,0,0,0,0,0,0,0,0,0,0,1,759,0,0,0,0,0,0,0,0,0,1,0,0,0
0.759,0.523598775598299,0.536976895855748,-0.0655165330234865,0.0004502587187329,0.536976895855748,0.536976895855748,-0.0133781202574497,-0.00469280758551033,-0.00469280758551033,0,0,0,0,0,0,0,0,0,0,0,0,0,1,760,0,0,0,0,0,0,0,0,0,1,0,0,0
0.76,0.523598775598299,0.536911521274847,-0.0652327808901724,0.000448970101937595,0.536911521274847,0.536911521274847,-0.0133127456765481,-0.00467170174120345,-0.00467170174120345,0,0,0,0,0,0,0,0,0,0,0,0,0,1,761,0,0,0,0,0,0,0,0,0,1,0,0,0
0.761,0.523598775598299,0.53684643000701,-0.0649499070594296,0.00044767828926698,0.53684643000701,0.53684643000701,-0.0132476544087112,-0.00465066971368221,-0.00465066971368221,0,0,0,0,0,0,0,0,0,0,0,0,0,1,762,0,0,0,0,0,0,0,0,0,1,0,0,0
0.762,0.523598775598299,0.536781621173386,-0.0646679126211906,0.000446383385529405,0.536781621173386,0.536781621173386,-0.013182845575087,-0.00462971146607507,-0.00462971146607507,0,0,0,0,0,0,0,0,0,0,0,0,0,1,763,0,0,0,0,0,0,0,0,0,1,0,0,0
0.763,0.523598775598299,0.53671709389406,-0.0643867986090812,0.000445085494217837,0.53671709389406,0.53671709389406,-0.0131183182957613,-0.00460882695856975,-0.00460882695856975,0,0,0,0,0,0,0,0,0,0,0,0,0,1,764,0,0,0,0,0,0,0,0,0,1,0,0,0
0.764,0.523598775598299,0.536652847288113,-0.0641065660011562,0.000443784717524612,0.536652847288113,0.536652847288113,-0.0130540716898144,-0.00458801614845554,-0.00458801614845554,0,0,0,0,0,0,0,0,0,0,0,0,0,1,765,0,0,0,0,0,0,0,0,0,1,0,0,0
0.765,0.523598775598299,0.536588880473675,-0.0638272157206267,0.000442481156355731,0.536588880473675,0.536588880473675,-0.0129901048753761,-0.00456727899016371,-0.00456727899016371,0,0,0,0,0,0,0,0,0,0,0,0,0,1,766,0,0,0,0,0,0,0,0,0,1,0,0,0
0.766,0.523598775598299,0.536525192567979,-0.0635487486365794,0.000441174910345233,0.536525192567979,0.536525192567979,-0.0129264169696799,-0.00454661543530869,-0.00454661543530869,0,0,0,0,0,0,0,0,0,0,0,0,0,1,767,0,0,0,0,0,0,0,0,0,1,0,0,0
0.767,0.523598775598299,0.536461782687416,-0.0632711655646877,0.000439866077869177,0.536461782687416,0.536461782687416,-0.0128630070891169,-0.00452602543272797,-0.00452602543272797,0,0,0,0,0,0,0,0,0,0,0,0,0,1,768,0,0,0,0,0,0,0,0,0,1,0,0,0
0.768,0.523598775598299,0.536398649947588,-0.0629944672679154,0.00043855475605958,0.536398649947588,0.536398649947588,-0.0127998743492894,-0.00450550892852326,-0.00450550892852326,0,0,0,0,0,0,0,0,0,0,0,0,0,1,769,0,0,0,0,0,0,0,0,0,1,0,0,0
0.769,0.523598775598299,0.536335793463361,-0.0627186544572117,0.000437241040817745,0.536335793463361,0.536335793463361,-0.0127370178650623,-0.00448506586609807,-0.00448506586609807,0,0,0,0,0,0,0,0,0,0,0,0,0,1,770,0,0,0,0,0,0,0,0,0,1,0,0,0
0.77,0.523598775598299,0.536273212348914,-0.0624437277921993,0.000435925026828127,0.536273212348914,0.536273212348914,-0.0126744367506155,-0.00446469618619848,-0.00446469618619848,0,0,0,0,0,0,0,0,0,0,0,0,0,1,771,0,0,0,0,0,0,0,0,0,1,0,0,0
0.771,0.523598775598299,0.536210905717794,-0.0621696878818545,0.000434606807571342,0.536210905717794,0.536210905717794,-0.0126121301194948,-0.00444439982695156,-0.00444439982695156,0,0,0,0,0,0,0,0,0,0,0,0,0,1,772,0,0,0,0,0,0,0,0,0,1,0,0,0
0.772,0.523598775598299,0.536148872682961,-0.0618965352851801,0.000433286475337195,0.536148872682961,0.536148872682961,-0.0125500970846619,-0.00442417672390338,-0.00442417672390338,0,0,0,0,0,0,0,0,0,0,0,0,0,1,773,0,0,0,0,0,0,0,0,0,1,0,0,0
0.773,0.523598775598299,0.536087112356843,-0.0616242705118708,0.000431964121237673,0.536087112356843,0.536087112356843,-0.0124883367585441,-0.00440402681005633,-0.00440402681005633,0,0,0,0,0,0,0,0,0,0,0,0,0,1,774,0,0,0,0,0,0,0,0,0,1,0,0,0
0.774,0.523598775598299,0.536025623851382,-0.0613528940229709,0.000430639835219921,0.536025623851382,0.536025623851382,-0.0124268482530835,-0.00438395001590824,-0.00438395001590824,0,0,0,0,0,0,0,0,0,0,0,0,0,1,775,0,0,0,0,0,0,0,0,0,1,0,0,0
0.775,0.523598775598299,0.535964406278084,-0.0610824062315257,0.000429313706078485,0.535964406278084,0.535964406278084,-0.0123656306797852,-0.00436394626948883,-0.00436394626948883,0,0,0,0,0,0,0,0,0,0,0,0,0,1,776,0,0,0,0,0,0,0,0,0,1,0,0,0
0.776,0.523598775598299,0.535903458748064,-0.0608128075032249,0.000427985821467736,0.535903458748064,0.535903458748064,-0.0123046831497652,-0.00434401549639654,-0.00434401549639654,0,0,0,0,0,0,0,0,0,0,0,0,0,1,777,0,0,0,0,0,0,0,0,0,1,0,0,0
0.777,0.523598775598299,0.535842780372096,-0.0605440981570394,0.000426656267914144,0.535842780372096,0.535842780372096,-0.0122440047737967,-0.00432415761983476,-0.00432415761983476,0,0,0,0,0,0,0,0,0,0,0,0,0,1,778,0,0,0,0,0,0,0,0,0,1,0,0,0
0.778,0.523598775598299,0.535782370260656,-0.0602762784658517,0.000425325130828437,0.535782370260656,0.535782370260656,-0.0121835946623575,-0.00430437256064855,-0.00430437256064855,0,0,0,0,0,0,0,0,0,0,0,0,0,1,779,0,0,0,0,0,0,0,0,0,1,0,0,0
0.779,0.523598775598299,0.535722227523974,-0.0600093486570784,0.000423992494517377,0.535722227523974,0.535722227523974,-0.0121234519256752,-0.00428466023736035,-0.00428466023736035,0,0,0,0,0,0,0,0,0,0,0,0,0,1,780,0,0,0,0,0,0,0,0,0,1,0,0,0
0.78,0.523598775598299,0.535662351272071,-0.0597433089132867,0.000422658442195451,0.535662351272071,0.535662351272071,-0.0120635756737723,-0.00426502056620454,-0.00426502056620454,0,0,0,0,0,0,0,0,0,0,0,0,0,1,781,0,0,0,0,0,0,0,0,0,1,0,0,0
0.781,0.523598775598299,0.53560274061481,-0.0594781593728044,0.000421323055996695,0.53560274061481,0.53560274061481,-0.012003965016511,-0.00424545346116391,-0.00424545346116391,0,0,0,0,0,0,0,0,0,0,0,0,0,1,782,0,0,0,0,0,0,0,0,0,1,0,0,0
0.782,0.523598775598299,0.535543394661936,-0.0592139001303229,0.000419986416985834,0.535543394661936,0.535543394661936,-0.0119446190636372,-0.00422595883400293,-0.00422595883400293,0,0,0,0,0,0,0,0,0,0,0,0,0,1,783,0,0,0,0,0,0,0,0,0,1,0,0,0
0.783,0.523598775598299,0.535484312523122,-0.0589505312374937,0.000418648605169833,0.535484312523122,0.535484312523122,-0.0118855369248233,-0.00420653659430261,-0.00420653659430261,0,0,0,0,0,0,0,0,0,0,0,0,0,1,784,0,0,0,0,0,0,0,0,0,1,0,0,0
0.784,0.523598775598299,0.535425493308011,-0.0586880527035191,0.000417309699509073,0.535425493308011,0.535425493308011,-0.0118267177097118,-0.00418718664949537,-0.00418718664949537,0,0,0,0,0,0,0,0,0,0,0,0,0,1,785,0,0,0,0,0,0,0,0,0,1,0,0,0
0.785,0.523598775598299,0.535366936126255,-0.0584264644957358,0.000415969777928075,0.535366936126255,0.535366936126255,-0.0117681605279565,-0.00416790890489699,-0.00416790890489699,0,0,0,0,0,0,0,0,0,0,0,0,0,1,786,0,0,0,0,0,0,0,0,0,1,0,0,0
0.786,0.523598775598299,0.535308640087564,-0.0581657665401929,0.000414628917326766,0.535308640087564,0.535308640087564,-0.0117098644892649,-0.00414870326374158,-0.00414870326374158,0,0,0,0,0,0,0,0,0,0,0,0,0,1,787,0,0,0,0,0,0,0,0,0,1,0,0,0
0.787,0.523598775598299,0.535250604301738,-0.0579059587222233,0.000413287193590919,0.535250604301738,0.535250604301738,-0.0116518287034388,-0.00412956962721355,-0.00412956962721355,0,0,0,0,0,0,0,0,0,0,0,0,0,1,788,0,0,0,0,0,0,0,0,0,1,0,0,0
0.788,0.523598775598299,0.535192827878713,-0.0576470408870096,0.00041194468160292,0.535192827878713,0.535192827878713,-0.0115940522804147,-0.0041105078944802,-0.0041105078944802,0,0,0,0,0,0,0,0,0,0,0,0,0,1,789,0,0,0,0,0,0,0,0,0,1,0,0,0
0.789,0.523598775598299,0.535135309928602,-0.057389012840143,0.000410601455252355,0.535135309928602,0.535135309928602,-0.0115365343303035,-0.00409151796272459,-0.00409151796272459,0,0,0,0,0,0,0,0,0,0,0,0,0,1,790,0,0,0,0,0,0,0,0,0,1,0,0,0
0.79,0.523598775598299,0.53507804956173,-0.0571318743481773,0.000409257587446253,0.53507804956173,0.53507804956173,-0.0114792739634307,-0.0040725997271775,-0.0040725997271775,0,0,0,0,0,0,0,0,0,0,0,0,0,1,791,0,0,0,0,0,0,0,0,0,1,0,0,0
0.791,0.523598775598299,0.535021045888673,-0.0568756251391767,0.000407913150119274,0.535021045888673,0.535021045888673,-0.011422270290374,-0.00405375308114836,-0.00405375308114836,0,0,0,0,0,0,0,0,0,0,0,0,0,1,792,0,0,0,0,0,0,0,0,0,1,0,0,0
0.792,0.523598775598299,0.534964298020301,-0.056620264903257,0.000406568214244005,0.534964298020301,0.534964298020301,-0.0113655224220025,-0.0040349779160581,-0.0040349779160581,0,0,0,0,0,0,0,0,0,0,0,0,0,1,793,0,0,0,0,0,0,0,0,0,1,0,0,0
0.793,0.523598775598299,0.534907805067812,-0.0563657932931226,0.000405222849840609,0.534907805067812,0.534907805067812,-0.0113090294695135,-0.00401627412146786,-0.00401627412146786,0,0,0,0,0,0,0,0,0,0,0,0,0,1,794,0,0,0,0,0,0,0,0,0,1,0,0,0
0.794,0.523598775598299,0.534851566142769,-0.0561122099245965,0.000403877125987214,0.534851566142769,0.534851566142769,-0.0112527905444704,-0.00399764158511163,-0.00399764158511163,0,0,0,0,0,0,0,0,0,0,0,0,0,1,795,0,0,0,0,0,0,0,0,0,1,0,0,0
0.795,0.523598775598299,0.534795580357137,-0.0558595143771454,0.00040253111082938,0.534795580357137,0.534795580357137,-0.0111968047588387,-0.00397908019292543,-0.00397908019292543,0,0,0,0,0,0,0,0,0,0,0,0,0,1,796,0,0,0,0,0,0,0,0,0,1,0,0,0
0.796,0.523598775598299,0.534739846823322,-0.0556077061943987,0.000401184871589943,0.534739846823322,0.534739846823322,-0.0111410712250227,-0.00396058982907856,-0.00396058982907856,0,0,0,0,0,0,0,0,0,0,0,0,0,1,797,0,0,0,0,0,0,0,0,0,1,0,0,0
0.797,0.523598775598299,0.534684364654199,-0.0553567848846629,0.000399838474578312,0.534684364654199,0.534684364654199,-0.0110855890559006,-0.00394217037600166,-0.00394217037600166,0,0,0,0,0,0,0,0,0,0,0,0,0,1,798,0,0,0,0,0,0,0,0,0,1,0,0,0
0.798,0.523598775598299,0.534629132963159,-0.0551067499214295,0.000398491985200291,0.534629132963159,0.534629132963159,-0.0110303573648597,-0.00392382171441739,-0.00392382171441739,0,0,0,0,0,0,0,0,0,0,0,0,0,1,799,0,0,0,0,0,0,0,0,0,1,0,0,0
0.799,0.523598775598299,0.53457415086413,-0.0548576007438784,0.000397145467967257,0.53457415086413,0.53457415086413,-0.0109753752658311,-0.00390554372336973,-0.00390554372336973,0,0,0,0,0,0,0,0,0,0,0,0,0,1,800,0,0,0,0,0,0,0,0,0,1,0,0,0
0.8,0.523598775598299,0.534519417471623,-0.0546093367573757,0.000395798986505235,0.534519417471623,0.534519417471623,-0.0109206418733239,-0.00388733628025197,-0.00388733628025197,0,0,0,0,0,0,0,0,0,0,0,0,0,1,801,0,0,0,0,0,0,0,0,0,1,0,0,0
0.801,0.523598775598299,0.534464931900757,-0.0543619573339659,0.000394452603564214,0.534464931900757,0.534464931900757,-0.0108661563024579,-0.00386919926083506,-0.00386919926083506,0,0,0,0,0,0,0,0,0,0,0,0,0,1,802,0,0,0,0,0,0,0,0,0,1,0,0,0
0.802,0.523598775598299,0.534410693267297,-0.0541154618128599,0.000393106381027347,0.534410693267297,0.534410693267297,-0.010811917668998,-0.00385113253929713,-0.00385113253929713,0,0,0,0,0,0,0,0,0,0,0,0,0,1,803,0,0,0,0,0,0,0,0,0,1,0,0,0
0.803,0.523598775598299,0.534356700687685,-0.0538698495009165,0.000391760379919585,0.534356700687685,0.534356700687685,-0.0107579250893858,-0.00383313598824992,-0.00383313598824992,0,0,0,0,0,0,0,0,0,0,0,0,0,1,804,0,0,0,0,0,0,0,0,0,1,0,0,0
0.804,0.523598775598299,0.534302953279071,-0.0536251196731201,0.000390414660416793,0.534302953279071,0.534302953279071,-0.0107041776807718,-0.00381520947876697,-0.00381520947876697,0,0,0,0,0,0,0,0,0,0,0,0,0,1,805,0,0,0,0,0,0,0,0,0,1,0,0,0
0.805,0.523598775598299,0.534249450159347,-0.0533812715730525,0.000389069281854518,0.534249450159347,0.534249450159347,-0.0106506745610477,-0.00379735288041155,-0.00379735288041155,0,0,0,0,0,0,0,0,0,0,0,0,0,1,806,0,0,0,0,0,0,0,0,0,1,0,0,0
0.806,0.523598775598299,0.534196190447176,-0.0531383044133603,0.000387724302736453,0.534196190447176,0.534196190447176,-0.0105974148488769,-0.0037795660612625,-0.0037795660612625,0,0,0,0,0,0,0,0,0,0,0,0,0,1,807,0,0,0,0,0,0,0,0,0,1,0,0,0
0.807,0.523598775598299,0.534143173262024,-0.0528962173762168,0.000386379780743272,0.534143173262024,0.534143173262024,-0.0105443976637254,-0.00376184888794207,-0.00376184888794207,0,0,0,0,0,0,0,0,0,0,0,0,0,1,808,0,0,0,0,0,0,0,0,0,1,0,0,0
0.808,0.523598775598299,0.534090397724191,-0.0526550096137798,0.000385035772740945,0.534090397724191,0.534090397724191,-0.0104916221258919,-0.00374420122564097,-0.00374420122564097,0,0,0,0,0,0,0,0,0,0,0,0,0,1,809,0,0,0,0,0,0,0,0,0,1,0,0,0
0.809,0.523598775598299,0.534037862954837,-0.0524146802486436,0.000383692334789466,0.534037862954837,0.534037862954837,-0.0104390873565383,-0.0037266229381466,-0.0037266229381466,0,0,0,0,0,0,0,0,0,0,0,0,0,1,810,0,0,0,0,0,0,0,0,0,1,0,0,0
0.81,0.523598775598299,0.533985568076017,-0.0521752283742872,0.00038234952215074,0.533985568076017,0.533985568076017,-0.010386792477718,-0.00370911388786698,-0.00370911388786698,0,0,0,0,0,0,0,0,0,0,0,0,0,1,811,0,0,0,0,0,0,0,0,0,1,0,0,0
0.811,0.523598775598299,0.533933512210704,-0.0519366530555172,0.000381007389297155,0.533933512210704,0.533933512210704,-0.0103347366124056,-0.00369167393585751,-0.00369167393585751,0,0,0,0,0,0,0,0,0,0,0,0,0,1,812,0,0,0,0,0,0,0,0,0,1,0,0,0
0.812,0.523598775598299,0.533881694482824,-0.0516989533289062,0.000379665989919599,0.533881694482824,0.533881694482824,-0.0102829188845248,-0.00367430294184558,-0.00367430294184558,0,0,0,0,0,0,0,0,0,0,0,0,0,1,813,0,0,0,0,0,0,0,0,0,1,0,0,0
0.813,0.523598775598299,0.533830114017276,-0.0514621282032263,0.000378325376935669,0.533830114017276,0.533830114017276,-0.0102313384189767,-0.00365700076425549,-0.00365700076425549,0,0,0,0,0,0,0,0,0,0,0,0,0,1,814,0,0,0,0,0,0,0,0,0,1,0,0,0
0.814,0.523598775598299,0.533778769939966,-0.0512261766598786,0.000376985602497795,0.533778769939966,0.533778769939966,-0.0101799943416675,-0.00363976726023431,-0.00363976726023431,0,0,0,0,0,0,0,0,0,0,0,0,0,1,815,0,0,0,0,0,0,0,0,0,1,0,0,0
0.815,0.523598775598299,0.533727661377834,-0.0509910976533174,0.000375646718000893,0.533727661377834,0.533727661377834,-0.0101288857795354,-0.00362260228567554,-0.00362260228567554,0,0,0,0,0,0,0,0,0,0,0,0,0,1,816,0,0,0,0,0,0,0,0,0,1,0,0,0
0.816,0.523598775598299,0.533676787458876,-0.0507568901114706,0.000374308774090326,0.533676787458876,0.533676787458876,-0.0100780118605777,-0.00360550569524372,-0.00360550569524372,0,0,0,0,0,0,0,0,0,0,0,0,0,1,817,0,0,0,0,0,0,0,0,0,1,0,0,0
0.817,0.523598775598299,0.533626147312175,-0.0505235529361552,0.000372971820669616,0.533626147312175,0.533626147312175,-0.0100273717138765,-0.00358847734239769,-0.00358847734239769,0,0,0,0,0,0,0,0,0,0,0,0,0,1,818,0,0,0,0,0,0,0,0,0,1,0,0,0
0.818,0.523598775598299,0.533575740067924,-0.0502910850034888,0.000371635906908324,0.533575740067924,0.533575740067924,-0.00997696446962504,-0.00357151707941458,-0.00357151707941458,0,0,0,0,0,0,0,0,0,0,0,0,0,1,819,0,0,0,0,0,0,0,0,0,1,0,0,0
0.819,0.523598775598299,0.533525564857452,-0.0500594851642958,0.000370301081249719,0.533525564857452,0.533525564857452,-0.00992678925915313,-0.00355462475741323,-0.00355462475741323,0,0,0,0,0,0,0,0,0,0,0,0,0,1,820,0,0,0,0,0,0,0,0,0,1,0,0,0
0.82,0.523598775598299,0.533475620813251,-0.0498287522445108,0.000368967391418335,0.533475620813251,0.533475620813251,-0.00987684521495247,-0.00353780022637834,-0.00353780022637834,0,0,0,0,0,0,0,0,0,0,0,0,0,1,821,0,0,0,0,0,0,0,0,0,1,0,0,0
0.821,0.523598775598299,0.533425907069,-0.0495988850455761,0.000367634884427168,0.533425907069,0.533425907069,-0.0098271314707008,-0.00352104333518164,-0.00352104333518164,0,0,0,0,0,0,0,0,0,0,0,0,0,1,822,0,0,0,0,0,0,0,0,0,1,0,0,0
0.822,0.523598775598299,0.533376422759586,-0.049369882344836,0.000366303606585452,0.533376422759586,0.533376422759586,-0.00977764716128682,-0.0035043539316062,-0.0035043539316062,0,0,0,0,0,0,0,0,0,0,0,0,0,1,823,0,0,0,0,0,0,0,0,0,1,0,0,0
0.823,0.523598775598299,0.533327167021132,-0.0491417428959265,0.000364973603505719,0.533327167021132,0.533327167021132,-0.00972839142283344,-0.00348773186236711,-0.00348773186236711,0,0,0,0,0,0,0,0,0,0,0,0,0,1,824,0,0,0,0,0,0,0,0,0,1,0,0,0
0.824,0.523598775598299,0.533278138991021,-0.0489144654291612,0.000363644920111431,0.533278138991021,0.533278138991021,-0.0096793633927218,-0.00347117697313492,-0.00347117697313492,0,0,0,0,0,0,0,0,0,0,0,0,0,1,825,0,0,0,0,0,0,0,0,0,1,0,0,0
0.825,0.523598775598299,0.533229337807913,-0.0486880486519124,0.000362317600644003,0.533229337807913,0.533229337807913,-0.00963056220961411,-0.00345468910855682,-0.00345468910855682,0,0,0,0,0,0,0,0,0,0,0,0,0,1,826,0,0,0,0,0,0,0,0,0,1,0,0,0
0.826,0.523598775598299,0.533180762611775,-0.0484624912489884,0.000360991688670066,0.533180762611775,0.533180762611775,-0.00958198701347657,-0.00343826811227856,-0.00343826811227856,0,0,0,0,0,0,0,0,0,0,0,0,0,1,827,0,0,0,0,0,0,0,0,0,1,0,0,0
0.827,0.523598775598299,0.533132412543901,-0.0482377918830074,0.00035966722708853,0.533132412543901,0.533132412543901,-0.00953363694560194,-0.00342191382696658,-0.00342191382696658,0,0,0,0,0,0,0,0,0,0,0,0,0,1,828,0,0,0,0,0,0,0,0,0,1,0,0,0
0.828,0.523598775598299,0.53308428674693,-0.048013949194766,0.00035834425813735,0.53308428674693,0.53308428674693,-0.00948551114863105,-0.00340562609432754,-0.00340562609432754,0,0,0,0,0,0,0,0,0,0,0,0,0,1,829,0,0,0,0,0,0,0,0,0,1,0,0,0
0.829,0.523598775598299,0.533036384364873,-0.0477909618036052,0.000357022823400843,0.533036384364873,0.533036384364873,-0.00943760876657451,-0.00338940475512958,-0.00338940475512958,0,0,0,0,0,0,0,0,0,0,0,0,0,1,830,0,0,0,0,0,0,0,0,0,1,0,0,0
0.83,0.523598775598299,0.532988704543134,-0.0475688283077716,0.000355702963816697,0.532988704543134,0.532988704543134,-0.0093899289448347,-0.00337324964922488,-0.00337324964922488,0,0,0,0,0,0,0,0,0,0,0,0,0,1,831,0,0,0,0,0,0,0,0,0,1,0,0,0
0.831,0.523598775598299,0.532941246428525,-0.0473475472847747,0.000354384719682272,0.532941246428525,0.532941246428525,-0.00934247083022577,-0.00335716061556749,-0.00335716061556749,0,0,0,0,0,0,0,0,0,0,0,0,0,1,832,0,0,0,0,0,0,0,0,0,1,0,0,0
0.832,0.523598775598299,0.532894009169293,-0.0471271172917403,0.000353068130661849,0.532894009169293,0.532894009169293,-0.0092952335709946,-0.00334113749223472,-0.00334113749223472,0,0,0,0,0,0,0,0,0,0,0,0,0,1,833,0,0,0,0,0,0,0,0,0,1,0,0,0
0.833,0.523598775598299,0.53284699191514,-0.0469075368657611,0.000351753235793279,0.53284699191514,0.53284699191514,-0.00924821631684114,-0.00332518011644731,-0.00332518011644731,0,0,0,0,0,0,0,0,0,0,0,0,0,1,834,0,0,0,0,0,0,0,0,0,1,0,0,0
0.834,0.523598775598299,0.532800193817237,-0.0466888045242415,0.000350440073494509,0.532800193817237,0.532800193817237,-0.00920141821893783,-0.003309288324588,-0.003309288324588,0,0,0,0,0,0,0,0,0,0,0,0,0,1,835,0,0,0,0,0,0,0,0,0,1,0,0,0
0.835,0.523598775598299,0.532753614028249,-0.0464709187652406,0.00034912868157047,0.532753614028249,0.532753614028249,-0.0091548384299498,-0.00329346195222281,-0.00329346195222281,0,0,0,0,0,0,0,0,0,0,0,0,0,1,836,0,0,0,0,0,0,0,0,0,1,0,0,0
0.836,0.523598775598299,0.532707251702352,-0.0462538780678103,0.000347819097219202,0.532707251702352,0.532707251702352,-0.00910847610405341,-0.00327770083411863,-0.00327770083411863,0,0,0,0,0,0,0,0,0,0,0,0,0,1,837,0,0,0,0,0,0,0,0,0,1,0,0,0
0.837,0.523598775598299,0.532661105995254,-0.0460376808923299,0.000346511357038647,0.532661105995254,0.532661105995254,-0.00906233039695536,-0.00326200480426284,-0.00326200480426284,0,0,0,0,0,0,0,0,0,0,0,0,0,1,838,0,0,0,0,0,0,0,0,0,1,0,0,0
0.838,0.523598775598299,0.53261517606421,-0.0458223256808375,0.000345205497033029,0.53261517606421,0.53261517606421,-0.00901640046591112,-0.003246373695882,-0.003246373695882,0,0,0,0,0,0,0,0,0,0,0,0,0,1,839,0,0,0,0,0,0,0,0,0,1,0,0,0
0.839,0.523598775598299,0.532569461068042,-0.045607810857357,0.000343901552619268,0.532569461068042,0.532569461068042,-0.00897068546974333,-0.00323080734146095,-0.00323080734146095,0,0,0,0,0,0,0,0,0,0,0,0,0,1,840,0,0,0,0,0,0,0,0,0,1,0,0,0
0.84,0.523598775598299,0.532523960167158,-0.0453941348282223,0.000342599558633123,0.532523960167158,0.532523960167158,-0.00892518456885938,-0.00321530557276043,-0.00321530557276043,0,0,0,0,0,0,0,0,0,0,0,0,0,1,841,0,0,0,0,0,0,0,0,0,1,0,0,0
0.841,0.523598775598299,0.532478672523568,-0.0451812959823973,0.000341299549335589,0.532478672523568,0.532478672523568,-0.00887989692526892,-0.00319986822083517,-0.00319986822083517,0,0,0,0,0,0,0,0,0,0,0,0,0,1,842,0,0,0,0,0,0,0,0,0,1,0,0,0
0.842,0.523598775598299,0.5324335973009,-0.0449692926917925,0.000340001558419205,0.5324335973009,0.5324335973009,-0.00883482170260141,-0.00318449511605268,-0.00318449511605268,0,0,0,0,0,0,0,0,0,0,0,0,0,1,843,0,0,0,0,0,0,0,0,0,1,0,0,0
0.843,0.523598775598299,0.532388733664421,-0.0447581233115783,0.000338705619013966,0.532388733664421,0.532388733664421,-0.00878995806612259,-0.00316918608810974,-0.00316918608810974,0,0,0,0,0,0,0,0,0,0,0,0,0,1,844,0,0,0,0,0,0,0,0,0,1,0,0,0
0.844,0.523598775598299,0.53234408078105,-0.0445477861804949,0.000337411763693682,0.53234408078105,0.53234408078105,-0.00874530518275152,-0.00315394096605116,-0.00315394096605116,0,0,0,0,0,0,0,0,0,0,0,0,0,1,845,0,0,0,0,0,0,0,0,0,1,0,0,0
0.845,0.523598775598299,0.532299637819375,-0.0443382796211579,0.000336120024481751,0.532299637819375,0.532299637819375,-0.00870086222107636,-0.00313875957828574,-0.00313875957828574,0,0,0,0,0,0,0,0,0,0,0,0,0,1,846,0,0,0,0,0,0,0,0,0,1,0,0,0
0.846,0.523598775598299,0.532255403949669,-0.044129601940362,0.000334830432857419,0.532255403949669,0.532255403949669,-0.0086566283513706,-0.0031236417526039,-0.0031236417526039,0,0,0,0,0,0,0,0,0,0,0,0,0,1,847,0,0,0,0,0,0,0,0,0,1,0,0,0
0.847,0.523598775598299,0.532211378343908,-0.0439217514293798,0.000333543019761675,0.532211378343908,0.532211378343908,-0.00861260274560904,-0.00310858731619544,-0.00310858731619544,0,0,0,0,0,0,0,0,0,0,0,0,0,1,848,0,0,0,0,0,0,0,0,0,1,0,0,0
0.848,0.523598775598299,0.532167560175781,-0.0437147263642579,0.000332257815602856,0.532167560175781,0.532167560175781,-0.00856878457748245,-0.00309359609566415,-0.00309359609566415,0,0,0,0,0,0,0,0,0,0,0,0,0,1,849,0,0,0,0,0,0,0,0,0,1,0,0,0
0.849,0.523598775598299,0.532123948620712,-0.0435085250061099,0.000330974850262921,0.532123948620712,0.532123948620712,-0.00852517302241318,-0.00307866791704588,-0.00307866791704588,0,0,0,0,0,0,0,0,0,0,0,0,0,1,850,0,0,0,0,0,0,0,0,0,1,0,0,0
0.85,0.523598775598299,0.532080542855869,-0.043303145601406,0.000329694153103009,0.540635536730974,0.540635536730974,-0.0170367611326749,-0.0260573245855898,-0.0260573245855898,0,0,0.02249999999352,0.0265165042868588,0,0,0.0490165042803788,0.00855499387510504,1,0,0,0,0,1,851,0,0,0,0,0,0,0,-0.0229935219797655,0.00855499387510505,0,1,0,1
0.851,0.523598775598299,0.532036614625413,-0.0451983393000302,-0.00695550103952028,0.542129204679274,0.542129204679274,-0.0185304290809749,-0.0298750677980964,-0.0298750677980964,0.000164291305422885,0.00394299132901367,0.016401794112258,0.0374814960029203,0,0,0.057826281444192,0.0100925900538605,1,0,0,0,0,1,852,0,0,0,0,0,0,-7.27434767533452e-07,-0.0268260678111495,0.010091862619093,0,1,0,1
0.852,0.523598775598299,0.531989012650771,-0.0505030370523032,-0.0125794758083911,0.538148381813046,0.538148381813046,-0.0145496062147469,-0.0189363389375568,-0.0189363389375568,0.000239526414822785,0.00574863395409124,0.00141278668900264,0.028129165103041,0,0,0.0352905857461349,0.00615936916227434,1,0,0,0,0,1,853,0,0,0,0,0,0,-5.33276358094525e-06,-0.015902079052716,0.00615403639869339,0,1,0,1
0.853,0.523598775598299,0.531935183288936,-0.0571411078439064,-0.0124249104751391,0.530822567003085,0.530822567003085,-0.00722379140478646,0.00084286357024798,0.00084286357024798,0.000184923178266189,0.00443815627711035,-0.014342039765215,0.00352906174842785,0,0,-0.00637482173967684,-0.00111261628585074,1,0,0,0,0,1,854,0,0,0,0,0,0,-1.63688119406702e-05,0.00386244569367611,-0.00112898509779136,0,1,0,1
0.854,0.523598775598299,0.531875395897999,-0.0618547867553117,-0.00589638508222273,0.524093902002238,0.524093902002238,-0.000495126403939006,0.0187562958187753,0.0187562958187753,3.00799760554324e-05,0.000721919425122466,-0.0223225807731469,-0.0229840145053673,0,0,-0.0445846758533917,-0.00778149389576098,1,0,0,0,0,1,855,0,0,0,0,0,0,-3.35654060507062e-05,0.0217612623449177,-0.0078150593018117,0,1,0,1
0.855,0.523598775598299,0.531812965496741,-0.0621385613265429,0.0038967614403887,0.52158065193363,0.52158065193363,0.00201812366466869,0.0251099068419832,0.0251099068419832,-0.000141068460550194,-0.00338564305222959,-0.0182028823681939,-0.0370383127616507,0,0,-0.0586268381820741,-0.0102323135631112,1,0,0,0,0,1,856,0,0,0,0,0,0,-5.36067132412832e-05,0.0281003197579257,-0.0102859202763524,0,1,0,1
0.856,0.523598775598299,0.531752688898482,-0.0577049768090271,0.0119155152146808,0.524616111647349,0.524616111647349,-0.00101733604905052,0.0164759832153153,0.0164759832153153,-0.000235748940174885,-0.00565797456256775,-0.0042160795769645,-0.0310155215263635,0,0,-0.0408895756658958,-0.00713657725113234,1,0,0,0,0,1,857,0,0,0,0,0,0,-7.16951081347617e-05,0.019451904330644,-0.00720827235926713,0,1,0,1
0.857,0.523598775598299,0.531698390708831,-0.0507094726342847,0.0139800757261695,0.531526022425452,0.531526022425452,-0.00792724682715329,-0.00244921229354132,-0.00244921229354132,-0.000202638702120483,-0.00486332884949096,0.0120561028835553,-0.00818037155001427,0,0,-0.000987597515949883,-0.000172368283378427,1,0,0,0,0,1,858,0,0,0,0,0,0,-8.40051749030346e-05,0.000512278652814859,-0.000256373458281445,0,1,0,1
0.858,0.523598775598299,0.531650940598553,-0.0446262562986695,0.00907236970173086,0.538536215707795,0.538536215707795,-0.0149374401094963,-0.0213913519144167,-0.0213913519144167,-5.9685572919564e-05,-0.00143245374965699,0.0217931211191178,0.0190890530851414,0,0,0.0394497204546023,0.00688527510924163,1,0,0,0,0,1,859,0,0,0,0,0,0,-8.96664344174347e-05,-0.0184442296837648,0.00679560867482421,0,1,0,1
0.859,0.523598775598299,0.531607836599629,-0.042393453886866,-8.85028697158114e-05,0.541818503974613,0.541818503974613,-0.0182197283763138,-0.0300675161558871,-0.0300675161558871,0.000115620881784413,0.00277490116202673,0.0197169002953084,0.0360110132025143,0,0,0.0585028146598494,0.0102106673749838,1,0,0,0,0,1,860,0,0,0,0,0,0,-9.11800482035208e-05,-0.0271347013664594,0.0101194873267803,0,1,0,1
0.86,0.523598775598299,0.531564593113622,-0.0448386784160817,-0.00850506961196668,0.539565830367178,0.539565830367178,-0.0159670547688789,-0.0237602609955064,-0.0237602609955064,0.000228253563910837,0.00547808553228241,0.00695288237143376,0.0334127446474408,0,0,0.045843712551157,0.00800123725355539,1,0,0,0,0,1,861,0,0,0,0,0,0,-9.30308100780541e-05,-0.0208416925520122,0.00790820644347734,0,1,0,1
0.861,0.523598775598299,0.531517189457135,-0.0502421059394478,-0.0116007300376608,0.532971823958946,0.532971823958946,-0.00937304836064734,-0.00587480775537227,-0.00587480775537227,0.000217158492591844,0.00521180382070326,-0.00958003405745521,0.0127026720055398,0,0,0.00833444176878786,0.00145463450181088,1,0,0,0,0,1,862,0,0,0,0,0,0,-9.92386007129253e-05,-0.00297042474209662,0.00135539590109801,0,1,0,1
0.862,0.523598775598299,0.531464256946431,-0.0552762374239697,-0.00769433495478006,0.525583785525245,0.525583785525245,-0.0019850099269465,0.0139067869964507,0.0139067869964507,8.83498926443211e-05,0.00212039742285303,-0.0209199709264608,-0.0148930458945153,0,0,-0.033692619398123,-0.00588047142118557,1,0,0,0,0,1,863,0,0,0,0,0,0,-0.000111171303020074,0.0167970453152748,-0.0059916427242056,0,1,0,1
0.863,0.523598775598299,0.531407822364741,-0.0568144343527527,0.00109252444280622,0.521379829501945,0.521379829501945,0.00221894609635409,0.0248739163596713,0.0248739163596713,-8.83498926443245e-05,-0.00212039742285311,-0.0209199709264606,-0.0344157984532377,0,0,-0.0574561668025514,-0.0100279928627959,1,0,0,0,0,1,864,0,0,0,0,0,0,-0.000126801334856763,0.0277501105395035,-0.0101547941976526,0,1,0,1
0.864,0.523598775598299,0.531352206978002,-0.0536288480607713,0.00998812493157279,0.52261249401322,0.52261249401322,0.000986281585079185,0.0210932570545541,0.0210932570545541,-0.000217158492591845,-0.00521180382070329,-0.00958003405745494,-0.0352830288256218,0,0,-0.0500748667037801,-0.00873971296478242,1,0,0,0,0,1,865,0,0,0,0,0,0,-0.00014180663329888,0.0239554474702023,-0.00888151959808126,0,1,0,1
0.865,0.523598775598299,0.531301679298566,-0.0470579736786649,0.0141588431591042,0.528587719033373,0.528587719033373,-0.00498894343507428,0.00462502224100236,0.00462502224100236,-0.000228253563910836,-0.00547808553228238,0.00695288237143407,-0.0170246437353297,0,0,-0.015549846896178,-0.00271396026519326,1,0,0,0,0,1,866,0,0,0,0,0,0,-0.000151917890943487,0.00747326908628997,-0.0028658781561367,0,1,0,1
0.866,0.523598775598299,0.531258134846659,-0.0402823668841484,0.0113303550726047,0.536041064032654,0.536041064032654,-0.0124422884343547,-0.0155937801224114,-0.0155937801224114,-0.00011562088178441,-0.00277490116202666,0.0197169002953086,0.0104621664734584,0,0,0.0274041656067403,0.00478292918599407,1,0,0,0,0,1,867,0,0,0,0,0,0,-0.000155238794459223,-0.0127594168349631,0.00462769039153488,0,1,0,1
0.867,0.523598775598299,0.531220061206528,-0.0366013833151584,0.00302115847982072,0.540907232119257,0.540907232119257,-0.0173084565209586,-0.0285937409440303,-0.0285937409440303,5.96855729195676e-05,0.00143245374965708,0.0217931211191177,0.0322778260033521,0,0,0.0555034008721269,0.00968717091272906,1,0,0,0,0,1,868,0,0,0,0,0,0,-0.000153280968449576,-0.0257732013835078,0.00953388994427951,0,1,0,1
0.868,0.523598775598299,0.531183349759606,-0.037645218292679,-0.00628009324835831,0.54052370794131,0.54052370794131,-0.0169249323430107,-0.0273191313936068,-0.0273191313936068,0.000202638702120485,0.004863328849491,0.0120561028835551,0.0365968785621631,0,0,0.0535163102952091,0.00934035818170338,1,0,0,0,0,1,869,0,0,0,0,0,0,-0.000150152242298196,-0.0245123559109977,0.00919020593940523,0,1,0,1
0.869,0.523598775598299,0.531143514331099,-0.0424915377479417,-0.0115474233267242,0.535073999585051,0.535073999585051,-0.0114752239867522,-0.0124525234890141,-0.0124525234890141,0.000235748940174885,0.00565797456256774,-0.00421607957696481,0.021078126663384,0,0,0.022520021648987,0.00393048525395225,1,0,0,0,0,1,870,0,0,0,0,0,0,-0.00015033800359221,-0.00965945261748567,0.00378014725036002,0,1,0,1
0.87,0.523598775598299,0.531098114266777,-0.0481656088683035,-0.00994172661712549,0.527488156966421,0.527488156966421,-0.00388938136812245,0.00795523402763092,0.00795523402763092,0.000141068460550191,0.00338564305222953,-0.018202882368194,-0.00586629243731957,0,0,-0.0206835317532841,-0.00360995730035603,1,0,0,0,0,1,871,0,0,0,0,0,0,-0.000156278121338893,0.0107346595724633,-0.00376623542169496,0,1,0,1
0.871,0.523598775598299,0.531048068588505,-0.051252871491219,-0.00234960753377932,0.521854492097972,0.521854492097972,0.00174428350032674,0.0228491079518475,0.0228491079518475,-3.00799760554361e-05,-0.000721919425122553,-0.0223225807731468,-0.029630812955555,0,0,-0.0526753131538244,-0.00919357649053314,1,0,0,0,0,1,872,0,0,0,0,0,0,-0.000167052790448485,0.0256149472716654,-0.00936062928098158,0,1,0,1
0.872,0.523598775598299,0.530997148946916,-0.0497498633179421,0.0070973086068219,0.521203448576476,0.521203448576476,0.00239532702182232,0.0241624290024214,0.0241624290024214,-0.000184923178266191,-0.0044381562771104,-0.0143420397652148,-0.0373335736618634,0,0,-0.0561137697041886,-0.00979370037043936,1,0,0,0,0,1,873,0,0,0,0,0,0,-0.000178889579065533,0.0269147410159619,-0.0099725899495049,0,1,0,1
0.873,0.523598775598299,0.530949926273181,-0.0441501995022095,0.0132620419373966,0.525864902130882,0.525864902130882,-0.00226612653258362,0.0111895589828201,0.0111895589828201,-0.000239526414822785,-0.00574863395409123,0.001412786689003,-0.0247991949424943,0,0,-0.0291350422075826,-0.00508502414229833,1,0,0,0,0,1,874,0,0,0,0,0,0,-0.000187216776809995,0.0139284024256449,-0.00527224091910827,0,1,0,1
0.874,0.523598775598299,0.530909284209137,-0.0371769494151943,0.0127868717400538,0.533289338440744,0.533289338440744,-0.00969056284244518,-0.009031583325382,-0.009031583325382,-0.000164291305422883,-0.00394299132901361,0.0164017941122583,0.00117790346509114,0,0,0.0136367062483358,0.00238005423160743,1,0,0,0,0,1,875,0,0,0,0,0,0,-0.000189149964657909,-0.00630614990110623,0.00219090426694957,0,1,0,1
0.875,0.523598775598299,0.530874847218638,-0.0323064870202849,0.00591346814473414,0.539429841093743,0.539429841093743,-0.0158310654954443,-0.0255344906247908,-0.0255344906247908,3.23425599257126e-18,7.76221437993551e-17,0.02249999999352,0.0265165042868592,0,0,0.0490165042803793,0.00855499387510512,1,0,0,0,0,1,876,0,0,0,0,0,0,-0.000185063903598182,-0.0228224088504984,0.00836992997150698,0,1,0,1
0.876,0.523598775598299,0.530843175461928,-0.0318839858343885,-0.00364807990374836,0.540935765515789,0.540935765515789,-0.0173369899174899,-0.0293685776770172,-0.0293685776770172,0.000164291305422888,0.00394299132901373,0.0164017941122578,0.0374814960029203,0,0,0.0578262814441918,0.0100925900538605,1,0,0,0,0,1,877,0,0,0,0,0,0,-0.000178397660270058,-0.0266697893679387,0.00991419239359048,0,1,0,1
0.877,0.523598775598299,0.530809620814041,-0.0358520820422853,-0.0107303428663325,0.536968989976315,0.536968989976315,-0.0133702143780166,-0.018450936291636,-0.018450936291636,0.000239526414822785,0.00574863395409124,0.00141278668900232,0.0281291651030406,0,0,0.0352905857461342,0.00615936916227421,1,0,0,0,0,1,878,0,0,0,0,0,0,-0.000173798588568586,-0.0157653834469819,0.00598557057370563,0,1,0,1
0.878,0.523598775598299,0.530770837960945,-0.0417818526428836,-0.0115096028315085,0.529658221675094,0.529658221675094,-0.00605944607679509,0.00130462088445693,0.00130462088445693,0.000184923178266187,0.0044381562771103,-0.0143420397652153,0.00352906174842733,0,0,-0.00637482173967763,-0.00111261628585088,1,0,0,0,0,1,879,0,0,0,0,0,0,-0.00017461123350937,0.00397699608132277,-0.00128722751936028,0,1,0,1
0.879,0.523598775598299,0.530726589411747,-0.0461893183483566,-0.00557853263896536,0.522945095515986,0.522945095515986,0.00065368008231248,0.0191932403443025,0.0191932403443025,3.00799760554288e-05,0.000721919425122379,-0.0223225807731469,-0.0229840145053678,0,0,-0.0445846758533923,-0.00778149389576108,1,0,0,0,0,1,880,0,0,0,0,0,0,-0.000181072319030307,0.0218524955257025,-0.00796256621479141,0,1,0,1
0.88,0.523598775598299,0.530679866005513,-0.0464238454266966,0.00383302091249262,0.520447552442402,0.520447552442402,0.00315122315589655,0.0255217517712852,0.0255217517712852,-0.000141068460550197,-0.00338564305222966,-0.0182028823681937,-0.0370383127616507,0,0,-0.0586268381820741,-0.0102323135631112,1,0,0,0,0,1,881,0,0,0,0,0,0,-0.000190190241182941,0.0281679443850777,-0.0104225038042941,0,1,0,1
0.881,0.523598775598299,0.530635257597642,-0.042104815268616,0.0116088285753355,0.52349868034651,0.52349868034651,0.00010009525178889,0.0168629956325594,0.0168629956325594,-0.000235748940174886,-0.00565797456256777,-0.00421607957696414,-0.0310155215263632,0,0,-0.0408895756658951,-0.00713657725113222,1,0,0,0,0,1,882,0,0,0,0,0,0,-0.000197374381760596,0.0194961829419985,-0.00733395163289285,0,1,0,1
0.882,0.523598775598299,0.530596457122273,-0.0353277974984655,0.0135196063322527,0.530424088838895,0.530424088838895,-0.0068253132405961,-0.00208642092350995,-0.00208642092350995,-0.000202638702120481,-0.00486332884949091,0.0120561028835556,-0.00818037155001368,0,0,-0.000987597515948955,-0.000172368283378265,1,0,0,0,0,1,883,0,0,0,0,0,0,-0.000198931045900852,0.00053381816009735,-0.000371299329279151,0,1,0,1
0.883,0.523598775598299,0.530564250990951,-0.0295284686009796,0.00851556183621551,0.537449526100193,0.537449526100193,-0.0138507505018939,-0.0210519601254746,-0.0210519601254746,-5.96855729195609e-05,-0.00143245374965692,0.0217931211191179,0.0190890530851419,0,0,0.0394497204546029,0.00688527510924174,1,0,0,0,0,1,884,0,0,0,0,0,0,-0.000194073063427114,-0.0184446123740286,0.00669120204581464,0,1,0,1
0.884,0.523598775598299,0.530536085162334,-0.0276201040924301,-0.000704544258741115,0.540746752537317,0.540746752537317,-0.0171479769390185,-0.0297505787066673,-0.0297505787066673,0.000115620881784416,0.00277490116202681,0.0197169002953082,0.0360110132025144,0,0,0.0585028146598495,0.0102106673749838,1,0,0,0,0,1,885,0,0,0,0,0,0,-0.000185353719146963,-0.0271560655786704,0.0100253136558368,0,1,0,1
0.885,0.523598775598299,0.530507442104549,-0.0304142409162476,-0.00915628891620063,0.538508679358104,0.538508679358104,-0.0149099037598056,-0.0234647642243704,-0.0234647642243704,0.000228253563910838,0.00547808553228243,0.00695288237143345,0.0334127446474406,0,0,0.0458437125511565,0.0080012372535553,1,0,0,0,0,1,886,0,0,0,0,0,0,-0.000177289790501911,-0.0208830291961665,0.00782394746305337,0,1,0,1
0.886,0.523598775598299,0.53047428225382,-0.0361806106637985,-0.0122714506993693,0.53192891675563,0.53192891675563,-0.00833014115733144,-0.00559970513579422,-0.00559970513579422,0.000217158492591843,0.00521180382070323,-0.00958003405745548,0.0127026720055393,0,0,0.00833444176878708,0.00145463450181075,1,0,0,0,0,1,887,0,0,0,0,0,0,-0.000173920088950119,-0.00303069186887115,0.0012807144128606,0,1,0,1
0.887,0.523598775598299,0.530435226548697,-0.041584887910932,-0.00837426724427203,0.524554755127511,0.524554755127511,-0.000955979529212336,0.0141625520070051,0.0141625520070051,8.83498926443177e-05,0.00212039742285295,-0.0209199709264609,-0.0148930458945159,0,0,-0.0336926193981238,-0.00588047142118571,1,0,0,0,0,1,888,0,0,0,0,0,0,-0.000176622925735948,0.0167188996659386,-0.0060570943469217,0,1,0,1
0.888,0.523598775598299,0.530392296972057,-0.0434959356850272,0.000410200753688899,0.520364304109261,0.520364304109261,0.00323447148903799,0.0251113956326997,0.0251113956326997,-8.83498926443275e-05,-0.00212039742285319,-0.0209199709264605,-0.0344157984532379,0,0,-0.0574561668025516,-0.0100279928627959,1,0,0,0,0,1,889,0,0,0,0,0,0,-0.000183375569902666,0.0276551336516459,-0.0102113684326985,0,1,0,1
0.889,0.523598775598299,0.530349813682824,-0.0406829080486329,0.00930798936299208,0.521610100718042,0.521610100718042,0.00198867488025689,0.0213134883530559,0.0213134883530559,-0.000217158492591847,-0.00521180382070333,-0.00958003405745459,-0.0352830288256216,0,0,-0.0500748667037796,-0.00873971296478233,1,0,0,0,0,1,890,0,0,0,0,0,0,-0.000189857116572045,0.0238446725146714,-0.00892957008135442,0,1,0,1
0.89,0.523598775598299,0.530312046563032,-0.0344822741155396,0.0134840222696607,0.527598086297839,0.527598086297839,-0.00399931069954007,0.00482902316501987,0.00482902316501987,-0.000228253563910835,-0.00547808553228235,0.0069528823714344,-0.0170246437353291,0,0,-0.0155498468961771,-0.0027139602651931,1,0,0,0,0,1,891,0,0,0,0,0,0,-0.000191796939892352,0.00734770906656613,-0.00290575720508546,0,1,0,1
0.891,0.523598775598299,0.530280894190455,-0.0280731950093642,0.010663027686124,0.535063823376449,0.535063823376449,-0.0114650477781503,-0.0154050160039701,-0.0154050160039701,-0.000115620881784407,-0.00277490116202659,0.0197169002953087,0.0104621664734589,0,0,0.027404165606741,0.0047829291859942,1,0,0,0,0,1,892,0,0,0,0,0,0,-0.000187295720408209,-0.0128987729506646,0.004595633465586,0,1,0,1
0.892,0.523598775598299,0.530254848380323,-0.0247540452787113,0.0023628799372437,0.539942019293052,0.539942019293052,-0.0163432436947534,-0.0284192465429268,-0.0284192465429268,5.96855729195711e-05,0.00143245374965716,0.0217931211191176,0.0322778260033523,0,0,0.0555034008721271,0.00968717091272911,1,0,0,0,0,1,893,0,0,0,0,0,0,-0.000177860903353144,-0.0259253911114966,0.00950931000937594,0,1,0,1
0.893,0.523598775598299,0.530229805580155,-0.0261543126417058,-0.00692818276774022,0.539570163761858,0.539570163761858,-0.0159713881635593,-0.0271579676259109,-0.0271579676259109,0.000202638702120487,0.00486332884949106,0.0120561028835547,0.0365968785621629,0,0,0.0535163102952087,0.00934035818170331,1,0,0,0,0,1,894,0,0,0,0,0,0,-0.000167595303822266,-0.0246764447754736,0.00917276287788105,0,1,0,1
0.894,0.523598775598299,0.53020128529115,-0.0313511389145823,-0.0121844647509753,0.534131770545103,0.534131770545103,-0.0105329949468037,-0.0123037801894834,-0.0123037801894834,0.000235748940174884,0.00565797456256772,-0.00421607957696511,0.0210781266633837,0,0,0.0225200216489863,0.00393048525395214,1,0,0,0,0,1,895,0,0,0,0,0,0,-0.000160978685381896,-0.0098345350646513,0.00376950656857022,0,1,0,1
0.895,0.523598775598299,0.530166852992599,-0.0373693926778296,-0.0105670555070702,0.526556895692243,0.526556895692243,-0.00295812009394392,0.0080924375966232,0.0080924375966232,0.000141068460550188,0.00338564305222945,-0.0182028823681942,-0.00586629243732007,0,0,-0.0206835317532849,-0.00360995730035616,1,0,0,0,0,1,896,0,0,0,0,0,0,-0.000160444835669238,0.0105494596657419,-0.00377040213602542,0,1,0,1
0.896,0.523598775598299,0.530127434191981,-0.0407942032047522,-0.00296269809406285,0.520933857701448,0.520933857701448,0.00266491789685053,0.0229756228653352,0.0229756228653352,-3.00799760554401e-05,-0.000721919425122651,-0.0223225807731468,-0.0296308129555553,0,0,-0.0526753131538248,-0.00919357649053321,1,0,0,0,0,1,897,0,0,0,0,0,0,-0.000165067516291972,0.0254204763631416,-0.00935864400682518,0,1,0,1
0.897,0.523598775598299,0.530086807302633,-0.0396218613550966,0.00649687998012944,0.520293106932194,0.520293106932194,0.00330566866610482,0.0242790766266613,0.0242790766266613,-0.000184923178266193,-0.00443815627711045,-0.0143420397652146,-0.0373335736618634,0,0,-0.0561137697041884,-0.00979370037043932,1,0,0,0,0,1,898,0,0,0,0,0,0,-0.000171067585171492,0.026711815852082,-0.00996476795561085,0,1,0,1
0.898,0.523598775598299,0.530049550240292,-0.0343457832690297,0.0126746205856473,0.524964526097994,0.524964526097994,-0.00136575049969534,0.0112971310624524,0.0112971310624524,-0.000239526414822785,-0.00574863395409123,0.00141278668900331,-0.0247991949424941,0,0,-0.029135042207582,-0.00508502414229823,1,0,0,0,0,1,899,0,0,0,0,0,0,-0.000173866399998279,0.0137178101289626,-0.00525889054229656,0,1,0,1
0.899,0.523598775598299,0.530018553811001,-0.027688876639625,0.012212740639057,0.532398608042609,0.532398608042609,-0.00879983244430993,-0.00893232448321666,-0.00893232448321666,-0.00016429130542288,-0.00394299132901353,0.0164017941122585,0.00117790346509165,0,0,0.0136367062483366,0.00238005423160758,1,0,0,0,0,1,900,0,0,0,0,0,0,-0.000170572430334248,-0.00652365164755988,0.00220948180127334,0,1,0,1
0.9,0.523598775598299,0.529993449788866,-0.023127384061162,0.00535285864675395,0.538548443663971,0.538548443663971,-0.0149496680656724,-0.0254428118935242,-0.0254428118935242,6.46851198514252e-18,1.5524428759871e-16,0.02249999999352,0.0265165042868594,0,0,0.0490165042803796,0.00855499387510518,1,0,0,0,0,1,901,0,0,0,0,0,0,-0.000161553179856444,-0.0230460915460425,0.00839344069524872,0,1,0,1
0.901,0.523598775598299,0.529970805762666,-0.0230063731898796,-0.00419498064068964,0.540063395816527,0.540063395816527,-0.0164646202182277,-0.0292837747972034,-0.0292837747972034,0.00016429130542289,0.00394299132901379,0.0164017941122576,0.0374814960029203,0,0,0.0578262814441917,0.0100925900538605,1,0,0,0,0,1,902,0,0,0,0,0,0,-0.000150240339753305,-0.0268989533805475,0.00994234971410712,0,1,0,1
0.902,0.523598775598299,0.529945981130526,-0.027268396489574,-0.0112633865820729,0.5361053502928,0.5361053502928,-0.012506574694501,-0.0183723335121943,-0.0183723335121943,0.000239526414822786,0.00574863395409125,0.00141278668900194,0.0281291651030403,0,0,0.0352905857461335,0.00615936916227409,1,0,0,0,0,1,903,0,0,0,0,0,0,-0.000141273794054264,-0.0159993576542877,0.00601809536821984,0,1,0,1
0.903,0.523598775598299,0.529915638175203,-0.0334844669323802,-0.012028676244891,0.528803021889352,0.528803021889352,-0.00520424629105276,0.00137767120235953,0.00137767120235953,0.000184923178266185,0.00443815627711025,-0.0143420397652155,0.00352906174842696,0,0,-0.00637482173967829,-0.00111261628585099,1,0,0,0,0,1,904,0,0,0,0,0,0,-0.000137990544346045,0.00373885468838592,-0.00125060683019707,0,1,0,1
0.904,0.523598775598299,0.529879547057563,-0.0381705590501356,-0.00608355442291211,0.522098053161802,0.522098053161802,0.00150072243649713,0.0192613581549077,0.0192613581549077,3.00799760554256e-05,0.000721919425122302,-0.0223225807731469,-0.0229840145053681,0,0,-0.0445846758533927,-0.00778149389576115,1,0,0,0,0,1,905,0,0,0,0,0,0,-0.000140619716300305,0.0216108022707875,-0.00792211361206141,0,1,0,1
0.905,0.523598775598299,0.529840706306306,-0.038676009318448,0.00334210257150298,0.519608392743195,0.519608392743195,0.00399038285510389,0.0255855297990019,0.0255855297990019,-0.0001410684605502,-0.00338564305222974,-0.0182028823681934,-0.0370383127616508,0,0,-0.058626838182074,-0.0102323135631112,1,0,0,0,0,1,906,0,0,0,0,0,0,-0.000146162069951661,0.0279232873614139,-0.0103784756330628,0,1,0,1
0.906,0.523598775598299,0.529803713488575,-0.0346201845210059,0.0111320380314482,0.522667136237443,0.522667136237443,0.000931639360856273,0.0169229998503045,0.0169229998503045,-0.000235748940174887,-0.00565797456256778,-0.00421607957696392,-0.031015521526363,0,0,-0.0408895756658947,-0.00713657725113216,1,0,0,0,0,1,907,0,0,0,0,0,0,-0.000150019329091866,0.0192491234909609,-0.00728659658022401,0,1,0,1
0.907,0.523598775598299,0.529772269257701,-0.0280986538284618,0.0130569422747653,0.529599900974323,0.529599900974323,-0.00600112537602393,-0.00202965079529462,-0.00202965079529462,-0.000202638702120479,-0.00486332884949087,0.0120561028835559,-0.00818037155001331,0,0,-0.000987597515948298,-0.00017236828337815,1,0,0,0,0,1,908,0,0,0,0,0,0,-0.000148490133525025,0.000284891370447656,-0.000320858416903214,0,1,0,1
0.908,0.523598775598299,0.529747167738185,-0.0225471065091104,0.00806699890545868,0.536632442847427,0.536632442847427,-0.0130336672491277,-0.020997910101622,-0.020997910101622,-5.96855729195569e-05,-0.00143245374965682,0.021793121119118,0.0190890530851423,0,0,0.0394497204546035,0.00688527510924185,1,0,0,0,0,1,909,0,0,0,0,0,0,-0.000140779654092538,-0.018694897148721,0.00674449545514932,0,1,0,1
0.909,0.523598775598299,0.529725862582588,-0.0208788432650456,-0.00113905398240012,0.539936529957572,0.539936529957572,-0.0163377543592731,-0.0296987600040952,-0.0296987600040952,0.000115620881784418,0.00277490116202686,0.0197169002953081,0.0360110132025145,0,0,0.0585028146598495,0.0102106673749838,1,0,0,0,0,1,910,0,0,0,0,0,0,-0.000129433535780987,-0.0274072241866202,0.0100812338392028,0,1,0,1
0.91,0.523598775598299,0.529703843921882,-0.0239054378515495,-0.00957681451716337,0.537705081175437,0.537705081175437,-0.0141063055771383,-0.0234147127148846,-0.0234147127148846,0.000228253563910839,0.00547808553228246,0.00695288237143317,0.0334127446474404,0,0,0.045843712551156,0.00800123725355522,1,0,0,0,0,1,911,0,0,0,0,0,0,-0.000118960947378399,-0.0211346021399616,0.00788227630617677,0,1,0,1
0.911,0.523598775598299,0.529677079812812,-0.0298966695661545,-0.0126780811043017,0.531131714314623,0.531131714314623,-0.00753293871632399,-0.0055509807867077,-0.0055509807867077,0.000217158492591841,0.00521180382070318,-0.00958003405745583,0.0127026720055389,0,0,0.00833444176878622,0.00145463450181059,1,0,0,0,0,1,912,0,0,0,0,0,0,-0.000113393134109852,-0.00328224374587777,0.00134124136770075,0,1,0,1
0.912,0.523598775598299,0.529644198761594,-0.0355182708888853,-0.00876710995880393,0.523763727340408,0.523763727340408,-0.000164951742109065,0.0142103657027458,0.0142103657027458,8.83498926443139e-05,0.00212039742285286,-0.020919970926461,-0.0148930458945163,0,0,-0.0336926193981245,-0.00588047142118583,1,0,0,0,0,1,913,0,0,0,0,0,0,-0.000114100893945368,0.0164677807336565,-0.00599457231513123,0,1,0,1
0.913,0.523598775598299,0.52960723025604,-0.0376391722825898,3.10208576822131e-05,0.519579237393244,0.519579237393244,0.00401953820505474,0.0251586922352937,0.0251586922352937,-8.83498926443305e-05,-0.00212039742285326,-0.0209199709264604,-0.034415798453238,0,0,-0.0574561668025517,-0.0100279928627959,1,0,0,0,0,1,914,0,0,0,0,0,0,-0.000119054045472855,0.0274048365963127,-0.0101470469082687,0,1,0,1
0.914,0.523598775598299,0.529570501888082,-0.0350286041357209,0.00894233121505534,0.520830788923299,0.520830788923299,0.00276798667499933,0.0213606390620339,0.0213606390620339,-0.000217158492591849,-0.00521180382070337,-0.00958003405745432,-0.0352830288256215,0,0,-0.0500748667037792,-0.00873971296478227,1,0,0,0,0,1,915,0,0,0,0,0,0,-0.000123924305380885,0.0235955639091881,-0.00886363727016315,0,1,0,1
0.915,0.523598775598299,0.529538290892244,-0.0290231201610037,0.0131317297269375,0.526824330627051,0.526824330627051,-0.00322555502875199,0.00487637741142634,0.00487637741142634,-0.000228253563910834,-0.00547808553228232,0.00695288237143476,-0.0170246437353286,0,0,-0.0155498468961762,-0.00271396026519296,1,0,0,0,0,1,916,0,0,0,0,0,0,-0.000124433749983943,0.00710013371689341,-0.00283839401517694,0,1,0,1
0.916,0.523598775598299,0.529512503110308,-0.0228019737585052,0.0103239306203818,0.534295432296302,0.534295432296302,-0.010696656698003,-0.0153571299607411,-0.0153571299607411,-0.000115620881784404,-0.00277490116202652,0.0197169002953089,0.0104621664734592,0,0,0.0274041656067416,0.0047829291859943,1,0,0,0,0,1,917,0,0,0,0,0,0,-0.000118675850560912,-0.0131444914084748,0.00466425333543341,0,1,0,1
0.917,0.523598775598299,0.529491637525634,-0.0196636388561348,0.00203679528430142,0.539178808438363,0.539178808438363,-0.0155800328400646,-0.0283705210149075,-0.0283705210149075,5.96855729195743e-05,0.00143245374965724,0.0217931211191176,0.0322778260033526,0,0,0.0555034008721274,0.00968717091272915,1,0,0,0,0,1,918,0,0,0,0,0,0,-0.000108150939033935,-0.026168949610881,0.00957901997369526,0,1,0,1
0.918,0.523598775598299,0.529471597651174,-0.0212377090996603,-0.00724144999509806,0.538811955832878,0.538811955832878,-0.0152131802345788,-0.0271081148941532,-0.0271081148941532,0.000202638702120489,0.0048633288494911,0.0120561028835545,0.0365968785621628,0,0,0.0535163102952084,0.00934035818170325,1,0,0,0,0,1,919,0,0,0,0,0,0,-9.69548199595271e-05,-0.0249175602167609,0.00924340336174367,0,1,0,1
0.919,0.523598775598299,0.529447909944583,-0.0266014382464179,-0.012485120485809,0.533378395198535,0.533378395198535,-0.00977961960023654,-0.0122525319006095,-0.0122525319006095,0.000235748940174884,0.00565797456256771,-0.00421607957696541,0.0210781266633833,0,0,0.0225200216489856,0.00393048525395202,1,0,0,0,0,1,920,0,0,0,0,0,0,-8.95603554151858e-05,-0.0100729437114235,0.00384092489853682,0,1,0,1
0.92,0.523598775598299,0.529418146726872,-0.0327798123158298,-0.0108553156861978,0.525808189426516,0.525808189426516,-0.00220941382821704,0.00814533103384058,0.00814533103384058,0.000141068460550186,0.00338564305222939,-0.0182028823681944,-0.00586629243732057,0,0,-0.0206835317532856,-0.00360995730035629,1,0,0,0,0,1,921,0,0,0,0,0,0,-8.83945463485691e-05,0.0103140027902545,-0.00369835184670486,0,1,0,1
0.921,0.523598775598299,0.529383240227264,-0.0363580830212718,-0.00323878775054747,0.520189663736731,0.520189663736731,0.00340911186156778,0.0230303928823396,0.0230303928823396,-3.00799760554433e-05,-0.000721919425122728,-0.0223225807731467,-0.0296308129555557,0,0,-0.0526753131538251,-0.00919357649053327,1,0,0,0,0,1,922,0,0,0,0,0,0,-9.25244877224563e-05,0.0251881980786113,-0.00928610097825577,0,1,0,1
0.922,0.523598775598299,0.529346975456097,-0.0353326681856583,0.00623272759039679,0.519553275085658,0.519553275085658,0.00404550051264119,0.0243359370954668,0.0243359370954668,-0.000184923178266195,-0.0044381562771105,-0.0143420397652143,-0.0373335736618633,0,0,-0.0561137697041882,-0.00979370037043928,1,0,0,0,0,1,923,0,0,0,0,0,0,-9.81644956145056e-05,0.0264829254216182,-0.00989186486605376,0,1,0,1
0.923,0.523598775598299,0.529313936797077,-0.0301971149757698,0.012422164823732,0.524228912654779,0.524228912654779,-0.000630137056480184,0.0113562788930836,0.0113562788930836,-0.000239526414822784,-0.00574863395409122,0.00141278668900361,-0.0247991949424937,0,0,-0.0291350422075813,-0.00508502414229811,1,0,0,0,0,1,924,0,0,0,0,0,0,-0.000100729514960651,0.0134924998567293,-0.00518575365725871,0,1,0,1
0.924,0.523598775598299,0.529287021391343,-0.0236744657332186,0.0119717342895948,0.531667075622951,0.531667075622951,-0.00806830002465198,-0.00887070874905381,-0.00887070874905381,-0.000164291305422877,-0.00394299132901348,0.0164017941122587,0.00117790346509215,0,0,0.0136367062483374,0.00238005423160771,1,0,0,0,0,1,925,0,0,0,0,0,0,-9.73217354955924e-05,-0.00674520582249846,0.00228273249611211,0,1,0,1
0.925,0.523598775598299,0.529265867211815,-0.0192411008990956,0.00512304869186757,0.537820861086921,0.537820861086921,-0.0142220854886217,-0.0253785634933376,-0.0253785634933376,9.70276797771378e-18,2.32866431398065e-16,0.02249999999352,0.0265165042868598,0,0,0.04901650428038,0.00855499387510525,1,0,0,0,0,1,926,0,0,0,0,0,0,-8.83025174018837e-05,-0.0232637294604438,0.00846669135770339,0,1,0,1
0.926,0.523598775598299,0.52924704790681,-0.0192422287686705,-0.00441385227968226,0.539339637960671,0.539339637960671,-0.0157408623623717,-0.0292167441639197,-0.0292167441639197,0.000164291305422893,0.00394299132901385,0.0164017941122574,0.0374814960029203,0,0,0.0578262814441916,0.0100925900538604,1,0,0,0,0,1,927,0,0,0,0,0,0,-7.70975476960256e-05,-0.0271125300630265,0.0100154925061644,0,1,0,1
0.927,0.523598775598299,0.529225928792118,-0.0236205448482575,-0.0114715823346484,0.535385297954392,0.535385297954392,-0.0117865223560928,-0.018302385696375,-0.018302385696375,0.000239526414822786,0.00574863395409125,0.00141278668900163,0.02812916510304,0,0,0.0352905857461329,0.00615936916227398,1,0,0,0,0,1,928,0,0,0,0,0,0,-6.83408481519931e-05,-0.016208742747365,0.006091028314122,0,1,0,1
0.928,0.523598775598299,0.529199177924072,-0.0299472071842943,-0.0122264622124793,0.528086561638221,0.528086561638221,-0.00448778603992206,0.00145065710364354,0.00145065710364354,0.000184923178266182,0.00443815627711018,-0.0143420397652159,0.00352906174842619,0,0,-0.00637482173967949,-0.0011126162858512,1,0,0,0,0,1,929,0,0,0,0,0,0,-6.53637022299813e-05,0.00353377749957395,-0.00117797998808122,0,1,0,1
0.929,0.523598775598299,0.529166571091175,-0.0347383370597351,-0.0062711997306738,0.521385077195414,0.521385077195414,0.00221369840288521,0.0193374895619395,0.0193374895619395,3.00799760554224e-05,0.000721919425122225,-0.022322580773147,-0.0229840145053685,0,0,-0.0445846758533932,-0.00778149389576124,1,0,0,0,0,1,930,0,0,0,0,0,0,-6.8389663454238e-05,0.0214101358225147,-0.00784988355921545,0,1,0,1
0.93,0.523598775598299,0.529131112302313,-0.0353434190395677,0.00316432639285063,0.518898798739202,0.518898798739202,0.00469997685909707,0.0256649012054628,0.0256649012054628,-0.000141068460550203,-0.0033856430522298,-0.0182028823681933,-0.0370383127616509,0,0,-0.058626838182074,-0.0102323135631112,1,0,0,0,0,1,931,0,0,0,0,0,0,-7.44140671938842e-05,0.0277271215675689,-0.010306727630305,0,1,0,1
0.931,0.523598775598299,0.529097404456193,-0.0313819690126729,0.0109638576343453,0.521960827205061,0.521960827205061,0.00163794839323805,0.0170056933709825,0.0170056933709825,-0.000235748940174887,-0.0056579745625678,-0.00421607957696346,-0.0310155215263626,0,0,-0.0408895756658939,-0.00713657725113201,1,0,0,0,0,1,932,0,0,0,0,0,0,-7.88333612293801e-05,0.0190575358909123,-0.00721541061236142,0,1,0,1
0.932,0.523598775598299,0.529069153388226,-0.024949705964026,0.0128980830546677,0.528896785104848,0.528896785104848,-0.00529800950654946,-0.00194356488560286,-0.00194356488560286,-0.000202638702120478,-0.00486332884949083,0.0120561028835561,-0.00818037155001282,0,0,-0.000987597515947504,-0.000172368283378012,1,0,0,0,0,1,933,0,0,0,0,0,0,-7.7941058866271e-05,9.79476681008951e-05,-0.000250309342244237,0,1,0,1
0.933,0.523598775598299,0.529047158254946,-0.019482469394127,0.00791718553246188,0.535932433364188,0.535932433364188,-0.0123336577658889,-0.0209083728384482,-0.0209083728384482,-5.96855729195538e-05,-0.00143245374965675,0.0217931211191181,0.0190890530851428,0,0,0.0394497204546041,0.00688527510924195,1,0,0,0,0,1,934,0,0,0,0,0,0,-7.09373545192404e-05,-0.0188771425551074,0.00681433775472273,0,1,0,1
0.934,0.523598775598299,0.529028877590621,-0.0178937103789935,-0.0012800970595372,0.539239544965604,0.539239544965604,-0.0156407693673055,-0.029605723213269,-0.029605723213269,0.000115620881784422,0.00277490116202697,0.0197169002953079,0.0360110132025147,0,0,0.0585028146598496,0.0102106673749838,1,0,0,0,0,1,935,0,0,0,0,0,0,-6.03630670957811e-05,-0.0275847276842549,0.010150304307888,0,1,0,1
0.935,0.523598775598299,0.529009806257594,-0.0209951529281218,-0.0097093625939493,0.537011043511149,0.537011043511149,-0.01341226791285,-0.0233181385024929,-0.0233181385024929,0.00022825356391084,0.00547808553228248,0.00695288237143288,0.0334127446474402,0,0,0.0458437125511555,0.00800123725355513,1,0,0,0,0,1,936,0,0,0,0,0,0,-5.07226896588886e-05,-0.0213073303913299,0.00795051456389628,0,1,0,1
0.936,0.523598775598299,0.528985916893892,-0.0270567262264968,-0.0128024087697416,0.530440551395703,0.530440551395703,-0.00684177579740375,-0.00545084103935634,-0.00545084103935634,0.000217158492591839,0.00521180382070313,-0.00958003405745625,0.0127026720055381,0,0,0.00833444176878502,0.00145463450181039,1,0,0,0,0,1,937,0,0,0,0,0,0,-4.60429418155384e-05,-0.00345017318886001,0.00140859155999484,0,1,0,1
0.937,0.523598775598299,0.528955842437406,-0.0327443120417959,-0.00888349067026054,0.52307537101622,0.52307537101622,0.00052340458207889,0.0143140898070725,0.0143140898070725,8.83498926443109e-05,0.00212039742285279,-0.0209199709264611,-0.0148930458945168,0,0,-0.0336926193981252,-0.00588047142118594,1,0,0,0,0,1,938,0,0,0,0,0,0,-4.76902455375239e-05,0.01630466437507,-0.0059281616667235,0,1,0,1
0.938,0.523598775598299,0.528921616658727,-0.0349269893053287,-7.76848253336614e-05,0.518893623795932,0.518893623795932,0.0047051518023673,0.0252660107055351,0.0252660107055351,-8.83498926443335e-05,-0.00212039742285333,-0.0209199709264603,-0.0344157984532382,0,0,-0.0574561668025519,-0.0100279928627959,1,0,0,0,0,1,939,0,0,0,0,0,0,-5.36301923207416e-05,0.0272465387904651,-0.0100816230551166,0,1,0,1
0.939,0.523598775598299,0.528887571284594,-0.032374135848706,0.00884103054265354,0.520147858319812,0.520147858319812,0.00345091727848656,0.0214715535612894,0.0214715535612894,-0.000217158492591851,-0.00521180382070342,-0.0095800340574539,-0.0352830288256212,0,0,-0.0500748667037786,-0.00873971296478216,1,0,0,0,0,1,940,0,0,0,0,0,0,-5.95304197416047e-05,0.0234420817841302,-0.00879924338452376,0,1,0,1
0.94,0.523598775598299,0.528857987537489,-0.0264224516092994,0.0130375663073339,0.526144027272296,0.526144027272296,-0.00254525167399766,0.00499088171294042,0.00499088171294042,-0.000228253563910833,-0.0054780855322823,0.00695288237143505,-0.0170246437353282,0,0,-0.0155498468961754,-0.00271396026519282,1,0,0,0,0,1,941,0,0,0,0,0,0,-6.11090718567464e-05,0.00695145651650581,-0.00277506933704952,0,1,0,1
0.941,0.523598775598299,0.528834775101611,-0.0202513348126357,0.0102366392851506,0.533617704287605,0.533617704287605,-0.0100189286893064,-0.015239049529003,-0.015239049529003,-0.000115620881784401,-0.00277490116202646,0.019716900295309,0.0104621664734597,0,0,0.0274041656067422,0.00478292918599442,1,0,0,0,0,1,942,0,0,0,0,0,0,-5.64558332295517e-05,-0.0132883818797713,0.00472647335276488,0,1,0,1
0.942,0.523598775598299,0.528816436658683,-0.0171594026443796,0.00195611376155758,0.538503607571412,0.538503607571412,-0.0149048319731137,-0.0282488851372301,-0.0282488851372301,5.9685572919579e-05,0.00143245374965735,0.0217931211191175,0.032277826003353,0,0,0.0555034008721278,0.00968717091272922,1,0,0,0,0,1,943,0,0,0,0,0,0,-4.7067393120992e-05,-0.0263080785549644,0.0096401035196082,0,1,0,1
0.943,0.523598775598299,0.528798879277612,-0.0187763902836145,-0.00731578079509133,0.538139237459315,0.538139237459315,-0.0145404618610161,-0.0269829508456877,-0.0269829508456877,0.000202638702120491,0.00486332884949114,0.0120561028835542,0.0365968785621627,0,0,0.0535163102952081,0.00934035818170319,1,0,0,0,0,1,944,0,0,0,0,0,0,-3.70360558318295e-05,-0.025051959420294,0.00930332212587137,0,1,0,1
0.944,0.523598775598299,0.528777632831396,-0.024179691151227,-0.0125533562058888,0.532708118085348,0.532708118085348,-0.0091093424870492,-0.0121238731377197,-0.0121238731377197,0.000235748940174883,0.00565797456256769,-0.00421607957696571,0.0210781266633829,0,0,0.0225200216489849,0.00393048525395189,1,0,0,0,0,1,945,0,0,0,0,0,0,-3.08313237876723e-05,-0.0102026511360718,0.00389965393016423,0,1,0,1
0.945,0.523598775598299,0.52875027291772,-0.0303944289261331,-0.010917708277723,0.525140315617364,0.525140315617364,-0.00154154001906481,0.0082774452714498,0.0082774452714498,0.000141068460550182,0.00338564305222929,-0.0182028823681947,-0.00586629243732133,0,0,-0.0206835317532867,-0.00360995730035649,1,0,0,0,0,1,946,0,0,0,0,0,0,-3.08769769489237e-05,0.0101889434058202,-0.00364083427730544,0,1,0,1
0.946,0.523598775598299,0.528717734905874,-0.0340059908535189,-0.00329558524831147,0.519524158415341,0.519524158415341,0.0040746171829581,0.0231659179576756,0.0231659179576756,-3.00799760554466e-05,-0.000721919425122805,-0.0223225807731467,-0.029630812955556,0,0,-0.0526753131538255,-0.00919357649053333,1,0,0,0,0,1,947,0,0,0,0,0,0,-3.62370258857325e-05,0.025067737604892,-0.00922981351641905,0,1,0,1
0.947,0.523598775598299,0.528683806811841,-0.0330109280470929,0.00618128127443741,0.518890106441402,0.518890106441402,0.00470866915689672,0.0244748233484785,0.0244748233484785,-0.000184923178266197,-0.00443815627711055,-0.0143420397652141,-0.0373335736618633,0,0,-0.0561137697041879,-0.00979370037043924,1,0,0,0,0,1,948,0,0,0,0,0,0,-4.31228366901681e-05,0.0263670097126373,-0.00983682320712942,0,1,0,1
0.948,0.523598775598299,0.528653075892849,-0.0279029186200081,0.0123758300885871,0.523568051750551,0.523568051750551,3.07238477473826e-05,0.0114984720030669,0.0114984720030669,-0.000239526414822784,-0.00574863395409122,0.00141278668900407,-0.0247991949424931,0,0,-0.0291350422075802,-0.00508502414229792,1,0,0,0,0,1,949,0,0,0,0,0,0,-4.69465364237864e-05,0.0133810701125589,-0.00513197067872173,0,1,0,1
0.949,0.523598775598299,0.528628442033822,-0.0214051334219865,0.0119302760158921,0.53100849626543,0.53100849626543,-0.00740972066713075,-0.00872526741283498,-0.00872526741283498,-0.000164291305422875,-0.00394299132901342,0.0164017941122589,0.00117790346509266,0,0,0.0136367062483382,0.00238005423160785,1,0,0,0,0,1,950,0,0,0,0,0,0,-4.48076266630348e-05,-0.00685221270499994,0.00233524660494477,0,1,0,1
0.95,0.523598775598299,0.528609545824211,-0.0169940788793278,0.00508623639568671,0.537164539699316,0.537164539699316,-0.0135657641010171,-0.0252299365327737,-0.0252299365327737,1.2937023970285e-17,3.1048857519742e-16,0.02249999999352,0.0265165042868601,0,0,0.0490165042803805,0.00855499387510533,1,0,0,0,0,1,951,0,0,0,0,0,0,-3.70649066658846e-05,-0.0233663805486368,0.00851792896843939,0,1,0,1
0.951,0.523598775598299,0.528592963404173,-0.0170150866738197,-0.00444624430914089,0.538685553458033,0.538685553458033,-0.0150867778597342,-0.0290649978248557,-0.0290649978248557,0.000164291305422896,0.00394299132901393,0.0164017941122571,0.0374814960029203,0,0,0.0578262814441913,0.0100925900538604,1,0,0,0,0,1,952,0,0,0,0,0,0,-2.71416271931946e-05,-0.0272108960611771,0.0100654484266672,0,1,0,1
0.952,0.523598775598299,0.528574062459279,-0.0214109730323096,-0.0114997749129165,0.534733431621553,0.534733431621553,-0.0111346560232544,-0.0181475895530068,-0.0181475895530068,0.000239526414822786,0.00574863395409126,0.00141278668900133,0.0281291651030396,0,0,0.0352905857461322,0.00615936916227387,1,0,0,0,0,1,953,0,0,0,0,0,0,-1.96694957964594e-05,-0.0163028976809297,0.00613969966647743,0,1,0,1
0.953,0.523598775598299,0.528549513296283,-0.027753013996638,-0.0122506711525596,0.527436897010432,0.527436897010432,-0.00383812141213336,0.00160843045287251,0.00160843045287251,0.000184923178266181,0.00443815627711015,-0.014342039765216,0.00352906174842596,0,0,-0.00637482173967986,-0.00111261628585126,1,0,0,0,0,1,954,0,0,0,0,0,0,-1.79776010494903e-05,0.00344375658816217,-0.00113059388690073,0,1,0,1
0.954,0.523598775598299,0.528519093837494,-0.032557446068693,-0.00629163575003908,0.520737599941733,0.520737599941733,0.00286117565656585,0.0194981647870501,0.0194981647870501,3.00799760554175e-05,0.000721919425122107,-0.022322580773147,-0.0229840145053691,0,0,-0.044584675853394,-0.00778149389576138,1,0,0,0,0,1,955,0,0,0,0,0,0,-2.22874181710075e-05,0.0213241691666669,-0.00780378131393233,0,1,0,1
0.955,0.523598775598299,0.528485810111795,-0.0331738662120597,0.0031474577516143,0.518253496548684,0.518253496548684,0.00534527904961524,0.025828400526384,0.025828400526384,-0.000141068460550205,-0.00338564305222986,-0.0182028823681931,-0.037038312761651,0,0,-0.0586268381820739,-0.0102323135631112,1,0,0,0,0,1,956,0,0,0,0,0,0,-2.95923180050339e-05,0.0276451269580893,-0.0102619058811162,0,1,0,1
0.956,0.523598775598299,0.528454266926914,-0.0292218998571505,0.0109503560698565,0.521317689675782,0.521317689675782,0.00228108592251652,0.0171719368278657,0.0171719368278657,-0.000235748940174888,-0.00565797456256781,-0.00421607957696332,-0.0310155215263625,0,0,-0.0408895756658936,-0.00713657725113196,1,0,0,0,0,1,957,0,0,0,0,0,0,-3.52868947456342e-05,0.0189794289464175,-0.00717186414587756,0,1,0,1
0.957,0.523598775598299,0.528428171919187,-0.022797372643493,0.0128877535606247,0.528255803635809,0.528255803635809,-0.00465702803751022,-0.00177465917305421,-0.00177465917305421,-0.000202638702120475,-0.00486332884949076,0.0120561028835565,-0.00818037155001207,0,0,-0.000987597515946299,-0.000172368283377801,1,0,0,0,0,1,958,0,0,0,0,0,0,-3.56629161765154e-05,2.3642094452405e-05,-0.00020803119955437,0,1,0,1
0.958,0.523598775598299,0.528408325940867,-0.0173362278157408,0.00790983843965788,0.535293601050109,0.535293601050109,-0.0116948254518101,-0.0207368884224771,-0.0207368884224771,-5.96855729195507e-05,-0.00143245374965667,0.0217931211191181,0.0190890530851432,0,0,0.0394497204546047,0.00688527510924206,1,0,0,0,0,1,959,0,0,0,0,0,0,-2.99189363532903e-05,-0.0189477347162008,0.00685535617288879,0,1,0,1
0.959,0.523598775598299,0.528392189119664,-0.0157520172664303,-0.00128464605248675,0.538602856494647,0.538602856494647,-0.0150040808963485,-0.0294317450802227,-0.0294317450802227,0.000115620881784424,0.002774901162027,0.0197169002953078,0.0360110132025148,0,0,0.0585028146598496,0.0102106673749838,1,0,0,0,0,1,960,0,0,0,0,0,0,-2.05942360654854e-05,-0.0276516958172952,0.0101900731389183,0,1,0,1
0.96,0.523598775598299,0.528375257812012,-0.0188565628825832,-0.00971129240060746,0.536376495065568,0.536376495065568,-0.012777719467269,-0.0231417528454635,-0.0231417528454635,0.000228253563910836,0.00547808553228236,0.00695288237143426,0.0334127446474413,0,0,0.0458437125511579,0.00800123725355555,1,0,0,0,0,1,961,0,0,0,0,0,0,-1.21918695632495e-05,-0.0213707650795748,0.00798904538399225,0,1,0,1
0.961,0.523598775598299,0.528353506053627,-0.0249198887819338,-0.0128018929060308,0.529808140555439,0.529808140555439,-0.00620936495713975,-0.0052721350411181,-0.0052721350411181,0.000217158492591847,0.00521180382070333,-0.00958003405745464,0.0127026720055409,0,0,0.00833444176878961,0.00145463450181119,1,0,0,0,0,1,962,0,0,0,0,0,0,-8.73721400185268e-06,-0.00351016599716352,0.00144589728780931,0,1,0,1
0.962,0.523598775598299,0.528325568086626,-0.0306079687196365,-0.00888069725428718,0.52244509666544,0.52244509666544,0.00115367893285867,0.0144950281810194,0.0144950281810194,8.83498926443253e-05,0.00212039742285313,-0.0209199709264606,-0.0148930458945146,0,0,-0.0336926193981221,-0.0058804714211854,1,0,0,0,0,1,963,0,0,0,0,0,0,-1.15954423152154e-05,0.0162480211073079,-0.00589206686350063,0,1,0,1
0.963,0.523598775598299,0.52829347889531,-0.0327899706737065,-7.27765863348783e-05,0.518265486032514,0.518265486032514,0.00533328956578438,0.0254490929040067,0.0254490929040067,-8.83498926443191e-05,-0.00212039742285298,-0.0209199709264608,-0.0344157984532373,0,0,-0.0574561668025511,-0.0100279928627958,1,0,0,0,0,1,964,0,0,0,0,0,0,-1.87309874291053e-05,0.0271931521464325,-0.0100467238502249,0,1,0,1
0.964,0.523598775598299,0.52826157133255,-0.0302353585909119,0.00884789624674942,0.519521858367767,0.519521858367767,0.00407691723053183,0.0216566906347625,0.0216566906347625,-0.000217158492591843,-0.00521180382070322,-0.0095800340574555,-0.0352830288256223,0,0,-0.050074866703781,-0.00873971296478258,1,0,0,0,0,1,965,0,0,0,0,0,0,-2.58104158800121e-05,0.0233918584570385,-0.00876552338066261,0,1,0,1
0.965,0.523598775598299,0.528234127662302,-0.0242809156059043,0.0130462374642317,0.525520167397108,0.525520167397108,-0.00192139179880935,0.00517798449140008,0.00517798449140008,-0.000228253563910838,-0.00547808553228241,0.00695288237143366,-0.0170246437353304,0,0,-0.0155498468961791,-0.00271396026519346,1,0,0,0,0,1,966,0,0,0,0,0,0,-2.8550885287415e-05,0.00690430298752643,-0.00274251115048085,0,1,0,1
0.966,0.523598775598299,0.528213058528496,-0.0181061202414702,0.0102469691948793,0.532995987714489,0.532995987714489,-0.0093972121161906,-0.0150500702674944,-0.0150500702674944,-0.000115620881784415,-0.00277490116202678,0.0197169002953083,0.0104621664734574,0,0,0.0274041656067389,0.00478292918599383,1,0,0,0,0,1,967,0,0,0,0,0,0,-2.5041175468532e-05,-0.0133325591728515,0.00475788801052535,0,1,0,1
0.967,0.523598775598299,0.528196867493729,-0.0150096671022972,0.00196796099599954,0.537884038406458,0.537884038406458,-0.0142852628081596,-0.0280581185070238,-0.0280581185070238,5.96855729195607e-05,0.00143245374965691,0.0217931211191179,0.0322778260033515,0,0,0.0555034008721263,0.00968717091272896,1,0,0,0,0,1,968,0,0,0,0,0,0,-1.67771497390223e-05,-0.0263493730581478,0.00967039376298995,0,1,0,1
0.968,0.523598775598299,0.528181462431792,-0.0166213659337174,-0.00730255243937753,0.537521820613496,0.537521820613496,-0.0139230450151967,-0.0267904857028811,-0.0267904857028811,0.000202638702120482,0.00486332884949094,0.0120561028835554,0.0365968785621632,0,0,0.0535163102952096,0.00934035818170346,1,0,0,0,0,1,969,0,0,0,0,0,0,-7.85036238681869e-06,-0.0250904643126203,0.0093325078193166,0,1,0,1
0.969,0.523598775598299,0.528162373947415,-0.0220186818989891,-0.0125388777611086,0.532092859201368,0.532092859201368,-0.00849408360306914,-0.0119297979381016,-0.0119297979381016,0.000235748940174886,0.00565797456256776,-0.00421607957696428,0.0210781266633849,0,0,0.0225200216489884,0.0039304852539525,1,0,0,0,0,1,970,0,0,0,0,0,0,-2.72963891678746e-06,-0.0102384591874823,0.00392775561503567,0,1,0,1
0.97,0.523598775598299,0.528137178299671,-0.0282268076276219,-0.0109021056641192,0.524527220999316,0.524527220999316,-0.000928445401016775,0.008473042606065,0.008473042606065,0.000141068460550197,0.00338564305222966,-0.0182028823681937,-0.00586629243731841,0,0,-0.0206835317532824,-0.00360995730035573,1,0,0,0,0,1,971,0,0,0,0,0,0,-3.83815265159182e-06,0.010155739968231,-0.00361379545300733,0,1,0,1
0.971,0.523598775598299,0.528106811451669,-0.0318311965586891,-0.00327897933885471,0.518913234961136,0.518913234961136,0.00468554063716298,0.0233629501649577,0.0233629501649577,-3.00799760554312e-05,-0.000721919425122435,-0.0223225807731469,-0.0296308129555545,0,0,-0.0526753131538238,-0.00919357649053303,1,0,0,0,0,1,972,0,0,0,0,0,0,-1.02393750294194e-05,0.025037047222464,-0.0092038158655624,0,1,0,1
0.972,0.523598775598299,0.52807506194838,-0.0308284632809038,0.00619877458434459,0.51828136157794,0.51828136157794,0.00531741402035846,0.0246732039431569,0.0246732039431569,-0.000184923178266188,-0.00443815627711031,-0.0143420397652152,-0.0373335736618635,0,0,-0.056113769704189,-0.00979370037043943,1,0,0,0,0,1,973,0,0,0,0,0,0,-1.81441977767927e-05,0.0263387416127993,-0.00981184456821627,0,1,0,1
0.973,0.523598775598299,0.528046517513887,-0.0257123467039052,0.0123940998067796,0.522961493371588,0.522961493371588,0.000637282226710556,0.0116981153868166,0.0116981153868166,-0.000239526414822785,-0.00574863395409124,0.0014127866890023,-0.0247991949424953,0,0,-0.0291350422075843,-0.00508502414229863,1,0,0,0,0,1,974,0,0,0,0,0,0,-2.29643356560727e-05,0.0133551344187902,-0.00510798847795468,0,1,0,1
0.974,0.523598775598299,0.528024078440494,-0.019206075838081,0.0119492159748644,0.530404132672102,0.530404132672102,-0.0068053570738027,-0.00852444584897668,-0.00852444584897668,-0.000164291305422886,-0.00394299132901369,0.0164017941122579,0.00117790346509023,0,0,0.0136367062483345,0.0023800542316072,1,0,0,0,0,1,975,0,0,0,0,0,0,-2.17989373517691e-05,-0.00687590487067709,0.00235825529425548,0,1,0,1
0.975,0.523598775598299,0.528007385668173,-0.0147862126794095,0.0051057451701292,0.536562379543278,0.536562379543278,-0.0129636039449795,-0.0250280203132205,-0.0250280203132205,-2.58704826121033e-18,-6.20891582511664e-17,0.02249999999352,0.0265165042868584,0,0,0.0490165042803784,0.00855499387510496,1,0,0,0,0,1,976,0,0,0,0,0,0,-1.50065060208204e-05,-0.0233879169703988,0.00853998736908412,0,1,0,1
0.976,0.523598775598299,0.527993015633307,-0.0147981419351459,-0.00442626348834089,0.538085605687167,0.538085605687167,-0.0144868300888684,-0.0288620693012914,-0.0288620693012914,0.000164291305422883,0.0039429913290136,0.0164017941122583,0.0374814960029203,0,0,0.0578262814441921,0.0100925900538605,1,0,0,0,0,1,977,0,0,0,0,0,0,-6.01005054590154e-06,-0.0272303633411454,0.0100865800033146,0,1,0,1
0.977,0.523598775598299,0.527976336265918,-0.0191847303619307,-0.0114794142478733,0.534135705428192,0.534135705428192,-0.0105369298298935,-0.0179437298229738,-0.0179437298229738,0.000239526414822785,0.00574863395409124,0.00141278668900278,0.0281291651030412,0,0,0.0352905857461353,0.0061593691622744,1,0,0,0,0,1,978,0,0,0,0,0,0,5.58911698811393e-07,-0.0163203811576878,0.00615992807397325,0,1,0,1
0.978,0.523598775598299,0.527954018067909,-0.0255173020858416,-0.0122300183704627,0.526841401782059,0.526841401782059,-0.00324262618375992,0.00181314162084277,0.00181314162084277,0.000184923178266191,0.00443815627711039,-0.0143420397652149,0.00352906174842837,0,0,-0.00637482173967609,-0.00111261628585061,1,0,0,0,0,1,979,0,0,0,0,0,0,1.37143308864829e-06,0.00342817291450587,-0.00111124485276193,0,1,0,1
0.979,0.523598775598299,0.527925839109857,-0.0303121392989781,-0.00627077419779003,0.520144345214096,0.520144345214096,0.0034544303842029,0.0197036490219914,0.0197036490219914,3.00799760554363e-05,0.000721919425122558,-0.0223225807731468,-0.0229840145053667,0,0,-0.044584675853391,-0.00778149389576086,1,0,0,0,0,1,980,0,0,0,0,0,0,-3.79386745286148e-06,0.0213104027031009,-0.00778528776321374,0,1,0,1
0.98,0.523598775598299,0.527894805524394,-0.0309188823138895,0.00316844901049903,0.517662491961283,0.517662491961283,0.00593628363701548,0.0260345809173636,0.0260345809173636,-0.000141068460550193,-0.00338564305222956,-0.0182028823681939,-0.0370383127616506,0,0,-0.0586268381820741,-0.0102323135631112,1,0,0,0,0,1,981,0,0,0,0,0,0,-1.19303110659441e-05,0.0276330965812348,-0.0102442438741771,0,1,0,1
0.981,0.523598775598299,0.527865522180802,-0.026957197622576,0.0109714021563643,0.52072894492967,0.52072894492967,0.00286983066862889,0.0173787379805895,0.0173787379805895,-0.000235748940174885,-0.00565797456256774,-0.00421607957696475,-0.0310155215263638,0,0,-0.0408895756658963,-0.00713657725113244,1,0,0,0,0,1,982,0,0,0,0,0,0,-1.84324843622852e-05,0.0189690550591968,-0.00715500973549477,0,1,0,1
0.982,0.523598775598299,0.527841696737025,-0.0205229496935886,0.0129087836796608,0.527669328453646,0.527669328453646,-0.00407055285534741,-0.00156731108527883,-0.00156731108527883,-0.000202638702120485,-0.00486332884949101,0.012056102883555,-0.00818037155001495,0,0,-0.000987597515950928,-0.000172368283378609,1,0,0,0,0,1,983,0,0,0,0,0,0,-1.95921874038829e-05,1.48466771168962e-05,-0.000191960470782515,0,1,0,1
0.983,0.523598775598299,0.52782413002919,-0.015052118423649,0.00793078577801682,0.534709405138432,0.534709405138432,-0.0111106295401329,-0.0205290656131967,-0.0205290656131967,-5.96855729195657e-05,-0.00143245374965703,0.0217931211191178,0.0190890530851411,0,0,0.0394497204546019,0.00688527510924157,1,0,0,0,0,1,984,0,0,0,0,0,0,-1.46080441784102e-05,-0.0189550280604653,0.00687066706506312,0,1,0,1
0.984,0.523598775598299,0.527810282133295,-0.013458290236678,-0.0012638444293421,0.538020949508278,0.538020949508278,-0.0144221739099796,-0.0292235181094962,-0.0292235181094962,0.00011562088178441,0.00277490116202667,0.0197169002953085,0.0360110132025141,0,0,0.0585028146598493,0.0102106673749838,1,0,0,0,0,1,985,0,0,0,0,0,0,-6.01944091183082e-06,-0.0276575618219661,0.0102046479340719,0,1,0,1
0.985,0.523598775598299,0.527795649320566,-0.0165533194871986,-0.00969069565271866,0.535796886574122,0.535796886574122,-0.0121981109758227,-0.0229331905845123,-0.0229331905845123,0.000228253563910836,0.00547808553228238,0.00695288237143413,0.0334127446474412,0,0,0.0458437125511577,0.00800123725355551,1,0,0,0,0,1,986,0,0,0,0,0,0,1.67042929888339e-06,-0.0213752767793818,0.00800290768285439,0,1,0,1
0.986,0.523598775598299,0.527776205510052,-0.0226072607537688,-0.0127815565238427,0.529230840011862,0.529230840011862,-0.00563206441356368,-0.00506330464175897,-0.00506330464175897,0.000217158492591845,0.00521180382070328,-0.00958003405745506,0.0127026720055402,0,0,0.00833444176878841,0.00145463450181098,1,0,0,0,0,1,987,0,0,0,0,0,0,4.43601907840208e-06,-0.00351339469746421,0.00145907052088934,0,1,0,1
0.987,0.523598775598299,0.52775058479772,-0.0282861163031821,-0.00886067316405705,0.521870113376534,0.521870113376534,0.00172866222176438,0.0147040613123709,0.0147040613123709,8.83498926443239e-05,0.0021203974228531,-0.0209199709264607,-0.0148930458945148,0,0,-0.0336926193981224,-0.00588047142118545,1,0,0,0,0,1,988,0,0,0,0,0,0,9.11955878590831e-07,0.0162460058565812,-0.00587955946530683,0,1,0,1
0.988,0.523598775598299,0.527720821994164,-0.0304590807335768,-5.31132558461442e-05,0.517692829131369,0.517692829131369,0.00590594646693021,0.0256582651279714,0.0256582651279714,-8.83498926443205e-05,-0.00212039742285302,-0.0209199709264608,-0.0344157984532374,0,0,-0.0574561668025512,-0.0100279928627958,1,0,0,0,0,1,989,0,0,0,0,0,0,-6.86642031377804e-06,0.0271922825724637,-0.0100348592831095,0,1,0,1
0.989,0.523598775598299,0.527691249752846,-0.027895642778062,0.00886715370236697,0.518951536788063,0.518951536788063,0.00464723881023554,0.0218659400964543,0.0218659400964543,-0.000217158492591845,-0.00521180382070327,-0.00958003405745508,-0.035283028825622,0,0,-0.0500748667037803,-0.00873971296478247,1,0,0,0,0,1,990,0,0,0,0,0,0,-1.45659287307254e-05,0.0233920685816395,-0.00875427889351321,0,1,0,1
0.99,0.523598775598299,0.52766615011442,-0.0219326085815504,0.013065047176755,0.524952189849227,0.524952189849227,-0.00135341425092816,0.00538725113391911,0.00538725113391911,-0.000228253563910837,-0.0054780855322824,0.0069528823714338,-0.0170246437353301,0,0,-0.0155498468961787,-0.0027139602651934,1,0,0,0,0,1,991,0,0,0,0,0,0,-1.79040034898881e-05,0.00690552864068253,-0.00273186426868333,0,1,0,1
0.991,0.523598775598299,0.52764743347737,-0.0157494779585817,0.0102652924374966,0.532430362663364,0.532430362663364,-0.00883158706506504,-0.0148408446933524,-0.0148408446933524,-0.000115620881784413,-0.00277490116202675,0.0197169002953084,0.0104621664734576,0,0,0.0274041656067392,0.00478292918599389,1,0,0,0,0,1,992,0,0,0,0,0,0,-1.49697229611112e-05,-0.0133303803432189,0.00476795946303277,0,1,0,1
0.992,0.523598775598299,0.527633603138388,-0.012644965144442,0.00198576207822795,0.537320774051117,0.537320774051117,-0.0137219984528186,-0.0278489904366465,-0.0278489904366465,5.96855729195655e-05,0.00143245374965703,0.0217931211191178,0.0322778260033519,0,0,0.0555034008721267,0.00968717091272902,1,0,0,0,0,1,993,0,0,0,0,0,0,-7.25926937472643e-06,-0.0263463015800116,0.00967991164335424,0,1,0,1
0.993,0.523598775598299,0.527620566686537,-0.0142488979109564,-0.00728530627620415,0.53696092486824,0.53696092486824,-0.0133621492699414,-0.0265815097551257,-0.0265815097551257,0.000202638702120483,0.00486332884949096,0.0120561028835553,0.0365968785621632,0,0,0.0535163102952095,0.00934035818170344,1,0,0,0,0,1,994,0,0,0,0,0,0,1.13546533664355e-06,-0.0250865588870824,0.00934149364704007,0,1,0,1
0.994,0.523598775598299,0.527603854424571,-0.0196387579004349,-0.012522216447637,0.531534339678523,0.531534339678523,-0.00793556408022444,-0.0117210269158077,-0.0117210269158077,0.000235748940174885,0.00565797456256774,-0.00421607957696473,0.0210781266633843,0,0,0.0225200216489873,0.00393048525395231,1,0,0,0,0,1,995,0,0,0,0,0,0,5.74530087138481e-06,-0.0102337766892381,0.00393623055482373,0,1,0,1
0.995,0.523598775598299,0.527581042293858,-0.0258397527302044,-0.010886056405923,0.523971084993502,0.523971084993502,-0.000372309395203052,0.00868155771251147,0.00868155771251147,0.000141068460550193,0.00338564305222957,-0.0182028823681939,-0.00586629243731917,0,0,-0.0206835317532835,-0.00360995730035593,1,0,0,0,0,1,996,0,0,0,0,0,0,4.14669347859054e-06,0.0101611444873747,-0.00360581060687737,0,1,0,1
0.996,0.523598775598299,0.527553065925537,-0.0294373493915977,-0.00326356671840194,0.518359489435004,0.518359489435004,0.00523928616329505,0.0235711601711797,0.0235711601711797,-3.00799760554327e-05,-0.000721919425122471,-0.0223225807731469,-0.0296308129555546,0,0,-0.052675313153824,-0.00919357649053306,1,0,0,0,0,1,997,0,0,0,0,0,0,-2.72421287550451e-06,0.0250431205271912,-0.0091963007034086,0,1,0,1
0.997,0.523598775598299,0.527523713519752,-0.0284281746451134,0.00621352850682174,0.517730013149313,0.517730013149313,0.00586876244898615,0.0248810614616326,0.0248810614616326,-0.000184923178266191,-0.00443815627711039,-0.0143420397652149,-0.0373335736618634,0,0,-0.0561137697041887,-0.00979370037043937,1,0,0,0,0,1,998,0,0,0,0,0,0,-1.10787072714613e-05,0.0263454322751758,-0.00980477907771082,0,1,0,1
0.998,0.523598775598299,0.527497572444254,-0.0233059782461303,0.0124081753936243,0.522412548301956,0.522412548301956,0.00118622729634321,0.011905574815173,0.011905574815173,-0.000239526414822785,-0.00574863395409124,0.00141278668900276,-0.0247991949424947,0,0,-0.0291350422075832,-0.00508502414229844,1,0,0,0,0,1,999,0,0,0,0,0,0,-1.63289132296685e-05,0.0133623928066011,-0.00510135305552806,0,1,0,1
0.999,0.523598775598299,0.52747754262481,-0.0167939987784465,0.0119625959126462,0.529857596856417,0.529857596856417,-0.00625882125811861,-0.00831742834206289,-0.00831742834206289,-0.000164291305422885,-0.00394299132901367,0.016401794112258,0.00117790346509047,0,0,0.0136367062483348,0.00238005423160727,1,0,0,0,0,1,1000,0,0,0,0,0,0,-1.55743982959144e-05,-0.00686812660798413,0.00236447983331134,0,1,0,1
1,0.523598775598299,0.527463264625896,-0.0123688065920752,0.00511841437270052,0.536018258501001,0.536018258501001,-0.0124194829027019,-0.0248214868043625,-0.0248214868043625,2.35251029718517e-18,5.64602471161835e-17,0.02249999999352,0.026516504286859,0,0,0.049016504280379,0.00855499387510508,1,0,0,0,0,1,1001,0,0,0,0,0,0,-9.17409334577624e-06,-0.0233796649180109,0.00854581978175928,0,1,0,1
1.001,0.523598775598299,0.52745131450063,-0.0123757935810742,-0.00441431797529488,0.537543904554491,0.537543904554491,-0.0139451289561918,-0.0286560601308161,-0.0286560601308161,0.000164291305422901,0.00394299132901405,0.0164017941122566,0.0374814960029204,0,0,0.0578262814441911,0.0100925900538604,1,0,0,0,0,1,1002,0,0,0,0,0,0,-5.51442643215161e-07,-0.0272216818372674,0.0100920386112171,0,1,0,1
1.002,0.523598775598299,0.527437059789151,-0.0167578325729402,-0.0114682033407095,0.533596428951425,0.533596428951425,-0.00999765335312641,-0.0177382836152995,-0.0177382836152995,0.000239526414822785,0.00574863395409124,0.00141278668900264,0.0281291651030411,0,0,0.035290585746135,0.00615936916227435,1,0,0,0,0,1,1003,0,0,0,0,0,0,5.66159453674331e-06,-0.0163113128138824,0.00616503075681107,0,1,0,1
1.003,0.523598775598299,0.527417170597939,-0.0230862526990529,-0.0122195510398098,0.526304554312087,0.526304554312087,-0.0027057787137883,0.00201798793503294,0.00201798793503294,0.000184923178266177,0.00443815627711005,-0.0143420397652164,0.00352906174842495,0,0,-0.00637482173968143,-0.00111261628585154,1,0,0,0,0,1,1004,0,0,0,0,0,0,6.13562323970029e-06,0.0034375871911848,-0.00110648066261188,0,1,0,1
1.004,0.523598775598299,0.527391424597655,-0.0278773401407182,-0.00626105755906293,0.519609930701894,0.519609930701894,0.00398884489640439,0.019907860181888,0.019907860181888,3.00799760554314e-05,0.000721919425122441,-0.0223225807731469,-0.0229840145053674,0,0,-0.0445846758533918,-0.00778149389576099,1,0,0,0,0,1,1005,0,0,0,0,0,0,6.48810672743139e-07,0.0213201236862843,-0.00778084508508825,0,1,0,1
1.005,0.523598775598299,0.52736282751752,-0.0284807382320915,0.00317740960835458,0.517130513954409,0.517130513954409,0.00646826164389025,0.0262381233066549,0.0262381233066549,-0.000141068460550211,-0.00338564305222999,-0.0182028823681927,-0.0370383127616511,0,0,-0.0586268381820739,-0.0102323135631112,1,0,0,0,0,1,1006,0,0,0,0,0,0,-7.79261941430409e-06,0.0276430866998976,-0.0102401061825255,0,1,0,1
1.006,0.523598775598299,0.527335983820838,-0.0245161155666779,0.0109796030439589,0.520199406569706,0.520199406569706,0.00339936902859272,0.0175815796006487,0.0175815796006487,-0.000235748940174886,-0.00565797456256776,-0.0042160795769643,-0.0310155215263634,0,0,-0.0408895756658955,-0.00713657725113229,1,0,0,0,0,1,1007,0,0,0,0,0,0,-1.45837111930058e-05,0.0189792783708821,-0.00715116096232526,0,1,0,1
1.007,0.523598775598299,0.527314600757921,-0.0180793378409107,0.0129162227821193,0.527142232474544,0.527142232474544,-0.00354345687624513,-0.00136520064348834,-0.00136520064348834,-0.000202638702120472,-0.00486332884949068,0.012056102883557,-0.00818037155001108,0,0,-0.000987597515944716,-0.000172368283377525,1,0,0,0,0,1,1008,0,0,0,0,0,0,-1.60167238361097e-05,2.52688398732492e-05,-0.000188385007213632,0,1,0,1
1.008,0.523598775598299,0.527299478756453,-0.0126063853512067,0.00793746253185374,0.534184753865695,0.534184753865695,-0.0105859782673962,-0.0203277151983841,-0.0203277151983841,-5.96855729195642e-05,-0.001432453749657,0.0217931211191178,0.0190890530851413,0,0,0.0394497204546021,0.00688527510924161,1,0,0,0,0,1,1009,0,0,0,0,0,0,-1.12907411424779e-05,-0.0189444398173109,0.00687398436809916,0,1,0,1
1.009,0.523598775598299,0.527288077483982,-0.0110108441373653,-0.00125792915739192,0.537498744858966,0.537498744858966,-0.0138999692606672,-0.0290229550403898,-0.0290229550403898,0.000115620881784432,0.00277490116202721,0.0197169002953074,0.0360110132025152,0,0,0.0585028146598498,0.0102106673749839,1,0,0,0,0,1,1010,0,0,0,0,0,0,-2.94560904190444e-06,-0.0276468387281234,0.010207721765942,0,1,0,1
1.01,0.523598775598299,0.527275892804045,-0.0141045674292606,-0.00968553964489079,0.5352771300576,0.5352771300576,-0.0116783544593015,-0.0227334406811324,-0.0227334406811324,0.000228253563910838,0.00547808553228241,0.00695288237143369,0.0334127446474408,0,0,0.0458437125511569,0.00800123725355538,1,0,0,0,0,1,1011,0,0,0,0,0,0,4.51502053444575e-06,-0.0213644485548391,0.00800575227408984,0,1,0,1
1.011,0.523598775598299,0.527258898229476,-0.0201576079824691,-0.0127771562885186,0.528713532731286,0.528713532731286,-0.00511475713298748,-0.00486439225755408,-0.00486439225755408,0.000217158492591835,0.00521180382070305,-0.00958003405745693,0.012702672005537,0,0,0.00833444176878308,0.00145463450181005,1,0,0,0,0,1,1012,0,0,0,0,0,0,7.06514296733296e-06,-0.00350248958459405,0.00146169964477738,0,1,0,1
1.012,0.523598775598299,0.527235727452186,-0.0258359655835564,-0.0088570240109102,0.521355256031001,0.521355256031001,0.00224351956729807,0.014902113257636,0.014902113257636,8.83498926443193e-05,0.00212039742285299,-0.0209199709264608,-0.0148930458945155,0,0,-0.0336926193981234,-0.00588047142118563,1,0,0,0,0,1,1013,0,0,0,0,0,0,3.3389307332321e-06,0.016256961060164,-0.00587713249045241,0,1,0,1
1.013,0.523598775598299,0.527208414881503,-0.0280088317331556,-5.02093689410572e-05,0.517180422018707,0.517180422018707,0.00641835357959175,0.0258554351146923,0.0258554351146923,-8.83498926443441e-05,-0.00212039742285359,-0.0209199709264599,-0.0344157984532389,0,0,-0.0574561668025524,-0.010027992862796,1,0,0,0,0,1,1014,0,0,0,0,0,0,-4.6287282496893e-06,0.0272032624804071,-0.0100326215910457,0,1,0,1
1.014,0.523598775598299,0.527181292773011,-0.0254456914884394,0.00886931919353954,0.518441579808228,0.518441579808228,0.00515719579007046,0.0220622079710853,0.0220622079710853,-0.000217158492591845,-0.00521180382070329,-0.00958003405745495,-0.0352830288256219,0,0,-0.0500748667037801,-0.00873971296478244,1,0,0,0,0,1,1015,0,0,0,0,0,0,-1.25051017768607e-05,0.0234030491847793,-0.00875221806655935,0,1,0,1
1.015,0.523598775598299,0.527158642773439,-0.0194833467776699,0.0130664821283087,0.524444682508247,0.524444682508247,-0.000845906909948346,0.00558259807440646,0.00558259807440646,-0.000228253563910829,-0.00547808553228221,0.00695288237143606,-0.0170246437353266,0,0,-0.0155498468961728,-0.00271396026519235,1,0,0,0,0,1,1016,0,0,0,0,0,0,-1.60080684642461e-05,0.00691648727250374,-0.00272996833365657,0,1,0,1
1.016,0.523598775598299,0.527142374891816,-0.0133012926946082,0.0102660056242535,0.53192530407781,0.53192530407781,-0.00832652847951088,-0.0146464362125164,-0.0146464362125164,-0.000115620881784409,-0.00277490116202665,0.0197169002953086,0.0104621664734583,0,0,0.0274041656067403,0.00478292918599408,1,0,0,0,0,1,1017,0,0,0,0,0,0,-1.32271465911327e-05,-0.0133194650415035,0.00476970203940297,0,1,0,1
1.017,0.523598775598299,0.527130992040336,-0.0101982382850891,0.00198576312889981,0.536818162953066,0.536818162953066,-0.0132193873547669,-0.0276555366797046,-0.0276555366797046,5.96855729195868e-05,0.00143245374965754,0.0217931211191173,0.0322778260033536,0,0,0.0555034008721284,0.00968717091272933,1,0,0,0,0,1,1018,0,0,0,0,0,0,-5.65895322190979e-06,-0.026335449694716,0.00968151195950739,0,1,0,1
1.018,0.523598775598299,0.527120401428975,-0.0118040056971375,-0.00728600694177073,0.536460759610679,0.536460759610679,-0.0128619840123799,-0.0263890257605396,-0.0263890257605396,0.000202638702120486,0.00486332884949102,0.0120561028835549,0.036596878562163,0,0,0.053516310295209,0.00934035818170335,1,0,0,0,0,1,1019,0,0,0,0,0,0,2.60419040476467e-06,-0.0250757892675088,0.00934296237210808,0,1,0,1
1.019,0.523598775598299,0.527106132987228,-0.0171960705481147,-0.0125236076791458,0.531036618241179,0.531036618241179,-0.00743784264288061,-0.0115295265319193,-0.0115295265319193,0.000235748940174881,0.00565797456256764,-0.00421607957696676,0.021078126663381,0,0,0.0225200216489819,0.00393048525395136,1,0,0,0,0,1,1020,0,0,0,0,0,0,7.09268062693003e-06,-0.0102231069833138,0.00393757793457827,0,1,0,1
1.02,0.523598775598299,0.527085762289413,-0.0233996340613258,-0.0108881263812601,0.523475804989057,0.523475804989057,0.000122970609241491,0.00887206179172512,0.00887206179172512,0.000141068460550192,0.00338564305222954,-0.018202882368194,-0.00586629243731941,0,0,-0.0206835317532839,-0.00360995730035599,1,0,0,0,0,1,1021,0,0,0,0,0,0,5.38255666582277e-06,0.0101716977973636,-0.00360457474369014,0,1,0,1
1.021,0.523598775598299,0.527060224606188,-0.0270001564959715,-0.00326630300022798,0.517866648115654,0.517866648115654,0.00573212748264473,0.0237606563703484,0.0237606563703484,-3.00799760554579e-05,-0.000721919425123076,-0.0223225807731466,-0.0296308129555571,0,0,-0.0526753131538267,-0.00919357649053354,1,0,0,0,0,1,1022,0,0,0,0,0,0,-1.59044785486007e-06,0.0250535420888649,-0.0091951669383884,0,1,0,1
1.022,0.523598775598299,0.527033307784101,-0.0259942575721629,0.00621013891651277,0.517239607413661,0.517239607413661,0.00635916818463733,0.0250695392882399,0.0250695392882399,-0.000184923178266194,-0.00443815627711046,-0.0143420397652145,-0.0373335736618634,0,0,-0.0561137697041883,-0.00979370037043931,1,0,0,0,0,1,1023,0,0,0,0,0,0,-1.0038025348269e-05,0.0263557078303267,-0.00980373839578763,0,1,0,1
1.023,0.523598775598299,0.527009598844492,-0.0208756797253933,0.0124041460009499,0.521924574702195,0.521924574702195,0.00167420089610404,0.0120930248239181,0.0120930248239181,-0.000239526414822784,-0.0057486339540912,0.00141278668900482,-0.0247991949424922,0,0,-0.0291350422075785,-0.00508502414229763,1,0,0,0,0,1,1024,0,0,0,0,0,0,-1.53726953627809e-05,0.0133725091555767,-0.00510039683766039,0,1,0,1
1.024,0.523598775598299,0.526991997374166,-0.0143676539677503,0.0119579406812717,0.529372051605774,0.529372051605774,-0.0057732760074749,-0.00813101458475666,-0.00813101458475666,-0.000164291305422882,-0.00394299132901358,0.0164017941122584,0.00117790346509124,0,0,0.013636706248336,0.00238005423160747,1,0,0,0,0,1,1025,0,0,0,0,0,0,-1.46944139020055e-05,-0.00685818164175394,0.00236535981770547,0,1,0,1
1.025,0.523598775598299,0.526980143606321,-0.00994674285230782,0.00511314767524405,0.535535137481425,0.535535137481425,-0.0119363618831264,-0.02463611675565,-0.02463611675565,-1.31715619343102e-17,-3.16117486332403e-16,0.02249999999352,0.0265165042868573,0,0,0.049016504280377,0.00855499387510472,1,0,0,0,0,1,1026,0,0,0,0,0,0,-8.36249248981069e-06,-0.023369902523298,0.00854663138261491,0,1,0,1
1.026,0.523598775598299,0.526970613270697,-0.00995833027649311,-0.00442018140391913,0.537063203324557,0.537063203324557,-0.0134644277262586,-0.0284717403064742,-0.0284717403064742,0.000164291305422887,0.00394299132901372,0.0164017941122579,0.0374814960029203,0,0,0.0578262814441919,0.0100925900538605,1,0,0,0,0,1,1027,0,0,0,0,0,0,1.99251984245308e-07,-0.0272121122500727,0.0100927893058448,0,1,0,1
1.027,0.523598775598299,0.52695877359214,-0.0143452808959724,-0.0114746484480311,0.533118142754415,0.533118142754415,-0.00951936715611634,-0.0175550196244714,-0.0175550196244714,0.000239526414822784,0.00574863395409121,0.00141278668900409,0.0281291651030427,0,0,0.035290585746138,0.00615936916227488,1,0,0,0,0,1,1028,0,0,0,0,0,0,6.35849582975023e-06,-0.0163019453521616,0.00616572765810464,0,1,0,1
1.028,0.523598775598299,0.52694129437009,-0.0206789155185538,-0.0122265624986523,0.525828678084239,0.525828678084239,-0.00222990248594002,0.00220019135542286,0.00220019135542286,0.000184923178266185,0.00443815627711024,-0.0143420397652156,0.00352906174842684,0,0,-0.00637482173967849,-0.00111261628585103,1,0,0,0,0,1,1029,0,0,0,0,0,0,6.78548805155277e-06,0.00344674409312089,-0.00110583079779947,0,1,0,1
1.029,0.523598775598299,0.526917952976555,-0.0254755118726761,-0.00626861980853848,0.519136459080795,0.519136459080795,0.00446231651750417,0.0200889991330985,0.0200889991330985,3.00799760554502e-05,0.000721919425122891,-0.0223225807731466,-0.022984014505365,0,0,-0.0445846758533888,-0.00778149389576047,1,0,0,0,0,1,1030,0,0,0,0,0,0,1.2580483312874e-06,0.0213290624437496,-0.00778023584742915,0,1,0,1
1.03,0.523598775598299,0.526891754850611,-0.0260847047317784,0.00316931232367651,0.5166594412875,0.5166594412875,0.00693933431079918,0.0264181946945102,0.0264181946945102,-0.000141068460550198,-0.00338564305222969,-0.0182028823681936,-0.0370383127616508,0,0,-0.058626838182074,-0.0102323135631112,1,0,0,0,0,1,1031,0,0,0,0,0,0,-7.21793847213714e-06,0.0276518005442272,-0.0102395315015833,0,1,0,1
1.031,0.523598775598299,0.526867304174026,-0.0221261540412683,0.0109709866366768,0.519730726922893,0.519730726922893,0.00386804867540536,0.0177605811023628,0.0177605811023628,-0.000235748940174883,-0.00565797456256769,-0.00421607957696573,-0.0310155215263648,0,0,-0.0408895756658982,-0.00713657725113276,1,0,0,0,0,1,1032,0,0,0,0,0,0,-1.40378466886304e-05,0.0189877613162708,-0.00715061509782144,0,1,0,1
1.032,0.523598775598299,0.526848307924258,-0.0156957167816071,0.0129071032863824,0.526675939640879,0.526675939640879,-0.00307716404258063,-0.00118727061200203,-0.00118727061200203,-0.000202638702120482,-0.00486332884949092,0.0120561028835555,-0.00818037155001397,0,0,-0.000987597515949345,-0.000172368283378333,1,0,0,0,0,1,1033,0,0,0,0,0,0,-1.54942568384442e-05,3.35156506976551e-05,-0.000187862540216743,0,1,0,1
1.033,0.523598775598299,0.526835566264877,-0.0102293644839294,0.00792785606946909,0.533720841374119,0.533720841374119,-0.0101220657758198,-0.0201508575146938,-0.0201508575146938,-5.96855729195793e-05,-0.00143245374965736,0.0217931211191174,0.0190890530851392,0,0,0.0394497204545993,0.00688527510924112,1,0,0,0,0,1,1034,0,0,0,0,0,0,-1.0786565198595e-05,-0.0189364336586611,0.00687448854404249,0,1,0,1
1.034,0.523598775598299,0.526826538608104,-0.00864067439108423,-0.00126800640916401,0.537037205983088,0.537037205983088,-0.0134384303847892,-0.0288471699071906,-0.0288471699071906,0.000115620881784419,0.00277490116202688,0.0197169002953081,0.0360110132025145,0,0,0.0585028146598495,0.0102106673749838,1,0,0,0,0,1,1035,0,0,0,0,0,0,-2.4549212664926e-06,-0.0276390770528791,0.0102082124537173,0,1,0,1
1.035,0.523598775598299,0.526816720570952,-0.0117414909210674,-0.00969607148389112,0.534817957824508,0.534817957824508,-0.011219182226209,-0.0225587276573334,-0.0225587276573334,0.000228253563910832,0.00547808553228227,0.00695288237143537,0.0334127446474422,0,0,0.0458437125511598,0.00800123725355588,1,0,0,0,0,1,1036,0,0,0,0,0,0,4.99672839393561e-06,-0.0213569345389281,0.00800623398194977,0,1,0,1
1.036,0.523598775598299,0.526802085428544,-0.0178018580185076,-0.0127881265166312,0.528256719930355,0.528256719930355,-0.00465794433205602,-0.00469075028878016,-0.00469075028878016,0.000217158492591842,0.00521180382070321,-0.00958003405745561,0.0127026720055392,0,0,0.00833444176878684,0.0014546345018107,1,0,0,0,0,1,1037,0,0,0,0,0,0,7.54209347197943e-06,-0.00349522577913264,0.00146217659528269,0,1,0,1
1.037,0.523598775598299,0.526781266643884,-0.0234877666749505,-0.0088684164614297,0.520900795222699,0.520900795222699,0.00269798037559976,0.015074685809143,0.015074685809143,8.83498926443338e-05,0.00212039742285334,-0.0209199709264603,-0.0148930458945133,0,0,-0.0336926193981202,-0.00588047142118508,1,0,0,0,0,1,1038,0,0,0,0,0,0,3.81506968605283e-06,0.0162639726989792,-0.00587665635149903,0,1,0,1
1.038,0.523598775598299,0.526756298406175,-0.0256683996260967,-6.20079324057119e-05,0.516728305543379,0.516728305543379,0.00687047005492014,0.0260269404407907,0.0260269404407907,-8.83498926443265e-05,-0.00212039742285316,-0.0209199709264606,-0.0344157984532378,0,0,-0.0574561668025515,-0.0100279928627959,1,0,0,0,0,1,1039,0,0,0,0,0,0,-4.14972289197735e-06,0.0272100205620246,-0.0100321425856879,0,1,0,1
1.039,0.523598775598299,0.526731512759618,-0.0231132332076152,0.00885713054500984,0.517991799794835,0.517991799794835,0.00560697580346337,0.0222326487890897,0.0222326487890897,-0.000217158492591839,-0.00521180382070313,-0.00958003405745627,-0.0352830288256227,0,0,-0.0500748667037821,-0.00873971296478278,1,0,0,0,0,1,1040,0,0,0,0,0,0,-1.20198110299397e-05,0.0234095528556574,-0.00875173277581276,0,1,0,1
1.04,0.523598775598299,0.526711191148259,-0.0171590606822384,0.0130539193181303,0.523997230883066,0.523997230883066,-0.000398455284766897,0.00575197759909064,0.00575197759909064,-0.000228253563910834,-0.00547808553228233,0.00695288237143468,-0.0170246437353288,0,0,-0.0155498468961764,-0.00271396026519299,1,0,0,0,0,1,1041,0,0,0,0,0,0,-1.55133234900351e-05,0.00692273618812065,-0.00272947358868303,0,1,0,1
1.041,0.523598775598299,0.526697243387068,-0.0109853685459443,0.0102530844499114,0.531480172573062,0.531480172573062,-0.00788139697476287,-0.0144781142962519,-0.0144781142962519,-0.000115620881784426,-0.00277490116202705,0.0197169002953077,0.0104621664734555,0,0,0.0274041656067362,0.00478292918599336,1,0,0,0,0,1,1042,0,0,0,0,0,0,-1.27200199345756e-05,-0.0133134707439749,0.00477020916605875,0,1,0,1
1.042,0.523598775598299,0.526688172202749,-0.00789085732555047,0.00197249924185557,0.536375343115478,0.536375343115478,-0.0127765675171796,-0.0274882682434943,-0.0274882682434943,5.96855729195718e-05,0.00143245374965718,0.0217931211191176,0.0322778260033524,0,0,0.0555034008721272,0.00968717091272911,1,0,0,0,0,1,1043,0,0,0,0,0,0,-5.13675012026038e-06,-0.0263297094230642,0.00968203416260882,0,1,0,1
1.043,0.523598775598299,0.526679884628256,-0.00950534073912194,-0.00729959805483745,0.536020242809959,0.536020242809959,-0.0124214672116606,-0.0262228062585326,-0.0262228062585326,0.000202638702120478,0.00486332884949082,0.0120561028835562,0.0365968785621635,0,0,0.0535163102952105,0.00934035818170362,1,0,0,0,0,1,1044,0,0,0,0,0,0,3.14394063005707e-06,-0.0250703020004582,0.0093435021223337,0,1,0,1
1.044,0.523598775598299,0.526667910424445,-0.0149062860726992,-0.0125375107138012,0.530598395678397,0.530598395678397,-0.00699962008009847,-0.0113643510260745,-0.0113643510260745,0.000235748940174884,0.00565797456256773,-0.00421607957696501,0.0210781266633839,0,0,0.0225200216489866,0.00393048525395219,1,0,0,0,0,1,1045,0,0,0,0,0,0,7.65223308341056e-06,-0.0102178712958139,0.00393813748703564,0,1,0,1
1.045,0.523598775598299,0.526649825005276,-0.0211188863258035,-0.0109023262315285,0.523039867704921,0.523039867704921,0.000558907893378091,0.00903619860704103,0.00903619860704103,0.000141068460550204,0.00338564305222984,-0.0182028823681932,-0.00586629243731701,0,0,-0.0206835317532803,-0.00360995730035537,1,0,0,0,0,1,1046,0,0,0,0,0,0,5.96395930108073e-06,0.0101766837095437,-0.00360399334105432,0,1,0,1
1.046,0.523598775598299,0.526626563489212,-0.0247285936496232,-0.0032807847735901,0.517432986998679,0.517432986998679,0.0061657885996198,0.0239237601444517,0.0239237601444517,-3.00799760554425e-05,-0.000721919425122707,-0.0223225807731467,-0.0296308129555556,0,0,-0.052675313153825,-0.00919357649053325,1,0,0,0,0,1,1047,0,0,0,0,0,0,-9.85345953385952e-07,0.025058280385231,-0.00919456183648659,0,1,0,1
1.047,0.523598775598299,0.526601913578657,-0.0237320197796215,0.00619538988529085,0.516808213208217,0.516808213208217,0.00679056239008147,0.0252316159909281,0.0252316159909281,-0.00018492317826618,-0.00443815627711012,-0.0143420397652161,-0.0373335736618637,0,0,-0.0561137697041899,-0.00979370037043959,1,0,0,0,0,1,1048,0,0,0,0,0,0,-9.40756577272328e-06,0.0263602010024612,-0.00980310793621231,0,1,0,1
1.048,0.523598775598299,0.526580462158723,-0.0186228992969829,0.0123891441371213,0.521495438016425,0.521495438016425,0.00210333758187353,0.0122540807229639,0.0122540807229639,-0.000239526414822785,-0.00574863395409123,0.00141278668900337,-0.024799194942494,0,0,-0.0291350422075818,-0.0050850241422982,1,0,0,0,0,1,1049,0,0,0,0,0,0,-1.47154023311113e-05,0.0133767600046342,-0.00509973954462928,0,1,0,1
1.049,0.523598775598299,0.526565108687776,-0.0121244554962019,0.0119427001585047,0.528945162919382,0.528945162919382,-0.00534638732108361,-0.00797097294540675,-0.00797097294540675,-0.000164291305422893,-0.00394299132901385,0.0164017941122574,0.00117790346508882,0,0,0.0136367062483323,0.00238005423160683,1,0,0,0,0,1,1050,0,0,0,0,0,0,-1.40089863376325e-05,-0.00685417002684564,0.00236604524526918,0,1,0,1
1.05,0.523598775598299,0.526555493278218,-0.00771324335527572,0.00509768240507064,0.535110487153324,0.535110487153324,-0.0115117115550248,-0.0244770825769832,-0.0244770825769832,5.41041715067921e-18,1.29850011578904e-16,0.02249999999352,0.0265165042868593,0,0,0.0490165042803794,0.00855499387510515,1,0,0,0,0,1,1051,0,0,0,0,0,0,-7.64779624029543e-06,-0.023366126786944,0.00854734607886487,0,1,0,1
1.051,0.523598775598299,0.526548191546502,-0.00773463934431795,-0.00443585778164218,0.536640781600363,0.536640781600363,-0.0130420060020643,-0.0283137065548089,-0.0283137065548089,0.000164291305422876,0.00394299132901344,0.0164017941122589,0.0374814960029202,0,0,0.0578262814441925,0.0100925900538606,1,0,0,0,0,1,1052,0,0,0,0,0,0,9.44191783536219e-07,-0.0272085687904071,0.0100935342456442,0,1,0,1
1.052,0.523598775598299,0.526538570611532,-0.0121315008441568,-0.0114905225736838,0.532697939773806,0.532697939773806,-0.00909916417550738,-0.0173979790511784,-0.0173979790511784,0.000239526414822786,0.00574863395409125,0.00141278668900172,0.0281291651030401,0,0,0.035290585746133,0.00615936916227401,1,0,0,0,0,1,1053,0,0,0,0,0,0,7.13450224210099e-06,-0.01629863034077,0.0061665036645161,0,1,0,1
1.053,0.523598775598299,0.526523300174004,-0.0184751415444386,-0.0122426213004804,0.525410683888154,0.525410683888154,-0.001811908289855,0.00235624619488763,0.00235624619488763,0.000184923178266199,0.00443815627711058,-0.014342039765214,0.00352906174843031,0,0,-0.00637482173967306,-0.00111261628585008,1,0,0,0,0,1,1054,0,0,0,0,0,0,7.59323967125525e-06,0.00344983469216952,-0.00110502304617888,0,1,0,1
1.054,0.523598775598299,0.526502157514222,-0.0232818322158269,-0.0062848505093868,0.518720663618461,0.518720663618461,0.0048781119798379,0.0202440758608815,0.0202440758608815,3.0079976055425e-05,0.000721919425122287,-0.022322580773147,-0.0229840145053682,0,0,-0.0445846758533928,-0.00778149389576117,1,0,0,0,0,1,1055,0,0,0,0,0,0,2.09808645745824e-06,0.0213319328555886,-0.00777939580930376,0,1,0,1
1.055,0.523598775598299,0.526478147986433,-0.0239012008376089,0.00315292220050172,0.516245834423322,0.516245834423322,0.0073529411749772,0.0265723010926658,0.0265723010926658,-0.000141068460550185,-0.00338564305222939,-0.0182028823681944,-0.0370383127616504,0,0,-0.0586268381820742,-0.0102323135631112,1,0,0,0,0,1,1056,0,0,0,0,0,0,-6.345202823832e-06,0.027654455165497,-0.010238658765935,0,1,0,1
1.056,0.523598775598299,0.526455875694288,-0.0199529007274511,0.0109544492623566,0.519319298443155,0.519319298443155,0.00427947715514332,0.0179137250958853,0.0179137250958853,-0.000235748940174886,-0.00565797456256778,-0.00421607957696402,-0.0310155215263631,0,0,-0.0408895756658949,-0.00713657725113219,1,0,0,0,0,1,1057,0,0,0,0,0,0,-1.31321259384531e-05,0.0189902046981488,-0.0071497093770706,0,1,0,1
1.057,0.523598775598299,0.526439047543669,-0.0135327824068396,0.0128904305223316,0.52626667926029,0.52626667926029,-0.00266790366199121,-0.0010350809715077,-0.0010350809715077,-0.00020263870212049,-0.00486332884949112,0.0120561028835543,-0.00818037155001634,0,0,-0.000987597515953142,-0.000172368283378996,1,0,0,0,0,1,1058,0,0,0,0,0,0,-1.45553801629283e-05,3.57524825666863e-05,-0.000186923663541894,0,1,0,1
1.058,0.523598775598299,0.526428463632949,-0.00807681111864253,0.00791105946383343,0.533313738742191,0.533313738742191,-0.00971496314389186,-0.0199996140647023,-0.0199996140647023,-5.96855729195547e-05,-0.00143245374965677,0.021793121119118,0.0190890530851426,0,0,0.0394497204546039,0.00688527510924193,1,0,0,0,0,1,1059,0,0,0,0,0,0,-9.81447202008656e-06,-0.0189343985649064,0.00687546063722189,0,1,0,1
1.059,0.523598775598299,0.526421583315348,-0.00649855798970191,-0.00128491562429965,0.536632250690331,0.536632250690331,-0.0130334750920326,-0.0286968643892557,-0.0286968643892557,0.000115620881784399,0.00277490116202641,0.0197169002953091,0.0360110132025136,0,0,0.0585028146598491,0.0102106673749837,1,0,0,0,0,1,1060,0,0,0,0,0,0,-1.44965491410964e-06,-0.0276372387778348,0.0102092177200697,0,1,0,1
1.06,0.523598775598299,0.526413902154911,-0.00960986149544158,-0.00971308239460002,0.534415139408466,0.534415139408466,-0.0108163638101674,-0.0224093517314994,-0.0224093517314994,0.00022825356391084,0.00547808553228246,0.00695288237143311,0.0334127446474404,0,0,0.0458437125511559,0.0080012372535552,1,0,0,0,0,1,1061,0,0,0,0,0,0,6.03502685092572e-06,-0.0213552880700976,0.0080072722804061,0,1,0,1
1.061,0.523598775598299,0.526401393379649,-0.0156807598121726,-0.0128052285286014,0.52785602788146,0.52785602788146,-0.00425725228316154,-0.00454229554734309,-0.00454229554734309,0.000217158492591849,0.00521180382070337,-0.0095800340574543,0.0127026720055415,0,0,0.0083344417687906,0.00145463450181136,1,0,0,0,0,1,1062,0,0,0,0,0,0,8.61319121636672e-06,-0.00349376602469147,0.00146324769302775,0,1,0,1
1.062,0.523598775598299,0.526382690411133,-0.0213772383378603,-0.00888559930080111,0.520502218989947,0.520502218989947,0.00309655660835151,0.0152222278285025,0.0152222278285025,8.83498926443165e-05,0.00212039742285292,-0.0209199709264609,-0.0148930458945159,0,0,-0.033692619398124,-0.00588047142118573,1,0,0,0,0,1,1063,0,0,0,0,0,0,4.91864797136365e-06,0.016265250897046,-0.00587555277321439,0,1,0,1
1.063,0.523598775598299,0.52635982740264,-0.0235684743895221,-7.92616460162073e-05,0.516331834539844,0.516331834539844,0.00726694105845505,0.0261735782424384,0.0261735782424384,-8.83498926443121e-05,-0.00212039742285282,-0.0209199709264611,-0.0344157984532368,0,0,-0.0574561668025507,-0.0100279928627957,1,0,0,0,0,1,1064,0,0,0,0,0,0,-3.01406309788366e-06,0.0272111224153473,-0.0100310069258936,0,1,0,1
1.064,0.523598775598299,0.526337136367777,-0.0210239390588983,0.00883981558992254,0.517597423402995,0.517597423402995,0.00600135219530429,0.0223783909075041,0.0223783909075041,-0.00021715849259185,-0.00521180382070339,-0.00958003405745412,-0.0352830288256214,0,0,-0.0500748667037789,-0.00873971296478222,1,0,0,0,0,1,1065,0,0,0,0,0,0,-1.08525435756901e-05,0.0234104836175423,-0.00875056550835795,0,1,0,1
1.065,0.523598775598299,0.52631889872515,-0.0150804205391194,0.0130365524347581,0.523604938459956,0.523604938459956,-6.1628616572218e-06,0.00589683258749049,0.00589683258749049,-0.000228253563910841,-0.0054780855322825,0.00695288237143269,-0.0170246437353319,0,0,-0.0155498468961817,-0.00271396026519391,1,0,0,0,0,1,1066,0,0,0,0,0,0,-1.43149917464225e-05,0.00692350114217103,-0.0027282752569403,0,1,0,1
1.066,0.523598775598299,0.526307024269276,-0.00891740043018549,0.0102356746331977,0.53108995345527,0.53108995345527,-0.00749117785697162,-0.0143341378767299,-0.0143341378767299,-0.000115620881784403,-0.00277490116202651,0.0197169002953089,0.0104621664734593,0,0,0.0274041656067417,0.00478292918599432,1,0,0,0,0,1,1067,0,0,0,0,0,0,-1.14912316735438e-05,-0.0133128662946877,0.00477143795432078,0,1,0,1
1.067,0.523598775598299,0.526300015711212,-0.0058335745356079,0.00195505517027492,0.535987186623941,0.535987186623941,-0.012388411025642,-0.0273451618340119,-0.0273451618340119,5.96855729195567e-05,0.00143245374965681,0.021793121119118,0.0322778260033511,0,0,0.0555034008721259,0.0096871709127289,1,0,0,0,0,1,1068,0,0,0,0,0,0,-3.87817256675138e-06,-0.0263292601662249,0.00968329274016211,0,1,0,1
1.068,0.523598775598299,0.526293780072903,-0.00745875202162157,-0.0073170680170509,0.535634138254606,0.535634138254606,-0.0120353626563077,-0.0260805613122818,-0.0260805613122818,0.000202638702120488,0.00486332884949106,0.0120561028835547,0.0365968785621629,0,0,0.0535163102952087,0.0093403581817033,1,0,0,0,0,1,1069,0,0,0,0,0,0,4.43158557306145e-06,-0.0250700026242461,0.00934478976727637,0,1,0,1
1.069,0.523598775598299,0.526283847108665,-0.0128703957924945,-0.0125549985140277,0.530214332362618,0.530214332362618,-0.00661555676431935,-0.0112229590174406,-0.0112229590174406,0.000235748940174887,0.0056579745625678,-0.00421607957696358,0.0210781266633859,0,0,0.0225200216489901,0.0039304852539528,1,0,0,0,0,1,1070,0,0,0,0,0,0,8.96817344075984e-06,-0.0102177164980755,0.00393945342739355,0,1,0,1
1.07,0.523598775598299,0.526267792230213,-0.0190936946344058,-0.0109198241257483,0.522657834929857,0.522657834929857,0.000940940668441859,0.0091767461738304,0.0091767461738304,0.000141068460550184,0.00338564305222935,-0.0182028823681946,-0.00586629243732093,0,0,-0.0206835317532861,-0.00360995730035639,1,0,0,0,0,1,1071,0,0,0,0,0,0,7.30737746124088e-06,0.010176699212638,-0.00360264992289516,0,1,0,1
1.071,0.523598775598299,0.526246550557896,-0.0227140966518061,-0.00329828532301072,0.517052974067363,0.517052974067363,0.00654580153093587,0.0240634717271491,0.0240634717271491,-3.00799760554271e-05,-0.000721919425122337,-0.0223225807731469,-0.0296308129555541,0,0,-0.0526753131538234,-0.00919357649053296,1,0,0,0,0,1,1072,0,0,0,0,0,0,3.84691030252959e-07,0.0250581618510002,-0.00919319179950273,0,1,0,1
1.072,0.523598775598299,0.526223909799967,-0.0217282096980206,0.00617789381793193,0.516430209429528,0.516430209429528,0.00716856616877126,0.0253705000016258,0.0253705000016258,-0.000184923178266196,-0.00443815627711051,-0.0143420397652143,-0.0373335736618633,0,0,-0.0561137697041881,-0.00979370037043927,1,0,0,0,0,1,1073,0,0,0,0,0,0,-8.01180620946251e-06,0.0263599536540638,-0.00980171217664871,0,1,0,1
1.073,0.523598775598299,0.52620445685119,-0.0166297646345202,0.0123716593915701,0.521119432708891,0.521119432708891,0.0024793428894081,0.012392145520896,0.012392145520896,-0.000239526414822786,-0.00574863395409125,0.00141278668900192,-0.0247991949424958,0,0,-0.0291350422075851,-0.00508502414229878,1,0,0,0,0,1,1074,0,0,0,0,0,0,-1.32948497572061e-05,0.0133763890238604,-0.00509831899205604,0,1,0,1
1.074,0.523598775598299,0.526191091183218,-0.0101419811961781,0.0119252332812841,0.528571145414826,0.528571145414826,-0.00497236981652704,-0.00783371906060064,-0.00783371906060064,-0.000164291305422879,-0.00394299132901353,0.0164017941122586,0.00117790346509172,0,0,0.0136367062483367,0.0023800542316076,1,0,0,0,0,1,1075,0,0,0,0,0,0,-1.25645998684254e-05,-0.00685465950632067,0.00236748963173916,0,1,0,1
1.075,0.523598775598299,0.526183452925229,-0.00574141095898936,0.00508023965403198,0.534738446800334,0.534738446800334,-0.0111396712020347,-0.0243406313715116,-0.0243406313715116,-1.01136550808162e-17,-2.42727721869683e-16,0.02249999999352,0.0265165042868576,0,0,0.0490165042803774,0.00855499387510479,1,0,0,0,0,1,1076,0,0,0,0,0,0,-6.1805609179455e-06,-0.023366729685824,0.00854881331418689,0,1,0,1
1.076,0.523598775598299,0.526178117713766,-0.00577342714607703,-0.00445327043251877,0.536270707767627,0.536270707767627,-0.0126719321693278,-0.028178049866594,-0.028178049866594,0.000164291305422895,0.00394299132901389,0.0164017941122572,0.0374814960029203,0,0,0.0578262814441915,0.0100925900538604,1,0,0,0,0,1,1077,0,0,0,0,0,0,2.43326845361658e-06,-0.0272092800896519,0.010095023322314,0,1,0,1
1.077,0.523598775598299,0.526170452691001,-0.0101808840435642,-0.0115078994292803,0.532329821853276,0.532329821853276,-0.00873104625497689,-0.0172631087952652,-0.0172631087952652,0.000239526414822785,0.00574863395409123,0.00141278668900317,0.0281291651030417,0,0,0.0352905857461361,0.00615936916227454,1,0,0,0,0,1,1078,0,0,0,0,0,0,8.64439360115377e-06,-0.0162994450870156,0.00616801355587571,0,1,0,1
1.078,0.523598775598299,0.526157127583915,-0.0165350923958425,-0.0122599569393283,0.525044511298064,0.525044511298064,-0.00144573569976514,0.00249033802132531,0.00249033802132531,0.000184923178266183,0.00443815627711019,-0.0143420397652158,0.00352906174842636,0,0,-0.00637482173967923,-0.00111261628585115,1,0,0,0,0,1,1079,0,0,0,0,0,0,9.12290306620545e-06,0.00344892138159275,-0.00110349338278493,0,1,0,1
1.079,0.523598775598299,0.526137919701969,-0.0213523201748364,-0.00630213977827314,0.518356425806209,0.518356425806209,0.00524234979209026,0.0203773971739002,0.0203773971739002,3.00799760554404e-05,0.000721919425122656,-0.0223225807731468,-0.0229840145053662,0,0,-0.0445846758533903,-0.00778149389576074,1,0,0,0,0,1,1080,0,0,0,0,0,0,3.64646625161669e-06,0.0213309257880036,-0.00777784742950915,0,1,0,1
1.08,0.523598775598299,0.526115834431294,-0.0219821927045882,0.00313568419207921,0.515883520868183,0.515883520868183,0.00771525473011592,0.0267048597173406,0.0267048597173406,-0.000141068460550206,-0.00338564305222988,-0.018202882368193,-0.037038312761651,0,0,-0.0586268381820739,-0.0102323135631112,1,0,0,0,0,1,1081,0,0,0,0,0,0,-4.77917238395076e-06,0.0276533590686552,-0.0102370927354951,0,1,0,1
1.081,0.523598775598299,0.526095475910009,-0.0180443607879133,0.0109372671478875,0.518958898658877,0.518958898658877,0.00463987693942214,0.018045528762422,0.018045528762422,-0.000235748940174883,-0.00565797456256771,-0.00421607957696545,-0.0310155215263645,0,0,-0.0408895756658976,-0.00713657725113267,1,0,0,0,0,1,1082,0,0,0,0,0,0,-1.15495179993097e-05,0.0189890242163288,-0.00714812676913201,0,1,0,1
1.082,0.523598775598299,0.526080551080912,-0.011634672568671,0.0128733086841084,0.525908182797534,0.525908182797534,-0.00230940719923534,-0.000904024631291843,-0.000904024631291843,-0.000202638702120476,-0.0048633288494908,0.0120561028835563,-0.00818037155001246,0,0,-0.000987597515946932,-0.000172368283377912,1,0,0,0,0,1,1083,0,0,0,0,0,0,-1.2957272678471e-05,3.44921730428133e-05,-0.000185325556056437,0,1,0,1
1.083,0.523598775598299,0.526071860081599,-0.00618909104609886,0.00789400203887472,0.532957135190841,0.532957135190841,-0.00935835959254194,-0.0198692975205358,-0.0198692975205358,-5.96855729195697e-05,-0.00143245374965713,0.0217931211191177,0.0190890530851406,0,0,0.0394497204546011,0.00688527510924144,1,0,0,0,0,1,1084,0,0,0,0,0,0,-8.20194530171126e-06,-0.0189357342350355,0.00687707316393971,0,1,0,1
1.084,0.523598775598299,0.526066862306695,-0.00462118523412411,-0.00130190473822569,0.536277529681679,0.536277529681679,-0.0126787540833797,-0.02856728021529,-0.02856728021529,0.000115620881784422,0.00277490116202695,0.019716900295308,0.0360110132025147,0,0,0.0585028146598496,0.0102106673749838,1,0,0,0,0,1,1085,0,0,0,0,0,0,1.76210686930744e-07,-0.0276386454345378,0.0102108435856707,0,1,0,1
1.085,0.523598775598299,0.526061053363695,-0.00774279162264917,-0.00972999953288634,0.534062290617251,0.534062290617251,-0.010463515018952,-0.0222804926088231,-0.0222804926088231,0.000228253563910835,0.00547808553228235,0.00695288237143449,0.0334127446474415,0,0,0.0458437125511583,0.00800123725355562,1,0,0,0,0,1,1086,0,0,0,0,0,0,7.67315313132677e-06,-0.0213567614349379,0.00800891040668694,0,1,0,1
1.086,0.523598775598299,0.526050406525986,-0.0138239465265003,-0.012822070253641,0.527505041027797,0.527505041027797,-0.0039062654294979,-0.00441415426621791,-0.00441415426621791,0.000217158492591838,0.00521180382070311,-0.00958003405745645,0.0127026720055378,0,0,0.00833444176878445,0.00145463450181029,1,0,0,0,0,1,1087,0,0,0,0,0,0,1.02625041845661e-05,-0.00349530191707868,0.00146489700599484,0,1,0,1
1.087,0.523598775598299,0.526033555262316,-0.0195306336028087,-0.00890236239577918,0.52015308384113,0.52015308384113,0.00344569175716847,0.0153496583666805,0.0153496583666805,8.83498926443309e-05,0.00212039742285327,-0.0209199709264604,-0.0148930458945137,0,0,-0.0336926193981209,-0.00588047142118519,1,0,0,0,0,1,1088,0,0,0,0,0,0,6.57807978710068e-06,0.0162636565578799,-0.0058738933413981,0,1,0,1
1.088,0.523598775598299,0.526012533774817,-0.021732028545005,-9.59431086721444e-05,0.515984540912021,0.515984540912021,0.00761423468627798,0.0263003050234999,0.0263003050234999,-8.83498926443357e-05,-0.00212039742285338,-0.0209199709264602,-0.0344157984532384,0,0,-0.057456166802552,-0.0100279928627959,1,0,0,0,0,1,1089,0,0,0,0,0,0,-1.34557230180299e-06,0.0272094736086943,-0.0100293384350978,0,1,0,1
1.089,0.523598775598299,0.525991674127523,-0.0191976009350714,0.00882321855356726,0.51725196116274,0.51725196116274,0.0063468144355584,0.0225044208030803,0.0225044208030803,-0.000217158492591843,-0.00521180382070323,-0.00958003405745543,-0.0352830288256222,0,0,-0.0500748667037809,-0.00873971296478256,1,0,0,0,0,1,1090,0,0,0,0,0,0,-9.1760439872024e-06,0.0234087842197756,-0.0087488890087698,0,1,0,1
1.09,0.523598775598299,0.525975257790918,-0.013264137566783,0.0130200424166739,0.523261297525725,0.523261297525725,0.000337478072574005,0.00602217235386991,0.00602217235386991,-0.000228253563910833,-0.00547808553228231,0.00695288237143495,-0.0170246437353283,0,0,-0.0155498468961757,-0.00271396026519287,1,0,0,0,0,1,1091,0,0,0,0,0,0,-1.26315222810369e-05,0.00692175492558686,-0.00272659178747392,0,1,0,1
1.091,0.523598775598299,0.525965194612742,-0.00711111874776405,0.0102192540296247,0.530748123798736,0.530748123798736,-0.00714934820043711,-0.0142094815994965,-0.0142094815994965,-0.000115620881784417,-0.00277490116202684,0.0197169002953082,0.010462166473457,0,0,0.0274041656067383,0.00478292918599373,1,0,0,0,0,1,1092,0,0,0,0,0,0,-9.80181848897477e-06,-0.013314655662782,0.00477312736750479,0,1,0,1
1.092,0.523598775598299,0.525959987358518,-0.00403723909270653,0.00193872618799516,0.535647158271247,0.535647158271247,-0.0120483826729481,-0.0272211825228176,-0.0272211825228176,5.96855729195813e-05,0.00143245374965741,0.0217931211191174,0.0322778260033532,0,0,0.055503400872128,0.00968717091272925,1,0,0,0,0,1,1093,0,0,0,0,0,0,-2.18382768313319e-06,-0.0263310891242335,0.00968498708504617,0,1,0,1
1.093,0.523598775598299,0.525955543105792,-0.00567230667917438,-0.00733330335447175,0.535295901287496,0.535295901287496,-0.011697125689197,-0.0259572525613997,-0.0259572525613997,0.000202638702120479,0.00486332884949086,0.0120561028835559,0.0365968785621634,0,0,0.0535163102952102,0.00934035818170357,1,0,0,0,0,1,1094,0,0,0,0,0,0,6.12986555081907e-06,-0.0250718677167374,0.00934648804725435,0,1,0,1
1.094,0.523598775598299,0.525947391665525,-0.0110937834195188,-0.0125711383600178,0.529877876919477,0.529877876919477,-0.00627910132117837,-0.0111003145387898,-0.0111003145387898,0.000235748940174883,0.00565797456256768,-0.00421607957696592,0.0210781266633826,0,0,0.0225200216489844,0.0039304852539518,1,0,0,0,0,1,1095,0,0,0,0,0,0,1.06694085029169e-05,-0.010219614376066,0.0039411546624547,0,1,0,1
1.095,0.523598775598299,0.525933108507019,-0.0173268572013819,-0.0109358668045514,0.522323151206663,0.522323151206663,0.00127562439163553,0.00929873255061945,0.00929873255061945,0.000141068460550196,0.00338564305222965,-0.0182028823681937,-0.00586629243731854,0,0,-0.0206835317532826,-0.00360995730035577,1,0,0,0,0,1,1096,0,0,0,0,0,0,9.01060527624953e-06,0.0101747717916024,-0.00360094669507949,0,1,0,1
1.096,0.523598775598299,0.525913628809063,-0.0209569753207109,-0.00331422932355641,0.51672005231853,0.51672005231853,0.00687872327976868,0.0241848060548859,0.0241848060548859,-3.00799760554455e-05,-0.000721919425122779,-0.0223225807731467,-0.0296308129555559,0,0,-0.0526753131538253,-0.00919357649053331,1,0,0,0,0,1,1097,0,0,0,0,0,0,2.08896793851832e-06,0.025056208022976,-0.0091914875225948,0,1,0,1
1.097,0.523598775598299,0.525892740339118,-0.019980744909041,0.00616204984811158,0.516099039968679,0.516099039968679,0.00749973562962003,0.0254911882158399,0.0254911882158399,-0.000184923178266186,-0.00443815627711027,-0.0143420397652154,-0.0373335736618635,0,0,-0.0561137697041892,-0.00979370037043946,1,0,0,0,0,1,1098,0,0,0,0,0,0,-6.30740429219401e-06,0.0263579764489727,-0.00980000777473167,0,1,0,1
1.098,0.523598775598299,0.525875030051833,-0.0148918961894816,0.0123559166523525,0.520790005909535,0.520790005909535,0.00280876968876398,0.0125121934403161,0.0125121934403161,-0.000239526414822784,-0.00574863395409121,0.00141278668900429,-0.0247991949424928,0,0,-0.0291350422075797,-0.00508502414229784,1,0,0,0,0,1,1099,0,0,0,0,0,0,-1.15912265212792e-05,0.0133743913659512,-0.00509661536881911,0,1,0,1
1.099,0.523598775598299,0.525863397479345,-0.0084136483387255,0.0119095928259042,0.528243451710952,0.528243451710952,-0.00464467611265285,-0.00771430573341097,-0.00771430573341097,-0.000164291305422891,-0.0039429913290138,0.0164017941122576,0.00117790346508929,0,0,0.0136367062483331,0.00238005423160695,1,0,0,0,0,1,1100,0,0,0,0,0,0,-1.0862637872644e-05,-0.00685667479785631,0.00236919159373428,0,1,0,1
1.1,0.523598775598299,0.525857482811833,-0.00402255245156027,0.00506470239495819,0.534412476686939,0.534412476686939,-0.01081370108864,-0.0242218470494086,-0.0242218470494086,1.52895342674702e-17,3.66948822313604e-16,0.02249999999352,0.0265165042868604,0,0,0.0490165042803808,0.00855499387510538,1,0,0,0,0,1,1101,0,0,0,0,0,0,-4.48112093121011e-06,-0.0233687598961252,0.00855051275417418,0,1,0,1
1.101,0.523598775598299,0.525853861747291,-0.00406398134371179,-0.00446870371779884,0.535946451801152,0.535946451801152,-0.012347676202853,-0.0280598890769171,-0.0280598890769171,0.000164291305422883,0.00394299132901362,0.0164017941122582,0.0374814960029203,0,0,0.0578262814441921,0.0100925900538605,1,0,0,0,0,1,1102,0,0,0,0,0,0,4.12934803484255e-06,-0.0272113226072699,0.0100967194018954,0,1,0,1
1.102,0.523598775598299,0.525847901489708,-0.0084807889645995,-0.0115232280925495,0.532007270651982,0.532007270651982,-0.00840849505368302,-0.0171455661788161,-0.0171455661788161,0.000239526414822786,0.00574863395409126,0.00141278668900143,0.0281291651030397,0,0,0.0352905857461324,0.0061593691622739,1,0,0,0,0,1,1103,0,0,0,0,0,0,1.03362972635468e-05,-0.0163014974029128,0.00616970545953743,0,1,0,1
1.103,0.523598775598299,0.525836271828186,-0.0148442857895373,-0.0122751804560273,0.524723655542336,0.524723655542336,-0.00112487994403709,0.00260726771143668,0.00260726771143668,0.000184923178266192,0.00443815627711043,-0.0143420397652147,0.00352906174842877,0,0,-0.00637482173967546,-0.0011126162858505,1,0,0,0,0,1,1104,0,0,0,0,0,0,1.08098386206734e-05,0.00344686167517758,-0.00110180644722979,0,1,0,1
1.104,0.523598775598299,0.525818750134546,-0.0196707395859835,-0.00631725774198414,0.518037256238785,0.518037256238785,0.00556151935951388,0.020493719073542,0.020493719073542,3.00799760554152e-05,0.000721919425122051,-0.0223225807731471,-0.0229840145053694,0,0,-0.0445846758533944,-0.00778149389576145,1,0,0,0,0,1,1105,0,0,0,0,0,0,5.32766520888739e-06,0.0213288609988211,-0.00777616623055255,0,1,0,1
1.105,0.523598775598299,0.525798341857449,-0.0203097755351646,0.00312067207505628,0.515566028294338,0.515566028294338,0.00803274730396053,0.0268205788527054,0.0268205788527054,-0.000141068460550188,-0.00338564305222945,-0.0182028823681943,-0.0370383127616505,0,0,-0.0586268381820742,-0.0102323135631112,1,0,0,0,0,1,1106,0,0,0,0,0,0,-3.10445450224517e-06,0.0276512914057725,-0.0102354180176134,0,1,0,1
1.106,0.523598775598299,0.525779651197661,-0.0163810443558257,0.0109223610638455,0.518643073946529,0.518643073946529,0.00495570165177006,0.0181606500515091,0.0181606500515091,-0.000235748940174888,-0.00565797456256782,-0.00421607957696311,-0.0310155215263623,0,0,-0.0408895756658932,-0.00713657725113189,1,0,0,0,0,1,1107,0,0,0,0,0,0,-9.88200140839002e-06,0.018986955791591,-0.00714645925254032,0,1,0,1
1.107,0.523598775598299,0.525766385160678,-0.0099803941636561,0.0128585087171437,0.525594016877299,0.525594016877299,-0.00199524127900041,-0.000789496377121862,-0.000789496377121862,-0.000202638702120485,-0.004863328849491,0.0120561028835551,-0.00818037155001483,0,0,-0.000987597515950727,-0.000172368283378574,1,0,0,0,0,1,1108,0,0,0,0,0,0,-1.12976531365661e-05,3.2425002607181e-05,-0.000183665936515087,0,1,0,1
1.108,0.523598775598299,0.525759343946799,-0.00454378798283553,0.00787930817598771,0.532644619056041,0.532644619056041,-0.00904584345774262,-0.0197553575949449,-0.0197553575949449,-5.96855729195517e-05,-0.00143245374965669,0.0217931211191181,0.0190890530851431,0,0,0.0394497204546045,0.00688527510924202,1,0,0,0,0,1,1109,0,0,0,0,0,0,-6.55089397083586e-06,-0.0189377982291043,0.00687872421527114,0,1,0,1
1.109,0.523598775598299,0.525755987013301,-0.00298479490262132,-0.00131649260214858,0.535966654388285,0.535966654388285,-0.0123678787899864,-0.0284539240152336,-0.0284539240152336,0.000115620881784408,0.00277490116202662,0.0197169002953087,0.036011013202514,0,0,0.0585028146598493,0.0102106673749838,1,0,0,0,0,1,1110,0,0,0,0,0,0,1.81804732901636e-06,-0.0276407044225597,0.0102124854223128,0,1,0,1
1.11,0.523598775598299,0.525751810030233,-0.00611525153597098,-0.00974448159019694,0.533753047283788,0.533753047283788,-0.0101542716854891,-0.0221677156327926,-0.0221677156327926,0.000228253563910843,0.00547808553228253,0.00695288237143223,0.0334127446474397,0,0,0.0458437125511544,0.00800123725355494,1,0,0,0,0,1,1111,0,0,0,0,0,0,9.30515332953075e-06,-0.0213588136778811,0.00801054240688448,0,1,0,1
1.111,0.523598775598299,0.525742786333386,-0.0122051943658912,-0.0128364467791769,0.527197420835197,0.527197420835197,-0.00359864523689846,-0.00430195211240927,-0.00430195211240927,0.000217158492591847,0.00521180382070334,-0.00958003405745456,0.0127026720055411,0,0,0.00833444176878986,0.00145463450181123,1,0,0,0,0,1,1112,0,0,0,0,0,0,1.18840708976942e-05,-0.00349734576474886,0.00146651857270896,0,1,0,1
1.112,0.523598775598299,0.525727549453725,-0.0179206072602855,-0.00891663374222876,0.519847078032539,0.519847078032539,0.0037516975657601,0.0154612900022743,0.0154612900022743,8.83498926443073e-05,0.0021203974228527,-0.0209199709264613,-0.0148930458945174,0,0,-0.0336926193981259,-0.00588047142118608,1,0,0,0,0,1,1113,0,0,0,0,0,0,8.18864063678593e-06,0.0162616226687237,-0.0058722827805493,0,1,0,1
1.113,0.523598775598299,0.525708133655369,-0.0201306661634781,-0.000110109702053004,0.515680140792573,0.515680140792573,0.00791863480572541,0.0264113703489902,0.0264113703489902,-8.83498926443213e-05,-0.00212039742285304,-0.0209199709264608,-0.0344157984532374,0,0,-0.0574561668025512,-0.0100279928627958,1,0,0,0,0,1,1114,0,0,0,0,0,0,2.534348740868e-07,0.0272074511562211,-0.0100277394279217,0,1,0,1
1.114,0.523598775598299,0.525688871064068,-0.0176048409460634,0.00880915621829745,0.516949158099285,0.516949158099285,0.00664961749901338,0.0226149239326855,0.0226149239326855,-0.000217158492591851,-0.00521180382070342,-0.00958003405745386,-0.0352830288256212,0,0,-0.0500748667037785,-0.00873971296478215,1,0,0,0,0,1,1115,0,0,0,0,0,0,-7.58911385956296e-06,0.0234067745990622,-0.00874730207864172,0,1,0,1
1.115,0.523598775598299,0.525674043211713,-0.0116799187258108,0.0130060837798958,0.52296008294652,0.52296008294652,0.000638692651779071,0.00613211730991699,0.00613211730991699,-0.000228253563910838,-0.00547808553228242,0.00695288237143357,-0.0170246437353305,0,0,-0.0155498468961794,-0.00271396026519351,1,0,0,0,0,1,1116,0,0,0,0,0,0,-1.10571683090699e-05,0.00691975945059634,-0.00272501743350262,0,1,0,1
1.116,0.523598775598299,0.525665560007116,-0.00553538016744943,0.0102053984712082,0.530448489193111,0.530448489193111,-0.0068497135948119,-0.0141000908845414,-0.0141000908845414,-0.000115620881784395,-0.0027749011620263,0.0197169002953093,0.0104621664734608,0,0,0.0274041656067438,0.00478292918599469,1,0,0,0,0,1,1117,0,0,0,0,0,0,-8.24051571746143e-06,-0.0133166357571913,0.00477468867027719,0,1,0,1
1.117,0.523598775598299,0.525661924276493,-0.0024699202736851,0.00192497303132449,0.535349095189222,0.535349095189222,-0.0117503195909229,-0.0271123422042556,-0.0271123422042556,5.96855729195597e-05,0.00143245374965689,0.0217931211191179,0.0322778260033514,0,0,0.0555034008721262,0.00968717091272894,1,0,0,0,0,1,1118,0,0,0,0,0,0,-6.36027330358502e-07,-0.0263330526802367,0.00968653488539861,0,1,0,1
1.118,0.523598775598299,0.525659043157685,-0.00411334753886736,-0.00734695483858642,0.534999401339388,0.534999401339388,-0.0114006257410894,-0.0258489588802366,-0.0258489588802366,0.000202638702120493,0.00486332884949119,0.0120561028835539,0.0365968785621626,0,0,0.0535163102952077,0.00934035818170312,1,0,0,0,0,1,1119,0,0,0,0,0,0,7.66373582750113e-06,-0.0250738136515042,0.00934802191753059,0,1,0,1
1.119,0.523598775598299,0.525652446521515,-0.00954312431883556,-0.012584688949562,0.529582931775467,0.529582931775467,-0.00598415617716852,-0.0109925638196202,-0.0109925638196202,0.000235748940174885,0.00565797456256775,-0.00421607957696449,0.0210781266633846,0,0,0.0225200216489879,0.00393048525395241,1,0,0,0,0,1,1120,0,0,0,0,0,0,1.21889443126522e-05,-0.0102215416796666,0.00394267419826511,0,1,0,1
1.12,0.523598775598299,0.525639709896692,-0.0157844389694212,-0.0109493173226451,0.522029752596335,0.522029752596335,0.00156902300196371,0.00940594390173737,0.00940594390173737,0.000141068460550181,0.00338564305222929,-0.0182028823681947,-0.00586629243732141,0,0,-0.0206835317532868,-0.00360995730035651,1,0,0,0,0,1,1121,0,0,0,0,0,0,1.05154251762718e-05,0.0101728640582968,-0.00359944187518024,0,1,0,1
1.121,0.523598775598299,0.525621768520933,-0.0194227392775252,-0.00332758063491223,0.5164281920304,0.5164281920304,0.00717058356789924,0.0242914815525323,0.0242914815525323,-3.00799760554301e-05,-0.00072191942512241,-0.0223225807731469,-0.0296308129555544,0,0,-0.0526753131538237,-0.00919357649053301,1,0,0,0,0,1,1122,0,0,0,0,0,0,3.57871308898083e-06,0.0250543207303746,-0.009189997777444,0,1,0,1
1.122,0.523598775598299,0.525602410220123,-0.0184546328865321,0.00614879684060021,0.515808709849684,0.515808709849684,0.00779006574861507,0.0255973312973841,0.0255973312973841,-0.000184923178266202,-0.00443815627711066,-0.0143420397652136,-0.0373335736618632,0,0,-0.0561137697041874,-0.00979370037043915,1,0,0,0,0,1,1123,0,0,0,0,0,0,-4.83307049325976e-06,0.0263561104008909,-0.0097985334409324,0,1,0,1
1.123,0.523598775598299,0.525586222006816,-0.0133738505504925,0.0123427610109123,0.520501197864518,0.520501197864518,0.00309757773378116,0.0126178074680334,0.0126178074680334,-0.000239526414822785,-0.00574863395409124,0.0014127866890022,-0.0247991949424954,0,0,-0.0291350422075845,-0.00508502414229867,1,0,0,0,0,1,1124,0,0,0,0,0,0,-1.01326188232109e-05,0.0133725473017031,-0.00509515676112182,0,1,0,1
1.124,0.523598775598299,0.525576103470515,-0.00690361199439352,0.011896533581058,0.527956157702123,0.527956157702123,-0.00435738210382419,-0.00760921747022524,-0.00760921747022524,-0.000164291305422872,-0.00394299132901335,0.0164017941122592,0.00117790346509326,0,0,0.0136367062483391,0.00238005423160801,1,0,0,0,0,1,1125,0,0,0,0,0,0,-9.4200495770469e-06,-0.00685849620136687,0.00237063418203098,0,1,0,1
1.125,0.523598775598299,0.525571694858206,-0.00252046887699744,0.00505173854857999,0.534126688733311,0.534126688733311,-0.0105279131350123,-0.0241172813322943,-0.0241172813322943,-2.34537964025167e-19,-5.62891113498288e-18,0.02249999999352,0.0265165042868587,0,0,0.0490165042803787,0.00855499387510502,1,0,0,0,0,1,1126,0,0,0,0,0,0,-3.05482431295356e-06,-0.0233705580222837,0.0085519390507921,0,1,0,1
1.126,0.523598775598299,0.525569571924119,-0.00256979459207459,-0.00448157318953605,0.53566216197798,0.53566216197798,-0.0120633863796809,-0.0279558427561731,-0.0279558427561731,0.000164291305422897,0.00394299132901394,0.016401794112257,0.0374814960029203,0,0,0.0578262814441913,0.0100925900538604,1,0,0,0,0,1,1127,0,0,0,0,0,0,5.53910129197366e-06,-0.0272130968977002,0.0100981291551524,0,1,0,1
1.127,0.523598775598299,0.525565101927896,-0.00699444367961227,-0.0115360042363537,0.531724471090171,0.531724471090171,-0.00812569549187192,-0.0170420361713893,-0.0170420361713893,0.000239526414822785,0.00574863395409123,0.00141278668900288,0.0281291651030413,0,0,0.0352905857461355,0.00615936916227443,1,0,0,0,0,1,1128,0,0,0,0,0,0,1.17292756169896e-05,-0.0163032473553897,0.00617109843789143,0,1,0,1
1.128,0.523598775598299,0.525554954713697,-0.0133657272165324,-0.0122878643387744,0.524442338427845,0.524442338427845,-0.00084356282954634,0.00271028442403267,0.00271028442403267,0.000184923178266176,0.00443815627711004,-0.0143420397652165,0.00352906174842482,0,0,-0.00637482173968163,-0.00111261628585157,1,0,0,0,0,1,1129,0,0,0,0,0,0,1.21858302081224e-05,0.0034451365087842,-0.00110043045564345,0,1,0,1
1.129,0.523598775598299,0.52553890770779,-0.0181999135815178,-0.00632985044811663,0.517757413812029,0.517757413812029,0.00584136178626971,0.0205962254472639,0.0205962254472639,3.00799760554373e-05,0.000721919425122583,-0.0223225807731468,-0.0229840145053666,0,0,-0.0445846758533908,-0.00778149389576083,1,0,0,0,0,1,1130,0,0,0,0,0,0,6.68647737567252e-06,0.0213271610145594,-0.00777480741838521,0,1,0,1
1.13,0.523598775598299,0.525519966412672,-0.0188466285752748,0.00310816944601157,0.515287652849561,0.515287652849561,0.00831112274873791,0.0269225777830479,0.0269225777830479,-0.000141068460550208,-0.00338564305222994,-0.0182028823681929,-0.0370383127616511,0,0,-0.0586268381820739,-0.0102323135631112,1,0,0,0,0,1,1131,0,0,0,0,0,0,-1.76299568366289e-06,0.0276496169496509,-0.0102340765587948,0,1,0,1
1.131,0.523598775598299,0.525502735082319,-0.0149255235429819,0.0109099473996619,0.518366157831187,0.518366157831187,0.0052326177671117,0.018262144375499,0.018262144375499,-0.000235748940174885,-0.00565797456256775,-0.00421607957696454,-0.0310155215263636,0,0,-0.0408895756658959,-0.00713657725113237,1,0,0,0,0,1,1132,0,0,0,0,0,0,-8.55805162780499e-06,0.018985307161548,-0.00714513530276017,0,1,0,1
1.132,0.523598775598299,0.525490920774811,-0.00853244723246931,0.0128461828951634,0.525318552491434,0.525318552491434,-0.00171977689313485,-0.000688503878932833,-0.000688503878932833,-0.000202638702120475,-0.00486332884949076,0.0120561028835566,-0.00818037155001199,0,0,-0.000987597515946183,-0.000172368283377781,1,0,0,0,0,1,1133,0,0,0,0,0,0,-9.99135034174259e-06,3.08024504783681e-05,-0.000182359633719487,0,1,0,1
1.133,0.523598775598299,0.525485323742394,-0.0031033633045818,0.00786706906528709,0.532370598851636,0.532370598851636,-0.00877182325333714,-0.0196548641965042,-0.0196548641965042,-5.96855729195667e-05,-0.00143245374965706,0.0217931211191177,0.019089053085141,0,0,0.0394497204546017,0.00688527510924153,1,0,0,0,0,1,1134,0,0,0,0,0,0,-5.26235886755266e-06,-0.0189393944956358,0.00688001275037398,0,1,0,1
1.134,0.523598775598299,0.525483403493653,-0.00155184148863365,-0.00132864613869176,0.535694070868637,0.535694070868637,-0.0120952952703378,-0.0283539270430752,-0.0283539270430752,0.00011562088178443,0.00277490116202715,0.0197169002953075,0.0360110132025151,0,0,0.0585028146598498,0.0102106673749838,1,0,0,0,0,1,1135,0,0,0,0,0,0,3.08871077070449e-06,-0.0276422742380746,0.0102137560857546,0,1,0,1
1.135,0.523598775598299,0.525480655749303,-0.00468971903995734,-0.00975655069394559,0.533481893002859,0.533481893002859,-0.00988311740456005,-0.0220682124641186,-0.0220682124641186,0.000228253563910838,0.00547808553228242,0.00695288237143361,0.0334127446474408,0,0,0.0458437125511568,0.00800123725355536,1,0,0,0,0,1,1136,0,0,0,0,0,0,1.05578573681431e-05,-0.0213603569173326,0.00801179511092354,0,1,0,1
1.136,0.523598775598299,0.525473053895163,-0.0107870330852321,-0.0128484325938687,0.526927688396973,0.526927688396973,-0.00332891279867442,-0.00420294017322051,-0.00420294017322051,0.000217158492591836,0.00521180382070308,-0.00958003405745671,0.0127026720055373,0,0,0.00833444176878371,0.00145463450181016,1,0,0,0,0,1,1137,0,0,0,0,0,0,1.31187435101765e-05,-0.00349886234161896,0.00146775324532034,0,1,0,1
1.137,0.523598775598299,0.525459231511576,-0.0165097681363628,-0.00892853741220831,0.519578760090391,0.519578760090391,0.00402001550790798,0.0155598132389973,0.0155598132389973,8.83498926443217e-05,0.00212039742285305,-0.0209199709264607,-0.0148930458945151,0,0,-0.0336926193981228,-0.00588047142118554,1,0,0,0,0,1,1138,0,0,0,0,0,0,9.40522500680885e-06,0.0162601328042183,-0.00587106619617872,0,1,0,1
1.138,0.523598775598299,0.5254412229114,-0.0187271007810883,-0.000121932370604199,0.515413230048604,0.515413230048604,0.00818554554969497,0.0265094073651182,0.0265094073651182,-8.83498926443386e-05,-0.00212039742285345,-0.0209199709264601,-0.0344157984532386,0,0,-0.0574561668025522,-0.010027992862796,1,0,0,0,0,1,1139,0,0,0,0,0,0,1.45188888101e-06,0.0272059880189334,-0.010026540973915,0,1,0,1
1.139,0.523598775598299,0.525423360268476,-0.0162085015319646,0.00879741341053811,0.516683647303694,0.516683647303694,0.00691512829460494,0.0227124771666818,0.0227124771666818,-0.000217158492591844,-0.00521180382070326,-0.00958003405745517,-0.035283028825622,0,0,-0.0500748667037805,-0.00873971296478249,1,0,0,0,0,1,1140,0,0,0,0,0,0,-6.4088181510602e-06,0.0234053381706306,-0.00874612178293355,0,1,0,1
1.14,0.523598775598299,0.525409925162152,-0.0102907581464524,0.0129944196964258,0.522695964896959,0.522695964896959,0.000902810701339352,0.00622918915857418,0.00622918915857418,-0.00022825356391083,-0.00547808553228223,0.00695288237143583,-0.017024643735327,0,0,-0.0155498468961734,-0.00271396026519246,1,0,0,0,0,1,1141,0,0,0,0,0,0,-9.89504515824802e-06,0.00691834968115455,-0.00272385531035069,0,1,0,1
1.141,0.523598775598299,0.525402827548052,-0.00415335192593317,0.0101938119810624,0.530185756734046,0.530185756734046,-0.00658698113574685,-0.0140034980643972,-0.0140034980643972,-0.000115620881784408,-0.00277490116202663,0.0197169002953086,0.0104621664734585,0,0,0.0274041656067405,0.00478292918599411,1,0,0,0,0,1,1142,0,0,0,0,0,0,-7.0965662137823e-06,-0.013318018947335,0.00477583261978032,0,1,0,1
1.142,0.523598775598299,0.525400570298572,-0.0010949785060028,0.00191346301039758,0.535087741211301,0.535087741211301,-0.0114889656130026,-0.0270162260941389,-0.0270162260941389,5.96855729195843e-05,0.00143245374965748,0.0217931211191173,0.0322778260033534,0,0,0.0555034008721282,0.00968717091272929,1,0,0,0,0,1,1143,0,0,0,0,0,0,4.89760103250525e-07,-0.0263344093990016,0.00968766067283255,0,1,0,1
1.143,0.523598775598299,0.525399060597105,-0.00274544700946117,-0.00735838950630998,0.534739418778808,0.534739418778808,-0.0111406431805093,-0.0257533171983647,-0.0257533171983647,0.000202638702120484,0.00486332884949099,0.0120561028835551,0.0365968785621631,0,0,0.0535163102952092,0.0093403581817034,1,0,0,0,0,1,1144,0,0,0,0,0,0,8.77138493526886e-06,-0.0250751440334255,0.00934912956663869,0,1,0,1
1.144,0.523598775598299,0.525393828359395,-0.00818222041552516,-0.0125960493708484,0.529324313613346,0.529324313613346,-0.00572553801504749,-0.010897394319349,-0.010897394319349,0.000235748940174882,0.00565797456256767,-0.00421607957696621,0.0210781266633822,0,0,0.0225200216489837,0.00393048525395168,1,0,0,0,0,1,1145,0,0,0,0,0,0,1.32784905109151e-05,-0.0102228458843577,0.00394376374446259,0,1,0,1
1.145,0.523598775598299,0.525382449158454,-0.0144304876977388,-0.0109606045939337,0.521772491858098,0.521772491858098,0.00182628374020066,0.00950064343343663,0.00950064343343663,0.000141068460550194,0.00338564305222959,-0.0182028823681939,-0.00586629243731901,0,0,-0.0206835317532833,-0.00360995730035589,1,0,0,0,0,1,1146,0,0,0,0,0,0,1.15869150631998e-05,0.010171585847642,-0.00359837038529265,0,1,0,1
1.146,0.523598775598299,0.525365858275688,-0.0180756972545017,-0.00333879584131663,0.516172281785155,0.516172281785155,0.00742649381314398,0.0243857132965893,0.0243857132965893,-3.00799760554553e-05,-0.000721919425123015,-0.0223225807731466,-0.0296308129555568,0,0,-0.0526753131538264,-0.00919357649053349,1,0,0,0,0,1,1147,0,0,0,0,0,0,4.63220396107467e-06,0.0250530683084691,-0.00918894428657246,0,1,0,1
1.147,0.523598775598299,0.525347843580063,-0.0171144573339723,0.00613765262622705,0.515554143209624,0.515554143209624,0.00804463238867503,0.0256910974040549,0.0256910974040549,-0.000184923178266192,-0.00443815627711042,-0.0143420397652147,-0.0373335736618634,0,0,-0.0561137697041885,-0.00979370037043934,1,0,0,0,0,1,1148,0,0,0,0,0,0,-3.79751111911908e-06,0.0263548835417543,-0.00979749788155848,0,1,0,1
1.148,0.523598775598299,0.52533299212661,-0.0120404992877798,0.0123316867288319,0.520247967984313,0.520247967984313,0.0033508076139861,0.0127111100583261,0.0127111100583261,-0.000239526414822784,-0.00574863395409121,0.00141278668900458,-0.0247991949424925,0,0,-0.0291350422075791,-0.00508502414229772,1,0,0,0,0,1,1149,0,0,0,0,0,0,-9.11491368194017e-06,0.0133713457600607,-0.00509413905597966,0,1,0,1
1.149,0.523598775598299,0.525324203546718,-0.00557704343086026,0.0118855281854386,0.527704257778325,0.527704257778325,-0.00410548218002627,-0.00751637630317543,-0.00751637630317543,-0.000164291305422884,-0.00394299132901362,0.0164017941122582,0.00117790346509084,0,0,0.0136367062483354,0.00238005423160736,1,0,0,0,0,1,1150,0,0,0,0,0,0,-8.42011211843463e-06,-0.00685967268873729,0.00237163411948893,0,1,0,1
1.15,0.523598775598299,0.525321118128671,-0.00120064200389642,0.00504080100822453,0.525321118128671,0.525321118128671,-0.00172234253037218,-0.00103137754215345,-0.00103137754215345,0,0,0,0,0,0,0,0,0,0,0,0,0,1,1151,0,0,0,0,0,0,-2.07255915896098e-06,-0.000378187755506211,-2.07255915896098e-06,0,0,1,0
1.151,0.523598775598299,0.525321039102189,0.000843083943583618,0.00279147290195527,0.525321039102189,0.525321039102189,-0.00172226350388982,-0.00103785045001345,-0.00103785045001345,0,0,0,0,0,0,0,0,0,0,0,0,0,1,1152,0,0,0,0,0,0,7.23123266688219e-06,-0.000388156320434617,7.23123266688219e-06,0,0,1,0
1.152,0.523598775598299,0.525322484226343,0.00192021203906637,0.00135980638858216,0.525322484226343,0.525322484226343,-0.00172370862804416,-0.00104848792174094,-0.00104848792174094,0,0,0,0,0,0,0,0,0,0,0,0,0,1,1153,0,0,0,0,0,0,1.80092789555664e-05,-0.000402271366908775,1.80092789555664e-05,0,0,1,0
1.153,0.523598775598299,0.525324676210386,0.00238330143127806,0.000452172087101539,0.525324676210386,0.525324676210386,-0.00172590061208688,-0.0010611453763224,-0.0010611453763224,0,0,0,0,0,0,0,0,0,0,0,0,0,1,1154,0,0,0,0,0,0,2.94845442612157e-05,-0.000418388401938086,2.94845442612157e-05,0,0,1,0
1.154,0.523598775598299,0.525327122345831,0.00245832008477817,-0.000119546867093868,0.525327122345831,0.525327122345831,-0.00172834674753219,-0.00107447233512184,-0.00107447233512184,0,0,0,0,0,0,0,0,0,0,0,0,0,1,1155,0,0,0,0,0,0,4.11645741831279e-05,-0.000435157034530935,4.11645741831279e-05,0,0,1,0
1.155,0.523598775598299,0.525329512341004,0.0022901310244215,-0.000475879489449076,0.525329512341004,0.525329512341004,-0.00173073674270485,-0.00108762679084928,-0.00108762679084928,0,0,0,0,0,0,0,0,0,0,0,0,0,1,1156,0,0,0,0,0,0,5.27393299185608e-05,-0.000451735344663731,5.27393299185608e-05,0,0,1,0
1.156,0.523598775598299,0.525331652862469,0.00197162946469971,-0.000694059801816114,0.525331652862469,0.525331652862469,-0.00173287726417037,-0.0011000922167766,-0.0011000922167766,0,0,0,0,0,0,0,0,0,0,0,0,0,1,1157,0,0,0,0,0,0,6.40157296987187e-05,-0.000467606892500153,6.40157296987187e-05,0,0,1,0
1.157,0.523598775598299,0.525333425589923,0.00156240742016463,-0.000823587763451928,0.525333425589923,0.525333425589923,-0.00173464999162454,-0.00111156032459748,-0.00111156032459748,0,0,0,0,0,0,0,0,0,0,0,0,0,1,1158,0,0,0,0,0,0,7.48757036823644e-05,-0.00048246347624981,7.48757036823644e-05,0,0,1,0
1.158,0.523598775598299,0.525334760333416,0.00110071007969768,-0.000896196924726487,0.525334760333416,0.525334760333416,-0.00173598473511705,-0.00112185593976776,-0.00112185593976776,0,0,0,0,0,0,0,0,0,0,0,0,0,1,1159,0,0,0,0,0,0,8.52493111851427e-05,-0.000496130007511811,8.52493111851427e-05,0,0,1,0
1.159,0.523598775598299,0.525335617799487,0.000611095174419875,-0.00093223927978687,0.525335617799487,0.525335617799487,-0.00173684220118775,-0.00113088885720926,-0.00113088885720926,0,0,0,0,0,0,0,0,0,0,0,0,0,1,1160,0,0,0,0,0,0,9.50975068202409e-05,-0.000508516366978302,9.50975068202409e-05,0,0,1,0
1.16,0.523598775598299,0.525335978538607,0.000109339864184352,-0.000944775138784034,0.525335978538607,0.525335978538607,-0.0017372029403081,-0.00113862298115884,-0.00113862298115884,0,0,0,0,0,0,0,0,0,0,0,0,0,1,1161,0,0,0,0,0,0,0.000104401087944961,-0.000519586544285218,0.000104401087944961,0,0,1,0
1.161,0.523598775598299,0.525335835852722,-0.00039441550452308,-0.000942192939559319,0.525335835852722,0.525335835852722,-0.001737060254423,-0.00114505653814582,-0.00114505653814582,0,0,0,0,0,0,0,0,0,0,0,0,0,1,1162,0,0,0,0,0,0,0.000113153602207205,-0.00052933885099019,0.000113153602207205,0,0,1,0
1.162,0.523598775598299,0.525335191240073,-0.000893653034703156,-0.000929887405309362,0.525335191240073,0.525335191240073,-0.00173641564177429,-0.00115020938453631,-0.00115020938453631,0,0,0,0,0,0,0,0,0,0,0,0,0,1,1163,0,0,0,0,0,0,0.000121356792374572,-0.000537793228119796,0.000121356792374572,0,0,1,0
1.163,0.523598775598299,0.5253340514659,-0.00138418636743285,-0.000911334521610425,0.5253340514659,0.5253340514659,-0.00173527586760081,-0.0011541148601036,-0.0011541148601036,0,0,0,0,0,0,0,0,0,0,0,0,0,1,1164,0,0,0,0,0,0,0.000129017667038434,-0.000544983099738998,0.000129017667038434,0,0,1,0
1.164,0.523598775598299,0.525332426675194,-0.00186333319530457,-0.000888780143559522,0.525332426675194,0.525332426675194,-0.00173365107689505,-0.00115681455508412,-0.00115681455508412,0,0,0,0,0,0,0,0,0,0,0,0,0,1,1165,0,0,0,0,0,0,0.00013614661337602,-0.000550950140009508,0.00013614661337602,0,0,1,0
1.165,0.523598775598299,0.525330329173534,-0.00232938463895785,-0.000863681112185092,0.525330329173534,0.525330329173534,-0.00173155357523491,-0.00115835494493194,-0.00115835494493194,0,0,0,0,0,0,0,0,0,0,0,0,0,1,1166,0,0,0,0,0,0,0.000142756177986758,-0.000555740907944914,0.000142756177986758,0,0,1,0
1.166,0.523598775598299,0.525327772636418,-0.00278126479493967,-0.000836987839801433,0.525327772636418,0.525327772636418,-0.00172899703811913,-0.00115878522282839,-0.00115878522282839,0,0,0,0,0,0,0,0,0,0,0,0,0,1,1167,0,0,0,0,0,0,0.000148860276232732,-0.000559404679921848,0.000148860276232732,0,0,1,0
1.167,0.523598775598299,0.525324771593634,-0.00321831211312056,-0.000809325347809549,0.525324771593634,0.525324771593634,-0.00172599599533518,-0.00115815590075946,-0.00115815590075946,0,0,0,0,0,0,0,0,0,0,0,0,0,1,1168,0,0,0,0,0,0,0.000154473676611366,-0.000561992050758432,0.000154473676611366,0,0,1,0
1.168,0.523598775598299,0.525321341090335,-0.00364013882713924,-0.000781109257953551,0.525321341090335,0.525321341090335,-0.00172256549203642,-0.001156517904183,-0.001156517904183,0,0,0,0,0,0,0,0,0,0,0,0,0,1,1169,0,0,0,0,0,0,0.000159611661837089,-0.000563554028381863,0.000159611661837089,0,0,1,0
1.169,0.523598775598299,0.525317496461834,-0.00404654039670936,-0.0007526201178783,0.525317496461834,0.525317496461834,-0.00171872086353519,-0.00115392198410063,-0.00115392198410063,0,0,0,0,0,0,0,0,0,0,0,0,0,1,1170,0,0,0,0,0,0,0.000164289803639805,-0.000564141445902921,0.000164289803639805,0,0,1,0
1.17,0.523598775598299,0.525313253181744,-0.00443743699995496,-0.00072405103765281,0.525313253181744,0.525313253181744,-0.00171447758344478,-0.00115041833361967,-0.00115041833361967,0,0,0,0,0,0,0,0,0,0,0,0,0,1,1171,0,0,0,0,0,0,0.000168523810911148,-0.000563804578177807,0.000168523810911148,0,0,1,0
1.171,0.523598775598299,0.525308626757596,-0.00481283557028142,-0.000695538230583775,0.525308626757596,0.525308626757596,-0.00170985115929678,-0.00114605633662167,-0.00114605633662167,0,0,0,0,0,0,0,0,0,0,0,0,0,1,1172,0,0,0,0,0,0,0.000172329425326967,-0.000562592890478749,0.000172329425326967,0,0,1,0
1.172,0.523598775598299,0.525303632657348,-0.00517280500790067,-0.000667180603319868,0.525303632657348,0.525303632657348,-0.00170485705904966,-0.00114088440213095,-0.00114088440213095,0,0,0,0,0,0,0,0,0,0,0,0,0,1,1173,0,0,0,0,0,0,0.000175722347860452,-0.000560554872863035,0.000175722347860452,0,0,1,0
1.173,0.523598775598299,0.525298286256146,-0.00551745984519164,-0.000639052331412806,0.525298286256146,0.525298286256146,-0.00169951065784735,-0.00113494985459765,-0.00113494985459765,0,0,0,0,0,0,0,0,0,0,0,0,0,1,1174,0,0,0,0,0,0,0.00017871818554549,-0.000557737930457379,0.00017871818554549,0,0,1,0
1.174,0.523598775598299,0.525292602796497,-0.0058469493419222,-0.000611210941619822,0.525292602796497,0.525292602796497,-0.00169382719819777,-0.00112829886096967,-0.00112829886096967,0,0,0,0,0,0,0,0,0,0,0,0,0,1,1175,0,0,0,0,0,0,0.000181332411660073,-0.000554188310531363,0.000181332411660073,0,0,1,0
1.175,0.523598775598299,0.525286597357482,-0.00616145007325823,-0.000583702515926684,0.525286597357482,0.525286597357482,-0.00168782175918314,-0.00112097638225807,-0.00112097638225807,0,0,0,0,0,0,0,0,0,0,0,0,0,1,1176,0,0,0,0,0,0,0.000183580334941147,-0.000549951054063534,0.000183580334941147,0,0,1,0
1.176,0.523598775598299,0.525280284830172,-0.00646116076968265,-0.000556565051735676,0.525280284830172,0.525280284830172,-0.00168150923187294,-0.00111302614166333,-0.00111302614166333,0,0,0,0,0,0,0,0,0,0,0,0,0,1,1177,0,0,0,0,0,0,0.000185477075002272,-0.000545069963868711,0.000185477075002272,0,0,1,0
1.177,0.523598775598299,0.525273679897416,-0.00674629861387928,-0.000529830640797312,0.525273679897416,0.525273679897416,-0.00167490429911754,-0.00110449060414756,-0.00110449060414756,0,0,0,0,0,0,0,0,0,0,0,0,0,1,1178,0,0,0,0,0,0,0.000187037542132229,-0.000539587584172116,0.000187037542132229,0,0,1,0
1.178,0.523598775598299,0.525266797016835,-0.0070170964852608,-0.000503526891271348,0.525266797016835,0.525266797016835,-0.0016680214185365,-0.00109541096411929,-0.00109541096411929,0,0,0,0,0,0,0,0,0,0,0,0,0,1,1179,0,0,0,0,0,0,0.000188276420287958,-0.000533545188295321,0.000188276420287958,0,0,1,0
1.179,0.523598775598299,0.52525965040623,-0.00727380082576069,-0.000477677864724312,0.52525965040623,0.52525965040623,-0.00166087480793076,-0.00108582713906087,-0.00108582713906087,0,0,0,0,0,0,0,0,0,0,0,0,0,1,1180,0,0,0,0,0,0,0.000189208152510889,-0.000526982772283212,0.000189208152510889,0,0,1,0
1.18,0.523598775598299,0.525252254030908,-0.00751666991767521,-0.000452304702141784,0.525252254030908,0.525252254030908,-0.0016534784326091,-0.00107577776766024,-0.00107577776766024,0,0,0,0,0,0,0,0,0,0,0,0,0,1,1181,0,0,0,0,0,0,0.000189846928258852,-0.000519939053039131,0.000189846928258852,0,0,1,0
1.181,0.523598775598299,0.525244621592588,-0.00774597243937758,-0.000427426050432843,0.525244621592588,0.525244621592588,-0.00164584599428874,-0.00106530021148564,-0.00106530021148564,0,0,0,0,0,0,0,0,0,0,0,0,0,1,1182,0,0,0,0,0,0,0.000190206672310622,-0.000512451469998875,0.000190206672310622,0,0,1,0
1.182,0.523598775598299,0.525236766519638,-0.00796198621277642,-0.000403058360807429,0.525236766519638,0.525236766519638,-0.00163799092133898,-0.00105443055954844,-0.00105443055954844,0,0,0,0,0,0,0,0,0,0,0,0,0,1,1183,0,0,0,0,0,0,0.000190301035014717,-0.000504556189696075,0.000190301035014717,0,0,1,0
1.183,0.523598775598299,0.525228701958504,-0.00816499708715566,-0.000379216104726019,0.525228701958504,0.525228701958504,-0.00162992636020531,-0.0010432036352927,-0.0010432036352927,0,0,0,0,0,0,0,0,0,0,0,0,0,1,1184,0,0,0,0,0,0,0.000190143383717922,-0.000496288112752398,0.000190143383717922,0,0,1,0
1.184,0.523598775598299,0.525220440766196,-0.0083552979237278,-0.000355911936671347,0.525220440766196,0.525220440766196,-0.00162166516789686,-0.00103165300567929,-0.00103165300567929,0,0,0,0,0,0,0,0,0,0,0,0,0,1,1185,0,0,0,0,0,0,0.000189746795257184,-0.000487680882962345,0.000189746795257184,0,0,1,0
1.185,0.523598775598299,0.525211995503748,-0.00853318765783606,-0.000333156822457701,0.525211995503748,0.525211995503748,-0.00161321990544938,-0.00101981099211569,-0.00101981099211569,0,0,0,0,0,0,0,0,0,0,0,0,0,1,1186,0,0,0,0,0,0,0.000189124049427614,-0.000478766898225401,0.000189124049427614,0,0,1,0
1.186,0.523598775598299,0.525203378430592,-0.00869897042380433,-0.000310960145047641,0.525203378430592,0.525203378430592,-0.00160460283229347,-0.00100770868303361,-0.00100770868303361,0,0,0,0,0,0,0,0,0,0,0,0,0,1,1187,0,0,0,0,0,0,0.000188287623354544,-0.000469577323122852,0.000188287623354544,0,0,1,0
1.187,0.523598775598299,0.525194601499769,-0.00885295473258903,-0.000289329795525582,0.525194601499769,0.525194601499769,-0.00159582590147056,-0.000995375947954018,-0.000995375947954018,0,0,0,0,0,0,0,0,0,0,0,0,0,1,1188,0,0,0,0,0,0,0.00018724968671513,-0.000460142102986697,0.00018724968671513,0,0,1,0
1.188,0.523598775598299,0.525185676353947,-0.00899545269568095,-0.000268272254112708,0.525185676353947,0.525185676353947,-0.00158690075564816,-0.000982841452905066,-0.000982841452905066,0,0,0,0,0,0,0,0,0,0,0,0,0,1,1189,0,0,0,0,0,0,0.000186022097757199,-0.00045048997931633,0.000186022097757199,0,0,1,0
1.189,0.523598775598299,0.525176614322189,-0.00912677929080712,-0.000247792664338497,0.525176614322189,0.525176614322189,-0.00157783872388984,-0.000970132677072032,-0.000970132677072032,0,0,0,0,0,0,0,0,0,0,0,0,0,1,1190,0,0,0,0,0,0,0.000184616400074278,-0.000440648506430872,0.000184616400074278,0,0,1,0
1.19,0.523598775598299,0.525167426417439,-0.00924725166632263,-0.00022789490235164,0.525167426417439,0.525167426417439,-0.00156865081913982,-0.000957275930570881,-0.000957275930570881,0,0,0,0,0,0,0,0,0,0,0,0,0,1,1191,0,0,0,0,0,0,0.000183043820094486,-0.000430644069243382,0.000183043820094486,0,0,1,0
1.191,0.523598775598299,0.525158123334684,-0.00935718848203434,-0.00020858164262936,0.525158123334684,0.525158123334684,-0.00155934773638489,-0.000944296373247069,-0.000944296373247069,0,0,0,0,0,0,0,0,0,0,0,0,0,1,1192,0,0,0,0,0,0,0.000181315265247006,-0.000420501902060934,0.000181315265247006,0,0,1,0
1.192,0.523598775598299,0.525148715449757,-0.00945690928473911,-0.00018985442088237,0.525148715449757,0.525148715449757,-0.00154993985145813,-0.000931218034406896,-0.000931218034406896,0,0,0,0,0,0,0,0,0,0,0,0,0,1,1193,0,0,0,0,0,0,0.00017944132277059,-0.000410246108317882,0.00017944132277059,0,0,1,0
1.193,0.523598775598299,0.525139212818749,-0.009546733917101,-0.00017171369465799,0.525139212818749,0.525139212818749,-0.00154043722045005,-0.0009180638333931,-0.0009180638333931,0,0,0,0,0,0,0,0,0,0,0,0,0,1,1194,0,0,0,0,0,0,0.000177432259128696,-0.000399899681151305,0.000177432259128696,0,0,1,0
1.194,0.523598775598299,0.525129625177994,-0.00962698195870676,-0.000154158901956102,0.525129625177994,0.525129625177994,-0.00153084957969507,-0.000904855600923704,-0.000904855600923704,0,0,0,0,0,0,0,0,0,0,0,0,0,1,1195,0,0,0,0,0,0,0.000175298020000825,-0.000389484524742133,0.000175298020000825,0,0,1,0
1.195,0.523598775598299,0.5251199619446,-0.00969797219827403,-0.000137188518054449,0.5251199619446,0.5251199619446,-0.00152118634630072,-0.000891614101113043,-0.000891614101113043,0,0,0,0,0,0,0,0,0,0,0,0,0,1,1196,0,0,0,0,0,0,0.000173048230815764,-0.000379021476336107,0.000173048230815764,0,0,1,0
1.196,0.523598775598299,0.525110232217489,-0.00976002213606998,-0.000120800110663963,0.525110232217489,0.525110232217489,-0.00151145661918972,-0.000878359054101757,-0.000878359054101757,0,0,0,0,0,0,0,0,0,0,0,0,0,1,1197,0,0,0,0,0,0,0.000170692197798861,-0.000368530328877029,0.000170692197798861,0,0,1,0
1.197,0.523598775598299,0.525100444778924,-0.00981344751565031,-0.000104990393488717,0.525100444778924,0.525100444778924,-0.00150166918062555,-0.00086510915922521,-0.00086510915922521,0,0,0,0,0,0,0,0,0,0,0,0,0,1,1198,0,0,0,0,0,0,0.000168238909501017,-0.000358029854173665,0.000168238909501017,0,0,1,0
1.198,0.523598775598299,0.52509060809649,-0.00985856188406033,-8.97552782363884e-05,0.52509060809649,0.52509060809649,-0.00149183249819074,-0.000851882118646756,-0.000851882118646756,0,0,0,0,0,0,0,0,0,0,0,0,0,1,1199,0,0,0,0,0,0,0.000165697038782109,-0.000347537826536065,0.000165697038782109,0,0,1,0
1.199,0.523598775598299,0.525080730325491,-0.00989567617965955,-7.50899251057975e-05,0.525080730325491,0.525080730325491,-0.00148195472719226,-0.000838694661396836,-0.000838694661396836,0,0,0,0,0,0,0,0,0,0,0,0,0,1,1200,0,0,0,0,0,0,0.00016307494522072,-0.000337071046815617,0.00016307494522072,0,0,1,0
1.2,0.523598775598299,0.525070819311763,-0.00992509834674371,-6.0988791770327e-05,0.525070819311763,0.525070819311763,-0.00147204371346465,-0.000825562567749387,-0.000825562567749387,0,0,0,0,0,0,0,0,0,0,0,0,0,1,1201,0,0,0,0,0,0,0.000160380677921457,-0.000326645366782156,0.000160380677921457,0,0,1,0
1.201,0.523598775598299,0.525060882594845,-0.0099471329761463,-4.74456808679659e-05,0.525060882594845,0.525060882594845,-0.00146210699654614,-0.000812500693880605,-0.000812500693880605,0,0,0,0,0,0,0,0,0,0,0,0,0,1,1202,0,0,0,0,0,0,0.000157621978695177,-0.000316275713783186,0.000157621978695177,0,0,1,0
1.202,0.523598775598299,0.5250509274115,-0.00996208097100777,-3.44537860078748e-05,0.5250509274115,0.5250509274115,-0.00145215181320146,-0.000799522996751191,-0.000799522996751191,0,0,0,0,0,0,0,0,0,0,0,0,0,1,1203,0,0,0,0,0,0,0.000154806285586839,-0.000305976115628997,0.000154806285586839,0,0,1,0
1.203,0.523598775598299,0.525040960699565,-0.00997023923690599,-2.20057363014477e-05,0.525040960699565,0.525040960699565,-0.00144218510126592,-0.000786642559155864,-0.000786642559155864,0,0,0,0,0,0,0,0,0,0,0,0,0,1,1204,0,0,0,0,0,0,0.000151940736723311,-0.000295759725641798,0.000151940736723311,0,0,1,0
1.204,0.523598775598299,0.525030989102087,-0.00997190039554595,-1.00936394253784e-05,0.525030989102087,0.525030989102087,-0.00143221350378842,-0.00077387161489339,-0.00077387161489339,0,0,0,0,0,0,0,0,0,0,0,0,0,1,1205,0,0,0,0,0,0,0.000149032174461272,-0.000285638847828398,0.000149032174461272,0,0,1,0
1.205,0.523598775598299,0.525021018971748,-0.00996735252121212,1.29087677316013e-06,0.525021018971748,0.525021018971748,-0.00142224337344932,-0.000761221574005742,-0.000761221574005742,0,0,0,0,0,0,0,0,0,0,0,0,0,1,1206,0,0,0,0,0,0,0.000146087149808793,-0.000275624962118754,0.000146087149808793,0,0,1,0
1.206,0.523598775598299,0.525011056375528,-0.00995687889919297,1.21566241191336e-05,0.525011056375528,0.525011056375528,-0.00141228077722955,-0.000748703048036284,-0.000748703048036284,0,0,0,0,0,0,0,0,0,0,0,0,0,1,1207,0,0,0,0,0,0,0.00014311192709926,-0.000265728749626879,0.00014311192709926,0,0,1,0
1.207,0.523598775598299,0.525001107099611,-0.00994075780539267,2.25128153897213e-05,0.525001107099611,0.525001107099611,-0.00140233150131219,-0.000736325875271333,-0.000736325875271333,0,0,0,0,0,0,0,0,0,0,0,0,0,1,1208,0,0,0,0,0,0,0.000140112488896893,-0.000255960117892479,0.000140112488896893,0,0,1,0
1.208,0.523598775598299,0.524991176654492,-0.00991926230635299,3.23690270169262e-05,0.524991176654492,0.524991176654492,-0.00139240105619354,-0.000724099145917152,-0.000724099145917152,0,0,0,0,0,0,0,0,0,0,0,0,0,1,1209,0,0,0,0,0,0,0.000137094541112215,-0.000246328226059533,0.000137094541112215,0,0,1,0
1.209,0.523598775598299,0.524981270280283,-0.00989266007891594,4.17351631990818e-05,0.524981270280283,0.524981270280283,-0.0013824946819837,-0.00071203122717397,-0.00071203122717397,0,0,0,0,0,0,0,0,0,0,0,0,0,1,1210,0,0,0,0,0,0,0.000134063518306915,-0.000236841509951359,0.000134063518306915,0,0,1,0
1.21,0.523598775598299,0.524971392952178,-0.00986121324876647,5.06214214055725e-05,0.524971392952178,0.524971392952178,-0.00137261735387906,-0.000700129788174014,-0.000700129788174014,0,0,0,0,0,0,0,0,0,0,0,0,0,1,1211,0,0,0,0,0,0,0.000131024589170581,-0.000227507707010016,0.000131024589170581,0,0,1,0
1.211,0.523598775598299,0.524961549386085,-0.00982517824710408,5.9038259256354e-05,0.524961549386085,0.524961549386085,-0.0013627737877866,-0.000688401824745517,-0.000688401824745517,0,0,0,0,0,0,0,0,0,0,0,0,0,1,1212,0,0,0,0,0,0,0.000127982662149306,-0.000218333881061423,0.000127982662149306,0,0,1,0
1.212,0.523598775598299,0.524951744044381,-0.00978480568470237,6.6996362758006e-05,0.524951744044381,0.524951744044381,-0.00135296844608224,-0.000676853683969449,-0.000676853683969449,0,0,0,0,0,0,0,0,0,0,0,0,0,1,1213,0,0,0,0,0,0,0.000124942391208083,-0.000209326446872929,0.000124942391208083,0,0,1,0
1.213,0.523598775598299,0.524941981141787,-0.00974034024262644,7.45066158769019e-05,0.524941981141787,0.524941981141787,-0.00134320554348799,-0.000665491088504102,-0.000665491088504102,0,0,0,0,0,0,0,0,0,0,0,0,0,1,1214,0,0,0,0,0,0,0.000121908181712316,-0.000200491194479393,0.000121908181712316,0,0,1,0
1.214,0.523598775598299,0.524932264651348,-0.00969202057888948,8.15800714269696e-05,0.524932264651348,0.524932264651348,-0.00133348905304886,-0.000654319160641456,-0.000654319160641456,0,0,0,0,0,0,0,0,0,0,0,0,0,1,1215,0,0,0,0,0,0,0.000118884196408708,-0.000191833313240158,0.000118884196408708,0,0,1,0
1.215,0.523598775598299,0.524922598310496,-0.00964007925034192,8.82279232514803e-05,0.524922598310496,0.524922598310496,-0.00132382271219689,-0.000643342446077209,-0.000643342446077209,0,0,0,0,0,0,0,0,0,0,0,0,0,1,1216,0,0,0,0,0,0,0.000115874361493851,-0.000183357415611245,0.000115874361493851,0,0,1,0
1.216,0.523598775598299,0.524912985627184,-0.00958474264909944,9.44614796740989e-05,0.524912985627184,0.524912985627184,-0.00131421002888477,-0.00063256493736296,-0.00063256493736296,0,0,0,0,0,0,0,0,0,0,0,0,0,1,1217,0,0,0,0,0,0,0.000112882372751533,-0.000175067560597322,0.000112882372751533,0,0,1,0
1.217,0.523598775598299,0.524903429886076,-0.00952623095282874,0.000100292138196436,0.524903429886076,0.524903429886076,-0.00130465428777704,-0.000621990097023662,-0.000621990097023662,0,0,0,0,0,0,0,0,0,0,0,0,0,1,1218,0,0,0,0,0,0,0.000109911701748566,-0.00016696727687169,0.000109911701748566,0,0,1,0
1.218,0.523598775598299,0.524893934154782,-0.00946475808822398,0.000105731361416251,0.524893934154782,0.524893934154782,-0.00129515855648343,-0.000611620880314764,-0.000611620880314764,0,0,0,0,0,0,0,0,0,0,0,0,0,1,1219,0,0,0,0,0,0,0.000106965602071574,-0.000159059585532689,0.000106965602071574,0,0,1,0
1.219,0.523598775598299,0.524884501290122,-0.00940053170702031,0.000110790654141684,0.524884501290122,0.524884501290122,-0.00128572569182284,-0.00060145975760362,-0.00060145975760362,0,0,0,0,0,0,0,0,0,0,0,0,0,1,1220,0,0,0,0,0,0,0.000104047115596084,-0.000151347022488914,0.000104047115596084,0,0,1,0
1.22,0.523598775598299,0.524875133944405,-0.0093337531739054,0.000115481541674744,0.524875133944405,0.524875133944405,-0.00127635834610573,-0.000591508736357811,-0.000591508736357811,0,0,0,0,0,0,0,0,0,0,0,0,0,1,1221,0,0,0,0,0,0,0.000101159078772173,-0.00014383166044626,0.000101159078772173,0,0,1,0
1.221,0.523598775598299,0.524865834571721,-0.00926461756570439,0.000119815549236984,0.524865834571721,0.524865834571721,-0.00126705897342216,-0.000581769382721151,-0.000581769382721151,0,0,0,0,0,0,0,0,0,0,0,0,0,1,1222,0,0,0,0,0,0,9.83041289169817e-05,-0.000136515130486315,9.83041289169817e-05,0,0,1,0
1.222,0.523598775598299,0.524856605434224,-0.0091933136812287,0.000123804182511033,0.524856605434224,0.524856605434224,-0.00125782983592548,-0.000572242842666462,-0.000572242842666462,0,0,0,0,0,0,0,0,0,0,0,0,0,1,1223,0,0,0,0,0,0,9.54847105023582e-05,-0.000129398643219739,9.54847105023582e-05,0,0,1,0
1.223,0.523598775598299,0.5248474486084,-0.00912002406119371,0.000127458909269871,0.5248474486084,0.5248474486084,-0.00124867301010168,-0.000562929862712788,-0.000562929862712788,0,0,0,0,0,0,0,0,0,0,0,0,0,1,1224,0,0,0,0,0,0,9.27030814283913e-05,-0.000122483009505028,9.27030814283913e-05,0,0,1,0
1.224,0.523598775598299,0.524838365991312,-0.00904492501762618,0.00013079114206548,0.524838365991312,0.524838365991312,-0.00123959039301302,-0.000553830810191908,-0.000553830810191908,0,0,0,0,0,0,0,0,0,0,0,0,0,1,1225,0,0,0,0,0,0,8.99613192709703e-05,-0.000115768660715706,8.99613192709703e-05,0,0,1,0
1.225,0.523598775598299,0.524829359306807,-0.00896818667219721,0.000133812221949588,0.524829359306807,0.524829359306807,-0.00123058370850859,-0.00054494569305872,-0.00054494569305872,0,0,0,0,0,0,0,0,0,0,0,0,0,1,1226,0,0,0,0,0,0,8.72613274963685e-05,-0.00010925566855203,8.72613274963685e-05,0,0,1,0
1.226,0.523598775598299,0.52482043011169,-0.00888997300293226,0.000136533403197243,0.52482043011169,0.52482043011169,-0.00122165451339162,-0.000536274179233571,-0.000536274179233571,0,0,0,0,0,0,0,0,0,0,0,0,0,1,1227,0,0,0,0,0,0,8.46048416326406e-05,-0.000102943764384377,8.46048416326406e-05,0,0,1,0
1.227,0.523598775598299,0.524811579801836,-0.00881044189876521,0.000138965839005169,0.524811579801836,0.524811579801836,-0.00121280420353731,-0.000527815615473385,-0.000527815615473385,0,0,0,0,0,0,0,0,0,0,0,0,0,1,1228,0,0,0,0,0,0,8.19934353917251e-05,-9.68323581263578e-05,8.19934353917251e-05,0,0,1,0
1.228,0.523598775598299,0.524802809618249,-0.00872974522141943,0.000141120568135211,0.524802809618249,0.524802809618249,-0.00120403401995051,-0.000519569045757755,-0.000519569045757755,0,0,0,0,0,0,0,0,0,0,0,0,0,1,1229,0,0,0,0,0,0,7.94285267305961e-05,-9.09205566205344e-05,7.94285267305961e-05,0,0,1,0
1.229,0.523598775598299,0.524794120653059,-0.00864802887411408,0.000143008502475973,0.524794120653059,0.524794120653059,-0.00119534505475971,-0.000511533229194212,-0.000511533229194212,0,0,0,0,0,0,0,0,0,0,0,0,0,1,1230,0,0,0,0,0,0,7.6911383849354e-05,-8.52071815451573e-05,7.6911383849354e-05,0,0,1,0
1.23,0.523598775598299,0.524785513855437,-0.00856543287660965,0.000144640415492119,0.524785513855437,0.524785513855437,-0.00118673825713866,-0.000503706657433121,-0.000503706657433121,0,0,0,0,0,0,0,0,0,0,0,0,0,1,1231,0,0,0,0,0,0,7.44431311173743e-05,-7.96907868317585e-05,7.44431311173743e-05,0,0,1,0
1.231,0.523598775598299,0.524776990037448,-0.00848209144612261,0.000146026931533358,0.524776990037448,0.524776990037448,-0.00117821443914934,-0.000496087571589031,-0.000496087571589031,0,0,0,0,0,0,0,0,0,0,0,0,0,1,1232,0,0,0,0,0,0,7.20247549194086e-05,-7.43696755853358e-05,7.20247549194086e-05,0,0,1,0
1.232,0.523598775598299,0.524768549879801,-0.00839813308365448,0.000147178515975062,0.524768549879801,0.524768549879801,-0.00116977428150222,-0.000488673978670743,-0.000488673978670743,0,0,0,0,0,0,0,0,0,0,0,0,0,1,1233,0,0,0,0,0,0,6.96571094204179e-05,-6.92419165171866e-05,6.96571094204179e-05,0,0,1,0
1.233,0.523598775598299,0.524760193937526,-0.00831368066529597,0.0001481054661611,0.524760193937526,0.524760193937526,-0.00116141833922678,-0.000481463667513947,-0.000481463667513947,0,0,0,0,0,0,0,0,0,0,0,0,0,1,1234,0,0,0,0,0,0,6.73409222397003e-05,-6.43053598779544e-05,6.73409222397003e-05,0,0,1,0
1.234,0.523598775598299,0.524751922645548,-0.00822885153808254,0.000148817903121691,0.524751922645548,0.524751922645548,-0.00115314704724956,-0.000474454224222347,-0.000474454224222347,0,0,0,0,0,0,0,0,0,0,0,0,0,1,1235,0,0,0,0,0,0,6.50768000328705e-05,-5.95576528997985e-05,6.50768000328705e-05,0,0,1,0
1.235,0.523598775598299,0.524743736324172,-0.00814375761999296,0.000149325764037001,0.524743736324172,0.524743736324172,-0.00114496072587278,-0.000467643047110577,-0.000467643047110577,0,0,0,0,0,0,0,0,0,0,0,0,0,1,1236,0,0,0,0,0,0,6.2865233974474e-05,-5.49962547406798e-05,6.2865233974474e-05,0,0,1,0
1.236,0.523598775598299,0.524735635184451,-0.00805850550369745,0.000149638795420335,0.524735635184451,0.524735635184451,-0.00113685958615217,-0.000461027361157546,-0.000461027361157546,0,0,0,0,0,0,0,0,0,0,0,0,0,1,1237,0,0,0,0,0,0,6.07066051396821e-05,-5.06184509388267e-05,6.07066051396821e-05,0,0,1,0
1.237,0.523598775598299,0.524727619333468,-0.00797319656367701,0.000149766546992187,0.524727619333468,0.524727619333468,-0.00112884373516897,-0.00045460423196862,-0.00045460423196862,0,0,0,0,0,0,0,0,0,0,0,0,0,1,1238,0,0,0,0,0,0,5.8601189780183e-05,-4.64213673760619e-05,5.8601189780183e-05,0,0,1,0
1.238,0.523598775598299,0.524719688779492,-0.00788792706635048,0.000149718366218493,0.524719688779492,0.524719688779492,-0.00112091318119323,-0.00044837057925048,-0.00044837057925048,0,0,0,0,0,0,0,0,0,0,0,0,0,1,1239,0,0,0,0,0,0,5.65491644912708e-05,-4.24019837535392e-05,5.65491644912708e-05,0,0,1,0
1.239,0.523598775598299,0.524711843437035,-0.00780278828286048,0.000149503393486299,0.524711843437035,0.524711843437035,-0.00111306783873588,-0.00044232318980307,-0.00044232318980307,0,0,0,0,0,0,0,0,0,0,0,0,0,1,1240,0,0,0,0,0,0,5.45506112676897e-05,-3.85571465846171e-05,5.45506112676897e-05,0,0,1,0
1.24,0.523598775598299,0.524704083131785,-0.00771786660418375,0.00014913055789023,0.524704083131785,0.524704083131785,-0.00110530753348637,-0.000436458730030951,-0.000436458730030951,0,0,0,0,0,0,0,0,0,0,0,0,0,1,1241,0,0,0,0,0,0,5.26055224452371e-05,-3.48835817077678e-05,5.26055224452371e-05,0,0,1,0
1.241,0.523598775598299,0.524696407605433,-0.00763324365824561,0.00014860857360423,0.524696407605433,0.524696407605433,-0.00109763200713453,-0.000430773757981483,-0.000430773757981483,0,0,0,0,0,0,0,0,0,0,0,0,0,1,1242,0,0,0,0,0,0,5.07138055265699e-05,-3.13779063260454e-05,5.07138055265699e-05,0,0,1,0
1.242,0.523598775598299,0.524688816520373,-0.00754899642873223,0.000147945936812477,0.524688816520373,0.524688816520373,-0.00109004092207432,-0.000425264734913318,-0.000425264734913318,0,0,0,0,0,0,0,0,0,0,0,0,0,1,1243,0,0,0,0,0,0,4.88752878883281e-05,-2.8036640575704e-05,4.88752878883281e-05,0,0,1,0
1.243,0.523598775598299,0.524681309464287,-0.00746519737530822,0.000147150923174635,0.524681309464287,0.524681309464287,-0.00108253386598822,-0.000419928036402596,-0.000419928036402596,0,0,0,0,0,0,0,0,0,0,0,0,0,1,1244,0,0,0,0,0,0,4.70897213695753e-05,-2.48562186340577e-05,4.70897213695753e-05,0,0,1,0
1.244,0.523598775598299,0.524673885954609,-0.00738191455496041,0.000146231585800449,0.524673885954609,0.524673885954609,-0.00107511035631036,-0.00041475996299092,-0.00041475996299092,0,0,0,0,0,0,0,0,0,0,0,0,0,1,1245,0,0,0,0,0,0,4.53567867387816e-05,-2.18329993688544e-05,4.53567867387816e-05,0,0,1,0
1.245,0.523598775598299,0.524666545442867,-0.00729921174420214,0.000145195753710046,0.524666545442867,0.524666545442867,-0.00106776984456836,-0.000409756750384893,-0.000409756750384893,0,0,0,0,0,0,0,0,0,0,0,0,0,1,1246,0,0,0,0,0,0,4.36760980393469e-05,-1.89632765386326e-05,4.36760980393469e-05,0,0,1,0
1.246,0.523598775598299,0.524659287318901,-0.00721714856188497,0.000144051030755594,0.524659287318901,0.524659287318901,-0.00106051172060262,-0.000404914579212746,-0.000404914579212746,0,0,0,0,0,0,0,0,0,0,0,0,0,1,1247,0,0,0,0,0,0,4.20472068125566e-05,-1.62432885502249e-05,4.20472068125566e-05,0,0,1,0
1.247,0.523598775598299,0.524652110914961,-0.00713578059237781,0.000142804794981288,0.524652110914961,0.524652110914961,-0.00105333531666196,-0.000400229584343927,-0.000400229584343927,0,0,0,0,0,0,0,0,0,0,0,0,0,1,1248,0,0,0,0,0,0,4.046960619708e-05,-1.36692277798401e-05,4.046960619708e-05,0,0,1,0
1.248,0.523598775598299,0.524645015509676,-0.00705515950888563,0.000141464198399566,0.524645015509676,0.524645015509676,-0.00104623991137676,-0.000395697863783498,-0.000395697863783498,0,0,0,0,0,0,0,0,0,0,0,0,0,1,1249,0,0,0,0,0,0,3.89427349057891e-05,-1.12372494684002e-05,3.89427349057891e-05,0,0,1,0
1.249,0.523598775598299,0.524638000331907,-0.00697533319669191,0.000140036167160532,0.524638000331907,0.524638000331907,-0.00103922473360829,-0.000391315487145971,-0.000391315487145971,0,0,0,0,0,0,0,0,0,0,0,0,0,1,1250,0,0,0,0,0,0,3.7465981078566e-05,-8.94348019574208e-06,3.7465981078566e-05,0,0,1,0
1.25,0.523598775598299,0.524631064564475,-0.0068963458761212,0.000138527402093533,0.524631064564475,0.524631064564475,-0.00103228896617569,-0.000387078503720105,-0.000387078503720105,0,0,0,0,0,0,0,0,0,0,0,0,0,1,1251,0,0,0,0,0,0,3.60386860134287e-05,-6.78402594792536e-06,3.60386860134287e-05,0,0,1,0
1.251,0.523598775598299,0.524624207347757,-0.00681823822502934,0.000136944379599181,0.524624207347757,0.524624207347757,-0.00102543174945857,-0.000382982950127541,-0.000382982950127541,0,0,0,0,0,0,0,0,0,0,0,0,0,1,1252,0,0,0,0,0,0,3.46601477723141e-05,-4.75497977540495e-06,3.46601477723141e-05,0,0,1,0
1.252,0.523598775598299,0.524617427783178,-0.0067410475006402,0.00013529335287275,0.524617427783178,0.524617427783178,-0.00101865218487962,-0.000379024857593691,-0.000379024857593691,0,0,0,0,0,0,0,0,0,0,0,0,0,1,1253,0,0,0,0,0,0,3.33296246676218e-05,-2.8524290658946e-06,3.33296246676218e-05,0,0,1,0
1.253,0.523598775598299,0.524610724936563,-0.0066648076605588,0.000133580353436825,0.524610724936563,0.524610724936563,-0.00101194933826376,-0.000375200258829236,-0.000375200258829236,0,0,0,0,0,0,0,0,0,0,0,0,0,1,1254,0,0,0,0,0,0,3.20463386250802e-05,-1.07246242697602e-06,3.20463386250802e-05,0,0,1,0
1.254,0.523598775598299,0.524604097841377,-0.0065895494828011,0.000131811192965881,0.524604097841377,0.524604097841377,-0.00100532224307848,-0.000371505194541009,-0.000371505194541009,0,0,0,0,0,0,0,0,0,0,0,0,0,1,1255,0,0,0,0,0,0,3.08094784274848e-05,5.8882380247734e-07,3.08094784274848e-05,0,0,1,0
1.255,0.523598775598299,0.524597545501852,-0.00651530068469144,0.000129991465382174,0.524597545501852,0.524597545501852,-0.000998769903552965,-0.000367935719572734,-0.000367935719572734,0,0,0,0,0,0,0,0,0,0,0,0,0,1,1256,0,0,0,0,0,0,2.96182028376446e-05,2.13531941008422e-06,2.96182028376446e-05,0,0,1,0
1.256,0.523598775598299,0.52459106689598,-0.00644208604048808,0.000128126549206394,0.52459106689598,0.52459106689598,-0.000992291297680747,-0.000364487908694131,-0.000364487908694131,0,0,0,0,0,0,0,0,0,0,0,0,0,1,1257,0,0,0,0,0,0,2.84716436046439e-05,3.57089451963116e-06,2.84716436046439e-05,0,0,1,0
1.257,0.523598775598299,0.524584660978403,-0.00636992749760742,0.000126221610143545,0.524584660978403,0.524584660978403,-0.000985885380103801,-0.000361157862039205,-0.000361157862039205,0,0,0,0,0,0,0,0,0,0,0,0,0,1,1258,0,0,0,0,0,0,2.73689083514217e-05,4.8993941521502e-06,2.73689083514217e-05,0,0,1,0
1.258,0.523598775598299,0.524578326683181,-0.00629884429132669,0.000124281603888548,0.524578326683181,0.524578326683181,-0.000979551084882568,-0.000357941710211089,-0.000357941710211089,0,0,0,0,0,0,0,0,0,0,0,0,0,1,1259,0,0,0,0,0,0,2.63090833483304e-05,6.12463312008558e-06,2.63090833483304e-05,0,0,1,0
1.259,0.523598775598299,0.52457206292645,-0.00622885305785395,0.00012231127913352,0.52457206292645,0.52457206292645,-0.000973287328150829,-0.000354835619056117,-0.000354835619056117,0,0,0,0,0,0,0,0,0,0,0,0,0,1,1260,0,0,0,0,0,0,2.52912361717872e-05,7.25039125160825e-06,2.52912361717872e-05,0,0,1,0
1.26,0.523598775598299,0.524565868608958,-0.00615996794566318,0.000120315180762008,0.524565868608958,0.524565868608958,-0.000967093010659337,-0.000351835794122785,-0.000351835794122785,0,0,0,0,0,0,0,0,0,0,0,0,0,1,1261,0,0,0,0,0,0,2.43144182512367e-05,8.2804089312047e-06,2.43144182512367e-05,0,0,1,0
1.261,0.523598775598299,0.524559742618507,-0.00609220072500048,0.000118297653213619,0.524559742618507,0.524559742618507,-0.000960967020208425,-0.000348938484811059,-0.000348938484811059,0,0,0,0,0,0,0,0,0,0,0,0,0,1,1262,0,0,0,0,0,0,2.33776673054242e-05,9.2183829489851e-06,2.33776673054242e-05,0,0,1,0
1.262,0.523598775598299,0.524553683832271,-0.00602556089547574,0.000116262844004787,0.524553683832271,0.524553683832271,-0.000954908233972596,-0.000346139988224772,-0.000346139988224772,0,0,0,0,0,0,0,0,0,0,0,0,0,1,1263,0,0,0,0,0,0,2.24800096703115e-05,1.00679626477726e-05,2.24800096703115e-05,0,0,1,0
1.263,0.523598775598299,0.524547691119017,-0.00596005579166207,0.000114214707390732,0.524547691119017,0.524547691119017,-0.000948915520717741,-0.000343436652733298,-0.000343436652733298,0,0,0,0,0,0,0,0,0,0,0,0,0,1,1264,0,0,0,0,0,0,2.16204625202998e-05,1.0832746359071e-05,2.16204625202998e-05,0,0,1,0
1.264,0.523598775598299,0.524541763341213,-0.00589569068663258,0.000112157008155536,0.524541763341213,0.524541763341213,-0.000942987742914569,-0.000340824881256253,-0.000340824881256253,0,0,0,0,0,0,0,0,0,0,0,0,0,1,1265,0,0,0,0,0,0,2.07980359847593e-05,1.1516278118389e-05,2.07980359847593e-05,0,0,1,0
1.265,0.523598775598299,0.524535899357048,-0.00583246889337175,0.000110093325516189,0.524535899357048,0.524535899357048,-0.000937123758748992,-0.00033830113427725,-0.00033830113427725,0,0,0,0,0,0,0,0,0,0,0,0,0,1,1266,0,0,0,0,0,0,2.00117351618623e-05,1.21220446505648e-05,2.00117351618623e-05,0,0,1,0
1.266,0.523598775598299,0.524530098022332,-0.00577039186400523,0.000108027057128424,0.524530098022332,0.524530098022332,-0.00093132242403271,-0.000335861932599101,-0.000335861932599101,0,0,0,0,0,0,0,0,0,0,0,0,0,1,1267,0,0,0,0,0,0,1.92605620328301e-05,1.26534726130078e-05,1.92605620328301e-05,0,0,1,0
1.267,0.523598775598299,0.524524358192314,-0.00570945928679912,0.000105961423181553,0.524524358192314,0.524524358192314,-0.000925582594015095,-0.000333503859846928,-0.000333503859846928,0,0,0,0,0,0,0,0,0,0,0,0,0,1,1268,0,0,0,0,0,0,1.85435172770365e-05,1.31139260922029e-05,1.85435172770365e-05,0,0,1,0
1.268,0.523598775598299,0.524518678723398,-0.0056496691808857,0.000103899470571164,0.524518678723398,0.524518678723398,-0.000919903125099375,-0.000331223564730581,-0.000331223564730581,0,0,0,0,0,0,0,0,0,0,0,0,0,1,1269,0,0,0,0,0,0,1.78596019920763e-05,1.35067043390722e-05,1.78596019920763e-05,0,0,1,0
1.269,0.523598775598299,0.524513058474765,-0.00559101798867897,0.000101844077138165,0.524513058474765,0.524513058474765,-0.00091428287646611,-0.000329017763077482,-0.000329017763077482,0,0,0,0,0,0,0,0,0,0,0,0,0,1,1270,0,0,0,0,0,0,1.72078193203529e-05,1.3835039735983e-05,1.72078193203529e-05,0,0,1,0
1.27,0.523598775598299,0.524507496309903,-0.00553350066594951,9.97979559626719e-05,0.524507496309903,0.524507496309903,-0.00090872071160375,-0.000326883239638169,-0.000326883239638169,0,0,0,0,0,0,0,0,0,0,0,0,0,1,1271,0,0,0,0,0,0,1.65871759828518e-05,1.41020959907165e-05,1.65871759828518e-05,0,0,1,0
1.271,0.523598775598299,0.524501991098051,-0.00547711076953318,9.77636597041979e-05,0.524501991098051,0.524501991098051,-0.000903215499751808,-0.000324816849682203,-0.000324816849682203,0,0,0,0,0,0,0,0,0,0,0,0,0,1,1272,0,0,0,0,0,0,1.59966837264269e-05,1.43109665376386e-05,1.59966837264269e-05,0,0,1,0
1.272,0.523598775598299,0.524496541715556,-0.0054218405426541,9.57435849766657e-05,0.524496541715556,0.524496541715556,-0.000897766117256782,-0.0003228155203872,-0.0003228155203872,0,0,0,0,0,0,0,0,0,0,0,0,0,1,1273,0,0,0,0,0,0,1.54353606822699e-05,1.44646731499234e-05,1.54353606822699e-05,0,0,1,0
1.273,0.523598775598299,0.524491147047143,-0.0053676809978471,9.37399767498545e-05,0.524491147047143,0.524491147047143,-0.00089237144884402,-0.000320876252031978,-0.000320876252031978,0,0,0,0,0,0,0,0,0,0,0,0,0,1,1274,0,0,0,0,0,0,1.4902232641667e-05,1.45661647440081e-05,1.4902232641667e-05,0,0,1,0
1.274,0.523598775598299,0.524485805987107,-0.00531462199746988,9.17549327682735e-05,0.524485805987107,0.524485805987107,-0.000887030388808108,-0.00031899611900284,-0.00031899611900284,0,0,0,0,0,0,0,0,0,0,0,0,0,1,1275,0,0,0,0,0,0,1.43963342496001e-05,1.46183163727003e-05,1.43963342496001e-05,0,0,1,0
1.275,0.523598775598299,0.524480517440422,-0.00526265233179958,8.9790407978847e-05,0.524480517440422,0.524480517440422,-0.000881741842123529,-0.000317172270619722,-0.000317172270619722,0,0,0,0,0,0,0,0,0,0,0,0,0,1,1276,0,0,0,0,0,0,1.39167101189663e-05,1.4623928397477e-05,1.39167101189663e-05,0,0,1,0
1.276,0.523598775598299,0.524475280323778,-0.00521175979471287,8.78482189598644e-05,0.524475280323778,0.524475280323778,-0.000876504725479066,-0.000315401931793286,-0.000315401931793286,0,0,0,0,0,0,0,0,0,0,0,0,0,1,1277,0,0,0,0,0,0,1.34624158679708e-05,1.45857258313088e-05,1.34624158679708e-05,0,0,1,0
1.277,0.523598775598299,0.524470093566536,-0.00516193125695283,8.59300483430406e-05,0.524470093566536,0.524470093566536,-0.00087131796823714,-0.000313682403517874,-0.000313682403517874,0,0,0,0,0,0,0,0,0,0,0,0,0,1,1278,0,0,0,0,0,0,1.30325190831337e-05,1.45063578437833e-05,1.30325190831337e-05,0,0,1,0
1.278,0.523598775598299,0.52446495611162,-0.00511315273698985,8.40374492222194e-05,0.52446495611162,0.52446495611162,-0.000866180513321435,-0.000312011063210793,-0.000312011063210793,0,0,0,0,0,0,0,0,0,0,0,0,0,1,1279,0,0,0,0,0,0,1.26261002100225e-05,1.43883974213833e-05,1.26261002100225e-05,0,0,1,0
1.279,0.523598775598299,0.524459866916333,-0.00506540946948723,8.21718495416205e-05,0.524459866916333,0.524459866916333,-0.000861091318034468,-0.000310385364903742,-0.000310385364903742,0,0,0,0,0,0,0,0,0,0,0,0,0,1,1280,0,0,0,0,0,0,1.22422533739286e-05,1.42343411755627e-05,1.22422533739286e-05,0,0,1,0
1.28,0.523598775598299,0.524454824953107,-0.00501868597138575,8.03345564577147e-05,0.524454824953107,0.524454824953107,-0.00085604935480843,-0.000308802839296559,-0.000308802839296559,0,0,0,0,0,0,0,0,0,0,0,0,0,1,1281,0,0,0,0,0,0,1.1880087134597e-05,1.40466092863889e-05,1.1880087134597e-05,0,0,1,0
1.281,0.523598775598299,0.52444982921019,-0.00497296610562476,7.85267606682396e-05,0.52444982921019,0.52444982921019,-0.000851053611890862,-0.000307261093678526,-0.000307261093678526,0,0,0,0,0,0,0,0,0,0,0,0,0,1,1282,0,0,0,0,0,0,1.15387251746757e-05,1.38275455815963e-05,1.15387251746757e-05,0,0,1,0
1.282,0.523598775598299,0.524444878692266,-0.00492823314252043,7.67495407031674e-05,0.524444878692266,0.524444878692266,-0.000846103093967487,-0.000305757811724444,-0.000305757811724444,0,0,0,0,0,0,0,0,0,0,0,0,0,1,1283,0,0,0,0,0,0,1.12173069257704e-05,1.35794177396251e-05,1.12173069257704e-05,0,0,1,0
1.283,0.523598775598299,0.524439972421024,-0.00488446981882435,7.50038671726843e-05,0.524439972421024,0.524439972421024,-0.000841196822725543,-0.000304290753175259,-0.000304290753175259,0,0,0,0,0,0,0,0,0,0,0,0,0,1,1284,0,0,0,0,0,0,1.09149881354353e-05,1.33044176068835e-05,1.09149881354353e-05,0,0,1,0
1.284,0.523598775598299,0.524435109435657,-0.00484165839448876,7.3290606966645e-05,0.524435109435657,0.524435109435657,-0.000836333837358372,-0.000302857753406009,-0.000302857753406009,0,0,0,0,0,0,0,0,0,0,0,0,0,1,1285,0,0,0,0,0,0,1.06309413746564e-05,1.3004661629758e-05,1.06309413746564e-05,0,0,1,0
1.285,0.523598775598299,0.524430288793314,-0.00479978070716669,7.16105274018975e-05,0.524430288793314,0.524430288793314,-0.000831513195015288,-0.000301456722892444,-0.000301456722892444,0,0,0,0,0,0,0,0,0,0,0,0,0,1,1286,0,0,0,0,0,0,1.03643564911549e-05,1.2682191386418e-05,1.03643564911549e-05,0,0,1,0
1.286,0.523598775598299,0.524425509569495,-0.00475881822447795,6.99643003123944e-05,0.524425509569495,0.524425509569495,-0.000826733971196592,-0.000300085646576458,-0.000300085646576458,0,0,0,0,0,0,0,0,0,0,0,0,0,1,1287,0,0,0,0,0,0,1.01144410074028e-05,1.23389742209745e-05,1.01144410074028e-05,0,0,1,0
1.287,0.523598775598299,0.524420770858398,-0.00471875209407372,6.83525060797108e-05,0.524420770858398,0.524420770858398,-0.000821995260099628,-0.00029874258314659,-0.00029874258314659,0,0,0,0,0,0,0,0,0,0,0,0,0,1,1288,0,0,0,0,0,0,9.88042047012083e-06,1.19769039613393e-05,9.88042047012083e-06,0,0,1,0
1.288,0.523598775598299,0.524416071773213,-0.0046795631915345,6.6775637598194e-05,0.524416071773213,0.524416071773213,-0.000817296174913773,-0.000297425664228098,-0.000297425664228098,0,0,0,0,0,0,0,0,0,0,0,0,0,1,1289,0,0,0,0,0,0,9.66153874804032e-06,1.15978017292768e-05,9.66153874804032e-06,0,0,1,0
1.289,0.523598775598299,0.524411411446368,-0.00464123216613825,6.52341041738302e-05,0.524411411446368,0.524411411446368,-0.000812635848069454,-0.000296133093496599,-0.000296133093496599,0,0,0,0,0,0,0,0,0,0,0,0,0,1,1290,0,0,0,0,0,0,9.45705828458987e-06,1.12034168244554e-05,9.45705828458987e-06,0,0,1,0
1.29,0.523598775598299,0.524406789029742,-0.00460373948453665,6.37282353527658e-05,0.524406789029742,0.524406789029742,-0.0008080134314431,-0.000294863145720411,-0.000294863145720411,0,0,0,0,0,0,0,0,0,0,0,0,0,1,1291,0,0,0,0,0,0,9.26626030606226e-06,1.07954276809827e-05,9.26626030606226e-06,0,0,1,0
1.291,0.523598775598299,0.524402203694817,-0.00456706547237915,6.22582846763284e-05,0.524402203694817,0.524402203694817,-0.000803428096518122,-0.000293614165731858,-0.000293614165731858,0,0,0,0,0,0,0,0,0,0,0,0,0,1,1292,0,0,0,0,0,0,9.08844498492822e-06,1.03754428973284e-05,9.08844498492822e-06,0,0,1,0
1.292,0.523598775598299,0.524397654632805,-0.00453119035392605,6.08244333615423e-05,0.524397654632805,0.524397654632805,-0.000798879034506372,-0.000292384567339469,-0.000292384567339469,0,0,0,0,0,0,0,0,0,0,0,0,0,1,1293,0,0,0,0,0,0,8.92293156518065e-06,9.94500232111544e-06,8.92293156518065e-06,0,0,1,0
1.293,0.523598775598299,0.524393141054729,-0.00449609428969239,5.94267939037777e-05,0.524393141054729,0.524393141054729,-0.000794365456429968,-0.000291172832180568,-0.000291172832180568,0,0,0,0,0,0,0,0,0,0,0,0,0,1,1294,0,0,0,0,0,0,8.76905844726661e-06,9.50557819561003e-06,8.76905844726661e-06,0,0,1,0
1.294,0.523598775598299,0.524388662191467,-0.00446175741216597,5.80654136007065e-05,0.524388662191467,0.524388662191467,-0.000789886593167921,-0.000289977508526018,-0.000289977508526018,0,0,0,0,0,0,0,0,0,0,0,0,0,1,1295,0,0,0,0,0,0,8.62618323727027e-06,9.05857635551989e-06,8.62618323727027e-06,0,0,1,0
1.295,0.523598775598299,0.524384217293765,-0.0044281598596436,5.6740277994417e-05,0.524384217293765,0.524384217293765,-0.000785441695466238,-0.000288797210033178,-0.000288797210033178,0,0,0,0,0,0,0,0,0,0,0,0,0,1,1296,0,0,0,0,0,0,8.49368276067963e-06,8.60533747152714e-06,8.49368276067963e-06,0,0,1,0
1.296,0.523598775598299,0.524379805632215,-0.00439528180823047,5.54513142321306e-05,0.524379805632215,0.524379805632215,-0.000781030033916497,-0.00028763061446024,-0.00028763061446024,0,0,0,0,0,0,0,0,0,0,0,0,0,1,1297,0,0,0,0,0,0,8.37095304373481e-06,8.1471383358415e-06,8.37095304373481e-06,0,0,1,0
1.297,0.523598775598299,0.524375426497201,-0.00436310350204814,5.41983943427593e-05,0.524375426497201,0.524375426497201,-0.000776650898902331,-0.000286476462339967,-0.000286476462339967,0,0,0,0,0,0,0,0,0,0,0,0,0,1,1298,0,0,0,0,0,0,8.2574092631349e-06,7.68519318710098e-06,8.2574092631349e-06,0,0,1,0
1.298,0.523598775598299,0.524371079198817,-0.0043316052816971,5.29813384293873e-05,0.524371079198817,0.524371079198817,-0.000772303600517721,-0.000285333555622868,-0.000285333555622868,0,0,0,0,0,0,0,0,0,0,0,0,0,1,1299,0,0,0,0,0,0,8.15248566732318e-06,7.22065506641393e-06,8.15248566732318e-06,0,0,1,0
1.299,0.523598775598299,0.524366763066755,-0.00430076761102073,5.17999177757186e-05,0.524366763066755,0.524366763066755,-0.000767987468456299,-0.000284200756287147,-0.000284200756287147,0,0,0,0,0,0,0,0,0,0,0,0,0,1,1300,0,0,0,0,0,0,8.05563546890653e-06,6.75461720628942e-06,8.05563546890653e-06,0,0,1,0
1.3,0.523598775598299,0.524362477450174,-0.00427057110221738,5.06538578673154e-05,0.524362477450174,0.524362477450174,-0.000763701851875576,-0.000283076984925375,-0.000283076984925375,0,0,0,0,0,0,0,0,0,0,0,0,0,1,1301,0,0,0,0,0,0,7.96633071176167e-06,6.28811444342123e-06,7.96633071176167e-06,0,0,1,0
1.301,0.523598775598299,0.524358221717536,-0.00424099653934756,4.95428413261681e-05,0.524358221717536,0.524358221717536,-0.000759446119237173,-0.00028196121931021,-0.00028196121931021,0,0,0,0,0,0,0,0,0,0,0,0,0,1,1302,0,0,0,0,0,0,7.88406211427173e-06,5.82212465208287e-06,7.88406211427173e-06,0,0,1,0
1.302,0.523598775598299,0.524353995256422,-0.00421202490028376,4.84665107581561e-05,0.524353995256422,0.524353995256422,-0.000755219658123307,-0.000280852492939123,-0.000280852492939123,0,0,0,0,0,0,0,0,0,0,0,0,0,1,1303,0,0,0,0,0,0,7.80833888913701e-06,5.35757019759628e-06,7.80833888913701e-06,0,0,1,0
1.303,0.523598775598299,0.524349797473332,-0.00418363737715021,4.7424471514347e-05,0.524349797473332,0.524349797473332,-0.000751021875032731,-0.000279749893566113,-0.000279749893566113,0,0,0,0,0,0,0,0,0,0,0,0,0,1,1304,0,0,0,0,0,0,7.73868854198057e-06,4.89531940457287e-06,7.73868854198057e-06,0,0,1,0
1.304,0.523598775598299,0.524345627793456,-0.0041558153952997,4.64162943653806e-05,0.524345627793456,0.524345627793456,-0.000746852195157244,-0.000278652561722675,-0.000278652561722675,0,0,0,0,0,0,0,0,0,0,0,0,0,1,1305,0,0,0,0,0,0,7.67465665096889e-06,4.4361880346777e-06,7.67465665096889e-06,0,0,1,0
1.305,0.523598775598299,0.524341485660438,-0.00412854063087493,4.54415180889592e-05,0.524341485660438,0.524341485660438,-0.000742710062138996,-0.000277559689227844,-0.000277559689227844,0,0,0,0,0,0,0,0,0,0,0,0,0,1,1306,0,0,0,0,0,0,7.61580662711481e-06,3.98094077558569e-06,7.61580662711481e-06,0,0,1,0
1.306,0.523598775598299,0.524337370536111,-0.00410179502700137,4.4499651971712e-05,0.524337370536111,0.524337370536111,-0.000738594937811921,-0.000276470517695522,-0.000276470517695522,0,0,0,0,0,0,0,0,0,0,0,0,0,1,1307,0,0,0,0,0,0,7.5617194587041e-06,3.53029273262098e-06,7.5617194587041e-06,0,0,1,0
1.307,0.523598775598299,0.524333281900226,-0.0040755608086583,4.35901782247978e-05,0.524333281900226,0.524333281900226,-0.000734506301927285,-0.00027538433703825,-0.00027538433703825,0,0,0,0,0,0,0,0,0,0,0,0,0,1,1308,0,0,0,0,0,0,7.51199343951292e-06,3.08491092482384e-06,7.51199343951292e-06,0,0,1,0
1.308,0.523598775598299,0.524329219250163,-0.00404982049627488,4.27125543143112e-05,0.524329219250163,0.524329219250163,-0.000730443651864365,-0.000274300483969304,-0.000274300483969304,0,0,0,0,0,0,0,0,0,0,0,0,0,1,1309,0,0,0,0,0,0,7.46624388281436e-06,2.64541578086038e-06,7.46624388281436e-06,0,0,1,0
1.309,0.523598775598299,0.524325182100628,-0.00402455691809703,4.18662152077307e-05,0.524325182100628,0.524325182100628,-0.000726406502329469,-0.000273218340510933,-0.000273218340510933,0,0,0,0,0,0,0,0,0,0,0,0,0,1,1310,0,0,0,0,0,0,7.4241028230615e-06,2.2123826305669e-06,7.4241028230615e-06,0,0,1,0
1.31,0.523598775598299,0.52432116998334,-0.0039997532213711,4.10505755358537e-05,0.52432116998334,0.52432116998334,-0.000722394385041514,-0.000272137332503067,-0.000272137332503067,0,0,0,0,0,0,0,0,0,0,0,0,0,1,1311,0,0,0,0,0,0,7.38521870435882e-06,1.78634319538632e-06,7.38521870435882e-06,0,0,1,0
1.311,0.523598775598299,0.524317182446708,-0.0039753928823893,4.02650316728373e-05,0.524317182446708,0.524317182446708,-0.000718406848408848,-0.000271056928124193,-0.000271056928124193,0,0,0,0,0,0,0,0,0,0,0,0,0,1,1312,0,0,0,0,0,0,7.34925606038495e-06,1.36778706601019e-06,7.34925606038495e-06,0,0,1,0
1.312,0.523598775598299,0.524313219055494,-0.00395145971544183,3.95089637333861e-05,0.524313219055494,0.524313219055494,-0.00071444345719518,-0.000269976636417786,-0.000269976636417786,0,0,0,0,0,0,0,0,0,0,0,0,0,1,1313,0,0,0,0,0,0,7.31589518310205e-06,9.57163175340208e-07,7.31589518310205e-06,0,0,1,0
1.313,0.523598775598299,0.524309279390476,-0.0039279378807198,3.87817374897292e-05,0.524309279390476,0.524309279390476,-0.000710503792177519,-0.000268896005831192,-0.000268896005831192,0,0,0,0,0,0,0,0,0,0,0,0,0,1,1314,0,0,0,0,0,0,7.28483178358275e-06,5.54881258660713e-07,7.28483178358275e-06,0,0,1,0
1.314,0.523598775598299,0.524305363048096,-0.00390481189121236,3.808270620894e-05,0.524305363048096,0.524305363048096,-0.000706587449796903,-0.000267814622768135,-0.000267814622768135,0,0,0,0,0,0,0,0,0,0,0,0,0,1,1315,0,0,0,0,0,0,7.25577664539845e-06,1.61313300762762e-07,7.25577664539845e-06,0,0,1,0
1.315,0.523598775598299,0.524301469640101,-0.00388206661864089,3.74112124116657e-05,0.524301469640101,0.524301469640101,-0.000702694041802232,-0.000266732110154808,-0.000266732110154808,0,0,0,0,0,0,0,0,0,0,0,0,0,1,1316,0,0,0,0,0,0,7.22845527167948e-06,-2.23205032048347e-07,7.22845527167948e-06,0,0,1,0
1.316,0.523598775598299,0.524297598793188,-0.00385968729847241,3.67665895540181e-05,0.524297598793188,0.524297598793188,-0.000698823194889564,-0.00026564812602492,-0.00026564812602492,0,0,0,0,0,0,0,0,0,0,0,0,0,1,1317,0,0,0,0,0,0,7.20260752695712e-06,-5.98372977130175e-07,7.20260752695712e-06,0,0,1,0
1.317,0.523598775598299,0.524293750148634,-0.00383765953405364,3.61481636330638e-05,0.524293750148634,0.524293750148634,-0.000694974550335403,-0.000264562362118855,-0.000264562362118855,0,0,0,0,0,0,0,0,0,0,0,0,0,1,1318,0,0,0,0,0,0,7.17798727345453e-06,-9.63923276020183e-07,7.17798727345453e-06,0,0,1,0
1.318,0.523598775598299,0.524289923361927,-0.00381596929990634,3.55552547187683e-05,0.524289923361927,0.524289923361927,-0.000691147763627886,-0.000263474542506524,-0.000263474542506524,0,0,0,0,0,0,0,0,0,0,0,0,0,1,1319,0,0,0,0,0,0,7.15436200482422e-06,-1.3196207974749e-06,7.15436200482422e-06,0,0,1,0
1.319,0.523598775598299,0.524286118102393,-0.00379460294422384,3.49871784121372e-05,0.524286118102393,0.524286118102393,-0.000687342504093746,-0.000262384422227243,-0.000262384422227243,0,0,0,0,0,0,0,0,0,0,0,0,0,1,1320,0,0,0,0,0,0,7.13151247611066e-06,-1.66526117877184e-06,7.13151247611066e-06,0,0,1,0
1.32,0.523598775598299,0.524282334052823,-0.0037735471906077,3.44432472325149e-05,0.524282334052823,0.524282334052823,-0.00068355845452428,-0.000261291785954429,-0.000261291785954429,0,0,0,0,0,0,0,0,0,0,0,0,0,1,1321,0,0,0,0,0,0,7.10923233282479e-06,-2.0006694921458e-06,7.10923233282479e-06,0,0,1,0
1.321,0.523598775598299,0.524278570909098,-0.00375278913908297,3.39227719343814e-05,0.524278570909098,0.524278570909098,-0.000679795310798759,-0.000260196446679969,-0.000260196446679969,0,0,0,0,0,0,0,0,0,0,0,0,0,1,1322,0,0,0,0,0,0,7.08732773635479e-06,-2.32569892793253e-06,7.08732773635479e-06,0,0,1,0
1.322,0.523598775598299,0.524274828379807,-0.00373231626642913,3.34250627564499e-05,0.524274828379807,0.524274828379807,-0.000676052781507841,-0.000259098244424264,-0.000259098244424264,0,0,0,0,0,0,0,0,0,0,0,0,0,1,1323,0,0,0,0,0,0,7.06561699093111e-06,-2.64022950761966e-06,7.06561699093111e-06,0,0,1,0
1.323,0.523598775598299,0.524271106185876,-0.00371211642586324,3.29494306038307e-05,0.524271106185876,0.524271106185876,-0.000672330587577541,-0.000257997044972488,-0.000257997044972488,0,0,0,0,0,0,0,0,0,0,0,0,0,1,1324,0,0,0,0,0,0,7.04393016992544e-06,-2.94416681983697e-06,7.04393016992544e-06,0,0,1,0
1.324,0.523598775598299,0.524267404060191,-0.0036921778461111,3.2495188164474e-05,0.524267404060191,0.524267404060191,-0.00066862846189264,-0.000256892738633185,-0.000256892738633185,0,0,0,0,0,0,0,0,0,0,0,0,0,1,1325,0,0,0,0,0,0,7.02210874181652e-06,-3.23744077931811e-06,7.02210874181652e-06,0,0,1,0
1.325,0.523598775598299,0.524263721747221,-0.00367248912990099,3.20616509627784e-05,0.524263721747221,0.524263721747221,-0.000664946148921985,-0.000255785239024897,-0.000255785239024897,0,0,0,0,0,0,0,0,0,0,0,0,0,1,1326,0,0,0,0,0,0,7.0000051988206e-06,-3.52000441601868e-06,7.0000051988206e-06,0,0,1,0
1.326,0.523598775598299,0.524260059002644,-0.00365303925191385,3.16481383512022e-05,0.524260059002644,0.524260059002644,-0.000661283404345681,-0.000254674481889925,-0.000254674481889925,0,0,0,0,0,0,0,0,0,0,0,0,0,1,1327,0,0,0,0,0,0,6.97748268618792e-06,-3.79183268809616e-06,6.97748268618792e-06,0,0,1,0
1.327,0.523598775598299,0.524256415592983,-0.00363381755622268,3.1253974441528e-05,0.524256415592983,0.524256415592983,-0.000657639994684045,-0.000253560423934049,-0.000253560423934049,0,0,0,0,0,0,0,0,0,0,0,0,0,1,1328,0,0,0,0,0,0,6.95441463460789e-06,-4.05292132447553e-06,6.95441463460789e-06,0,0,1,0
1.328,0.523598775598299,0.524252791295229,-0.00361481375325329,3.08784889780052e-05,0.524252791295229,0.524252791295229,-0.00065401569692991,-0.000252443041695545,-0.000252443041695545,0,0,0,0,0,0,0,0,0,0,0,0,0,1,1329,0,0,0,0,0,0,6.9306843943906e-06,-4.30328569253711e-06,6.9306843943906e-06,0,0,1,0
1.329,0.523598775598299,0.524249185896483,-0.00359601791629728,3.05210181534766e-05,0.524249185896483,0.524249185896483,-0.000650410298184023,-0.00025132233044203,-0.00025132233044203,0,0,0,0,0,0,0,0,0,0,0,0,0,1,1330,0,0,0,0,0,0,6.90618487386718e-06,-4.54295969667582e-06,6.90618487386718e-06,0,0,1,0
1.33,0.523598775598299,0.524245599193593,-0.00357742047760748,3.01809053704241e-05,0.524245599193593,0.524245599193593,-0.000646823595293888,-0.000250198303095208,-0.000250198303095208,0,0,0,0,0,0,0,0,0,0,0,0,0,1,1331,0,0,0,0,0,0,6.88081818112085e-06,-4.77199470447264e-06,6.88081818112085e-06,0,0,1,0
1.331,0.523598775598299,0.524242030992796,-0.00355901222410504,2.98575019488589e-05,0.524242030992796,0.524242030992796,-0.000643255394497277,-0.000249070989185975,-0.000249070989185975,0,0,0,0,0,0,0,0,0,0,0,0,0,1,1332,0,0,0,0,0,0,6.85449527004778e-06,-4.99045850236202e-06,6.85449527004778e-06,0,0,1,0
1.332,0.523598775598299,0.524238481109368,-0.00354078429272636,2.95501677821906e-05,0.524238481109368,0.524238481109368,-0.000639705511069399,-0.000247940433836387,-0.000247940433836387,0,0,0,0,0,0,0,0,0,0,0,0,0,1,1333,0,0,0,0,0,0,6.8271355898597e-06,-5.19843427758426e-06,6.8271355898597e-06,0,0,1,0
1.333,0.523598775598299,0.524234949367274,-0.00352272816543727,2.92582719436028e-05,0.524234949367274,0.524234949367274,-0.000636173768975623,-0.000246806696772784,-0.000246806696772784,0,0,0,0,0,0,0,0,0,0,0,0,0,1,1334,0,0,0,0,0,0,6.79866674091478e-06,-5.39601963343459e-06,6.79866674091478e-06,0,0,1,0
1.334,0.523598775598299,0.524231435598828,-0.00350483566394078,2.89811932438071e-05,0.524231435598828,0.524231435598828,-0.000632660000529195,-0.000245669851367791,-0.000245669851367791,0,0,0,0,0,0,0,0,0,0,0,0,0,1,1335,0,0,0,0,0,0,6.76902413476732e-06,-5.58332563129773e-06,6.76902413476732e-06,0,0,1,0
1.335,0.523598775598299,0.524227939644353,-0.00348709894410404,2.87183207421057e-05,0.524227939644353,0.524227939644353,-0.000629164046053843,-0.000244529983710126,-0.000244529983710126,0,0,0,0,0,0,0,0,0,0,0,0,0,1,1336,0,0,0,0,0,0,6.73815065965755e-06,-5.76047586203039e-06,6.73815065965755e-06,0,0,1,0
1.336,0.523598775598299,0.524224461351852,-0.00346951049012897,2.84690542129294e-05,0.524224461351852,0.524224461351852,-0.000625685753552929,-0.00024338719170598,-0.00024338719170598,0,0,0,0,0,0,0,0,0,0,0,0,0,1,1337,0,0,0,0,0,0,6.7059963517746e-06,-5.92760554684137e-06,6.7059963517746e-06,0,0,1,0
1.337,0.523598775598299,0.524221000576683,-0.00345206310849034,2.8232804568607e-05,0.524221000576683,0.524221000576683,-0.000622224978383823,-0.000242241584207628,-0.000242241584207628,0,0,0,0,0,0,0,0,0,0,0,0,0,1,1338,0,0,0,0,0,0,6.67251807284774e-06,-6.0848606684284e-06,6.67251807284774e-06,0,0,1,0
1.338,0.523598775598299,0.524217557181238,-0.00343474992166409,2.8008994240808e-05,0.524217557181238,0.524217557181238,-0.000618781582939043,-0.000241093280172751,-0.000241093280172751,0,0,0,0,0,0,0,0,0,0,0,0,0,1,1339,0,0,0,0,0,0,6.63767919328873e-06,-6.23239712955288e-06,6.63767919328873e-06,0,0,1,0
1.339,0.523598775598299,0.524214131034632,-0.00341756436166774,2.77970575216235e-05,0.524214131034632,0.524214131034632,-0.000615355436333287,-0.000239942407851384,-0.000239942407851384,0,0,0,0,0,0,0,0,0,0,0,0,0,1,1340,0,0,0,0,0,0,6.60144928221751e-06,-6.37037994197535e-06,6.60144928221751e-06,0,0,1,0
1.34,0.523598775598299,0.524210722012396,-0.00340050016343413,2.75964408664157e-05,0.524210722012396,0.524210722012396,-0.000611946414097231,-0.000238789104002217,-0.000238789104002217,0,0,0,0,0,0,0,0,0,0,0,0,0,1,1341,0,0,0,0,0,0,6.56380380370525e-06,-6.49898244325475e-06,6.56380380370525e-06,0,0,1,0
1.341,0.523598775598299,0.524207329996177,-0.00338355135803848,2.74066031597274e-05,0.524207329996177,0.524207329996177,-0.000608554397877881,-0.00023763351313697,-0.00023763351313697,0,0,0,0,0,0,0,0,0,0,0,0,0,1,1342,0,0,0,0,0,0,6.52472381956759e-06,-6.61838554166642e-06,6.52472381956759e-06,0,0,1,0
1.342,0.523598775598299,0.524203954873445,-0.00336671226579813,2.722701594595e-05,0.524203954873445,0.524203954873445,-0.000605179275146028,-0.000236475786793722,-0.000236475786793722,0,0,0,0,0,0,0,0,0,0,0,0,0,1,1343,0,0,0,0,0,0,6.48419569959646e-06,-6.72877699098599e-06,6.48419569959646e-06,0,0,1,0
1.343,0.523598775598299,0.524200596537209,-0.0033499774892636,2.70571636260129e-05,0.524200596537209,0.524200596537209,-0.00060182093891048,-0.000235316082837647,-0.000235316082837647,0,0,0,0,0,0,0,0,0,0,0,0,0,1,1344,0,0,0,0,0,0,6.44221083767604e-06,-6.83035069032486e-06,6.44221083767604e-06,0,0,1,0
1.344,0.523598775598299,0.524197254885738,-0.00333334190611855,2.68965436218186e-05,0.524197254885738,0.524197254885738,-0.00059847928743928,-0.000234154564789173,-0.000234154564789173,0,0,0,0,0,0,0,0,0,0,0,0,0,1,1345,0,0,0,0,0,0,6.39876537655848e-06,-6.92330601590276e-06,6.39876537655848e-06,0,0,1,0
1.345,0.523598775598299,0.524193929822287,-0.00331680066200556,2.67446665099276e-05,0.524193929822287,0.524193929822287,-0.000595154223988259,-0.000232991401179867,-0.000232991401179867,0,0,0,0,0,0,0,0,0,0,0,0,0,1,1346,0,0,0,0,0,0,6.35385993819071e-06,-7.00784717576754e-06,6.35385993819071e-06,0,0,1,0
1.346,0.523598775598299,0.524190621254835,-0.00330034916329385,2.66010561257455e-05,0.524190621254835,0.524190621254835,-0.000591845656536472,-0.000231826764934275,-0.000231826764934275,0,0,0,0,0,0,0,0,0,0,0,0,0,1,1347,0,0,0,0,0,0,6.30749936159081e-06,-7.0841825923118e-06,6.30749936159081e-06,0,0,1,0
1.347,0.523598775598299,0.524187329095828,-0.00328398306980417,2.64652496399459e-05,0.524187329095828,0.524187329095828,-0.000588553497529398,-0.000230660832779575,-0.000230660832779575,0,0,0,0,0,0,0,0,0,0,0,0,0,1,1348,0,0,0,0,0,0,6.259692449051e-06,-7.15252431412452e-06,6.259692449051e-06,0,0,1,0
1.348,0.523598775598299,0.524184053261928,-0.00326769828750552,2.63367976079916e-05,0.524184053261928,0.524184053261928,-0.000585277663629036,-0.000229493784680103,-0.000229493784680103,0,0,0,0,0,0,0,0,0,0,0,0,0,1,1349,0,0,0,0,0,0,6.21045171822487e-06,-7.2130874500336e-06,6.21045171822487e-06,0,0,1,0
1.349,0.523598775598299,0.52418079367377,-0.00325149096119754,2.62152639945849e-05,0.52418079367377,0.52418079367377,-0.000582018075471535,-0.000228325803298038,-0.000228325803298038,0,0,0,0,0,0,0,0,0,0,0,0,0,1,1350,0,0,0,0,0,0,6.1597931624302e-06,-7.26608963114465e-06,6.1597931624302e-06,0,0,1,0
1.35,0.523598775598299,0.52417755025573,-0.00323535746719161,2.61002261741089e-05,0.52417755025573,0.52417755025573,-0.000578774657431502,-0.000227157073477361,-0.000227157073477361,0,0,0,0,0,0,0,0,0,0,0,0,0,1,1351,0,0,0,0,0,0,6.10773601739112e-06,-7.3117504955757e-06,6.10773601739112e-06,0,0,1,0
1.351,0.523598775598299,0.524174322935694,-0.00321929440600302,2.59912749089585e-05,0.524174322935694,0.524174322935694,-0.000575547337394733,-0.000225987781755407,-0.000225987781755407,0,0,0,0,0,0,0,0,0,0,0,0,0,1,1352,0,0,0,0,0,0,6.05430253641792e-06,-7.35029120081036e-06,6.05430253641792e-06,0,0,1,0
1.352,0.523598775598299,0.524171111644837,-0.00320329859506589,2.58880143058651e-05,0.524171111644837,0.524171111644837,-0.000572336046537725,-0.000224818115897034,-0.000224818115897034,0,0,0,0,0,0,0,0,0,0,0,0,0,1,1353,0,0,0,0,0,0,5.99951777224828e-06,-7.38193395839076e-06,5.99951777224828e-06,0,0,1,0
1.353,0.523598775598299,0.524167916317412,-0.0031873670614821,2.57900617521556e-05,0.524167916317412,0.524167916317412,-0.000569140719113403,-0.000223648264449484,-0.000223648264449484,0,0,0,0,0,0,0,0,0,0,0,0,0,1,1354,0,0,0,0,0,0,5.94340936543869e-06,-7.40690159023905e-06,5.94340936543869e-06,0,0,1,0
1.354,0.523598775598299,0.524164736890545,-0.00317149703481422,2.56970478340232e-05,0.524164736890545,0.524164736890545,-0.000565961292246397,-0.000222478416326515,-0.000222478416326515,0,0,0,0,0,0,0,0,0,0,0,0,0,1,1355,0,0,0,0,0,0,5.88600734185984e-06,-7.42541711306298e-06,5.88600734185984e-06,0,0,1,0
1.355,0.523598775598299,0.524161573304032,-0.00315568593993247,2.56086162356241e-05,0.524161573304032,0.524161573304032,-0.000562797705733198,-0.000221308760408771,-0.000221308760408771,0,0,0,0,0,0,0,0,0,0,0,0,0,1,1356,0,0,0,0,0,0,5.82734391518791e-06,-7.43770333933198e-06,5.82734391518791e-06,0,0,1,0
1.356,0.523598775598299,0.52415842550015,-0.00313993138992475,2.55244236226536e-05,0.52415842550015,0.52415842550015,-0.000559649901851089,-0.000220139485170521,-0.000220139485170521,0,0,0,0,0,0,0,0,0,0,0,0,0,1,1357,0,0,0,0,0,0,5.76745329827766e-06,-7.44398250495173e-06,5.76745329827766e-06,0,0,1,0
1.357,0.523598775598299,0.524155293423471,-0.00312423117907833,2.54441395096589e-05,0.524155293423471,0.524155293423471,-0.000556517825172631,-0.000218970778323689,-0.000218970778323689,0,0,0,0,0,0,0,0,0,0,0,0,0,1,1358,0,0,0,0,0,0,5.70637152008668e-06,-7.44447591424975e-06,5.70637152008668e-06,0,0,1,0
1.358,0.523598775598299,0.524152177020688,-0.00310858327594086,2.53674461137273e-05,0.524152177020688,0.524152177020688,-0.000553401422388689,-0.000217802826486915,-0.000217802826486915,0,0,0,0,0,0,0,0,0,0,0,0,0,1,1359,0,0,0,0,0,0,5.64413625114835e-06,-7.4394036100199e-06,5.64413625114835e-06,0,0,1,0
1.359,0.523598775598299,0.524149076240436,-0.00309298581646838,2.52940381939101e-05,0.524149076240436,0.524149076240436,-0.000550300642137125,-0.000216635814871498,-0.000216635814871498,0,0,0,0,0,0,0,0,0,0,0,0,0,1,1360,0,0,0,0,0,0,5.5807866344848e-06,-7.42898405986818e-06,5.5807866344848e-06,0,0,1,0
1.36,0.523598775598299,0.524145991033138,-0.003077437097267,2.52236228787632e-05,0.524145991033138,0.524145991033138,-0.000547215434839154,-0.000215469926989308,-0.000215469926989308,0,0,0,0,0,0,0,0,0,0,0,0,0,1,1361,0,0,0,0,0,0,5.5163631242916e-06,-7.41343386486087e-06,5.5163631242916e-06,0,0,1,0
1.361,0.523598775598299,0.524142921350841,-0.00306193556893456,2.5155919482023e-05,0.524142921350841,0.524142921350841,-0.000544145752541692,-0.00021430534437784,-0.00021430534437784,0,0,0,0,0,0,0,0,0,0,0,0,0,1,1362,0,0,0,0,0,0,5.45090733061748e-06,-7.39296748533962e-06,5.45090733061748e-06,0,0,1,0
1.362,0.523598775598299,0.524139867147066,-0.00304647982950815,2.50906593081177e-05,0.524139867147066,0.524139867147066,-0.000541091548766803,-0.000213142246345135,-0.000213142246345135,0,0,0,0,0,0,0,0,0,0,0,0,0,1,1363,0,0,0,0,0,0,5.38446187126063e-06,-7.36779698692403e-06,5.38446187126063e-06,0,0,1,0
1.363,0.523598775598299,0.524136828376666,-0.00303106861802261,2.50275854478386e-05,0.524136828376666,0.524136828376666,-0.000538052778367493,-0.000211980809732166,-0.000211980809732166,0,0,0,0,0,0,0,0,0,0,0,0,0,1,1364,0,0,0,0,0,0,5.3170702296601e-06,-7.33813180311222e-06,5.3170702296601e-06,0,0,1,0
1.364,0.523598775598299,0.524133804995689,-0.00301570080818498,2.49664525652639e-05,0.524133804995689,0.524133804995689,-0.000535029397390141,-0.00021082120869334,-0.00021082120869334,0,0,0,0,0,0,0,0,0,0,0,0,0,1,1365,0,0,0,0,0,0,5.24877661989276e-06,-7.30417851720826e-06,5.24877661989276e-06,0,0,1,0
1.365,0.523598775598299,0.524130796961241,-0.00300037540216928,2.49070266765248e-05,0.524130796961241,0.524130796961241,-0.00053202136294217,-0.000209663614490947,-0.000209663614490947,0,0,0,0,0,0,0,0,0,0,0,0,0,1,1366,0,0,0,0,0,0,5.17962585644405e-06,-7.2661406570404e-06,5.17962585644405e-06,0,0,1,0
1.366,0.523598775598299,0.524127804231366,-0.0029850915245354,2.48490849221998e-05,0.524127804231366,0.524127804231366,-0.000529028633067585,-0.000208508195310548,-0.000208508195310548,0,0,0,0,0,0,0,0,0,0,0,0,0,1,1367,0,0,0,0,0,0,5.10966323230555e-06,-7.22421851181965e-06,5.10966323230555e-06,0,0,1,0
1.367,0.523598775598299,0.524124826764926,-0.00296984841627567,2.47924153323226e-05,0.524124826764926,0.524124826764926,-0.000526051166626851,-0.000207355116087429,-0.000207355116087429,0,0,0,0,0,0,0,0,0,0,0,0,0,1,1368,0,0,0,0,0,0,5.03893440073622e-06,-7.17860895831134e-06,5.03893440073622e-06,0,0,1,0
1.368,0.523598775598299,0.524121864521483,-0.00295464542899226,2.47368165865891e-05,0.524121864521483,0.524121864521483,-0.000523088923183868,-0.000206204538351465,-0.000206204538351465,0,0,0,0,0,0,0,0,0,0,0,0,0,1,1369,0,0,0,0,0,0,4.96748526446211e-06,-7.12950530633001e-06,4.96748526446211e-06,0,0,1,0
1.369,0.523598775598299,0.524118917461197,-0.00293948201920812,2.46820977691114e-05,0.524118917461197,0.524118917461197,-0.000520141862897727,-0.000205056620083845,-0.000205056620083845,0,0,0,0,0,0,0,0,0,0,0,0,0,1,1370,0,0,0,0,0,0,4.89536187031625e-06,-7.07709715792892e-06,4.89536187031625e-06,0,0,1,0
1.37,0.523598775598299,0.52411598554472,-0.00292435774281364,2.46280781194518e-05,0.52411598554472,0.52411598554472,-0.000517209946421127,-0.000203911515590615,-0.000203911515590615,0,0,0,0,0,0,0,0,0,0,0,0,0,1,1371,0,0,0,0,0,0,4.8226103092075e-06,-7.02157027981497e-06,4.8226103092075e-06,0,0,1,0
1.371,0.523598775598299,0.524113068733102,-0.0029092722496512,2.45745867794928e-05,0.524113068733102,0.524113068733102,-0.000514293134803334,-0.000202769375387125,-0.000202769375387125,0,0,0,0,0,0,0,0,0,0,0,0,0,1,1372,0,0,0,0,0,0,4.74927662175162e-06,-6.96310648970705e-06,4.74927662175162e-06,0,0,1,0
1.372,0.523598775598299,0.524110166987698,-0.00289422527823921,2.45214625377946e-05,0.524110166987698,0.524110166987698,-0.00051139138939893,-0.000201630346096554,-0.000201630346096554,0,0,0,0,0,0,0,0,0,0,0,0,0,1,1373,0,0,0,0,0,0,4.67540670900934e-06,-6.90188355499167e-06,4.67540670900934e-06,0,0,1,0
1.373,0.523598775598299,0.524107280270081,-0.00287921665063683,2.4468553571485e-05,0.524107280270081,0.524107280270081,-0.000508504671781873,-0.000200494570361132,-0.000200494570361132,0,0,0,0,0,0,0,0,0,0,0,0,0,1,1374,0,0,0,0,0,0,4.60104624888658e-06,-6.83807510499937e-06,4.60104624888658e-06,0,0,1,0
1.374,0.523598775598299,0.524104408541963,-0.00286424626745054,2.44157171861836e-05,0.524104408541963,0.524104408541963,-0.000505632943664569,-0.000199362186765036,-0.000199362186765036,0,0,0,0,0,0,0,0,0,0,0,0,0,1,1375,0,0,0,0,0,0,4.52624061730855e-06,-6.77185055437892e-06,4.52624061730855e-06,0,0,1,0
1.375,0.523598775598299,0.52410155176512,-0.00284931410298325,2.43628195546141e-05,0.52410155176512,0.52410155176512,-0.000502776166821262,-0.000198233329767023,-0.000198233329767023,0,0,0,0,0,0,0,0,0,0,0,0,0,1,1376,0,0,0,0,0,0,4.45103481383491e-06,-6.70337503653638e-06,4.45103481383491e-06,0,0,1,0
1.376,0.523598775598299,0.524098709901316,-0.00283442020052631,2.43097354549411e-05,0.524098709901316,0.524098709901316,-0.000499934303017091,-0.000197108129646296,-0.000197108129646296,0,0,0,0,0,0,0,0,0,0,0,0,0,1,1377,0,0,0,0,0,0,4.37547339271482e-06,-6.63280934972972e-06,4.37547339271482e-06,0,0,1,0
1.377,0.523598775598299,0.52409588291224,-0.00281956466779453,2.42563480083655e-05,0.52409588291224,0.52409588291224,-0.000497107313941259,-0.000195986712457265,-0.000195986712457265,0,0,0,0,0,0,0,0,0,0,0,0,0,1,1378,0,0,0,0,0,0,4.29960039871613e-06,-6.56030991388304e-06,4.29960039871613e-06,0,0,1,0
1.378,0.523598775598299,0.524093070759444,-0.0028047476725043,2.42025484170713e-05,0.524093070759444,0.524093070759444,-0.000494295161145075,-0.000194869199995233,-0.000194869199995233,0,0,0,0,0,0,0,0,0,0,0,0,0,1,1379,0,0,0,0,0,0,4.22345930717327e-06,-6.48602873653484e-06,4.22345930717327e-06,0,0,1,0
1.379,0.523598775598299,0.524090273404283,-0.00278996943809446,2.41482357025533e-05,0.524090273404283,0.524090273404283,-0.000491497805984009,-0.000193755709770482,-0.000193755709770482,0,0,0,0,0,0,0,0,0,0,0,0,0,1,1380,0,0,0,0,0,0,4.14709296758797e-06,-6.41011338603221e-06,4.14709296758797e-06,0,0,1,0
1.38,0.523598775598299,0.524087490807862,-0.00277523023958934,2.409331644513e-05,0.524087490807862,0.524087490807862,-0.000488715209563617,-0.000192646354990422,-0.000192646354990422,0,0,0,0,0,0,0,0,0,0,0,0,0,1,1381,0,0,0,0,0,0,4.07054355244796e-06,-6.33270697640424e-06,4.07054355244796e-06,0,0,1,0
1.381,0.523598775598299,0.524084722930989,-0.00276053039960322,2.40377045252339e-05,0.524084722930989,0.524084722930989,-0.000485947332690584,-0.000191541244552995,-0.000191541244552995,0,0,0,0,0,0,0,0,0,0,0,0,0,1,1382,0,0,0,0,0,0,3.99385251015349e-06,-6.25394816080606e-06,3.99385251015349e-06,0,0,1,0
1.382,0.523598775598299,0.524081969734125,-0.00274587028448515,2.39813208658049e-05,0.524081969734125,0.524081969734125,-0.000483194135826648,-0.000190440483045282,-0.000190440483045282,0,0,0,0,0,0,0,0,0,0,0,0,0,1,1383,0,0,0,0,0,0,3.91706052105256e-06,-6.17397113079204e-06,3.91706052105256e-06,0,0,1,0
1.383,0.523598775598299,0.524079231177346,-0.00273125030060322,2.39240931772699e-05,0.524079231177346,0.524079231177346,-0.000480455579046746,-0.00018934417075085,-0.00018934417075085,0,0,0,0,0,0,0,0,0,0,0,0,0,1,1384,0,0,0,0,0,0,3.84020745747282e-06,-6.09290562376486e-06,3.84020745747282e-06,0,0,1,0
1.384,0.523598775598299,0.5240765072203,-0.00271667089076682,2.38659557048664e-05,0.5240765072203,0.5240765072203,-0.000477731622001265,-0.000188252403665502,-0.000188252403665502,0,0,0,0,0,0,0,0,0,0,0,0,0,1,1385,0,0,0,0,0,0,3.7633323483055e-06,-6.01087694003565e-06,3.7633323483055e-06,0,0,1,0
1.385,0.523598775598299,0.52407379782218,-0.00270213253078541,2.38068489782405e-05,0.52407379782218,0.52407379782218,-0.000475022223880961,-0.00018716527351746,-0.00018716527351746,0,0,0,0,0,0,0,0,0,0,0,0,0,1,1386,0,0,0,0,0,0,3.68647334636485e-06,-5.92800596464749e-06,3.68647334636485e-06,0,0,1,0
1.386,0.523598775598299,0.524071102941684,-0.00268763572616241,2.37467195644886e-05,0.524071102941684,0.524071102941684,-0.000472327343385426,-0.000186082867794384,-0.000186082867794384,0,0,0,0,0,0,0,0,0,0,0,0,0,1,1387,0,0,0,0,0,0,3.60966769819004e-06,-5.84440919304996e-06,3.60966769819004e-06,0,0,1,0
1.387,0.523598775598299,0.524068422536994,-0.00267318100892213,2.36855198245685e-05,0.524068422536994,0.524068422536994,-0.000469646938695445,-0.000185005269778069,-0.000185005269778069,0,0,0,0,0,0,0,0,0,0,0,0,0,1,1388,0,0,0,0,0,0,3.5329517190652e-06,-5.76019876808798e-06,3.5329517190652e-06,0,0,1,0
1.388,0.523598775598299,0.524065756565746,-0.00265876893456803,2.362320767271e-05,0.524065756565746,0.524065756565746,-0.000466980967447572,-0.000183932558582311,-0.000183932558582311,0,0,0,0,0,0,0,0,0,0,0,0,0,1,1389,0,0,0,0,0,0,3.45636076937161e-06,-5.67548251777239e-06,3.45636076937161e-06,0,0,1,0
1.389,0.523598775598299,0.524063104985012,-0.0026444000791702,2.35597463399885e-05,0.524063104985012,0.524063104985012,-0.000464329386712703,-0.000182864809198712,-0.000182864809198712,0,0,0,0,0,0,0,0,0,0,0,0,0,1,1390,0,0,0,0,0,0,3.37992923526986e-06,-5.59036400191604e-06,3.37992923526986e-06,0,0,1,0
1.39,0.523598775598299,0.524060467751275,-0.00263007503658016,2.34951041412061e-05,0.524060467751275,0.524060467751275,-0.000461692152976201,-0.000181802092543825,-0.000181802092543825,0,0,0,0,0,0,0,0,0,0,0,0,0,1,1391,0,0,0,0,0,0,3.30369051115831e-06,-5.50494256073425e-06,3.30369051115831e-06,0,0,1,0
1.391,0.523598775598299,0.524057844820421,-0.00261579441577052,2.34292542465988e-05,0.524057844820421,0.524057844820421,-0.000459069222121911,-0.000180744475513942,-0.000180744475513942,0,0,0,0,0,0,0,0,0,0,0,0,0,1,1392,0,0,0,0,0,0,3.2276769853512e-06,-5.41931336929665e-06,3.2276769853512e-06,0,0,1,0
1.392,0.523598775598299,0.524055236147717,-0.00260155883829723,2.33621744572449e-05,0.524055236147717,0.524055236147717,-0.000456460549418169,-0.000179692021042393,-0.000179692021042393,0,0,0,0,0,0,0,0,0,0,0,0,0,1,1393,0,0,0,0,0,0,3.15192002808828e-06,-5.33356749543687e-06,3.15192002808828e-06,0,0,1,0
1.393,0.523598775598299,0.524052641687805,-0.0025873689358822,2.32938469850474e-05,0.524052641687805,0.524052641687805,-0.000453866089506594,-0.000178644788161493,-0.000178644788161493,0,0,0,0,0,0,0,0,0,0,0,0,0,1,1394,0,0,0,0,0,0,3.076449982653e-06,-5.24779196321907e-06,3.076449982653e-06,0,0,1,0
1.394,0.523598775598299,0.524050061394692,-0.00257322534811363,2.32242582370965e-05,0.524050061394692,0.524050061394692,-0.000451285796392864,-0.000177602832067024,-0.000177602832067024,0,0,0,0,0,0,0,0,0,0,0,0,0,1,1395,0,0,0,0,0,0,3.00129615804501e-06,-5.16206981775614e-06,3.00129615804501e-06,0,0,1,0
1.395,0.523598775598299,0.524047495221739,-0.00255912872026172,2.31533986048961e-05,0.524047495221739,0.524047495221739,-0.000448719623440064,-0.000176566204186778,-0.000176566204186778,0,0,0,0,0,0,0,0,0,0,0,0,0,1,1396,0,0,0,0,0,0,2.92648682409524e-06,-5.07648019382493e-06,2.92648682409524e-06,0,0,1,0
1.396,0.523598775598299,0.524044943121663,-0.00254507970120692,2.30812622582017e-05,0.524044943121663,0.524044943121663,-0.000446167523364016,-0.000175534952251674,-0.000175534952251674,0,0,0,0,0,0,0,0,0,0,0,0,0,1,1397,0,0,0,0,0,0,2.8520492091344e-06,-4.99109838856876e-06,2.8520492091344e-06,0,0,1,0
1.397,0.523598775598299,0.52404240504653,-0.00253107894147833,2.3007846943724e-05,0.52404240504653,0.52404240504653,-0.000443629448230842,-0.000174509120370063,-0.000174509120370063,0,0,0,0,0,0,0,0,0,0,0,0,0,1,1398,0,0,0,0,0,0,2.77800949954887e-06,-4.90599593650854e-06,2.77800949954887e-06,0,0,1,0
1.398,0.523598775598299,0.524039880947755,-0.00251712709139946,2.29331537885895e-05,0.524039880947755,0.524039880947755,-0.000441105349455961,-0.000173488749103157,-0.000173488749103157,0,0,0,0,0,0,0,0,0,0,0,0,0,1,1399,0,0,0,0,0,0,2.70439284033586e-06,-4.82124068450218e-06,2.70439284033586e-06,0,0,1,0
1.399,0.523598775598299,0.524037370776104,-0.00250322479933871,2.28571871090814e-05,0.524037370776104,0.524037370776104,-0.00043859517780509,-0.000172473875543105,-0.000172473875543105,0,0,0,0,0,0,0,0,0,0,0,0,0,1,1400,0,0,0,0,0,0,2.63122333843402e-06,-4.73689687148005e-06,2.63122333843402e-06,0,0,1,0
1.4,0.523598775598299,0.524034874481696,-0.00248937271006153,2.27799542244261e-05,0.524034874481696,0.524034874481696,-0.000436098883397573,-0.000171464533394648,-0.000171464533394648,0,0,0,0,0,0,0,0,0,0,0,0,0,1,1401,0,0,0,0,0,0,2.55852406794155e-06,-4.65302521057069e-06,2.55852406794155e-06,0,0,1,0
1.401,0.523598775598299,0.524032392014009,-0.00247557146318197,2.27014652751175e-05,0.524032392014009,0.524032392014009,-0.000433616415710492,-0.000170460753056173,-0.000170460753056173,0,0,0,0,0,0,0,0,0,0,0,0,0,1,1402,0,0,0,0,0,0,2.48631707588931e-06,-4.5696829700521e-06,2.48631707588931e-06,0,0,1,0
1.402,0.523598775598299,0.524029923321883,-0.00246182169171058,2.26217330467254e-05,0.524029923321883,0.524029923321883,-0.000431147723584102,-0.000169462561701726,-0.000169462561701726,0,0,0,0,0,0,0,0,0,0,0,0,0,1,1403,0,0,0,0,0,0,2.41462339023446e-06,-4.48692405768817e-06,2.41462339023446e-06,0,0,1,0
1.403,0.523598775598299,0.524027468353529,-0.00244812402069577,2.25407727992e-05,0.524027468353529,0.524027468353529,-0.000428692755229831,-0.000168469983367313,-0.000168469983367313,0,0,0,0,0,0,0,0,0,0,0,0,0,1,1404,0,0,0,0,0,0,2.34346302918631e-06,-4.40479910606122e-06,2.34346302918631e-06,0,0,1,0
1.404,0.523598775598299,0.524025027056537,-0.00243447906595598,2.24586021005554e-05,0.524025027056537,0.524025027056537,-0.000426251458238602,-0.000167483039035515,-0.000167483039035515,0,0,0,0,0,0,0,0,0,0,0,0,0,1,1405,0,0,0,0,0,0,2.27285501175345e-06,-4.32335555865357e-06,2.27285501175345e-06,0,0,1,0
1.405,0.523598775598299,0.524022599377889,-0.00242088743289989,2.23752406660677e-05,0.524022599377889,0.524022599377889,-0.000423823779590382,-0.000166501746720889,-0.000166501746720889,0,0,0,0,0,0,0,0,0,0,0,0,0,1,1406,0,0,0,0,0,0,2.202817368957e-06,-4.24263775522982e-06,2.202817368957e-06,0,0,1,0
1.406,0.523598775598299,0.524020185263964,-0.00240734971543172,2.22907102028338e-05,0.524020185263964,0.524020185263964,-0.000421409665665617,-0.000165526121557971,-0.000165526121557971,0,0,0,0,0,0,0,0,0,0,0,0,0,1,1407,0,0,0,0,0,0,2.13336715759738e-06,-4.16268702165001e-06,2.13336715759738e-06,0,0,1,0
1.407,0.523598775598299,0.524017784660556,-0.00239386649493894,2.22050342589437e-05,0.524017784660556,0.524017784660556,-0.000419009062256892,-0.000164556175887453,-0.000164556175887453,0,0,0,0,0,0,0,0,0,0,0,0,0,1,1408,0,0,0,0,0,0,2.06452047346595e-06,-4.08354175575874e-06,2.06452047346595e-06,0,0,1,0
1.408,0.523598775598299,0.524015397512881,-0.00238043833935961,2.2118238078147e-05,0.524015397512881,0.524015397512881,-0.000416621914582249,-0.000163591919344459,-0.000163591919344459,0,0,0,0,0,0,0,0,0,0,0,0,0,1,1409,0,0,0,0,0,0,1.99629246644406e-06,-4.00523751602146e-06,1.99629246644406e-06,0,0,1,0
1.409,0.523598775598299,0.524013023765597,-0.00236706580232649,2.20303484592344e-05,0.524013023765597,0.524013023765597,-0.000414248167298514,-0.000162633358944491,-0.000162633358944491,0,0,0,0,0,0,0,0,0,0,0,0,0,1,1410,0,0,0,0,0,0,1.92869735604617e-06,-3.9278071090322e-06,1.92869735604617e-06,0,0,1,0
1.41,0.523598775598299,0.524010663362816,-0.00235374942238536,2.19413936209957e-05,0.524010663362816,0.524010663362816,-0.000411887764516727,-0.000161680499172784,-0.000161680499172784,0,0,0,0,0,0,0,0,0,0,0,0,0,1,1411,0,0,0,0,0,0,1.86174844840625e-06,-3.85128067865895e-06,1.86174844840625e-06,0,0,1,0
1.411,0.523598775598299,0.524008316248116,-0.00234048972228457,2.18514030713866e-05,0.524008316248116,0.524008316248116,-0.000409540649817131,-0.000160733342070211,-0.000160733342070211,0,0,0,0,0,0,0,0,0,0,0,0,0,1,1412,0,0,0,0,0,0,1.79545815359727e-06,-3.77568579385955e-06,1.79545815359727e-06,0,0,1,0
1.412,0.523598775598299,0.524005982364564,-0.00232728720833344,2.17604074821759e-05,0.524005982364564,0.524005982364564,-0.000407206766265156,-0.000159791887319728,-0.000159791887319728,0,0,0,0,0,0,0,0,0,0,0,0,0,1,1413,0,0,0,0,0,0,1.72983800283966e-06,-3.70104753404771e-06,1.72983800283966e-06,0,0,1,0
1.413,0.523598775598299,0.524003661654727,-0.00231414236982661,2.16684385685242e-05,0.524003661654727,0.524003661654727,-0.000404886056428633,-0.000158856132333966,-0.000158856132333966,0,0,0,0,0,0,0,0,0,0,0,0,0,1,1414,0,0,0,0,0,0,1.6648986680412e-06,-3.62738857864861e-06,1.6648986680412e-06,0,0,1,0
1.414,0.523598775598299,0.524001354060694,-0.00230105567853172,2.15755289728836e-05,0.524001354060694,0.524001354060694,-0.000402578462394887,-0.000157926072340457,-0.000157926072340457,0,0,0,0,0,0,0,0,0,0,0,0,0,1,1415,0,0,0,0,0,0,1.60064998044884e-06,-3.55472929218612e-06,1.60064998044884e-06,0,0,1,0
1.415,0.523598775598299,0.523999059524087,-0.00228802758823809,2.14817121539074e-05,0.523999059524087,0.523999059524087,-0.000400283925788059,-0.000157001700465437,-0.000157001700465437,0,0,0,0,0,0,0,0,0,0,0,0,0,1,1416,0,0,0,0,0,0,1.53710094985549e-06,-3.4830878088846e-06,1.53710094985549e-06,0,0,1,0
1.416,0.523598775598299,0.523996777986087,-0.00227505853436348,2.13870222804179e-05,0.523996777986087,0.523996777986087,-0.000398002387788088,-0.000156083007820182,-0.000156083007820182,0,0,0,0,0,0,0,0,0,0,0,0,0,1,1417,0,0,0,0,0,0,1.4742597853612e-06,-3.41248011951852e-06,1.4742597853612e-06,0,0,1,0
1.417,0.523598775598299,0.523994509387447,-0.00226214893361668,2.12914941291443e-05,0.523994509387447,0.523994509387447,-0.000395733789148478,-0.000155169983582128,-0.000155169983582128,0,0,0,0,0,0,0,0,0,0,0,0,0,1,1418,0,0,0,0,0,0,1.41213391535722e-06,-3.34292015426391e-06,1.41213391535722e-06,0,0,1,0
1.418,0.523598775598299,0.523992253668515,-0.00224929918371332,2.11951629878359e-05,0.523992253668515,0.523992253668515,-0.000393478070215836,-0.000154262615078946,-0.000154262615078946,0,0,0,0,0,0,0,0,0,0,0,0,0,1,1419,0,0,0,0,0,0,1.35073000817609e-06,-3.27441986552001e-06,1.35073000817609e-06,0,0,1,0
1.419,0.523598775598299,0.523990010769247,-0.00223650966314263,2.10980645620821e-05,0.523990010769247,0.523990010769247,-0.000391235170948412,-0.000153360887868106,-0.000153360887868106,0,0,0,0,0,0,0,0,0,0,0,0,0,1,1420,0,0,0,0,0,0,1.29005399296389e-06,-3.20698930955459e-06,1.29005399296389e-06,0,0,1,0
1.42,0.523598775598299,0.523987780629234,-0.00222378073098255,2.10002348871196e-05,0.523987780629234,0.523987780629234,-0.00038900503093553,-0.000152464785817106,-0.000152464785817106,0,0,0,0,0,0,0,0,0,0,0,0,0,1,1421,0,0,0,0,0,0,1.23011108055238e-06,-3.14063672642376e-06,1.23011108055238e-06,0,0,1,0
1.421,0.523598775598299,0.523985563187716,-0.00221111272676095,2.0901710243711e-05,0.523985563187716,0.523985563187716,-0.00038678758941757,-0.000151574291183507,-0.000151574291183507,0,0,0,0,0,0,0,0,0,0,0,0,0,1,1422,0,0,0,0,0,0,1.17090578533041e-06,-3.07536862092508e-06,1.17090578533041e-06,0,0,1,0
1.422,0.523598775598299,0.523983358383604,-0.00219850597036078,2.0802527077746e-05,0.523983358383604,0.523983358383604,-0.000384582785305065,-0.000150689384690933,-0.000150689384690933,0,0,0,0,0,0,0,0,0,0,0,0,0,1,1423,0,0,0,0,0,0,1.11244194622717e-06,-3.01118983952694e-06,1.11244194622717e-06,0,0,1,0
1.423,0.523598775598299,0.523981166155497,-0.00218596076196681,2.07027219245152e-05,0.523981166155497,0.523981166155497,-0.000382390557198353,-0.000149810045604995,-0.000149810045604995,0,0,0,0,0,0,0,0,0,0,0,0,0,1,1424,0,0,0,0,0,0,1.05472274802842e-06,-2.94810364664954e-06,1.05472274802842e-06,0,0,1,0
1.424,0.523598775598299,0.523978986441706,-0.00217347738205179,2.06023313369215e-05,0.523978986441706,0.523978986441706,-0.000380210843407669,-0.000148936251808896,-0.000148936251808896,0,0,0,0,0,0,0,0,0,0,0,0,0,1,1425,0,0,0,0,0,0,9.97750743247927e-07,-2.8861118009382e-06,9.97750743247927e-07,0,0,1,0
1.425,0.523598775598299,0.523976819180271,-0.00216105609139985,2.05013918172059e-05,0.523976819180271,0.523976819180271,-0.000378043581972465,-0.000148067979875461,-0.000148067979875461,0,0,0,0,0,0,0,0,0,0,0,0,0,1,1426,0,0,0,0,0,0,9.41527873110637e-07,-2.82521462768577e-06,9.41527873110637e-07,0,0,1,0
1.426,0.523598775598299,0.52397466430898,-0.00214869713116514,2.03999397529001e-05,0.52397466430898,0.52397466430898,-0.00037588871068106,-0.000147205205138652,-0.000147205205138652,0,0,0,0,0,0,0,0,0,0,0,0,0,1,1427,0,0,0,0,0,0,8.86055488757975e-07,-2.76541109047184e-06,8.86055488757975e-07,0,0,1,0
1.427,0.523598775598299,0.52397252176539,-0.00213640072296363,2.02980113564248e-05,0.52397252176539,0.52397252176539,-0.000373746167090738,-0.000146347901764929,-0.000146347901764929,0,0,0,0,0,0,0,0,0,0,0,0,0,1,1428,0,0,0,0,0,0,8.31334373674331e-07,-2.70669886474428e-06,8.31334373674331e-07,0,0,1,0
1.428,0.523598775598299,0.523970391486846,-0.00212416706899612,2.01956426078104e-05,0.523970391486846,0.523970391486846,-0.000371615888546839,-0.000145496042820579,-0.000145496042820579,0,0,0,0,0,0,0,0,0,0,0,0,0,1,1429,0,0,0,0,0,0,7.77364763893118e-07,-2.64907440410416e-06,7.77364763893118e-07,0,0,1,0
1.429,0.523598775598299,0.523968273410501,-0.00211199635220065,2.0092869201397e-05,0.523968273410501,0.523968273410501,-0.00036949781220208,-0.000144649600338408,-0.000144649600338408,0,0,0,0,0,0,0,0,0,0,0,0,0,1,1430,0,0,0,0,0,0,7.24146369202039e-07,-2.59253300806872e-06,7.24146369202039e-07,0,0,1,0
1.43,0.523598775598299,0.523966167473335,-0.00209988873643228,1.99897264959206e-05,0.523966167473335,0.523966167473335,-0.000367391875035761,-0.000143808545382918,-0.000143808545382918,0,0,0,0,0,0,0,0,0,0,0,0,0,1,1431,0,0,0,0,0,0,6.71678394126296e-07,-2.53706888804321e-06,6.71678394126296e-07,0,0,1,0
1.431,0.523598775598299,0.523964073612172,-0.00208784436666846,1.98862494678442e-05,0.523964073612172,0.523964073612172,-0.00036529801387275,-0.000142972848113733,-0.000142972848113733,0,0,0,0,0,0,0,0,0,0,0,0,0,1,1432,0,0,0,0,0,0,6.19959558578742e-07,-2.48267523125139e-06,6.19959558578742e-07,0,0,1,0
1.432,0.523598775598299,0.523961991763701,-0.00207586336923827,1.97824726678823e-05,0.523961991763701,0.523961991763701,-0.000363216165402469,-0.000142142477847911,-0.000142142477847911,0,0,0,0,0,0,0,0,0,0,0,0,0,1,1433,0,0,0,0,0,0,5.6898811862105e-07,-2.42934426387639e-06,5.6898811862105e-07,0,0,1,0
1.433,0.523598775598299,0.523959921864496,-0.00206394585207386,1.9678430180437e-05,0.523959921864496,0.523959921864496,-0.000361146266196988,-0.000141317403118798,-0.000141317403118798,0,0,0,0,0,0,0,0,0,0,0,0,0,1,1434,0,0,0,0,0,0,5.18761885892616e-07,-2.37706730956571e-06,5.18761885892616e-07,0,0,1,0
1.434,0.523598775598299,0.523957863851028,-0.00205209190498238,1.95741555864765e-05,0.523957863851028,0.523957863851028,-0.000359088252729678,-0.00014049759173538,-0.00014049759173538,0,0,0,0,0,0,0,0,0,0,0,0,0,1,1435,0,0,0,0,0,0,4.69278248371729e-07,-2.32583485054814e-06,4.69278248371729e-07,0,0,1,0
1.435,0.523598775598299,0.523955817659692,-0.00204030159993692,1.94696819288843e-05,0.523955817659692,0.523955817659692,-0.000357042061392865,-0.000139683010837961,-0.000139683010837961,0,0,0,0,0,0,0,0,0,0,0,0,0,1,1436,0,0,0,0,0,0,4.20534189249366e-07,-2.27563658270207e-06,4.20534189249366e-07,0,0,1,0
1.436,0.523598775598299,0.523953783226815,-0.0020285749913847,1.93650416809642e-05,0.523953783226815,0.523953783226815,-0.000355007628516035,-0.000138873626954429,-0.000138873626954429,0,0,0,0,0,0,0,0,0,0,0,0,0,1,1437,0,0,0,0,0,0,3.7252630735729e-07,-2.22646147392052e-06,3.7252630735729e-07,0,0,1,0
1.437,0.523598775598299,0.523951760488681,-0.00201691211657137,1.92602667171336e-05,0.523951760488681,0.523951760488681,-0.000352984890382491,-0.000138069406051442,-0.000138069406051442,0,0,0,0,0,0,0,0,0,0,0,0,0,1,1438,0,0,0,0,0,0,3.25250834709578e-07,-2.17829781382517e-06,3.25250834709578e-07,0,0,1,0
1.438,0.523598775598299,0.523949749381546,-0.00200531299587973,1.91553882869708e-05,0.523949749381546,0.523949749381546,-0.000350973783246999,-0.000137270313587498,-0.000137270313587498,0,0,0,0,0,0,0,0,0,0,0,0,0,1,1439,0,0,0,0,0,0,2.78703656597656e-07,-2.13113326957761e-06,2.78703656597656e-07,0,0,1,0
1.439,0.523598775598299,0.523947749841651,-0.00199377763318151,1.90504369910871e-05,0.523947749841651,0.523947749841651,-0.00034897424335234,-0.000136476314562203,-0.000136476314562203,0,0,0,0,0,0,0,0,0,0,0,0,0,1,1440,0,0,0,0,0,0,2.32880329131824e-07,-2.08495493400488e-06,2.32880329131824e-07,0,0,1,0
1.44,0.523598775598299,0.523945761805244,-0.00198230601620111,1.89454427596529e-05,0.523945761805244,0.523945761805244,-0.000346986206945177,-0.000135687373563003,-0.000135687373563003,0,0,0,0,0,0,0,0,0,0,0,0,0,1,1441,0,0,0,0,0,0,1.87776097115844e-07,-2.03974937391591e-06,1.87776097115844e-07,0,0,1,0
1.441,0.523598775598299,0.523943785208591,-0.00197089811688969,1.88404348336522e-05,0.523943785208591,0.523943785208591,-0.000345009610292379,-0.000134903454812425,-0.000134903454812425,0,0,0,0,0,0,0,0,0,0,0,0,0,1,1442,0,0,0,0,0,0,1.4338591169949e-07,-1.99550267713578e-06,1.4338591169949e-07,0,0,1,0
1.442,0.523598775598299,0.523941819987996,-0.00195955389180862,1.87354417479149e-05,0.523941819987996,0.523941819987996,-0.0003430443896969,-0.000134124522213432,-0.000134124522213432,0,0,0,0,0,0,0,0,0,0,0,0,0,1,1443,0,0,0,0,0,0,9.97044480310905e-08,-1.95220049888361e-06,9.97044480310905e-08,0,0,1,0
1.443,0.523598775598299,0.523939866079811,-0.00194827328252105,1.86304913160667e-05,0.523939866079811,0.523939866079811,-0.00034109048151254,-0.000133350539391163,-0.000133350539391163,0,0,0,0,0,0,0,0,0,0,0,0,0,1,1444,0,0,0,0,0,0,5.67261216888326e-08,-1.90982810424048e-06,5.67261216888326e-08,0,0,1,0
1.444,0.523598775598299,0.523937923420457,-0.00193705621599063,1.85256106180095e-05,0.523937923420457,0.523937923420457,-0.000339147822158603,-0.000132581469733786,-0.000132581469733786,0,0,0,0,0,0,0,0,0,0,0,0,0,1,1445,0,0,0,0,0,0,1.44451046679706e-08,-1.86837040886084e-06,1.44451046679706e-08,0,0,1,0
1.445,0.523598775598299,0.523935991946434,-0.001925902604986,1.84208259894102e-05,0.523935991946434,0.523935991946434,-0.000337216348134883,-0.000131817276433706,-0.000131817276433706,0,0,0,0,0,0,0,0,0,0,0,0,0,1,1446,0,0,0,0,0,0,-2.71446575217382e-08,-1.82781202214541e-06,-2.71446575217382e-08,0,0,1,0
1.446,0.523598775598299,0.523934071594334,-0.00191481234849029,1.83161630124567e-05,0.523934071594334,0.523934071594334,-0.000335295996035434,-0.00013105792252494,-0.00013105792252494,0,0,0,0,0,0,0,0,0,0,0,0,0,1,1447,0,0,0,0,0,0,-6.80494314231339e-08,-1.78813728270632e-06,-6.80494314231339e-08,0,0,1,0
1.447,0.523598775598299,0.52393216230086,-0.0019037853321147,1.82116465087292e-05,0.52393216230086,0.52393216230086,-0.000333386702561667,-0.000130303370918224,-0.000130303370918224,0,0,0,0,0,0,0,0,0,0,0,0,0,1,1448,0,0,0,0,0,0,-1.08275680088532e-07,-1.7493302963892e-06,-1.08275680088532e-07,0,0,1,0
1.448,0.523598775598299,0.523930264002835,-0.00189282142851492,1.81073005341885e-05,0.523930264002835,0.523930264002835,-0.000331488404536118,-0.000129553584437479,-0.000129553584437479,0,0,0,0,0,0,0,0,0,0,0,0,0,1,1449,0,0,0,0,0,0,-1.47830048091713e-07,-1.71137497235367e-06,-1.47830048091713e-07,0,0,1,0
1.449,0.523598775598299,0.523928376637214,-0.00188192049780975,1.80031483751055e-05,0.523928376637214,0.523928376637214,-0.000329601038914995,-0.000128808525852542,-0.000128808525852542,0,0,0,0,0,0,0,0,0,0,0,0,0,1,1450,0,0,0,0,0,0,-1.86719347650133e-07,-1.67425505575463e-06,-1.86719347650133e-07,0,0,1,0
1.45,0.523598775598299,0.523926500141099,-0.00187108238800104,1.7899212545803e-05,0.523926500141099,0.523926500141099,-0.000327724542800278,-0.000128068157910326,-0.000128068157910326,0,0,0,0,0,0,0,0,0,0,0,0,0,1,1451,0,0,0,0,0,0,-2.24950544414071e-07,-1.63795416096039e-06,-2.24950544414071e-07,0,0,1,0
1.451,0.523598775598299,0.523924634451751,-0.00186030693539415,1.77955147880401e-05,0.523924634451751,0.523924634451751,-0.000325858853452043,-0.000127332443366227,-0.000127332443366227,0,0,0,0,0,0,0,0,0,0,0,0,0,1,1452,0,0,0,0,0,0,-2.62530744254974e-07,-1.6024558017328e-06,-2.62530744254974e-07,0,0,1,0
1.452,0.523598775598299,0.523922779506598,-0.0018495939650181,1.76920760713386e-05,0.523922779506598,0.523922779506598,-0.000324003908299564,-0.00012660134501189,-0.00012660134501189,0,0,0,0,0,0,0,0,0,0,0,0,0,1,1453,0,0,0,0,0,0,-2.99467180164825e-07,-1.56774342079959e-06,-2.99467180164825e-07,0,0,1,0
1.453,0.523598775598299,0.523920935243252,-0.00183894329104484,1.75889165950293e-05,0.523920935243252,0.523920935243252,-0.000322159644952857,-0.000125874825703894,-0.000125874825703894,0,0,0,0,0,0,0,0,0,0,0,0,0,1,1454,0,0,0,0,0,0,-3.35767199266535e-07,-1.53380041883967e-06,-3.35767199266535e-07,0,0,1,0
1.454,0.523598775598299,0.523919101599511,-0.00182835471720689,1.74860557910421e-05,0.523919101599511,0.523919101599511,-0.000320326001212679,-0.000125152848387952,-0.000125152848387952,0,0,0,0,0,0,0,0,0,0,0,0,0,1,1455,0,0,0,0,0,0,-3.71438251489664e-07,-1.50061017872112e-06,-3.71438251489664e-07,0,0,1,0
1.455,0.523598775598299,0.52391727851338,-0.0018178280372127,1.73835123285278e-05,0.52391727851338,0.52391727851338,-0.000318502915081176,-0.00012443537612468,-0.00012443537612468,0,0,0,0,0,0,0,0,0,0,0,0,0,1,1456,0,0,0,0,0,0,-4.0648787758002e-07,-1.46815609132023e-06,-4.0648787758002e-07,0,0,1,0
1.456,0.523598775598299,0.52391546592307,-0.00180736303515911,1.7281304119049e-05,0.52391546592307,0.52391546592307,-0.000316690324771662,-0.000123722372112737,-0.000123722372112737,0,0,0,0,0,0,0,0,0,0,0,0,0,1,1457,0,0,0,0,0,0,-4.40923697109241e-07,-1.4364215811289e-06,-4.40923697109241e-07,0,0,1,0
1.457,0.523598775598299,0.523913663767017,-0.00179695948594044,1.71794483228785e-05,0.523913663767017,0.523913663767017,-0.000314888168718164,-0.000123013799711164,-0.000123013799711164,0,0,0,0,0,0,0,0,0,0,0,0,0,1,1458,0,0,0,0,0,0,-4.7475339814973e-07,-1.40539012717005e-06,-4.7475339814973e-07,0,0,1,0
1.458,0.523598775598299,0.523911871983883,-0.00178661715565366,1.7077961356144e-05,0.523911871983883,0.523911871983883,-0.000313096385584077,-0.000122309622459157,-0.000122309622459157,0,0,0,0,0,0,0,0,0,0,0,0,0,1,1459,0,0,0,0,0,0,-5.07984726727528e-07,-1.37504528437203e-06,-5.07984726727528e-07,0,0,1,0
1.459,0.523598775598299,0.523910090512569,-0.00177633580199921,1.69768588992069e-05,0.523910090512569,0.523910090512569,-0.000311314914270611,-0.00012160980409509,-0.00012160980409509,0,0,0,0,0,0,0,0,0,0,0,0,0,1,1460,0,0,0,0,0,0,-5.40625476941337e-07,-1.34537070300804e-06,-5.40625476941337e-07,0,0,1,0
1.46,0.523598775598299,0.523908319292225,-0.00176611517467671,1.68761559059205e-05,0.523908319292225,0.523908319292225,-0.000309543693925995,-0.000120914308577499,-0.000120914308577499,0,0,0,0,0,0,0,0,0,0,0,0,0,1,1461,0,0,0,0,0,0,-5.72683480637437e-07,-1.31635014921552e-06,-5.72683480637437e-07,0,0,1,0
1.461,0.523598775598299,0.523906558262251,-0.00175595501577562,1.67758666126798e-05,0.523906558262251,0.523906558262251,-0.00030778266395215,-0.000120223100099052,-0.000120223100099052,0,0,0,0,0,0,0,0,0,0,0,0,0,1,1462,0,0,0,0,0,0,-6.04166598860978e-07,-1.28796752061884e-06,-6.04166598860978e-07,0,0,1,0
1.462,0.523598775598299,0.523904807362311,-0.0017458550601602,1.66760045494366e-05,0.523904807362311,0.523904807362311,-0.00030603176401256,-0.000119536143103741,-0.000119536143103741,0,0,0,0,0,0,0,0,0,0,0,0,0,1,1463,0,0,0,0,0,0,-6.35082712752144e-07,-1.26020686338775e-06,-6.35082712752144e-07,0,0,1,0
1.463,0.523598775598299,0.523903066532338,-0.0017358150358483,1.65765825507522e-05,0.523903066532338,0.523903066532338,-0.000304290934039497,-0.000118853402302187,-0.000118853402302187,0,0,0,0,0,0,0,0,0,0,0,0,0,1,1464,0,0,0,0,0,0,-6.65439714553351e-07,-1.23305238892469e-06,-6.65439714553351e-07,0,0,1,0
1.464,0.523598775598299,0.523901335712539,-0.00172583466438393,1.64776127673166e-05,0.523901335712539,0.523901335712539,-0.000302560114240125,-0.00011817484268389,-0.00011817484268389,0,0,0,0,0,0,0,0,0,0,0,0,0,1,1465,0,0,0,0,0,0,-6.95245500503816e-07,-1.20648848541869e-06,-6.95245500503816e-07,0,0,1,0
1.465,0.523598775598299,0.523899614843403,-0.00171591366120302,1.63791066785602e-05,0.523899614843403,0.523899614843403,-0.000300839245103712,-0.000117500429532446,-0.000117500429532446,0,0,0,0,0,0,0,0,0,0,0,0,0,1,1466,0,0,0,0,0,0,-7.24507962068799e-07,-1.18049973387769e-06,-7.24507962068799e-07,0,0,1,0
1.466,0.523598775598299,0.523897903865705,-0.00170605173599242,1.62810751048283e-05,0.523897903865705,0.523897903865705,-0.000299128267406523,-0.000116830128434423,-0.000116830128434423,0,0,0,0,0,0,0,0,0,0,0,0,0,1,1467,0,0,0,0,0,0,-7.53234979278261e-07,-1.15507091844242e-06,-7.53234979278261e-07,0,0,1,0
1.467,0.523598775598299,0.523896202720517,-0.00169624859304165,1.61835282211185e-05,0.523896202720517,0.523896202720517,-0.00029742712221803,-0.000116163905291842,-0.000116163905291842,0,0,0,0,0,0,0,0,0,0,0,0,0,1,1468,0,0,0,0,0,0,-7.8143441362144e-07,-1.1301870379175e-06,-7.8143441362144e-07,0,0,1,0
1.468,0.523598775598299,0.523894511349205,-0.00168650393158721,1.60864755704542e-05,0.523894511349205,0.523894511349205,-0.000295735750906023,-0.000115501726331655,-0.000115501726331655,0,0,0,0,0,0,0,0,0,0,0,0,0,1,1469,0,0,0,0,0,0,-8.09114101052444e-07,-1.10583331701581e-06,-8.09114101052444e-07,0,0,1,0
1.469,0.523598775598299,0.52389282969344,-0.00167681744614938,1.59899260777968e-05,0.52389282969344,0.52389282969344,-0.000294054095141272,-0.000114843558114036,-0.000114843558114036,0,0,0,0,0,0,0,0,0,0,0,0,0,1,1470,0,0,0,0,0,0,-8.36281846217091e-07,-1.08199521433434e-06,-8.36281846217091e-07,0,0,1,0
1.47,0.523598775598299,0.523891157695201,-0.00166718882686114,1.58938880644727e-05,0.523891157695201,0.523891157695201,-0.000292382096902299,-0.000114189367541011,-0.000114189367541011,0,0,0,0,0,0,0,0,0,0,0,0,0,1,1471,0,0,0,0,0,0,-8.62945416124639e-07,-1.05865843188179e-06,-8.62945416124639e-07,0,0,1,0
1.471,0.523598775598299,0.523889495296778,-0.00165761775978932,1.57983692626117e-05,0.523889495296778,0.523889495296778,-0.000290719698479602,-0.00011353912186361,-0.00011353912186361,0,0,0,0,0,0,0,0,0,0,0,0,0,1,1472,0,0,0,0,0,0,-8.89112534485648e-07,-1.0358089228505e-06,-8.89112534485648e-07,0,0,1,0
1.472,0.523598775598299,0.523887842440778,-0.00164810392724756,1.57033768298574e-05,0.523887842440778,0.523887842440778,-0.000289066842479535,-0.000112892788688188,-0.000112892788688188,0,0,0,0,0,0,0,0,0,0,0,0,0,1,1473,0,0,0,0,0,0,-9.14790876826999e-07,-1.0134328973651e-06,-9.14790876826999e-07,0,0,1,0
1.473,0.523598775598299,0.523886199070127,-0.00163864700810128,1.56089173643087e-05,0.523886199070127,0.523886199070127,-0.000287423471827974,-0.000112250335982191,-0.000112250335982191,0,0,0,0,0,0,0,0,0,0,0,0,0,1,1474,0,0,0,0,0,0,-9.39988064829755e-07,-9.91516830401817e-07,-9.39988064829755e-07,0,0,1,0
1.474,0.523598775598299,0.523884565128072,-0.00162924667806438,1.55149969195692e-05,0.523884565128072,0.523884565128072,-0.000285789529773317,-0.0001116117320782,-0.0001116117320782,0,0,0,0,0,0,0,0,0,0,0,0,0,1,1475,0,0,0,0,0,0,-9.64711662554407e-07,-9.7004746469633e-07,-9.64711662554407e-07,0,0,1,0
1.475,0.523598775598299,0.523882940558189,-0.0016199026099876,1.54216210202007e-05,0.523882940558189,0.523882940558189,-0.00028416495988981,-0.000110976945678962,-0.000110976945678962,0,0,0,0,0,0,0,0,0,0,0,0,0,1,1476,0,0,0,0,0,0,-9.8896917122282e-07,-9.49011817652306e-07,-9.8896917122282e-07,0,0,1,0
1.476,0.523598775598299,0.523881325304379,-0.00161061447413853,1.53287946769029e-05,0.523881325304379,0.523881325304379,-0.000282549706080215,-0.00011034594586069,-0.00011034594586069,0,0,0,0,0,0,0,0,0,0,0,0,0,1,1477,0,0,0,0,0,0,-1.01276802577654e-06,-9.28397183543191e-07,-1.01276802577654e-06,0,0,1,0
1.477,0.523598775598299,0.523879719310877,-0.00160138193847325,1.52365224018573e-05,0.523879719310877,0.523879719310877,-0.000280943712578141,-0.000109718702075574,-0.000109718702075574,0,0,0,0,0,0,0,0,0,0,0,0,0,1,1478,0,0,0,0,0,0,-1.03611559043593e-06,-9.08191138528493e-07,-1.03611559043593e-06,0,0,1,0
1.478,0.523598775598299,0.523878122522249,-0.00159220466889957,1.51448082242153e-05,0.523878122522249,0.523878122522249,-0.000279346923950263,-0.000109095184154081,-0.000109095184154081,0,0,0,0,0,0,0,0,0,0,0,0,0,1,1479,0,0,0,0,0,0,-1.0590191557025e-06,-8.88381541883478e-07,-1.0590191557025e-06,0,0,1,0
1.479,0.523598775598299,0.523876534883397,-0.00158308232953187,1.50536557055237e-05,0.523876534883397,0.523876534883397,-0.000277759285098211,-0.000108475362306472,-0.000108475362306472,0,0,0,0,0,0,0,0,0,0,0,0,0,1,1480,0,0,0,0,0,0,-1.08148593502833e-06,-8.68956538261582e-07,-1.08148593502833e-06,0,0,1,0
1.48,0.523598775598299,0.523874956339559,-0.00157401458293749,1.49630679551486e-05,0.523874956339559,0.523874956339559,-0.000276180741260679,-0.000107859207125029,-0.000107859207125029,0,0,0,0,0,0,0,0,0,0,0,0,0,1,1481,0,0,0,0,0,0,-1.10352306137429e-06,-8.49904560376287e-07,-1.10352306137429e-06,0,0,1,0
1.481,0.523598775598299,0.523873386836313,-0.00156500109037486,1.48730476452625e-05,0.523873386836313,0.523873386836313,-0.000274611238013867,-0.000107246689581892,-0.000107246689581892,0,0,0,0,0,0,0,0,0,0,0,0,0,1,1482,0,0,0,0,0,0,-1.12513758532273e-06,-8.31214327622564e-07,-1.12513758532273e-06,0,0,1,0
1.482,0.523598775598299,0.523871826319573,-0.00155604151202324,1.47835970267398e-05,0.523871826319573,0.523871826319573,-0.000273050721273704,-0.000106637781031842,-0.000106637781031842,0,0,0,0,0,0,0,0,0,0,0,0,0,1,1483,0,0,0,0,0,0,-1.14633647152473e-06,-8.12874849340423e-07,-1.14633647152473e-06,0,0,1,0
1.483,0.523598775598299,0.523870274735595,-0.00154713550720414,1.46947179438341e-05,0.523870274735595,0.523870274735595,-0.000271499137296183,-0.000106032453210085,-0.000106032453210085,0,0,0,0,0,0,0,0,0,0,0,0,0,1,1484,0,0,0,0,0,0,-1.1671265971458e-06,-7.94875422808388e-07,-1.1671265971458e-06,0,0,1,0
1.484,0.523598775598299,0.523868732030977,-0.00153828273459456,1.46064118494782e-05,0.523868732030977,0.523868732030977,-0.000269956432678464,-0.000105430678232288,-0.000105430678232288,0,0,0,0,0,0,0,0,0,0,0,0,0,1,1485,0,0,0,0,0,0,-1.18751474942336e-06,-7.77205633795781e-07,-1.18751474942336e-06,0,0,1,0
1.485,0.523598775598299,0.523867198152658,-0.0015294828524321,1.45186798200492e-05,0.523867198152658,0.523867198152658,-0.000268422554359216,-0.000104832428592633,-0.000104832428592633,0,0,0,0,0,0,0,0,0,0,0,0,0,1,1486,0,0,0,0,0,0,-1.20750762400146e-06,-7.59855355156737e-07,-1.20750762400146e-06,0,0,1,0
1.486,0.523598775598299,0.523865673047918,-0.00152073551871204,1.44315225702245e-05,0.523865673047918,0.523865673047918,-0.000266897449618941,-0.000104237677162021,-0.000104237677162021,0,0,0,0,0,0,0,0,0,0,0,0,0,1,1487,0,0,0,0,0,0,-1.22711182348745e-06,-7.42814744987596e-07,-1.22711182348745e-06,0,0,1,0
1.487,0.523598775598299,0.523864156664379,-0.00151204039137638,1.43449404676425e-05,0.523864156664379,0.523864156664379,-0.000265381066080206,-0.000103646397186115,-0.000103646397186115,0,0,0,0,0,0,0,0,0,0,0,0,0,1,1488,0,0,0,0,0,0,-1.24633385556461e-06,-7.260742461311e-07,-1.24633385556461e-06,0,0,1,0
1.488,0.523598775598299,0.523862648950006,-0.001503397128495,1.42589335472943e-05,0.523862648950006,0.523862648950006,-0.000263873351707522,-0.000103058562282618,-0.000103058562282618,0,0,0,0,0,0,0,0,0,0,0,0,0,1,1489,0,0,0,0,0,0,-1.26518013210397e-06,-7.09624583138894e-07,-1.26518013210397e-06,0,0,1,0
1.489,0.523598775598299,0.523861149853106,-0.00149480538843909,1.41735015257891e-05,0.523861149853106,0.523861149853106,-0.000262374254807463,-0.000102474146439298,-0.000102474146439298,0,0,0,0,0,0,0,0,0,0,0,0,0,1,1490,0,0,0,0,0,0,-1.28365696772104e-06,-6.93456760890139e-07,-1.28365696772104e-06,0,0,1,0
1.49,0.523598775598299,0.523859659322327,-0.00148626483004695,1.40886438151129e-05,0.523859659322327,0.523859659322327,-0.000260883724027772,-0.000101893124009455,-0.000101893124009455,0,0,0,0,0,0,0,0,0,0,0,0,0,1,1491,0,0,0,0,0,0,-1.30177057922065e-06,-6.77562060970825e-07,-1.30177057922065e-06,0,0,1,0
1.491,0.523598775598299,0.523858177306656,-0.00147777511278229,1.40043595366922e-05,0.523858177306656,0.523858177306656,-0.000259401708357032,-0.000101315469709044,-0.000101315469709044,0,0,0,0,0,0,0,0,0,0,0,0,0,1,1492,0,0,0,0,0,0,-1.31952708515293e-06,-6.61932037920583e-07,-1.31952708515293e-06,0,0,1,0
1.492,0.523598775598299,0.523856703755423,-0.00146933589688502,1.39206475349312e-05,0.523856703755423,0.523856703755423,-0.00025792815712411,-0.000100741158613334,-0.000100741158613334,0,0,0,0,0,0,0,0,0,0,0,0,0,1,1493,0,0,0,0,0,0,-1.33693250448097e-06,-6.46558518038764e-07,-1.33693250448097e-06,0,0,1,0
1.493,0.523598775598299,0.523855238618296,-0.00146094684351484,1.38375063903818e-05,0.523855238618296,0.523855238618296,-0.000256463019997266,-0.000100170166152811,-0.000100170166152811,0,0,0,0,0,0,0,0,0,0,0,0,0,1,1494,0,0,0,0,0,0,-1.35399275646986e-06,-6.31433595037548e-07,-1.35399275646986e-06,0,0,1,0
1.494,0.523598775598299,0.523853781845282,-0.00145260761488779,1.37549344327461e-05,0.523853781845282,0.523853781845282,-0.000255006246982825,-9.96024681080419e-05,-9.96024681080419e-05,0,0,0,0,0,0,0,0,0,0,0,0,0,1,1495,0,0,0,0,0,0,-1.37071366101971e-06,-6.16549624672105e-07,-1.37071366101971e-06,0,0,1,0
1.495,0.523598775598299,0.523852333386723,-0.00144431787440566,1.36729297539285e-05,0.523852333386723,0.523852333386723,-0.000253557788424508,-9.90380406064749e-05,-9.90380406064749e-05,0,0,0,0,0,0,0,0,0,0,0,0,0,1,1496,0,0,0,0,0,0,-1.3871009377775e-06,-6.01899222834028e-07,-1.3871009377775e-06,0,0,1,0
1.496,0.523598775598299,0.523850893193301,-0.00143607728677865,1.35914902203223e-05,0.523850893193301,0.523850893193301,-0.000252117595001988,-9.84768601172844e-05,-9.84768601172844e-05,0,0,0,0,0,0,0,0,0,0,0,0,0,1,1497,0,0,0,0,0,0,-1.40316020635911e-06,-5.87475260790059e-07,-1.40316020635911e-06,0,0,1,0
1.497,0.523598775598299,0.523849461216028,-0.00142788551814138,1.35106134850767e-05,0.523849461216028,0.523849461216028,-0.00025068561772934,-9.79189034460686e-05,-9.79189034460686e-05,0,0,0,0,0,0,0,0,0,0,0,0,0,1,1498,0,0,0,0,0,0,-1.41889698701547e-06,-5.73270859395049e-07,-1.41889698701547e-06,0,0,1,0
1.498,0.523598775598299,0.523848037406253,-0.00141974223616226,1.34302970002282e-05,0.523848037406253,0.523848037406253,-0.000249261807954038,-9.73641477311851e-05,-9.73641477311851e-05,0,0,0,0,0,0,0,0,0,0,0,0,0,1,1499,0,0,0,0,0,0,-1.43431670007743e-06,-5.59279386759407e-07,-1.43431670007743e-06,0,0,1,0
1.499,0.523598775598299,0.523846621715654,-0.00141164711014657,1.33505380280655e-05,0.523846621715654,0.523846621715654,-0.000247846117354844,-9.68125704372304e-05,-9.68125704372304e-05,0,0,0,0,0,0,0,0,0,0,0,0,0,1,1500,0,0,0,0,0,0,-1.4494246666219e-06,-5.45494452764989e-07,-1.4494246666219e-06,0,0,1,0
1.5,0.523598775598299,0.523845214096239,-0.00140359981113335,1.32713336527669e-05,0.523845214096239,0.523845214096239,-0.000246438497940371,-9.62641493504658e-05,-9.62641493504658e-05,0,0,0,0,0,0,0,0,0,0,0,0,0,1,1501,0,0,0,0,0,0,-1.46422610924901e-06,-5.3190990344427e-07,-1.46422610924901e-06,0,0,1,0
