time_s,reference_rad,position_rad,velocity_rad_s,current_A,sensor_side_measurement_rad,received_measurement_rad,tracking_error_rad,command_V,unsaturated_command_V,capacitive_current_A,capacitive_voltage_V,inductive_voltage_V,shared_impedance_voltage_V,ground_common_mode_voltage_V,ground_differential_voltage_V,receiver_differential_voltage_V,equivalent_encoder_error_rad,physical_source_window_active,ground_window_active,communication_channel_enabled,transmit_delay_samples,packet_dropped,sample_received,accepted_source_index,accepted_delay_samples,held_last,measurement_age_samples,measurement_age_s,collision_discard_count,out_of_order_discard_count,delta_position_rad,delta_command_V,delta_received_measurement_rad,pre_window_active,analysis_window_active,post_window_active,configured_fault_window_active
0,0,0,0,0,0,0,0,0,0,0,0,0,0,0,0,0,0,0,0,0,0,0,1,1,0,0,0,0,0,0,0,0,0,1,0,0,0
0.001,0,0,0,0,0,0,0,0,0,0,0,0,0,0,0,0,0,0,0,0,0,0,1,2,0,0,0,0,0,0,0,0,0,1,0,0,0
0.002,0,0,0,0,0,0,0,0,0,0,0,0,0,0,0,0,0,0,0,0,0,0,1,3,0,0,0,0,0,0,0,0,0,1,0,0,0
0.003,0,0,0,0,0,0,0,0,0,0,0,0,0,0,0,0,0,0,0,0,0,0,1,4,0,0,0,0,0,0,0,0,0,1,0,0,0
0.004,0,0,0,0,0,0,0,0,0,0,0,0,0,0,0,0,0,0,0,0,0,0,1,5,0,0,0,0,0,0,0,0,0,1,0,0,0
0.005,0,0,0,0,0,0,0,0,0,0,0,0,0,0,0,0,0,0,0,0,0,0,1,6,0,0,0,0,0,0,0,0,0,1,0,0,0
0.006,0,0,0,0,0,0,0,0,0,0,0,0,0,0,0,0,0,0,0,0,0,0,1,7,0,0,0,0,0,0,0,0,0,1,0,0,0
0.007,0,0,0,0,0,0,0,0,0,0,0,0,0,0,0,0,0,0,0,0,0,0,1,8,0,0,0,0,0,0,0,0,0,1,0,0,0
0.008,0,0,0,0,0,0,0,0,0,0,0,0,0,0,0,0,0,0,0,0,0,0,1,9,0,0,0,0,0,0,0,0,0,1,0,0,0
0.009,0,0,0,0,0,0,0,0,0,0,0,0,0,0,0,0,0,0,0,0,0,0,1,10,0,0,0,0,0,0,0,0,0,1,0,0,0
0.01,0,0,0,0,0,0,0,0,0,0,0,0,0,0,0,0,0,0,0,0,0,0,1,11,0,0,0,0,0,0,0,0,0,1,0,0,0
0.011,0,0,0,0,0,0,0,0,0,0,0,0,0,0,0,0,0,0,0,0,0,0,1,12,0,0,0,0,0,0,0,0,0,1,0,0,0
0.012,0,0,0,0,0,0,0,0,0,0,0,0,0,0,0,0,0,0,0,0,0,0,1,13,0,0,0,0,0,0,0,0,0,1,0,0,0
0.013,0,0,0,0,0,0,0,0,0,0,0,0,0,0,0,0,0,0,0,0,0,0,1,14,0,0,0,0,0,0,0,0,0,1,0,0,0
0.014,0,0,0,0,0,0,0,0,0,0,0,0,0,0,0,0,0,0,0,0,0,0,1,15,0,0,0,0,0,0,0,0,0,1,0,0,0
0.015,0,0,0,0,0,0,0,0,0,0,0,0,0,0,0,0,0,0,0,0,0,0,1,16,0,0,0,0,0,0,0,0,0,1,0,0,0
0.016,0,0,0,0,0,0,0,0,0,0,0,0,0,0,0,0,0,0,0,0,0,0,1,17,0,0,0,0,0,0,0,0,0,1,0,0,0
0.017,0,0,0,0,0,0,0,0,0,0,0,0,0,0,0,0,0,0,0,0,0,0,1,18,0,0,0,0,0,0,0,0,0,1,0,0,0
0.018,0,0,0,0,0,0,0,0,0,0,0,0,0,0,0,0,0,0,0,0,0,0,1,19,0,0,0,0,0,0,0,0,0,1,0,0,0
0.019,0,0,0,0,0,0,0,0,0,0,0,0,0,0,0,0,0,0,0,0,0,0,1,20,0,0,0,0,0,0,0,0,0,1,0,0,0
0.02,0,0,0,0,0,0,0,0,0,0,0,0,0,0,0,0,0,0,0,0,0,0,1,21,0,0,0,0,0,0,0,0,0,1,0,0,0
0.021,0,0,0,0,0,0,0,0,0,0,0,0,0,0,0,0,0,0,0,0,0,0,1,22,0,0,0,0,0,0,0,0,0,1,0,0,0
0.022,0,0,0,0,0,0,0,0,0,0,0,0,0,0,0,0,0,0,0,0,0,0,1,23,0,0,0,0,0,0,0,0,0,1,0,0,0
0.023,0,0,0,0,0,0,0,0,0,0,0,0,0,0,0,0,0,0,0,0,0,0,1,24,0,0,0,0,0,0,0,0,0,1,0,0,0
0.024,0,0,0,0,0,0,0,0,0,0,0,0,0,0,0,0,0,0,0,0,0,0,1,25,0,0,0,0,0,0,0,0,0,1,0,0,0
0.025,0,0,0,0,0,0,0,0,0,0,0,0,0,0,0,0,0,0,0,0,0,0,1,26,0,0,0,0,0,0,0,0,0,1,0,0,0
0.026,0,0,0,0,0,0,0,0,0,0,0,0,0,0,0,0,0,0,0,0,0,0,1,27,0,0,0,0,0,0,0,0,0,1,0,0,0
0.027,0,0,0,0,0,0,0,0,0,0,0,0,0,0,0,0,0,0,0,0,0,0,1,28,0,0,0,0,0,0,0,0,0,1,0,0,0
0.028,0,0,0,0,0,0,0,0,0,0,0,0,0,0,0,0,0,0,0,0,0,0,1,29,0,0,0,0,0,0,0,0,0,1,0,0,0
0.029,0,0,0,0,0,0,0,0,0,0,0,0,0,0,0,0,0,0,0,0,0,0,1,30,0,0,0,0,0,0,0,0,0,1,0,0,0
0.03,0,0,0,0,0,0,0,0,0,0,0,0,0,0,0,0,0,0,0,0,0,0,1,31,0,0,0,0,0,0,0,0,0,1,0,0,0
0.031,0,0,0,0,0,0,0,0,0,0,0,0,0,0,0,0,0,0,0,0,0,0,1,32,0,0,0,0,0,0,0,0,0,1,0,0,0
0.032,0,0,0,0,0,0,0,0,0,0,0,0,0,0,0,0,0,0,0,0,0,0,1,33,0,0,0,0,0,0,0,0,0,1,0,0,0
0.033,0,0,0,0,0,0,0,0,0,0,0,0,0,0,0,0,0,0,0,0,0,0,1,34,0,0,0,0,0,0,0,0,0,1,0,0,0
0.034,0,0,0,0,0,0,0,0,0,0,0,0,0,0,0,0,0,0,0,0,0,0,1,35,0,0,0,0,0,0,0,0,0,1,0,0,0
0.035,0,0,0,0,0,0,0,0,0,0,0,0,0,0,0,0,0,0,0,0,0,0,1,36,0,0,0,0,0,0,0,0,0,1,0,0,0
0.036,0,0,0,0,0,0,0,0,0,0,0,0,0,0,0,0,0,0,0,0,0,0,1,37,0,0,0,0,0,0,0,0,0,1,0,0,0
0.037,0,0,0,0,0,0,0,0,0,0,0,0,0,0,0,0,0,0,0,0,0,0,1,38,0,0,0,0,0,0,0,0,0,1,0,0,0
0.038,0,0,0,0,0,0,0,0,0,0,0,0,0,0,0,0,0,0,0,0,0,0,1,39,0,0,0,0,0,0,0,0,0,1,0,0,0
0.039,0,0,0,0,0,0,0,0,0,0,0,0,0,0,0,0,0,0,0,0,0,0,1,40,0,0,0,0,0,0,0,0,0,1,0,0,0
0.04,0,0,0,0,0,0,0,0,0,0,0,0,0,0,0,0,0,0,0,0,0,0,1,41,0,0,0,0,0,0,0,0,0,1,0,0,0
0.041,0,0,0,0,0,0,0,0,0,0,0,0,0,0,0,0,0,0,0,0,0,0,1,42,0,0,0,0,0,0,0,0,0,1,0,0,0
0.042,0,0,0,0,0,0,0,0,0,0,0,0,0,0,0,0,0,0,0,0,0,0,1,43,0,0,0,0,0,0,0,0,0,1,0,0,0
0.043,0,0,0,0,0,0,0,0,0,0,0,0,0,0,0,0,0,0,0,0,0,0,1,44,0,0,0,0,0,0,0,0,0,1,0,0,0
0.044,0,0,0,0,0,0,0,0,0,0,0,0,0,0,0,0,0,0,0,0,0,0,1,45,0,0,0,0,0,0,0,0,0,1,0,0,0
0.045,0,0,0,0,0,0,0,0,0,0,0,0,0,0,0,0,0,0,0,0,0,0,1,46,0,0,0,0,0,0,0,0,0,1,0,0,0
0.046,0,0,0,0,0,0,0,0,0,0,0,0,0,0,0,0,0,0,0,0,0,0,1,47,0,0,0,0,0,0,0,0,0,1,0,0,0
0.047,0,0,0,0,0,0,0,0,0,0,0,0,0,0,0,0,0,0,0,0,0,0,1,48,0,0,0,0,0,0,0,0,0,1,0,0,0
0.048,0,0,0,0,0,0,0,0,0,0,0,0,0,0,0,0,0,0,0,0,0,0,1,49,0,0,0,0,0,0,0,0,0,1,0,0,0
0.049,0,0,0,0,0,0,0,0,0,0,0,0,0,0,0,0,0,0,0,0,0,0,1,50,0,0,0,0,0,0,0,0,0,1,0,0,0
0.05,0,0,0,0,0,0,0,0,0,0,0,0,0,0,0,0,0,0,0,0,0,0,1,51,0,0,0,0,0,0,0,0,0,1,0,0,0
0.051,0,0,0,0,0,0,0,0,0,0,0,0,0,0,0,0,0,0,0,0,0,0,1,52,0,0,0,0,0,0,0,0,0,1,0,0,0
0.052,0,0,0,0,0,0,0,0,0,0,0,0,0,0,0,0,0,0,0,0,0,0,1,53,0,0,0,0,0,0,0,0,0,1,0,0,0
0.053,0,0,0,0,0,0,0,0,0,0,0,0,0,0,0,0,0,0,0,0,0,0,1,54,0,0,0,0,0,0,0,0,0,1,0,0,0
0.054,0,0,0,0,0,0,0,0,0,0,0,0,0,0,0,0,0,0,0,0,0,0,1,55,0,0,0,0,0,0,0,0,0,1,0,0,0
0.055,0,0,0,0,0,0,0,0,0,0,0,0,0,0,0,0,0,0,0,0,0,0,1,56,0,0,0,0,0,0,0,0,0,1,0,0,0
0.056,0,0,0,0,0,0,0,0,0,0,0,0,0,0,0,0,0,0,0,0,0,0,1,57,0,0,0,0,0,0,0,0,0,1,0,0,0
0.057,0,0,0,0,0,0,0,0,0,0,0,0,0,0,0,0,0,0,0,0,0,0,1,58,0,0,0,0,0,0,0,0,0,1,0,0,0
0.058,0,0,0,0,0,0,0,0,0,0,0,0,0,0,0,0,0,0,0,0,0,0,1,59,0,0,0,0,0,0,0,0,0,1,0,0,0
0.059,0,0,0,0,0,0,0,0,0,0,0,0,0,0,0,0,0,0,0,0,0,0,1,60,0,0,0,0,0,0,0,0,0,1,0,0,0
0.06,0,0,0,0,0,0,0,0,0,0,0,0,0,0,0,0,0,0,0,0,0,0,1,61,0,0,0,0,0,0,0,0,0,1,0,0,0
0.061,0,0,0,0,0,0,0,0,0,0,0,0,0,0,0,0,0,0,0,0,0,0,1,62,0,0,0,0,0,0,0,0,0,1,0,0,0
0.062,0,0,0,0,0,0,0,0,0,0,0,0,0,0,0,0,0,0,0,0,0,0,1,63,0,0,0,0,0,0,0,0,0,1,0,0,0
0.063,0,0,0,0,0,0,0,0,0,0,0,0,0,0,0,0,0,0,0,0,0,0,1,64,0,0,0,0,0,0,0,0,0,1,0,0,0
0.064,0,0,0,0,0,0,0,0,0,0,0,0,0,0,0,0,0,0,0,0,0,0,1,65,0,0,0,0,0,0,0,0,0,1,0,0,0
0.065,0,0,0,0,0,0,0,0,0,0,0,0,0,0,0,0,0,0,0,0,0,0,1,66,0,0,0,0,0,0,0,0,0,1,0,0,0
0.066,0,0,0,0,0,0,0,0,0,0,0,0,0,0,0,0,0,0,0,0,0,0,1,67,0,0,0,0,0,0,0,0,0,1,0,0,0
0.067,0,0,0,0,0,0,0,0,0,0,0,0,0,0,0,0,0,0,0,0,0,0,1,68,0,0,0,0,0,0,0,0,0,1,0,0,0
0.068,0,0,0,0,0,0,0,0,0,0,0,0,0,0,0,0,0,0,0,0,0,0,1,69,0,0,0,0,0,0,0,0,0,1,0,0,0
0.069,0,0,0,0,0,0,0,0,0,0,0,0,0,0,0,0,0,0,0,0,0,0,1,70,0,0,0,0,0,0,0,0,0,1,0,0,0
0.07,0,0,0,0,0,0,0,0,0,0,0,0,0,0,0,0,0,0,0,0,0,0,1,71,0,0,0,0,0,0,0,0,0,1,0,0,0
0.071,0,0,0,0,0,0,0,0,0,0,0,0,0,0,0,0,0,0,0,0,0,0,1,72,0,0,0,0,0,0,0,0,0,1,0,0,0
0.072,0,0,0,0,0,0,0,0,0,0,0,0,0,0,0,0,0,0,0,0,0,0,1,73,0,0,0,0,0,0,0,0,0,1,0,0,0
0.073,0,0,0,0,0,0,0,0,0,0,0,0,0,0,0,0,0,0,0,0,0,0,1,74,0,0,0,0,0,0,0,0,0,1,0,0,0
0.074,0,0,0,0,0,0,0,0,0,0,0,0,0,0,0,0,0,0,0,0,0,0,1,75,0,0,0,0,0,0,0,0,0,1,0,0,0
0.075,0,0,0,0,0,0,0,0,0,0,0,0,0,0,0,0,0,0,0,0,0,0,1,76,0,0,0,0,0,0,0,0,0,1,0,0,0
0.076,0,0,0,0,0,0,0,0,0,0,0,0,0,0,0,0,0,0,0,0,0,0,1,77,0,0,0,0,0,0,0,0,0,1,0,0,0
0.077,0,0,0,0,0,0,0,0,0,0,0,0,0,0,0,0,0,0,0,0,0,0,1,78,0,0,0,0,0,0,0,0,0,1,0,0,0
0.078,0,0,0,0,0,0,0,0,0,0,0,0,0,0,0,0,0,0,0,0,0,0,1,79,0,0,0,0,0,0,0,0,0,1,0,0,0
0.079,0,0,0,0,0,0,0,0,0,0,0,0,0,0,0,0,0,0,0,0,0,0,1,80,0,0,0,0,0,0,0,0,0,1,0,0,0
0.08,0,0,0,0,0,0,0,0,0,0,0,0,0,0,0,0,0,0,0,0,0,0,1,81,0,0,0,0,0,0,0,0,0,1,0,0,0
0.081,0,0,0,0,0,0,0,0,0,0,0,0,0,0,0,0,0,0,0,0,0,0,1,82,0,0,0,0,0,0,0,0,0,1,0,0,0
0.082,0,0,0,0,0,0,0,0,0,0,0,0,0,0,0,0,0,0,0,0,0,0,1,83,0,0,0,0,0,0,0,0,0,1,0,0,0
0.083,0,0,0,0,0,0,0,0,0,0,0,0,0,0,0,0,0,0,0,0,0,0,1,84,0,0,0,0,0,0,0,0,0,1,0,0,0
0.084,0,0,0,0,0,0,0,0,0,0,0,0,0,0,0,0,0,0,0,0,0,0,1,85,0,0,0,0,0,0,0,0,0,1,0,0,0
0.085,0,0,0,0,0,0,0,0,0,0,0,0,0,0,0,0,0,0,0,0,0,0,1,86,0,0,0,0,0,0,0,0,0,1,0,0,0
0.086,0,0,0,0,0,0,0,0,0,0,0,0,0,0,0,0,0,0,0,0,0,0,1,87,0,0,0,0,0,0,0,0,0,1,0,0,0
0.087,0,0,0,0,0,0,0,0,0,0,0,0,0,0,0,0,0,0,0,0,0,0,1,88,0,0,0,0,0,0,0,0,0,1,0,0,0
0.088,0,0,0,0,0,0,0,0,0,0,0,0,0,0,0,0,0,0,0,0,0,0,1,89,0,0,0,0,0,0,0,0,0,1,0,0,0
0.089,0,0,0,0,0,0,0,0,0,0,0,0,0,0,0,0,0,0,0,0,0,0,1,90,0,0,0,0,0,0,0,0,0,1,0,0,0
0.09,0,0,0,0,0,0,0,0,0,0,0,0,0,0,0,0,0,0,0,0,0,0,1,91,0,0,0,0,0,0,0,0,0,1,0,0,0
0.091,0,0,0,0,0,0,0,0,0,0,0,0,0,0,0,0,0,0,0,0,0,0,1,92,0,0,0,0,0,0,0,0,0,1,0,0,0
0.092,0,0,0,0,0,0,0,0,0,0,0,0,0,0,0,0,0,0,0,0,0,0,1,93,0,0,0,0,0,0,0,0,0,1,0,0,0
0.093,0,0,0,0,0,0,0,0,0,0,0,0,0,0,0,0,0,0,0,0,0,0,1,94,0,0,0,0,0,0,0,0,0,1,0,0,0
0.094,0,0,0,0,0,0,0,0,0,0,0,0,0,0,0,0,0,0,0,0,0,0,1,95,0,0,0,0,0,0,0,0,0,1,0,0,0
0.095,0,0,0,0,0,0,0,0,0,0,0,0,0,0,0,0,0,0,0,0,0,0,1,96,0,0,0,0,0,0,0,0,0,1,0,0,0
0.096,0,0,0,0,0,0,0,0,0,0,0,0,0,0,0,0,0,0,0,0,0,0,1,97,0,0,0,0,0,0,0,0,0,1,0,0,0
0.097,0,0,0,0,0,0,0,0,0,0,0,0,0,0,0,0,0,0,0,0,0,0,1,98,0,0,0,0,0,0,0,0,0,1,0,0,0
0.098,0,0,0,0,0,0,0,0,0,0,0,0,0,0,0,0,0,0,0,0,0,0,1,99,0,0,0,0,0,0,0,0,0,1,0,0,0
0.099,0,0,0,0,0,0,0,0,0,0,0,0,0,0,0,0,0,0,0,0,0,0,1,100,0,0,0,0,0,0,0,0,0,1,0,0,0
0.1,0.523598775598299,0,0,0,0,0,0.523598775598299,1.4072926446309,1.4072926446309,0,0,0,0,0,0,0,0,0,0,0,0,0,1,101,0,0,0,0,0,0,0,0,0,1,0,0,0
0.101,0.523598775598299,4.45218265702949e-05,0.128513015071065,0.445803932742211,4.45218265702949e-05,4.45218265702949e-05,0.523554253771728,1.38892542072261,1.38892542072261,0,0,0,0,0,0,0,0,0,0,0,0,0,1,102,0,0,0,0,0,0,0,0,0,1,0,0,0
0.102,0.523598775598299,0.00031838385052,0.442553049219617,0.709810168316796,0.00031838385052,0.00031838385052,0.523280391747779,1.37064920251435,1.37064920251435,0,0,0,0,0,0,0,0,0,0,0,0,0,1,103,0,0,0,0,0,0,0,0,0,1,0,0,0
0.103,0.523598775598299,0.000965080559626825,0.863890571767915,0.857783766312187,0.000965080559626825,0.000965080559626825,0.522633695038672,1.35206237097213,1.35206237097213,0,0,0,0,0,0,0,0,0,0,0,0,0,1,104,0,0,0,0,0,0,0,0,0,1,0,0,0
0.104,0.523598775598299,0.00206510228706424,1.34265039784167,0.931864162920198,0.00206510228706424,0.00206510228706424,0.521533673311235,1.33293814664519,1.33293814664519,0,0,0,0,0,0,0,0,0,0,0,0,0,1,105,0,0,0,0,0,0,0,0,0,1,0,0,0
0.105,0.523598775598299,0.00365882019882503,1.84712638475507,0.959055829432812,0.00365882019882503,0.00365882019882503,0.519939955399474,1.3131606748891,1.3131606748891,0,0,0,0,0,0,0,0,0,0,0,0,0,1,106,0,0,0,0,0,0,0,0,0,1,0,0,0
0.106,0.523598775598299,0.00576115152665334,2.35725642139455,0.95666706512572,0.00576115152665334,0.00576115152665334,0.517837624071645,1.29268409317719,1.29268409317719,0,0,0,0,0,0,0,0,0,0,0,0,0,1,107,0,0,0,0,0,0,0,0,0,1,0,0,0
0.107,0.523598775598299,0.0083709588486258,2.86044206838806,0.935793901406138,0.0083709588486258,0.0083709588486258,0.515227816749673,1.27150632104951,1.27150632104951,0,0,0,0,0,0,0,0,0,0,0,0,0,1,108,0,0,0,0,0,0,0,0,0,1,0,0,0
0.108,0.523598775598299,0.0114770755216481,3.34887010732695,0.903551791240415,0.0114770755216481,0.0114770755216481,0.512121700076651,1.24965228197709,1.24965228197709,0,0,0,0,0,0,0,0,0,0,0,0,0,1,109,0,0,0,0,0,0,0,0,0,1,0,0,0
0.109,0.523598775598299,0.0150621692937141,3.81779617606732,0.864505185195562,0.0150621692937141,0.0150621692937141,0.508536606304585,1.22716316805648,1.22716316805648,0,0,0,0,0,0,0,0,0,0,0,0,0,1,110,0,0,0,0,0,0,0,0,0,1,0,0,0
0.11,0.523598775598299,0.0191052204968749,4.26444470325191,0.821583308728979,0.0191052204968749,0.0191052204968749,0.504493555101424,1.20408957655543,1.20408957655543,0,0,0,0,0,0,0,0,0,0,0,0,0,1,111,0,0,0,0,0,0,0,0,0,1,0,0,0
0.111,0.523598775598299,0.0235831121783154,4.68730364598261,0.776666822078567,0.0235831121783154,0.0235831121783154,0.500015663419983,1.18048712759693,1.18048712759693,0,0,0,0,0,0,0,0,0,0,0,0,0,1,112,0,0,0,0,0,0,0,0,0,1,0,0,0
0.112,0.523598775598299,0.0284716507836206,5.08567214964507,0.730963661288177,0.0284716507836206,0.0284716507836206,0.495127124814678,1.15641367207565,1.15641367207565,0,0,0,0,0,0,0,0,0,0,0,0,0,1,113,0,0,0,0,0,0,0,0,0,1,0,0,0
0.113,0.523598775598299,0.0337462215107945,5.45937024670473,0.685249837058868,0.0337462215107945,0.0337462215107945,0.489852554087504,1.13192751905639,1.13192751905639,0,0,0,0,0,0,0,0,0,0,0,0,0,1,114,0,0,0,0,0,0,0,0,0,1,0,0,0
0.114,0.523598775598299,0.0393822091123181,5.80855237818639,0.640023730538261,0.0393822091123181,0.0393822091123181,0.484216566485981,1.10708631698504,1.10708631698504,0,0,0,0,0,0,0,0,0,0,0,0,0,1,115,0,0,0,0,0,0,0,0,0,1,0,0,0
0.115,0.523598775598299,0.0453552679427882,6.13358744647892,0.59560497799568,0.0453552679427882,0.0453552679427882,0.478243507655511,1.08194635441002,1.08194635441002,0,0,0,0,0,0,0,0,0,0,0,0,0,1,116,0,0,0,0,0,0,0,0,0,1,0,0,0
0.116,0.523598775598299,0.0516414949559411,6.43498151166334,0.552197860464924,0.0516414949559411,0.0516414949559411,0.471957280642358,1.05656213006334,1.05656213006334,0,0,0,0,0,0,0,0,0,0,0,0,0,1,117,0,0,0,0,0,0,0,0,0,1,0,0,0
0.117,0.523598775598299,0.0582175400775308,6.71332782926786,0.50993195568237,0.0582175400775308,0.0582175400775308,0.465381235520768,1.03098609605619,1.03098609605619,0,0,0,0,0,0,0,0,0,0,0,0,0,1,118,0,0,0,0,0,0,0,0,0,1,0,0,0
0.118,0.523598775598299,0.0650606760316851,6.96927442696146,0.468888224075176,0.0650606760316851,0.0650606760316851,0.458538099566614,1.00526851247641,1.00526851247641,0,0,0,0,0,0,0,0,0,0,0,0,0,1,119,0,0,0,0,0,0,0,0,0,1,0,0,0
0.119,0.523598775598299,0.0721488417875956,7.20350294049228,0.429115763245315,0.0721488417875956,0.0721488417875956,0.451449933810703,0.979457373797389,0.979457373797389,0,0,0,0,0,0,0,0,0,0,0,0,0,1,120,0,0,0,0,0,0,0,0,0,1,0,0,0
0.12,0.523598775598299,0.0794606687254459,7.4167146857151,0.390642583889821,0.0794606687254459,0.0794606687254459,0.444138106872853,0.953598381680952,0.953598381680952,0,0,0,0,0,0,0,0,0,0,0,0,0,1,121,0,0,0,0,0,0,0,0,0,1,0,0,0
0.121,0.523598775598299,0.0869754953735181,7.60962138898456,0.353482554892528,0.0869754953735181,0.0869754953735181,0.436623280224781,0.927734947838143,0.927734947838143,0,0,0,0,0,0,0,0,0,0,0,0,0,1,122,0,0,0,0,0,0,0,0,0,1,0,0,0
0.122,0.523598775598299,0.0946733744878818,7.78293892406754,0.317639893324848,0.0946733744878818,0.0946733744878818,0.428925401110417,0.901908216430822,0.901908216430822,0,0,0,0,0,0,0,0,0,0,0,0,0,1,123,0,0,0,0,0,0,0,0,0,1,0,0,0
0.123,0.523598775598299,0.102535074912699,7.93738299680053,0.283112080588452,0.102535074912699,0.102535074912699,0.4210637006856,0.876157099227207,0.876157099227207,0,0,0,0,0,0,0,0,0,0,0,0,0,1,124,0,0,0,0,0,0,0,0,0,1,0,0,0
0.124,0.523598775598299,0.110542079804407,8.07366609861401,0.249891769177506,0.110542079804407,0.110542079804407,0.413056695793892,0.850518319115961,0.850518319115961,0,0,0,0,0,0,0,0,0,0,0,0,0,1,125,0,0,0,0,0,0,0,0,0,1,0,0,0
0.125,0.523598775598299,0.118676582254839,8.19249529339039,0.217968041641061,0.118676582254839,0.118676582254839,0.404922193343459,0.825026459117694,0.825026459117694,0,0,0,0,0,0,0,0,0,0,0,0,0,1,126,0,0,0,0,0,0,0,0,0,1,0,0,0
0.126,0.523598775598299,0.126921478996508,8.29457055799957,0.187327253361473,0.126921478996508,0.126921478996508,0.396677296601791,0.799714015017708,0.799714015017708,0,0,0,0,0,0,0,0,0,0,0,0,0,1,127,0,0,0,0,0,0,0,0,0,1,0,0,0
0.127,0.523598775598299,0.135260362647249,8.38058349670773,0.157953607517076,0.135260362647249,0.135260362647249,0.38833841295105,0.774611450376941,0.774611450376941,0,0,0,0,0,0,0,0,0,0,0,0,0,1,128,0,0,0,0,0,0,0,0,0,1,0,0,0
0.128,0.523598775598299,0.143677512805954,8.45121631361853,0.129829557274348,0.143677512805954,0.143677512805954,0.379921262792345,0.749747253085782,0.749747253085782,0,0,0,0,0,0,0,0,0,0,0,0,0,1,129,0,0,0,0,0,0,0,0,0,1,0,0,0
0.129,0.523598775598299,0.152157886217305,8.50714096828339,0.102936096100235,0.152157886217305,0.152157886217305,0.371440889380994,0.725147992888616,0.725147992888616,0,0,0,0,0,0,0,0,0,0,0,0,0,1,130,0,0,0,0,0,0,0,0,0,1,0,0,0
0.13,0.523598775598299,0.160687106162626,8.5490184658715,0.0772529752089061,0.160687106162626,0.160687106162626,0.362911669435672,0.700838379477654,0.700838379477654,0,0,0,0,0,0,0,0,0,0,0,0,0,1,131,0,0,0,0,0,0,0,0,0,1,0,0,0
0.131,0.523598775598299,0.169251451194423,8.57749825011337,0.0527588731457079,0.169251451194423,0.169251451194423,0.354347324403876,0.676841320865872,0.676841320865872,0,0,0,0,0,0,0,0,0,0,0,0,0,1,132,0,0,0,0,0,0,0,0,0,1,0,0,0
0.132,0.523598775598299,0.177837843306165,8.59321767801564,0.0294315335372202,0.177837843306165,0.177837843306165,0.345760932292134,0.65317798182212,0.65317798182212,0,0,0,0,0,0,0,0,0,0,0,0,0,1,133,0,0,0,0,0,0,0,0,0,1,0,0,0
0.133,0.523598775598299,0.186433835611586,8.59680156226003,0.00724788128940621,0.186433835611586,0.186433835611586,0.337164939986713,0.629867842200258,0.629867842200258,0,0,0,0,0,0,0,0,0,0,0,0,0,1,134,0,0,0,0,0,0,0,0,0,1,0,0,0
0.134,0.523598775598299,0.195027599596064,8.58886177163757,-0.0138158761642524,0.195027599596064,0.195027599596064,0.328571176002235,0.606928755027222,0.606928755027222,0,0,0,0,0,0,0,0,0,0,0,0,0,1,135,0,0,0,0,0,0,0,0,0,1,0,0,0
0.135,0.523598775598299,0.203607911994534,8.56999688272142,-0.0337841583189498,0.203607911994534,0.203607911994534,0.319990863603765,0.584377004237936,0.584377004237936,0,0,0,0,0,0,0,0,0,0,0,0,0,1,136,0,0,0,0,0,0,0,0,0,1,0,0,0
0.136,0.523598775598299,0.21216414134457,8.54079187781778,-0.0526819290216796,0.21216414134457,0.21216414134457,0.311434634253729,0.562227361961358,0.562227361961358,0,0,0,0,0,0,0,0,0,0,0,0,0,1,137,0,0,0,0,0,0,0,0,0,1,0,0,0
0.137,0.523598775598299,0.220686234258944,8.50181788542155,-0.0705346200891286,0.220686234258944,0.220686234258944,0.302912541339355,0.540493145274213,0.540493145274213,0,0,0,0,0,0,0,0,0,0,0,0,0,1,138,0,0,0,0,0,0,0,0,0,1,0,0,0
0.138,0.523598775598299,0.229164701458619,8.45363196017353,-0.087368059965637,0.229164701458619,0.229164701458619,0.294434074139679,0.51918627234832,0.51918627234832,0,0,0,0,0,0,0,0,0,0,0,0,0,1,139,0,0,0,0,0,0,0,0,0,1,0,0,0
0.139,0.523598775598299,0.237590603604395,8.39677689982097,-0.103208406661289,0.237590603604395,0.237590603604395,0.286008171993904,0.498317317925084,0.498317317925084,0,0,0,0,0,0,0,0,0,0,0,0,0,1,140,0,0,0,0,0,0,0,0,0,1,0,0,0
0.14,0.523598775598299,0.245955536963099,8.33178109701805,-0.118082084462391,0.245955536963099,0.245955536963099,0.2776432386352,0.477895568057069,0.477895568057069,0,0,0,0,0,0,0,0,0,0,0,0,0,1,141,0,0,0,0,0,0,0,0,0,1,0,0,0
0.141,0.523598775598299,0.254251618942189,8.25915842402875,-0.132015724067534,0.254251618942189,0.254251618942189,0.269347156656109,0.457929074062119,0.457929074062119,0,0,0,0,0,0,0,0,0,0,0,0,0,1,142,0,0,0,0,0,0,0,0,0,1,0,0,0
0.142,0.523598775598299,0.262471473524758,8.17940814855164,-0.145036105905011,0.262471473524758,0.262471473524758,0.261127302073541,0.438424705640471,0.438424705640471,0,0,0,0,0,0,0,0,0,0,0,0,0,1,143,0,0,0,0,0,0,0,0,0,1,0,0,0
0.143,0.523598775598299,0.270608216635225,8.09301487899886,-0.157170106452551,0.270608216635225,0.270608216635225,0.252990558963074,0.419388203109803,0.419388203109803,0,0,0,0,0,0,0,0,0,0,0,0,0,1,144,0,0,0,0,0,0,0,0,0,1,0,0,0
0.144,0.523598775598299,0.278655441464376,8.00044853764641,-0.168444647421755,0.278655441464376,0.278655441464376,0.244943334133923,0.4008242287174,0.4008242287174,0,0,0,0,0,0,0,0,0,0,0,0,0,1,145,0,0,0,0,0,0,0,0,0,1,0,0,0
0.145,0.523598775598299,0.286607203780849,7.90216436013967,-0.17888664769574,0.286607203780849,0.286607203780849,0.23699157181745,0.382736416992539,0.382736416992539,0,0,0,0,0,0,0,0,0,0,0,0,0,1,146,0,0,0,0,0,0,0,0,0,1,0,0,0
0.146,0.523598775598299,0.294458007254695,7.79860291989398,-0.188522977924989,0.294458007254695,0.294458007254695,0.229140768343604,0.365127424105951,0.365127424105951,0,0,0,0,0,0,0,0,0,0,0,0,0,1,147,0,0,0,0,0,0,0,0,0,1,0,0,0
0.147,0.523598775598299,0.302202788817197,7.69019017597904,-0.197380417696722,0.302202788817197,0.302202788817197,0.221395986781102,0.347998976206747,0.347998976206747,0,0,0,0,0,0,0,0,0,0,0,0,0,1,148,0,0,0,0,0,0,0,0,0,1,0,0,0
0.148,0.523598775598299,0.309836904079742,7.57733754311964,-0.205485615199539,0.309836904079742,0.309836904079742,0.213761871518557,0.331351916710576,0.331351916710576,0,0,0,0,0,0,0,0,0,0,0,0,0,1,149,0,0,0,0,0,0,0,0,0,1,0,0,0
0.149,0.523598775598299,0.317356112833201,7.46044198248739,-0.212865049309063,0.317356112833201,0.317356112833201,0.206242662765097,0.315186252516008,0.315186252516008,0,0,0,0,0,0,0,0,0,0,0,0,0,1,150,0,0,0,0,0,0,0,0,0,1,0,0,0
0.15,0.523598775598299,0.324756564647956,7.33988611199759,-0.219544994022825,0.324756564647956,0.324756564647956,0.198842210950343,0.299501199129202,0.299501199129202,0,0,0,0,0,0,0,0,0,0,0,0,0,1,151,0,0,0,0,0,0,0,0,0,1,0,0,0
0.151,0.523598775598299,0.332034784593451,7.21603833486407,-0.225551485174134,0.332034784593451,0.332034784593451,0.191563991004848,0.284295224679868,0.284295224679868,0,0,0,0,0,0,0,0,0,0,0,0,0,1,152,0,0,0,0,0,0,0,0,0,1,0,0,0
0.152,0.523598775598299,0.339187659094934,7.08925298520318,-0.230910289355735,0.339187659094934,0.339187659094934,0.184411116503364,0.269566092814312,0.269566092814312,0,0,0,0,0,0,0,0,0,0,0,0,0,1,153,0,0,0,0,0,0,0,0,0,1,0,0,0
0.153,0.523598775598299,0.346212421943824,6.95987048951525,-0.235646874984695,0.346212421943824,0.346212421943824,0.177386353654474,0.255310904454038,0.255310904454038,0,0,0,0,0,0,0,0,0,0,0,0,0,1,154,0,0,0,0,0,0,0,0,0,1,0,0,0
0.154,0.523598775598299,0.353106640477031,6.8282175429096,-0.239786385440538,0.353106640477031,0.353106640477031,0.170492135121268,0.241526138410923,0.241526138410923,0,0,0,0,0,0,0,0,0,0,0,0,0,1,155,0,0,0,0,0,0,0,0,0,1,0,0,0
0.155,0.523598775598299,0.359868201939412,6.69460729897545,-0.243353614209058,0.359868201939412,0.359868201939412,0.163730573658886,0.228207690852388,0.228207690852388,0,0,0,0,0,0,0,0,0,0,0,0,0,1,156,0,0,0,0,0,0,0,0,0,1,0,0,0
0.156,0.523598775598299,0.36649530004248,6.55933957223839,-0.246372981964737,0.36649530004248,0.36649530004248,0.157103475555819,0.215350913612295,0.215350913612295,0,0,0,0,0,0,0,0,0,0,0,0,0,1,157,0,0,0,0,0,0,0,0,0,1,0,0,0
0.157,0.523598775598299,0.372986421731426,6.42270105217802,-0.248868515525155,0.372986421731426,0.372986421731426,0.150612353866872,0.202950651345481,0.202950651345481,0,0,0,0,0,0,0,0,0,0,0,0,0,1,158,0,0,0,0,0,0,0,0,0,1,0,0,0
0.158,0.523598775598299,0.37934033417154,6.28496552781871,-0.250863828611288,0.37934033417154,0.37934033417154,0.144258441426759,0.191001277525903,0.191001277525903,0,0,0,0,0,0,0,0,0,0,0,0,0,1,159,0,0,0,0,0,0,0,0,0,1,0,0,0
0.159,0.523598775598299,0.385556071964093,6.14639412194099,-0.252382104348206,0.385556071964093,0.385556071964093,0.138042703634206,0.179496729290311,0.179496729290311,0,0,0,0,0,0,0,0,0,0,0,0,0,1,160,0,0,0,0,0,0,0,0,0,1,0,0,0
0.16,0.523598775598299,0.391632924600873,6.00723553399676,-0.253446079441286,0.391632924600873,0.391632924600873,0.131965850997426,0.168430541131233,0.168430541131233,0,0,0,0,0,0,0,0,0,0,0,0,0,1,161,0,0,0,0,0,0,0,0,0,1,0,0,0
0.161,0.523598775598299,0.397570424165607,5.86772629084638,-0.254078029963802,0.397570424165607,0.397570424165607,0.126028351432692,0.157795877444771,0.157795877444771,0,0,0,0,0,0,0,0,0,0,0,0,0,1,162,0,0,0,0,0,0,0,0,0,1,0,0,0
0.162,0.523598775598299,0.403368333289688,5.72809100447035,-0.254299758692499,0.403368333289688,0.403368333289688,0.120230442308611,0.147585563940343,0.147585563940343,0,0,0,0,0,0,0,0,0,0,0,0,0,1,163,0,0,0,0,0,0,0,0,0,1,0,0,0
0.163,0.523598775598299,0.409026633368747,5.58854263584245,-0.254132583928592,0.409026633368747,0.409026633368747,0.114572142229551,0.137792117921064,0.137792117921064,0,0,0,0,0,0,0,0,0,0,0,0,0,1,164,0,0,0,0,0,0,0,0,0,1,0,0,0
0.164,0.523598775598299,0.414545513045867,5.44928276418499,-0.253597329742536,0.414545513045867,0.414545513045867,0.109053262552432,0.12840777744486,0.12840777744486,0,0,0,0,0,0,0,0,0,0,0,0,0,1,165,0,0,0,0,0,0,0,0,0,1,0,0,0
0.165,0.523598775598299,0.419925356966416,5.3105018608598,-0.252714317581835,0.419925356966416,0.419925356966416,0.103673418631883,0.119424529377771,0.119424529377771,0,0,0,0,0,0,0,0,0,0,0,0,0,1,166,0,0,0,0,0,0,0,0,0,1,0,0,0
0.166,0.523598775598299,0.425166734808806,5.17237956718151,-0.251503359182174,0.425166734808806,0.425166734808806,0.0984320407894929,0.11083413635214,0.11083413635214,0,0,0,0,0,0,0,0,0,0,0,0,0,1,167,0,0,0,0,0,0,0,0,0,1,0,0,0
0.167,0.523598775598299,0.430270390594726,5.03508497547135,-0.249983750723175,0.430270390594726,0.430270390594726,0.0933283850035725,0.102628162643558,0.102628162643558,0,0,0,0,0,0,0,0,0,0,0,0,0,1,168,0,0,0,0,0,0,0,0,0,1,0,0,0
0.168,0.523598775598299,0.435237232281788,4.89877691270157,-0.248174268171176,0.435237232281788,0.435237232281788,0.0883615433165104,0.0947979989814731,0.0947979989814731,0,0,0,0,0,0,0,0,0,0,0,0,0,1,169,0,0,0,0,0,0,0,0,0,1,0,0,0
0.169,0.523598775598299,0.440068321640847,4.76360422611119,-0.246093163752551,0.440068321640847,0.440068321640847,0.0835304539574521,0.087334886309418,0.087334886309418,0,0,0,0,0,0,0,0,0,0,0,0,0,1,170,0,0,0,0,0,0,0,0,0,1,0,0,0
0.17,0.523598775598299,0.444764864419675,4.62970607020414,-0.243758163502229,0.444764864419675,0.444764864419675,0.078833911178624,0.0802299385116552,0.0802299385116552,0,0,0,0,0,0,0,0,0,0,0,0,0,1,171,0,0,0,0,0,0,0,0,0,1,0,0,0
0.171,0.523598775598299,0.449328200794098,4.49721219457029,-0.241186465833282,0.449328200794098,0.449328200794098,0.0742705748042013,0.0734741641239259,0.0734741641239259,0,0,0,0,0,0,0,0,0,0,0,0,0,1,172,0,0,0,0,0,0,0,0,0,1,0,0,0
0.172,0.523598775598299,0.453759796107132,4.36624323199917,-0.238394741074629,0.453759796107132,0.453759796107132,0.0698389794911668,0.0670584870467105,0.0670584870467105,0,0,0,0,0,0,0,0,0,0,0,0,0,1,173,0,0,0,0,0,0,0,0,0,1,0,0,0
0.173,0.523598775598299,0.458061231896179,4.23691098638395,-0.235399131925176,0.458061231896179,0.458061231896179,0.06553754370212,0.0609737662801109,0.0609737662801109,0,0,0,0,0,0,0,0,0,0,0,0,0,1,174,0,0,0,0,0,0,0,0,0,1,0,0,0
0.174,0.523598775598299,0.462234197207813,4.1093187199412,-0.232215254773934,0.462234197207813,0.462234197207813,0.0613645783904855,0.0552108147000697,0.0552108147000697,0,0,0,0,0,0,0,0,0,0,0,0,0,1,175,0,0,0,0,0,0,0,0,0,1,0,0,0
0.175,0.523598775598299,0.466280480199266,3.98356143929862,-0.228858201836961,0.466280480199266,0.466280480199266,0.0573182953990324,0.0497604168961997,0.0497604168961997,0,0,0,0,0,0,0,0,0,0,0,0,0,1,176,0,0,0,0,0,0,0,0,0,1,0,0,0
0.176,0.523598775598299,0.470201960025251,3.85972618002935,-0.225342544063238,0.470201960025251,0.470201960025251,0.0533968155730478,0.044613346091973,0.044613346091973,0,0,0,0,0,0,0,0,0,0,0,0,0,1,177,0,0,0,0,0,0,0,0,0,1,0,0,0
0.177,0.523598775598299,0.474000599008379,3.73789228923654,-0.221682334762887,0.474000599008379,0.474000599008379,0.0495981765899197,0.0397603801684505,0.0397603801684505,0,0,0,0,0,0,0,0,0,0,0,0,0,1,178,0,0,0,0,0,0,0,0,0,1,0,0,0
0.178,0.523598775598299,0.477678435091033,3.61813170581705,-0.217891113912479,0.477678435091033,0.477678435091033,0.0459203405072661,0.0351923168130888,0.0351923168130888,0,0,0,0,0,0,0,0,0,0,0,0,0,1,179,0,0,0,0,0,0,0,0,0,1,0,0,0
0.179,0.523598775598299,0.481237574566193,3.500509238057,-0.213981913093432,0.481237574566193,0.481237574566193,0.0423612010321056,0.0308999878154796,0.0308999878154796,0,0,0,0,0,0,0,0,0,0,0,0,0,1,180,0,0,0,0,0,0,0,0,0,1,0,0,0
0.18,0.523598775598299,0.484680185084395,3.38508283823505,-0.209967261020874,0.484680185084395,0.484680185084395,0.0389185905139035,0.0268742725321228,0.0268742725321228,0,0,0,0,0,0,0,0,0,0,0,0,0,1,181,0,0,0,0,0,0,0,0,0,1,0,0,0
0.181,0.523598775598299,0.488008488933662,3.2719038739323,-0.205859189621627,0.488008488933662,0.488008488933662,0.0355902866646372,0.0231061105425472,0.0231061105425472,0,0,0,0,0,0,0,0,0,0,0,0,0,1,182,0,0,0,0,0,0,0,0,0,1,0,0,0
0.182,0.523598775598299,0.491224756588983,3.16101739576918,-0.201669240621289,0.491224756588983,0.491224756588983,0.0323740190093155,0.0195865135192382,0.0195865135192382,0,0,0,0,0,0,0,0,0,0,0,0,0,1,183,0,0,0,0,0,0,0,0,0,1,0,0,0
0.183,0.523598775598299,0.494331300527643,3.05246240131119,-0.1974084726017,0.494331300527643,0.494331300527643,0.0292674750706562,0.0163065763339516,0.0163065763339516,0,0,0,0,0,0,0,0,0,0,0,0,0,1,184,0,0,0,0,0,0,0,0,0,1,0,0,0
0.184,0.523598775598299,0.497330469306425,2.9462720949056,-0.193087468491398,0.497330469306425,0.497330469306425,0.0262683062918735,0.0132574874230475,0.0132574874230475,0,0,0,0,0,0,0,0,0,0,0,0,0,1,185,0,0,0,0,0,0,0,0,0,1,0,0,0
0.185,0.523598775598299,0.500224641896544,2.84247414323104,-0.188716343452936,0.500224641896544,0.500224641896544,0.0233741337017552,0.0104305384345091,0.0104305384345091,0,0,0,0,0,0,0,0,0,0,0,0,0,1,186,0,0,0,0,0,0,0,0,0,1,0,0,0
0.186,0.523598775598299,0.503016222271882,2.74109092636115,-0.18430475313226,0.503016222271882,0.503016222271882,0.0205825533264171,0.00781713317928982,0.00781713317928982,0,0,0,0,0,0,0,0,0,0,0,0,0,1,187,0,0,0,0,0,0,0,0,0,1,0,0,0
0.187,0.523598775598299,0.505707634245985,2.64213978416144,-0.179861902236584,0.505707634245985,0.505707634245985,0.0178911413523134,0.00540879590958355,0.00540879590958355,0,0,0,0,0,0,0,0,0,0,0,0,0,1,188,0,0,0,0,0,0,0,0,0,1,0,0,0
0.188,0.523598775598299,0.508301316553047,2.5456332578565,-0.175396553408495,0.508301316553047,0.508301316553047,0.0152974590452523,0.00319717894651906,0.00319717894651906,0,0,0,0,0,0,0,0,0,0,0,0,0,1,189,0,0,0,0,0,0,0,0,0,1,0,0,0
0.189,0.523598775598299,0.510799718167979,2.45157932662156,-0.170917036365241,0.510799718167979,0.510799718167979,0.0127990574303198,0.0011740696796578,0.0011740696796578,0,0,0,0,0,0,0,0,0,0,0,0,0,1,190,0,0,0,0,0,0,0,0,0,1,0,0,0
0.19,0.523598775598299,0.513205293860543,2.35998163906875,-0.166431257273423,0.513205293860543,0.513205293860543,0.0103934817377562,-0.000668603039470878,-0.000668603039470878,0,0,0,0,0,0,0,0,0,0,0,0,0,1,191,0,0,0,0,0,0,0,0,0,1,0,0,0
0.191,0.523598775598299,0.515520499978353,2.27083973951392,-0.161946708330499,0.515520499978353,0.515520499978353,0.00807827561994556,-0.00233876308775706,-0.00233876308775706,0,0,0,0,0,0,0,0,0,0,0,0,0,1,192,0,0,0,0,0,0,0,0,0,1,0,0,0
0.192,0.523598775598299,0.517747790453508,2.18414928892513,-0.157470477525727,0.517747790453508,0.517747790453508,0.00585098514479099,-0.00384418182298074,-0.00384418182298074,0,0,0,0,0,0,0,0,0,0,0,0,0,1,193,0,0,0,0,0,0,0,0,0,1,0,0,0
0.193,0.523598775598299,0.519889613027463,2.09990228046792,-0.153009258554348,0.519889613027463,0.519889613027463,0.00370916257083631,-0.00519247337676596,-0.00519247337676596,0,0,0,0,0,0,0,0,0,0,0,0,0,1,194,0,0,0,0,0,0,0,0,0,1,0,0,0
0.194,0.523598775598299,0.521948405688725,2.01808724957655,-0.14856936085997,0.521948405688725,0.521948405688725,0.00165036990957423,-0.00639109046667464,-0.00639109046667464,0,0,0,0,0,0,0,0,0,0,0,0,0,1,195,0,0,0,0,0,0,0,0,0,1,0,0,0
0.195,0.523598775598299,0.523926593317854,1.93868947849322,-0.144156719781267,0.523926593317854,0.523926593317854,-0.000327817719555257,-0.00744732070638134,-0.00744732070638134,0,0,0,0,0,0,0,0,0,0,0,0,0,1,196,0,0,0,0,0,0,0,0,0,1,0,0,0
0.196,0.523598775598299,0.525826584534219,1.86169119522978,-0.139776906780203,0.525826584534219,0.525826584534219,-0.00222780893591978,-0.00836828339316562,-0.00836828339316562,0,0,0,0,0,0,0,0,0,0,0,0,0,1,197,0,0,0,0,0,0,0,0,0,1,0,0,0
0.197,0.523598775598299,0.527650768738907,1.78707176691845,-0.135435139730117,0.527650768738907,0.527650768738907,-0.00405199314060833,-0.0091609267522838,-0.0091609267522838,0,0,0,0,0,0,0,0,0,0,0,0,0,1,198,0,0,0,0,0,0,0,0,0,1,0,0,0
0.198,0.523598775598299,0.529401513348179,1.71480788752929,-0.131136293243047,0.529401513348179,0.529401513348179,-0.00580273774988005,-0.00983202561811463,-0.00983202561811463,0,0,0,0,0,0,0,0,0,0,0,0,0,1,199,0,0,0,0,0,0,0,0,0,1,0,0,0
0.199,0.523598775598299,0.531081161211808,1.64487375994281,-0.12688490901676,0.531081161211808,0.531081161211808,-0.007482385613509,-0.01038817953233,-0.01038817953233,0,0,0,0,0,0,0,0,0,0,0,0,0,1,200,0,0,0,0,0,0,0,0,0,1,0,0,0
0.2,0.523598775598299,0.532692028210677,1.57724127237627,-0.122685206182933,0.532692028210677,0.532692028210677,-0.00909325261237781,-0.0108358112397049,-0.0108358112397049,0,0,0,0,0,0,0,0,0,0,0,0,0,1,201,0,0,0,0,0,0,0,0,0,1,0,0,0
0.201,0.523598775598299,0.534236401027976,1.51188016917205,-0.118541091638991,0.534236401027976,0.534236401027976,-0.0106376254296775,-0.011181165562563,-0.011181165562563,0,0,0,0,0,0,0,0,0,0,0,0,0,1,202,0,0,0,0,0,0,0,0,0,1,0,0,0
0.202,0.523598775598299,0.535716535088383,1.44875821596512,-0.114456170347023,0.535716535088383,0.535716535088383,-0.0121177594900838,-0.0114303086352447,-0.0114303086352447,0,0,0,0,0,0,0,0,0,0,0,0,0,1,203,0,0,0,0,0,0,0,0,0,1,0,0,0
0.203,0.523598775598299,0.537134652659599,1.38784135925559,-0.110433755584205,0.537134652659599,0.537134652659599,-0.0135358770613003,-0.0115891274803853,-0.0115891274803853,0,0,0,0,0,0,0,0,0,0,0,0,0,1,204,0,0,0,0,0,0,0,0,0,1,0,0,0
0.204,0.523598775598299,0.53849294111069,1.32909388042019,-0.106476879130049,0.53849294111069,0.53849294111069,-0.0148941655123909,-0.0116633299092,-0.0116633299092,0,0,0,0,0,0,0,0,0,0,0,0,0,1,205,0,0,0,0,0,0,0,0,0,1,0,0,0
0.205,0.523598775598299,0.539793551321659,1.27247854420397,-0.102588301376714,0.539793551321659,0.539793551321659,-0.0161947757233598,-0.011658444728398,-0.011658444728398,0,0,0,0,0,0,0,0,0,0,0,0,0,1,206,0,0,0,0,0,0,0,0,0,1,0,0,0
0.206,0.523598775598299,0.541038596238783,1.21795674174081,-0.0987705213494892,0.541038596238783,0.541038596238783,-0.0174398206404841,-0.0115798222367602,-0.0115798222367602,0,0,0,0,0,0,0,0,0,0,0,0,0,1,207,0,0,0,0,0,0,0,0,0,1,0,0,0
0.207,0.523598775598299,0.542230149570251,1.16548862815786,-0.0950257866254077,0.542230149570251,0.542230149570251,-0.0186313739719525,-0.0114326349948553,-0.0114326349948553,0,0,0,0,0,0,0,0,0,0,0,0,0,1,208,0,0,0,0,0,0,0,0,0,1,0,0,0
0.208,0.523598775598299,0.543370244616726,1.11503325482494,-0.091356103138779,0.543370244616726,0.543370244616726,-0.0197714690184267,-0.0112218788518016,-0.0112218788518016,0,0,0,0,0,0,0,0,0,0,0,0,0,1,209,0,0,0,0,0,0,0,0,0,1,0,0,0
0.209,0.523598775598299,0.544460873231501,1.06654869631608,-0.0877632448632171,0.544460873231501,0.544460873231501,-0.0208620976332025,-0.0109523742134184,-0.0109523742134184,0,0,0,0,0,0,0,0,0,0,0,0,0,1,210,0,0,0,0,0,0,0,0,0,1,0,0,0
0.21,0.523598775598299,0.545503984905016,1.01999217215537,-0.0842487633605247,0.545503984905016,0.545503984905016,-0.0219052093067172,-0.0106287675365541,-0.0106287675365541,0,0,0,0,0,0,0,0,0,0,0,0,0,1,211,0,0,0,0,0,0,0,0,0,1,0,0,0
0.211,0.523598775598299,0.546501485968527,0.975320163424174,-0.080813997187535,0.546501485968527,0.546501485968527,-0.0229027103702284,-0.010255533034818,-0.010255533034818,0,0,0,0,0,0,0,0,0,0,0,0,0,1,212,0,0,0,0,0,0,0,0,0,1,0,0,0
0.212,0.523598775598299,0.547455238911862,0.932488524311464,-0.0774600811527368,0.547455238911862,0.547455238911862,-0.0238564633135632,-0.00983697458139363,-0.00983697458139363,0,0,0,0,0,0,0,0,0,0,0,0,0,1,213,0,0,0,0,0,0,0,0,0,1,0,0,0
0.213,0.523598775598299,0.548367061810225,0.89145258869289,-0.0741879554152043,0.548367061810225,0.548367061810225,-0.0247682862119259,-0.00937722779504559,-0.00937722779504559,0,0,0,0,0,0,0,0,0,0,0,0,0,1,214,0,0,0,0,0,0,0,0,0,1,0,0,0
0.214,0.523598775598299,0.549238727855135,0.85216727182815,-0.0709983744190262,0.549238727855135,0.549238727855135,-0.025639952256836,-0.00888026229588307,-0.00888026229588307,0,0,0,0,0,0,0,0,0,0,0,0,0,1,215,0,0,0,0,0,0,0,0,0,1,0,0,0
0.215,0.523598775598299,0.550071964984659,0.814587167269476,-0.0678919156570714,0.550071964984659,0.550071964984659,-0.0264731893863606,-0.00834988411788173,-0.00834988411788173,0,0,0,0,0,0,0,0,0,0,0,0,0,1,216,0,0,0,0,0,0,0,0,0,1,0,0,0
0.216,0.523598775598299,0.5508684556082,0.778666639077152,-0.0648689882585555,0.5508684556082,0.5508684556082,-0.0272696800099013,-0.00778973826560528,-0.00778973826560528,0,0,0,0,0,0,0,0,0,0,0,0,0,1,217,0,0,0,0,0,0,0,0,0,1,0,0,0
0.217,0.523598775598299,0.55162983642119,0.744359909440708,-0.0619298413954653,0.55162983642119,0.55162983642119,-0.028031060822891,-0.00720331140300733,-0.00720331140300733,0,0,0,0,0,0,0,0,0,0,0,0,0,1,218,0,0,0,0,0,0,0,0,0,1,0,0,0
0.218,0.523598775598299,0.552357698305156,0.711621141806824,-0.0590745725034743,0.552357698305156,0.552357698305156,-0.0287589227068573,-0.0065939346626291,-0.0065939346626291,0,0,0,0,0,0,0,0,0,0,0,0,0,1,219,0,0,0,0,0,0,0,0,0,1,0,0,0
0.219,0.523598775598299,0.553053586308707,0.680404519617081,-0.0563031353135329,0.553053586308707,0.553053586308707,-0.0294548107104087,-0.00596478656392987,-0.00596478656392987,0,0,0,0,0,0,0,0,0,0,0,0,0,1,220,0,0,0,0,0,0,0,0,0,1,0,0,0
0.22,0.523598775598299,0.553718999705107,0.650664320760533,-0.0536153476908394,0.553718999705107,0.553718999705107,-0.0301202241068083,-0.00531889602992895,-0.00531889602992895,0,0,0,0,0,0,0,0,0,0,0,0,0,1,221,0,0,0,0,0,0,0,0,0,1,0,0,0
0.221,0.523598775598299,0.5543553921222,0.622354987847598,-0.0510108992784066,0.5543553921222,0.5543553921222,-0.0307566165239015,-0.00465914549174255,-0.00465914549174255,0,0,0,0,0,0,0,0,0,0,0,0,0,1,222,0,0,0,0,0,0,0,0,0,1,0,0,0
0.222,0.523598775598299,0.554964171740572,0.595431194413052,-0.0484893589429146,0.554964171740572,0.554964171740572,-0.0313653961422727,-0.00398827407102523,-0.00398827407102523,0,0,0,0,0,0,0,0,0,0,0,0,0,1,223,0,0,0,0,0,0,0,0,0,1,0,0,0
0.223,0.523598775598299,0.555546701555915,0.569847907156935,-0.0460501820210026,0.555546701555915,0.555546701555915,-0.0319479259576158,-0.00330888083073422,-0.00330888083073422,0,0,0,0,0,0,0,0,0,0,0,0,0,1,224,0,0,0,0,0,0,0,0,0,1,0,0,0
0.224,0.523598775598299,0.556104299701708,0.545560444332978,-0.0436927173645881,0.556104299701708,0.556104299701708,-0.0325055241034089,-0.00262342808503391,-0.00262342808503391,0,0,0,0,0,0,0,0,0,0,0,0,0,1,225,0,0,0,0,0,0,0,0,0,1,0,0,0
0.225,0.523598775598299,0.556638239828397,0.522524530394696,-0.0414162141842178,0.556638239828397,0.556638239828397,-0.0330394642300981,-0.00193424475955942,-0.00193424475955942,0,0,0,0,0,0,0,0,0,0,0,0,0,1,226,0,0,0,0,0,0,0,0,0,1,0,0,0
0.226,0.523598775598299,0.557149751535401,0.500696347009665,-0.0392198286898471,0.557149751535401,0.557149751535401,-0.0335509759371021,-0.00124352979365411,-0.00124352979365411,0,0,0,0,0,0,0,0,0,0,0,0,0,1,227,0,0,0,0,0,0,0,0,0,1,0,0,0
0.227,0.523598775598299,0.55764002085236,0.480032580552615,-0.0371026305288252,0.55764002085236,0.55764002085236,-0.0340412452540612,-0.000553355576565995,-0.000553355576565995,0,0,0,0,0,0,0,0,0,0,0,0,0,1,228,0,0,0,0,0,0,0,0,0,1,0,0,0
0.228,0.523598775598299,0.558110190766163,0.460490466187942,-0.0350636090212093,0.558110190766163,0.558110190766163,-0.0345114151678637,0.000134328590022936,0.000134328590022936,0,0,0,0,0,0,0,0,0,0,0,0,0,1,229,0,0,0,0,0,0,0,0,0,1,0,0,0
0.229,0.523598775598299,0.558561361790397,0.442027828651971,-0.0331016791928732,0.558561361790397,0.558561361790397,-0.0349625861920984,0.000817693010391057,0.000817693010391057,0,0,0,0,0,0,0,0,0,0,0,0,0,1,230,0,0,0,0,0,0,0,0,0,1,0,0,0
0.23,0.523598775598299,0.55899459257398,0.424603119844929,-0.0312156876071893,0.55899459257398,0.55899459257398,-0.0353958169756816,0.00149502410100469,0.00149502410100469,0,0,0,0,0,0,0,0,0,0,0,0,0,1,231,0,0,0,0,0,0,0,0,0,1,0,0,0
0.231,0.523598775598299,0.559410900545828,0.408175453341968,-0.0294044179963584,0.559410900545828,0.559410900545828,-0.0358121249475294,0.00216472089111645,0.00216472089111645,0,0,0,0,0,0,0,0,0,0,0,0,0,1,232,0,0,0,0,0,0,0,0,0,1,0,0,0
0.232,0.523598775598299,0.559811262592543,0.392704635931899,-0.0276665966937458,0.559811262592543,0.559811262592543,-0.0362124869942441,0.00282529152393955,0.00282529152393955,0,0,0,0,0,0,0,0,0,0,0,0,0,1,233,0,0,0,0,0,0,0,0,0,1,0,0,0
0.233,0.523598775598299,0.560196615766198,0.378151196291374,-0.026000897868841,0.560196615766198,0.560196615766198,-0.0365978401678988,0.00347534976426202,0.00347534976426202,0,0,0,0,0,0,0,0,0,0,0,0,0,1,234,0,0,0,0,0,0,0,0,0,1,0,0,0
0.234,0.523598775598299,0.560567858019407,0.364476410901297,-0.0244059485667044,0.560567858019407,0.560567858019407,-0.0369690824211085,0.00411361151803526,0.00411361151803526,0,0,0,0,0,0,0,0,0,0,0,0,0,1,235,0,0,0,0,0,0,0,0,0,1,0,0,0
0.235,0.523598775598299,0.560925848964982,0.35164232731106,-0.0228803335539948,0.560925848964982,0.560925848964982,-0.0373270733666827,0.0047388913691517,0.0047388913691517,0,0,0,0,0,0,0,0,0,0,0,0,0,1,236,0,0,0,0,0,0,0,0,0,1,0,0,0
0.236,0.523598775598299,0.561271410657558,0.339611784855007,-0.0214225999738828,0.561271410657558,0.561271410657558,-0.0376726350592592,0.0053500991383184,0.0053500991383184,0,0,0,0,0,0,0,0,0,0,0,0,0,1,237,0,0,0,0,0,0,0,0,0,1,0,0,0
0.237,0.523598775598299,0.561605328394724,0.328348432924123,-0.0200312618123517,0.561605328394724,0.561605328394724,-0.0380065527964247,0.00594623646862101,0.00594623646862101,0,0,0,0,0,0,0,0,0,0,0,0,0,1,238,0,0,0,0,0,0,0,0,0,1,0,0,0
0.238,0.523598775598299,0.561928351535224,0.317816746894515,-0.0187048041785746,0.561928351535224,0.561928351535224,-0.0383295759369253,0.0065263934420938,0.0065263934420938,0,0,0,0,0,0,0,0,0,0,0,0,0,1,239,0,0,0,0,0,0,0,0,0,1,0,0,0
0.239,0.523598775598299,0.562241194331976,0.307982041812692,-0.0174416874022185,0.562241194331976,0.562241194331976,-0.0386424187336776,0.00708974523130479,0.00708974523130479,0,0,0,0,0,0,0,0,0,0,0,0,0,1,240,0,0,0,0,0,0,0,0,0,1,0,0,0
0.24,0.523598775598299,0.562544536777682,0.298810483936022,-0.0162403509506849,0.562544536777682,0.562544536777682,-0.0389457611793829,0.00763554878971055,0.00763554878971055,0,0,0,0,0,0,0,0,0,0,0,0,0,1,241,0,0,0,0,0,0,0,0,0,1,0,0,0
0.241,0.523598775598299,0.56283902546095,0.290269100225021,-0.0150992171694359,0.56283902546095,0.56283902546095,-0.0392402498626508,0.008163139584249,0.008163139584249,0,0,0,0,0,0,0,0,0,0,0,0,0,1,242,0,0,0,0,0,0,0,0,0,1,0,0,0
0.242,0.523598775598299,0.563125274430929,0.28232578588236,-0.0140166948486812,0.563125274430929,0.563125274430929,-0.0395264988326306,0.00867192837338893,0.00867192837338893,0,0,0,0,0,0,0,0,0,0,0,0,0,1,243,0,0,0,0,0,0,0,0,0,1,0,0,0
0.243,0.523598775598299,0.563403866068542,0.274949310031621,-0.0129911826198195,0.563403866068542,0.563403866068542,-0.0398050904702428,0.00916139803360135,0.00916139803360135,0,0,0,0,0,0,0,0,0,0,0,0,0,1,244,0,0,0,0,0,0,0,0,0,1,0,0,0
0.244,0.523598775598299,0.563675351962498,0.268109319626928,-0.0120210721851283,0.563675351962498,0.563675351962498,-0.0400765763641991,0.00963110043697345,0.00963110043697345,0,0,0,0,0,0,0,0,0,0,0,0,0,1,245,0,0,0,0,0,0,0,0,0,1,0,0,0
0.245,0.523598775598299,0.563940253788382,0.261776341682642,-0.0111047513842906,0.563940253788382,0.563940253788382,-0.0403414781900828,0.0100806533824573,0.0100806533824573,0,0,0,0,0,0,0,0,0,0,0,0,0,1,246,0,0,0,0,0,0,0,0,0,1,0,0,0
0.246,0.523598775598299,0.564199064189156,0.255921783910281,-0.0102406071014255,0.564199064189156,0.564199064189156,-0.0406002885908571,0.010509737583011,0.010509737583011,0,0,0,0,0,0,0,0,0,0,0,0,0,1,247,0,0,0,0,0,0,0,0,0,1,0,0,0
0.247,0.523598775598299,0.564452247655547,0.250517933847827,-0.00942702801636246,0.564452247655547,0.564452247655547,-0.0408534720572482,0.0109180937106862,0.0109180937106862,0,0,0,0,0,0,0,0,0,0,0,0,0,1,248,0,0,0,0,0,0,0,0,0,1,0,0,0
0.248,0.523598775598299,0.564700241404838,0.245537956564471,-0.00866240720395735,0.564700241404838,0.564700241404838,-0.0411014658065393,0.0113055195014942,0.0113055195014942,0,0,0,0,0,0,0,0,0,0,0,0,0,1,249,0,0,0,0,0,0,0,0,0,1,0,0,0
0.249,0.523598775598299,0.564943456256689,0.240955891021789,-0.00794514458529826,0.564943456256689,0.564943456256689,-0.0413446806583906,0.0116718669216901,0.0116718669216901,0,0,0,0,0,0,0,0,0,0,0,0,0,1,250,0,0,0,0,0,0,0,0,0,1,0,0,0
0.25,0.523598775598299,0.565182277504681,0.236746645170185,-0.00727364923469377,0.565182277504681,0.565182277504681,-0.0415835019063819,0.0120170393969204,0.0120170393969204,0,0,0,0,0,0,0,0,0,0,0,0,0,1,251,0,0,0,0,0,0,0,0,0,1,0,0,0
0.251,0.523598775598299,0.56541706578235,0.232885989857328,-0.00664634154636476,0.56541706578235,0.56541706578235,-0.0418182901840509,0.0123409891054957,0.0123409891054957,0,0,0,0,0,0,0,0,0,0,0,0,0,1,252,0,0,0,0,0,0,0,0,0,1,0,0,0
0.252,0.523598775598299,0.565648157922577,0.229350551623132,-0.00606165526478733,0.565648157922577,0.565648157922577,-0.0420493823242778,0.0126437143368691,0.0126437143368691,0,0,0,0,0,0,0,0,0,0,0,0,0,1,253,0,0,0,0,0,0,0,0,0,1,0,0,0
0.253,0.523598775598299,0.565875867809236,0.226117804453685,-0.00551803938265054,0.565875867809236,0.565875867809236,-0.0422770922109377,0.0129252569162413,0.0129252569162413,0,0,0,0,0,0,0,0,0,0,0,0,0,1,254,0,0,0,0,0,0,0,0,0,1,0,0,0
0.254,0.523598775598299,0.566100487220115,0.223166060564357,-0.00501395991039965,0.566100487220115,0.566100487220115,-0.0425017116218163,0.0131856996960428,0.0131856996960428,0,0,0,0,0,0,0,0,0,0,0,0,0,1,255,0,0,0,0,0,0,0,0,0,1,0,0,0
0.255,0.523598775598299,0.56632228666015,0.220474460280156,-0.0045479015213387,0.56632228666015,0.56632228666015,-0.0427235110618511,0.0134251641148966,0.0134251641148966,0,0,0,0,0,0,0,0,0,0,0,0,0,1,256,0,0,0,0,0,0,0,0,0,1,0,0,0
0.256,0.523598775598299,0.566541516184129,0.218022961079219,-0.00411836907625957,0.566541516184129,0.566541516184129,-0.0429427405858304,0.013643807824513,0.013643807824513,0,0,0,0,0,0,0,0,0,0,0,0,0,1,257,0,0,0,0,0,0,0,0,0,1,0,0,0
0.257,0.523598775598299,0.566758406208041,0.215792325863192,-0.00372388903155425,0.566758406208041,0.566758406208041,-0.0431596306097422,0.0138418223848347,0.0138418223848347,0,0,0,0,0,0,0,0,0,0,0,0,0,1,258,0,0,0,0,0,0,0,0,0,1,0,0,0
0.258,0.523598775598299,0.566973168308333,0.213764110516083,-0.00336301073474765,0.566973168308333,0.566973168308333,-0.0433743927100344,0.0140194310276138,0.0140194310276138,0,0,0,0,0,0,0,0,0,0,0,0,0,1,259,0,0,0,0,0,0,0,0,0,1,0,0,0
0.259,0.523598775598299,0.567185996008401,0.21192065081104,-0.00303430761136609,0.567185996008401,0.567185996008401,-0.043587220410102,0.0141768864884792,0.0141768864884792,0,0,0,0,0,0,0,0,0,0,0,0,0,1,260,0,0,0,0,0,0,0,0,0,1,0,0,0
0.26,0.523598775598299,0.567397065551678,0.210245048722391,-0.00273637824702683,0.567397065551678,0.567397065551678,-0.0437982899533792,0.0143144689074311,0.0143144689074311,0,0,0,0,0,0,0,0,0,0,0,0,0,1,261,0,0,0,0,0,0,0,0,0,1,0,0,0
0.261,0.523598775598299,0.567606536660768,0.208721158198174,-0.00246784736860126,0.567606536660768,0.567606536660768,-0.0440077610624694,0.0144324837975943,0.0144324837975943,0,0,0,0,0,0,0,0,0,0,0,0,0,1,262,0,0,0,0,0,0,0,0,0,1,0,0,0
0.262,0.523598775598299,0.567814553282099,0.207333570446299,-0.00222736672826443,0.567814553282099,0.567814553282099,-0.0442157776838003,0.0145312600819464,0.0145312600819464,0,0,0,0,0,0,0,0,0,0,0,0,0,1,263,0,0,0,0,0,0,0,0,0,1,0,0,0
0.263,0.523598775598299,0.568021244315642,0.206067598785437,-0.00201361589420241,0.568021244315642,0.568021244315642,-0.044422468717343,0.0146111481976466,0.0146111481976466,0,0,0,0,0,0,0,0,0,0,0,0,0,1,264,0,0,0,0,0,0,0,0,0,1,0,0,0
0.264,0.523598775598299,0.568226724329284,0.204909263109681,-0.00182530295170066,0.568226724329284,0.568226724329284,-0.0446279487309853,0.0146725182674914,0.0146725182674914,0,0,0,0,0,0,0,0,0,0,0,0,0,1,265,0,0,0,0,0,0,0,0,0,1,0,0,0
0.265,0.523598775598299,0.568431094257495,0.20384527401404,-0.00166116511828657,0.568431094257495,0.568431094257495,-0.0448323186591958,0.0147157583379383,0.0147157583379383,0,0,0,0,0,0,0,0,0,0,0,0,0,1,266,0,0,0,0,0,0,0,0,0,1,0,0,0
0.266,0.523598775598299,0.568634442083962,0.202863016625819,-0.00151996927654574,0.568634442083962,0.568634442083962,-0.045035666485663,0.0147412726830564,0.0147412726830564,0,0,0,0,0,0,0,0,0,0,0,0,0,1,267,0,0,0,0,0,0,0,0,0,1,0,0,0
0.267,0.523598775598299,0.568836843507936,0.201950534185023,-0.00140051242817331,0.568836843507936,0.568836843507936,-0.0452380679096375,0.0147494801736844,0.0147494801736844,0,0,0,0,0,0,0,0,0,0,0,0,0,1,268,0,0,0,0,0,0,0,0,0,1,0,0,0
0.268,0.523598775598299,0.569038362594044,0.201096511414989,-0.00130162207276278,0.569038362594044,0.569038362594044,-0.0454395869957447,0.0147408127110113,0.0147408127110113,0,0,0,0,0,0,0,0,0,0,0,0,0,1,269,0,0,0,0,0,0,0,0,0,1,0,0,0
0.269,0.523598775598299,0.56923905240538,0.200290257722588,-0.00122215651477015,0.56923905240538,0.56923905240538,-0.0456402768070812,0.0147157137237211,0.0147157137237211,0,0,0,0,0,0,0,0,0,0,0,0,0,1,270,0,0,0,0,0,0,0,0,0,1,0,0,0
0.27,0.523598775598299,0.56943895561974,0.199521690265472,-0.00116100510202766,0.56943895561974,0.56943895561974,-0.0458401800214416,0.0146746367277861,0.0146746367277861,0,0,0,0,0,0,0,0,0,0,0,0,0,1,271,0,0,0,0,0,0,0,0,0,1,0,0,0
0.271,0.523598775598299,0.569638105128859,0.198781316922059,-0.00111708839911409,0.569638105128859,0.569638105128859,-0.0460393295305604,0.0146180439479419,0.0146180439479419,0,0,0,0,0,0,0,0,0,0,0,0,0,1,272,0,0,0,0,0,0,0,0,0,1,0,0,0
0.272,0.523598775598299,0.569836524620589,0.198060219198165,-0.00108935829881702,0.569836524620589,0.569836524620589,-0.0462377490222901,0.0145464049998141,0.0145464049998141,0,0,0,0,0,0,0,0,0,0,0,0,0,1,273,0,0,0,0,0,0,0,0,0,1,0,0,0
0.273,0.523598775598299,0.570034229143966,0.197350035102468,-0.0010767980748548,0.570034229143966,0.570034229143966,-0.046435453545667,0.0144601956316334,0.0144601956316334,0,0,0,0,0,0,0,0,0,0,0,0,0,1,274,0,0,0,0,0,0,0,0,0,1,0,0,0
0.274,0.523598775598299,0.57023122565715,0.196642942021289,-0.00107842237895072,0.57023122565715,0.57023122565715,-0.0466324500588513,0.0143598965244216,0.0143598965244216,0,0,0,0,0,0,0,0,0,0,0,0,0,1,275,0,0,0,0,0,0,0,0,0,1,0,0,0
0.275,0.523598775598299,0.570427513558251,0.19593163962154,-0.00109327718527982,0.570427513558251,0.570427513558251,-0.0468287379599518,0.0142459921495013,0.0142459921495013,0,0,0,0,0,0,0,0,0,0,0,0,0,1,276,0,0,0,0,0,0,0,0,0,1,0,0,0
0.276,0.523598775598299,0.570623085199078,0.195209332809064,-0.00112043968523299,0.570623085199078,0.570623085199078,-0.0470243096007795,0.014118969682146,0.014118969682146,0,0,0,0,0,0,0,0,0,0,0,0,0,1,277,0,0,0,0,0,0,0,0,0,1,0,0,0
0.277,0.523598775598299,0.570817926381898,0.194469714768027,-0.00115901813536662,0.570817926381898,0.570817926381898,-0.0472191507835993,0.0139793179701472,0.0139793179701472,0,0,0,0,0,0,0,0,0,0,0,0,0,1,278,0,0,0,0,0,0,0,0,0,1,0,0,0
0.278,0.523598775598299,0.571012016839269,0.193706950105507,-0.0012081516613324,0.571012016839269,0.571012016839269,-0.0474132412409702,0.0138275265560658,0.0138275265560658,0,0,0,0,0,0,0,0,0,0,0,0,0,1,279,0,0,0,0,0,0,0,0,0,1,0,0,0
0.279,0.523598775598299,0.571205330697092,0.192915658123916,-0.00126701002050121,0.571205330697092,0.571205330697092,-0.0476065550987932,0.0136640847518982,0.0136640847518982,0,0,0,0,0,0,0,0,0,0,0,0,0,1,280,0,0,0,0,0,0,0,0,0,1,0,0,0
0.28,0.523598775598299,0.571397836921002,0.192090896242477,-0.00133479332591937,0.571397836921002,0.571397836921002,-0.0477990613227034,0.0134894807648707,0.0134894807648707,0,0,0,0,0,0,0,0,0,0,0,0,0,1,281,0,0,0,0,0,0,0,0,0,1,0,0,0
0.281,0.523598775598299,0.571589499746266,0.191228143587556,-0.00141073173415807,0.571589499746266,0.571589499746266,-0.0479907241479677,0.0133042008730639,0.0133042008730639,0,0,0,0,0,0,0,0,0,0,0,0,0,1,282,0,0,0,0,0,0,0,0,0,1,0,0,0
0.282,0.523598775598299,0.571780279091363,0.190323284770293,-0.00149408509953806,0.571780279091363,0.571780279091363,-0.048181503493064,0.0131087286495489,0.0131087286495489,0,0,0,0,0,0,0,0,0,0,0,0,0,1,283,0,0,0,0,0,0,0,0,0,1,0,0,0
0.283,0.523598775598299,0.571970130955438,0.189372593868686,-0.00158414259713449,0.571970130955438,0.571970130955438,-0.0483713553571397,0.012903544233712,0.012903544233712,0,0,0,0,0,0,0,0,0,0,0,0,0,1,284,0,0,0,0,0,0,0,0,0,1,0,0,0
0.284,0.523598775598299,0.572159007799858,0.18837271862996,-0.00168022231688861,0.572159007799858,0.572159007799858,-0.0485602322015596,0.0126891236484333,0.0126891236484333,0,0,0,0,0,0,0,0,0,0,0,0,0,1,285,0,0,0,0,0,0,0,0,0,1,0,0,0
0.285,0.523598775598299,0.572346858914074,0.187320664907886,-0.00178167083107613,0.572346858914074,0.572346858914074,-0.0487480833157752,0.0124659381617797,0.0124659381617797,0,0,0,0,0,0,0,0,0,0,0,0,0,1,286,0,0,0,0,0,0,0,0,0,1,0,0,0
0.286,0.523598775598299,0.57253363076605,0.186213781348459,-0.0018878627373053,0.57253363076605,0.57253363076605,-0.0489348551677513,0.0122344536918755,0.0122344536918755,0,0,0,0,0,0,0,0,0,0,0,0,0,1,287,0,0,0,0,0,0,0,0,0,1,0,0,0
0.287,0.523598775598299,0.572719267337509,0.185049744336255,-0.00199820017913985,0.572719267337509,0.572719267337509,-0.0491204917392104,0.0119951302536029,0.0119951302536029,0,0,0,0,0,0,0,0,0,0,0,0,0,1,288,0,0,0,0,0,0,0,0,0,1,0,0,0
0.288,0.523598775598299,0.572903710444255,0.183826543212644,-0.00211211234636854,0.572903710444255,0.572903710444255,-0.0493049348459563,0.011748421445801,0.011748421445801,0,0,0,0,0,0,0,0,0,0,0,0,0,1,289,0,0,0,0,0,0,0,0,0,1,0,0,0
0.289,0.523598775598299,0.573086900041857,0.182542465775986,-0.00222905495686523,0.573086900041857,0.573086900041857,-0.0494881244435579,0.011494773977622,0.011494773977622,0,0,0,0,0,0,0,0,0,0,0,0,0,1,290,0,0,0,0,0,0,0,0,0,1,0,0,0
0.29,0.523598775598299,0.573268774516975,0.181196084072916,-0.00234850972191115,0.573268774516975,0.573268774516975,-0.0496699989186761,0.0112346272327221,0.0112346272327221,0,0,0,0,0,0,0,0,0,0,0,0,0,1,291,0,0,0,0,0,0,0,0,0,1,0,0,0
0.291,0.523598775598299,0.573449270964632,0.17978624048883,-0.00246998379677586,0.573449270964632,0.573449270964632,-0.0498504953663335,0.0109684128699603,0.0109684128699603,0,0,0,0,0,0,0,0,0,0,0,0,0,1,292,0,0,0,0,0,0,0,0,0,1,0,0,0
0.292,0.523598775598299,0.573628325451723,0.178312034144746,-0.00259300921828327,0.573628325451723,0.573628325451723,-0.0500295498534244,0.010696554459303,0.010696554459303,0,0,0,0,0,0,0,0,0,0,0,0,0,1,293,0,0,0,0,0,0,0,0,0,1,0,0,0
0.293,0.523598775598299,0.573805873267079,0.176772807606811,-0.00271714233101377,0.573805873267079,0.573805873267079,-0.0502070976687801,0.010419467151629,0.010419467151629,0,0,0,0,0,0,0,0,0,0,0,0,0,1,294,0,0,0,0,0,0,0,0,0,1,0,0,0
0.294,0.523598775598299,0.573981849158399,0.175168133913857,-0.00284196320372731,0.573981849158399,0.573981849158399,-0.0503830735600997,0.0101375573811538,0.0101375573811538,0,0,0,0,0,0,0,0,0,0,0,0,0,1,295,0,0,0,0,0,0,0,0,0,1,0,0,0
0.295,0.523598775598299,0.574156187556371,0.173497803927572,-0.0029670750375198,0.574156187556371,0.574156187556371,-0.0505574119580725,0.00985122259919982,0.00985122259919982,0,0,0,0,0,0,0,0,0,0,0,0,0,1,296,0,0,0,0,0,0,0,0,0,1,0,0,0
0.296,0.523598775598299,0.574328822786309,0.171761814009075,-0.00309210356715908,0.574328822786309,0.574328822786309,-0.0507300471880101,0.0095608510380622,0.0095608510380622,0,0,0,0,0,0,0,0,0,0,0,0,0,1,297,0,0,0,0,0,0,0,0,0,1,0,0,0
0.297,0.523598775598299,0.574499689267621,0.169960354024919,-0.00321669645697813,0.574499689267621,0.574499689267621,-0.0509009136693225,0.00926682150372704,0.00926682150372704,0,0,0,0,0,0,0,0,0,0,0,0,0,1,298,0,0,0,0,0,0,0,0,0,1,0,0,0
0.298,0.523598775598299,0.574668721701463,0.168093795684823,-0.00334052269263982,0.574668721701463,0.574668721701463,-0.0510699461031643,0.00896950319622777,0.00896950319622777,0,0,0,0,0,0,0,0,0,0,0,0,0,1,299,0,0,0,0,0,0,0,0,0,1,0,0,0
0.299,0.523598775598299,0.574835855246884,0.166162681212769,-0.00346327197002158,0.574835855246884,0.574835855246884,-0.0512370796485851,0.00866925555644091,0.00866925555644091,0,0,0,0,0,0,0,0,0,0,0,0,0,1,300,0,0,0,0,0,0,0,0,0,1,0,0,0
0.3,0.523598775598299,0.575001025685819,0.164167712352429,-0.00358465408240521,0.575001025685819,0.575001025685819,-0.0514022500875198,0.00836642813813543,0.00836642813813543,0,0,0,0,0,0,0,0,0,0,0,0,0,1,301,0,0,0,0,0,0,0,0,0,1,0,0,0
0.301,0.523598775598299,0.575164169577248,0.162109739707272,-0.00370439830709858,0.575164169577248,0.575164169577248,-0.0515653939789489,0.0080613605041279,0.0080613605041279,0,0,0,0,0,0,0,0,0,0,0,0,0,1,302,0,0,0,0,0,0,0,0,0,1,0,0,0
0.302,0.523598775598299,0.575325224400868,0.159989752415143,-0.00382225279255171,0.575325224400868,0.575325224400868,-0.0517264488025692,0.00775438214539947,0.00775438214539947,0,0,0,0,0,0,0,0,0,0,0,0,0,1,303,0,0,0,0,0,0,0,0,0,1,0,0,0
0.303,0.523598775598299,0.575484128690602,0.157808868156524,-0.00393798394697488,0.575484128690602,0.575484128690602,-0.0518853530923035,0.0074458124220679,0.0074458124220679,0,0,0,0,0,0,0,0,0,0,0,0,0,1,304,0,0,0,0,0,0,0,0,0,1,0,0,0
0.304,0.523598775598299,0.575640822158285,0.155568323495175,-0.00405137582940695,0.575640822158285,0.575640822158285,-0.0520420465599867,0.00713596052512058,0.00713596052512058,0,0,0,0,0,0,0,0,0,0,0,0,0,1,305,0,0,0,0,0,0,0,0,0,1,0,0,0
0.305,0.523598775598299,0.575795245807856,0.153269464549378,-0.00416222954412826,0.575795245807856,0.575795245807856,-0.0521964702095569,0.00682512545784822,0.00682512545784822,0,0,0,0,0,0,0,0,0,0,0,0,0,1,306,0,0,0,0,0,0,0,0,0,1,0,0,0
0.306,0.523598775598299,0.575947342040381,0.150913737991534,-0.00427036263925669,0.575947342040381,0.575947342040381,-0.0523485664420822,0.00651359603593549,0.00651359603593549,0,0,0,0,0,0,0,0,0,0,0,0,0,1,307,0,0,0,0,0,0,0,0,0,1,0,0,0
0.307,0.523598775598299,0.57609705475025,0.148502682373427,-0.00437560851031421,0.57609705475025,0.57609705475025,-0.0524982791519513,0.00620165090519206,0.00620165090519206,0,0,0,0,0,0,0,0,0,0,0,0,0,1,308,0,0,0,0,0,0,0,0,0,1,0,0,0
0.308,0.523598775598299,0.576244329412848,0.146037919774071,-0.00447781580950021,0.576244329412848,0.576244329412848,-0.0526455538145489,0.00588955857593906,0.00588955857593906,0,0,0,0,0,0,0,0,0,0,0,0,0,1,309,0,0,0,0,0,0,0,0,0,1,0,0,0
0.309,0.523598775598299,0.57638911316404,0.143521147766696,-0.00457684786135687,0.57638911316404,0.57638911316404,-0.0527903375657413,0.00557757747307852,0.00557757747307852,0,0,0,0,0,0,0,0,0,0,0,0,0,1,310,0,0,0,0,0,0,0,0,0,1,0,0,0
0.31,0.523598775598299,0.576531354871783,0.14095413170104,-0.00467258208546626,0.576531354871783,0.576531354871783,-0.0529325792734846,0.00526595600091315,0.00526595600091315,0,0,0,0,0,0,0,0,0,0,0,0,0,1,311,0,0,0,0,0,0,0,0,0,1,0,0,0
0.311,0.523598775598299,0.576671005200172,0.138338697296832,-0.00476490942677043,0.576671005200172,0.576671005200172,-0.0530722296018729,0.00495493262180263,0.00495493262180263,0,0,0,0,0,0,0,0,0,0,0,0,0,1,312,0,0,0,0,0,0,0,0,0,1,0,0,0
0.312,0.523598775598299,0.576808016666231,0.135676723544012,-0.00485373379406098,0.576808016666231,0.576808016666231,-0.0532092410679327,0.00464473594776538,0.00464473594776538,0,0,0,0,0,0,0,0,0,0,0,0,0,1,313,0,0,0,0,0,0,0,0,0,1,0,0,0
0.313,0.523598775598299,0.576942343689768,0.132970135904997,-0.00493897150714309,0.576942343689768,0.576942343689768,-0.0533435680914695,0.00433558484417224,0.00433558484417224,0,0,0,0,0,0,0,0,0,0,0,0,0,1,314,0,0,0,0,0,0,0,0,0,1,0,0,0
0.314,0.523598775598299,0.577073942636564,0.130220899814011,-0.0050205507531341,0.577073942636564,0.577073942636564,-0.0534751670382653,0.0040276885446916,0.0040276885446916,0,0,0,0,0,0,0,0,0,0,0,0,0,1,315,0,0,0,0,0,0,0,0,0,1,0,0,0
0.315,0.523598775598299,0.577202771855221,0.127431014468282,-0.00509841105231914,0.577202771855221,0.577202771855221,-0.0536039962569222,0.00372124677668226,0.00372124677668226,0,0,0,0,0,0,0,0,0,0,0,0,0,1,316,0,0,0,0,0,0,0,0,0,1,0,0,0
0.316,0.523598775598299,0.577328791707939,0.124602506905713,-0.0051725027339454,0.577328791707939,0.577328791707939,-0.0537300161096403,0.00341644989625195,0.00341644989625195,0,0,0,0,0,0,0,0,0,0,0,0,0,1,317,0,0,0,0,0,0,0,0,0,1,0,0,0
0.317,0.523598775598299,0.577451964595514,0.121737426363418,-0.00524278642229958,0.577451964595514,0.577451964595514,-0.0538531889972147,0.00311347903222256,0.00311347903222256,0,0,0,0,0,0,0,0,0,0,0,0,0,1,318,0,0,0,0,0,0,0,0,0,1,0,0,0
0.318,0.523598775598299,0.577572254976827,0.118837838911353,-0.00530923253337831,0.577572254976827,0.577572254976827,-0.0539734793785284,0.00281250623827789,0.00281250623827789,0,0,0,0,0,0,0,0,0,0,0,0,0,1,319,0,0,0,0,0,0,0,0,0,1,0,0,0
0.319,0.523598775598299,0.577689629383114,0.115905822355136,-0.00537182078242445,0.577689629383114,0.577689629383114,-0.0540908537848152,0.00251369465258372,0.00251369465258372,0,0,0,0,0,0,0,0,0,0,0,0,0,1,320,0,0,0,0,0,0,0,0,0,1,0,0,0
0.32,0.523598775598299,0.577804056427255,0.112943461402002,-0.00543053970257158,0.577804056427255,0.577804056427255,-0.0542052808289563,0.00221719866420794,0.00221719866420794,0,0,0,0,0,0,0,0,0,0,0,0,0,1,321,0,0,0,0,0,0,0,0,0,1,0,0,0
0.321,0.523598775598299,0.577915506808371,0.10995284308371,-0.00548538617480485,0.577915506808371,0.577915506808371,-0.0543167312100722,0.00192316408568485,0.00192316408568485,0,0,0,0,0,0,0,0,0,0,0,0,0,1,322,0,0,0,0,0,0,0,0,0,1,0,0,0
0.322,0.523598775598299,0.578023953311962,0.106936052430166,-0.00553636496941705,0.578023953311962,0.578023953311962,-0.0544251777136635,0.00163172833109532,0.00163172833109532,0,0,0,0,0,0,0,0,0,0,0,0,0,1,323,0,0,0,0,0,0,0,0,0,1,0,0,0
0.323,0.523598775598299,0.578129370805847,0.10389516838739,-0.00558348829911014,0.578129370805847,0.578129370805847,-0.0545305952075478,0.00134302059906127,0.00134302059906127,0,0,0,0,0,0,0,0,0,0,0,0,0,1,324,0,0,0,0,0,0,0,0,0,1,0,0,0
0.324,0.523598775598299,0.578231736232133,0.100832259973421,-0.0056267753838635,0.578231736232133,0.578231736232133,-0.0546329606338346,0.00105716206007331,0.00105716206007331,0,0,0,0,0,0,0,0,0,0,0,0,0,1,325,0,0,0,0,0,0,0,0,0,1,0,0,0
0.325,0.523598775598299,0.578331028595471,0.0977493826656874,-0.00566625202766534,0.578331028595471,0.578331028595471,-0.0547322529971718,0.000774266047601335,0.000774266047601335,0,0,0,0,0,0,0,0,0,0,0,0,0,1,326,0,0,0,0,0,0,0,0,0,1,0,0,0
0.326,0.523598775598299,0.578427228947791,0.0946485750133452,-0.00570195020717625,0.578427228947791,0.578427228947791,-0.0548284533494926,0.000494438252452378,0.000494438252452378,0,0,0,0,0,0,0,0,0,0,0,0,0,1,327,0,0,0,0,0,0,0,0,0,1,0,0,0
0.327,0.523598775598299,0.578520320369784,0.0915318554680311,-0.00573390767237226,0.578520320369784,0.578520320369784,-0.0549215447714853,0.000217776919870571,0.000217776919870571,0,0,0,0,0,0,0,0,0,0,0,0,0,1,328,0,0,0,0,0,0,0,0,0,1,0,0,0
0.328,0.523598775598299,0.578610287949298,0.0884012194264982,-0.00576216755919084,0.578610287949298,0.578610287949298,-0.055011512350999,-5.56269511051422e-05,-5.56269511051422e-05,0,0,0,0,0,0,0,0,0,0,0,0,0,1,329,0,0,0,0,0,0,0,0,0,1,0,0,0
0.329,0.523598775598299,0.578697118756895,0.085258636478576,-0.00578677801418162,0.578697118756895,0.578697118756895,-0.0550983431585966,-0.000325689406488749,-0.000325689406488749,0,0,0,0,0,0,0,0,0,0,0,0,0,1,330,0,0,0,0,0,0,0,0,0,1,0,0,0
0.33,0.523598775598299,0.578780801818753,0.0821060478539151,-0.00580779183114399,0.578780801818753,0.578780801818753,-0.0551820262204543,-0.000592333334839351,-0.000592333334839351,0,0,0,0,0,0,0,0,0,0,0,0,0,1,331,0,0,0,0,0,0,0,0,0,1,0,0,0
0.331,0.523598775598299,0.578861328087105,0.0789453640609949,-0.00582526609971357,0.578861328087105,0.578861328087105,-0.0552625524888058,-0.000855488263819121,-0.000855488263819121,0,0,0,0,0,0,0,0,0,0,0,0,0,1,332,0,0,0,0,0,0,0,0,0,1,0,0,0
0.332,0.523598775598299,0.578938690408417,0.0757784627119024,-0.00583926186584301,0.578938690408417,0.578938690408417,-0.0553399148101182,-0.00111509015620986,-0.00111509015620986,0,0,0,0,0,0,0,0,0,0,0,0,0,1,333,0,0,0,0,0,0,0,0,0,1,0,0,0
0.333,0.523598775598299,0.579012883489482,0.0726071865264281,-0.00584984380410327,0.579012883489482,0.579012883489482,-0.0554141078911827,-0.00137108120576795,-0.00137108120576795,0,0,0,0,0,0,0,0,0,0,0,0,0,1,334,0,0,0,0,0,0,0,0,0,1,0,0,0
0.334,0.523598775598299,0.579083903861596,0.0694333415090745,-0.00585707990171718,0.579083903861596,0.579083903861596,-0.055485128263297,-0.0016234096332744,-0.0016234096332744,0,0,0,0,0,0,0,0,0,0,0,0,0,1,335,0,0,0,0,0,0,0,0,0,1,0,0,0
0.335,0.523598775598299,0.579151749843007,0.0662586952926272,-0.00586104115422203,0.579151749843007,0.579151749843007,-0.055552974244708,-0.00187202948311496,-0.00187202948311496,0,0,0,0,0,0,0,0,0,0,0,0,0,1,336,0,0,0,0,0,0,0,0,0,1,0,0,0
0.336,0.523598775598299,0.579216421499778,0.0630849756420023,-0.00586180127264302,0.579216421499778,0.579216421499778,-0.0556176459014791,-0.0021169004207103,-0.0021169004207103,0,0,0,0,0,0,0,0,0,0,0,0,0,1,337,0,0,0,0,0,0,0,0,0,1,0,0,0
0.337,0.523598775598299,0.579277920605238,0.0599138691121555,-0.00585943640204734,0.579277920605238,0.579277920605238,-0.0556791450069387,-0.0023579875310922,-0.0023579875310922,0,0,0,0,0,0,0,0,0,0,0,0,0,1,338,0,0,0,0,0,0,0,0,0,1,0,0,0
0.338,0.523598775598299,0.57933625059816,0.0567470198539144,-0.00585402485133568,0.57933625059816,0.57933625059816,-0.055737474999861,-0.0025952611189102,-0.0025952611189102,0,0,0,0,0,0,0,0,0,0,0,0,0,1,339,0,0,0,0,0,0,0,0,0,1,0,0,0
0.339,0.523598775598299,0.579391416539823,0.0535860285616811,-0.00584564683411759,0.579391416539823,0.579391416539823,-0.0557926409415245,-0.0028286965101294,-0.0028286965101294,0,0,0,0,0,0,0,0,0,0,0,0,0,1,340,0,0,0,0,0,0,0,0,0,1,0,0,0
0.34,0.523598775598299,0.579443425070085,0.0504324515570378,-0.00583438422050629,0.579443425070085,0.579443425070085,-0.0558446494717857,-0.00305827385566509,-0.00305827385566509,0,0,0,0,0,0,0,0,0,0,0,0,0,1,341,0,0,0,0,0,0,0,0,0,1,0,0,0
0.341,0.523598775598299,0.579492284362602,0.047287800002387,-0.0058203202996586,0.579492284362602,0.579492284362602,-0.0558935087643033,-0.00328397793718635,-0.00328397793718635,0,0,0,0,0,0,0,0,0,0,0,0,0,1,342,0,0,0,0,0,0,0,0,0,1,0,0,0
0.342,0.523598775598299,0.579538004079336,0.044153539238854,-0.00580353955287822,0.579538004079336,0.579538004079336,-0.0559392284810372,-0.00350579797529771,-0.00350579797529771,0,0,0,0,0,0,0,0,0,0,0,0,0,1,343,0,0,0,0,0,0,0,0,0,1,0,0,0
0.343,0.523598775598299,0.579580595324445,0.0410310882427844,-0.00578412743709096,0.579580595324445,0.579580595324445,-0.0559818197261462,-0.00372372744030236,-0.00372372744030236,0,0,0,0,0,0,0,0,0,0,0,0,0,1,344,0,0,0,0,0,0,0,0,0,1,0,0,0
0.344,0.523598775598299,0.579620070597698,0.0379218191952754,-0.00576217017849552,0.579620070597698,0.579620070597698,-0.0560212949993991,-0.00393776386572259,-0.00393776386572259,0,0,0,0,0,0,0,0,0,0,0,0,0,1,345,0,0,0,0,0,0,0,0,0,1,0,0,0
0.345,0.523598775598299,0.579656443747507,0.0348270571592939,-0.00573775457618448,0.579656443747507,0.579656443747507,-0.0560576681492084,-0.00414790866475048,-0.00414790866475048,0,0,0,0,0,0,0,0,0,0,0,0,0,1,346,0,0,0,0,0,0,0,0,0,1,0,0,0
0.346,0.523598775598299,0.579689729923693,0.0317480798590439,-0.00571096781552621,0.579689729923693,0.579689729923693,-0.0560909543253946,-0.00435416694978194,-0.00435416694978194,0,0,0,0,0,0,0,0,0,0,0,0,0,1,347,0,0,0,0,0,0,0,0,0,1,0,0,0
0.347,0.523598775598299,0.579719945530076,0.028686117556368,-0.00568189729109312,0.579719945530076,0.579719945530076,-0.056121169931777,-0.00455654735517216,-0.00455654735517216,0,0,0,0,0,0,0,0,0,0,0,0,0,1,348,0,0,0,0,0,0,0,0,0,1,0,0,0
0.348,0.523598775598299,0.579747108176987,0.0256423530190829,-0.00565063043891621,0.579747108176987,0.579747108176987,-0.0561483325786883,-0.0047550618633419,-0.0047550618633419,0,0,0,0,0,0,0,0,0,0,0,0,0,1,349,0,0,0,0,0,0,0,0,0,1,0,0,0
0.349,0.523598775598299,0.579771236633801,0.0226179215762736,-0.00561725457784297,0.579771236633801,0.579771236633801,-0.0561724610355018,-0.00494972563434964,-0.00494972563434964,0,0,0,0,0,0,0,0,0,0,0,0,0,1,350,0,0,0,0,0,0,0,0,0,1,0,0,0
0.35,0.523598775598299,0.579792350781553,0.0196139112556921,-0.0055818567597725,0.579792350781553,0.579792350781553,-0.0561935751832537,-0.00514055683903011,-0.00514055683903011,0,0,0,0,0,0,0,0,0,0,0,0,0,1,351,0,0,0,0,0,0,0,0,0,1,0,0,0
0.351,0.523598775598299,0.579810471565743,0.0166313629985331,-0.00554452362853823,0.579810471565743,0.579810471565743,-0.0562116959674439,-0.00532757649579135,-0.00532757649579135,0,0,0,0,0,0,0,0,0,0,0,0,0,1,352,0,0,0,0,0,0,0,0,0,1,0,0,0
0.352,0.523598775598299,0.579825620949385,0.0136712709469844,-0.00550534128720682,0.579825620949385,0.579825620949385,-0.0562268453510865,-0.00551080831115069,-0.00551080831115069,0,0,0,0,0,0,0,0,0,0,0,0,0,1,353,0,0,0,0,0,0,0,0,0,1,0,0,0
0.353,0.523598775598299,0.579837821866383,0.0107345828000769,-0.00546439517356066,0.579837821866383,0.579837821866383,-0.0562390462680837,-0.0056902785240788,-0.0056902785240788,0,0,0,0,0,0,0,0,0,0,0,0,0,1,354,0,0,0,0,0,0,0,0,0,1,0,0,0
0.354,0.523598775598299,0.579847098175286,0.00782220023348659,-0.00542176994352978,0.579847098175286,0.579847098175286,-0.0562483225769876,-0.00586601575420925,-0.00586601575420925,0,0,0,0,0,0,0,0,0,0,0,0,0,1,355,0,0,0,0,0,0,0,0,0,1,0,0,0
0.355,0.523598775598299,0.57985347461351,0.00493497937907064,-0.00537754936233789,0.57985347461351,0.57985347461351,-0.0562546990152115,-0.00603805085396536,-0.00603805085396536,0,0,0,0,0,0,0,0,0,0,0,0,0,1,356,0,0,0,0,0,0,0,0,0,1,0,0,0
0.356,0.523598775598299,0.579856976752048,0.00207373136004463,-0.00533181620312792,0.579856976752048,0.579856976752048,-0.0562582011537491,-0.00620641676464137,-0.00620641676464137,0,0,0,0,0,0,0,0,0,0,0,0,0,1,357,0,0,0,0,0,0,0,0,0,1,0,0,0
0.357,0.523598775598299,0.579857630950754,-0.000760777122159858,-0.00528465215283153,0.579857630950754,0.579857630950754,-0.0562588553524556,-0.0063711483764719,-0.0063711483764719,0,0,0,0,0,0,0,0,0,0,0,0,0,1,358,0,0,0,0,0,0,0,0,0,1,0,0,0
0.358,0.523598775598299,0.579855464314238,-0.00356782315319292,-0.0052361377250484,0.579855464314238,0.579855464314238,-0.0562566887159389,-0.00653228239271053,-0.00653228239271053,0,0,0,0,0,0,0,0,0,0,0,0,0,1,359,0,0,0,0,0,0,0,0,0,1,0,0,0
0.359,0.523598775598299,0.579850504648408,-0.00634672692694612,-0.00518635217970179,0.579850504648408,0.579850504648408,-0.056251729050109,-0.00668985719773227,-0.00668985719773227,0,0,0,0,0,0,0,0,0,0,0,0,0,1,360,0,0,0,0,0,0,0,0,0,1,0,0,0
0.36,0.523598775598299,0.579842780417725,-0.00909685102615486,-0.00513537344923746,0.579842780417725,0.579842780417725,-0.0562440048194258,-0.00684391272916862,-0.00684391272916862,0,0,0,0,0,0,0,0,0,0,0,0,0,1,361,0,0,0,0,0,0,0,0,0,1,0,0,0
0.361,0.523598775598299,0.579832320703185,-0.0118175996658974,-0.00508327807113602,0.579832320703185,0.579832320703185,-0.056233545104886,-0.00699449035407276,-0.00699449035407276,0,0,0,0,0,0,0,0,0,0,0,0,0,1,362,0,0,0,0,0,0,0,0,0,1,0,0,0
0.362,0.523598775598299,0.579819155161081,-0.0145084179033203,-0.00503014112650895,0.579819155161081,0.579819155161081,-0.0562203795627825,-0.00714163274910815,-0.00714163274910815,0,0,0,0,0,0,0,0,0,0,0,0,0,1,363,0,0,0,0,0,0,0,0,0,1,0,0,0
0.363,0.523598775598299,0.57980331398257,-0.0171687908167951,-0.00497603618455154,0.57980331398257,0.57980331398257,-0.0562045383842711,-0.00728538378474997,-0.00728538378474997,0,0,0,0,0,0,0,0,0,0,0,0,0,1,364,0,0,0,0,0,0,0,0,0,1,0,0,0
0.364,0.523598775598299,0.57978482785407,-0.0197982426575895,-0.00492103525262903,0.57978482785407,0.57978482785407,-0.0561860522557708,-0.00742578841347619,-0.00742578841347619,0,0,0,0,0,0,0,0,0,0,0,0,0,1,365,0,0,0,0,0,0,0,0,0,1,0,0,0
0.365,0.523598775598299,0.579763727918525,-0.0223963359770152,-0.00486520873177365,0.579763727918525,0.579763727918525,-0.056164952320226,-0.0075628925619266,-0.0075628925619266,0,0,0,0,0,0,0,0,0,0,0,0,0,1,366,0,0,0,0,0,0,0,0,0,1,0,0,0
0.366,0.523598775598299,0.57974004573755,-0.0249626707318942,-0.00480862537737419,0.57974004573755,0.57974004573755,-0.0561412701392512,-0.0076967430269935,-0.0076967430269935,0,0,0,0,0,0,0,0,0,0,0,0,0,1,367,0,0,0,0,0,0,0,0,0,1,0,0,0
0.367,0.523598775598299,0.57971381325448,-0.027496883371068,-0.00475135226484128,0.57971381325448,0.57971381325448,-0.0561150376561814,-0.00782738737581759,-0.00782738737581759,0,0,0,0,0,0,0,0,0,0,0,0,0,1,368,0,0,0,0,0,0,0,0,0,1,0,0,0
0.368,0.523598775598299,0.579685062758343,-0.0299986459055589,-0.00469345476003772,0.579685062758343,0.579685062758343,-0.0560862871600438,-0.00795487384964014,-0.00795487384964014,0,0,0,0,0,0,0,0,0,0,0,0,0,1,369,0,0,0,0,0,0,0,0,0,1,0,0,0
0.369,0.523598775598299,0.579653826848765,-0.0324676649648768,-0.00463499649426347,0.579653826848765,0.579653826848765,-0.0560550512504658,-0.00807925127147058,-0.00807925127147058,0,0,0,0,0,0,0,0,0,0,0,0,0,1,370,0,0,0,0,0,0,0,0,0,1,0,0,0
0.37,0.523598775598299,0.579620138401833,-0.0349036808418541,-0.00457603934359037,0.579620138401833,0.579620138401833,-0.0560213628035339,-0.00820056895752277,-0.00820056895752277,0,0,0,0,0,0,0,0,0,0,0,0,0,1,371,0,0,0,0,0,0,0,0,0,1,0,0,0
0.371,0.523598775598299,0.57958403053691,-0.0373064665282803,-0.00451664341234562,0.57958403053691,0.57958403053691,-0.0559852549386115,-0.00831887663236405,-0.00831887663236405,0,0,0,0,0,0,0,0,0,0,0,0,0,1,372,0,0,0,0,0,0,0,0,0,1,0,0,0
0.372,0.523598775598299,0.579545536584424,-0.0396758267435012,-0.00445686702054591,0.579545536584424,0.579545536584424,-0.0559467609861254,-0.00843422434772229,-0.00843422434772229,0,0,0,0,0,0,0,0,0,0,0,0,0,1,373,0,0,0,0,0,0,0,0,0,1,0,0,0
0.373,0.523598775598299,0.579504690054625,-0.0420115969580403,-0.0043967666950886,0.579504690054625,0.579504690054625,-0.0559059144563259,-0.0085466624048941,-0.0085466624048941,0,0,0,0,0,0,0,0,0,0,0,0,0,1,374,0,0,0,0,0,0,0,0,0,1,0,0,0
0.374,0.523598775598299,0.579461524607324,-0.0443136424141965,-0.00433639716451115,0.579461524607324,0.579461524607324,-0.0558627490090254,-0.00865624128068981,-0.00865624128068981,0,0,0,0,0,0,0,0,0,0,0,0,0,1,375,0,0,0,0,0,0,0,0,0,1,0,0,0
0.375,0.523598775598299,0.579416074022616,-0.046581857145474,-0.00427581135713322,0.579416074022616,0.579416074022616,-0.0558172984243168,-0.00876301155685069,-0.00876301155685069,0,0,0,0,0,0,0,0,0,0,0,0,0,1,376,0,0,0,0,0,0,0,0,0,1,0,0,0
0.376,0.523598775598299,0.579368372172571,-0.0488161629965962,-0.00421506040240054,0.579368372172571,0.579368372172571,-0.0557695965742719,-0.00886702385287333,-0.00886702385287333,0,0,0,0,0,0,0,0,0,0,0,0,0,1,377,0,0,0,0,0,0,0,0,0,1,0,0,0
0.377,0.523598775598299,0.579318452993919,-0.0510165086457646,-0.00415419363525437,0.579318452993919,0.579318452993919,-0.0557196773956203,-0.00896832876217252,-0.00896832876217252,0,0,0,0,0,0,0,0,0,0,0,0,0,1,378,0,0,0,0,0,0,0,0,0,1,0,0,0
0.378,0.523598775598299,0.579266350461701,-0.053182868630725,-0.00409325860335524,0.579266350461701,0.579266350461701,-0.0556675748634025,-0.0090669767915075,-0.0090669767915075,0,0,0,0,0,0,0,0,0,0,0,0,0,1,379,0,0,0,0,0,0,0,0,0,1,0,0,0
0.379,0.523598775598299,0.579212098563894,-0.0553152423801149,-0.00403230107699221,0.579212098563894,0.579212098563894,-0.0556133229655953,-0.0091630183036045,-0.0091630183036045,0,0,0,0,0,0,0,0,0,0,0,0,0,1,380,0,0,0,0,0,0,0,0,0,1,0,0,0
0.38,0.523598775598299,0.579155731277002,-0.0574136532514762,-0.00397136506151598,0.579155731277002,0.579155731277002,-0.0555569556787028,-0.00925650346289664,-0.00925650346289664,0,0,0,0,0,0,0,0,0,0,0,0,0,1,381,0,0,0,0,0,0,0,0,0,1,0,0,0
0.381,0.523598775598299,0.579097282542604,-0.0594781475772293,-0.00391049281213673,0.579097282542604,0.579097282542604,-0.0554985069443052,-0.00934748218431108,-0.00934748218431108,0,0,0,0,0,0,0,0,0,0,0,0,0,1,382,0,0,0,0,0,0,0,0,0,1,0,0,0
0.382,0.523598775598299,0.579036786244856,-0.0615087937198218,-0.00384972485093405,0.579036786244856,0.579036786244856,-0.0554380106465571,-0.00943600408501988,-0.00943600408501988,0,0,0,0,0,0,0,0,0,0,0,0,0,1,383,0,0,0,0,0,0,0,0,0,1,0,0,0
0.383,0.523598775598299,0.578974276188924,-0.0635056811371852,-0.00378909998592825,0.578974276188924,0.578974276188924,-0.0553755005906249,-0.00952211843908363,-0.00952211843908363,0,0,0,0,0,0,0,0,0,0,0,0,0,1,384,0,0,0,0,0,0,0,0,0,1,0,0,0
0.384,0.523598775598299,0.578909786080354,-0.0654689194595494,-0.00372865533206984,0.578909786080354,0.578909786080354,-0.0553110104820556,-0.00960587413490929,-0.00960587413490929,0,0,0,0,0,0,0,0,0,0,0,0,0,1,385,0,0,0,0,0,0,0,0,0,1,0,0,0
0.385,0.523598775598299,0.578843349505358,-0.067398637578593,-0.00366842633400752,0.578843349505358,0.578843349505358,-0.0552445739070589,-0.00968731963543656,-0.00968731963543656,0,0,0,0,0,0,0,0,0,0,0,0,0,1,386,0,0,0,0,0,0,0,0,0,1,0,0,0
0.386,0.523598775598299,0.578774999911997,-0.0692949827498312,-0.00360844679049757,0.578774999911997,0.578774999911997,-0.055176224313698,-0.00976650294098591,-0.00976650294098591,0,0,0,0,0,0,0,0,0,0,0,0,0,1,387,0,0,0,0,0,0,0,0,0,1,0,0,0
0.387,0.523598775598299,0.578704770592265,-0.0711581197090707,-0.00354874888032652,0.578704770592265,0.578704770592265,-0.0551059949939664,-0.00984347155467602,-0.00984347155467602,0,0,0,0,0,0,0,0,0,0,0,0,0,1,388,0,0,0,0,0,0,0,0,0,1,0,0,0
0.388,0.523598775598299,0.578632694665044,-0.0729882298036941,-0.00348936318961828,0.578632694665044,0.578632694665044,-0.055033919066745,-0.00991827245034202,-0.00991827245034202,0,0,0,0,0,0,0,0,0,0,0,0,0,1,389,0,0,0,0,0,0,0,0,0,1,0,0,0
0.389,0.523598775598299,0.578558805059917,-0.0747855101394686,-0.00343031874040595,0.578558805059917,0.578558805059917,-0.0549600294616177,-0.00999095204286951,-0.00999095204286951,0,0,0,0,0,0,0,0,0,0,0,0,0,1,390,0,0,0,0,0,0,0,0,0,1,0,0,0
0.39,0.523598775598299,0.578483134501832,-0.076550172743509,-0.00337164302035021,0.578483134501832,0.578483134501832,-0.0548843589035328,-0.0100615561608671,-0.0100615561608671,0,0,0,0,0,0,0,0,0,0,0,0,0,1,391,0,0,0,0,0,0,0,0,0,1,0,0,0
0.391,0.523598775598299,0.578405715496593,-0.0782824437439647,-0.0033133620134917,0.578405715496593,0.578405715496593,-0.0548069398982938,-0.010130130021599,-0.010130130021599,0,0,0,0,0,0,0,0,0,0,0,0,0,1,392,0,0,0,0,0,0,0,0,0,1,0,0,0
0.392,0.523598775598299,0.578326580317159,-0.0799825625669396,-0.00325550023192905,0.578326580317159,0.578326580317159,-0.0547278047188605,-0.0101967182080983,-0.0101967182080983,0,0,0,0,0,0,0,0,0,0,0,0,0,1,393,0,0,0,0,0,0,0,0,0,1,0,0,0
0.393,0.523598775598299,0.578245760990745,-0.0816507811510987,-0.00319808074831801,0.578245760990745,0.578245760990745,-0.0546469853924463,-0.0102613646483857,-0.0102613646483857,0,0,0,0,0,0,0,0,0,0,0,0,0,1,394,0,0,0,0,0,0,0,0,0,1,0,0,0
0.394,0.523598775598299,0.578163289286688,-0.0832873631803583,-0.00314112522909269,0.578163289286688,0.578163289286688,-0.0545645136883897,-0.010324112596713,-0.010324112596713,0,0,0,0,0,0,0,0,0,0,0,0,0,1,395,0,0,0,0,0,0,0,0,0,1,0,0,0
0.395,0.523598775598299,0.578079196705085,-0.0848925833350053,-0.00308465396831217,0.578079196705085,0.578079196705085,-0.054480421106786,-0.0103850046167596,-0.0103850046167596,0,0,0,0,0,0,0,0,0,0,0,0,0,1,396,0,0,0,0,0,0,0,0,0,1,0,0,0
0.396,0.523598775598299,0.577993514466156,-0.0864667265615427,-0.0030286859220422,0.577993514466156,0.577993514466156,-0.0543947388678567,-0.0104440825667008,-0.0104440825667008,0,0,0,0,0,0,0,0,0,0,0,0,0,1,397,0,0,0,0,0,0,0,0,0,1,0,0,0
0.397,0.523598775598299,0.57790627350034,-0.0880100873615071,-0.00297323874318308,0.57790627350034,0.57790627350034,-0.0543074979020416,-0.010501387586081,-0.010501387586081,0,0,0,0,0,0,0,0,0,0,0,0,0,1,398,0,0,0,0,0,0,0,0,0,1,0,0,0
0.398,0.523598775598299,0.577817504439089,-0.089522969099461,-0.00291832881666212,0.577817504439089,0.577817504439089,-0.0542187288407902,-0.0105569600844091,-0.0105569600844091,0,0,0,0,0,0,0,0,0,0,0,0,0,1,399,0,0,0,0,0,0,0,0,0,1,0,0,0
0.399,0.523598775598299,0.577727237606336,-0.0910056833303183,-0.00286397129490907,0.577727237606336,0.577727237606336,-0.0541284620080371,-0.0106108397314113,-0.0106108397314113,0,0,0,0,0,0,0,0,0,0,0,0,0,1,400,0,0,0,0,0,0,0,0,0,1,0,0,0
0.4,0.523598775598299,0.577635503010639,-0.09245854914612,-0.00281018013354031,0.577635503010639,0.577635503010639,-0.0540367274123403,-0.0106630654488669,-0.0106630654488669,0,0,0,0,0,0,0,0,0,0,0,0,0,1,401,0,0,0,0,0,0,0,0,0,1,0,0,0
0.401,0.523598775598299,0.577542330337961,-0.0938818925423368,-0.00275696812717939,0.577542330337961,0.577542330337961,-0.0539435547396621,-0.0107136754039555,-0.0107136754039555,0,0,0,0,0,0,0,0,0,0,0,0,0,1,402,0,0,0,0,0,0,0,0,0,1,0,0,0
0.402,0.523598775598299,0.577447748945073,-0.0952760458037394,-0.00270434694534555,0.577447748945073,0.577447748945073,-0.0538489733467739,-0.0107627070040477,-0.0107627070040477,0,0,0,0,0,0,0,0,0,0,0,0,0,1,403,0,0,0,0,0,0,0,0,0,1,0,0,0
0.403,0.523598775598299,0.577351787853566,-0.0966413469098413,-0.00265232716834516,0.577351787853566,0.577351787853566,-0.0537530122552669,-0.0108101968928751,-0.0108101968928751,0,0,0,0,0,0,0,0,0,0,0,0,0,1,404,0,0,0,0,0,0,0,0,0,1,0,0,0
0.404,0.523598775598299,0.577254475744445,-0.0979781389598841,-0.00260091832310613,0.577254475744445,0.577254475744445,-0.0536557001461457,-0.0108561809480065,-0.0108561809480065,0,0,0,0,0,0,0,0,0,0,0,0,0,1,405,0,0,0,0,0,0,0,0,0,1,0,0,0
0.405,0.523598775598299,0.577155840953287,-0.099286769617306,-0.00255012891889611,0.577155840953287,0.577155840953287,-0.0535570653549883,-0.0109006942795705,-0.0109006942795705,0,0,0,0,0,0,0,0,0,0,0,0,0,1,406,0,0,0,0,0,0,0,0,0,1,0,0,0
0.406,0.523598775598299,0.57705591146595,-0.100567590573602,-0.00249996648287071,0.57705591146595,0.57705591146595,-0.0534571358676512,-0.0109437712301599,-0.0109437712301599,0,0,0,0,0,0,0,0,0,0,0,0,0,1,407,0,0,0,0,0,0,0,0,0,1,0,0,0
0.407,0.523598775598299,0.576954714914801,-0.101820957031459,-0.00245043759540079,0.576954714914801,0.576954714914801,-0.0533559393165021,-0.010985445375854,-0.010985445375854,0,0,0,0,0,0,0,0,0,0,0,0,0,1,408,0,0,0,0,0,0,0,0,0,1,0,0,0
0.408,0.523598775598299,0.576852278575457,-0.103047227207018,-0.00240154792513028,0.576852278575457,0.576852278575457,-0.0532535029771583,-0.0110257495282998,-0.0110257495282998,0,0,0,0,0,0,0,0,0,0,0,0,0,1,409,0,0,0,0,0,0,0,0,0,1,0,0,0
0.409,0.523598775598299,0.576748629364013,-0.104246761851095,-0.00235330226371961,0.576748629364013,0.576748629364013,-0.0531498537657147,-0.0110647157377925,-0.0110647157377925,0,0,0,0,0,0,0,0,0,0,0,0,0,1,410,0,0,0,0,0,0,0,0,0,1,0,0,0
0.41,0.523598775598299,0.57664379383474,-0.105419923789176,-0.00230570456023299,0.57664379383474,0.57664379383474,-0.0530450182364407,-0.0111023752972975,-0.0111023752972975,0,0,0,0,0,0,0,0,0,0,0,0,0,1,411,0,0,0,0,0,0,0,0,0,1,0,0,0
0.411,0.523598775598299,0.576537798178226,-0.106567077479952,-0.00225875795513036,0.576537798178226,0.576537798178226,-0.0529390225799277,-0.011138758747358,-0.011138758747358,0,0,0,0,0,0,0,0,0,0,0,0,0,1,412,0,0,0,0,0,0,0,0,0,1,0,0,0
0.412,0.523598775598299,0.576430668219968,-0.107688588592184,-0.00221246481382748,0.576430668219968,0.576430668219968,-0.0528318926216688,-0.0111738958818327,-0.0111738958818327,0,0,0,0,0,0,0,0,0,0,0,0,0,1,413,0,0,0,0,0,0,0,0,0,1,0,0,0
0.413,0.523598775598299,0.576322429419352,-0.108784823599631,-0.00216682675979075,0.576322429419352,0.576322429419352,-0.0527236538210533,-0.0112078157544126,-0.0112078157544126,0,0,0,0,0,0,0,0,0,0,0,0,0,1,414,0,0,0,0,0,0,0,0,0,1,0,0,0
0.414,0.523598775598299,0.576213106869055,-0.109856149393771,-0.00212184470713569,0.576213106869055,0.576213106869055,-0.0526143312707559,-0.0112405466858609,-0.0112405466858609,0,0,0,0,0,0,0,0,0,0,0,0,0,1,415,0,0,0,0,0,0,0,0,0,1,0,0,0
0.415,0.523598775598299,0.576102725294805,-0.110902932914039,-0.00207751889270006,0.576102725294805,0.576102725294805,-0.0525039496965063,-0.0112721162719336,-0.0112721162719336,0,0,0,0,0,0,0,0,0,0,0,0,0,1,416,0,0,0,0,0,0,0,0,0,1,0,0,0
0.416,0.523598775598299,0.575991309055517,-0.111925540795278,-0.0020338489075667,0.575991309055517,0.575991309055517,-0.0523925334572182,-0.0113025513919234,-0.0113025513919234,0,0,0,0,0,0,0,0,0,0,0,0,0,1,417,0,0,0,0,0,0,0,0,0,1,0,0,0
0.417,0.523598775598299,0.575878882143762,-0.112924339032081,-0.00199083372801112,0.575878882143762,0.575878882143762,-0.0522801065454636,-0.0113318782177881,-0.0113318782177881,0,0,0,0,0,0,0,0,0,0,0,0,0,1,418,0,0,0,0,0,0,0,0,0,1,0,0,0
0.418,0.523598775598299,0.575765468186572,-0.113899692659722,-0.00194847174585351,0.575765468186572,0.575765468186572,-0.0521666925882734,-0.0113601222238113,-0.0113601222238113,0,0,0,0,0,0,0,0,0,0,0,0,0,1,419,0,0,0,0,0,0,0,0,0,1,0,0,0
0.419,0.523598775598299,0.575651090446549,-0.114851965451316,-0.00190676079819459,0.575651090446549,0.575651090446549,-0.0520523148482505,-0.0113873081967583,-0.0113873081967583,0,0,0,0,0,0,0,0,0,0,0,0,0,1,420,0,0,0,0,0,0,0,0,0,1,0,0,0
0.42,0.523598775598299,0.575535771823274,-0.115781519630879,-0.00186569819651965,0.575535771823274,0.575535771823274,-0.0519369962249752,-0.011413460246478,-0.011413460246478,0,0,0,0,0,0,0,0,0,0,0,0,0,1,421,0,0,0,0,0,0,0,0,0,1,0,0,0
0.421,0.523598775598299,0.575419534854992,-0.116688715601939,-0.00182528075515395,0.575419534854992,0.575419534854992,-0.0518207592566928,-0.0114386018169167,-0.0114386018169167,0,0,0,0,0,0,0,0,0,0,0,0,0,1,422,0,0,0,0,0,0,0,0,0,1,0,0,0
0.422,0.523598775598299,0.575302401720561,-0.117573911691316,-0.00178550481905779,0.575302401720561,0.575302401720561,-0.0517036261222626,-0.0114627556974992,-0.0114627556974992,0,0,0,0,0,0,0,0,0,0,0,0,0,1,423,0,0,0,0,0,0,0,0,0,1,0,0,0
0.423,0.523598775598299,0.575184394241655,-0.11843746390773,-0.00174636629094833,0.575184394241655,0.575184394241655,-0.0515856186433566,-0.0114859440348424,-0.0114859440348424,0,0,0,0,0,0,0,0,0,0,0,0,0,1,424,0,0,0,0,0,0,0,0,0,1,0,0,0
0.424,0.523598775598299,0.575065533885191,-0.119279725714854,-0.00170786065773953,0.575065533885191,0.575065533885191,-0.0514667582868924,-0.0115081883447651,-0.0115081883447651,0,0,0,0,0,0,0,0,0,0,0,0,0,1,425,0,0,0,0,0,0,0,0,0,1,0,0,0
0.425,0.523598775598299,0.574945841765985,-0.120101047818429,-0.00166998301629184,0.574945841765985,0.574945841765985,-0.0513470661676858,-0.0115295095245581,-0.0115295095245581,0,0,0,0,0,0,0,0,0,0,0,0,0,1,426,0,0,0,0,0,0,0,0,0,1,0,0,0
0.426,0.523598775598299,0.574825338649608,-0.120901777967072,-0.00163272809846527,0.574825338649608,0.574825338649608,-0.0512265630513093,-0.0115499278654803,-0.0115499278654803,0,0,0,0,0,0,0,0,0,0,0,0,0,1,427,0,0,0,0,0,0,0,0,0,1,0,0,0
0.427,0.523598775598299,0.574704044955443,-0.121682260766396,-0.00159609029547066,0.574704044955443,0.574704044955443,-0.0511052693571439,-0.0115694630654535,-0.0115694630654535,0,0,0,0,0,0,0,0,0,0,0,0,0,1,428,0,0,0,0,0,0,0,0,0,1,0,0,0
0.428,0.523598775598299,0.574581980759907,-0.122442837506043,-0.00156006368151665,0.574581980759907,0.574581980759907,-0.0509832051616085,-0.0115881342419171,-0.0115881342419171,0,0,0,0,0,0,0,0,0,0,0,0,0,1,429,0,0,0,0,0,0,0,0,0,1,0,0,0
0.429,0.523598775598299,0.574459165799857,-0.123183845999263,-0.0015246420367488,0.574459165799857,0.574459165799857,-0.0508603902015582,-0.0116059599448237,-0.0116059599448237,0,0,0,0,0,0,0,0,0,0,0,0,0,1,430,0,0,0,0,0,0,0,0,0,1,0,0,0
0.43,0.523598775598299,0.574335619476134,-0.123905620434633,-0.00148981886948179,0.574335619476134,0.574335619476134,-0.0507368438778353,-0.0116229581697381,-0.0116229581697381,0,0,0,0,0,0,0,0,0,0,0,0,0,1,431,0,0,0,0,0,0,0,0,0,1,0,0,0
0.431,0.523598775598299,0.574211360857262,-0.124608491239553,-0.00145558743772383,0.574211360857262,0.574211360857262,-0.0506125852589633,-0.0116391463710198,-0.0116391463710198,0,0,0,0,0,0,0,0,0,0,0,0,0,1,432,0,0,0,0,0,0,0,0,0,1,0,0,0
0.432,0.523598775598299,0.57408640868327,-0.125292784955113,-0.00142194076999595,0.57408640868327,0.57408640868327,-0.0504876330849715,-0.0116545414750606,-0.0116545414750606,0,0,0,0,0,0,0,0,0,0,0,0,0,1,433,0,0,0,0,0,0,0,0,0,1,0,0,0
0.433,0.523598775598299,0.573960781369638,-0.125958824121963,-0.00138887168544804,0.573960781369638,0.573960781369638,-0.0503620057713393,-0.0116691598935536,-0.0116691598935536,0,0,0,0,0,0,0,0,0,0,0,0,0,1,434,0,0,0,0,0,0,0,0,0,1,0,0,0
0.434,0.523598775598299,0.573834497011348,-0.126606927176788,-0.0013563728132762,0.573834497011348,0.573834497011348,-0.0502357214130494,-0.0116830175367731,-0.0116830175367731,0,0,0,0,0,0,0,0,0,0,0,0,0,1,435,0,0,0,0,0,0,0,0,0,1,0,0,0
0.435,0.523598775598299,0.573707573387038,-0.127237408359034,-0.00132443661144596,0.573707573387038,0.573707573387038,-0.050108797788739,-0.0116961298268391,-0.0116961298268391,0,0,0,0,0,0,0,0,0,0,0,0,0,1,436,0,0,0,0,0,0,0,0,0,1,0,0,0
0.436,0.523598775598299,0.573580027963239,-0.127850577627479,-0.00129305538472663,0.573580027963239,0.573580027963239,-0.0499812523649398,-0.0117085117109525,-0.0117085117109525,0,0,0,0,0,0,0,0,0,0,0,0,0,1,437,0,0,0,0,0,0,0,0,0,1,0,0,0
0.437,0.523598775598299,0.573451877898695,-0.128446740586303,-0.00126222130204427,0.573451877898695,0.573451877898695,-0.0498531023003962,-0.0117201776745749,-0.0117201776745749,0,0,0,0,0,0,0,0,0,0,0,0,0,1,438,0,0,0,0,0,0,0,0,0,1,0,0,0
0.438,0.523598775598299,0.573323140048752,-0.129026198420272,-0.00123192641315956,0.573323140048752,0.573323140048752,-0.0497243644504531,-0.0117311417545402,-0.0117311417545402,0,0,0,0,0,0,0,0,0,0,0,0,0,1,439,0,0,0,0,0,0,0,0,0,1,0,0,0
0.439,0.523598775598299,0.573193830969803,-0.129589247838681,-0.00120216266467934,0.573193830969803,0.573193830969803,-0.0495950553715044,-0.0117414175520789,-0.0117414175520789,0,0,0,0,0,0,0,0,0,0,0,0,0,1,440,0,0,0,0,0,0,0,0,0,1,0,0,0
0.44,0.523598775598299,0.573063966923791,-0.13013618102769,-0.00117292191541069,0.573063966923791,0.573063966923791,-0.0494651913254924,-0.0117510182457382,-0.0117510182457382,0,0,0,0,0,0,0,0,0,0,0,0,0,1,441,0,0,0,0,0,0,0,0,0,1,0,0,0
0.441,0.523598775598299,0.572933563882751,-0.130667285610705,-0.00114419595106633,0.572933563882751,0.572933563882751,-0.0493347882844518,-0.0117599566041844,-0.0117599566041844,0,0,0,0,0,0,0,0,0,0,0,0,0,1,442,0,0,0,0,0,0,0,0,0,1,0,0,0
0.442,0.523598775598299,0.572802637533388,-0.131182844616453,-0.00111597649833203,0.572802637533388,0.572802637533388,-0.0492038619350887,-0.0117682449988737,-0.0117682449988737,0,0,0,0,0,0,0,0,0,0,0,0,0,1,443,0,0,0,0,0,0,0,0,0,1,0,0,0
0.443,0.523598775598299,0.572671203281688,-0.131683136454406,-0.00108825523830594,0.572671203281688,0.572671203281688,-0.0490724276833888,-0.0117758954165778,-0.0117758954165778,0,0,0,0,0,0,0,0,0,0,0,0,0,1,444,0,0,0,0,0,0,0,0,0,1,0,0,0
0.444,0.523598775598299,0.572539276257544,-0.132168434897224,-0.00106102381932185,0.572539276257544,0.572539276257544,-0.0489405006592454,-0.0117829194717519,-0.0117829194717519,0,0,0,0,0,0,0,0,0,0,0,0,0,1,445,0,0,0,0,0,0,0,0,0,1,0,0,0
0.445,0.523598775598299,0.572406871319401,-0.132639009069875,-0.0010342738691666,0.572406871319401,0.572406871319401,-0.0488080957211021,-0.0117893284187342,-0.0117893284187342,0,0,0,0,0,0,0,0,0,0,0,0,0,1,446,0,0,0,0,0,0,0,0,0,1,0,0,0
0.446,0.523598775598299,0.572274003058903,-0.133095123445117,-0.00100799700670426,0.572274003058903,0.572274003058903,-0.048675227460604,-0.0117951331637688,-0.0117951331637688,0,0,0,0,0,0,0,0,0,0,0,0,0,1,447,0,0,0,0,0,0,0,0,0,1,0,0,0
0.447,0.523598775598299,0.572140685805548,-0.133537037845027,-0.0009821848529196,0.572140685805548,0.572140685805548,-0.0485419102072491,-0.0118003442768383,-0.0118003442768383,0,0,0,0,0,0,0,0,0,0,0,0,0,1,448,0,0,0,0,0,0,0,0,0,1,0,0,0
0.448,0.523598775598299,0.572006933631334,-0.133965007448252,-0.000956829041392617,0.572006933631334,0.572006933631334,-0.0484081580330356,-0.0118049720033012,-0.0118049720033012,0,0,0,0,0,0,0,0,0,0,0,0,0,1,449,0,0,0,0,0,0,0,0,0,1,0,0,0
0.449,0.523598775598299,0.571872760355399,-0.134379282802692,-0.000931921228217468,0.571872760355399,0.571872760355399,-0.0482739847571,-0.0118090262753254,-0.0118090262753254,0,0,0,0,0,0,0,0,0,0,0,0,0,1,450,0,0,0,0,0,0,0,0,0,1,0,0,0
0.45,0.523598775598299,0.571738179548638,-0.134780109843318,-0.00090745310137894,0.571738179548638,0.571738179548638,-0.0481394039503391,-0.0118125167231091,-0.0118125167231091,0,0,0,0,0,0,0,0,0,0,0,0,0,1,451,0,0,0,0,0,0,0,0,0,1,0,0,0
0.451,0.523598775598299,0.571603204538311,-0.135167729914824,-0.000883416389599413,0.571603204538311,0.571603204538311,-0.0480044289400119,-0.0118154526858849,-0.0118154526858849,0,0,0,0,0,0,0,0,0,0,0,0,0,1,452,0,0,0,0,0,0,0,0,0,1,0,0,0
0.452,0.523598775598299,0.571467848412615,-0.135542379798846,-0.000859802870670041,0.571467848412615,0.571467848412615,-0.0478690728143166,-0.0118178432227001,-0.0118178432227001,0,0,0,0,0,0,0,0,0,0,0,0,0,1,453,0,0,0,0,0,0,0,0,0,1,0,0,0
0.453,0.523598775598299,0.571332124025238,-0.135904291745457,-0.000836604379279712,0.571332124025238,0.571332124025238,-0.0477333484269388,-0.0118196971229703,-0.0118196971229703,0,0,0,0,0,0,0,0,0,0,0,0,0,1,454,0,0,0,0,0,0,0,0,0,1,0,0,0
0.454,0.523598775598299,0.571196043999863,-0.136253693508691,-0.000813812814355696,0.571196043999863,0.571196043999863,-0.0475972684015645,-0.011821022916797,-0.011821022916797,0,0,0,0,0,0,0,0,0,0,0,0,0,1,455,0,0,0,0,0,0,0,0,0,1,0,0,0
0.455,0.523598775598299,0.571059620734657,-0.136590808385821,-0.000791420145929019,0.571059620734657,0.571059620734657,-0.0474608451363582,-0.0118218288850532,-0.0118218288850532,0,0,0,0,0,0,0,0,0,0,0,0,0,1,456,0,0,0,0,0,0,0,0,0,1,0,0,0
0.456,0.523598775598299,0.570922866406696,-0.136915855260137,-0.000769418421539713,0.570922866406696,0.570922866406696,-0.0473240908083973,-0.0118221230692265,-0.0118221230692265,0,0,0,0,0,0,0,0,0,0,0,0,0,1,457,0,0,0,0,0,0,0,0,0,1,0,0,0
0.457,0.523598775598299,0.570785792976363,-0.137229048646998,-0.000747799772194567,0.570785792976363,0.570785792976363,-0.0471870173780641,-0.0118219132810213,-0.0118219132810213,0,0,0,0,0,0,0,0,0,0,0,0,0,1,458,0,0,0,0,0,0,0,0,0,1,0,0,0
0.458,0.523598775598299,0.570648412191688,-0.1375305987429,-0.000726556417892121,0.570648412191688,0.570648412191688,-0.0470496365933893,-0.0118212071117187,-0.0118212071117187,0,0,0,0,0,0,0,0,0,0,0,0,0,1,459,0,0,0,0,0,0,0,0,0,1,0,0,0
0.459,0.523598775598299,0.570510735592644,-0.137820711477347,-0.000705680672728561,0.570510735592644,0.570510735592644,-0.0469119599943449,-0.0118200119412868,-0.0118200119412868,0,0,0,0,0,0,0,0,0,0,0,0,0,1,460,0,0,0,0,0,0,0,0,0,1,0,0,0
0.46,0.523598775598299,0.570372774515383,-0.138099588567293,-0.000685164949597772,0.570372774515383,0.570372774515383,-0.0467739989170843,-0.0118183349472498,-0.0118183349472498,0,0,0,0,0,0,0,0,0,0,0,0,0,1,461,0,0,0,0,0,0,0,0,0,1,0,0,0
0.461,0.523598775598299,0.570234540096426,-0.138367427573943,-0.000665001764500332,0.570234540096426,0.570234540096426,-0.046635764498127,-0.011816183113307,-0.011816183113307,0,0,0,0,0,0,0,0,0,0,0,0,0,1,462,0,0,0,0,0,0,0,0,0,1,0,0,0
0.462,0.523598775598299,0.570096043276783,-0.138624421961709,-0.000645183740474672,0.570096043276783,0.570096043276783,-0.0464972676784841,-0.0118135632377037,-0.0118135632377037,0,0,0,0,0,0,0,0,0,0,0,0,0,1,463,0,0,0,0,0,0,0,0,0,1,0,0,0
0.463,0.523598775598299,0.569957294806025,-0.138870761159125,-0.00062570361116309,0.569957294806025,0.569957294806025,-0.0463585192077257,-0.0118104819413592,-0.0118104819413592,0,0,0,0,0,0,0,0,0,0,0,0,0,1,464,0,0,0,0,0,0,0,0,0,1,0,0,0
0.464,0.523598775598299,0.569818305246285,-0.139106630621518,-0.000606554224028048,0.569818305246285,0.569818305246285,-0.0462195296479857,-0.0118069456757462,-0.0118069456757462,0,0,0,0,0,0,0,0,0,0,0,0,0,1,465,0,0,0,0,0,0,0,0,0,1,0,0,0
0.465,0.523598775598299,0.569679084976201,-0.139332211895259,-0.000587728543230435,0.569679084976201,0.569679084976201,-0.046080309377902,-0.0118029607305239,-0.0118029607305239,0,0,0,0,0,0,0,0,0,0,0,0,0,1,466,0,0,0,0,0,0,0,0,0,1,0,0,0
0.466,0.523598775598299,0.569539644194792,-0.139547682683412,-0.000569219652183159,0.569539644194792,0.569539644194792,-0.0459408685964934,-0.0117985332409302,-0.0117985332409302,0,0,0,0,0,0,0,0,0,0,0,0,0,1,467,0,0,0,0,0,0,0,0,0,1,0,0,0
0.467,0.523598775598299,0.569399992925269,-0.139753216912624,-0.000551020755793851,0.569399992925269,0.569399992925269,-0.0458012173269697,-0.0117936691949315,-0.0117936691949315,0,0,0,0,0,0,0,0,0,0,0,0,0,1,468,0,0,0,0,0,0,0,0,0,1,0,0,0
0.468,0.523598775598299,0.569260141018773,-0.139948984801064,-0.000533125182409201,0.569260141018773,0.569260141018773,-0.0456613654204739,-0.0117883744401306,-0.0117883744401306,0,0,0,0,0,0,0,0,0,0,0,0,0,1,469,0,0,0,0,0,0,0,0,0,1,0,0,0
0.469,0.523598775598299,0.569120098158055,-0.140135152927287,-0.000515526385472947,0.569120098158055,0.569120098158055,-0.0455213225597565,-0.0117826546904397,-0.0117826546904397,0,0,0,0,0,0,0,0,0,0,0,0,0,1,470,0,0,0,0,0,0,0,0,0,1,0,0,0
0.47,0.523598775598299,0.568979873861079,-0.140311884299851,-0.000498217944910973,0.568979873861079,0.568979873861079,-0.0453810982627801,-0.0117765155325169,-0.0117765155325169,0,0,0,0,0,0,0,0,0,0,0,0,0,1,471,0,0,0,0,0,0,0,0,0,1,0,0,0
0.471,0.523598775598299,0.568839477484554,-0.140479338427554,-0.00048119356825496,0.568839477484554,0.568839477484554,-0.0452407018862547,-0.0117699624319708,-0.0117699624319708,0,0,0,0,0,0,0,0,0,0,0,0,0,1,472,0,0,0,0,0,0,0,0,0,1,0,0,0
0.472,0.523598775598299,0.568698918227401,-0.140637671390153,-0.000464447091516866,0.568698918227401,0.568698918227401,-0.0451001426291018,-0.0117630007393363,-0.0117630007393363,0,0,0,0,0,0,0,0,0,0,0,0,0,1,473,0,0,0,0,0,0,0,0,0,1,0,0,0
0.473,0.523598775598299,0.568558205134147,-0.140787035909435,-0.000447972479826184,0.568558205134147,0.568558205134147,-0.0449594295358481,-0.0117556356958251,-0.0117556356958251,0,0,0,0,0,0,0,0,0,0,0,0,0,1,474,0,0,0,0,0,0,0,0,0,1,0,0,0
0.474,0.523598775598299,0.568417347098247,-0.140927581420507,-0.000431763827841421,0.568417347098247,0.568417347098247,-0.0448185714999478,-0.0117478724388528,-0.0117478724388528,0,0,0,0,0,0,0,0,0,0,0,0,0,1,475,0,0,0,0,0,0,0,0,0,1,0,0,0
0.475,0.523598775598299,0.568276352865333,-0.141059454143213,-0.000415815359946888,0.568276352865333,0.568276352865333,-0.0446775772670337,-0.0117397160073482,-0.0117397160073482,0,0,0,0,0,0,0,0,0,0,0,0,0,1,476,0,0,0,0,0,0,0,0,0,1,0,0,0
0.476,0.523598775598299,0.568135231036395,-0.141182797153533,-0.000400121430246096,0.568135231036395,0.568135231036395,-0.0445364554380966,-0.0117311713468481,-0.0117311713468481,0,0,0,0,0,0,0,0,0,0,0,0,0,1,477,0,0,0,0,0,0,0,0,0,1,0,0,0
0.477,0.523598775598299,0.567993990070892,-0.141297750454885,-0.000384676522362784,0.567993990070892,0.567993990070892,-0.0443952144725933,-0.0117222433143795,-0.0117222433143795,0,0,0,0,0,0,0,0,0,0,0,0,0,1,478,0,0,0,0,0,0,0,0,0,1,0,0,0
0.478,0.523598775598299,0.567852638289783,-0.141404451049218,-0.000369475249059207,0.567852638289783,0.567852638289783,-0.0442538626914843,-0.0117129366831377,-0.0117129366831377,0,0,0,0,0,0,0,0,0,0,0,0,0,1,479,0,0,0,0,0,0,0,0,0,1,0,0,0
0.479,0.523598775598299,0.567711183878498,-0.141503033007805,-0.000354512351683446,0.567711183878498,0.567711183878498,-0.044112408280199,-0.0117032561469586,-0.0117032561469586,0,0,0,0,0,0,0,0,0,0,0,0,0,1,480,0,0,0,0,0,0,0,0,0,1,0,0,0
0.48,0.523598775598299,0.56756963488983,-0.141593627541645,-0.00033978269945401,0.56756963488983,0.56756963488983,-0.0439708592915315,-0.011693206324596,-0.011693206324596,0,0,0,0,0,0,0,0,0,0,0,0,0,1,481,0,0,0,0,0,0,0,0,0,1,0,0,0
0.481,0.523598775598299,0.567427999246765,-0.141676363071392,-0.00032528128859307,0.567427999246765,0.567427999246765,-0.0438292236484663,-0.0116827917638033,-0.0116827917638033,0,0,0,0,0,0,0,0,0,0,0,0,0,1,482,0,0,0,0,0,0,0,0,0,1,0,0,0
0.482,0.523598775598299,0.567286284745232,-0.141751365296741,-0.000311003241317009,0.567286284745232,0.567286284745232,-0.0436875091469331,-0.0116720169452254,-0.0116720169452254,0,0,0,0,0,0,0,0,0,0,0,0,0,1,483,0,0,0,0,0,0,0,0,0,1,0,0,0
0.483,0.523598775598299,0.567144499056793,-0.141818757265176,-0.000296943804693278,0.567144499056793,0.567144499056793,-0.0435457234584937,-0.0116608862861068,-0.0116608862861068,0,0,0,0,0,0,0,0,0,0,0,0,0,1,484,0,0,0,0,0,0,0,0,0,1,0,0,0
0.484,0.523598775598299,0.567002649731259,-0.141878659440042,-0.000283098349372964,0.567002649731259,0.567002649731259,-0.0434038741329605,-0.0116494041438201,-0.0116494041438201,0,0,0,0,0,0,0,0,0,0,0,0,0,1,485,0,0,0,0,0,0,0,0,0,1,0,0,0
0.485,0.523598775598299,0.566860744199245,-0.141931189767847,-0.000269462368207906,0.566860744199245,0.566860744199245,-0.0432619686009462,-0.0116375748192165,-0.0116375748192165,0,0,0,0,0,0,0,0,0,0,0,0,0,1,486,0,0,0,0,0,0,0,0,0,1,0,0,0
0.486,0.523598775598299,0.566718789774647,-0.141976463744763,-0.000256031474759858,0.566718789774647,0.566718789774647,-0.0431200141763477,-0.0116254025598082,-0.0116254025598082,0,0,0,0,0,0,0,0,0,0,0,0,0,1,487,0,0,0,0,0,0,0,0,0,1,0,0,0
0.487,0.523598775598299,0.566576793657063,-0.142014594482245,-0.000242801401710826,0.566576793657063,0.566576793657063,-0.0429780180587638,-0.0116128915627844,-0.0116128915627844,0,0,0,0,0,0,0,0,0,0,0,0,0,1,488,0,0,0,0,0,0,0,0,0,1,0,0,0
0.488,0.523598775598299,0.566434762934146,-0.142045692771743,-0.000229767999182096,0.566434762934146,0.566434762934146,-0.0428359873358468,-0.0116000459778626,-0.0116000459778626,0,0,0,0,0,0,0,0,0,0,0,0,0,1,489,0,0,0,0,0,0,0,0,0,1,0,0,0
0.489,0.523598775598299,0.56629270458389,-0.14206986714844,-0.000216927232968825,0.56629270458389,0.56629270458389,-0.0426939289855913,-0.0115868699099881,-0.0115868699099881,0,0,0,0,0,0,0,0,0,0,0,0,0,1,490,0,0,0,0,0,0,0,0,0,1,0,0,0
0.49,0.523598775598299,0.566150625476857,-0.14208722395399,-0.000204275182698731,0.566150625476857,0.566150625476857,-0.0425518498785585,-0.0115733674218787,-0.0115733674218787,0,0,0,0,0,0,0,0,0,0,0,0,0,1,491,0,0,0,0,0,0,0,0,0,1,0,0,0
0.491,0.523598775598299,0.566008532378338,-0.142097867398204,-0.000191808039921043,0.566008532378338,0.566008532378338,-0.0424097567800389,-0.0115595425364219,-0.0115595425364219,0,0,0,0,0,0,0,0,0,0,0,0,0,1,492,0,0,0,0,0,0,0,0,0,1,0,0,0
0.492,0.523598775598299,0.565866431950453,-0.142101899619662,-0.000179522106132605,0.565866431950453,0.565866431950453,-0.042267656352154,-0.0115453992389327,-0.0115453992389327,0,0,0,0,0,0,0,0,0,0,0,0,0,1,493,0,0,0,0,0,0,0,0,0,1,0,0,0
0.493,0.523598775598299,0.565724330754196,-0.142099420745213,-0.000167413790748429,0.565724330754196,0.565724330754196,-0.0421255551558976,-0.0115309414792701,-0.0115309414792701,0,0,0,0,0,0,0,0,0,0,0,0,0,1,494,0,0,0,0,0,0,0,0,0,1,0,0,0
0.494,0.523598775598299,0.565582235251416,-0.142090528948336,-0.00015547960902164,0.565582235251416,0.565582235251416,-0.0419834596531177,-0.011516173173822,-0.011516173173822,0,0,0,0,0,0,0,0,0,0,0,0,0,1,495,0,0,0,0,0,0,0,0,0,1,0,0,0
0.495,0.523598775598299,0.565440151806741,-0.14207532050634,-0.000143716179919718,0.565440151806741,0.565440151806741,-0.041841376208442,-0.0115010982073629,-0.0115010982073629,0,0,0,0,0,0,0,0,0,0,0,0,0,1,496,0,0,0,0,0,0,0,0,0,1,0,0,0
0.496,0.523598775598299,0.565298086689444,-0.14205388985638,-0.000132120223962862,0.565298086689444,0.565298086689444,-0.0416993110911456,-0.0114857204347862,-0.0114857204347862,0,0,0,0,0,0,0,0,0,0,0,0,0,1,497,0,0,0,0,0,0,0,0,0,1,0,0,0
0.497,0.523598775598299,0.565156046075262,-0.142026329650275,-0.000120688561029684,0.565156046075262,0.565156046075262,-0.0415572704769632,-0.011470043682717,-0.011470043682717,0,0,0,0,0,0,0,0,0,0,0,0,0,1,498,0,0,0,0,0,0,0,0,0,1,0,0,0
0.498,0.523598775598299,0.565014036048147,-0.141992730808103,-0.000109418108135154,0.565014036048147,0.565014036048147,-0.0414152604498486,-0.0114540717510119,-0.0114540717510119,0,0,0,0,0,0,0,0,0,0,0,0,0,1,499,0,0,0,0,0,0,0,0,0,1,0,0,0
0.499,0.523598775598299,0.564872062601978,-0.141953182570578,-9.83058771869181e-05,0.564872062601978,0.564872062601978,-0.041273287003679,-0.0114378084141476,-0.0114378084141476,0,0,0,0,0,0,0,0,0,0,0,0,0,1,500,0,0,0,0,0,0,0,0,0,1,0,0,0
0.5,0.523598775598299,0.564730131642209,-0.141907772550179,-8.73489727237489e-05,0.564730131642209,0.564730131642209,-0.0411313560439097,-0.0114212574225018,-0.0114212574225018,0,0,0,0,0,0,0,0,0,0,0,0,0,1,501,0,0,0,0,0,0,0,0,0,1,0,0,0
0.501,0.523598775598299,0.564588248987475,-0.141856586781038,-7.65445896409676e-05,0.564588248987475,0.564588248987475,-0.0409894733891762,-0.0114044225035348,-0.0114044225035348,0,0,0,0,0,0,0,0,0,0,0,0,0,1,502,0,0,0,0,0,0,0,0,0,1,0,0,0
0.502,0.523598775598299,0.564446420371148,-0.14179970976758,-6.58900109073621e-05,0.564446420371148,0.564446420371148,-0.0408476447728492,-0.0113873073628734,-0.0113873073628734,0,0,0,0,0,0,0,0,0,0,0,0,0,1,503,0,0,0,0,0,0,0,0,0,1,0,0,0
0.503,0.523598775598299,0.564304651442839,-0.141737224531909,-5.53826052779077e-05,0.564304651442839,0.564304651442839,-0.0407058758445399,-0.0113699156853003,-0.0113699156853003,0,0,0,0,0,0,0,0,0,0,0,0,0,1,504,0,0,0,0,0,0,0,0,0,1,0,0,0
0.504,0.523598775598299,0.564162947769858,-0.141669212659934,-4.50198250058465e-05,0.564162947769858,0.564162947769858,-0.0405641721715593,-0.0113522511356553,-0.0113522511356553,0,0,0,0,0,0,0,0,0,0,0,0,0,1,505,0,0,0,0,0,0,0,0,0,1,0,0,0
0.505,0.523598775598299,0.56402131483863,-0.141595754346255,-3.47992035577291e-05,0.56402131483863,0.56402131483863,-0.0404225392403316,-0.0113343173596498,-0.0113343173596498,0,0,0,0,0,0,0,0,0,0,0,0,0,1,506,0,0,0,0,0,0,0,0,0,1,0,0,0
0.506,0.523598775598299,0.563879758056063,-0.141516928437795,-2.47183533351207e-05,0.563879758056063,0.563879758056063,-0.0402809824577641,-0.0113161179846039,-0.0113161179846039,0,0,0,0,0,0,0,0,0,0,0,0,0,1,507,0,0,0,0,0,0,0,0,0,1,0,0,0
0.507,0.523598775598299,0.563738282750872,-0.141432812476188,-1.47749634067966e-05,0.563738282750872,0.563738282750872,-0.0401395071525734,-0.0112976566201014,-0.0112976566201014,0,0,0,0,0,0,0,0,0,0,0,0,0,1,508,0,0,0,0,0,0,0,0,0,1,0,0,0
0.508,0.523598775598299,0.563596894174868,-0.141343482738935,-4.96679725356516e-06,0.563596894174868,0.563596894174868,-0.0399981185765697,-0.0112789368585742,-0.0112789368585742,0,0,0,0,0,0,0,0,0,0,0,0,0,1,509,0,0,0,0,0,0,0,0,0,1,0,0,0
0.509,0.523598775598299,0.5634555975042,-0.141249014279329,4.70830947091935e-06,0.5634555975042,0.5634555975042,-0.039856821905901,-0.0112599622758162,-0.0112599622758162,0,0,0,0,0,0,0,0,0,0,0,0,0,1,510,0,0,0,0,0,0,0,0,0,1,0,0,0
0.51,0.523598775598299,0.563314397840557,-0.141149480965172,1.4252451160338e-05,0.563314397840557,0.563314397840557,-0.0397156222422581,-0.0112407364314299,-0.0112407364314299,0,0,0,0,0,0,0,0,0,0,0,0,0,1,511,0,0,0,0,0,0,0,0,0,1,0,0,0
0.511,0.523598775598299,0.56317330021234,-0.141044955516274,2.36676544549713e-05,0.56317330021234,0.56317330021234,-0.039574524614041,-0.0112212628692117,-0.0112212628692117,0,0,0,0,0,0,0,0,0,0,0,0,0,1,512,0,0,0,0,0,0,0,0,0,1,0,0,0
0.512,0.523598775598299,0.563032309575788,-0.140935509540771,3.29558804168482e-05,0.563032309575788,0.563032309575788,-0.0394335339774888,-0.0112015451174775,-0.0112015451174775,0,0,0,0,0,0,0,0,0,0,0,0,0,1,513,0,0,0,0,0,0,0,0,0,1,0,0,0
0.513,0.523598775598299,0.562891430816073,-0.140821213570256,4.21190266791157e-05,0.562891430816073,0.562891430816073,-0.0392926552177737,-0.0111815866893305,-0.0111815866893305,0,0,0,0,0,0,0,0,0,0,0,0,0,1,514,0,0,0,0,0,0,0,0,0,1,0,0,0
0.514,0.523598775598299,0.562750668748359,-0.140702137093758,5.1158929567756e-05,0.562750668748359,0.562750668748359,-0.0391518931500598,-0.0111613910828776,-0.0111613910828776,0,0,0,0,0,0,0,0,0,0,0,0,0,1,515,0,0,0,0,0,0,0,0,0,1,0,0,0
0.515,0.523598775598299,0.562610028118829,-0.140578348590561,6.00773661934896e-05,0.562610028118829,0.562610028118829,-0.0390112525205306,-0.0111409617813976,-0.0111409617813976,0,0,0,0,0,0,0,0,0,0,0,0,0,1,516,0,0,0,0,0,0,0,0,0,1,0,0,0
0.516,0.523598775598299,0.56246951360568,-0.140449915561903,6.88760565112734e-05,0.56246951360568,0.56246951360568,-0.0388707380073813,-0.0111203022534592,-0.0111203022534592,0,0,0,0,0,0,0,0,0,0,0,0,0,1,517,0,0,0,0,0,0,0,0,0,1,0,0,0
0.517,0.523598775598299,0.562329129820081,-0.140316904561558,7.75566653477e-05,0.562329129820081,0.562329129820081,-0.0387303542217822,-0.011099415952998,-0.011099415952998,0,0,0,0,0,0,0,0,0,0,0,0,0,1,518,0,0,0,0,0,0,0,0,0,1,0,0,0
0.518,0.523598775598299,0.56218888130711,-0.140179381225333,8.61208043931362e-05,0.56218888130711,0.56218888130711,-0.0385901057088115,-0.0110783063193522,-0.0110783063193522,0,0,0,0,0,0,0,0,0,0,0,0,0,1,519,0,0,0,0,0,0,0,0,0,1,0,0,0
0.519,0.523598775598299,0.562048772546657,-0.14003741029948,9.4570034157835e-05,0.562048772546657,0.562048772546657,-0.0384499969483584,-0.0110569767772588,-0.0110569767772588,0,0,0,0,0,0,0,0,0,0,0,0,0,1,520,0,0,0,0,0,0,0,0,0,1,0,0,0
0.52,0.523598775598299,0.561908807954298,-0.139891055668067,0.000102905865891429,0.561908807954298,0.561908807954298,-0.0383100323559992,-0.0110354307368163,-0.0110354307368163,0,0,0,0,0,0,0,0,0,0,0,0,0,1,521,0,0,0,0,0,0,0,0,0,1,0,0,0
0.521,0.523598775598299,0.561768991882145,-0.13974038037931,0.000111129763463701,0.561768991882145,0.561768991882145,-0.0381702162838464,-0.0110136715934144,-0.0110136715934144,0,0,0,0,0,0,0,0,0,0,0,0,0,1,522,0,0,0,0,0,0,0,0,0,1,0,0,0
0.522,0.523598775598299,0.56162932861967,-0.139585446670898,0.000119243145206173,0.56162932861967,0.56162932861967,-0.0380305530213716,-0.0109917027276313,-0.0109917027276313,0,0,0,0,0,0,0,0,0,0,0,0,0,1,523,0,0,0,0,0,0,0,0,0,1,0,0,0
0.523,0.523598775598299,0.561489822394502,-0.139426315994325,0.000127247385714139,0.561489822394502,0.561489822394502,-0.0378910467962036,-0.0109695275051056,-0.0109695275051056,0,0,0,0,0,0,0,0,0,0,0,0,0,1,524,0,0,0,0,0,0,0,0,0,1,0,0,0
0.524,0.523598775598299,0.561350477373202,-0.139263049038261,0.000135143817607662,0.561350477373202,0.561350477373202,-0.0377517017749032,-0.0109471492763813,-0.0109471492763813,0,0,0,0,0,0,0,0,0,0,0,0,0,1,525,0,0,0,0,0,0,0,0,0,1,0,0,0
0.525,0.523598775598299,0.561211297662013,-0.139095705750978,0.00014293373325129,0.561211297662013,0.561211297662013,-0.0376125220637145,-0.01092457137673,-0.01092457137673,0,0,0,0,0,0,0,0,0,0,0,0,0,1,526,0,0,0,0,0,0,0,0,0,1,0,0,0
0.526,0.523598775598299,0.561072287307593,-0.138924345361848,0.000150618386432021,0.561072287307593,0.561072287307593,-0.0374735117092946,-0.0109017971259518,-0.0109017971259518,0,0,0,0,0,0,0,0,0,0,0,0,0,1,527,0,0,0,0,0,0,0,0,0,1,0,0,0
0.527,0.523598775598299,0.560933450297721,-0.138749026401952,0.000158198993994919,0.560933450297721,0.560933450297721,-0.037334674699422,-0.010878829828156,-0.010878829828156,0,0,0,0,0,0,0,0,0,0,0,0,0,1,528,0,0,0,0,0,0,0,0,0,1,0,0,0
0.528,0.523598775598299,0.560794790561984,-0.138569806723812,0.0001656767374364,0.560794790561984,0.560794790561984,-0.0371960149636849,-0.0108556727715262,-0.0108556727715262,0,0,0,0,0,0,0,0,0,0,0,0,0,1,529,0,0,0,0,0,0,0,0,0,1,0,0,0
0.529,0.523598775598299,0.560656311972449,-0.138386743520264,0.000173052764454581,0.560656311972449,0.560656311972449,-0.0370575363741504,-0.0108323292280701,-0.0108323292280701,0,0,0,0,0,0,0,0,0,0,0,0,0,1,530,0,0,0,0,0,0,0,0,0,1,0,0,0
0.53,0.523598775598299,0.560518018344314,-0.138199893342516,0.000180328190456509,0.560518018344314,0.560518018344314,-0.0369192427460153,-0.0108088024533541,-0.0108088024533541,0,0,0,0,0,0,0,0,0,0,0,0,0,1,531,0,0,0,0,0,0,0,0,0,1,0,0,0
0.531,0.523598775598299,0.560379913436537,-0.138009312117392,0.000187504100022628,0.560379913436537,0.560379913436537,-0.0367811378382387,-0.0107850956862283,-0.0107850956862283,0,0,0,0,0,0,0,0,0,0,0,0,0,1,532,0,0,0,0,0,0,0,0,0,1,0,0,0
0.532,0.523598775598299,0.560242000952457,-0.137815055163793,0.000194581548328038,0.560242000952457,0.560242000952457,-0.0366432253541578,-0.0107612121485389,-0.0107612121485389,0,0,0,0,0,0,0,0,0,0,0,0,0,1,533,0,0,0,0,0,0,0,0,0,1,0,0,0
0.533,0.523598775598299,0.560104284540388,-0.137617177208415,0.000201561562521291,0.560104284540388,0.560104284540388,-0.0365055089420888,-0.0107371550448356,-0.0107371550448356,0,0,0,0,0,0,0,0,0,0,0,0,0,1,534,0,0,0,0,0,0,0,0,0,1,0,0,0
0.534,0.523598775598299,0.55996676779421,-0.137415732400713,0.000208445143059574,0.55996676779421,0.55996676779421,-0.0363679921959108,-0.0107129275620675,-0.0107129275620675,0,0,0,0,0,0,0,0,0,0,0,0,0,1,535,0,0,0,0,0,0,0,0,0,1,0,0,0
0.535,0.523598775598299,0.559829454253935,-0.137210774327171,0.000215233265002274,0.559829454253935,0.559829454253935,-0.0362306786556361,-0.0106885328692778,-0.0106885328692778,0,0,0,0,0,0,0,0,0,0,0,0,0,1,536,0,0,0,0,0,0,0,0,0,1,0,0,0
0.536,0.523598775598299,0.559692347406265,-0.137002356024873,0.000221926879261429,0.559692347406265,0.559692347406265,-0.0360935718079662,-0.0106639741172908,-0.0106639741172908,0,0,0,0,0,0,0,0,0,0,0,0,0,1,537,0,0,0,0,0,0,0,0,0,1,0,0,0
0.537,0.523598775598299,0.559555450685134,-0.136790529994419,0.000228526913810786,0.559555450685134,0.559555450685134,-0.0359566750868351,-0.0106392544383986,-0.0106392544383986,0,0,0,0,0,0,0,0,0,0,0,0,0,1,538,0,0,0,0,0,0,0,0,0,1,0,0,0
0.538,0.523598775598299,0.559418767472238,-0.136575348212187,0.000235034274852698,0.559418767472238,0.559418767472238,-0.035819991873939,-0.0106143769460437,-0.0106143769460437,0,0,0,0,0,0,0,0,0,0,0,0,0,1,539,0,0,0,0,0,0,0,0,0,1,0,0,0
0.539,0.523598775598299,0.559282301097554,-0.136356862141987,0.000241449847944201,0.559282301097554,0.559282301097554,-0.0356835254992554,-0.010589344734503,-0.010589344734503,0,0,0,0,0,0,0,0,0,0,0,0,0,1,540,0,0,0,0,0,0,0,0,0,1,0,0,0
0.54,0.523598775598299,0.559146054839848,-0.136135122746112,0.000247774499082186,0.559146054839848,0.559146054839848,-0.035547279241549,-0.0105641608785701,-0.0105641608785701,0,0,0,0,0,0,0,0,0,0,0,0,0,1,541,0,0,0,0,0,0,0,0,0,1,0,0,0
0.541,0.523598775598299,0.559010031927168,-0.135910180495815,0.000254009075748639,0.559010031927168,0.559010031927168,-0.0354112563288693,-0.0105388284332418,-0.0105388284332418,0,0,0,0,0,0,0,0,0,0,0,0,0,1,542,0,0,0,0,0,0,0,0,0,1,0,0,0
0.542,0.523598775598299,0.558874235537334,-0.135682085381231,0.000260154407915651,0.558874235537334,0.558874235537334,-0.0352754599390352,-0.010513350433403,-0.010513350433403,0,0,0,0,0,0,0,0,0,0,0,0,0,1,543,0,0,0,0,0,0,0,0,0,1,0,0,0
0.543,0.523598775598299,0.558738668798412,-0.135450886920768,0.000266211309012255,0.558738668798412,0.558738668798412,-0.0351398932001128,-0.0104877298935204,-0.0104877298935204,0,0,0,0,0,0,0,0,0,0,0,0,0,1,544,0,0,0,0,0,0,0,0,0,1,0,0,0
0.544,0.523598775598299,0.55860333478918,-0.135216634169989,0.000272180576851588,0.55860333478918,0.55860333478918,-0.0350045591908812,-0.0104619698073345,-0.0104619698073345,0,0,0,0,0,0,0,0,0,0,0,0,0,1,545,0,0,0,0,0,0,0,0,0,1,0,0,0
0.545,0.523598775598299,0.558468236539591,-0.134979375730002,0.000278062994521441,0.558468236539591,0.558468236539591,-0.0348694609412924,-0.0104360731475613,-0.0104360731475613,0,0,0,0,0,0,0,0,0,0,0,0,0,1,546,0,0,0,0,0,0,0,0,0,1,0,0,0
0.546,0.523598775598299,0.55833337703122,-0.134739159755377,0.000283859331236713,0.55833337703122,0.55833337703122,-0.0347346014329212,-0.0104100428655968,-0.0104100428655968,0,0,0,0,0,0,0,0,0,0,0,0,0,1,547,0,0,0,0,0,0,0,0,0,1,0,0,0
0.547,0.523598775598299,0.558198759197706,-0.134496033961616,0.000289570343155868,0.558198759197706,0.558198759197706,-0.0345999835994076,-0.0103838818912278,-0.0103838818912278,0,0,0,0,0,0,0,0,0,0,0,0,0,1,548,0,0,0,0,0,0,0,0,0,1,0,0,0
0.548,0.523598775598299,0.558064385925192,-0.134250045632194,0.000295196774161901,0.558064385925192,0.558064385925192,-0.034465610326893,-0.0103575931323513,-0.0103575931323513,0,0,0,0,0,0,0,0,0,0,0,0,0,1,549,0,0,0,0,0,0,0,0,0,1,0,0,0
0.549,0.523598775598299,0.557930260052747,-0.134001241625185,0.000300739356607965,0.557930260052747,0.557930260052747,-0.0343314844544484,-0.0103311794747006,-0.0103311794747006,0,0,0,0,0,0,0,0,0,0,0,0,0,1,550,0,0,0,0,0,0,0,0,0,1,0,0,0
0.55,0.523598775598299,0.557796384372796,-0.133749668379498,0.000306198812028701,0.557796384372796,0.557796384372796,-0.0341976087744968,-0.0103046437815778,-0.0103046437815778,0,0,0,0,0,0,0,0,0,0,0,0,0,1,551,0,0,0,0,0,0,0,0,0,1,0,0,0
0.551,0.523598775598299,0.557662761631529,-0.133495371920733,0.000311575851818663,0.557662761631529,0.557662761631529,-0.0340639860332297,-0.0102779888935984,-0.0102779888935984,0,0,0,0,0,0,0,0,0,0,0,0,0,1,552,0,0,0,0,0,0,0,0,0,1,0,0,0
0.552,0.523598775598299,0.557529394529316,-0.133238397866692,0.000316871177877331,0.557529394529316,0.557529394529316,-0.0339306189310169,-0.0102512176284407,-0.0102512176284407,0,0,0,0,0,0,0,0,0,0,0,0,0,1,553,0,0,0,0,0,0,0,0,0,1,0,0,0
0.553,0.523598775598299,0.557396285721111,-0.132978791432536,0.000322085483223036,0.557396285721111,0.557396285721111,-0.0337975101228126,-0.0102243327806072,-0.0102243327806072,0,0,0,0,0,0,0,0,0,0,0,0,0,1,554,0,0,0,0,0,0,0,0,0,1,0,0,0
0.554,0.523598775598299,0.557263437816854,-0.132716597435635,0.000327219452575256,0.557263437816854,0.557263437816854,-0.0336646622185548,-0.0101973371211943,-0.0101973371211943,0,0,0,0,0,0,0,0,0,0,0,0,0,1,555,0,0,0,0,0,0,0,0,0,1,0,0,0
0.555,0.523598775598299,0.55713085338186,-0.1324518603001,0.000332273762907262,0.55713085338186,0.55713085338186,-0.0335320777835612,-0.0101702333976725,-0.0101702333976725,0,0,0,0,0,0,0,0,0,0,0,0,0,1,556,0,0,0,0,0,0,0,0,0,1,0,0,0
0.556,0.523598775598299,0.556998534937219,-0.13218462406103,0.000337249083968871,0.556998534937219,0.556998534937219,-0.0333997593389203,-0.0101430243336776,-0.0101430243336776,0,0,0,0,0,0,0,0,0,0,0,0,0,1,557,0,0,0,0,0,0,0,0,0,1,0,0,0
0.557,0.523598775598299,0.556866484960177,-0.131914932368491,0.000342146078780723,0.556866484960177,0.556866484960177,-0.0332677093618784,-0.0101157126288102,-0.0101157126288102,0,0,0,0,0,0,0,0,0,0,0,0,0,1,558,0,0,0,0,0,0,0,0,0,1,0,0,0
0.558,0.523598775598299,0.556734705884521,-0.131642828491226,0.000346965404100974,0.556734705884521,0.556734705884521,-0.0331359302862224,-0.0100883009584467,-0.0100883009584467,0,0,0,0,0,0,0,0,0,0,0,0,0,1,559,0,0,0,0,0,0,0,0,0,1,0,0,0
0.559,0.523598775598299,0.556603200100959,-0.131368355320128,0.000351707710865329,0.556603200100959,0.556603200100959,-0.0330044245026602,-0.0100607919735636,-0.0100607919735636,0,0,0,0,0,0,0,0,0,0,0,0,0,1,560,0,0,0,0,0,0,0,0,0,1,0,0,0
0.56,0.523598775598299,0.556471969957495,-0.131091555371485,0.000356373644600125,0.556471969957495,0.556471969957495,-0.0328731943591958,-0.0100331883005683,-0.0100331883005683,0,0,0,0,0,0,0,0,0,0,0,0,0,1,561,0,0,0,0,0,0,0,0,0,1,0,0,0
0.561,0.523598775598299,0.556341017759802,-0.130812470789998,0.000360963845811154,0.556341017759802,0.556341017759802,-0.0327422421615033,-0.0100054925411442,-0.0100054925411442,0,0,0,0,0,0,0,0,0,0,0,0,0,1,562,0,0,0,0,0,0,0,0,0,1,0,0,0
0.562,0.523598775598299,0.556210345771595,-0.130531143351616,0.000365478950347403,0.556210345771595,0.556210345771595,-0.0326115701732966,-0.00997770727210552,-0.00997770727210552,0,0,0,0,0,0,0,0,0,0,0,0,0,1,563,0,0,0,0,0,0,0,0,0,1,0,0,0
0.563,0.523598775598299,0.556079956214996,-0.130247614466158,0.000369919589741626,0.556079956214996,0.556079956214996,-0.032481180616697,-0.00994983504526431,-0.00994983504526431,0,0,0,0,0,0,0,0,0,0,0,0,0,1,564,0,0,0,0,0,0,0,0,0,1,0,0,0
0.564,0.523598775598299,0.555949851270897,-0.12996192517978,0.000374286391527621,0.555949851270897,0.555949851270897,-0.0323510756725979,-0.00992187838730703,-0.00992187838730703,0,0,0,0,0,0,0,0,0,0,0,0,0,1,565,0,0,0,0,0,0,0,0,0,1,0,0,0
0.565,0.523598775598299,0.555820033079326,-0.129674116177263,0.000378579979536043,0.555820033079326,0.555820033079326,-0.0322212574810274,-0.00989383979968421,-0.00989383979968421,0,0,0,0,0,0,0,0,0,0,0,0,0,1,566,0,0,0,0,0,0,0,0,0,1,0,0,0
0.566,0.523598775598299,0.555690503739808,-0.129384227784153,0.0003828009741686,0.555690503739808,0.555690503739808,-0.032091728141509,-0.00986572175850969,-0.00986572175850969,0,0,0,0,0,0,0,0,0,0,0,0,0,1,567,0,0,0,0,0,0,0,0,0,1,0,0,0
0.567,0.523598775598299,0.555561265311718,-0.12909229996876,0.000386949992652144,0.555561265311718,0.555561265311718,-0.0319624897134188,-0.00983752671447154,-0.00983752671447154,0,0,0,0,0,0,0,0,0,0,0,0,0,1,568,0,0,0,0,0,0,0,0,0,1,0,0,0
0.568,0.523598775598299,0.555432319814642,-0.128798372344019,0.000391027649273118,0.555432319814642,0.555432319814642,-0.0318335442163428,-0.00980925709275447,-0.00980925709275447,0,0,0,0,0,0,0,0,0,0,0,0,0,1,569,0,0,0,0,0,0,0,0,0,1,0,0,0
0.569,0.523598775598299,0.55530366922873,-0.128502484169241,0.000395034555593019,0.55530366922873,0.55530366922873,-0.0317048936304311,-0.00978091529297294,-0.00978091529297294,0,0,0,0,0,0,0,0,0,0,0,0,0,1,570,0,0,0,0,0,0,0,0,0,1,0,0,0
0.57,0.523598775598299,0.555175315495049,-0.128204674351744,0.000398971320645791,0.555175315495049,0.555175315495049,-0.0315765398967504,-0.0097525036891145,-0.0097525036891145,0,0,0,0,0,0,0,0,0,0,0,0,0,1,571,0,0,0,0,0,0,0,0,0,1,0,0,0
0.571,0.523598775598299,0.555047260515934,-0.127904981448385,0.000402838551118066,0.555047260515934,0.555047260515934,-0.0314484849176356,-0.00972402462949519,-0.00972402462949519,0,0,0,0,0,0,0,0,0,0,0,0,0,1,572,0,0,0,0,0,0,0,0,0,1,0,0,0
0.572,0.523598775598299,0.554919506155338,-0.127603443667002,0.000406636851512528,0.554919506155338,0.554919506155338,-0.0313207305570394,-0.00969548043672386,-0.00969548043672386,0,0,0,0,0,0,0,0,0,0,0,0,0,1,573,0,0,0,0,0,0,0,0,0,1,0,0,0
0.573,0.523598775598299,0.554792054239179,-0.127300098867768,0.000410366824295774,0.554792054239179,0.554792054239179,-0.0311932786408805,-0.00966687340767856,-0.00966687340767856,0,0,0,0,0,0,0,0,0,0,0,0,0,1,574,0,0,0,0,0,0,0,0,0,1,0,0,0
0.574,0.523598775598299,0.554664906555689,-0.126994984564474,0.000414029070030715,0.554664906555689,0.554664906555689,-0.0310661309573906,-0.00963820581349221,-0.00963820581349221,0,0,0,0,0,0,0,0,0,0,0,0,0,1,575,0,0,0,0,0,0,0,0,0,1,0,0,0
0.575,0.523598775598299,0.554538064855759,-0.126688137925741,0.000417624187494683,0.554538064855759,0.554538064855759,-0.0309392892574606,-0.00960947989954918,-0.00960947989954918,0,0,0,0,0,0,0,0,0,0,0,0,0,1,576,0,0,0,0,0,0,0,0,0,1,0,0,0
0.576,0.523598775598299,0.554411530853283,-0.126379595776175,0.000421152773783594,0.554411530853283,0.554411530853283,-0.0308127552549845,-0.00958069788549087,-0.00958069788549087,0,0,0,0,0,0,0,0,0,0,0,0,0,1,577,0,0,0,0,0,0,0,0,0,1,0,0,0
0.577,0.523598775598299,0.554285306225503,-0.126069394597466,0.000424615424403208,0.554285306225503,0.554285306225503,-0.0306865306272037,-0.00955186196523271,-0.00955186196523271,0,0,0,0,0,0,0,0,0,0,0,0,0,1,578,0,0,0,0,0,0,0,0,0,1,0,0,0
0.578,0.523598775598299,0.554159392613347,-0.125757570529447,0.000428012733347564,0.554159392613347,0.554159392613347,-0.0305606170150486,-0.00952297430698808,-0.00952297430698808,0,0,0,0,0,0,0,0,0,0,0,0,0,1,579,0,0,0,0,0,0,0,0,0,1,0,0,0
0.579,0.523598775598299,0.554033791621779,-0.125444159371106,0.000431345293166145,0.554033791621779,0.554033791621779,-0.0304350160234806,-0.0094940370533048,-0.0094940370533048,0,0,0,0,0,0,0,0,0,0,0,0,0,1,580,0,0,0,0,0,0,0,0,0,1,0,0,0
0.58,0.523598775598299,0.55390850482013,-0.125129196581569,0.000434613695019224,0.55390850482013,0.55390850482013,-0.0303097292218316,-0.00946505232110685,-0.00946505232110685,0,0,0,0,0,0,0,0,0,0,0,0,0,1,581,0,0,0,0,0,0,0,0,0,1,0,0,0
0.581,0.523598775598299,0.553783533742443,-0.12481271728106,0.000437818528723446,0.553783533742443,0.553783533742443,-0.0301847581441445,-0.00943602220175009,-0.00943602220175009,0,0,0,0,0,0,0,0,0,0,0,0,0,1,582,0,0,0,0,0,0,0,0,0,1,0,0,0
0.582,0.523598775598299,0.553658879887809,-0.124494756251828,0.000440960382786285,0.553658879887809,0.553658879887809,-0.0300601042895103,-0.00940694876108086,-0.00940694876108086,0,0,0,0,0,0,0,0,0,0,0,0,0,1,583,0,0,0,0,0,0,0,0,0,1,0,0,0
0.583,0.523598775598299,0.553534544720706,-0.12417534793907,0.000444039844432255,0.553534544720706,0.553534544720706,-0.0299357691224073,-0.00937783403950855,-0.00937783403950855,0,0,0,0,0,0,0,0,0,0,0,0,0,1,584,0,0,0,0,0,0,0,0,0,1,0,0,0
0.584,0.523598775598299,0.553410529671335,-0.123854526451831,0.000447057499619206,0.553410529671335,0.553410529671335,-0.0298117540730359,-0.00934868005208206,-0.00934868005208206,0,0,0,0,0,0,0,0,0,0,0,0,0,1,585,0,0,0,0,0,0,0,0,0,1,0,0,0
0.585,0.523598775598299,0.553286836135955,-0.123532325563908,0.000450013933047008,0.553286836135955,0.553286836135955,-0.0296880605376558,-0.00931948878857651,-0.00931948878857651,0,0,0,0,0,0,0,0,0,0,0,0,0,1,586,0,0,0,0,0,0,0,0,0,1,0,0,0
0.586,0.523598775598299,0.553163465477219,-0.123208778714738,0.000452909728158163,0.553163465477219,0.553163465477219,-0.0295646898789197,-0.00929026221358666,-0.00929026221358666,0,0,0,0,0,0,0,0,0,0,0,0,0,1,587,0,0,0,0,0,0,0,0,0,1,0,0,0
0.587,0.523598775598299,0.553040419024507,-0.122883919010302,0.000455745467131269,0.553040419024507,0.553040419024507,-0.0294416434262079,-0.00926100226662914,-0.00926100226662914,0,0,0,0,0,0,0,0,0,0,0,0,0,1,588,0,0,0,0,0,0,0,0,0,1,0,0,0
0.588,0.523598775598299,0.55291769807426,-0.122557779224019,0.000458521730867322,0.55291769807426,0.55291769807426,-0.0293189224759614,-0.00923171086225046,-0.00923171086225046,0,0,0,0,0,0,0,0,0,0,0,0,0,1,589,0,0,0,0,0,0,0,0,0,1,0,0,0
0.589,0.523598775598299,0.552795303890312,-0.122230391797663,0.00046123909896997,0.552795303890312,0.552795303890312,-0.0291965282920128,-0.00920238989014079,-0.00920238989014079,0,0,0,0,0,0,0,0,0,0,0,0,0,1,590,0,0,0,0,0,0,0,0,0,1,0,0,0
0.59,0.523598775598299,0.552673237704218,-0.121901788842277,0.00046389814972039,0.552673237704218,0.552673237704218,-0.0290744621059191,-0.00917304121525846,-0.00917304121525846,0,0,0,0,0,0,0,0,0,0,0,0,0,1,591,0,0,0,0,0,0,0,0,0,1,0,0,0
0.591,0.523598775598299,0.55255150071559,-0.121572002139115,0.000466499460045827,0.55255150071559,0.55255150071559,-0.0289527251172911,-0.0091436666779573,-0.0091436666779573,0,0,0,0,0,0,0,0,0,0,0,0,0,1,592,0,0,0,0,0,0,0,0,0,1,0,0,0
0.592,0.523598775598299,0.552430094092421,-0.121241063140592,0.000469043605483673,0.552430094092421,0.552430094092421,-0.0288313184941227,-0.00911426809412152,-0.00911426809412152,0,0,0,0,0,0,0,0,0,0,0,0,0,1,593,0,0,0,0,0,0,0,0,0,1,0,0,0
0.593,0.523598775598299,0.552309018971418,-0.120909002971257,0.00047153116014089,0.552309018971418,0.552309018971418,-0.0287102433731194,-0.00908484725530591,-0.00908484725530591,0,0,0,0,0,0,0,0,0,0,0,0,0,1,594,0,0,0,0,0,0,0,0,0,1,0,0,0
0.594,0.523598775598299,0.552188276458325,-0.120575852428792,0.000473962696649414,0.552188276458325,0.552188276458325,-0.0285895008600259,-0.00905540592888246,-0.00905540592888246,0,0,0,0,0,0,0,0,0,0,0,0,0,1,595,0,0,0,0,0,0,0,0,0,1,0,0,0
0.595,0.523598775598299,0.552067867628251,-0.120241641985027,0.000476338786117574,0.552067867628251,0.552067867628251,-0.028469092029952,-0.00902594585819237,-0.00902594585819237,0,0,0,0,0,0,0,0,0,0,0,0,0,1,596,0,0,0,0,0,0,0,0,0,1,0,0,0
0.596,0.523598775598299,0.551947793525997,-0.119906401786987,0.000478659998078047,0.551947793525997,0.551947793525997,-0.0283490179276982,-0.0089964687627019,-0.0089964687627019,0,0,0,0,0,0,0,0,0,0,0,0,0,1,597,0,0,0,0,0,0,0,0,0,1,0,0,0
0.597,0.523598775598299,0.551828055166379,-0.11957016165797,0.000480926900433081,0.551828055166379,0.551828055166379,-0.0282292795680801,-0.00896697633816504,-0.00896697633816504,0,0,0,0,0,0,0,0,0,0,0,0,0,1,598,0,0,0,0,0,0,0,0,0,1,0,0,0
0.598,0.523598775598299,0.55170865353455,-0.119232951098645,0.000483140059396619,0.55170865353455,0.55170865353455,-0.0281098779362511,-0.00893747025678876,-0.00893747025678876,0,0,0,0,0,0,0,0,0,0,0,0,0,1,599,0,0,0,0,0,0,0,0,0,1,0,0,0
0.599,0.523598775598299,0.551589589586324,-0.118894799288189,0.000485300039434455,0.551589589586324,0.551589589586324,-0.0279908139880252,-0.0089079521674055,-0.0089079521674055,0,0,0,0,0,0,0,0,0,0,0,0,0,1,600,0,0,0,0,0,0,0,0,0,1,0,0,0
0.6,0.523598775598299,0.551470864248496,-0.118555735085451,0.000487407403201655,0.551470864248496,0.551470864248496,-0.0278720886501971,-0.00887842369564629,-0.00887842369564629,0,0,0,0,0,0,0,0,0,0,0,0,0,1,601,0,0,0,0,0,0,0,0,0,1,0,0,0
0.601,0.523598775598299,0.551352478419161,-0.118215787030152,0.000489462711478923,0.551352478419161,0.551352478419161,-0.0277537028208625,-0.00884888644412071,-0.00884888644412071,0,0,0,0,0,0,0,0,0,0,0,0,0,1,602,0,0,0,0,0,0,0,0,0,1,0,0,0
0.602,0.523598775598299,0.551234432968035,-0.117874983344119,0.000491466523106977,0.551234432968035,0.551234432968035,-0.0276356573697366,-0.00881934199259936,-0.00881934199259936,0,0,0,0,0,0,0,0,0,0,0,0,0,1,603,0,0,0,0,0,0,0,0,0,1,0,0,0
0.603,0.523598775598299,0.55111672873677,-0.117533351932549,0.000493419394919796,0.55111672873677,0.55111672873677,-0.0275179531384708,-0.00878979189819928,-0.00878979189819928,0,0,0,0,0,0,0,0,0,0,0,0,0,1,604,0,0,0,0,0,0,0,0,0,1,0,0,0
0.604,0.523598775598299,0.550999366539268,-0.117190920385315,0.000495321881677062,0.550999366539268,0.550999366539268,-0.0274005909409692,-0.00876023769557358,-0.00876023769557358,0,0,0,0,0,0,0,0,0,0,0,0,0,1,605,0,0,0,0,0,0,0,0,0,1,0,0,0
0.605,0.523598775598299,0.550882347162002,-0.1168477159783,0.000497174535995736,0.550882347162002,0.550882347162002,-0.0272835715637035,-0.00873068089710481,-0.00873068089710481,0,0,0,0,0,0,0,0,0,0,0,0,0,1,606,0,0,0,0,0,0,0,0,0,1,0,0,0
0.606,0.523598775598299,0.550765671364324,-0.116503765674772,0.000498977908280728,0.550765671364324,0.550765671364324,-0.0271668957660256,-0.00870112299309835,-0.00870112299309835,0,0,0,0,0,0,0,0,0,0,0,0,0,1,607,0,0,0,0,0,0,0,0,0,1,0,0,0
0.607,0.523598775598299,0.550649339878779,-0.116159096126796,0.000500732546656014,0.550649339878779,0.550649339878779,-0.0270505642804797,-0.00867156545198043,-0.00867156545198043,0,0,0,0,0,0,0,0,0,0,0,0,0,1,608,0,0,0,0,0,0,0,0,0,1,0,0,0
0.608,0.523598775598299,0.550533353411412,-0.115813733676674,0.000502438996895372,0.550533353411412,0.550533353411412,-0.0269345778131134,-0.00864200972049965,-0.00864200972049965,0,0,0,0,0,0,0,0,0,0,0,0,0,1,609,0,0,0,0,0,0,0,0,0,1,0,0,0
0.609,0.523598775598299,0.550417712642085,-0.115467704358432,0.000504097802352776,0.550417712642085,0.550417712642085,-0.0268189370437859,-0.00861245722392749,-0.00861245722392749,0,0,0,0,0,0,0,0,0,0,0,0,0,1,610,0,0,0,0,0,0,0,0,0,1,0,0,0
0.61,0.523598775598299,0.550302418224775,-0.115121033899335,0.000505709503893746,0.550302418224775,0.550302418224775,-0.0267036426264761,-0.00858290936626314,-0.00858290936626314,0,0,0,0,0,0,0,0,0,0,0,0,0,1,611,0,0,0,0,0,0,0,0,0,1,0,0,0
0.611,0.523598775598299,0.550187470787887,-0.114773747721439,0.000507274639826867,0.550187470787887,0.550187470787887,-0.0265886951895883,-0.00855336753044009,-0.00855336753044009,0,0,0,0,0,0,0,0,0,0,0,0,0,1,612,0,0,0,0,0,0,0,0,0,1,0,0,0
0.612,0.523598775598299,0.550072870934555,-0.114425870943184,0.000508793745835738,0.550072870934555,0.550072870934555,-0.0264740953362566,-0.00852383307853219,-0.00852383307853219,0,0,0,0,0,0,0,0,0,0,0,0,0,1,613,0,0,0,0,0,0,0,0,0,1,0,0,0
0.613,0.523598775598299,0.549958619242947,-0.114077428381011,0.000510267354912249,0.549958619242947,0.549958619242947,-0.0263598436446477,-0.00849430735196396,-0.00849430735196396,0,0,0,0,0,0,0,0,0,0,0,0,0,1,614,0,0,0,0,0,0,0,0,0,1,0,0,0
0.614,0.523598775598299,0.549844716266562,-0.113728444551024,0.000511695997290216,0.549844716266562,0.549844716266562,-0.0262459406682627,-0.00846479167172093,-0.00846479167172093,0,0,0,0,0,0,0,0,0,0,0,0,0,1,615,0,0,0,0,0,0,0,0,0,1,0,0,0
0.615,0.523598775598299,0.549731162534534,-0.113378943670682,0.000513080200380107,0.549731162534534,0.549731162534534,-0.0261323869362355,-0.00843528733855969,-0.00843528733855969,0,0,0,0,0,0,0,0,0,0,0,0,0,1,616,0,0,0,0,0,0,0,0,0,1,0,0,0
0.616,0.523598775598299,0.54961795855193,-0.113028949660522,0.000514420488705346,0.54961795855193,0.54961795855193,-0.0260191829536314,-0.00840579563322039,-0.00840579563322039,0,0,0,0,0,0,0,0,0,0,0,0,0,1,617,0,0,0,0,0,0,0,0,0,1,0,0,0
0.617,0.523598775598299,0.549505104800042,-0.112678486145918,0.00051571738383972,0.549505104800042,0.549505104800042,-0.0259063292017429,-0.00837631781664076,-0.00837631781664076,0,0,0,0,0,0,0,0,0,0,0,0,0,1,618,0,0,0,0,0,0,0,0,0,1,0,0,0
0.618,0.523598775598299,0.549392601736683,-0.11232757645887,0.000516971404345735,0.549392601736683,0.549392601736683,-0.0257938261383838,-0.00834685513016768,-0.00834685513016768,0,0,0,0,0,0,0,0,0,0,0,0,0,1,619,0,0,0,0,0,0,0,0,0,1,0,0,0
0.619,0.523598775598299,0.549280449796481,-0.111976243639825,0.000518183065715192,0.549280449796481,0.549280449796481,-0.025681674198182,-0.00831740879577229,-0.00831740879577229,0,0,0,0,0,0,0,0,0,0,0,0,0,1,620,0,0,0,0,0,0,0,0,0,1,0,0,0
0.62,0.523598775598299,0.549168649391169,-0.111624510439528,0.000519352880310758,0.549168649391169,0.549168649391169,-0.02556987379287,-0.00828798001626355,-0.00828798001626355,0,0,0,0,0,0,0,0,0,0,0,0,0,1,621,0,0,0,0,0,0,0,0,0,1,0,0,0
0.621,0.523598775598299,0.549057200909872,-0.111272399320901,0.000520481357309418,0.549057200909872,0.549057200909872,-0.0254584253115734,-0.00825856997550214,-0.00825856997550214,0,0,0,0,0,0,0,0,0,0,0,0,0,1,622,0,0,0,0,0,0,0,0,0,1,0,0,0
0.622,0.523598775598299,0.548946104719397,-0.110919932460955,0.000521569002647699,0.548946104719397,0.548946104719397,-0.0253473291210983,-0.00822917983861586,-0.00822917983861586,0,0,0,0,0,0,0,0,0,0,0,0,0,1,623,0,0,0,0,0,0,0,0,0,1,0,0,0
0.623,0.523598775598299,0.548835361164514,-0.110567131752723,0.000522616318968254,0.548835361164514,0.548835361164514,-0.0252365855662156,-0.00819981075221164,-0.00819981075221164,0,0,0,0,0,0,0,0,0,0,0,0,0,1,624,0,0,0,0,0,0,0,0,0,1,0,0,0
0.624,0.523598775598299,0.548724970568243,-0.110214018807224,0.000523623805569029,0.548724970568243,0.548724970568243,-0.0251261949699446,-0.00817046384459133,-0.00817046384459133,0,0,0,0,0,0,0,0,0,0,0,0,0,1,625,0,0,0,0,0,0,0,0,0,1,0,0,0
0.625,0.523598775598299,0.548614933232133,-0.109860614955452,0.000524591958353482,0.548614933232133,0.548614933232133,-0.0250161576338337,-0.00814114022596319,-0.00814114022596319,0,0,0,0,0,0,0,0,0,0,0,0,0,1,626,0,0,0,0,0,0,0,0,0,1,0,0,0
0.626,0.523598775598299,0.548505249436538,-0.109506941250387,0.000525521269783479,0.548505249436538,0.548505249436538,-0.0249064738382394,-0.00811184098865615,-0.00811184098865615,0,0,0,0,0,0,0,0,0,0,0,0,0,1,627,0,0,0,0,0,0,0,0,0,1,0,0,0
0.627,0.523598775598299,0.548395919440902,-0.109153018469034,0.000526412228833547,0.548395919440902,0.548395919440902,-0.0247971438426035,-0.00808256720733107,-0.00808256720733107,0,0,0,0,0,0,0,0,0,0,0,0,0,1,628,0,0,0,0,0,0,0,0,0,1,0,0,0
0.628,0.523598775598299,0.548286943484027,-0.108798867114479,0.000527265320947524,0.548286943484027,0.548286943484027,-0.0246881678857279,-0.00805331993919316,-0.00805331993919316,0,0,0,0,0,0,0,0,0,0,0,0,0,1,629,0,0,0,0,0,0,0,0,0,1,0,0,0
0.629,0.523598775598299,0.548178321784346,-0.10844450741797,0.000528081027996848,0.548178321784346,0.548178321784346,-0.0245795461860474,-0.00802410022420064,-0.00802410022420064,0,0,0,0,0,0,0,0,0,0,0,0,0,1,630,0,0,0,0,0,0,0,0,0,1,0,0,0
0.63,0.523598775598299,0.5480700545402,-0.108089959341019,0.000528859828241617,0.5480700545402,0.5480700545402,-0.0244712789419007,-0.0079949090852767,-0.0079949090852767,0,0,0,0,0,0,0,0,0,0,0,0,0,1,631,0,0,0,0,0,0,0,0,0,1,0,0,0
0.631,0.523598775598299,0.547962141930098,-0.107735242577515,0.000529602196292781,0.547962141930098,0.547962141930098,-0.024363366331799,-0.00796574752851696,-0.00796574752851696,0,0,0,0,0,0,0,0,0,0,0,0,0,1,632,0,0,0,0,0,0,0,0,0,1,0,0,0
0.632,0.523598775598299,0.547854584112991,-0.107380376555869,0.000530308603076949,0.547854584112991,0.547854584112991,-0.0242558085146926,-0.00793661654339702,-0.00793661654339702,0,0,0,0,0,0,0,0,0,0,0,0,0,1,633,0,0,0,0,0,0,0,0,0,1,0,0,0
0.633,0.523598775598299,0.547747381228534,-0.107025380441162,0.000530979515803223,0.547747381228534,0.547747381228534,-0.0241486056302349,-0.00790751710297888,-0.00790751710297888,0,0,0,0,0,0,0,0,0,0,0,0,0,1,634,0,0,0,0,0,0,0,0,0,1,0,0,0
0.634,0.523598775598299,0.547640533397344,-0.106670273137317,0.000531615397932047,0.547640533397344,0.547640533397344,-0.0240417577990454,-0.00787845016411605,-0.00787845016411605,0,0,0,0,0,0,0,0,0,0,0,0,0,1,635,0,0,0,0,0,0,0,0,0,1,0,0,0
0.635,0.523598775598299,0.547534040721268,-0.106315073289282,0.000532216709146131,0.547534040721268,0.547534040721268,-0.0239352651229688,-0.00784941666765672,-0.00784941666765672,0,0,0,0,0,0,0,0,0,0,0,0,0,1,636,0,0,0,0,0,0,0,0,0,1,0,0,0
0.636,0.523598775598299,0.547427903283633,-0.10595979928523,0.000532783905323593,0.547427903283633,0.547427903283633,-0.0238291276853343,-0.00782041753864801,-0.00782041753864801,0,0,0,0,0,0,0,0,0,0,0,0,0,1,637,0,0,0,0,0,0,0,0,0,1,0,0,0
0.637,0.523598775598299,0.547322121149508,-0.105604469258765,0.000533317438512486,0.547322121149508,0.547322121149508,-0.0237233455512096,-0.00779145368653403,-0.00779145368653403,0,0,0,0,0,0,0,0,0,0,0,0,0,1,638,0,0,0,0,0,0,0,0,0,1,0,0,0
0.638,0.523598775598299,0.547216694365954,-0.105249101091147,0.000533817756908439,0.547216694365954,0.547216694365954,-0.0236179187676554,-0.00776252600535667,-0.00776252600535667,0,0,0,0,0,0,0,0,0,0,0,0,0,1,639,0,0,0,0,0,0,0,0,0,1,0,0,0
0.639,0.523598775598299,0.547111622962275,-0.104893712413521,0.000534285304833617,0.547111622962275,0.547111622962275,-0.0235128473639766,-0.00773363537395361,-0.00773363537395361,0,0,0,0,0,0,0,0,0,0,0,0,0,1,640,0,0,0,0,0,0,0,0,0,1,0,0,0
0.64,0.523598775598299,0.54700690695027,-0.104538320609159,0.000534720522717649,0.54700690695027,0.54700690695027,-0.0234081313519707,-0.00770478265615256,-0.00770478265615256,0,0,0,0,0,0,0,0,0,0,0,0,0,1,641,0,0,0,0,0,0,0,0,0,1,0,0,0
0.641,0.523598775598299,0.546902546324474,-0.104182942815708,0.000535123847081165,0.546902546324474,0.546902546324474,-0.0233037707261753,-0.00767596870096784,-0.00767596870096784,0,0,0,0,0,0,0,0,0,0,0,0,0,1,642,0,0,0,0,0,0,0,0,0,1,0,0,0
0.642,0.523598775598299,0.546798541062411,-0.103827595927443,0.000535495710520399,0.546798541062411,0.546798541062411,-0.023199765464112,-0.00764719434279128,-0.00764719434279128,0,0,0,0,0,0,0,0,0,0,0,0,0,1,643,0,0,0,0,0,0,0,0,0,1,0,0,0
0.643,0.523598775598299,0.546694891124828,-0.103472296597533,0.000535836541694426,0.546694891124828,0.546694891124828,-0.0230961155265288,-0.00761846040158331,-0.00761846040158331,0,0,0,0,0,0,0,0,0,0,0,0,0,1,644,0,0,0,0,0,0,0,0,0,1,0,0,0
0.644,0.523598775598299,0.546591596455939,-0.103117061240305,0.000536146765314092,0.546591596455939,0.546591596455939,-0.0229928208576405,-0.00758976768306262,-0.00758976768306262,0,0,0,0,0,0,0,0,0,0,0,0,0,1,645,0,0,0,0,0,0,0,0,0,1,0,0,0
0.645,0.523598775598299,0.546488656983665,-0.102761906033511,0.000536426802132566,0.546488656983665,0.546488656983665,-0.0228898813853659,-0.00756111697889196,-0.00756111697889196,0,0,0,0,0,0,0,0,0,0,0,0,0,1,646,0,0,0,0,0,0,0,0,0,1,0,0,0
0.646,0.523598775598299,0.546386072619862,-0.102406846920608,0.000536677068938207,0.546386072619862,0.546386072619862,-0.0227872970215629,-0.00753250906686371,-0.00753250906686371,0,0,0,0,0,0,0,0,0,0,0,0,0,1,647,0,0,0,0,0,0,0,0,0,1,0,0,0
0.647,0.523598775598299,0.546283843260562,-0.102051899613025,0.000536897978548992,0.546283843260562,0.546283843260562,-0.0226850676622629,-0.00750394471108393,-0.00750394471108393,0,0,0,0,0,0,0,0,0,0,0,0,0,1,648,0,0,0,0,0,0,0,0,0,1,0,0,0
0.648,0.523598775598299,0.546181968786199,-0.101697079592444,0.000537089939808425,0.546181968786199,0.546181968786199,-0.0225831931879005,-0.00747542466215277,-0.00747542466215277,0,0,0,0,0,0,0,0,0,0,0,0,0,1,649,0,0,0,0,0,0,0,0,0,1,0,0,0
0.649,0.523598775598299,0.546080449061841,-0.101342402113076,0.000537253357583532,0.546080449061841,0.546080449061841,-0.0224816734635426,-0.00744694965734347,-0.00744694965734347,0,0,0,0,0,0,0,0,0,0,0,0,0,1,650,0,0,0,0,0,0,0,0,0,1,0,0,0
0.65,0.523598775598299,0.545979283937414,-0.100987882203933,0.000537388632764605,0.545979283937414,0.545979283937414,-0.0223805083391148,-0.00741852042078055,-0.00741852042078055,0,0,0,0,0,0,0,0,0,0,0,0,0,1,651,0,0,0,0,0,0,0,0,0,1,0,0,0
0.651,0.523598775598299,0.545878473247924,-0.100633534671103,0.000537496162266201,0.545878473247924,0.545878473247924,-0.0222796976496251,-0.00739013766361414,-0.00739013766361414,0,0,0,0,0,0,0,0,0,0,0,0,0,1,652,0,0,0,0,0,0,0,0,0,1,0,0,0
0.652,0.523598775598299,0.545778016813685,-0.100279374100019,0.000537576339030147,0.545778016813685,0.545778016813685,-0.0221792412153863,-0.00736180208419387,-0.00736180208419387,0,0,0,0,0,0,0,0,0,0,0,0,0,1,653,0,0,0,0,0,0,0,0,0,1,0,0,0
0.653,0.523598775598299,0.545677914440534,-0.0999254148577305,0.000537629552029796,0.545677914440534,0.545677914440534,-0.0220791388422349,-0.00733351436823999,-0.00733351436823999,0,0,0,0,0,0,0,0,0,0,0,0,0,1,654,0,0,0,0,0,0,0,0,0,1,0,0,0
0.654,0.523598775598299,0.545578165920047,-0.0995716710951611,0.000537656186275878,0.545578165920047,0.545578165920047,-0.0219793903217486,-0.00730527518901155,-0.00730527518901155,0,0,0,0,0,0,0,0,0,0,0,0,0,1,655,0,0,0,0,0,0,0,0,0,1,0,0,0
0.655,0.523598775598299,0.54547877102976,-0.0992181567493691,0.000537656622824119,0.54547877102976,0.54547877102976,-0.0218799954314612,-0.00727708520747453,-0.00727708520747453,0,0,0,0,0,0,0,0,0,0,0,0,0,1,656,0,0,0,0,0,0,0,0,0,1,0,0,0
0.656,0.523598775598299,0.545379729533375,-0.0988648855457987,0.000537631238783852,0.545379729533375,0.545379729533375,-0.021780953935076,-0.00724894507246674,-0.00724894507246674,0,0,0,0,0,0,0,0,0,0,0,0,0,1,657,0,0,0,0,0,0,0,0,0,1,0,0,0
0.657,0.523598775598299,0.545281041180974,-0.0985118710005255,0.000537580407328096,0.545281041180974,0.545281041180974,-0.0216822655826748,-0.00722085542085957,-0.00722085542085957,0,0,0,0,0,0,0,0,0,0,0,0,0,1,658,0,0,0,0,0,0,0,0,0,1,0,0,0
0.658,0.523598775598299,0.545182705709227,-0.0981591264224943,0.000537504497705385,0.545182705709227,0.545182705709227,-0.021583930110928,-0.00719281687772037,-0.00719281687772037,0,0,0,0,0,0,0,0,0,0,0,0,0,1,659,0,0,0,0,0,0,0,0,0,1,0,0,0
0.659,0.523598775598299,0.545084722841598,-0.0978066649157493,0.000537403875252259,0.545084722841598,0.545084722841598,-0.0214859472432989,-0.00716483005646977,-0.00716483005646977,0,0,0,0,0,0,0,0,0,0,0,0,0,1,660,0,0,0,0,0,0,0,0,0,1,0,0,0
0.66,0.523598775598299,0.544987092288548,-0.097454499381655,0.000537278901407569,0.544987092288548,0.544987092288548,-0.021388316690249,-0.00713689555904008,-0.00713689555904008,0,0,0,0,0,0,0,0,0,0,0,0,0,1,661,0,0,0,0,0,0,0,0,0,1,0,0,0
0.661,0.523598775598299,0.544889813747737,-0.0971026425211086,0.000537129933727351,0.544889813747737,0.544889813747737,-0.0212910381494383,-0.00710901397602783,-0.00710901397602783,0,0,0,0,0,0,0,0,0,0,0,0,0,1,662,0,0,0,0,0,0,0,0,0,1,0,0,0
0.662,0.523598775598299,0.544792886904224,-0.0967511068367418,0.000536957325901631,0.544792886904224,0.544792886904224,-0.0211941113059255,-0.00708118588684767,-0.00708118588684767,0,0,0,0,0,0,0,0,0,0,0,0,0,1,663,0,0,0,0,0,0,0,0,0,1,0,0,0
0.663,0.523598775598299,0.544696311430664,-0.0963999046351123,0.000536761427771772,0.544696311430664,0.544696311430664,-0.0210975358323648,-0.00705341185988285,-0.00705341185988285,0,0,0,0,0,0,0,0,0,0,0,0,0,1,664,0,0,0,0,0,0,0,0,0,1,0,0,0
0.664,0.523598775598299,0.5446000869875,-0.0960490480288841,0.000536542585348931,0.5446000869875,0.5446000869875,-0.0210013113892012,-0.0070256924526336,-0.0070256924526336,0,0,0,0,0,0,0,0,0,0,0,0,0,1,665,0,0,0,0,0,0,0,0,0,1,0,0,0
0.665,0.523598775598299,0.544504213223162,-0.0956985489389965,0.000536301140833606,0.544504213223162,0.544504213223162,-0.0209054376248627,-0.00699802821186246,-0.00699802821186246,0,0,0,0,0,0,0,0,0,0,0,0,0,1,666,0,0,0,0,0,0,0,0,0,1,0,0,0
0.666,0.523598775598299,0.54440868977425,-0.0953484190968202,0.000536037432636509,0.54440868977425,0.54440868977425,-0.0208099141759515,-0.00697041967373985,-0.00697041967373985,0,0,0,0,0,0,0,0,0,0,0,0,0,1,667,0,0,0,0,0,0,0,0,0,1,0,0,0
0.667,0.523598775598299,0.544313516265731,-0.0949986700463016,0.000535751795399878,0.544313516265731,0.544313516265731,-0.0207147406674323,-0.0069428673639868,-0.0069428673639868,0,0,0,0,0,0,0,0,0,0,0,0,0,1,668,0,0,0,0,0,0,0,0,0,1,0,0,0
0.668,0.523598775598299,0.544218692311118,-0.0946493131460929,0.000535444560019616,0.544218692311118,0.544218692311118,-0.0206199167128187,-0.00691537179801393,-0.00691537179801393,0,0,0,0,0,0,0,0,0,0,0,0,0,1,669,0,0,0,0,0,0,0,0,0,1,0,0,0
0.669,0.523598775598299,0.544124217512656,-0.0943003595716699,0.000535116053668808,0.544124217512656,0.544124217512656,-0.0205254419143575,-0.00688793348106104,-0.00688793348106104,0,0,0,0,0,0,0,0,0,0,0,0,0,1,670,0,0,0,0,0,0,0,0,0,1,0,0,0
0.67,0.523598775598299,0.544030091461509,-0.0939518203174343,0.000534766599821546,0.544030091461509,0.544030091461509,-0.0204313158632105,-0.006860552908333,-0.006860552908333,0,0,0,0,0,0,0,0,0,0,0,0,0,1,671,0,0,0,0,0,0,0,0,0,1,0,0,0
0.671,0.523598775598299,0.543936313737934,-0.0936037061988031,0.000534396518277744,0.543936313737934,0.543936313737934,-0.020337538139635,-0.00683323056513489,-0.00683323056513489,0,0,0,0,0,0,0,0,0,0,0,0,0,1,672,0,0,0,0,0,0,0,0,0,1,0,0,0
0.672,0.523598775598299,0.54384288391146,-0.0932560278542819,0.000534006125188455,0.54384288391146,0.54384288391146,-0.0202441083131616,-0.00680596692700385,-0.00680596692700385,0,0,0,0,0,0,0,0,0,0,0,0,0,1,673,0,0,0,0,0,0,0,0,0,1,0,0,0
0.673,0.523598775598299,0.543749801541069,-0.0929087957475237,0.00053359573308213,0.543749801541069,0.543749801541069,-0.0201510259427697,-0.00677876245984012,-0.00677876245984012,0,0,0,0,0,0,0,0,0,0,0,0,0,1,674,0,0,0,0,0,0,0,0,0,1,0,0,0
0.674,0.523598775598299,0.543657066175361,-0.0925620201693719,0.000533165650891357,0.543657066175361,0.543657066175361,-0.0200582905770618,-0.00675161762003527,-0.00675161762003527,0,0,0,0,0,0,0,0,0,0,0,0,0,1,675,0,0,0,0,0,0,0,0,0,1,0,0,0
0.675,0.523598775598299,0.543564677352734,-0.0922157112398881,0.000532716183980374,0.543564677352734,0.543564677352734,-0.0199659017544347,-0.00672453285459966,-0.00672453285459966,0,0,0,0,0,0,0,0,0,0,0,0,0,1,676,0,0,0,0,0,0,0,0,0,1,0,0,0
0.676,0.523598775598299,0.543472634601549,-0.0918698789103627,0.000532247634172916,0.543472634601549,0.543472634601549,-0.0198738590032504,-0.00669750860128861,-0.00669750860128861,0,0,0,0,0,0,0,0,0,0,0,0,0,1,677,0,0,0,0,0,0,0,0,0,1,0,0,0
0.677,0.523598775598299,0.543380937440302,-0.0915245329653098,0.00053176029978023,0.543380937440302,0.543380937440302,-0.0197821618420029,-0.00667054528872354,-0.00667054528872354,0,0,0,0,0,0,0,0,0,0,0,0,0,1,678,0,0,0,0,0,0,0,0,0,1,0,0,0
0.678,0.523598775598299,0.543289585377783,-0.0911796830244458,0.000531254475630418,0.543289585377783,0.543289585377783,-0.0196908097794839,-0.00664364333651454,-0.00664364333651454,0,0,0,0,0,0,0,0,0,0,0,0,0,1,679,0,0,0,0,0,0,0,0,0,1,0,0,0
0.679,0.523598775598299,0.543198577913246,-0.0908353385446503,0.000530730453097688,0.543198577913246,0.543198577913246,-0.0195998023149474,-0.00661680315538019,-0.00661680315538019,0,0,0,0,0,0,0,0,0,0,0,0,0,1,680,0,0,0,0,0,0,0,0,0,1,0,0,0
0.68,0.523598775598299,0.54310791453657,-0.0904915088219104,0.000530188520132002,0.54310791453657,0.54310791453657,-0.019509138938271,-0.00659002514726524,-0.00659002514726524,0,0,0,0,0,0,0,0,0,0,0,0,0,1,681,0,0,0,0,0,0,0,0,0,1,0,0,0
0.681,0.523598775598299,0.543017594728415,-0.0901482029932476,0.000529628961289219,0.543017594728415,0.543017594728415,-0.0194188191301158,-0.00656330970545633,-0.00656330970545633,0,0,0,0,0,0,0,0,0,0,0,0,0,1,682,0,0,0,0,0,0,0,0,0,1,0,0,0
0.682,0.523598775598299,0.542927617960384,-0.0898054300386274,0.000529052057761704,0.542927617960384,0.542927617960384,-0.0193288423620848,-0.00653665721469759,-0.00653665721469759,0,0,0,0,0,0,0,0,0,0,0,0,0,1,683,0,0,0,0,0,0,0,0,0,1,0,0,0
0.683,0.523598775598299,0.542837983695177,-0.0894631987828508,0.000528458087408835,0.542837983695177,0.542837983695177,-0.0192392080968785,-0.00651006805130229,-0.00651006805130229,0,0,0,0,0,0,0,0,0,0,0,0,0,1,684,0,0,0,0,0,0,0,0,0,1,0,0,0
0.684,0.523598775598299,0.542748691386749,-0.0891215178974287,0.000527847324788255,0.542748691386749,0.542748691386749,-0.0191499157884497,-0.00648354258326481,-0.00648354258326481,0,0,0,0,0,0,0,0,0,0,0,0,0,1,685,0,0,0,0,0,0,0,0,0,1,0,0,0
0.685,0.523598775598299,0.542659740480454,-0.0887803959024379,0.000527220041187017,0.542659740480454,0.542659740480454,-0.0190609648821553,-0.00645708117036942,-0.00645708117036942,0,0,0,0,0,0,0,0,0,0,0,0,0,1,686,0,0,0,0,0,0,0,0,0,1,0,0,0
0.686,0.523598775598299,0.542571130413206,-0.0884398411683593,0.000526576504653214,0.542571130413206,0.542571130413206,-0.0189723548149071,-0.00643068416429926,-0.00643068416429926,0,0,0,0,0,0,0,0,0,0,0,0,0,1,687,0,0,0,0,0,0,0,0,0,1,0,0,0
0.687,0.523598775598299,0.54248286061362,-0.088099861917898,0.000525916980027428,0.54248286061362,0.54248286061362,-0.018884085015321,-0.00640435190874255,-0.00640435190874255,0,0,0,0,0,0,0,0,0,0,0,0,0,1,688,0,0,0,0,0,0,0,0,0,1,0,0,0
0.688,0.523598775598299,0.542394930502161,-0.0877604662277851,0.000525241728974421,0.542394930502161,0.542394930502161,-0.0187961549038627,-0.0063780847394956,-0.0063780847394956,0,0,0,0,0,0,0,0,0,0,0,0,0,1,689,0,0,0,0,0,0,0,0,0,1,0,0,0
0.689,0.523598775598299,0.542307339491292,-0.0874216620305617,0.000524551010015598,0.542307339491292,0.542307339491292,-0.0187085638929934,-0.0063518829845676,-0.0063518829845676,0,0,0,0,0,0,0,0,0,0,0,0,0,1,690,0,0,0,0,0,0,0,0,0,1,0,0,0
0.69,0.523598775598299,0.542220086985612,-0.0870834571163441,0.000523845078560859,0.542220086985612,0.542220086985612,-0.0186213113873134,-0.00632574696428249,-0.00632574696428249,0,0,0,0,0,0,0,0,0,0,0,0,0,1,691,0,0,0,0,0,0,0,0,0,1,0,0,0
0.691,0.523598775598299,0.542133172382002,-0.0867458591345709,0.000523124186940584,0.542133172382002,0.542133172382002,-0.0185343967837033,-0.00629967699137856,-0.00629967699137856,0,0,0,0,0,0,0,0,0,0,0,0,0,1,692,0,0,0,0,0,0,0,0,0,1,0,0,0
0.692,0.523598775598299,0.542046595069763,-0.0864088755957317,0.000522388584437916,0.542046595069763,0.542046595069763,-0.0184478194714639,-0.00627367337110774,-0.00627367337110774,0,0,0,0,0,0,0,0,0,0,0,0,0,1,693,0,0,0,0,0,0,0,0,0,1,0,0,0
0.693,0.523598775598299,0.541960354430753,-0.0860725138730776,0.000521638517320889,0.541960354430753,0.541960354430753,-0.0183615788324543,-0.00624773640133251,-0.00624773640133251,0,0,0,0,0,0,0,0,0,0,0,0,0,1,694,0,0,0,0,0,0,0,0,0,1,0,0,0
0.694,0.523598775598299,0.541874449839527,-0.0857367812043134,0.000520874228874734,0.541874449839527,0.541874449839527,-0.018275674241228,-0.00622186637262191,-0.00622186637262191,0,0,0,0,0,0,0,0,0,0,0,0,0,1,695,0,0,0,0,0,0,0,0,0,1,0,0,0
0.695,0.523598775598299,0.541788880663467,-0.0854016846932709,0.000520095959434127,0.541788880663467,0.541788880663467,-0.0181901050651683,-0.00619606356834666,-0.00619606356834666,0,0,0,0,0,0,0,0,0,0,0,0,0,1,696,0,0,0,0,0,0,0,0,0,1,0,0,0
0.696,0.523598775598299,0.541703646262919,-0.0850672313115649,0.000519303946415201,0.541703646262919,0.541703646262919,-0.0181048706646205,-0.0061703282647717,-0.0061703282647717,0,0,0,0,0,0,0,0,0,0,0,0,0,1,697,0,0,0,0,0,0,0,0,0,1,0,0,0
0.697,0.523598775598299,0.541618745991323,-0.08473342790023,0.000518498424347789,0.541618745991323,0.541618745991323,-0.0180199703930241,-0.00614466073114847,-0.00614466073114847,0,0,0,0,0,0,0,0,0,0,0,0,0,1,698,0,0,0,0,0,0,0,0,0,1,0,0,0
0.698,0.523598775598299,0.541534179195341,-0.0844002811713398,0.000517679624907413,0.541534179195341,0.541534179195341,-0.0179354035970418,-0.00611906122980558,-0.00611906122980558,0,0,0,0,0,0,0,0,0,0,0,0,0,1,699,0,0,0,0,0,0,0,0,0,1,0,0,0
0.699,0.523598775598299,0.541449945214987,-0.0840677977096076,0.000516847776947169,0.541449945214987,0.541449945214987,-0.0178511696166884,-0.00609353001623769,-0.00609353001623769,0,0,0,0,0,0,0,0,0,0,0,0,0,1,700,0,0,0,0,0,0,0,0,0,1,0,0,0
0.7,0.523598775598299,0.541366043383756,-0.0837359839739691,0.000516003106529657,0.541366043383756,0.541449945214987,-0.0178511696166884,-0.00629357288937092,-0.00629357288937092,0,0,0,0,0,0,0,0,0,0,1,6,0,0,0,0,1,1,0.001,0,0,0,-0.000225505550177085,8.39018312316364e-05,0,1,0,1
0.701,0.523598775598299,0.541282465894534,-0.0834254393138828,0.000443709905343669,0.541282465894534,0.541282465894534,-0.0176836902962347,-0.00603973026405636,-0.00603973026405636,0,0,0,0,0,0,0,0,0,0,1,0,0,1,702,0,0,0,0,0,0,-7.13420833520217e-09,2.94317670759825e-06,-7.13420833520217e-09,0,1,0,1
0.702,0.523598775598299,0.541199189586928,-0.0831247128902452,0.000471971646375614,0.541199189586928,0.541282465894534,-0.0176836902962347,-0.00623824427352835,-0.00623824427352835,0,0,0,0,0,0,0,0,0,0,1,7,0,0,0,0,1,1,0.001,0,0,-4.38838407834652e-08,-0.000220895717063137,8.32324237644011e-05,0,1,0,1
0.703,0.523598775598299,0.54111621331636,-0.0828325787612095,0.000418779641374482,0.54111621331636,0.541282465894534,-0.0176836902962347,-0.00643303551753099,-0.00643303551753099,0,0,0,0,0,0,0,0,0,0,1,1,0,0,0,0,1,2,0.002,0,0,-1.10708149314576e-07,-0.000440942602205598,0.000166141870024616,0,1,0,1
0.704,0.523598775598299,0.541033510037161,-0.0825830201127056,0.000317089552576379,0.541033510037161,0.54111621331636,-0.0175174377180608,-0.00617738772254182,-0.00617738772254182,0,0,0,0,0,0,0,0,0,0,1,5,0,1,704,1,0,1,0.001,0,0,-2.33961440776476e-07,-0.000210480982574819,8.2469317757683e-05,0,1,0,1
0.705,0.523598775598299,0.540951040474066,-0.0823550408132502,0.000329460850949109,0.540951040474066,0.54111621331636,-0.0175174377180608,-0.00637090091249182,-0.00637090091249182,0,0,0,0,0,0,0,0,0,0,1,5,0,0,0,0,1,2,0.002,0,0,-4.52221710522949e-07,-0.000429110665802972,0.000164720620582925,0,1,0,1
0.706,0.523598775598299,0.54086879493966,-0.0821413266276257,0.000269962140532684,0.54086879493966,0.54111621331636,-0.0175174377180608,-0.00656083236668777,-0.00656083236668777,0,0,0,0,0,0,0,0,0,0,1,3,0,0,0,0,1,3,0.003,0,1,-7.7447330704139e-07,-0.000644088721140912,0.000246643903392685,0,1,0,1
0.707,0.523598775598299,0.540786742915192,-0.0819717819339374,0.000167934967184203,0.540786742915192,0.54111621331636,-0.0175174377180608,-0.00674730324408539,-0.00674730324408539,0,0,0,0,0,0,0,0,0,0,1,5,0,0,0,0,1,4,0.004,0,0,-1.23052623546283e-06,-0.000855536103650911,0.000328239874931913,0,1,0,1
0.708,0.523598775598299,0.540704830757966,-0.0818636951575241,4.20718963642101e-05,0.540704830757966,0.54111621331636,-0.0175174377180608,-0.00693043060521059,-0.00693043060521059,0,0,0,0,0,0,0,0,0,0,1,2,0,0,0,0,1,5,0.005,0,0,-1.87330888412607e-06,-0.00106356967604913,0.000409509249509776,0,1,0,1
0.709,0.523598775598299,0.540622991850145,-0.0818263351920955,-9.57759196496544e-05,0.540622991850145,0.54086879493966,-0.0172700193413611,-0.00644533351738206,-0.00644533351738206,0,0,0,0,0,0,0,0,0,0,1,6,0,1,707,3,0,3,0.003,2,0,-2.76871932780587e-06,-0.000603308313851449,0.000243034370187245,0,1,0,1
0.71,0.523598775598299,0.540541174071654,-0.081803176750343,-2.74923453939145e-05,0.540541174071654,0.540704830757966,-0.0171060551596669,-0.00619004031175095,-0.00619004031175095,0,0,0,0,0,0,0,0,0,0,1,8,0,1,709,2,0,2,0.002,1,0,-3.9681525415558e-06,-0.000372780162335121,0.000159688533769686,0,1,0,1
0.711,0.523598775598299,0.540459403050896,-0.0817280588024431,9.46206535025443e-05,0.540459403050896,0.540704830757966,-0.0171060551596669,-0.00637780380718958,-0.00637780380718958,0,0,0,0,0,0,0,0,0,0,1,7,0,0,0,0,1,3,0.003,0,0,-5.44524979395611e-06,-0.000585237860352625,0.000239982457275301,0,1,0,1
0.712,0.523598775598299,0.540377728870978,-0.0816191271095785,0.000108038872397549,0.540377728870978,0.540704830757966,-0.0171060551596669,-0.00656211044904,-0.00656211044904,0,0,0,0,0,0,0,0,0,0,1,6,0,0,0,0,1,4,0.004,0,1,-7.14919252775559e-06,-0.000794167679005697,0.000319952694460168,0,1,0,1
0.713,0.523598775598299,0.540296160543337,-0.081522228915497,5.51137991977231e-05,0.540296160543337,0.540296160543337,-0.0166973849450381,-0.00564468157982047,-0.00564468157982047,0,0,0,0,0,0,0,0,0,0,1,0,0,1,714,0,0,0,0,0,0,-9.0702288414457e-06,9.87092077230009e-05,-9.0702288414457e-06,0,1,0,1
0.714,0.523598775598299,0.54021470577794,-0.0813646702170556,0.000310863690612336,0.54021470577794,0.540296160543337,-0.0166973849450381,-0.00583666363198976,-0.00583666363198976,0,0,0,0,0,0,0,0,0,0,1,7,0,0,0,0,1,1,0.001,0,0,-1.11999033984844e-05,-0.000117753469723654,7.02548619984089e-05,0,1,0,1
0.715,0.523598775598299,0.54013346043366,-0.0811179155428948,0.00040271725459848,0.54013346043366,0.540296160543337,-0.0166973849450381,-0.00602497697683888,-0.00602497697683888,0,0,0,0,0,0,0,0,0,0,1,2,0,0,0,0,1,2,0.002,0,1,-1.34416071535526e-05,-0.000330475925295441,0.000149258502523342,0,1,0,1
0.716,0.523598775598299,0.540052476149848,-0.0808515415560988,0.000393077528023643,0.540052476149848,0.540296160543337,-0.0166973849450381,-0.00620974571530051,-0.00620974571530051,0,0,0,0,0,0,0,0,0,0,1,4,0,0,0,0,1,3,0.003,0,0,-1.57429458850222e-05,-0.000539582108073415,0.000227941447604185,0,1,0,1
0.717,0.523598775598299,0.539971749431023,-0.0806082337198449,0.000321893222958845,0.539971749431023,0.54013346043366,-0.0165346848353612,-0.00595379562688259,-0.00595379562688259,0,0,0,0,0,0,0,0,0,0,1,7,0,1,716,2,0,2,0.002,0,0,-1.8106655605421e-05,-0.000307897651134426,0.000143604347031534,0,1,0,1
0.718,0.523598775598299,0.539891257169373,-0.080373547568799,0.000353205166065345,0.539891257169373,0.54013346043366,-0.0165346848353612,-0.00613750094911276,-0.00613750094911276,0,0,0,0,0,0,0,0,0,0,1,2,0,0,0,0,1,3,0.003,2,1,-2.05550801648524e-05,-0.000515796650926249,0.000221648184122292,0,1,0,1
0.719,0.523598775598299,0.53981100025846,-0.0801442871671144,0.000308245720656923,0.53981100025846,0.54013346043366,-0.0165346848353612,-0.00631779000870671,-0.00631779000870671,0,0,0,0,0,0,0,0,0,0,1,8,0,0,0,0,1,4,0.004,0,0,-2.3086557641272e-05,-0.000720207298367401,0.000299373617558607,0,1,0,1
0.72,0.523598775598299,0.539730955983523,-0.0799523008191246,0.000217785366933968,0.539730955983523,0.539891257169373,-0.0162924815710741,-0.00584380115290515,-0.00584380115290515,0,0,0,0,0,0,0,0,0,0,1,3,0,1,719,2,0,2,0.002,1,0,-2.57230301398126e-05,-0.000270267810117207,0.000134578155710052,0,1,0,1
0.721,0.523598775598299,0.53965109748854,-0.0797567547427711,0.000307660373505906,0.53965109748854,0.539891257169373,-0.0162924815710741,-0.00602604131300724,-0.00602604131300724,0,0,0,0,0,0,0,0,0,0,1,8,0,0,0,0,1,3,0.003,0,1,-2.84905768253019e-05,-0.000476484992041636,0.000211669104007828,0,1,0,1
0.722,0.523598775598299,0.539571448732508,-0.0795414619986509,0.000300029825226405,0.539571448732508,0.539891257169373,-0.0162924815710741,-0.00620487378792884,-0.00620487378792884,0,0,0,0,0,0,0,0,0,0,1,4,0,0,0,0,1,4,0.004,0,0,-3.13644577382144e-05,-0.000679222022707426,0.000288443979126529,0,1,0,1
0.723,0.523598775598299,0.539492007253,-0.079347437855575,0.000233250813257005,0.539492007253,0.539730955983523,-0.0161321803852242,-0.00594956738742295,-0.00594956738742295,0,0,0,0,0,0,0,0,0,0,1,5,0,1,721,3,0,3,0.003,0,0,-3.43463503356123e-05,-0.00044774759653609,0.000204602380187602,0,1,0,1
0.724,0.523598775598299,0.539412752073466,-0.0791598413576279,0.0002683058629473,0.539412752073466,0.539730955983523,-0.0161321803852242,-0.00612751294719274,-0.00612751294719274,0,0,0,0,0,0,0,0,0,0,1,1,0,0,0,0,1,4,0.004,0,1,-3.74564422788159e-05,-0.000649452438853802,0.000280747467778508,0,1,0,1
0.725,0.523598775598299,0.539333686326633,-0.0789751888876095,0.000228656807806791,0.539333686326633,0.539412752073466,-0.0158139764751669,-0.0054469224657742,-0.0054469224657742,0,0,0,0,0,0,0,0,0,0,1,4,0,1,725,1,0,1,0.001,0,0,-4.06908081291846e-05,7.45155728969216e-06,3.83749387037335e-05,0,1,0,1
0.726,0.523598775598299,0.539254817183166,-0.0787465978256166,0.000415289942713863,0.539254817183166,0.539412752073466,-0.0158139764751669,-0.00562948971886679,-0.00562948971886679,0,0,0,0,0,0,0,0,0,0,1,3,0,0,0,0,1,2,0.002,0,1,-4.40414807769685e-05,-0.000198729283147354,0.000113893409522503,0,1,0,1
0.727,0.523598775598299,0.539176212808374,-0.0784576998554715,0.000465988500270499,0.539176212808374,0.539176212808374,-0.0155774372100751,-0.00517280334380119,-0.00517280334380119,0,0,0,0,0,0,0,0,0,0,1,0,0,1,728,0,0,0,0,1,0,-4.74394948272172e-05,0.000234416498396402,-4.74394948272172e-05,0,1,0,1
0.728,0.523598775598299,0.539097922526578,-0.0781079941106618,0.000634395178955848,0.539097922526578,0.539176212808374,-0.0155774372100751,-0.00535673300004003,-0.00535673300004003,0,0,0,0,0,0,0,0,0,0,1,7,0,0,0,0,1,1,0.001,0,1,-5.08347223159289e-05,2.7019333644053e-05,2.74555594795833e-05,0,1,0,1
0.729,0.523598775598299,0.539020013577127,-0.0777067668177889,0.000670429167472238,0.539020013577127,0.539176212808374,-0.0155774372100751,-0.00553707682451864,-0.00553707682451864,0,0,0,0,0,0,0,0,0,0,1,3,0,0,0,0,1,2,0.002,2,1,-5.41591167888544e-05,-0.000176718827797635,0.000102040114458135,0,1,0,1
0.73,0.523598775598299,0.538942507227004,-0.0773099919327391,0.000625208055124621,0.538942507227004,0.538942507227004,-0.0153437316287053,-0.00508581838601634,-0.00508581838601634,0,0,0,0,0,0,0,0,0,0,1,0,0,1,731,0,0,0,0,0,0,-5.73906007744762e-05,0.00025121852724793,-5.73906007744762e-05,0,1,0,1
0.731,0.523598775598299,0.538865400467841,-0.076894264232875,0.000730406119561386,0.538865400467841,0.538942507227004,-0.0153437316287053,-0.00526749504012414,-0.00526749504012414,0,0,0,0,0,0,0,0,0,0,1,3,0,0,0,0,1,1,0.001,0,0,-6.05313688614162e-05,4.62941206204118e-05,1.65753903018651e-05,0,1,0,1
0.732,0.523598775598299,0.538788726514764,-0.0764540235760766,0.00072676238271284,0.538788726514764,0.538942507227004,-0.0153437316287053,-0.00544562252803386,-0.00544562252803386,0,0,0,0,0,0,0,0,0,0,1,3,0,0,0,0,1,2,0.002,0,1,-6.35473889329941e-05,-0.00015500771591008,9.0233323307598e-05,0,1,0,1
0.733,0.523598775598299,0.538712485074414,-0.0760350967218023,0.000656950158057041,0.538712485074414,0.538942507227004,-0.0153437316287053,-0.00562032090697469,-0.00562032090697469,0,0,0,0,0,0,0,0,0,0,1,8,0,0,0,0,1,3,0.003,0,0,-6.64381342316833e-05,-0.000352806971020407,0.000163584018358809,0,1,0,1
0.734,0.523598775598299,0.538636639896357,-0.0756649384935321,0.000548232194471932,0.538636639896357,0.538865400467841,-0.015266624869542,-0.00558446394847319,-0.00558446394847319,0,0,0,0,0,0,0,0,0,0,1,2,0,1,732,3,0,3,0.003,0,0,-6.92390320320424e-05,-0.000339977352037668,0.000159521539451868,0,1,0,1
0.735,0.523598775598299,0.53856114013075,-0.0753403593095471,0.000483617708291136,0.53856114013075,0.538788726514764,-0.0151899509164647,-0.00554925640741907,-0.00554925640741907,0,0,0,0,0,0,0,0,0,0,1,3,0,1,733,3,0,3,0.003,1,0,-7.20001060557918e-05,-0.000327723553948972,0.000155586277958086,0,1,0,1
0.736,0.523598775598299,0.538485950377279,-0.07504243370122,0.000446968060979784,0.538485950377279,0.538636639896357,-0.0150378642980581,-0.00531083531229167,-0.00531083531229167,0,0,0,0,0,0,0,0,0,0,1,3,0,1,735,2,0,2,0.002,0,0,-7.47559276116361e-05,-0.000112182549572605,7.59335914665149e-05,0,1,0,1
0.737,0.523598775598299,0.538411056871991,-0.0747405845139181,0.000492497939882259,0.538411056871991,0.538636639896357,-0.0150378642980581,-0.00548329045671408,-0.00548329045671408,0,0,0,0,0,0,0,0,0,0,1,2,0,0,0,0,1,3,0.003,0,0,-7.75194288464842e-05,-0.000307444081055396,0.000148063595519776,0,1,0,1
0.738,0.523598775598299,0.538336469289985,-0.0744376658903061,0.000458110169310526,0.538336469289985,0.53856114013075,-0.0149623645324508,-0.00544953355434987,-0.00544953355434987,0,0,0,0,0,0,0,0,0,0,1,8,0,1,736,3,0,3,0.003,0,0,-8.02801001286158e-05,-0.000296419814716828,0.000144390740635547,0,1,0,1
0.739,0.523598775598299,0.538262176976402,-0.0741485982636476,0.000440065306404841,0.538262176976402,0.538411056871991,-0.0148122812736918,-0.00521476974286498,-0.00521476974286498,0,0,0,0,0,0,0,0,0,0,1,2,0,1,738,2,0,2,0.002,1,0,-8.30477591408085e-05,-8.43148449554132e-05,6.58321364479519e-05,0,1,0,1
0.74,0.523598775598299,0.538188176210124,-0.0738480150735307,0.000496057518824529,0.538188176210124,0.538411056871991,-0.0148122812736918,-0.00538544777657778,-0.00538544777657778,0,0,0,0,0,0,0,0,0,0,1,3,0,0,0,0,1,3,0.003,0,0,-8.58252872494303e-05,-0.000277577886847021,0.000137055374617501,0,1,0,1
0.741,0.523598775598299,0.538114482549512,-0.0735417726363108,0.000468673550654775,0.538114482549512,0.538262176976402,-0.0146634013781031,-0.00515270965772282,-0.00515270965772282,0,0,0,0,0,0,0,0,0,0,1,1,0,1,740,2,0,2,0.002,1,0,-8.85962838489407e-05,-6.73509073535819e-05,5.90981430413917e-05,0,1,0,1
0.742,0.523598775598299,0.538041095365643,-0.0732282796922405,0.000517868232013907,0.538041095365643,0.538114482549512,-0.0145157069512127,-0.00492518973257785,-0.00492518973257785,0,0,0,0,0,0,0,0,0,0,1,1,0,1,742,1,0,1,0.001,0,0,-9.13605331949174e-05,0.000137731778599125,-1.79733493264056e-05,0,1,0,1
0.743,0.523598775598299,0.537968039205953,-0.0728757372993788,0.000612134991311389,0.537968039205953,0.538041095365643,-0.0144423197673442,-0.00489928441659932,-0.00489928441659932,0,0,0,0,0,0,0,0,0,0,1,7,0,1,743,1,0,1,0.001,1,0,-9.40926408384835e-05,0.000141273783040227,-2.10364811482622e-05,0,1,0,1
0.744,0.523598775598299,0.537895356919559,-0.072483837544391,0.000669153981633731,0.537895356919559,0.538041095365643,-0.0144423197673442,-0.00506984205787141,-0.00506984205787141,0,0,0,0,0,0,0,0,0,0,1,3,0,0,0,0,1,2,0.002,0,0,-9.67489083723017e-05,-5.15732184453721e-05,4.89895377121519e-05,0,1,0,1
0.745,0.523598775598299,0.537823073032108,-0.0720865618398323,0.000640123755269973,0.537823073032108,0.538041095365643,-0.0144423197673442,-0.00523707412213188,-0.00523707412213188,0,0,0,0,0,0,0,0,0,0,1,4,0,0,0,0,1,3,0.003,0,0,-9.93039586553168e-05,-0.000241020671692224,0.000118718374879756,0,1,0,1
0.746,0.523598775598299,0.537751173364474,-0.0717199812862946,0.000559300773104456,0.537751173364474,0.538041095365643,-0.0144423197673442,-0.00540109310328467,-0.00540109310328467,0,0,0,0,0,0,0,0,0,0,1,5,0,0,0,0,1,4,0.004,0,1,-0.000101771117187899,-0.000427181054417254,0.000188150883981275,0,1,0,1
0.747,0.523598775598299,0.53767961558686,-0.0714054259004312,0.000448547234715211,0.53767961558686,0.537895356919559,-0.0142965813212598,-0.00517030195496576,-0.00517030195496576,0,0,0,0,0,0,0,0,0,0,1,6,0,1,745,3,0,3,0.003,0,0,-0.000104191858076197,-0.000218457307735107,0.000111549474622108,0,1,0,1
0.748,0.523598775598299,0.537608353480405,-0.0711190645947072,0.000445845948008629,0.537608353480405,0.537895356919559,-0.0142965813212598,-0.00533329618396013,-0.00533329618396013,0,0,0,0,0,0,0,0,0,0,1,5,0,0,0,0,1,4,0.004,0,0,-0.000106611542497359,-0.000403444929527617,0.000180391896655863,0,1,0,1
0.749,0.523598775598299,0.537537371141922,-0.0708510107434267,0.000385303242836204,0.537537371141922,0.537823073032108,-0.0142242974338092,-0.00529891637860284,-0.00529891637860284,0,0,0,0,0,0,0,0,0,0,1,4,0,1,746,4,0,4,0.004,0,0,-0.000109045214027881,-0.000390984502794546,0.000176656676158293,0,1,0,1
0.75,0.523598775598299,0.53746664335551,-0.07060751633319,0.000352317559198178,0.53746664335551,0.537823073032108,-0.0142242974338092,-0.00545834561160918,-0.00545834561160918,0,0,0,0,0,0,0,0,0,0,1,3,0,0,0,0,1,5,0.005,0,1,-0.000111517227096458,-0.00057225909843793,0.000244912449501311,0,1,0,1
0.751,0.523598775598299,0.537396145791842,-0.0703944489253789,0.000275439223112972,0.537396145791842,0.537396145791842,-0.013797370193543,-0.00446732324905458,-0.00446732324905458,0,0,0,0,0,0,0,0,0,0,1,0,0,1,752,0,0,0,0,1,0,-0.000114051047768293,0.000396991915807325,-0.000114051047768293,0,1,0,1
0.752,0.523598775598299,0.537325874486703,-0.0701250400229024,0.000536886458776811,0.537325874486703,0.537396145791842,-0.013797370193543,-0.00463575996122969,-0.00463575996122969,0,0,0,0,0,0,0,0,0,0,1,4,0,0,0,0,1,1,0.001,0,0,-0.000116649775265154,0.000206857864564071,-4.63784701266734e-05,0,1,0,1
0.753,0.523598775598299,0.537255926178161,-0.0697627709315171,0.000636855150502992,0.537255926178161,0.537396145791842,-0.013797370193543,-0.00480083370570694,-0.00480083370570694,0,0,0,0,0,0,0,0,0,0,1,8,0,0,0,0,1,2,0.002,3,1,-0.000119215804865958,2.01607817938987e-05,2.10038088145348e-05,0,1,0,1
0.754,0.523598775598299,0.53718635670159,-0.0693762545957943,0.000636621902293495,0.53718635670159,0.537396145791842,-0.013797370193543,-0.00496265824120065,-0.00496265824120065,0,0,0,0,0,0,0,0,0,0,1,6,0,0,0,0,1,3,0.003,0,0,-0.000121692432942244,-0.000163213103018152,8.80966573095776e-05,0,1,0,1
0.755,0.523598775598299,0.537117167461655,-0.0690076951027336,0.00057542428392829,0.537117167461655,0.537117167461655,-0.0135183918633566,-0.00437152478053395,-0.00437152478053395,0,0,0,0,0,0,0,0,0,0,1,0,0,1,756,0,0,0,0,0,0,-0.000124077385037169,0.000406444982215731,-0.000124077385037169,0,1,0,1
0.756,0.523598775598299,0.537048350455838,-0.0686139302622124,0.000715860404886682,0.537048350455838,0.537117167461655,-0.0135183918633566,-0.00453689938343316,-0.00453689938343316,0,0,0,0,0,0,0,0,0,0,1,1,0,0,0,0,1,1,0.001,0,1,-0.000126377792404986,0.000219668959437258,-5.75607865878069e-05,0,1,0,1
0.757,0.523598775598299,0.536979952916673,-0.0681791104105277,0.000739522561797196,0.536979952916673,0.537048350455838,-0.0134495748575394,-0.0045140057951985,-0.0045140057951985,0,0,0,0,0,0,0,0,0,0,1,2,0,1,757,1,0,1,0.001,0,0,-0.000128545549832992,0.000221235061814519,-6.0148010667338e-05,0,1,0,1
0.758,0.523598775598299,0.536911995078448,-0.0677356748756226,0.000750253788434103,0.536911995078448,0.536911995078448,-0.0133132194801489,-0.00430879078399641,-0.00430879078399641,0,0,0,0,0,0,0,0,0,0,1,0,0,1,759,0,0,0,0,0,0,-0.000130559549000986,0.000405196496495515,-0.000130559549000986,0,1,0,1
0.759,0.523598775598299,0.536844488348077,-0.0672725025914599,0.000810601829159266,0.536844488348077,0.536844488348077,-0.0132457127497786,-0.0042901949908699,-0.0042901949908699,0,0,0,0,0,0,0,0,0,0,1,0,0,1,760,0,0,0,0,1,0,-0.000132407507671073,0.000402612594640438,-0.000132407507671073,0,1,0,1
0.76,0.523598775598299,0.536777457829244,-0.0667858434563585,0.000841725525177601,0.536777457829244,0.536844488348077,-0.0132457127497786,-0.00445213604185674,-0.00445213604185674,0,0,0,0,0,0,0,0,0,0,1,4,0,0,0,0,1,1,0.001,0,1,-0.000134063445602517,0.00021956569934671,-6.70329267694614e-05,0,1,0,1
0.761,0.523598775598299,0.536710914558115,-0.0663047103554302,0.000797161956420511,0.536710914558115,0.536844488348077,-0.0132457127497786,-0.004610840504432,-0.004610840504432,0,0,0,0,0,0,0,0,0,0,1,2,0,0,0,0,1,2,0.002,0,1,-0.000135515448895229,3.9829209250216e-05,-1.94165893263598e-06,0,1,0,1
0.762,0.523598775598299,0.536644835847599,-0.0658607205710702,0.00070740091152807,0.536644835847599,0.536844488348077,-0.0132457127497786,-0.00476641786229269,-0.00476641786229269,0,0,0,0,0,0,0,0,0,0,1,7,0,0,0,0,1,3,0.003,0,0,-0.000136785325786426,-0.000136706396217618,6.28671746916165e-05,0,1,0,1
0.763,0.523598775598299,0.536579174441174,-0.0654723759000691,0.000591885412191836,0.536579174441174,0.536710914558115,-0.013112138959816,-0.00455996348368259,-0.00455996348368259,0,0,0,0,0,0,0,0,0,0,1,2,0,1,762,2,0,2,0.002,0,0,-0.000137919452886548,4.88634748871536e-05,-6.17933594526665e-06,0,1,0,1
0.764,0.523598775598299,0.536513880426799,-0.0651170464581357,0.000576688389575182,0.536513880426799,0.536513880426799,-0.0129151048285006,-0.00418468074106717,-0.00418468074106717,0,0,0,0,0,0,0,0,0,0,1,0,0,1,765,0,0,0,0,1,0,-0.000138966861313872,0.000403335407388374,-0.000138966861313872,0,1,0,1
0.765,0.523598775598299,0.536448949127474,-0.0647366950623855,0.000677260194969435,0.536448949127474,0.536448949127474,-0.0128501735291755,-0.00416832111739589,-0.00416832111739589,0,0,0,0,0,0,0,0,0,0,1,0,0,1,766,0,0,0,0,1,0,-0.000139931346200606,0.000398957872767822,-0.000139931346200606,0,1,0,1
0.766,0.523598775598299,0.536384420568249,-0.0643154175226043,0.000734412992943698,0.536384420568249,0.536448949127474,-0.0128501735291755,-0.00432557765989625,-0.00432557765989625,0,0,0,0,0,0,0,0,0,0,1,3,0,0,0,0,1,1,0.001,0,0,-0.000140771999729394,0.000221037775412436,-7.62434405043866e-05,0,1,0,1
0.767,0.523598775598299,0.536320320152971,-0.0638877270391036,0.000708934031921788,0.536320320152971,0.536448949127474,-0.0128501735291755,-0.00447968914515754,-0.00447968914515754,0,0,0,0,0,0,0,0,0,0,1,2,0,0,0,0,1,2,0.002,0,0,-0.000141462534445136,4.63362875704372e-05,-1.28335599414164e-05,0,1,0,1
0.768,0.523598775598299,0.536256635511024,-0.063488276533987,0.000633672246707345,0.536256635511024,0.536256635511024,-0.0126578599127253,-0.00411387469792297,-0.00411387469792297,0,0,0,0,0,0,0,0,0,0,1,0,0,1,769,0,0,0,0,0,0,-0.000142014436564142,0.000391634230600298,-0.000142014436564142,0,1,0,1
0.769,0.523598775598299,0.536193343566611,-0.0630903810845302,0.00069333385091059,0.536193343566611,0.536256635511024,-0.0126578599127253,-0.00426871381477913,-0.00426871381477913,0,0,0,0,0,0,0,0,0,0,1,6,0,0,0,0,1,1,0.001,2,1,-0.000142449896750607,0.000216352051318945,-7.91579523370389e-05,0,1,0,1
0.77,0.523598775598299,0.536130457100248,-0.0626846062961008,0.000670749818816879,0.536130457100248,0.536130457100248,-0.0125316815019495,-0.00408132348374095,-0.00408132348374095,0,0,0,0,0,0,0,0,0,0,1,0,0,1,771,0,0,0,0,0,0,-0.000142755248666027,0.000383372702457526,-0.000142755248666027,0,1,0,1
0.771,0.523598775598299,0.536067976019117,-0.0622744887907688,0.000705997915395331,0.536067976019117,0.536130457100248,-0.0125316815019495,-0.00423447302381092,-0.00423447302381092,0,0,0,0,0,0,0,0,0,0,1,1,0,0,0,0,1,1,0.001,0,0,-0.000142929698676242,0.000209926803140643,-8.04486175453034e-05,0,1,0,1
0.772,0.523598775598299,0.536005907082982,-0.061866743008745,0.000668684820047736,0.536005907082982,0.536067976019117,-0.0124692004208186,-0.00421663020337401,-0.00421663020337401,0,0,0,0,0,0,0,0,0,0,1,6,0,1,772,1,0,1,0.001,0,0,-0.000142965599978284,0.000207546520529373,-8.08966638433661e-05,0,1,0,1
0.773,0.523598775598299,0.535944236770916,-0.0614763721300218,0.000641151121212251,0.535944236770916,0.536067976019117,-0.0124692004208186,-0.00436594068983712,-0.00436594068983712,0,0,0,0,0,0,0,0,0,0,1,1,0,0,0,0,1,2,0.002,0,0,-0.000142875585926849,3.80861202192162e-05,-1.91363377255449e-05,0,1,0,1
0.774,0.523598775598299,0.535882944702245,-0.0611143729143069,0.00056709698981641,0.535882944702245,0.535944236770916,-0.0123454611726173,-0.00417973263352346,-0.00417973263352346,0,0,0,0,0,0,0,0,0,0,1,3,0,1,774,1,0,1,0.001,0,0,-0.000142679149137459,0.00020421738238478,-8.13870804662331e-05,0,1,0,1
0.775,0.523598775598299,0.535822002580654,-0.0607695218915902,0.000571551179817043,0.535822002580654,0.535944236770916,-0.0123454611726173,-0.00432757347607864,-0.00432757347607864,0,0,0,0,0,0,0,0,0,0,1,3,0,0,0,0,1,2,0.002,0,1,-0.000142403697429905,3.63727934101846e-05,-2.01695071679886e-05,0,1,0,1
0.776,0.523598775598299,0.535761400662236,-0.0604390395016027,0.000518710178842684,0.535761400662236,0.535944236770916,-0.0123454611726173,-0.00447250236030027,-0.00447250236030027,0,0,0,0,0,0,0,0,0,0,1,4,0,0,0,0,1,3,0.003,0,0,-0.000142058085828345,-0.000128486863903734,4.07780228520727e-05,0,1,0,1
0.777,0.523598775598299,0.535701111631233,-0.060146736640458,0.000432059070370313,0.535701111631233,0.535882944702245,-0.012284169103946,-0.00444988119752539,-0.00444988119752539,0,0,0,0,0,0,0,0,0,0,1,7,0,1,775,3,0,3,0.003,0,0,-0.0001416687408623,-0.00012572357769064,4.0164330149306e-05,0,1,0,1
0.778,0.523598775598299,0.535641094999363,-0.0598912838470488,0.000378741276267397,0.535641094999363,0.535822002580654,-0.0122232269823553,-0.00442761835837451,-0.00442761835837451,0,0,0,0,0,0,0,0,0,0,1,3,0,1,776,3,0,3,0.003,1,0,-0.000141275261293594,-0.000123245797725963,3.96323199978177e-05,0,1,0,1
0.779,0.523598775598299,0.535581321620689,-0.0596583460513523,0.000346662061546998,0.535581321620689,0.535822002580654,-0.0122232269823553,-0.0045685664348498,-0.0045685664348498,0,0,0,0,0,0,0,0,0,0,1,1,0,0,0,0,1,4,0.004,0,0,-0.000140905903284749,-0.000283906197489449,9.97750566801292e-05,0,1,0,1
0.78,0.523598775598299,0.535521768730001,-0.0594536807000568,0.000276460907895075,0.535521768730001,0.535581321620689,-0.0119825460223905,-0.00405992936012681,-0.00405992936012681,0,0,0,0,0,0,0,0,0,0,1,8,0,1,780,1,0,1,0.001,1,0,-0.0001405825420705,0.000205091206077732,-8.10296513817921e-05,0,1,0,1
0.781,0.523598775598299,0.53546241998325,-0.0592338387275331,0.000389400532658937,0.53546241998325,0.535581321620689,-0.0119825460223905,-0.00420395758644838,-0.00420395758644838,0,0,0,0,0,0,0,0,0,0,1,2,0,0,0,0,1,2,0.002,0,1,-0.000140320631560331,4.14958747155282e-05,-2.14189941205589e-05,0,1,0,1
0.782,0.523598775598299,0.535403311676274,-0.0589812158369808,0.000407387703970032,0.535403311676274,0.535403311676274,-0.0118045360779756,-0.00386669857225581,-0.00386669857225581,0,0,0,0,0,0,0,0,0,0,1,0,0,1,783,0,0,0,0,0,0,-0.000140082985661594,0.000359260261747117,-0.000140082985661594,0,1,0,1
0.783,0.523598775598299,0.53534447004488,-0.0586922135678368,0.000518843416287981,0.53534447004488,0.535403311676274,-0.0118045360779756,-0.00401133791109035,-0.00401133791109035,0,0,0,0,0,0,0,0,0,0,1,8,0,0,0,0,1,1,0.001,0,1,-0.000139842478241836,0.000195198683212262,-8.10008468477008e-05,0,1,0,1
0.784,0.523598775598299,0.535285937457393,-0.0583716639572867,0.000533975954445626,0.535285937457393,0.535403311676274,-0.0118045360779756,-0.00415308205587275,-0.00415308205587275,0,0,0,0,0,0,0,0,0,0,1,1,0,0,0,0,1,2,0.002,0,1,-0.000139555850617645,3.41045936226164e-05,-2.21816317361734e-05,0,1,0,1
0.785,0.523598775598299,0.535227723471986,-0.0580602239013381,0.000490223006019206,0.535227723471986,0.535285937457393,-0.0116871618590941,-0.00397655861891512,-0.00397655861891512,0,0,0,0,0,0,0,0,0,0,1,2,0,1,785,1,0,1,0.001,0,0,-0.000139212654269638,0.000191350285981867,-8.09986688623532e-05,0,1,0,1
0.786,0.523598775598299,0.535169815630609,-0.0577536196088168,0.000511451324050854,0.535169815630609,0.535285937457393,-0.0116871618590941,-0.00411689339269714,-0.00411689339269714,0,0,0,0,0,0,0,0,0,0,1,2,0,0,0,0,1,2,0.002,0,0,-0.000138824456954345,3.18098710444352e-05,-2.270263017079e-05,0,1,0,1
0.787,0.523598775598299,0.535112213922175,-0.057453311242361,0.000472232132124845,0.535112213922175,0.535227723471986,-0.0116289478736868,-0.00409799518955086,-0.00409799518955086,0,0,0,0,0,0,0,0,0,0,1,3,0,1,786,2,0,2,0.002,0,0,-0.000138390379562758,3.15744376626868e-05,-2.28808297519922e-05,0,1,0,1
0.788,0.523598775598299,0.535054903306297,-0.057170229891009,0.000446586917703978,0.535054903306297,0.535169815630609,-0.0115710400323106,-0.00407927282878895,-0.00407927282878895,0,0,0,0,0,0,0,0,0,0,1,6,0,1,787,2,0,2,0.002,1,0,-0.000137924572416459,3.12350656912486e-05,-2.30122481040818e-05,0,1,0,1
0.789,0.523598775598299,0.534997869698648,-0.0568985230651004,0.000429637252237242,0.534997869698648,0.535169815630609,-0.0115710400323106,-0.00421554554203581,-0.00421554554203581,0,0,0,0,0,0,0,0,0,0,1,2,0,0,0,0,1,3,0.003,0,0,-0.000137440229954655,-0.000124027579311219,3.45057020070261e-05,0,1,0,1
0.79,0.523598775598299,0.534941098838951,-0.0566485826927109,0.000369202726372847,0.534941098838951,0.535112213922175,-0.0115134383238761,-0.00419434867143323,-0.00419434867143323,0,0,0,0,0,0,0,0,0,0,1,7,0,1,788,3,0,3,0.003,0,0,-0.000136950722778195,-0.000121748944255734,3.41643604453434e-05,0,1,0,1
0.791,0.523598775598299,0.534884564077356,-0.0564242155723786,0.000332566077518255,0.534884564077356,0.534997869698648,-0.0113990941003489,-0.004020088631249,-0.004020088631249,0,0,0,0,0,0,0,0,0,0,1,5,0,1,790,2,0,2,0.002,1,0,-0.000136481811317091,3.36644498993635e-05,-2.31761900251204e-05,0,1,0,1
0.792,0.523598775598299,0.534828250189244,-0.0562011922456092,0.000359642383380312,0.534828250189244,0.534997869698648,-0.0113990941003489,-0.0041545870513218,-0.0041545870513218,0,0,0,0,0,0,0,0,0,0,1,2,0,0,0,0,1,3,0.003,0,0,-0.000136047831057695,-0.000119609135263699,3.35716783463891e-05,0,1,0,1
0.793,0.523598775598299,0.53477216061219,-0.0559807965534978,0.000327971651896567,0.53477216061219,0.534997869698648,-0.0113990941003489,-0.0042864647061716,-0.0042864647061716,0,0,0,0,0,0,0,0,0,0,1,2,0,0,0,0,1,4,0.004,0,0,-0.000135644455622308,-0.000270190584703733,9.00646308353847e-05,0,1,0,1
0.794,0.523598775598299,0.534716279397148,-0.0557875725656899,0.00026121179078463,0.534716279397148,0.534828250189244,-0.0112294745909448,-0.00395991863970416,-0.00395991863970416,0,0,0,0,0,0,0,0,0,0,1,3,0,1,793,2,0,2,0.002,1,0,-0.000135286745621577,3.7722945407468e-05,-2.331595352556e-05,0,1,0,1
0.795,0.523598775598299,0.534660585942362,-0.055594256201358,0.000318866233015936,0.534660585942362,0.53477216061219,-0.0111733850138912,-0.00394197531544708,-0.00394197531544708,0,0,0,0,0,0,0,0,0,0,1,7,0,1,794,2,0,2,0.002,0,0,-0.000134994414775491,3.710487747835e-05,-2.34197449474616e-05,0,1,0,1
0.796,0.523598775598299,0.534605098980407,-0.0553764990342371,0.000354969616149792,0.534605098980407,0.53477216061219,-0.0111733850138912,-0.00407414805578799,-0.00407414805578799,0,0,0,0,0,0,0,0,0,0,1,6,0,0,0,0,1,3,0.003,0,1,-0.000134747842914229,-0.000113558226709429,3.23137888684766e-05,0,1,0,1
0.797,0.523598775598299,0.534549833212875,-0.0551573037114446,0.000329698624860572,0.534549833212875,0.534716279397148,-0.0111175037988488,-0.00405354683578304,-0.00405354683578304,0,0,0,0,0,0,0,0,0,0,1,2,0,1,795,3,0,3,0.003,1,0,-0.000134531441324026,-0.000111376459781376,3.19147429481692e-05,0,1,0,1
0.798,0.523598775598299,0.534494780895372,-0.0549486441413549,0.000315191828075807,0.534494780895372,0.534716279397148,-0.0111175037988488,-0.00418259375877159,-0.00418259375877159,0,0,0,0,0,0,0,0,0,0,1,4,0,0,0,0,1,4,0.004,0,0,-0.000134352067786447,-0.000258772044354205,8.71464339891048e-05,0,1,0,1
0.799,0.523598775598299,0.534439929245419,-0.0547595572298455,0.000260139892681834,0.534439929245419,0.534549833212875,-0.0109510576145766,-0.00386179411022313,-0.00386179411022313,0,0,0,0,0,0,0,0,0,0,1,1,0,1,798,2,0,2,0.002,0,0,-0.000134221618711017,4.37496131465917e-05,-2.43176512545462e-05,0,1,0,1
0.8,0.523598775598299,0.534385263721597,-0.0545659263737674,0.00032325055471972,0.534385263721597,0.534385263721597,-0.0107864881232982,-0.00354943922168445,-0.00354943922168445,0,0,0,0,0,0,0,0,0,0,1,0,0,1,801,0,0,0,0,1,0,-0.000134153750025678,0.000337897058567512,-0.000134153750025678,0,1,0,1
0.801,0.523598775598299,0.534330815563997,-0.0543186680155689,0.000455952281426699,0.534330815563997,0.534330815563997,-0.0107320399656982,-0.00353625296217077,-0.00353625296217077,0,0,0,0,0,0,0,0,0,0,1,0,0,1,802,0,0,0,0,0,0,-0.000134116336759749,0.000332946298664292,-0.000134116336759749,0,1,0,1
0.802,0.523598775598299,0.534276644669417,-0.0540161465252348,0.000535152918560896,0.534276644669417,0.534330815563997,-0.0107320399656982,-0.00366862722668754,-0.00366862722668754,0,0,0,0,0,0,0,0,0,0,1,3,0,0,0,0,1,1,0.001,2,1,-0.000134048597879688,0.00018250531260959,-7.98777032998688e-05,0,1,0,1
0.803,0.523598775598299,0.534222789323494,-0.0536946842359671,0.000534070244623991,0.534222789323494,0.534330815563997,-0.0107320399656982,-0.00379833970401408,-0.00379833970401408,0,0,0,0,0,0,0,0,0,0,1,1,0,0,0,0,1,2,0.002,0,0,-0.000133911364190165,3.47962842358399e-05,-2.5885123687619e-05,0,1,0,1
0.804,0.523598775598299,0.534169250168451,-0.0533880864842905,0.000484172840915132,0.534169250168451,0.534222789323494,-0.0106240137251956,-0.00363513496202474,-0.00363513496202474,0,0,0,0,0,0,0,0,0,0,1,5,0,1,804,1,0,1,0.001,0,0,-0.000133703110619332,0.000180074516742235,-8.01639555761957e-05,0,1,0,1
0.805,0.523598775598299,0.534116010504876,-0.0530900964848242,0.000497540889133059,0.534116010504876,0.534222789323494,-0.0106240137251956,-0.00376355568325732,-0.00376355568325732,0,0,0,0,0,0,0,0,0,0,1,1,0,0,0,0,1,2,0.002,0,1,-0.000133439654470324,3.37971971542221e-05,-2.66608358521214e-05,0,1,0,1
0.806,0.523598775598299,0.534063066967052,-0.0528005645548605,0.000457499211939687,0.534063066967052,0.534063066967052,-0.0104642913687529,-0.00346013934980013,-0.00346013934980013,0,0,0,0,0,0,0,0,0,0,1,0,0,1,807,0,0,0,0,1,0,-0.000133123480123953,0.000319426711462369,-0.000133123480123953,0,1,0,1
0.807,0.523598775598299,0.534010412589597,-0.0525025390168229,0.000521753192814174,0.534010412589597,0.534063066967052,-0.0104642913687529,-0.00358911991188251,-0.00358911991188251,0,0,0,0,0,0,0,0,0,0,1,4,0,0,0,0,1,1,0.001,0,0,-0.00013276067242729,0.000172728976059553,-8.01062949724596e-05,0,1,0,1
0.808,0.523598775598299,0.533958065972791,-0.0521915377543402,0.000512703799709436,0.533958065972791,0.534063066967052,-0.0104642913687529,-0.00371550817808536,-0.00371550817808536,0,0,0,0,0,0,0,0,0,0,1,3,0,0,0,0,1,2,0.002,0,0,-0.000132331751400039,2.8693047555612e-05,-2.73307571390102e-05,0,1,0,1
0.809,0.523598775598299,0.533906023402173,-0.0518983778177279,0.00045924438766519,0.533906023402173,0.534063066967052,-0.0104642913687529,-0.00383939183769768,-0.00383939183769768,0,0,0,0,0,0,0,0,0,0,1,3,0,0,0,0,1,3,0.003,0,1,-0.000131839552664159,-0.000112768899551075,2.52040122146191e-05,0,1,0,1
0.81,0.523598775598299,0.533854257028015,-0.05164143921022,0.000379826703368409,0.533854257028015,0.534063066967052,-0.0104642913687529,-0.00396085561375316,-0.00396085561375316,0,0,0,0,0,0,0,0,0,0,1,3,0,0,0,0,1,4,0.004,0,0,-0.00013131104800157,-0.000251741725886177,7.74988910349217e-05,0,1,0,1
0.811,0.523598775598299,0.533802724883044,-0.0514311724293551,0.000286192281140935,0.533802724883044,0.533958065972791,-0.0103592903744919,-0.00379776693929319,-0.00379776693929319,0,0,0,0,0,0,0,0,0,0,1,8,0,1,809,3,0,3,0.003,1,0,-0.000130787327660031,-0.00010609300343568,2.45537620863212e-05,0,1,0,1
0.812,0.523598775598299,0.533751386185679,-0.0512472229797033,0.000275172534854969,0.533751386185679,0.533906023402173,-0.0103072478038742,-0.0037784166353531,-0.0037784166353531,0,0,0,0,0,0,0,0,0,0,1,3,0,1,810,3,0,3,0.003,0,0,-0.000130308297144888,-0.000104113693507518,2.43289193493368e-05,0,1,0,1
0.813,0.523598775598299,0.533700229007364,-0.0510676253945428,0.000269892067115389,0.533700229007364,0.533854257028015,-0.0102554814297164,-0.00375929829472127,-0.00375929829472127,0,0,0,0,0,0,0,0,0,0,1,1,0,1,811,3,0,3,0.003,0,0,-0.000129885009911068,-0.000102297530465787,2.41430107397189e-05,0,1,0,1
0.814,0.523598775598299,0.533649250311629,-0.0508899429166088,0.000268164000071828,0.533649250311629,0.533700229007364,-0.0101014534090657,-0.00346481661398325,-0.00346481661398325,0,0,0,0,0,0,0,0,0,0,1,8,0,1,814,1,0,1,0.001,0,0,-0.000129519628337627,0.00017495064625106,-7.85409326018449e-05,0,1,0,1
0.815,0.523598775598299,0.533598457711391,-0.0506875143828278,0.000355890441839138,0.533598457711391,0.533700229007364,-0.0101014534090657,-0.00358738165945731,-0.00358738165945731,0,0,0,0,0,0,0,0,0,0,1,1,0,0,0,0,1,2,0.002,0,1,-0.000129203666443534,3.52206262182395e-05,-2.74323704697599e-05,0,1,0,1
0.816,0.523598775598299,0.53354788311025,-0.0504608517184086,0.000365673377249624,0.53354788311025,0.533598457711391,-0.00999968211309188,-0.00343397616440706,-0.00343397616440706,0,0,0,0,0,0,0,0,0,0,1,7,0,1,816,1,0,1,0.001,0,0,-0.000128904348626002,0.000171529530836656,-7.83297474857836e-05,0,1,0,1
0.817,0.523598775598299,0.533497541609312,-0.0502178561594102,0.000414519838987453,0.533497541609312,0.533598457711391,-0.00999968211309188,-0.00355529703957315,-0.00355529703957315,0,0,0,0,0,0,0,0,0,0,1,5,0,0,0,0,1,2,0.002,0,0,-0.000128605702863438,3.31803028245439e-05,-2.76896007845862e-05,0,1,0,1
0.818,0.523598775598299,0.53344744972145,-0.0499672521989166,0.000399853003011683,0.53344744972145,0.533598457711391,-0.00999968211309188,-0.00367420610336222,-0.00367420610336222,0,0,0,0,0,0,0,0,0,0,1,4,0,0,0,0,1,3,0.003,0,0,-0.00012829034647388,-0.000102689023947642,2.27176434668408e-05,0,1,0,1
0.819,0.523598775598299,0.5333976006096,-0.0497356969962596,0.000346851925575297,0.5333976006096,0.533598457711391,-0.00999968211309188,-0.00379078493983516,-0.00379078493983516,0,0,0,0,0,0,0,0,0,0,1,4,0,0,0,0,1,4,0.004,0,1,-0.000127964247851664,-0.000236160182421934,7.28928539387441e-05,0,1,0,1
0.82,0.523598775598299,0.533347966601633,-0.0495390115234297,0.000271589683815107,0.533347966601633,0.533347966601633,-0.0097491910033346,-0.00323185966010485,-0.00323185966010485,0,0,0,0,0,0,0,0,0,0,1,0,0,1,821,0,0,0,0,0,0,-0.000127654211617867,0.000305940566273488,-0.000127654211617867,0,1,0,1
0.821,0.523598775598299,0.533298529216083,-0.0493246304492012,0.000397561621895693,0.533298529216083,0.533298529216083,-0.00969975361778463,-0.00321986714037351,-0.00321986714037351,0,0,0,0,0,0,0,0,0,0,1,0,0,1,822,0,0,0,0,0,0,-0.000127377852916166,0.000301176194808139,-0.000127377852916166,0,1,0,1
0.822,0.523598775598299,0.533249334736257,-0.0490576746826823,0.000473094618228844,0.533249334736257,0.533298529216083,-0.00969975361778463,-0.00334003257117218,-0.00334003257117218,0,0,0,0,0,0,0,0,0,0,1,5,0,0,0,0,1,1,0.001,2,1,-0.000127088023328947,0.000164321360434021,-7.78935435021832e-05,0,1,0,1
0.823,0.523598775598299,0.533200419890143,-0.0487719283067614,0.000474533834726433,0.533200419890143,0.533200419890143,-0.00960164429184451,-0.00319408304959104,-0.00319408304959104,0,0,0,0,0,0,0,0,0,0,1,0,0,1,824,0,0,0,0,2,0,-0.000126747130988925,0.000293648812776066,-0.000126747130988925,0,1,0,1
0.824,0.523598775598299,0.533151794918004,-0.0484745237342918,0.0005144105914016,0.533151794918004,0.533200419890143,-0.00960164429184451,-0.00331290263872995,-0.00331290263872995,0,0,0,0,0,0,0,0,0,0,1,1,0,0,0,0,1,1,0.001,0,0,-0.000126344073016371,0.000158274334404965,-7.77191008772826e-05,0,1,0,1
0.825,0.523598775598299,0.533103471843505,-0.0481735032150058,0.000493663297225736,0.533103471843505,0.533151794918004,-0.00955301931970542,-0.00329863682975684,-0.00329863682975684,0,0,0,0,0,0,0,0,0,0,1,4,0,1,825,1,0,1,0.001,0,0,-0.00012586596440789,0.000156052278799976,-7.75428899086883e-05,0,1,0,1
0.826,0.523598775598299,0.533055444642226,-0.0478823391574298,0.000477847675193792,0.533055444642226,0.533151794918004,-0.00955301931970542,-0.00341444290362466,-0.00341444290362466,0,0,0,0,0,0,0,0,0,0,1,3,0,0,0,0,1,2,0.002,0,0,-0.000125317969549066,2.38252086539013e-05,-2.89676937711425e-05,0,1,0,1
0.827,0.523598775598299,0.533007700496805,-0.0476107488147063,0.000424098346036328,0.533007700496805,0.533151794918004,-0.00955301931970542,-0.0035279481326331,-0.0035279481326331,0,0,0,0,0,0,0,0,0,0,1,3,0,0,0,0,1,3,0.003,0,1,-0.000124712047095965,-0.000106034305666521,1.93823741034826e-05,0,1,0,1
0.828,0.523598775598299,0.532960211302169,-0.0473743825432126,0.000348337193762032,0.532960211302169,0.533151794918004,-0.00955301931970542,-0.00363923034719165,-0.00363923034719165,0,0,0,0,0,0,0,0,0,0,1,5,0,0,0,0,1,4,0.004,0,0,-0.000124075444760785,-0.000233604252864117,6.75081710743708e-05,0,1,0,1
0.829,0.523598775598299,0.532912936980187,-0.0471820504860445,0.000260689100041583,0.532912936980187,0.533055444642226,-0.0094566690439275,-0.00348940112484668,-0.00348940112484668,0,0,0,0,0,0,0,0,0,0,1,7,0,1,827,3,0,3,0.003,1,0,-0.00012344738468606,-9.99963697170952e-05,1.90602773529891e-05,0,1,0,1
0.83,0.523598775598299,0.532865839169633,-0.0470145760946758,0.000249590321922108,0.532865839169633,0.532865839169633,-0.00926706357133467,-0.0030902096927148,-0.0030902096927148,0,0,0,0,0,0,0,0,0,0,1,0,0,1,831,0,0,0,0,1,0,-0.000122865373500036,0.000283039956510078,-0.000122865373500036,0,1,0,1
0.831,0.523598775598299,0.532818918449058,-0.0468166687900071,0.00036500536140583,0.532818918449058,0.532865839169633,-0.00926706357133467,-0.00320509970851934,-0.00320509970851934,0,0,0,0,0,0,0,0,0,0,1,7,0,0,0,0,1,1,0.001,0,0,-0.000122327979466874,0.000152060907048154,-7.54072588911026e-05,0,1,0,1
0.832,0.523598775598299,0.53277221778337,-0.0465820996830588,0.000394294983173738,0.53277221778337,0.53277221778337,-0.00917344218507088,-0.00306604237962297,-0.00306604237962297,0,0,0,0,0,0,0,0,0,0,1,0,0,1,833,0,0,0,0,0,0,-0.00012179138592372,0.000275095112611753,-0.00012179138592372,0,1,0,1
0.833,0.523598775598299,0.532725762101101,-0.0463243347952004,0.000450344874196902,0.532725762101101,0.53277221778337,-0.00917344218507088,-0.00317963705457035,-0.00317963705457035,0,0,0,0,0,0,0,0,0,0,1,3,0,0,0,0,1,1,0.001,0,1,-0.000121229814038615,0.00014554306187696,-7.4774131770261e-05,0,1,0,1
0.834,0.523598775598299,0.532679572647904,-0.0460553322183319,0.000442163907426727,0.532679572647904,0.53277221778337,-0.00917344218507088,-0.0032909414592668,-0.0032909414592668,0,0,0,0,0,0,0,0,0,0,1,8,0,0,0,0,1,2,0.002,0,0,-0.000120621169332868,1.83468653211921e-05,-2.79760338669499e-05,0,1,0,1
0.835,0.523598775598299,0.532633646037944,-0.0458020921075952,0.000395078708756009,0.532633646037944,0.53277221778337,-0.00917344218507088,-0.00340003306641576,-0.00340003306641576,0,0,0,0,0,0,0,0,0,0,1,5,0,0,0,0,1,3,0.003,0,0,-0.000119967990305003,-0.000106571114192947,1.86037551210827e-05,0,1,0,1
0.836,0.523598775598299,0.532587957742129,-0.0455807130142959,0.000325262741769673,0.532587957742129,0.532725762101101,-0.00912698650280253,-0.00338212635213087,-0.00338212635213087,0,0,0,0,0,0,0,0,0,0,1,3,0,1,834,3,0,3,0.003,1,0,-0.000119293960223033,-0.000104425518012239,1.85103987491164e-05,0,1,0,1
0.837,0.523598775598299,0.532542474819072,-0.0453889410442806,0.000282560719552696,0.532542474819072,0.532725762101101,-0.00912698650280253,-0.00348863338159694,-0.00348863338159694,0,0,0,0,0,0,0,0,0,0,1,1,0,0,0,0,1,4,0.004,0,0,-0.000118631176181716,-0.000226628577334093,6.46561058471606e-05,0,1,0,1
0.838,0.523598775598299,0.532497170000489,-0.0452264534729923,0.000217805638581352,0.532497170000489,0.532542474819072,-0.00894369922077365,-0.00310045512859313,-0.00310045512859313,0,0,0,0,0,0,0,0,0,0,1,5,0,1,838,1,0,1,0.001,1,0,-0.000118006063721032,0.000145918567288867,-7.27012451374742e-05,0,1,0,1
0.839,0.523598775598299,0.532452024701282,-0.0450571538730029,0.000296990701296365,0.532452024701282,0.532542474819072,-0.00894369922077365,-0.00320930264214058,-0.00320930264214058,0,0,0,0,0,0,0,0,0,0,1,4,0,0,0,0,1,2,0.002,0,1,-0.000117436366760093,2.1504699320371e-05,-2.69862489696848e-05,0,1,0,1
0.84,0.523598775598299,0.532407062851105,-0.0448657097840213,0.000306726280138714,0.532407062851105,0.532542474819072,-0.00894369922077365,-0.00331598159116664,-0.00331598159116664,0,0,0,0,0,0,0,0,0,0,1,5,0,0,0,0,1,3,0.003,0,1,-0.000116897316053466,-0.000100676018406212,1.85146519142698e-05,0,1,0,1
0.841,0.523598775598299,0.532362290744435,-0.0446814228287501,0.000274046061350144,0.532362290744435,0.532542474819072,-0.00894369922077365,-0.00342056533144932,-0.00342056533144932,0,0,0,0,0,0,0,0,0,0,1,6,0,0,0,0,1,4,0.004,0,0,-0.000116381779132424,-0.000220697110614156,6.38022955047335e-05,0,1,0,1
0.842,0.523598775598299,0.532317691627466,-0.0445219535468878,0.000216228788279988,0.532317691627466,0.532542474819072,-0.00894369922077365,-0.00352312473736931,-0.00352312473736931,0,0,0,0,0,0,0,0,0,0,1,2,0,0,0,0,1,5,0.005,0,1,-0.000115905673433891,-0.000338629621316627,0.000108877518172235,0,1,0,1
0.843,0.523598775598299,0.532273235078892,-0.0443975327108965,0.000144283624467017,0.532273235078892,0.532452024701282,-0.00885324910298324,-0.00338062270309138,-0.00338062270309138,0,0,0,0,0,0,0,0,0,0,1,6,0,1,840,4,0,4,0.004,1,0,-0.000115498585529616,-0.000211436614981637,6.32910368606465e-05,0,1,0,1
0.844,0.523598775598299,0.532228890678151,-0.0442914672463348,0.000142203089284693,0.532228890678151,0.532317691627466,-0.00871891602916752,-0.00312143760346262,-0.00312143760346262,0,0,0,0,0,0,0,0,0,0,1,4,0,1,843,2,0,2,0.002,0,0,-0.000115190102899621,3.25033625885422e-05,-2.63891535839944e-05,0,1,0,1
0.845,0.523598775598299,0.532184659763858,-0.0441634569966579,0.000220346629117631,0.532184659763858,0.532317691627466,-0.00871891602916752,-0.00322603750173371,-0.00322603750173371,0,0,0,0,0,0,0,0,0,0,1,4,0,0,0,0,1,3,0.003,0,1,-0.000114978055516746,-8.72779234479711e-05,1.80538080911674e-05,0,1,0,1
0.846,0.523598775598299,0.53214057102409,-0.0440130250346901,0.000231835779121763,0.53214057102409,0.532317691627466,-0.00871891602916752,-0.00332857448239244,-0.00332857448239244,0,0,0,0,0,0,0,0,0,0,1,3,0,0,0,0,1,4,0.004,0,0,-0.0001148329255799,-0.000204932729788533,6.22876777969239e-05,0,1,0,1
0.847,0.523598775598299,0.532096631664525,-0.0438683046878301,0.000202580795804853,0.532096631664525,0.532317691627466,-0.00871891602916752,-0.00342911832751119,-0.00342911832751119,0,0,0,0,0,0,0,0,0,0,1,6,0,0,0,0,1,5,0.005,0,1,-0.00011474667938316,-0.000320531011315749,0.000106313283558479,0,1,0,1
0.848,0.523598775598299,0.532052826751145,-0.0437462715234518,0.000149143793057022,0.532052826751145,0.532228890678151,-0.0086301150798519,-0.00328906339707899,-0.00328906339707899,0,0,0,0,0,0,0,0,0,0,1,3,0,1,845,4,0,4,0.004,0,0,-0.000114733424636748,-0.000195467301414832,6.13305023694499e-05,0,1,0,1
0.849,0.523598775598299,0.532009135752728,-0.0436349836001303,0.000157685851620906,0.532009135752728,0.532009135752728,-0.00841036015442898,-0.00279827357392825,-0.00279827357392825,0,0,0,0,0,0,0,0,0,0,1,0,0,1,850,0,0,0,0,3,0,-0.000114812867984204,0.000280394343117624,-0.000114812867984204,0,1,0,1
0.85,0.523598775598299,0.531965573200548,-0.0434761574277594,0.000315572067974861,0.531965573200548,0.531965573200548,-0.00836679760224923,-0.0027867826209681,-0.0027867826209681,0,0,0,0,0,0,0,0,0,0,1,0,0,1,851,0,0,0,0,0,0,-0.000114969655320651,0.000277019984856231,-0.000114969655320651,0,1,0,1
0.851,0.523598775598299,0.531922205428393,-0.043250884640146,0.000411902882987165,0.531922205428393,0.531965573200548,-0.00836679760224923,-0.00289174551628316,-0.00289174551628316,0,0,0,0,0,0,0,0,0,0,1,7,0,0,0,0,1,1,0.001,0,1,-0.000115136631787638,0.000157254470663802,-7.17688596326704e-05,0,1,0,1
0.852,0.523598775598299,0.531879080955404,-0.0429963194183998,0.000431953796340246,0.531879080955404,0.531965573200548,-0.00836679760224923,-0.00299457363122733,-0.00299457363122733,0,0,0,0,0,0,0,0,0,0,1,4,0,0,0,0,1,2,0.002,0,0,-0.00011526445894805,3.96862536134607e-05,-2.87722138042623e-05,0,1,0,1
0.853,0.523598775598299,0.531836211643093,-0.042744707399855,0.000405213108490306,0.531836211643093,0.531965573200548,-0.00836679760224923,-0.0030953391787661,-0.0030953391787661,0,0,0,0,0,0,0,0,0,0,1,5,0,0,0,0,1,3,0.003,0,1,-0.000115340457783275,-7.57570553379765e-05,1.4021099671413e-05,0,1,0,1
0.854,0.523598775598299,0.531793583929524,-0.0425155931756786,0.000350538097602268,0.531793583929524,0.531965573200548,-0.00836679760224923,-0.00319411192912545,-0.00319411192912545,0,0,0,0,0,0,0,0,0,0,1,1,0,0,0,0,1,4,0.004,0,0,-0.000115377374525938,-0.000189145402983069,5.66118964985263e-05,0,1,0,1
0.855,0.523598775598299,0.531751169067015,-0.0423204099591026,0.000279952948826124,0.531751169067015,0.531793583929524,-0.00819480833122477,-0.0028286984023129,-0.0028286984023129,0,0,0,0,0,0,0,0,0,0,1,1,0,1,855,1,0,1,0.001,0,0,-0.000115403142967985,0.000161714513629611,-7.29882804589854e-05,0,1,0,1
0.856,0.523598775598299,0.531708944274705,-0.0421232157550963,0.000347527033603998,0.531708944274705,0.531751169067015,-0.00815239346871577,-0.00281567964222641,-0.00281567964222641,0,0,0,0,0,0,0,0,0,0,1,3,0,1,856,1,0,1,0.001,1,0,-0.000115439731911859,0.000160241473102233,-7.32149396018844e-05,0,1,0,1
0.857,0.523598775598299,0.531666931950802,-0.0418978730643857,0.000388048514309472,0.531666931950802,0.531751169067015,-0.00815239346871577,-0.00291610960355165,-0.00291610960355165,0,0,0,0,0,0,0,0,0,0,1,6,0,0,0,0,1,2,0.002,0,0,-0.000115463932931936,4.53813428045215e-05,-3.12268167189655e-05,0,1,0,1
0.858,0.523598775598299,0.531625150397997,-0.0416663885261875,0.000375347209942336,0.531625150397997,0.531625150397997,-0.00802637479969814,-0.00267581755972858,-0.00267581755972858,0,0,0,0,0,0,0,0,0,0,1,0,0,1,859,0,0,0,0,2,0,-0.000115456634973921,0.000271304670923272,-0.000115456634973921,0,1,0,1
0.859,0.523598775598299,0.531583604369132,-0.0414201684630857,0.000437822670254067,0.531583604369132,0.531625150397997,-0.00802637479969814,-0.00277667210821633,-0.00277667210821633,0,0,0,0,0,0,0,0,0,0,1,3,0,0,0,0,1,1,0.001,0,1,-0.000115412278700378,0.000156142681211353,-7.38662498354081e-05,0,1,0,1
0.86,0.523598775598299,0.531542314927574,-0.0411587422535385,0.000437906033155502,0.531542314927574,0.531625150397997,-0.00802637479969814,-0.00287547324427435,-0.00287547324427435,0,0,0,0,0,0,0,0,0,0,1,2,0,0,0,0,1,2,0.002,0,0,-0.000115308996126107,4.30951992198281e-05,-3.24735257034581e-05,0,1,0,1
0.861,0.523598775598299,0.531501283056876,-0.0409083869456185,0.0004000359430872,0.531501283056876,0.531625150397997,-0.00802637479969814,-0.00297229042844434,-0.00297229042844434,0,0,0,0,0,0,0,0,0,0,1,7,0,0,0,0,1,3,0.003,0,0,-0.000115145000972317,-6.79074151686901e-05,8.72234014881457e-06,0,1,0,1
0.862,0.523598775598299,0.531460489115895,-0.0406848579413035,0.000339826143792575,0.531460489115895,0.531542314927574,-0.0079435393292755,-0.00284455131242798,-0.00284455131242798,0,0,0,0,0,0,0,0,0,0,1,5,0,1,861,2,0,2,0.002,1,0,-0.000114939133555758,4.57070063960979e-05,-3.311332187661e-05,0,1,0,1
0.863,0.523598775598299,0.531419908359212,-0.0404768674317544,0.000337746828093618,0.531419908359212,0.531542314927574,-0.0079435393292755,-0.002940486494301,-0.002940486494301,0,0,0,0,0,0,0,0,0,0,1,6,0,0,0,0,1,3,0.003,0,1,-0.000114715340385318,-6.429231446883e-05,7.69122797694699e-06,0,1,0,1
0.864,0.523598775598299,0.531379531487648,-0.0402801733403168,0.000300813561081458,0.531379531487648,0.531542314927574,-0.0079435393292755,-0.00303452065358289,-0.00303452065358289,0,0,0,0,0,0,0,0,0,0,1,8,0,0,0,0,1,4,0.004,0,0,-0.000114482123653281,-0.000172330237934705,4.83013162734247e-05,0,1,0,1
0.865,0.523598775598299,0.531339339340177,-0.0401092281642815,0.000243418648756287,0.531339339340177,0.531542314927574,-0.0079435393292755,-0.00312671809594214,-0.00312671809594214,0,0,0,0,0,0,0,0,0,0,1,7,0,0,0,0,1,5,0.005,0,0,-0.000114257849332722,-0.000278471250654524,8.87177380645143e-05,0,1,0,1
0.866,0.523598775598299,0.531299301628372,-0.0399722983226133,0.000174723957734322,0.531299301628372,0.531542314927574,-0.0079435393292755,-0.00321714095178689,-0.00321714095178689,0,0,0,0,0,0,0,0,0,0,1,2,0,0,0,0,1,6,0.006,0,0,-0.000114072012746935,-0.000382777664338523,0.000128941286455686,0,1,0,1
0.867,0.523598775598299,0.53125938191073,-0.0398737216730457,0.000100531387537111,0.53125938191073,0.53125938191073,-0.00766060631243093,-0.00254540141825405,-0.00254540141825405,0,0,0,0,0,0,0,0,0,0,1,0,0,1,868,0,0,0,0,1,0,-0.000113960264248147,0.000275138142268368,-0.000113960264248147,0,1,0,1
0.868,0.523598775598299,0.531219564800894,-0.039745913703682,0.000265381428459271,0.531219564800894,0.53125938191073,-0.00766060631243093,-0.00264231345006327,-0.00264231345006327,0,0,0,0,0,0,0,0,0,0,1,8,0,0,0,0,1,1,0.001,1,1,-0.000113937201010494,0.00016446203254581,-7.41200911745787e-05,0,1,0,1
0.869,0.523598775598299,0.531179909702045,-0.039558370896453,0.000332423744387139,0.531179909702045,0.531179909702045,-0.0075811341037465,-0.00252364362252338,-0.00252364362252338,0,0,0,0,0,0,0,0,0,0,1,0,0,1,870,0,0,0,0,1,0,-0.000113942632645636,0.000269427249005031,-0.000113942632645636,0,1,0,1
0.87,0.523598775598299,0.531140460668876,-0.0393331792186792,0.000406332266719205,0.531140460668876,0.531179909702045,-0.0075811341037465,-0.00261942843984548,-0.00261942843984548,0,0,0,0,0,0,0,0,0,0,1,1,0,0,0,0,1,1,0.001,0,0,-0.000113931719240679,0.000159997104986879,-7.44826860709091e-05,0,1,0,1
0.871,0.523598775598299,0.531101250025385,-0.0390873235278393,0.000415557746819632,0.531101250025385,0.531140460668876,-0.00754168507057673,-0.00260722760840349,-0.00260722760840349,0,0,0,0,0,0,0,0,0,0,1,3,0,1,871,1,0,1,0.001,0,0,-0.000113871353568773,0.000158611711414455,-7.46607100781116e-05,0,1,0,1
0.872,0.523598775598299,0.531062287025669,-0.0388384180016507,0.000418845520609228,0.531062287025669,0.531140460668876,-0.00754168507057673,-0.00270053892218317,-0.00270053892218317,0,0,0,0,0,0,0,0,0,0,1,1,0,0,0,0,1,2,0.002,1,1,-0.000113751500311898,5.17730913573849e-05,-3.55778571058396e-05,0,1,0,1
0.873,0.523598775598299,0.531023570017226,-0.0385986292812042,0.000384994578575574,0.531023570017226,0.531062287025669,-0.00746351142737067,-0.00258186024908111,-0.00258186024908111,0,0,0,0,0,0,0,0,0,0,1,6,0,1,873,1,0,1,0.001,0,0,-0.000113573032764269,0.000156983193743746,-7.48560243212237e-05,0,1,0,1
0.874,0.523598775598299,0.530985088137275,-0.0383642067331438,0.000395779472096663,0.530985088137275,0.531062287025669,-0.00746351142737067,-0.00267419900919752,-0.00267419900919752,0,0,0,0,0,0,0,0,0,0,1,7,0,0,0,0,1,2,0.002,0,1,-0.000113346036519135,5.12344150782468e-05,-3.61471481249431e-05,0,1,0,1
0.875,0.523598775598299,0.530946839549442,-0.0381355312891871,0.000367195932222861,0.530946839549442,0.531062287025669,-0.00746351142737067,-0.00276467717456546,-0.00276467717456546,0,0,0,0,0,0,0,0,0,0,1,5,0,0,0,0,1,3,0.003,0,0,-0.000113071572794166,-5.25954002730707e-05,2.37590343332705e-06,0,1,0,1
0.876,0.523598775598299,0.530908809594197,-0.0379290094854969,0.000315231980080433,0.530908809594197,0.531062287025669,-0.00746351142737067,-0.0028533576833055,-0.0028533576833055,0,0,0,0,0,0,0,0,0,0,1,2,0,0,0,0,1,4,0.004,0,1,-0.000112763528001714,-0.000154569374227007,4.07139034712678e-05,0,1,0,1
0.877,0.523598775598299,0.530870970900504,-0.0377541723334184,0.000250076884270038,0.530870970900504,0.531062287025669,-0.00746351142737067,-0.00294030134453778,-0.00294030134453778,0,0,0,0,0,0,0,0,0,0,1,7,0,0,0,0,1,5,0.005,0,0,-0.0001124485021059,-0.000254748499883679,7.88676230597529e-05,0,1,0,1
0.878,0.523598775598299,0.530833288917881,-0.0376161782906682,0.000178194341479051,0.530833288917881,0.530908809594197,-0.00731003399589769,-0.00261306086475034,-0.00261306086475034,0,0,0,0,0,0,0,0,0,0,1,2,0,1,877,2,0,2,0.002,0,0,-0.000112160276572904,5.93143321155065e-05,-3.66396002576819e-05,0,1,0,1
0.879,0.523598775598299,0.530795738476204,-0.037479751171666,0.000234329987148236,0.530795738476204,0.530908809594197,-0.00731003399589769,-0.00270205383063984,-0.00270205383063984,0,0,0,0,0,0,0,0,0,0,1,3,0,0,0,0,1,3,0.003,0,1,-0.000111923254573543,-4.27986492398252e-05,1.14786341876005e-06,0,1,0,1
0.88,0.523598775598299,0.5307583340712,-0.0373288364457604,0.000237068804724033,0.5307583340712,0.530833288917881,-0.00723451331958247,-0.00258629414834488,-0.00258629414834488,0,0,0,0,0,0,0,0,0,0,1,2,0,1,879,2,0,2,0.002,1,0,-0.000111722175496598,5.9898465447638e-05,-3.67673288150794e-05,0,1,0,1
0.881,0.523598775598299,0.530721084436239,-0.0371673970686695,0.000271593805723736,0.530721084436239,0.530833288917881,-0.00723451331958247,-0.00267443224346465,-0.00267443224346465,0,0,0,0,0,0,0,0,0,0,1,1,0,0,0,0,1,3,0.003,0,1,-0.000111547543163781,-4.12449340255507e-05,6.56938478504898e-07,0,1,0,1
0.882,0.523598775598299,0.530684000871951,-0.0370007158808664,0.000260732035088471,0.530684000871951,0.530721084436239,-0.00712230883794018,-0.00245923762913921,-0.00245923762913921,0,0,0,0,0,0,0,0,0,0,1,6,0,1,882,1,0,1,0.001,2,0,-0.00011138729622262,0.000161001454468093,-7.43037319350659e-05,0,1,0,1
0.883,0.523598775598299,0.530647087839801,-0.0368202978530181,0.000318025606467375,0.530647087839801,0.530721084436239,-0.00712230883794018,-0.00254783102504705,-0.00254783102504705,0,0,0,0,0,0,0,0,0,0,1,7,0,0,0,0,1,2,0.002,0,0,-0.000111236214576871,5.95167263989435e-05,-3.72396181390622e-05,0,1,0,1
0.884,0.523598775598299,0.530610364986247,-0.0366252174480543,0.000320485857850706,0.530610364986247,0.530721084436239,-0.00712230883794018,-0.00263463278362547,-0.00263463278362547,0,0,0,0,0,0,0,0,0,0,1,6,0,0,0,0,1,3,0.003,0,1,-0.000111073895233571,-4.01196556285809e-05,-3.54445241490531e-07,0,1,0,1
0.885,0.523598775598299,0.530573834470003,-0.0364385797969243,0.000289553687934455,0.530573834470003,0.530721084436239,-0.00712230883794018,-0.00271970351038052,-0.00271970351038052,0,0,0,0,0,0,0,0,0,0,1,2,0,0,0,0,1,4,0.004,0,0,-0.000110897425047995,-0.000137968482176617,3.63525411879451e-05,0,1,0,1
0.886,0.523598775598299,0.530537480303824,-0.0362742585736218,0.000238929000248303,0.530537480303824,0.530721084436239,-0.00712230883794018,-0.00280310176072288,-0.00280310176072288,0,0,0,0,0,0,0,0,0,0,1,2,0,0,0,0,1,5,0.005,0,0,-0.000110722038945799,-0.00023408849379981,7.28820934693397e-05,0,1,0,1
0.887,0.523598775598299,0.530501275792333,-0.0361402378102193,0.000177336683495858,0.530501275792333,0.530573834470003,-0.00697505887170424,-0.00248911581484455,-0.00248911581484455,0,0,0,0,0,0,0,0,0,0,1,6,0,1,886,2,0,2,0.002,0,0,-0.000110573682099768,6.7231844088949e-05,-3.80150044297922e-05,0,1,0,1
0.888,0.523598775598299,0.530465200789801,-0.0360046179292625,0.000235677547237477,0.530465200789801,0.530537480303824,-0.00693870470552505,-0.00247675840609541,-0.00247675840609541,0,0,0,0,0,0,0,0,0,0,1,5,0,1,887,2,0,2,0.002,1,0,-0.000110471752158281,6.69796128508482e-05,-3.81922381355038e-05,0,1,0,1
0.889,0.523598775598299,0.530429274728835,-0.0358443176662482,0.000271893535581046,0.530429274728835,0.530537480303824,-0.00693870470552505,-0.00256167123303927,-0.00256167123303927,0,0,0,0,0,0,0,0,0,0,1,4,0,0,0,0,1,3,0.003,0,0,-0.000110396070561403,-3.04870714238244e-05,-2.19049557248496e-06,0,1,0,1
0.89,0.523598775598299,0.530393514090776,-0.035677758010694,0.000263118153091683,0.530393514090776,0.530393514090776,-0.00679473849247703,-0.00225794340693264,-0.00225794340693264,0,0,0,0,0,0,0,0,0,0,1,0,0,1,891,0,0,0,0,2,0,-0.000110329412148502,0.000260742494613622,-0.000110329412148502,0,1,0,1
0.891,0.523598775598299,0.53035792714087,-0.0354884948325963,0.000349738496944388,0.53035792714087,0.530393514090776,-0.00679473849247703,-0.00234453453346709,-0.00234453453346709,0,0,0,0,0,0,0,0,0,0,1,5,0,0,0,0,1,1,0.001,0,0,-0.000110262769992597,0.000161708519838499,-7.46758200872444e-05,0,1,0,1
0.892,0.523598775598299,0.530322545947979,-0.0352720744977367,0.000370573270459151,0.530322545947979,0.530393514090776,-0.00679473849247703,-0.00242934632340581,-0.00242934632340581,0,0,0,0,0,0,0,0,0,0,1,7,0,0,0,0,1,2,0.002,0,0,-0.000110163335697688,6.45091080243472e-05,-3.91951929004097e-05,0,1,0,1
0.893,0.523598775598299,0.530287382629043,-0.0350563271374638,0.000350986314155362,0.530287382629043,0.530287382629043,-0.00668860703074403,-0.00222718614964906,-0.00222718614964906,0,0,0,0,0,0,0,0,0,0,1,0,0,1,894,0,0,0,0,3,0,-0.000110018254934174,0.000254336700788216,-0.000110018254934174,0,1,0,1
0.894,0.523598775598299,0.530252436363594,-0.0348321082781677,0.000397563134550627,0.530252436363594,0.530287382629043,-0.00668860703074403,-0.00231231650921455,-0.00231231650921455,0,0,0,0,0,0,0,0,0,0,1,5,0,0,0,0,1,1,0.001,0,0,-0.000109827612937985,0.000156928615617537,-7.48813474894527e-05,0,1,0,1
0.895,0.523598775598299,0.530217721615081,-0.0345977847622527,0.000393446168079656,0.530217721615081,0.530287382629043,-0.00668860703074403,-0.00239569898634803,-0.00239569898634803,0,0,0,0,0,0,0,0,0,0,1,4,0,0,0,0,1,2,0.002,0,0,-0.00010957621318719,6.13230827706361e-05,-3.99151992253044e-05,0,1,0,1
0.896,0.523598775598299,0.530183236941213,-0.0343746815846085,0.000358574081761525,0.530183236941213,0.530287382629043,-0.00668860703074403,-0.00247739270646376,-0.00247739270646376,0,0,0,0,0,0,0,0,0,0,1,3,0,0,0,0,1,3,0.003,0,1,-0.000109264767060635,-3.25392086572666e-05,-5.11907923061994e-06,0,1,0,1
0.897,0.523598775598299,0.530148964185868,-0.0341755406127139,0.000305681948700493,0.530148964185868,0.530287382629043,-0.00668860703074403,-0.00255745479494751,-0.00255745479494751,0,0,0,0,0,0,0,0,0,0,1,4,0,0,0,0,1,4,0.004,0,0,-0.000108910701936527,-0.000124715569526866,2.95077412379996e-05,0,1,0,1
0.898,0.523598775598299,0.530114875393136,-0.0340076303357925,0.000242875424555066,0.530114875393136,0.530287382629043,-0.00668860703074403,-0.00263594044481135,-0.00263594044481135,0,0,0,0,0,0,0,0,0,0,1,3,0,0,0,0,1,5,0.005,0,0,-0.000108541247154315,-0.000215261378301169,6.39659887521349e-05,0,1,0,1
0.899,0.523598775598299,0.530080937208193,-0.0338747439584801,0.000175286336203569,0.530080937208193,0.530080937208193,-0.00648216160989412,-0.00215803323098401,-0.00215803323098401,0,0,0,0,0,0,0,0,0,0,1,0,0,1,900,0,0,0,0,4,0,-0.00010818903314247,0.000250639604672774,-0.00010818903314247,0,1,0,1
0.9,0.523598775598299,0.530047131217915,-0.0337278122163468,0.000281909758958938,0.530047131217915,0.530080937208193,-0.00648216160989412,-0.0022407188574175,-0.0022407188574175,0,0,0,0,0,0,0,0,0,0,1,2,0,0,0,0,1,1,0.001,0,0,-0.000107871750807842,0.000156001490064171,-7.40657605295958e-05,0,1,0,1
0.901,0.523598775598299,0.530013493464666,-0.0335445835192343,0.00031730714449341,0.530013493464666,0.530080937208193,-0.00648216160989412,-0.0023217043654698,-0.0023217043654698,0,0,0,0,0,0,0,0,0,0,1,4,0,0,0,0,1,2,0.002,1,1,-0.000107552637753194,6.31170511860464e-05,-4.01088942264538e-05,0,1,0,1
0.902,0.523598775598299,0.529980043934459,-0.0333552651688277,0.000308693567709309,0.529980043934459,0.530047131217915,-0.00644835561961588,-0.00231018585782959,-0.00231018585782959,0,0,0,0,0,0,0,0,0,0,1,3,0,1,901,2,0,2,0.002,0,0,-0.000107210990121454,6.27900000770374e-05,-4.01237066652849e-05,0,1,0,1
0.903,0.523598775598299,0.529946781578381,-0.0331700407293877,0.000302270037193417,0.529946781578381,0.529946781578381,-0.00634800598008267,-0.00211940702698721,-0.00211940702698721,0,0,0,0,0,0,0,0,0,0,1,0,0,1,904,0,0,0,0,0,0,-0.000106847141167155,0.000241776459039186,-0.000106847141167155,0,1,0,1
0.904,0.523598775598299,0.529913708485403,-0.0329715829519095,0.000354078057776071,0.529913708485403,0.529913708485403,-0.00631493288710383,-0.00211136773320011,-0.00211136773320011,0,0,0,0,0,0,0,0,0,0,1,0,0,1,905,0,0,0,0,0,0,-0.000106458288460454,0.000238076382679657,-0.000106458288460454,0,1,0,1
0.905,0.523598775598299,0.529880845363887,-0.0327520982722263,0.000383332514186663,0.529880845363887,0.529913708485403,-0.00631493288710383,-0.0021917118188328,-0.0021917118188328,0,0,0,0,0,0,0,0,0,0,1,4,0,0,0,0,1,1,0.001,1,1,-0.000106023012370615,0.000146045743579211,-7.31598908551012e-05,0,1,0,1
0.906,0.523598775598299,0.529848205235439,-0.0325293480209708,0.00037024074792989,0.529848205235439,0.529913708485403,-0.00631493288710383,-0.00227040669551158,-0.00227040669551158,0,0,0,0,0,0,0,0,0,0,1,6,0,0,0,0,1,2,0.002,0,0,-0.000105527582227483,5.57169451448659e-05,-4.00243322639104e-05,0,1,0,1
0.907,0.523598775598299,0.529815781740882,-0.0323210871622294,0.00033164921940992,0.529815781740882,0.529913708485403,-0.00631493288710383,-0.00234750815083454,-0.00234750815083454,0,0,0,0,0,0,0,0,0,0,1,1,0,0,0,0,1,3,0.003,0,0,-0.000104977650343674,-3.29659850922641e-05,-7.05090582331369e-06,0,1,0,1
0.908,0.523598775598299,0.529783554661176,-0.0321378212822664,0.00027830946554273,0.529783554661176,0.529783554661176,-0.00618477906287684,-0.00207325162113948,-0.00207325162113948,0,0,0,0,0,0,0,0,0,0,1,0,0,1,909,0,0,0,0,1,0,-0.000104392731101521,0.000229761331761539,-0.000104392731101521,0,1,0,1
0.909,0.523598775598299,0.529751506821665,-0.0319534924264703,0.000327872414916311,0.529751506821665,0.529783554661176,-0.00618477906287684,-0.00215186200843919,-0.00215186200843919,0,0,0,0,0,0,0,0,0,0,1,2,0,0,0,0,1,1,0.001,0,1,-0.000103789296704071,0.000139673809035722,-7.17414571934638e-05,0,1,0,1
0.91,0.523598775598299,0.529719651611318,-0.0317568847673805,0.000328660575663692,0.529719651611318,0.529783554661176,-0.00618477906287684,-0.00222885980842325,-0.00222885980842325,0,0,0,0,0,0,0,0,0,0,1,6,0,0,0,0,1,2,0.002,0,0,-0.000103153257942079,5.12507664997275e-05,-3.92502080847068e-05,0,1,0,1
0.911,0.523598775598299,0.52968799018959,-0.0315685427387248,0.000299771174848532,0.52968799018959,0.52968799018959,-0.00608921459129108,-0.0020474479800539,-0.0020474479800539,0,0,0,0,0,0,0,0,0,0,1,0,0,1,912,0,0,0,0,1,0,-0.000102482757332156,0.00022128906077603,-0.000102482757332156,0,1,0,1
0.912,0.523598775598299,0.529656515714362,-0.031377333211404,0.000334771300684387,0.529656515714362,0.52968799018959,-0.00608921459129108,-0.00212471285469352,-0.00212471285469352,0,0,0,0,0,0,0,0,0,0,1,8,0,0,0,0,1,1,0.001,0,1,-0.000101783941177547,0.00013270217621722,-7.03094659492143e-05,0,1,0,1
0.913,0.523598775598299,0.529625237447163,-0.0311799256068013,0.000326890825327915,0.529625237447163,0.52968799018959,-0.00608921459129108,-0.00220039448557985,-0.00220039448557985,0,0,0,0,0,0,0,0,0,0,1,3,0,0,0,0,1,2,0.002,0,0,-0.000101046854349529,4.57498754392188e-05,-3.82941119229097e-05,0,1,0,1
0.914,0.523598775598299,0.529594151828842,-0.0309943299126641,0.000293088063643862,0.529594151828842,0.52968799018959,-0.00608921459129108,-0.00227454642891384,-0.00227454642891384,0,0,0,0,0,0,0,0,0,0,1,4,0,0,0,0,1,3,0.003,0,0,-0.000100274364620567,-3.96215817596267e-05,-6.43600387273402e-06,0,1,0,1
0.915,0.523598775598299,0.529563241211694,-0.030831257275027,0.000244190237248137,0.529563241211694,0.52968799018959,-0.00608921459129108,-0.00234722042925713,-0.00234722042925713,0,0,0,0,0,0,0,0,0,0,1,6,0,0,0,0,1,4,0.004,0,0,-9.94834305342307e-05,-0.000123464123790065,2.52655473621521e-05,0,1,0,1
0.916,0.523598775598299,0.529532479737741,-0.03069676669418,0.000187084593647989,0.529532479737741,0.529625237447163,-0.00602646184886446,-0.00224980399158943,-0.00224980399158943,0,0,0,0,0,0,0,0,0,0,1,4,0,1,914,3,0,3,0.003,1,0,-9.86992231278849e-05,-3.7165439323153e-05,-5.94151370514329e-06,0,1,0,1
0.917,0.523598775598299,0.529501842414015,-0.03057856334603,0.000179556737124266,0.529501842414015,0.529625237447163,-0.00602646184886446,-0.00232185734773459,-0.00232185734773459,0,0,0,0,0,0,0,0,0,0,1,2,0,0,0,0,1,4,0.004,0,0,-9.79460506530527e-05,-0.000120285943708054,2.54489824951243e-05,0,1,0,1
0.918,0.523598775598299,0.52947131895702,-0.0304710604110633,0.000149125854612883,0.52947131895702,0.529594151828842,-0.00599537623054325,-0.00230894335179034,-0.00230894335179034,0,0,0,0,0,0,0,0,0,0,1,6,0,1,915,4,0,4,0.004,0,0,-9.72335141143921e-05,-0.000118388674398067,2.55993577080726e-05,0,1,0,1
0.919,0.523598775598299,0.529440896156332,-0.0303760836224539,0.000131852706553516,0.529440896156332,0.529501842414015,-0.00590306681571628,-0.00213118998331137,-0.00213118998331137,0,0,0,0,0,0,0,0,0,0,1,7,0,1,918,2,0,2,0.002,0,0,-9.65741436662615e-05,4.83982058746731e-05,-3.56278859834358e-05,0,1,0,1
0.92,0.523598775598299,0.529410569740509,-0.0302729246270823,0.000175174773218023,0.529410569740509,0.529501842414015,-0.00590306681571628,-0.00220339129909786,-0.00220339129909786,0,0,0,0,0,0,0,0,0,0,1,7,0,0,0,0,1,3,0.003,1,1,-9.59715327112365e-05,-3.47195426839142e-05,-4.69885920562074e-06,0,1,0,1
0.921,0.523598775598299,0.529380353794418,-0.0301588896509395,0.000176226617638498,0.529380353794418,0.529501842414015,-0.00590306681571628,-0.00227414915655765,-0.00227414915655765,0,0,0,0,0,0,0,0,0,0,1,6,0,0,0,0,1,4,0.004,0,1,-9.54109205689724e-05,-0.000116343960285889,2.60776990282929e-05,0,1,0,1
0.922,0.523598775598299,0.529350249558338,-0.0300517810152798,0.000151567279139126,0.529350249558338,0.529350249558338,-0.00575147396003872,-0.00193607157046655,-0.00193607157046655,0,0,0,0,0,0,0,0,0,0,1,0,0,1,923,0,0,0,0,0,0,-9.48903933738476e-05,0.00021091675568484,-9.48903933738476e-05,0,1,0,1
0.923,0.523598775598299,0.52932025719007,-0.0299250647860346,0.000240845250154817,0.52932025719007,0.529350249558338,-0.00575147396003872,-0.00200937039534987,-0.00200937039534987,0,0,0,0,0,0,0,0,0,0,1,5,0,0,0,0,1,1,0.001,0,0,-9.44091219676757e-05,0.00012685056829583,-6.44167537001694e-05,0,1,0,1
0.924,0.523598775598299,0.52929040923824,-0.0297683569270292,0.000269103248582203,0.52929040923824,0.529350249558338,-0.00575147396003872,-0.00208116298481819,-0.00208116298481819,0,0,0,0,0,0,0,0,0,0,1,3,0,0,0,0,1,2,0.002,0,1,-9.39338885991292e-05,4.43399417371631e-05,-3.40935685011479e-05,0,1,0,1
0.925,0.523598775598299,0.529260721725483,-0.0296075229565636,0.000259700397108521,0.529260721725483,0.529350249558338,-0.00575147396003872,-0.00215150029012043,-0.00215150029012043,0,0,0,0,0,0,0,0,0,0,1,3,0,0,0,0,1,3,0.003,0,0,-9.34480037344532e-05,-3.66662572265954e-05,-3.92017087957885e-06,0,1,0,1
0.926,0.523598775598299,0.529231190214226,-0.0294583641353128,0.000227584608890732,0.529231190214226,0.529350249558338,-0.00575147396003872,-0.00222043153898358,-0.00222043153898358,0,0,0,0,0,0,0,0,0,0,1,6,0,0,0,0,1,4,0.004,0,1,-9.29552402798572e-05,-0.000116217438090383,2.61041038314147e-05,0,1,0,1
0.927,0.523598775598299,0.529201797921914,-0.0293302489286498,0.000182297036697268,0.529201797921914,0.52929040923824,-0.00569163363994074,-0.00212716961237758,-0.00212716961237758,0,0,0,0,0,0,0,0,0,0,1,1,0,1,925,3,0,3,0.003,2,0,-9.24717183560242e-05,-3.35266633675006e-05,-3.86040203004256e-06,0,1,0,1
0.928,0.523598775598299,0.529172525989323,-0.0292137596688429,0.000180853860367256,0.529172525989323,0.529172525989323,-0.00557375039102437,-0.00187867681972326,-0.00187867681972326,0,0,0,0,0,0,0,0,0,0,1,0,0,1,929,0,0,0,0,3,0,-9.20156369789149e-05,0.000204443576207159,-9.20156369789149e-05,0,1,0,1
0.929,0.523598775598299,0.529143377744366,-0.0290761160115479,0.000255736626502621,0.529143377744366,0.529172525989323,-0.00557375039102437,-0.00194978193818196,-0.00194978193818196,0,0,0,0,0,0,0,0,0,0,1,7,0,0,0,0,1,1,0.001,0,0,-9.15830102625748e-05,0.000122864322393284,-6.24347653058743e-05,0,1,0,1
0.93,0.523598775598299,0.529114381594982,-0.0289144454754793,0.000275594838711013,0.529114381594982,0.529172525989323,-0.00557375039102437,-0.00201942495399201,-0.00201942495399201,0,0,0,0,0,0,0,0,0,0,1,8,0,0,0,0,1,2,0.002,0,0,-9.11447745250982e-05,4.27954081140859e-05,-3.30003801836121e-05,0,1,0,1
0.931,0.523598775598299,0.529085548983484,-0.0287520386657196,0.00026160186316411,0.529085548983484,0.529172525989323,-0.00557375039102437,-0.00208765532552843,-0.00208765532552843,0,0,0,0,0,0,0,0,0,0,1,5,0,0,0,0,1,3,0.003,0,0,-9.06888339383682e-05,-3.58128055986603e-05,-3.71182809899562e-06,0,1,0,1
0.932,0.523598775598299,0.52905687296056,-0.0286030651924966,0.000227301954372393,0.52905687296056,0.529172525989323,-0.00557375039102437,-0.00215452083814354,-0.00215452083814354,0,0,0,0,0,0,0,0,0,0,1,1,0,0,0,0,1,4,0.004,0,1,-9.02214865325934e-05,-0.000113008284439787,2.54315422306695e-05,0,1,0,1
0.933,0.523598775598299,0.529028335538484,-0.0284758674004674,0.000181335565965986,0.529028335538484,0.52905687296056,-0.00545809736226111,-0.00190922343366693,-0.00190922343366693,0,0,0,0,0,0,0,0,0,0,1,8,0,1,933,1,0,1,0.001,0,0,-8.97600709810487e-05,0.000122006849673858,-6.12226489050682e-05,0,1,0,1
0.934,0.523598775598299,0.528999922216242,-0.0283466910776208,0.00022766180702079,0.528999922216242,0.52905687296056,-0.00545809736226111,-0.00197752671329139,-0.00197752671329139,0,0,0,0,0,0,0,0,0,0,1,7,0,0,0,0,1,2,0.002,0,0,-8.93184414741954e-05,4.34688157227095e-05,-3.23676971564213e-05,0,1,0,1
0.935,0.523598775598299,0.52897164611572,-0.0282052217430137,0.000231129597577573,0.52897164611572,0.52905687296056,-0.00545809736226111,-0.00204444309752036,-0.00204444309752036,0,0,0,0,0,0,0,0,0,0,1,5,0,0,0,0,1,3,0.003,0,0,-8.88828315324108e-05,-3.36349863574309e-05,-3.6559866926078e-06,0,1,0,1
0.936,0.523598775598299,0.52894350975409,-0.0280695265407425,0.000208472065667023,0.52894350975409,0.52905687296056,-0.00545809736226111,-0.0021100195007019,-0.0021100195007019,0,0,0,0,0,0,0,0,0,0,1,8,0,0,0,0,1,4,0.004,1,1,-8.84500816177303e-05,-0.000109351650205562,2.49131248521994e-05,0,1,0,1
0.937,0.523598775598299,0.52891550145178,-0.027950467790126,0.000170382045123126,0.52891550145178,0.52905687296056,-0.00545809736226111,-0.00217430125021789,-0.00217430125021789,0,0,0,0,0,0,0,0,0,0,1,7,0,0,0,0,1,5,0.005,0,0,-8.80312311630771e-05,-0.000183726682220352,5.33402776164982e-05,0,1,0,1
0.938,0.523598775598299,0.528887601137729,-0.0278543106154155,0.000123670325854682,0.528887601137729,0.528887601137729,-0.00528882553943066,-0.00178237501972539,-0.00178237501972539,0,0,0,0,0,0,0,0,0,0,1,0,0,1,939,0,0,0,0,1,0,-8.76457133186515e-05,0.000198153065204583,-8.76457133186515e-05,0,1,0,1
0.939,0.523598775598299,0.528859798440454,-0.027742852156948,0.000216775636511571,0.528859798440454,0.528887601137729,-0.00528882553943066,-0.00185009653232817,-0.00185009653232817,0,0,0,0,0,0,0,0,0,0,1,6,0,0,0,0,1,1,0.001,0,0,-8.73032638816218e-05,0.000120431690512545,-5.95005666065296e-05,0,1,0,1
0.94,0.523598775598299,0.528832125995762,-0.0275991551531612,0.00024953141714535,0.528832125995762,0.528887601137729,-0.00528882553943066,-0.00191642218557824,-0.00191642218557824,0,0,0,0,0,0,0,0,0,0,1,6,0,0,0,0,1,2,0.002,0,1,-8.6970613584092e-05,4.4152617987148e-05,-3.14954716165161e-05,0,1,0,1
0.941,0.523598775598299,0.528804602216339,-0.0274488300342777,0.000244945145120233,0.528804602216339,0.528887601137729,-0.00528882553943066,-0.00198139919704638,-0.00198139919704638,0,0,0,0,0,0,0,0,0,0,1,8,0,0,0,0,1,3,0.003,1,1,-8.66287185017356e-05,-3.0731547814725e-05,-3.62979711088229e-06,0,1,0,1
0.942,0.523598775598299,0.528777225228857,-0.027307573137744,0.000217744051327087,0.528777225228857,0.528887601137729,-0.00528882553943066,-0.00204507318708015,-0.00204507318708015,0,0,0,0,0,0,0,0,0,0,1,6,0,0,0,0,1,4,0.004,0,0,-8.62788229474276e-05,-0.000104266604814501,2.40970859252121e-05,0,1,0,1
0.943,0.523598775598299,0.528749980869361,-0.0271847416896377,0.000177332592770816,0.528749980869361,0.528887601137729,-0.00528882553943066,-0.00210748823283296,-0.00210748823283296,0,0,0,0,0,0,0,0,0,0,1,5,0,0,0,0,1,5,0.005,0,0,-8.59344640827819e-05,-0.000176496807439247,5.16858042859392e-05,0,1,0,1
0.944,0.523598775598299,0.528722847789092,-0.0270856515849345,0.000129694622151937,0.528722847789092,0.528887601137729,-0.00528882553943066,-0.00216868692046548,-0.00216868692046548,0,0,0,0,0,0,0,0,0,0,1,6,0,0,0,0,1,6,0.006,1,1,-8.561636609139e-05,-0.000247464918817603,7.91369825456911e-05,0,1,0,1
0.945,0.523598775598299,0.528695800703379,-0.0270130537191495,7.86167690337717e-05,0.528695800703379,0.528695800703379,-0.0050970251050797,-0.00171320242826289,-0.00171320242826289,0,0,0,0,0,0,0,0,0,0,1,0,0,1,946,0,0,0,0,1,0,-8.53491912905513e-05,0.000198295706107542,-8.53491912905513e-05,0,1,0,1
0.946,0.523598775598299,0.52866882875658,-0.0269210061784797,0.000189778476761058,0.52866882875658,0.528695800703379,-0.0050970251050797,-0.00177877474248274,-0.00177877474248274,0,0,0,0,0,0,0,0,0,0,1,5,0,0,0,0,1,1,0.001,0,1,-8.51431751799359e-05,0.000123044904733603,-5.81712283812541e-05,0,1,0,1
0.947,0.523598775598299,0.528641971897272,-0.0267887452955226,0.000234767398535805,0.528641971897272,0.528695800703379,-0.0050970251050797,-0.00184299144253194,-0.00184299144253194,0,0,0,0,0,0,0,0,0,0,1,7,0,0,0,0,1,2,0.002,0,0,-8.49577512593847e-05,4.91949216268103e-05,-3.11289451530028e-05,0,1,0,1
0.948,0.523598775598299,0.528615255159388,-0.0266444074486997,0.000238632414394769,0.528615255159388,0.528695800703379,-0.0050970251050797,-0.00190589838461221,-0.00190589838461221,0,0,0,0,0,0,0,0,0,0,1,8,0,0,0,0,1,3,0.003,1,1,-8.47672698848223e-05,-2.33002751201996e-05,-4.22172589464864e-06,0,1,0,1
0.949,0.523598775598299,0.528588681238225,-0.0265053327399897,0.000217415652647932,0.528588681238225,0.528695800703379,-0.0050970251050797,-0.00196753987375291,-0.00196753987375291,0,0,0,0,0,0,0,0,0,0,1,7,0,0,0,0,1,4,0.004,0,1,-8.45684222602339e-05,-9.44851659178698e-05,2.25510428937259e-05,0,1,0,1
0.95,0.523598775598299,0.528562239199622,-0.0263819537589029,0.000181369078608158,0.528562239199622,0.528695800703379,-0.0050970251050797,-0.00202795871628239,-0.00202795871628239,0,0,0,0,0,0,0,0,0,0,1,7,0,0,0,0,1,5,0.005,0,1,-8.43715312544013e-05,-0.000164402732145543,4.91899725020284e-05,0,1,0,1
0.951,0.523598775598299,0.528535910045861,-0.0262802952394844,0.000137023337228359,0.528535910045861,0.52866882875658,-0.00507005315828102,-0.00201470293381283,-0.00201470293381283,0,0,0,0,0,0,0,0,0,0,1,1,0,1,947,5,0,5,0.005,0,0,-8.41949855048263e-05,-0.000160601170134285,4.87237252140282e-05,0,1,0,1
0.952,0.523598775598299,0.528509672554804,-0.0261969602437583,0.000111482876018874,0.528509672554804,0.528535910045861,-0.00493713444756216,-0.00171648940363529,-0.00171648940363529,0,0,0,0,0,0,0,0,0,0,1,4,0,1,952,1,0,1,0.001,0,0,-8.40594002721184e-05,0.000128202468441857,-5.78219092147725e-05,0,1,0,1
0.953,0.523598775598299,0.528483521763682,-0.0260978405601242,0.000188195189846238,0.528483521763682,0.528535910045861,-0.00493713444756216,-0.00177901878021635,-0.00177901878021635,0,0,0,0,0,0,0,0,0,0,1,2,0,0,0,0,1,2,0.002,0,0,-8.39691336504966e-05,5.63073550732991e-05,-3.1580851471924e-05,0,1,0,1
0.954,0.523598775598299,0.528457485343472,-0.0259728313422211,0.000212866680516768,0.528457485343472,0.528535910045861,-0.00493713444756216,-0.00184026841983303,-0.00184026841983303,0,0,0,0,0,0,0,0,0,0,1,3,0,0,0,0,1,3,0.003,0,1,-8.38959121935989e-05,-1.42640402162521e-05,-5.4712098043197e-06,0,1,0,1
0.955,0.523598775598299,0.528431577269219,-0.0258439948953814,0.000205409731070482,0.528431577269219,0.528483521763682,-0.00488474616538359,-0.00175947600356113,-0.00175947600356113,0,0,0,0,0,0,0,0,0,0,1,5,0,1,954,2,0,2,0.002,0,0,-8.38251605809193e-05,5.72504281441278e-05,-3.18806661173676e-05,0,1,0,1
0.956,0.523598775598299,0.528405798516039,-0.0257119558993229,0.000223171586865931,0.528405798516039,0.528483521763682,-0.00488474616538359,-0.00182012031946725,-0.00182012031946725,0,0,0,0,0,0,0,0,0,0,1,5,0,0,0,0,1,3,0.003,2,1,-8.37553056212137e-05,-1.26282009154377e-05,-6.03205797744533e-06,0,1,0,1
0.957,0.523598775598299,0.528380153560155,-0.0255790078314957,0.000211495759829039,0.528380153560155,0.528457485343472,-0.00485870974517288,-0.00180956090632689,-0.00180956090632689,0,0,0,0,0,0,0,0,0,0,1,7,0,1,955,3,0,3,0.003,1,0,-8.36812752080807e-05,-1.12596388202758e-05,-6.34949189171063e-06,0,1,0,1
0.958,0.523598775598299,0.528354638840101,-0.0254510849221423,0.000204320652637741,0.528354638840101,0.528457485343472,-0.00485870974517288,-0.00186870435878401,-0.00186870435878401,0,0,0,0,0,0,0,0,0,0,1,8,0,0,0,0,1,4,0.004,0,0,-8.36060371186553e-05,-7.95506525076862e-05,1.92404662515688e-05,0,1,0,1
0.959,0.523598775598299,0.528329248167461,-0.025332612031314,0.000177949235469576,0.528329248167461,0.528457485343472,-0.00485870974517288,-0.00192666933890374,-0.00192666933890374,0,0,0,0,0,0,0,0,0,0,1,3,0,0,0,0,1,5,0.005,0,0,-8.35351882684243e-05,-0.000146620075976238,4.47019877426458e-05,0,1,0,1
0.96,0.523598775598299,0.528303967774074,-0.025231511342141,0.000140431704043763,0.528303967774074,0.528431577269219,-0.00483280167092004,-0.00191386177720906,-0.00191386177720906,0,0,0,0,0,0,0,0,0,0,1,3,0,1,956,5,0,5,0.005,0,0,-8.34819075011817e-05,-0.000142874011320392,4.41275876432723e-05,0,1,0,1
0.961,0.523598775598299,0.528278780031848,-0.025145887635807,0.000118946054047271,0.528278780031848,0.528405798516039,-0.00480702291773982,-0.00190120460655117,-0.00190120460655117,0,0,0,0,0,0,0,0,0,0,1,7,0,1,957,5,0,5,0.005,0,0,-8.34632357815668e-05,-0.000139235562596582,4.35552484093771e-05,0,1,0,1
0.962,0.523598775598299,0.528253673163414,-0.0250688622636378,0.000107625287423006,0.528253673163414,0.528329248167461,-0.00473047256916181,-0.00175188763675811,-0.00175188763675811,0,0,0,0,0,0,0,0,0,0,1,3,0,1,960,3,0,3,0.003,0,0,-8.3490365527128e-05,1.10528953044947e-06,-7.9153614801486e-06,0,1,0,1
0.963,0.523598775598299,0.528228645239126,-0.0249835951679983,0.000146040178412631,0.528228645239126,0.528303967774074,-0.00470519217577559,-0.00174194289081296,-0.00174194289081296,0,0,0,0,0,0,0,0,0,0,1,3,0,1,961,3,0,3,0.003,0,0,-8.35646436130322e-05,2.11635161278395e-06,-8.24210866490205e-06,0,1,0,1
0.964,0.523598775598299,0.528203711422423,-0.0248818798862711,0.000170561693062543,0.528203711422423,0.528303967774074,-0.00470519217577559,-0.00179966450445439,-0.00179966450445439,0,0,0,0,0,0,0,0,0,0,1,1,0,0,0,0,1,4,0.004,0,1,-8.36703260066463e-05,-6.44966821784238e-05,1.65860256448047e-05,0,1,0,1
0.965,0.523598775598299,0.528178882801824,-0.0247758928622099,0.000164720601137502,0.528178882801824,0.528203711422423,-0.00460493582412413,-0.00158676766347001,-0.00158676766347001,0,0,0,0,0,0,0,0,0,0,1,4,0,1,965,1,0,1,0.001,1,0,-8.37957457645588e-05,0.00013955083265634,-5.89671251660651e-05,0,1,0,1
0.966,0.523598775598299,0.528154165266531,-0.0246537752332324,0.000225899320228581,0.528154165266531,0.528203711422423,-0.00460493582412413,-0.00164570964749056,-0.00164570964749056,0,0,0,0,0,0,0,0,0,0,1,3,0,0,0,0,1,2,0.002,1,1,-8.39344374329309e-05,7.18014471523323e-05,-3.43882815411201e-05,0,1,0,1
0.967,0.523598775598299,0.528129581601433,-0.0245121824103454,0.000241609402848719,0.528129581601433,0.528203711422423,-0.00460493582412413,-0.00170343703188296,-0.00170343703188296,0,0,0,0,0,0,0,0,0,0,1,2,0,0,0,0,1,3,0.003,0,0,-8.40630420358979e-05,5.30841699304153e-06,-9.93322104547723e-06,0,1,0,1
0.968,0.523598775598299,0.528105140883963,-0.0243703565958071,0.000229358746516596,0.528105140883963,0.528203711422423,-0.00460493582412413,-0.00175999090276652,-0.00175999090276652,0,0,0,0,0,0,0,0,0,0,1,3,0,0,0,0,1,4,0.004,0,1,-8.41719102158134e-05,-5.9969512505793e-05,1.43986282440389e-05,0,1,0,1
0.969,0.523598775598299,0.528080837000184,-0.0242399981439476,0.00020034638995259,0.528080837000184,0.528129581601433,-0.00453080600313371,-0.00161616994082517,-0.00161616994082517,0,0,0,0,0,0,0,0,0,0,1,3,0,1,968,2,0,2,0.002,2,0,-8.42665861486847e-05,7.51688097941142e-05,-3.55219848997557e-05,0,1,0,1
0.97,0.523598775598299,0.528056661028063,-0.0241097947340043,0.000224832035801479,0.528056661028063,0.528129581601433,-0.00453080600313371,-0.0016730779754334,-0.0016730779754334,0,0,0,0,0,0,0,0,0,0,1,6,0,0,0,0,1,3,0.003,0,0,-8.43554242597744e-05,9.61938673256675e-06,-1.14348508903905e-05,0,1,0,1
0.971,0.523598775598299,0.528032618676143,-0.0239754874898935,0.000218504998528633,0.528032618676143,0.528032618676143,-0.00443384307784411,-0.00146821741153959,-0.00146821741153959,0,0,0,0,0,0,0,0,0,0,1,0,0,1,972,0,0,0,0,1,0,-8.44321505553136e-05,0.000205879645966649,-8.44321505553136e-05,0,1,0,1
0.972,0.523598775598299,0.528008715283466,-0.0238262144062304,0.000276122859890594,0.528008715283466,0.528032618676143,-0.00443384307784411,-0.00152622713115001,-0.00152622713115001,0,0,0,0,0,0,0,0,0,0,1,2,0,0,0,0,1,1,0.001,0,1,-8.44908626909113e-05,0.000139310538492473,-6.05874700136955e-05,0,1,0,1
0.973,0.523598775598299,0.527984972055227,-0.0236591009074745,0.000289259099124092,0.527984972055227,0.528032618676143,-0.00443384307784411,-0.0015830248352817,-0.0015830248352817,0,0,0,0,0,0,0,0,0,0,1,8,0,0,0,0,1,2,0.002,0,0,-8.45097943156237e-05,7.39941966918702e-05,-3.68631734000147e-05,0,1,0,1
0.974,0.523598775598299,0.527961396664017,-0.0234929596622142,0.000275079797740617,0.527961396664017,0.528008715283466,-0.0044099396851669,-0.00157440563387183,-0.00157440563387183,0,0,0,0,0,0,0,0,0,0,1,1,0,1,973,2,0,2,0.002,0,0,-8.44807138291603e-05,7.41353444277601e-05,-3.71620943803164e-05,0,1,0,1
0.975,0.523598775598299,0.527937983973836,-0.0233333423379281,0.000264915652239845,0.527937983973836,0.527937983973836,-0.00433920837553692,-0.00143962722472068,-0.00143962722472068,0,0,0,0,0,0,0,0,0,0,1,0,0,1,976,0,0,0,0,1,0,-8.44082003584878e-05,0.000200476118100944,-8.44082003584878e-05,0,1,0,1
0.976,0.523598775598299,0.527914732387336,-0.0231669808728303,0.000297341163651352,0.527914732387336,0.527937983973836,-0.00433920837553692,-0.00149629519555945,-0.00149629519555945,0,0,0,0,0,0,0,0,0,0,1,4,0,0,0,0,1,1,0.001,0,1,-8.42932965164911e-05,0.000135410764586607,-6.10417100168625e-05,0,1,0,1
0.977,0.523598775598299,0.527891652295797,-0.0229934294494275,0.000295037788539933,0.527891652295797,0.527937983973836,-0.00433920837553692,-0.00155178052449208,-0.00155178052449208,0,0,0,0,0,0,0,0,0,0,1,6,0,0,0,0,1,2,0.002,0,0,-8.41250584220354e-05,7.15681407939123e-05,-3.77933803833441e-05,0,1,0,1
0.978,0.523598775598299,0.527868742977455,-0.0228273007038744,0.000271653485697014,0.527868742977455,0.527937983973836,-0.00433920837553692,-0.00160612321660779,-0.00160612321660779,0,0,0,0,0,0,0,0,0,0,1,1,0,0,0,0,1,3,0.003,0,0,-8.39036573657692e-05,8.9080770553137e-06,-1.46626609849321e-05,0,1,0,1
0.979,0.523598775598299,0.527845992254298,-0.0226773319789019,0.000235905921510956,0.527845992254298,0.527868742977455,-0.00426996737915608,-0.0014732607534346,-0.0014732607534346,0,0,0,0,0,0,0,0,0,0,1,5,0,1,979,1,0,1,0.001,0,0,-8.36407230121461e-05,0.00013349292767488,-6.0889999854763e-05,0,1,0,1
0.98,0.523598775598299,0.527823387112588,-0.0225315190766806,0.000252297627859495,0.527823387112588,0.527868742977455,-0.00426996737915608,-0.00152784588772186,-0.00152784588772186,0,0,0,0,0,0,0,0,0,0,1,1,0,0,0,0,1,2,0.002,0,1,-8.33487228721896e-05,7.06697761492618e-05,-3.79928580055422e-05,0,1,0,1
0.981,0.523598775598299,0.527800929381526,-0.022384932072875,0.000241353001988897,0.527800929381526,0.527823387112588,-0.00422461151428943,-0.00145940275672095,-0.00145940275672095,0,0,0,0,0,0,0,0,0,0,1,1,0,1,981,1,0,1,0.001,1,0,-8.30252836390155e-05,0.000130914321886354,-6.05675525764404e-05,0,1,0,1
0.982,0.523598775598299,0.527778617484341,-0.0222378843021201,0.000252616753853907,0.527778617484341,0.527778617484341,-0.00417984188604181,-0.00139303005186461,-0.00139303005186461,0,0,0,0,0,0,0,0,0,0,1,0,0,1,983,0,0,0,0,1,0,-8.26714400881112e-05,0.00018912771053111,-8.26714400881112e-05,0,1,0,1
0.983,0.523598775598299,0.527756456885115,-0.0220811916231281,0.000276816856778825,0.527756456885115,0.527778617484341,-0.00417984188604181,-0.00144743600090229,-0.00144743600090229,0,0,0,0,0,0,0,0,0,0,1,4,0,0,0,0,1,1,0.001,0,1,-8.22811882538188e-05,0.000126601551829085,-6.01205890279344e-05,0,1,0,1
0.984,0.523598775598299,0.527734456333468,-0.0219204983114528,0.000270436459599227,0.527734456333468,0.527734456333468,-0.00413568073516912,-0.00138201556515088,-0.00138201556515088,0,0,0,0,0,0,0,0,0,0,1,0,0,1,985,0,0,0,0,1,0,-8.18452407385095e-05,0.000183940722379214,-8.18452407385095e-05,0,1,0,1
0.985,0.523598775598299,0.527712616627988,-0.0217578055734103,0.000283181167953444,0.527712616627988,0.527734456333468,-0.00413568073516912,-0.00143573268749808,-0.00143573268749808,0,0,0,0,0,0,0,0,0,0,1,2,0,0,0,0,1,1,0.001,0,0,-8.1362263279261e-05,0.000122181117632495,-5.95225577991743e-05,0,1,0,1
0.986,0.523598775598299,0.527690940359508,-0.0215959338506762,0.000269849894940682,0.527690940359508,0.527734456333468,-0.00413568073516912,-0.00148833254602701,-0.00148833254602701,0,0,0,0,0,0,0,0,0,0,1,5,0,0,0,0,1,2,0.002,0,0,-8.08291314653431e-05,6.15773982677557e-05,-3.73131575052144e-05,0,1,0,1
0.987,0.523598775598299,0.527669420791608,-0.0214457844458645,0.000240920325745067,0.527669420791608,0.527669420791608,-0.0040706451933088,-0.00136505489433072,-0.00136505489433072,0,0,0,0,0,0,0,0,0,0,1,0,0,1,988,0,0,0,0,2,0,-8.02520502336534e-05,0.000176889649879577,-8.02520502336534e-05,0,1,0,1
0.988,0.523598775598299,0.527648048238625,-0.0212977888693907,0.000258447576425478,0.527648048238625,0.527669420791608,-0.0040706451933088,-0.00141779883394767,-0.00141779883394767,0,0,0,0,0,0,0,0,0,0,1,2,0,0,0,0,1,1,0.001,0,0,-7.96401758532683e-05,0.000116218610544602,-5.82676228705337e-05,0,1,0,1
0.989,0.523598775598299,0.527626825590204,-0.0211483889985347,0.000248726497592933,0.527626825590204,0.527669420791608,-0.0040706451933088,-0.00146944742449892,-0.00146944742449892,0,0,0,0,0,0,0,0,0,0,1,6,0,0,0,0,1,2,0.002,0,0,-7.89900913722441e-05,5.66810606862835e-05,-3.63948899688715e-05,0,1,0,1
0.99,0.523598775598299,0.527605748060524,-0.0210090008656734,0.00022262567580436,0.527605748060524,0.527648048238625,-0.00404927264032606,-0.00146259404568562,-0.00146259404568562,0,0,0,0,0,0,0,0,0,0,1,4,0,1,989,2,0,2,0.002,0,0,-7.8306057386679e-05,5.56834610777983e-05,-3.60058792854279e-05,0,1,0,1
0.991,0.523598775598299,0.527584803777847,-0.0208811182149365,0.000205277287132363,0.527584803777847,0.527648048238625,-0.00404927264032606,-0.0015129066808218,-0.0015129066808218,0,0,0,0,0,0,0,0,0,0,1,8,0,0,0,0,1,3,0.003,0,1,-7.75994224843091e-05,-2.44233068833095e-06,-1.43549617062089e-05,0,1,0,1
0.992,0.523598775598299,0.527563981459273,-0.0207661742290664,0.000175472613028829,0.527563981459273,0.527648048238625,-0.00404927264032606,-0.00156220259378875,-0.00156220259378875,0,0,0,0,0,0,0,0,0,0,1,5,0,0,0,0,1,4,0.004,0,0,-7.68809484902322e-05,-5.95137371538143e-05,7.1858308616779e-06,0,1,0,1
0.993,0.523598775598299,0.527543265391607,-0.0206692322644346,0.000138687613259419,0.527543265391607,0.527648048238625,-0.00404927264032606,-0.00161051617712817,-0.00161051617712817,0,0,0,0,0,0,0,0,0,0,1,3,0,0,0,0,1,5,0.005,0,0,-7.61658295932444e-05,-0.000115565309084874,2.86170174247369e-05,0,1,0,1
0.994,0.523598775598299,0.527522636061862,-0.0205930063865078,9.83940019739024e-05,0.527522636061862,0.527605748060524,-0.00400697246222481,-0.00154418916130225,-0.00154418916130225,0,0,0,0,0,0,0,0,0,0,1,5,0,1,991,4,0,4,0.004,0,0,-7.54730618379718e-05,-5.69389347326432e-05,7.63893682409478e-06,0,1,0,1
0.995,0.523598775598299,0.527502075639094,-0.020528343995412,9.27919676864253e-05,0.527502075639094,0.527502075639094,-0.00390330004079531,-0.00131346724389477,-0.00131346724389477,0,0,0,0,0,0,0,0,0,0,1,0,0,1,996,0,0,0,0,1,0,-7.48199612851108e-05,0.000166119530968432,-7.48199612851108e-05,0,1,0,1
0.996,0.523598775598299,0.527481585713842,-0.0204454929199882,0.000160810665466695,0.527481585713842,0.527502075639094,-0.00390330004079531,-0.00136405891582895,-0.00136405891582895,0,0,0,0,0,0,0,0,0,0,1,1,0,0,0,0,1,1,0.001,0,1,-7.420442457029e-05,0.000107901440182578,-5.37144993182359e-05,0,1,0,1
0.997,0.523598775598299,0.527461192330411,-0.0203392031444123,0.000184350600974909,0.527461192330411,0.527481585713842,-0.00388281011554326,-0.00135852831924617,-0.00135852831924617,0,0,0,0,0,0,0,0,0,0,1,6,0,1,997,1,0,1,0.001,1,0,-7.35998966125972e-05,0.00010584249429707,-5.32065131814141e-05,0,1,0,1
0.998,0.523598775598299,0.527440910481464,-0.0202233163825375,0.000197829463244217,0.527440910481464,0.527481585713842,-0.00388281011554326,-0.00140776789436782,-0.00140776789436782,0,0,0,0,0,0,0,0,0,0,1,3,0,0,0,0,1,2,0.002,0,0,-7.29908760191966e-05,4.90500970602801e-05,-3.23156436415895e-05,0,1,0,1
0.999,0.523598775598299,0.527420745706843,-0.0201071587150118,0.000187552057396868,0.527420745706843,0.527481585713842,-0.00388281011554326,-0.00145599887764875,-0.00145599887764875,0,0,0,0,0,0,0,0,0,0,1,7,0,0,0,0,1,3,0.003,1,1,-7.23713162634754e-05,-6.69714356998918e-06,-1.15313092640124e-05,0,1,0,1
1,0.523598775598299,0.527400692885068,-0.0200006706353948,0.00016303522454844,0.527400692885068,0.527481585713842,-0.00388281011554326,-0.00150325538660698,-0.00150325538660698,0,0,0,0,0,0,0,0,0,0,1,2,0,0,0,0,1,4,0.004,0,0,-7.17458341739086e-05,-6.14335002553715e-05,9.1469946006395e-06,0,1,0,1
1.001,0.523598775598299,0.527380739154234,-0.0199096982966831,0.000130349590222964,0.527380739154234,0.527440910481464,-0.00384213488316565,-0.001440246302929,-0.001440246302929,0,0,0,0,0,0,0,0,0,0,1,5,0,1,999,3,0,3,0.003,0,0,-7.11267890390888e-05,-5.86800938033073e-06,-1.09554618090701e-05,0,1,0,1
1.002,0.523598775598299,0.52736087066653,-0.0198274977084842,0.000127983238822394,0.52736087066653,0.527400692885068,-0.00380191728676871,-0.00137897510215969,-0.00137897510215969,0,0,0,0,0,0,0,0,0,0,1,6,0,1,1001,2,0,2,0.002,0,0,-7.05275280837858e-05,4.79956992573659e-05,-3.07053095466303e-05,0,1,0,1
1.003,0.523598775598299,0.527341085542186,-0.0197413561667368,0.000143860864023901,0.527341085542186,0.527400692885068,-0.00380191728676871,-0.00142626584963416,-0.00142626584963416,0,0,0,0,0,0,0,0,0,0,1,1,0,0,0,0,1,3,0.003,0,1,-6.9949432513372e-05,-6.66659348229695e-06,-1.03420896314654e-05,0,1,0,1
1.004,0.523598775598299,0.527321388441416,-0.0196535158628526,0.000136423735769372,0.527321388441416,0.527341085542186,-0.0037423099438868,-0.00131239173829916,-0.00131239173829916,0,0,0,0,0,0,0,0,0,0,1,7,0,1,1004,1,0,1,0.001,0,0,-6.93873455667182e-05,9.98717660971749e-05,-4.96902447970626e-05,0,1,0,1
1.005,0.523598775598299,0.527301780834093,-0.0195591168910078,0.00016571596451615,0.527301780834093,0.527341085542186,-0.0037423099438868,-0.00135987945393793,-0.00135987945393793,0,0,0,0,0,0,0,0,0,0,1,7,0,0,0,0,1,2,0.002,0,0,-6.88393028410728e-05,4.5083939304769e-05,-2.95345947484149e-05,0,1,0,1
1.006,0.523598775598299,0.527282272540428,-0.0194574390066428,0.000166224460494275,0.527282272540428,0.527341085542186,-0.0037423099438868,-0.00140639406295271,-0.00140639406295271,0,0,0,0,0,0,0,0,0,0,1,4,0,0,0,0,1,3,0.003,1,1,-6.82949916035458e-05,-8.69529271933789e-06,-9.48198984573878e-06,0,1,0,1
1.007,0.523598775598299,0.527262864277996,-0.0193606045099992,0.000149225143606515,0.527262864277996,0.527341085542186,-0.0037423099438868,-0.00145196848250727,-0.00145196848250727,0,0,0,0,0,0,0,0,0,0,1,2,0,0,0,0,1,4,0.004,0,0,-6.77532037615114e-05,-6.1498999145683e-05,1.04680604280372e-05,0,1,0,1
1.008,0.523598775598299,0.527243547250021,-0.0192758811382893,0.000121921828068724,0.527243547250021,0.527341085542186,-0.0037423099438868,-0.00149663451628032,-0.00149663451628032,0,0,0,0,0,0,0,0,0,0,1,6,0,0,0,0,1,5,0.005,0,1,-6.72222475752715e-05,-0.000113359135207089,3.03160445898065e-05,0,1,0,1
1.009,0.523598775598299,0.527224307056412,-0.0192074399922615,8.89013017710203e-05,0.527224307056412,0.527262864277996,-0.00366408867969725,-0.00133018517791604,-0.00133018517791604,0,0,0,0,0,0,0,0,0,0,1,8,0,1,1008,2,0,2,0.002,0,0,-6.67160366120134e-05,4.59311343503424e-05,-2.81588150279344e-05,0,1,0,1
1.01,0.523598775598299,0.527205132835297,-0.0191382863210451,0.00011966853486633,0.527205132835297,0.527262864277996,-0.00366408867969725,-0.00137585161682905,-0.00137585161682905,0,0,0,0,0,0,0,0,0,0,1,5,0,0,0,0,1,3,0.003,0,1,-6.62449482138339e-05,-6.85949053581131e-06,-8.5135055144514e-06,0,1,0,1
1.011,0.523598775598299,0.527186033149195,-0.0190608634263563,0.000122297049840061,0.527186033149195,0.527262864277996,-0.00366408867969725,-0.00142059332102562,-0.00142059332102562,0,0,0,0,0,0,0,0,0,0,1,3,0,0,0,0,1,4,0.004,0,1,-6.57999373142593e-05,-5.86906480656013e-05,1.10311914871541e-05,0,1,0,1
1.012,0.523598775598299,0.527167009848882,-0.0189870335789083,0.000107772448923995,0.527167009848882,0.527262864277996,-0.00366408867969725,-0.00146444157139867,-0.00146444157139867,0,0,0,0,0,0,0,0,0,0,1,4,0,0,0,0,1,5,0.005,0,1,-6.53786725712813e-05,-0.000109593768870583,3.04757565429137e-05,0,1,0,1
1.013,0.523598775598299,0.527148055463839,-0.0189239289882197,8.31146411442102e-05,0.527148055463839,0.527262864277996,-0.00366408867969725,-0.001507426590706,-0.001507426590706,0,0,0,0,0,0,0,0,0,0,1,7,0,0,0,0,1,6,0.006,0,0,-6.49881459137136e-05,-0.000159599224991223,4.98206682433278e-05,0,1,0,1
1.014,0.523598775598299,0.527129157013439,-0.0188756638121389,5.27948294225507e-05,0.527129157013439,0.527186033149195,-0.00358725755089584,-0.00134307617508263,-0.00134307617508263,0,0,0,0,0,0,0,0,0,0,1,8,0,1,1012,3,0,3,0.003,1,0,-6.46408613484972e-05,-2.23496138860267e-06,-7.7647255930513e-06,0,1,0,1
1.015,0.523598775598299,0.527110304967508,-0.0188255766711757,8.50626298897703e-05,0.527110304967508,0.527110304967508,-0.00351152936920884,-0.00118356195253576,-0.00118356195253576,0,0,0,0,0,0,0,0,0,0,1,0,0,1,1016,0,0,0,0,1,0,-6.43458743960768e-05,0.000150327245561519,-6.43458743960768e-05,0,1,0,1
1.016,0.523598775598299,0.527091515278438,-0.0187476978073261,0.000154090735090367,0.527091515278438,0.527110304967508,-0.00351152936920884,-0.00122934172205209,-0.00122934172205209,0,0,0,0,0,0,0,0,0,0,1,8,0,0,0,0,1,1,0.001,0,1,-6.40867599690509e-05,9.76294489608513e-05,-4.52970708990641e-05,0,1,0,1
1.017,0.523598775598299,0.527072817555894,-0.0186454749987681,0.000179899273489449,0.527072817555894,0.527110304967508,-0.00351152936920884,-0.0012741671079157,-0.0012741671079157,0,0,0,0,0,0,0,0,0,0,1,1,0,0,0,0,1,2,0.002,0,1,-6.38334376642513e-05,4.59198770729041e-05,-2.6346026050672e-05,0,1,0,1
1.018,0.523598775598299,0.527054226237346,-0.0185372634074128,0.000178918982781255,0.527054226237346,0.527054226237346,-0.00345545063904684,-0.00116734585417859,-0.00116734585417859,0,0,0,0,0,0,0,0,0,0,1,0,0,1,1019,0,0,0,0,1,0,-6.35710012250046e-05,0.000145890638852194,-6.35710012250046e-05,0,1,0,1
1.019,0.523598775598299,0.527035745976151,-0.0184205733515458,0.000209416105785401,0.527035745976151,0.527054226237346,-0.00345545063904684,-0.00121231259130437,-0.00121231259130437,0,0,0,0,0,0,0,0,0,0,1,8,0,0,0,0,1,1,0.001,0,0,-6.32943304504918e-05,9.41069573010943e-05,-4.48140692554944e-05,0,1,0,1
1.02,0.523598775598299,0.527017387610692,-0.0182960431019678,0.000210896558603215,0.527017387610692,0.527054226237346,-0.00345545063904684,-0.00125634295776963,-0.00125634295776963,0,0,0,0,0,0,0,0,0,0,1,8,0,0,0,0,1,2,0.002,0,1,-6.29921220556273e-05,4.32930478688753e-05,-2.61534954018039e-05,0,1,0,1
1.021,0.523598775598299,0.526999152363877,-0.0181759011386961,0.00019470065471404,0.526999152363877,0.527054226237346,-0.00345545063904684,-0.001299468628075,-0.001299468628075,0,0,0,0,0,0,0,0,0,0,1,4,0,0,0,0,1,3,0.003,0,0,-6.26626901655269e-05,-6.58290955852722e-06,-7.5888166968241e-06,0,1,0,1
1.022,0.523598775598299,0.526981031853126,-0.0180674932305182,0.000168074736610114,0.526981031853126,0.527054226237346,-0.00345545063904684,-0.00134172020527148,-0.00134172020527148,0,0,0,0,0,0,0,0,0,0,1,2,0,0,0,0,1,4,0.004,0,1,-6.23139563232789e-05,-5.55516631846349e-05,1.08804278965424e-05,0,1,0,1
1.023,0.523598775598299,0.526963012024485,-0.017975049821773,0.000135634000311652,0.526963012024485,0.527054226237346,-0.00345545063904684,-0.00138312725720427,-0.00138312725720427,0,0,0,0,0,0,0,0,0,0,1,4,0,0,0,0,1,5,0.005,0,0,-6.19595153699137e-05,-0.000103642925545672,2.92546974904884e-05,0,1,0,1
1.024,0.523598775598299,0.526945075658379,-0.0179008216979561,0.000100303321063402,0.526945075658379,0.526981031853126,-0.00338225625482702,-0.00122699153828855,-0.00122699153828855,0,0,0,0,0,0,0,0,0,0,1,4,0,1,1023,2,0,2,0.002,1,0,-6.16161296894679e-05,4.58414047141732e-05,-2.56599349424125e-05,0,1,0,1
1.025,0.523598775598299,0.52692721018148,-0.0178278444049625,0.000126241688949926,0.52692721018148,0.526981031853126,-0.00338225625482702,-0.00126934512071471,-0.00126934512071471,0,0,0,0,0,0,0,0,0,0,1,4,0,0,0,0,1,3,0.003,0,1,-6.1295917330173e-05,-3.13088836271028e-06,-7.47424568448007e-06,0,1,0,1
1.026,0.523598775598299,0.526909422054652,-0.0177483646931417,0.000126864834621834,0.526909422054652,0.526981031853126,-0.00338225625482702,-0.00131083834177457,-0.00131083834177457,0,0,0,0,0,0,0,0,0,0,1,7,0,0,0,0,1,4,0.004,0,0,-6.09919640605083e-05,-5.12102853730077e-05,1.06178344132513e-05,0,1,0,1
1.027,0.523598775598299,0.526891712009488,-0.0176730444853921,0.000112088783275569,0.526891712009488,0.526963012024485,-0.00336423642618644,-0.00130306785331358,-0.00130306785331358,0,0,0,0,0,0,0,0,0,0,1,1,0,1,1024,4,0,4,0.004,1,0,-6.07030868221559e-05,-4.99935810037502e-05,1.05969281747331e-05,0,1,0,1
1.028,0.523598775598299,0.526874073941318,-0.0176038537927202,0.000103591040906963,0.526874073941318,0.526891712009488,-0.00329293641118955,-0.00115191941476058,-0.00115191941476058,0,0,0,0,0,0,0,0,0,0,1,1,0,1,1028,1,0,1,0.001,2,0,-6.04349407204996e-05,9.46333229374591e-05,-4.27968725499328e-05,0,1,0,1
1.029,0.523598775598299,0.526856507707484,-0.0175249997380777,0.000144513848811722,0.526856507707484,0.526856507707484,-0.00325773210918501,-0.00109947110315791,-0.00109947110315791,0,0,0,0,0,0,0,0,0,0,1,0,0,1,1030,0,0,0,0,2,0,-6.01872207399712e-05,0.000140592207493207,-6.01872207399712e-05,0,1,0,1
1.03,0.523598775598299,0.526839031103776,-0.0174247060867897,0.000184198402269038,0.526839031103776,0.526856507707484,-0.00325773210918501,-0.00114200005158508,-0.00114200005158508,0,0,0,0,0,0,0,0,0,0,1,7,0,0,0,0,1,1,0.001,0,0,-5.99416853070966e-05,9.16057981318946e-05,-4.24650815991079e-05,0,1,0,1
1.031,0.523598775598299,0.526821662220953,-0.0173123397975443,0.000192494301353396,0.526821662220953,0.526856507707484,-0.00325773210918501,-0.00118364163521437,-0.00118364163521437,0,0,0,0,0,0,0,0,0,0,1,4,0,0,0,0,1,2,0.002,0,0,-5.96797997622911e-05,4.35385786936755e-05,-2.48343132310813e-05,0,1,0,1
1.032,0.523598775598299,0.526804405959175,-0.017201169065236,0.000181538122133097,0.526804405959175,0.526856507707484,-0.00325773210918501,-0.00122442587083085,-0.00122442587083085,0,0,0,0,0,0,0,0,0,0,1,2,0,0,0,0,1,3,0.003,0,0,-5.93962219209709e-05,-3.63960813116494e-06,-7.29447361236257e-06,0,1,0,1
1.033,0.523598775598299,0.526787256758217,-0.0170992347350762,0.000159090827893322,0.526787256758217,0.526856507707484,-0.00325773210918501,-0.00126438175984529,-0.00126438175984529,0,0,0,0,0,0,0,0,0,0,1,6,0,0,0,0,1,4,0.004,0,1,-5.9096071859055e-05,-4.99579038126512e-05,1.0154877407742e-05,0,1,0,1
1.034,0.523598775598299,0.526770202810931,-0.01701123935696,0.000130100965192289,0.526770202810931,0.526770202810931,-0.00317142721263175,-0.00107157297937805,-0.00107157297937805,0,0,0,0,0,0,0,0,0,0,1,0,0,1,1035,0,0,0,0,1,0,-5.87907184401715e-05,0.000136519874933415,-5.87907184401715e-05,0,1,0,1
1.035,0.523598775598299,0.526753236088485,-0.0169185783422364,0.000171192011899727,0.526753236088485,0.526770202810931,-0.00317142721263175,-0.00111296303785832,-0.00111296303785832,0,0,0,0,0,0,0,0,0,0,1,5,0,0,0,0,1,1,0.001,0,1,-5.84877540725781e-05,8.88300805469292e-05,-4.15210316274672e-05,0,1,0,1
1.036,0.523598775598299,0.526736369833277,-0.0168130859989307,0.000180903607577974,0.526736369833277,0.526770202810931,-0.00317142721263175,-0.00115348965255924,-0.00115348965255924,0,0,0,0,0,0,0,0,0,0,1,3,0,0,0,0,1,2,0.002,0,0,-5.81735017951557e-05,4.20348570882821e-05,-2.43405241415751e-05,0,1,0,1
1.037,0.523598775598299,0.526719609703329,-0.0167080348675216,0.000171341964604135,0.526719609703329,0.526770202810931,-0.00317142721263175,-0.00119318203109238,-0.00119318203109238,0,0,0,0,0,0,0,0,0,0,1,5,0,0,0,0,1,3,0.003,0,1,-5.78418708695461e-05,-3.89514125622315e-06,-7.24876326752e-06,0,1,0,1
1.038,0.523598775598299,0.526702950885036,-0.016611482850519,0.000150249813192736,0.526702950885036,0.526770202810931,-0.00317142721263175,-0.00123206839306684,-0.00123206839306684,0,0,0,0,0,0,0,0,0,0,1,4,0,0,0,0,1,4,0.004,0,0,-5.74972440302579e-05,-4.89882718329934e-05,9.75468186403816e-06,0,1,0,1
1.039,0.523598775598299,0.526686382296729,-0.0165281570461891,0.000122565210886866,0.526686382296729,0.526736369833277,-0.00313759423497817,-0.00117924206168925,-0.00117924206168925,0,0,0,0,0,0,0,0,0,0,1,5,0,1,1037,3,0,3,0.003,1,0,-5.71502739191709e-05,-2.33799512149285e-06,-7.16273737122464e-06,0,1,0,1
1.04,0.523598775598299,0.526669892146495,-0.0164523603794501,0.000120230283787773,0.526669892146495,0.526736369833277,-0.00313759423497817,-0.00121777635190721,-0.00121777635190721,0,0,0,0,0,0,0,0,0,0,1,7,0,0,0,0,1,4,0.004,0,1,-5.68123252541186e-05,-4.70177628771945e-05,9.66536152824382e-06,0,1,0,1
1.041,0.523598775598299,0.526653475823714,-0.0163816726200247,0.000104672882189433,0.526653475823714,0.526736369833277,-0.00313759423497817,-0.00125553807503881,-0.00125553807503881,0,0,0,0,0,0,0,0,0,0,1,2,0,0,0,0,1,5,0.005,0,0,-5.64875832889111e-05,-9.08945227617655e-05,2.64064262740504e-05,0,1,0,1
1.042,0.523598775598299,0.526637125239883,-0.0163215653284075,8.13901226017563e-05,0.526637125239883,0.526702950885036,-0.00310417528673745,-0.00120273222247443,-0.00120273222247443,0,0,0,0,0,0,0,0,0,0,1,4,0,1,1039,4,0,4,0.004,1,0,-5.61837129863241e-05,-4.41734020442926e-05,9.64193216668185e-06,0,1,0,1
1.043,0.523598775598299,0.52662083094639,-0.0162669454274957,8.23332906707671e-05,0.52662083094639,0.526653475823714,-0.00305470022541521,-0.00110721533303527,-0.00110721533303527,0,0,0,0,0,0,0,0,0,0,1,6,0,1,1042,2,0,2,0.002,0,0,-5.59097412357046e-05,4.52889250392016e-05,-2.32648639116873e-05,0,1,0,1
1.044,0.523598775598299,0.526604594353525,-0.0162036400987846,0.000111785289027141,0.526604594353525,0.526653475823714,-0.00305470022541521,-0.00114565647719082,-0.00114565647719082,0,0,0,0,0,0,0,0,0,0,1,3,0,0,0,0,1,3,0.003,0,1,-5.56638378369501e-05,8.23253069730592e-07,-6.78236764761753e-06,0,1,0,1
1.045,0.523598775598299,0.526588426392396,-0.0161319144465999,0.000116045143997245,0.526588426392396,0.526653475823714,-0.00305470022541521,-0.00118331417819573,-0.00118331417819573,0,0,0,0,0,0,0,0,0,0,1,8,0,0,0,0,1,4,0.004,0,0,-5.54346535794892e-05,-4.28290756930389e-05,9.61477773897546e-06,0,1,0,1
1.046,0.523598775598299,0.526572329732674,-0.0160624007375531,0.000104908241505937,0.526572329732674,0.526637125239883,-0.00303834964158445,-0.00117626896696262,-0.00117626896696262,0,0,0,0,0,0,0,0,0,0,1,3,0,1,1043,4,0,4,0.004,0,0,-5.52191024918436e-05,-4.17487261833395e-05,9.57640471765941e-06,0,1,0,1
1.047,0.523598775598299,0.526556300067941,-0.0159974999641976,9.85570289851483e-05,0.526556300067941,0.526604594353525,-0.00300581875522588,-0.00112557394114117,-0.00112557394114117,0,0,0,0,0,0,0,0,0,0,1,2,0,1,1045,3,0,3,0.003,1,0,-5.50210764884707e-05,3.01107039184408e-06,-6.72679090496509e-06,0,1,0,1
1.048,0.523598775598299,0.526540335271965,-0.0159311686609412,0.000109081628423347,0.526540335271965,0.526604594353525,-0.00300581875522588,-0.00116271825640452,-0.00116271825640452,0,0,0,0,0,0,0,0,0,0,1,7,0,0,0,0,1,4,0.004,0,0,-5.4842289089585e-05,-4.0038974734256e-05,9.41679247012939e-06,0,1,0,1
1.049,0.523598775598299,0.526524437844968,-0.0158643143061698,0.00010208152667947,0.526524437844968,0.526556300067941,-0.00295752446964237,-0.00106931267772095,-0.00106931267772095,0,0,0,0,0,0,0,0,0,0,1,2,0,1,1048,2,0,2,0.002,2,0,-5.46798291455319e-05,4.74902408401541e-05,-2.28176061720653e-05,0,1,0,1
1.05,0.523598775598299,0.526508608437786,-0.0157924186690872,0.000125689056335965,0.526508608437786,0.526556300067941,-0.00295752446964237,-0.00110666966554558,-0.00110666966554558,0,0,0,0,0,0,0,0,0,0,1,7,0,0,0,0,1,3,0.003,0,0,-5.4532636672544e-05,4.28612449361859e-06,-6.84100651759945e-06,0,1,0,1
1.051,0.523598775598299,0.526492854928065,-0.0157145398394705,0.000126494660366537,0.526492854928065,0.526524437844968,-0.0029256622466689,-0.00105762635682407,-0.00105762635682407,0,0,0,0,0,0,0,0,0,0,1,4,0,1,1050,2,0,2,0.002,0,0,-5.43924266537266e-05,4.75114075777468e-05,-2.28095097511982e-05,0,1,0,1
1.052,0.523598775598299,0.526477180809626,-0.0156324629814954,0.000140551206590445,0.526477180809626,0.526524437844968,-0.0029256622466689,-0.00109459314277255,-0.00109459314277255,0,0,0,0,0,0,0,0,0,0,1,7,0,0,0,0,1,3,0.003,0,0,-5.42552996645185e-05,4.75556763577557e-06,-6.9982643223776e-06,0,1,0,1
1.053,0.523598775598299,0.526461590572582,-0.0155484810885007,0.000135371973399814,0.526461590572582,0.526524437844968,-0.0029256622466689,-0.00113080452335831,-0.00113080452335831,0,0,0,0,0,0,0,0,0,0,1,6,0,0,0,0,1,4,0.004,0,1,-5.41163617504559e-05,-3.72160260764254e-05,8.73091063502418e-06,0,1,0,1
1.054,0.523598775598299,0.526446081748917,-0.0154706621459279,0.00011860076722826,0.526446081748917,0.526446081748917,-0.00284730615061812,-0.000955685945605774,-0.000955685945605774,0,0,0,0,0,0,0,0,0,0,1,0,0,1,1055,0,0,0,0,0,0,-5.39776788477386e-05,0.000132171049101341,-5.39776788477386e-05,0,1,0,1
1.055,0.523598775598299,0.526430652232643,-0.0153845529193494,0.000161830315602917,0.526430652232643,0.526446081748917,-0.00284730615061812,-0.000993193041593482,-0.000993193041593482,0,0,0,0,0,0,0,0,0,0,1,1,0,0,0,0,1,1,0.001,1,1,-5.38409566137599e-05,8.8961031237688e-05,-3.84114403396696e-05,0,1,0,1
1.056,0.523598775598299,0.52641531726164,-0.0152843026307492,0.000174247893933789,0.52641531726164,0.526430652232643,-0.00283187663434403,-0.000988442807461407,-0.000988442807461407,0,0,0,0,0,0,0,0,0,0,1,5,0,1,1056,1,0,1,0.001,0,0,-5.36905585865055e-05,8.80367948020537e-05,-3.83555875832498e-05,0,1,0,1
1.057,0.523598775598299,0.526400085239026,-0.0151791745943826,0.000180819475413162,0.526400085239026,0.526430652232643,-0.00283187663434403,-0.00102494036332645,-0.00102494036332645,0,0,0,0,0,0,0,0,0,0,1,8,0,0,0,0,1,2,0.002,0,1,-5.35176848056595e-05,4.58930907479395e-05,-2.2950691189072e-05,0,1,0,1
1.058,0.523598775598299,0.526384958389015,-0.0150754427209597,0.00017061995437612,0.526384958389015,0.526430652232643,-0.00283187663434403,-0.00106068251649266,-0.00106068251649266,0,0,0,0,0,0,0,0,0,0,1,3,0,0,0,0,1,3,0.003,0,0,-5.33197159540144e-05,4.53298330324592e-06,-7.6258723259448e-06,0,1,0,1
1.059,0.523598775598299,0.526369931514524,-0.0149801080418092,0.000150421844932079,0.526369931514524,0.526430652232643,-0.00283187663434403,-0.00109569481987864,-0.00109569481987864,0,0,0,0,0,0,0,0,0,0,1,7,0,0,0,0,1,4,0.004,1,1,-5.31014557373366e-05,-3.60692084577672e-05,7.61926238113109e-06,0,1,0,1
1.06,0.523598775598299,0.526354993982837,-0.01489725861145,0.00012454296266045,0.526354993982837,0.526430652232643,-0.00283187663434403,-0.00113000196202738,-0.00113000196202738,0,0,0,0,0,0,0,0,0,0,1,5,0,0,0,0,1,5,0.005,0,0,-5.28731452229536e-05,-7.59383006256062e-05,2.27851045827565e-05,0,1,0,1
1.061,0.523598775598299,0.526340132069857,-0.014829129075679,9.5723958809128e-05,0.526340132069857,0.526384958389015,-0.00278618279071596,-0.00104081503772275,-0.00104081503772275,0,0,0,0,0,0,0,0,0,0,1,8,0,1,1059,3,0,3,0.003,1,0,-5.26481185757488e-05,7.71448492887118e-06,-7.82179941782868e-06,0,1,0,1
1.062,0.523598775598299,0.52632533433354,-0.0147655661040137,0.000104597473164887,0.52632533433354,0.526384958389015,-0.00278618279071596,-0.00107537505373757,-0.00107537505373757,0,0,0,0,0,0,0,0,0,0,1,2,0,0,0,0,1,4,0.004,0,0,-5.24374296221319e-05,-3.2351985194053e-05,7.18662585308394e-06,0,1,0,1
1.063,0.523598775598299,0.526310600910616,-0.0147019191457096,9.74747765144962e-05,0.526310600910616,0.526384958389015,-0.00278618279071596,-0.00110923747590586,-0.00110923747590586,0,0,0,0,0,0,0,0,0,0,1,5,0,0,0,0,1,5,0.005,0,0,-5.22405551217631e-05,-7.16933029970513e-05,2.21169232773599e-05,0,1,0,1
1.064,0.523598775598299,0.526295928254993,-0.0146448791315307,8.07723466980258e-05,0.526295928254993,0.52632533433354,-0.00272655873524075,-0.000982172481240614,-0.000982172481240614,0,0,0,0,0,0,0,0,0,0,1,1,0,1,1063,2,0,2,0.002,0,0,-5.20606563597648e-05,4.99202287976086e-05,-2.26545778129195e-05,0,1,0,1
1.065,0.523598775598299,0.526281312682792,-0.0145837424008285,0.000109347950311922,0.526281312682792,0.526295928254993,-0.0026971526566939,-0.00093775199648844,-0.00093775199648844,0,0,0,0,0,0,0,0,0,0,1,5,0,1,1065,1,0,1,0.001,2,0,-5.19010341042403e-05,8.89165581920998e-05,-3.72854619036245e-05,0,1,0,1
1.066,0.523598775598299,0.526266766001313,-0.0145069712280588,0.000139374912439288,0.526266766001313,0.526295928254993,-0.0026971526566939,-0.000972682401738705,-0.000972682401738705,0,0,0,0,0,0,0,0,0,0,1,6,0,0,0,0,1,2,0.002,0,1,-5.17494996365997e-05,4.85891803035134e-05,-2.25872459569398e-05,0,1,0,1
1.067,0.523598775598299,0.526252301621182,-0.0144213236975522,0.000144757966552523,0.526252301621182,0.526295928254993,-0.0026971526566939,-0.00100688761879998,-0.00100688761879998,0,0,0,0,0,0,0,0,0,0,1,6,0,0,0,0,1,3,0.003,0,0,-5.15922625964338e-05,9.01404898699752e-06,-7.96562878602192e-06,0,1,0,1
1.068,0.523598775598299,0.526237922790117,-0.0143372095529758,0.000135050081625375,0.526237922790117,0.526295928254993,-0.0026971526566939,-0.00104039217852819,-0.00104039217852819,0,0,0,0,0,0,0,0,0,0,1,7,0,0,0,0,1,4,0.004,0,1,-5.14256972126148e-05,-2.98334904924929e-05,6.57976766260671e-06,0,1,0,1
1.069,0.523598775598299,0.526223624556054,-0.0142609243279146,0.000116358938113151,0.526223624556054,0.526295928254993,-0.0026971526566939,-0.00107321978197683,-0.00107321978197683,0,0,0,0,0,0,0,0,0,0,1,3,0,0,0,0,1,5,0.005,0,1,-5.12543791701958e-05,-6.79772626117998e-05,2.10493197680961e-05,0,1,0,1
1.07,0.523598775598299,0.526209397083047,-0.0141961367409981,9.25778171244356e-05,0.526209397083047,0.526209397083047,-0.00261062148474867,-0.000872820817824956,-0.000872820817824956,0,0,0,0,0,0,0,0,0,0,1,0,0,1,1071,0,0,0,0,1,0,-5.10877697046386e-05,0.000127132220982682,-5.10877697046386e-05,0,1,0,1
1.071,0.523598775598299,0.526195235122826,-0.0141236061643155,0.00013985187420292,0.526195235122826,0.526209397083047,-0.00261062148474867,-0.000907378067185446,-0.000907378067185446,0,0,0,0,0,0,0,0,0,0,1,3,0,0,0,0,1,1,0.001,0,0,-5.09307440397233e-05,8.731205666564e-05,-3.67687838181974e-05,0,1,0,1
1.072,0.523598775598299,0.526181155184789,-0.0140348492378146,0.000156025393497621,0.526181155184789,0.526209397083047,-0.00261062148474867,-0.00094120810869006,-0.00094120810869006,0,0,0,0,0,0,0,0,0,0,1,2,0,0,0,0,1,2,0.002,1,1,-5.07664213876824e-05,4.82455437479353e-05,-2.25245231287863e-05,0,1,0,1
1.073,0.523598775598299,0.526167166371623,-0.0139430602387618,0.000152967360074453,0.526167166371623,0.526209397083047,-0.00261062148474867,-0.000974335541513742,-0.000974335541513742,0,0,0,0,0,0,0,0,0,0,1,8,0,0,0,0,1,3,0.003,0,1,-5.05853293237823e-05,9.90796145062048e-06,-8.3546178992755e-06,0,1,0,1
1.074,0.523598775598299,0.526153267338416,-0.0138563191721796,0.000138274666106307,0.526153267338416,0.526181155184789,-0.00258237958648977,-0.000930877508137508,-0.000930877508137508,0,0,0,0,0,0,0,0,0,0,1,3,0,1,1073,2,0,2,0.002,1,0,-5.038844467109e-05,4.81820461424622e-05,-2.25005982981141e-05,0,1,0,1
1.075,0.523598775598299,0.526139452818413,-0.0137725044904703,0.000140843801384581,0.526139452818413,0.526181155184789,-0.00258237958648977,-0.000963654458733605,-0.000963654458733605,0,0,0,0,0,0,0,0,0,0,1,4,0,0,0,0,1,3,0.003,0,1,-5.01806677333239e-05,1.02472269539761e-05,-8.47830135808358e-06,0,1,0,1
1.076,0.523598775598299,0.52612572142265,-0.0136912662587181,0.000129911111210552,0.52612572142265,0.526181155184789,-0.00258237958648977,-0.000995759644480309,-0.000995759644480309,0,0,0,0,0,0,0,0,0,0,1,5,0,0,0,0,1,4,0.004,0,0,-4.99630226629133e-05,-2.6989867538193e-05,5.47073947598786e-06,0,1,0,1
1.077,0.523598775598299,0.526112067520861,-0.0136182233754083,0.000110985856745559,0.526112067520861,0.526153267338416,-0.00255449174011679,-0.000952260760726464,-0.000952260760726464,0,0,0,0,0,0,0,0,0,0,1,5,0,1,1075,3,0,3,0.003,0,0,-4.97407765387425e-05,1.14029475230624e-05,-8.54095898439322e-06,0,1,0,1
1.078,0.523598775598299,0.526098483508329,-0.0135497810514514,0.000111322269453473,0.526098483508329,0.526153267338416,-0.00255449174011679,-0.000984061718344412,-0.000984061718344412,0,0,0,0,0,0,0,0,0,0,1,1,0,0,0,0,1,4,0.004,0,0,-4.95211725201061e-05,-2.54783580769715e-05,5.26265756672917e-06,0,1,0,1
1.079,0.523598775598299,0.52608496681285,-0.013484646234472,9.97205194488523e-05,0.52608496681285,0.526098483508329,-0.00249970791002996,-0.000867975010134832,-0.000867975010134832,0,0,0,0,0,0,0,0,0,0,1,4,0,1,1079,1,0,1,0.001,1,0,-4.93064228679341e-05,8.55536039685674e-05,-3.57897273889352e-05,0,1,0,1
1.08,0.523598775598299,0.526071516089576,-0.0134143281253543,0.00012773779590454,0.526071516089576,0.526098483508329,-0.00249970791002996,-0.000900420027660299,-0.000900420027660299,0,0,0,0,0,0,0,0,0,0,1,8,0,0,0,0,1,2,0.002,0,0,-4.90975141017591e-05,4.80793236542782e-05,-2.21300953492376e-05,0,1,0,1
1.081,0.523598775598299,0.526058140852888,-0.013335703796825,0.000132840605188327,0.526058140852888,0.526098483508329,-0.00249970791002996,-0.000932190519314322,-0.000932190519314322,0,0,0,0,0,0,0,0,0,0,1,3,0,0,0,0,1,3,0.003,1,1,-4.88845751203115e-05,1.13049345925624e-05,-8.54191967991635e-06,0,1,0,1
1.082,0.523598775598299,0.526044844175224,-0.0132584528654519,0.000123910251083589,0.526044844175224,0.526098483508329,-0.00249970791002996,-0.000963309302204528,-0.000963309302204528,0,0,0,0,0,0,0,0,0,0,1,6,0,0,0,0,1,4,0.004,0,1,-4.86641783665753e-05,-2.47924978698712e-05,4.97515473818488e-06,0,1,0,1
1.083,0.523598775598299,0.52603162150399,-0.013188429992921,0.000106625027172458,0.52603162150399,0.52603162150399,-0.00243284590569071,-0.000814091341878951,-0.000814091341878951,0,0,0,0,0,0,0,0,0,0,1,0,0,1,1084,0,0,0,0,1,0,-4.84405229115303e-05,0.000119471943621359,-4.84405229115303e-05,0,1,0,1
1.084,0.523598775598299,0.526018469429647,-0.0131126369562674,0.000141532380984566,0.526018469429647,0.52603162150399,-0.00243284590569071,-0.000846302256571671,-0.000846302256571671,0,0,0,0,0,0,0,0,0,0,1,5,0,0,0,0,1,1,0.001,0,1,-4.82166663603456e-05,8.23325241805332e-05,-3.50645920182968e-05,0,1,0,1
1.085,0.523598775598299,0.526005399881539,-0.0130256508110994,0.000150791216041779,0.526005399881539,0.52603162150399,-0.00243284590569071,-0.000877835250311693,-0.000877835250311693,0,0,0,0,0,0,0,0,0,0,1,2,0,0,0,0,1,2,0.002,0,0,-4.7980329024977e-05,4.58959235734762e-05,-2.17587065743929e-05,0,1,0,1
1.086,0.523598775598299,0.525992418186652,-0.0129383282522733,0.000144270066295644,0.525992418186652,0.52603162150399,-0.00243284590569071,-0.000908713255051656,-0.000908713255051656,0,0,0,0,0,0,0,0,0,0,1,7,0,0,0,0,1,3,0.003,0,0,-4.77258351501142e-05,1.01390940875643e-05,-8.52251781235935e-06,0,1,0,1
1.087,0.523598775598299,0.525979521098614,-0.0128572748174843,0.000128281743002267,0.525979521098614,0.526005399881539,-0.00240662428324012,-0.000868481760303619,-0.000868481760303619,0,0,0,0,0,0,0,0,0,0,1,4,0,1,1086,2,0,2,0.002,0,0,-4.74560839145433e-05,4.55164308958327e-05,-2.15773009895059e-05,0,1,0,1
1.088,0.523598775598299,0.525966702454571,-0.0127799441250022,0.000129179211449097,0.525966702454571,0.526005399881539,-0.00240662428324012,-0.000899029337023755,-0.000899029337023755,0,0,0,0,0,0,0,0,0,0,1,2,0,0,0,0,1,3,0.003,1,1,-4.71768925478511e-05,1.01392481706535e-05,-8.47946557969159e-06,0,1,0,1
1.089,0.523598775598299,0.525953960158236,-0.0127056404340639,0.00011809301529418,0.525953960158236,0.526005399881539,-0.00240662428324012,-0.000928950821239531,-0.000928950821239531,0,0,0,0,0,0,0,0,0,0,1,7,0,0,0,0,1,4,0.004,0,1,-4.68900132738481e-05,-2.45874045441859e-05,4.54971002872284e-06,0,1,0,1
1.09,0.523598775598299,0.525941288475235,-0.0126393422207484,9.99411606685926e-05,0.525941288475235,0.525966702454571,-0.00236792685627196,-0.000854259118816571,-0.000854259118816571,0,0,0,0,0,0,0,0,0,0,1,5,0,1,1089,2,0,2,0.002,0,0,-4.66008379640392e-05,4.53234529003864e-05,-2.11868586279529e-05,0,1,0,1
1.091,0.523598775598299,0.525928681119532,-0.0125744157555042,0.000110803490334266,0.525928681119532,0.525966702454571,-0.00236792685627196,-0.000884339853849661,-0.000884339853849661,0,0,0,0,0,0,0,0,0,0,1,8,0,0,0,0,1,3,0.003,0,1,-4.63153116992965e-05,1.04860828648301e-05,-8.29397666035625e-06,0,1,0,1
1.092,0.523598775598299,0.525916140032563,-0.0125081674029716,0.000106283466689524,0.525916140032563,0.525966702454571,-0.00236792685627196,-0.000913803739994488,-0.000913803739994488,0,0,0,0,0,0,0,0,0,0,1,6,0,0,0,0,1,4,0.004,0,0,-4.6031153637438e-05,-2.37103414103441e-05,4.53126837007822e-06,0,1,0,1
1.093,0.523598775598299,0.52590366304018,-0.0124470461492125,9.25027939910815e-05,0.52590366304018,0.525966702454571,-0.00236792685627196,-0.000942671643326124,-0.000942671643326124,0,0,0,0,0,0,0,0,0,0,1,8,0,0,0,0,1,5,0.005,0,1,-4.57502000610344e-05,-5.72867986638956e-05,1.7289214329308e-05,0,1,0,1
1.094,0.523598775598299,0.525891242934631,-0.0123948667622133,7.33681292606808e-05,0.525891242934631,0.525966702454571,-0.00236792685627196,-0.000970963724085369,-0.000970963724085369,0,0,0,0,0,0,0,0,0,0,1,2,0,0,0,0,1,6,0.006,0,0,-4.54793223910732e-05,-9.02635613616439e-05,2.99801975482961e-05,0,1,0,1
1.095,0.523598775598299,0.525878869595566,-0.0123537659664148,5.13627769287172e-05,0.525878869595566,0.525941288475235,-0.00234251287693588,-0.000930393521241729,-0.000930393521241729,0,0,0,0,0,0,0,0,0,0,1,4,0,1,1091,5,0,5,0.005,0,0,-4.52283061763703e-05,-5.43542802588252e-05,1.71905734919209e-05,0,1,0,1
1.096,0.523598775598299,0.52586653349931,-0.0123185790745786,4.96939037523273e-05,0.52586653349931,0.525891242934631,-0.00229246733633259,-0.000823968467626664,-0.000823968467626664,0,0,0,0,0,0,0,0,0,0,1,4,0,1,1095,2,0,2,0.002,1,0,-4.50063418153679e-05,4.74335004633682e-05,-2.02969064935221e-05,0,1,0,1
1.097,0.523598775598299,0.525854235475094,-0.0122746586051625,8.1493683641283e-05,0.525854235475094,0.525891242934631,-0.00229246733633259,-0.000853242861741591,-0.000853242861741591,0,0,0,0,0,0,0,0,0,0,1,2,0,0,0,0,1,3,0.003,0,0,-4.48122683159857e-05,1.35453713912617e-05,-7.80480877904388e-06,0,1,0,1
1.098,0.523598775598299,0.525841987579268,-0.012220334920713,9.05866268815452e-05,0.525841987579268,0.525891242934631,-0.00229246733633259,-0.000881914914089547,-0.000881914914089547,0,0,0,0,0,0,0,0,0,0,1,1,0,0,0,0,1,4,0.004,0,1,-4.46336990859164e-05,-1.97169884544974e-05,4.62165627745925e-06,0,1,0,1
1.099,0.523598775598299,0.525829795020377,-0.0121652232769502,8.56976017180002e-05,0.525829795020377,0.525841987579268,-0.00224321198096922,-0.000777619856003922,-0.000777619856003922,0,0,0,0,0,0,0,0,0,0,1,3,0,1,1099,1,0,1,0.001,3,0,-4.44650968406402e-05,8.00110795507424e-05,-3.22725379493516e-05,0,1,0,1
1.1,0.523598775598299,0.525817659598679,-0.0121030909933047,0.000114345351394851,0.525817659598679,0.525817659598679,-0.00221888400037973,-0.000741477157437236,-0.000741477157437236,0,0,0,0,0,0,0,0,0,0,0,0,0,1,1101,0,0,0,0,1,0,-4.43043340860871e-05,0.000111609995846194,-4.43043340860871e-05,0,0,1,0
1.101,0.523598775598299,0.525805593814995,-0.0120260576625884,0.000141769038872606,0.525805593814995,0.525805593814995,-0.00220681821669577,-0.000738530121224515,-0.000738530121224515,0,0,0,0,0,0,0,0,0,0,0,0,0,1,1102,0,0,0,0,1,0,-4.4138584261888e-05,0.000110036348422722,-4.4138584261888e-05,0,0,1,0
1.102,0.523598775598299,0.525793611198053,-0.0119377902831466,0.000157549661187152,0.525793611198053,0.525793611198053,-0.00219483559975397,-0.000735605276479665,-0.000735605276479665,0,0,0,0,0,0,0,0,0,0,0,0,0,1,1103,0,0,0,0,1,0,-4.39539943916101e-05,0.000108463499423637,-4.39539943916101e-05,0,0,1,0
1.103,0.523598775598299,0.525781720290936,-0.0118432963879607,0.000165906616927954,0.525781720290936,0.525781720290936,-0.00218294469263747,-0.000732727455266191,-0.000732727455266191,0,0,0,0,0,0,0,0,0,0,0,0,0,1,1104,0,0,0,0,0,0,-4.37416986294181e-05,0.000106866508474716,-4.37416986294181e-05,0,0,1,0
1.104,0.523598775598299,0.525769925606031,-0.0117457643397719,0.000169543519354362,0.525769925606031,0.525769925606031,-0.00217115000773238,-0.000729910309287682,-0.000729910309287682,0,0,0,0,0,0,0,0,0,0,0,0,0,1,1105,0,0,0,0,0,0,-4.34968633062915e-05,0.000105231615991421,-4.34968633062915e-05,0,0,1,0
1.105,0.523598775598299,0.525758229093291,-0.0116472168085782,0.000170192932911719,0.525758229093291,0.525758229093291,-0.00215945349499169,-0.000727160409838116,-0.000727160409838116,0,0,0,0,0,0,0,0,0,0,0,0,0,1,1106,0,0,0,0,0,0,-4.32172186611846e-05,0.00010355214322898,-4.32172186611846e-05,0,0,1,0
1.106,0.523598775598299,0.525746631081123,-0.0115489294149412,0.000168965311366824,0.525746631081123,0.525746631081123,-0.00214785548282415,-0.000724479873261242,-0.000724479873261242,0,0,0,0,0,0,0,0,0,0,0,0,0,1,1107,0,0,0,0,0,0,-4.29021179461087e-05,0.000101825866820674,-4.29021179461087e-05,0,0,1,0
1.107,0.523598775598299,0.525735130879418,-0.0114516989466921,0.0001665725162353,0.525735130879418,0.525735130879418,-0.00213635528111877,-0.0007218680418297,-0.0007218680418297,0,0,0,0,0,0,0,0,0,0,0,0,0,1,1108,0,0,0,0,0,0,-4.25519343967284e-05,0.000100053337899343,-4.25519343967284e-05,0,0,1,0
1.108,0.523598775598299,0.525723727166095,-0.0113560152167885,0.000163470996908474,0.525723727166095,0.525723727166095,-0.00212495156779613,-0.000719322559478872,-0.000719322559478872,0,0,0,0,0,0,0,0,0,0,0,0,0,1,1109,0,0,0,0,0,0,-4.2167674675353e-05,9.82368063617402e-05,-4.2167674675353e-05,0,0,1,0
1.109,0.523598775598299,0.525712418234947,-0.0112621711957311,0.000159953509600694,0.525712418234947,0.525712418234947,-0.00211364263664782,-0.000716840059832764,-0.000716840059832764,0,0,0,0,0,0,0,0,0,0,0,0,0,1,1110,0,0,0,0,0,0,-4.1750731025747e-05,9.63795328411347e-05,-4.1750731025747e-05,0,0,1,0
1.11,0.523598775598299,0.525701202154575,-0.01117033360319,0.000156207872498965,0.525701202154575,0.525701202154575,-0.00210242655627613,-0.000714416605805913,-0.000714416605805913,0,0,0,0,0,0,0,0,0,0,0,0,0,1,1111,0,0,0,0,0,0,-4.13027223284956e-05,9.44853491056585e-05,-4.13027223284956e-05,0,0,1,0
1.111,0.523598775598299,0.525690076870343,-0.0110805881693741,0.000152354605704014,0.525690076870343,0.525690076870343,-0.00209130127204427,-0.000712047970009003,-0.000712047970009003,0,0,0,0,0,0,0,0,0,0,0,0,0,1,1112,0,0,0,0,0,0,-4.08253921452273e-05,9.25583776514123e-05,-4.08253921452273e-05,0,0,1,0
1.112,0.523598775598299,0.525679040269778,-0.0109929686688186,0.000148471045633323,0.525679040269778,0.525679040269778,-0.00208026467147893,-0.000709729813116968,-0.000709729813116968,0,0,0,0,0,0,0,0,0,0,0,0,0,1,1113,0,0,0,0,0,0,-4.03205433102682e-05,9.0602853332465e-05,-4.03205433102682e-05,0,0,1,0
1.113,0.523598775598299,0.525668090224521,-0.0109074755574018,0.00014460679548618,0.525668090224521,0.525668090224521,-0.00206931462622206,-0.000707457796820098,-0.000707457796820098,0,0,0,0,0,0,0,0,0,0,0,0,0,1,1114,0,0,0,0,0,0,-3.97899959742043e-05,8.86230104108123e-05,-3.97899959742043e-05,0,0,1,0
1.114,0.523598775598299,0.525657224617222,-0.0108240879475945,0.000140793625890969,0.525657224617222,0.525657224617222,-0.00205844901892283,-0.000705227654819899,-0.000705227654819899,0,0,0,0,0,0,0,0,0,0,0,0,0,1,1115,0,0,0,0,0,0,-3.92355607055084e-05,8.66230115567626e-05,-3.92355607055084e-05,0,0,1,0
1.115,0.523598775598299,0.525646441358745,-0.0107427713144683,0.000137051820498705,0.525646441358745,0.525646441358745,-0.0020476657604459,-0.000703035236901576,-0.000703035236901576,0,0,0,0,0,0,0,0,0,0,0,0,0,1,1116,0,0,0,0,0,0,-3.86590212776428e-05,8.46069037777749e-05,-3.86590212776428e-05,0,0,1,0
1.116,0.523598775598299,0.525635738399143,-0.0106634824650536,0.000133394244278217,0.525635738399143,0.525635738399143,-0.00203696280084431,-0.000700876535722842,-0.000700876535722842,0,0,0,0,0,0,0,0,0,0,0,0,0,1,1117,0,0,0,0,0,0,-3.80621236903966e-05,8.25785916273259e-05,-3.80621236903966e-05,0,0,1,0
1.117,0.523598775598299,0.525625113734603,-0.0105861727528112,0.000129828952983029,0.525625113734603,0.525625113734603,-0.00202633813630404,-0.000698747702490054,-0.000698747702490054,0,0,0,0,0,0,0,0,0,0,0,0,0,1,1118,0,0,0,0,0,0,-3.7446569220223e-05,8.05418215288406e-05,-3.7446569220223e-05,0,0,1,0
1.118,0.523598775598299,0.525614565411778,-0.0105107901661372,0.000126360868065891,0.525614565411778,0.525614565411778,-0.00201578981347927,-0.000696645055486515,-0.000696645055486515,0,0,0,0,0,0,0,0,0,0,0,0,0,1,1119,0,0,0,0,0,0,-3.68140100794889e-05,7.85001732459068e-05,-3.68140100794889e-05,0,0,1,0
1.119,0.523598775598299,0.525604091530426,-0.0104372806938145,0.000122992852866575,0.525604091530426,0.525604091530426,-0.00200531593212694,-0.000694565083992321,-0.000694565083992321,0,0,0,0,0,0,0,0,0,0,0,0,0,1,1120,0,0,0,0,0,0,-3.61660467764757e-05,7.64570559612316e-05,-3.61660467764757e-05,0,0,1,0
1.12,0.523598775598299,0.525593690244924,-0.0103655892255479,0.000119726405187941,0.525593690244924,0.525593690244924,-0.00199491464662516,-0.000692504449228046,-0.000692504449228046,0,0,0,0,0,0,0,0,0,0,0,0,0,1,1121,0,0,0,0,0,0,-3.55042265913763e-05,7.44157073314265e-05,-3.55042265913763e-05,0,0,1,0
1.121,0.523598775598299,0.525583359765051,-0.0102956601529863,0.000116562104052852,0.525583359765051,0.525583359765051,-0.00198458416675207,-0.000690459983372707,-0.000690459983372707,0,0,0,0,0,0,0,0,0,0,0,0,0,1,1122,0,0,0,0,0,0,-3.48300427926995e-05,7.23791944695872e-05,-3.48300427926995e-05,0,0,1,0
1.122,0.523598775598299,0.525573098356266,-0.0102274377772343,0.000113499898905244,0.525573098356266,0.525573098356266,-0.00197432275796738,-0.000688428687331336,-0.000688428687331336,0,0,0,0,0,0,0,0,0,0,0,0,0,1,1123,0,0,0,0,0,0,-3.41449343499445e-05,7.03504161755197e-05,-3.41449343499445e-05,0,0,1,0
1.123,0.523598775598299,0.525562904339652,-0.010160866590804,0.000110539297793069,0.525562904339652,0.525562904339652,-0.00196412874135365,-0.000686407727688631,-0.000686407727688631,0,0,0,0,0,0,0,0,0,0,0,0,0,1,1124,0,0,0,0,0,0,-3.34502859870023e-05,6.8332105981078e-05,-3.34502859870023e-05,0,0,1,0
1.124,0.523598775598299,0.525552776091618,-0.0100958914775868,0.000107679490748892,0.525552776091618,0.525552776091618,-0.00195400049331895,-0.000684394433130532,-0.000684394433130532,0,0,0,0,0,0,0,0,0,0,0,0,0,1,1125,0,0,0,0,0,0,-3.27474284742557e-05,6.63268357278327e-05,-3.27474284742557e-05,0,0,1,0
1.125,0.523598775598299,0.525542712043429,-0.0100324578588105,0.000104919431567068,0.525542712043429,0.525542712043429,-0.00194393644512969,-0.000682386290523037,-0.000682386290523037,0,0,0,0,0,0,0,0,0,0,0,0,0,1,1126,0,0,0,0,0,0,-3.2037639090543e-05,6.43370194874787e-05,-3.2037639090543e-05,0,0,1,0
1.126,0.523598775598299,0.525532710680614,-0.00997051180294631,0.000102257892836653,0.525532710680614,0.525532710680614,-0.00193393508231499,-0.000680380940761578,-0.000680380940761578,0,0,0,0,0,0,0,0,0,0,0,0,0,1,1127,0,0,0,0,0,0,-3.13221422134635e-05,6.23649177113397e-05,-3.13221422134635e-05,0,0,1,0
1.127,0.523598775598299,0.525522770542274,-0.00991000011112535,9.96935037513617e-05,0.525522770542274,0.525522770542274,-0.00192399494397566,-0.000678376174480368,-0.000678376174480368,0,0,0,0,0,0,0,0,0,0,0,0,0,1,1128,0,0,0,0,0,0,-3.06021100048293e-05,6.04126415192788e-05,-3.06021100048293e-05,0,0,1,0
1.128,0.523598775598299,0.525512890220315,-0.0098508703855176,9.72247767933944e-05,0.525512890220315,0.525512890220315,-0.00191411462201607,-0.000676369927669936,-0.000676369927669936,0,0,0,0,0,0,0,0,0,0,0,0,0,1,1129,0,0,0,0,0,0,-2.98786631737213e-05,5.84821570815972e-05,-2.98786631737213e-05,0,0,1,0
1.129,0.523598775598299,0.525503068358613,-0.0097930710854997,9.48501271993653e-05,0.525503068358613,0.525503068358613,-0.0019042927603139,-0.000674360277242099,-0.000674360277242099,0,0,0,0,0,0,0,0,0,0,0,0,0,1,1130,0,0,0,0,0,0,-2.91528718016076e-05,5.65752900534488e-05,-2.91528718016076e-05,0,0,1,0
1.13,0.523598775598299,0.525493303652138,-0.00973655157475082,9.25678877121359e-05,0.525493303652138,0.525493303652138,-0.00189452805383894,-0.00067234543657038,-0.00067234543657038,0,0,0,0,0,0,0,0,0,0,0,0,0,1,1131,0,0,0,0,0,0,-2.84257562179757e-05,5.46937300325862e-05,-2.84257562179757e-05,0,0,1,0
1.131,0.523598775598299,0.525483594846027,-0.00968126216133746,9.03763202229656e-05,0.525483594846027,0.525483594846027,-0.00188481924772821,-0.000670323751023106,-0.000670323751023106,0,0,0,0,0,0,0,0,0,0,0,0,0,1,1132,0,0,0,0,0,0,-2.76982879202636e-05,5.2839035025897e-05,-2.76982879202636e-05,0,0,1,0
1.132,0.523598775598299,0.525473940734623,-0.00962715413215522,8.82736253335056e-05,0.525473940734623,0.525473940734623,-0.00187516513632369,-0.000668293693504123,-0.000668293693504123,0,0,0,0,0,0,0,0,0,0,0,0,0,1,1133,0,0,0,0,0,0,-2.69713905306501e-05,5.10126359070783e-05,-2.69713905306501e-05,0,0,1,0
1.133,0.523598775598299,0.525464340160478,-0.00957417978265156,8.62579504982082e-05,0.525464340160478,0.525464340160478,-0.0018655645621789,-0.000666253860015043,-0.000666253860015043,0,0,0,0,0,0,0,0,0,0,0,0,0,1,1134,0,0,0,0,0,0,-2.62459407842641e-05,4.92158408533713e-05,-2.62459407842641e-05,0,0,1,0
1.134,0.523598775598299,0.525454792013335,-0.00952229244246852,8.43273971707901e-05,0.525454792013335,0.525454792013335,-0.00185601641503641,-0.000664202965242072,-0.000664202965242072,0,0,0,0,0,0,0,0,0,0,0,0,0,1,1135,0,0,0,0,0,0,-2.55227695468152e-05,4.74498397585541e-05,-2.55227695468152e-05,0,0,1,0
1.135,0.523598775598299,0.525445295229082,-0.00947144649746061,8.24800272294764e-05,0.525445295229082,0.525445295229082,-0.00184651963078297,-0.00066213983818295,-0.00066213983818295,0,0,0,0,0,0,0,0,0,0,0,0,0,1,1136,0,0,0,0,0,0,-2.48026628535403e-05,4.57157086031093e-05,-2.48026628535403e-05,0,0,1,0
1.136,0.523598775598299,0.525435848788682,-0.009421597408425,8.07138688559181e-05,0.525435848788682,0.525435848788682,-0.00183707319038329,-0.00066006341781364,-0.00066006341781364,0,0,0,0,0,0,0,0,0,0,0,0,0,1,1137,0,0,0,0,0,0,-2.40863629707988e-05,4.40144137879095e-05,-2.40863629707988e-05,0,0,1,0
1.137,0.523598775598299,0.525426451717096,-0.00937270172680452,7.90269219835746e-05,0.525426451717096,0.525426451717096,-0.00182767611879697,-0.000657972748804578,-0.000657972748804578,0,0,0,0,0,0,0,0,0,0,0,0,0,1,1138,0,0,0,0,0,0,-2.33745694737664e-05,4.23468164165016e-05,-2.33745694737664e-05,0,0,1,0
1.138,0.523598775598299,0.525417103082181,-0.00932471710757386,7.74171633899802e-05,0.525417103082181,0.525417103082181,-0.00181832748388178,-0.000655866977291713,-0.000655866977291713,0,0,0,0,0,0,0,0,0,0,0,0,0,1,1139,0,0,0,0,0,0,-2.26679403382279e-05,4.07136765234696e-05,-2.26679403382279e-05,0,0,1,0
1.139,0.523598775598299,0.525407801993583,-0.00927760231948679,7.58825514821526e-05,0.525407801993583,0.525407801993583,-0.00180902639528402,-0.000653745346702247,-0.000653745346702247,0,0,0,0,0,0,0,0,0,0,0,0,0,1,1140,0,0,0,0,0,0,-2.19670930445837e-05,3.91156572465585e-05,-2.19670930445837e-05,0,0,1,0
1.14,0.523598775598299,0.52539854760162,-0.00923131725284005,7.44210308098523e-05,0.52539854760162,0.52539854760162,-0.00179977200332115,-0.000651607193645447,-0.000651607193645447,0,0,0,0,0,0,0,0,0,0,0,0,0,1,1141,0,0,0,0,0,0,-2.12726056901813e-05,3.75533289349158e-05,-2.12726056901813e-05,0,0,1,0
1.141,0.523598775598299,0.525389339096156,-0.00918582292489445,7.30305363286116e-05,0.525389339096156,0.525389339096156,-0.001790563497857,-0.000649451943867159,-0.000649451943867159,0,0,0,0,0,0,0,0,0,0,0,0,0,1,1142,0,0,0,0,0,0,-2.05850181095313e-05,3.60271731950712e-05,-2.05850181095313e-05,0,0,1,0
1.142,0.523598775598299,0.525380175705472,-0.00914108148308346,7.17089974299494e-05,0.525380175705472,0.525380175705472,-0.00178140010717365,-0.000647279108276063,-0.000647279108276063,0,0,0,0,0,0,0,0,0,0,0,0,0,1,1143,0,0,0,0,0,0,-1.99048329964091e-05,3.45375868612517e-05,-1.99048329964091e-05,0,0,1,0
1.143,0.523598775598299,0.525371056695139,-0.00909705620613164,7.04543417502008e-05,0.525371056695139,0.525371056695139,-0.00177228109683969,-0.000645088279037927,-0.000645088279037927,0,0,0,0,0,0,0,0,0,0,0,0,0,1,1144,0,0,0,0,0,0,-1.92325170309537e-05,3.30848859012734e-05,-1.92325170309537e-05,0,0,1,0
1.144,0.523598775598299,0.525361981366879,-0.0090537115031993,6.92644987692427e-05,0.525361981366879,0.525361981366879,-0.0017632057685798,-0.000642879125748608,-0.000642879125748608,0,0,0,0,0,0,0,0,0,0,0,0,0,1,1145,0,0,0,0,0,0,-1.85685020051007e-05,3.16693092427406e-05,-1.85685020051007e-05,0,0,1,0
1.145,0.523598775598299,0.525352949057444,-0.00901101291116512,6.81374032055709e-05,0.525352949057444,0.525352949057444,-0.00175417345914519,-0.000640651391681833,-0.000640651391681833,0,0,0,0,0,0,0,0,0,0,0,0,0,1,1146,0,0,0,0,0,0,-1.7913185946794e-05,3.02910225235325e-05,-1.7913185946794e-05,0,0,1,0
1.146,0.523598775598299,0.525343959137487,-0.00896892709015419,6.707099821577e-05,0.525343959137487,0.525343959137487,-0.00174518353918829,-0.000638404890118021,-0.000638404890118021,0,0,0,0,0,0,0,0,0,0,0,0,0,1,1147,0,0,0,0,0,0,-1.7266934240201e-05,2.89501217618183e-05,-1.7266934240201e-05,0,0,1,0
1.147,0.523598775598299,0.525335011010441,-0.00892742181741562,6.60632384040427e-05,0.525335011010441,0.525335011010441,-0.0017362354121423,-0.000636139500753269,-0.000636139500753269,0,0,0,0,0,0,0,0,0,0,0,0,0,1,1148,0,0,0,0,0,0,-1.66300807411535e-05,2.76466369461791e-05,-1.66300807411535e-05,0,0,1,0
1.148,0.523598775598299,0.525326104111406,-0.00888646597965033,6.51120926481828e-05,0.525326104111406,0.525326104111406,-0.00172732851310742,-0.000633855166190606,-0.000633855166190606,0,0,0,0,0,0,0,0,0,0,0,0,0,1,1149,0,0,0,0,0,0,-1.60029288861496e-05,2.63805355440062e-05,-1.60029288861496e-05,0,0,1,0
1.149,0.523598775598299,0.525317237906045,-0.00884602956388634,6.42155467477843e-05,0.525317237906045,0.525317237906045,-0.00171846230774653,-0.000631551888518433,-0.000631551888518433,0,0,0,0,0,0,0,0,0,0,0,0,0,1,1150,0,0,0,0,0,0,-1.53857527908086e-05,2.51517259197099e-05,-1.53857527908086e-05,0,0,1,0
1.15,0.523598775598299,0.525308411889488,-0.00880608364699623,6.337160589915e-05,0.525308411889488,0.525308411889488,-0.00170963629118959,-0.000629229725971694,-0.000629229725971694,0,0,0,0,0,0,0,0,0,0,0,0,0,1,1151,0,0,0,0,0,0,-1.47787983415526e-05,2.39600606755444e-05,-1.47787983415526e-05,0,0,1,0
1.151,0.523598775598299,0.525299625585248,-0.0087666003839483,6.25782970034333e-05,0.525299625585248,0.525299625585248,-0.00170084998694919,-0.00062688878967958,-0.00062688878967958,0,0,0,0,0,0,0,0,0,0,0,0,0,1,1152,0,0,0,0,0,0,-1.41822842737449e-05,2.28053398992571e-05,-1.41822842737449e-05,0,0,1,0
1.152,0.523598775598299,0.525290878544148,-0.00872755299487978,6.18336708131335e-05,0.525290878544148,0.525290878544148,-0.00169210294584965,-0.000624529240503849,-0.000624529240503849,0,0,0,0,0,0,0,0,0,0,0,0,0,1,1153,0,0,0,0,0,0,-1.35964032389468e-05,2.16873143283145e-05,-1.35964032389468e-05,0,0,1,0
1.153,0.523598775598299,0.525282170343267,-0.00868891575107807,6.11358039210303e-05,0.525282170343267,0.525282170343267,-0.00168339474496837,-0.000622151285961956,-0.000622151285961956,0,0,0,0,0,0,0,0,0,0,0,0,0,1,1154,0,0,0,0,0,0,-1.30213228572984e-05,2.06056884223542e-05,-1.30213228572984e-05,0,0,1,0
1.154,0.523598775598299,0.525273500584891,-0.00865066395995299,6.0482800598071e-05,0.525273500584891,0.525273500584891,-0.00167472498659182,-0.000619755177238642,-0.000619755177238642,0,0,0,0,0,0,0,0,0,0,0,0,0,1,1155,0,0,0,0,0,0,-1.24571867572421e-05,1.95601233522664e-05,-1.24571867572421e-05,0,0,1,0
1.155,0.523598775598299,0.525264868895487,-0.00861277394907987,5.98727944851498e-05,0.525264868895487,0.525264868895487,-0.00166609329718792,-0.00061734120628867,-0.00061734120628867,0,0,0,0,0,0,0,0,0,0,0,0,0,1,1156,0,0,0,0,0,0,-1.19041155983712e-05,1.85502398968749e-05,-1.19041155983712e-05,0,0,1,0
1.156,0.523598775598299,0.525256274924693,-0.00857522304939092,5.93039501429762e-05,0.525256274924693,0.525256274924693,-0.0016574993263937,-0.000614909703025394,-0.000614909703025394,0,0,0,0,0,0,0,0,0,0,0,0,0,1,1157,0,0,0,0,0,0,-1.13622080779585e-05,1.75756212510573e-05,-1.13622080779585e-05,0,0,1,0
1.157,0.523598775598299,0.52524771834432,-0.00853798957758954,5.87744644662472e-05,0.52524771834432,0.52524771834432,-0.0016489427460209,-0.000612461032599814,-0.000612461032599814,0,0,0,0,0,0,0,0,0,0,0,0,0,1,1158,0,0,0,0,0,0,-1.08315419212746e-05,1.66358157478517e-05,-1.08315419212746e-05,0,0,1,0
1.158,0.523598775598299,0.525239198847378,-0.00850105281785908,5.82825679663472e-05,0.525239198847378,0.525239198847378,-0.00164042324907931,-0.000609995592767573,-0.000609995592767573,0,0,0,0,0,0,0,0,0,0,0,0,0,1,1159,0,0,0,0,0,0,-1.03121748525892e-05,1.57303394883726e-05,-1.03121748525892e-05,0,0,1,0
1.159,0.523598775598299,0.525230716147117,-0.00846439300293552,5.78265259277827e-05,0.525230716147117,0.525230716147117,-0.00163194054881866,-0.000607513811343855,-0.000607513811343855,0,0,0,0,0,0,0,0,0,0,0,0,0,1,1160,0,0,0,0,0,0,-9.80414554885289e-06,1.48586788871015e-05,-9.80414554885289e-06,0,0,1,0
1.16,0.523598775598299,0.525222269976088,-0.00842799129461012,5.74046394433109e-05,0.525222269976088,0.525222269976088,-0.00162349437778964,-0.000605016143745859,-0.000605016143745859,0,0,0,0,0,0,0,0,0,0,0,0,0,1,1161,0,0,0,0,0,0,-9.30747457350556e-06,1.40202931277625e-05,-9.30747457350556e-06,0,0,1,0
1.161,0.523598775598299,0.525213860085224,-0.0083918297637262,5.70152463325821e-05,0.525213860085224,0.525213860085224,-0.00161508448692504,-0.0006025030706229,-0.0006025030706229,0,0,0,0,0,0,0,0,0,0,0,0,0,1,1162,0,0,0,0,0,0,-8.82216529074498e-06,1.32146165327286e-05,-8.82216529074498e-06,0,0,1,0
1.162,0.523598775598299,0.52520548624294,-0.00835589136973092,5.66567219488483e-05,0.52520548624294,0.52520548624294,-0.00160671064464091,-0.000599975095572433,-0.000599975095572433,0,0,0,0,0,0,0,0,0,0,0,0,0,1,1163,0,0,0,0,0,0,-8.34820475881237e-06,1.24410608440808e-05,-8.34820475881237e-06,0,0,1,0
1.163,0.523598775598299,0.525197148234257,-0.00832015993984093,5.63274798786187e-05,0.525197148234257,0.525197148234257,-0.00159837263595808,-0.000597432742940953,-0.000597432742940953,0,0,0,0,0,0,0,0,0,0,0,0,0,1,1164,0,0,0,0,0,0,-7.88556460429302e-06,1.16990174236472e-05,-7.88556460429302e-06,0,0,1,0
1.164,0.523598775598299,0.525188845859944,-0.00828462014787777,5.60259725390663e-05,0.525188845859944,0.525188845859944,-0.00159007026164504,-0.000594876555709993,-0.000594876555709993,0,0,0,0,0,0,0,0,0,0,0,0,0,1,1165,0,0,0,0,0,0,-7.43420187399035e-06,1.09878593646169e-05,-7.43420187399035e-06,0,0,1,0
1.165,0.523598775598299,0.525180578935681,-0.00824925749282679,5.5750691677481e-05,0.525180578935681,0.525180578935681,-0.00158180333738223,-0.000592307093466256,-0.000592307093466256,0,0,0,0,0,0,0,0,0,0,0,0,0,1,1166,0,0,0,0,0,0,-6.99405986592794e-06,1.03069435207705e-05,-6.99405986592794e-06,0,0,1,0
1.166,0.523598775598299,0.525172347291246,-0.00821405827717057,5.55001687770602e-05,0.525172347291246,0.525172347291246,-0.00157357169294747,-0.000589724930452939,-0.000589724930452939,0,0,0,0,0,0,0,0,0,0,0,0,0,1,1167,0,0,0,0,0,0,-6.56506893892406e-06,9.65561245359859e-06,-6.56506893892406e-06,0,0,1,0
1.167,0.523598775598299,0.525164150769722,-0.00817900958504589,5.52729753738978e-05,0.525164150769722,0.525164150769722,-0.00156537517142319,-0.000587130653702292,-0.000587130653702292,0,0,0,0,0,0,0,0,0,0,0,0,0,1,1168,0,0,0,0,0,0,-6.14714730062804e-06,9.03319629873365e-06,-6.14714730062804e-06,0,0,1,0
1.168,0.523598775598299,0.525155989226725,-0.00814409926027029,5.50677232893678e-05,0.525155989226725,0.525155989226725,-0.00155721362842642,-0.000584524861250766,-0.000584524861250766,0,0,0,0,0,0,0,0,0,0,0,0,0,1,1169,0,0,0,0,0,0,-5.74020177290802e-06,8.43901455037334e-06,-5.74020177290802e-06,0,0,1,0
1.169,0.523598775598299,0.525147862529658,-0.00810931588428274,5.48830647812209e-05,0.525147862529658,0.525147862529658,-0.00154908693135947,-0.000581908160428817,-0.000581908160428817,0,0,0,0,0,0,0,0,0,0,0,0,0,1,1170,0,0,0,0,0,0,-5.34412853592237e-06,7.87237776889551e-06,-5.34412853592237e-06,0,0,1,0
1.17,0.523598775598299,0.525139770556983,-0.00807464875404015,5.47176926190613e-05,0.525139770556983,0.525139770556983,-0.00154099495868387,-0.000579281166231628,-0.000579281166231628,0,0,0,0,0,0,0,0,0,0,0,0,0,1,1171,0,0,0,0,0,0,-4.95881384976471e-06,7.3325892102306e-06,-4.95881384976471e-06,0,0,1,0
1.171,0.523598775598299,0.525131713197514,-0.00804008785990936,5.45703400867468e-05,0.525131713197514,0.525131713197514,-0.00153293759921513,-0.000576644499761741,-0.000576644499761741,0,0,0,0,0,0,0,0,0,0,0,0,0,1,1172,0,0,0,0,0,0,-4.58413475468156e-06,6.81894638118481e-06,-4.58413475468156e-06,0,0,1,0
1.172,0.523598775598299,0.52512369034974,-0.00800562386359214,5.44397809171359e-05,0.52512369034974,0.52512369034974,-0.00152491475144145,-0.000573998786751437,-0.000573998786751437,0,0,0,0,0,0,0,0,0,0,0,0,0,1,1173,0,0,0,0,0,0,-4.21995974775324e-06,6.33074251648116e-06,-4.21995974775324e-06,0,0,1,0
1.173,0.523598775598299,0.525115701921162,-0.00797124807611873,5.43248291609638e-05,0.525115701921162,0.525115701921162,-0.00151692632286271,-0.000571344656152984,-0.000571344656152984,0,0,0,0,0,0,0,0,0,0,0,0,0,1,1174,0,0,0,0,0,0,-3.86614943914676e-06,5.86726798728916e-06,-3.86614943914676e-06,0,0,1,0
1.174,0.523598775598299,0.525107747827651,-0.00793695243594345,5.4224338995608e-05,0.525107747827651,0.525107747827651,-0.00150897222935187,-0.000568682738801399,-0.000568682738801399,0,0,0,0,0,0,0,0,0,0,0,0,0,1,1175,0,0,0,0,0,0,-3.52255718583105e-06,5.42781163690928e-06,-3.52255718583105e-06,0,0,1,0
1.175,0.523598775598299,0.525099827992838,-0.00790272948717344,5.41372044766441e-05,0.525099827992838,0.525099827992838,-0.00150105239453902,-0.000566013666149063,-0.000566013666149063,0,0,0,0,0,0,0,0,0,0,0,0,0,1,1176,0,0,0,0,0,0,-3.18902970297685e-06,5.01166204547061e-06,-3.18902970297685e-06,0,0,1,0
1.176,0.523598775598299,0.525091942347515,-0.00786857235796034,5.40623592349719e-05,0.525091942347515,0.525091942347515,-0.00149316674921662,-0.000563338069066998,-0.000563338069066998,0,0,0,0,0,0,0,0,0,0,0,0,0,1,1177,0,0,0,0,0,0,-2.8654076540402e-06,4.61810872762376e-06,-2.8654076540402e-06,0,0,1,0
1.177,0.523598775598299,0.525084090829064,-0.0078344747390826,5.39987761236101e-05,0.525084090829064,0.525084090829064,-0.00148531523076556,-0.000560656576710468,-0.000560656576710468,0,0,0,0,0,0,0,0,0,0,0,0,0,1,1178,0,0,0,0,0,0,-2.55152621975174e-06,4.24644326497536e-06,-2.55152621975174e-06,0,0,1,0
1.178,0.523598775598299,0.525076273380902,-0.00780043086274397,5.39454668181101e-05,0.525076273380902,0.525076273380902,-0.00147749778260342,-0.000557969815451961,-0.000557969815451961,0,0,0,0,0,0,0,0,0,0,0,0,0,1,1179,0,0,0,0,0,0,-2.24721564512365e-06,3.89596037201224e-06,-2.24721564512365e-06,0,0,1,0
1.179,0.523598775598299,0.525068489951953,-0.00776643548161234,5.39014813726941e-05,0.525068489951953,0.525068489951953,-0.00146971435365395,-0.000555278407877145,-0.000555278407877145,0,0,0,0,0,0,0,0,0,0,0,0,0,1,1180,0,0,0,0,0,0,-1.95230176591732e-06,3.56595890050899e-06,-1.95230176591732e-06,0,0,1,0
1.18,0.523598775598299,0.525060740496135,-0.00773248384812133,5.38659077354093e-05,0.525060740496135,0.525060740496135,-0.00146196489783634,-0.00055258297183947,-0.00055258297183947,0,0,0,0,0,0,0,0,0,0,0,0,0,1,1181,0,0,0,0,0,0,-1.66660651390593e-06,3.25574278164237e-06,-1.66660651390593e-06,0,0,1,0
1.181,0.523598775598299,0.525053024971875,-0.00769857169405518,5.38378712262542e-05,0.525053024971875,0.525053024971875,-0.00145424937357608,-0.000549884119576945,-0.000549884119576945,0,0,0,0,0,0,0,0,0,0,0,0,0,1,1182,0,0,0,0,0,0,-1.38994840204187e-06,2.96462190982122e-06,-1.38994840204187e-06,0,0,1,0
1.182,0.523598775598299,0.525045343341634,-0.00766469521043611,5.38165339801107e-05,0.525045343341634,0.525045343341634,-0.00144656774333551,-0.000547182456885318,-0.000547182456885318,0,0,0,0,0,0,0,0,0,0,0,0,0,1,1183,0,0,0,0,0,0,-1.12214298875202e-06,2.69191296704352e-06,-1.12214298875202e-06,0,0,1,0
1.183,0.523598775598299,0.525037695571464,-0.00763085102773169,5.38010943579037e-05,0.525037695571464,0.525037695571464,-0.0014389199731647,-0.000544478582347985,-0.000544478582347985,0,0,0,0,0,0,0,0,0,0,0,0,0,1,1184,0,0,0,0,0,0,-8.63003322693068e-07,2.43694019232089e-06,-8.63003322693068e-07,0,0,1,0
1.184,0.523598775598299,0.525030081630571,-0.00759703619639822,5.37907863284428e-05,0.525030081630571,0.525030081630571,-0.00143130603227171,-0.000541773086619953,-0.000541773086619953,0,0,0,0,0,0,0,0,0,0,0,0,0,1,1185,0,0,0,0,0,0,-6.12340367966979e-07,2.19903609698828e-06,-6.12340367966979e-07,0,0,1,0
1.185,0.523598775598299,0.525022501490911,-0.0075632481677748,5.37848788236879e-05,0.525022501490911,0.525022501490911,-0.00142372589261208,-0.000539066551763882,-0.000539066551763882,0,0,0,0,0,0,0,0,0,0,0,0,0,1,1186,0,0,0,0,0,0,-3.69963409685425e-07,1.97754212640736e-06,-3.69963409685425e-07,0,0,1,0
1.186,0.523598775598299,0.525014955126796,-0.00752948477534133,5.37826750701266e-05,0.525014955126796,0.525014955126796,-0.00141617952849737,-0.000536359550637416,-0.000536359550637416,0,0,0,0,0,0,0,0,0,0,0,0,0,1,1187,0,0,0,0,0,0,-1.35680441548658e-07,1.77180927334432e-06,-1.35680441548658e-07,0,0,1,0
1.187,0.523598775598299,0.525007442514521,-0.00749574421635216,5.37835118984871e-05,0.525007442514521,0.525007442514521,-0.0014086669162221,-0.000533652646329287,-0.000533652646329287,0,0,0,0,0,0,0,0,0,0,0,0,0,1,1188,0,0,0,0,0,0,9.07014666706729e-08,1.58119863803404e-06,9.07014666706729e-08,0,0,1,0
1.188,0.523598775598299,0.524999963632008,-0.00746202503385614,5.37867590342496e-05,0.524999963632008,0.524999963632008,-0.00140118803370937,-0.000530946391644121,-0.000530946391644121,0,0,0,0,0,0,0,0,0,0,0,0,0,1,1189,0,0,0,0,0,0,3.09375818408064e-07,1.40508194461505e-06,3.09375818408064e-07,0,0,1,0
1.189,0.523598775598299,0.524992518458473,-0.00742832609911251,5.37918183707545e-05,0.524992518458473,0.524992518458473,-0.00139374286017369,-0.000528241328631373,-0.000528241328631373,0,0,0,0,0,0,0,0,0,0,0,0,0,1,1190,0,0,0,0,0,0,5.20536358128432e-07,1.24284200978724e-06,5.20536358128432e-07,0,0,1,0
1.19,0.523598775598299,0.5249851069741,-0.00739464659441075,5.37981232276998e-05,0.5249851069741,0.5249851069741,-0.00138633137580135,-0.000525537988158731,-0.000525537988158731,0,0,0,0,0,0,0,0,0,0,0,0,0,1,1191,0,0,0,0,0,0,7.24376756022771e-07,1.09387316876838e-06,7.24376756022771e-07,0,0,1,0
1.191,0.523598775598299,0.524977729159746,-0.00736098599630161,5.38051375968353e-05,0.524977729159746,0.524977729159746,-0.00137895356144768,-0.000522836889527591,-0.000522836889527591,0,0,0,0,0,0,0,0,0,0,0,0,0,1,1192,0,0,0,0,0,0,9.21090309802253e-07,9.57581658544461e-07,9.21090309802253e-07,0,0,1,0
1.192,0.523598775598299,0.52497038499665,-0.00732734405924502,5.38123553769019e-05,0.52497038499665,0.52497038499665,-0.00137160939835135,-0.000520138540130689,-0.000520138540130689,0,0,0,0,0,0,0,0,0,0,0,0,0,1,1193,0,0,0,0,0,0,1.1108696638118e-06,8.33385958324759e-07,1.1108696638118e-06,0,0,1,0
1.193,0.523598775598299,0.524963074466163,-0.0072937207996802,5.38192995991932e-05,0.524963074466163,0.524963074466163,-0.00136429886786427,-0.000517443435147187,-0.000517443435147187,0,0,0,0,0,0,0,0,0,0,0,0,0,1,1194,0,0,0,0,0,0,1.29390654290962e-06,7.20717094608581e-07,1.29390654290962e-06,0,0,1,0
1.194,0.523598775598299,0.524955797549496,-0.00726011648052186,5.38255216461985e-05,0.524955797549496,0.524955797549496,-0.00135702195119713,-0.000514752057275066,-0.000514752057275066,0,0,0,0,0,0,0,0,0,0,0,0,0,1,1195,0,0,0,0,0,0,1.47039150288908e-06,6.19018906505581e-07,1.47039150288908e-06,0,0,1,0
1.195,0.523598775598299,0.52494855422748,-0.00722653159608539,5.38306004649876e-05,0.52494855422748,0.52494855422748,-0.00134977862918118,-0.000512064876501886,-0.000512064876501886,0,0,0,0,0,0,0,0,0,0,0,0,0,1,1196,0,0,0,0,0,0,1.64051369622165e-06,5.27748275049728e-07,1.64051369622165e-06,0,0,1,0
1.196,0.523598775598299,0.524941344480342,-0.00719296685744342,5.38341417760874e-05,0.524941344480342,0.524941344480342,-0.00134256888204343,-0.000509382349906334,-0.000509382349906334,0,0,0,0,0,0,0,0,0,0,0,0,0,1,1197,0,0,0,0,0,0,1.80446065256579e-06,4.46375318394719e-07,1.80446065256579e-06,0,0,1,0
1.197,0.523598775598299,0.524934168287497,-0.00715942317821504,5.38357772807727e-05,0.524934168287497,0.524934168287497,-0.00133539268919769,-0.000506704921495882,-0.000506704921495882,0,0,0,0,0,0,0,0,0,0,0,0,0,1,1198,0,0,0,0,0,0,1.96241807315367e-06,3.74383555662959e-07,1.96241807315367e-06,0,0,1,0
1.198,0.523598775598299,0.524927025627347,-0.00712590166078809,5.38351638669052e-05,0.524927025627347,0.524927025627347,-0.00132825002904835,-0.000504033022072737,-0.000504033022072737,0,0,0,0,0,0,0,0,0,0,0,0,0,1,1199,0,0,0,0,0,0,2.11456963972179e-06,3.11270037953171e-07,2.11456963972179e-06,0,0,1,0
1.199,0.523598775598299,0.524919916477108,-0.00709240358297439,5.38319828158943e-05,0.524919916477108,0.524919916477108,-0.00132114087880875,-0.000501367069132278,-0.000501367069132278,0,0,0,0,0,0,0,0,0,0,0,0,0,1,1200,0,0,0,0,0,0,2.26109683720832e-06,2.5654544894135e-07,2.26109683720832e-06,0,0,1,0
1.2,0.523598775598299,0.524912840812631,-0.00705893038509687,5.38259390110211e-05,0.524912840812631,0.524912840812631,-0.00131406521433208,-0.000498707466788285,-0.000498707466788285,0,0,0,0,0,0,0,0,0,0,0,0,0,1,1201,0,0,0,0,0,0,2.40217878888505e-06,2.0973417894565e-07,2.40217878888505e-06,0,0,1,0
1.201,0.523598775598299,0.524905798608254,-0.00702548365750705,5.38167601490492e-05,0.524905798608254,0.524905798608254,-0.00130702300995522,-0.000496054605725643,-0.000496054605725643,0,0,0,0,0,0,0,0,0,0,0,0,0,1,1202,0,0,0,0,0,0,2.53799210425676e-06,1.70374371776059e-07,2.53799210425676e-06,0,0,1,0
1.202,0.523598775598299,0.524898789836654,-0.00699206512853059,5.38041959560528e-05,0.524898789836654,0.524898789836654,-0.00130001423835469,-0.000493408863178469,-0.000493408863178469,0,0,0,0,0,0,0,0,0,0,0,0,0,1,1203,0,0,0,0,0,0,2.66871074006136e-06,1.38017943724852e-07,2.66871074006136e-06,0,0,1,0
1.203,0.523598775598299,0.524891814468713,-0.00695867665283799,5.37880174086134e-05,0.524891814468713,0.524891814468713,-0.00129303887041465,-0.000490770602932886,-0.000490770602932886,0,0,0,0,0,0,0,0,0,0,0,0,0,1,1204,0,0,0,0,0,0,2.79450587203911e-06,1.12230581180046e-07,2.79450587203911e-06,0,0,1,0
1.204,0.523598775598299,0.524884872473405,-0.00692532020023708,5.37680159612718e-05,0.524884872473405,0.524884872473405,-0.00128609687510595,-0.000488140175351549,-0.000488140175351549,0,0,0,0,0,0,0,0,0,0,0,0,0,1,1205,0,0,0,0,0,0,2.91554577880326e-06,9.25917134427141e-08,2.91554577880326e-06,0,0,1,0
1.205,0.523598775598299,0.524877963817675,-0.00689199784488325,5.37440027816036e-05,0.524877963817675,0.524877963817675,-0.00127918821937656,-0.000485517917421305,-0.000485517917421305,0,0,0,0,0,0,0,0,0,0,0,0,0,1,1206,0,0,0,0,0,0,3.03199573603585e-06,7.8694465683888e-08,3.03199573603585e-06,0,0,1,0
1.206,0.523598775598299,0.524871088466351,-0.00685871175490302,5.37158079932224e-05,0.524871088466351,0.524871088466351,-0.00127231286805252,-0.000482904152820513,-0.000482904152820513,0,0,0,0,0,0,0,0,0,0,0,0,0,1,1207,0,0,0,0,0,0,3.14401792222974e-06,7.01455888912211e-08,3.14401792222974e-06,0,0,1,0
1.207,0.523598775598299,0.524864246382048,-0.00682546418242606,5.36832799278783e-05,0.524864246382048,0.524864246382048,-0.00126547078374906,-0.000480299192005947,-0.000480299192005947,0,0,0,0,0,0,0,0,0,0,0,0,0,1,1208,0,0,0,0,0,0,3.25177133375654e-06,6.65653729068662e-08,3.25177133375654e-06,0,0,1,0
1.208,0.523598775598299,0.52485743752509,-0.00679225745402036,5.36462843872752e-05,0.52485743752509,0.52485743752509,-0.00125866192679125,-0.000477703332316784,-0.000477703332316784,0,0,0,0,0,0,0,0,0,0,0,0,0,1,1209,0,0,0,0,0,0,3.35541170992659e-06,6.75875408352906e-08,3.35541170992659e-06,0,0,1,0
1.209,0.523598775598299,0.524850661853443,-0.00675909396152487,5.36047039156418e-05,0.524850661853443,0.524850661853443,-0.00125188625514394,-0.000475116858095306,-0.000475116858095306,0,0,0,0,0,0,0,0,0,0,0,0,0,1,1210,0,0,0,0,0,0,3.45509146715273e-06,7.28591273055877e-08,3.45509146715273e-06,0,0,1,0
1.21,0.523598775598299,0.52484391932265,-0.00672597615327331,5.35584370836612e-05,0.52484391932265,0.52484391932265,-0.00124514372435147,-0.000472540040825476,-0.000472540040825476,0,0,0,0,0,0,0,0,0,0,0,0,0,1,1211,0,0,0,0,0,0,3.55095964299501e-06,8.20403385222261e-08,3.55095964299501e-06,0,0,1,0
1.211,0.523598775598299,0.524837209885784,-0.00669290652570294,5.35073977836109e-05,0.524837209885784,0.524837209885784,-0.00123843428748505,-0.000469973139283628,-0.000469973139283628,0,0,0,0,0,0,0,0,0,0,0,0,0,1,1212,0,0,0,0,0,0,3.64316184775504e-06,9.48044004667713e-08,3.64316184775504e-06,0,0,1,0
1.212,0.523598775598299,0.524830533493398,-0.00665988761534156,5.34515145372798e-05,0.524830533493398,0.524830533493398,-0.00123175789509888,-0.000467416399704272,-0.000467416399704272,0,0,0,0,0,0,0,0,0,0,0,0,0,1,1213,0,0,0,0,0,0,3.73184022472994e-06,1.10837392247338e-07,3.73184022472994e-06,0,0,1,0
1.213,0.523598775598299,0.524823890093492,-0.00662692199116581,5.33907298165101e-05,0.524823890093492,0.524823890093492,-0.00122511449519336,-0.000464870055956219,-0.000464870055956219,0,0,0,0,0,0,0,0,0,0,0,0,0,1,1214,0,0,0,0,0,0,3.81713341768286e-06,1.29838068490228e-07,3.81713341768286e-06,0,0,1,0
1.214,0.523598775598299,0.524817279631486,-0.00659401224732322,5.3324999377605e-05,0.524817279631486,0.524817279631486,-0.00121850403318724,-0.000462334329734717,-0.000462334329734717,0,0,0,0,0,0,0,0,0,0,0,0,0,1,1215,0,0,0,0,0,0,3.89917654708416e-06,1.51517666580493e-07,3.89917654708416e-06,0,0,1,0
1.215,0.523598775598299,0.524810702050194,-0.00656116099621095,5.32542916083773e-05,0.524810702050194,0.524810702050194,-0.00121192645189505,-0.000459809430758833,-0.000459809430758833,0,0,0,0,0,0,0,0,0,0,0,0,0,1,1216,0,0,0,0,0,0,3.9781011920148e-06,1.75599707131005e-07,3.9781011920148e-06,0,0,1,0
1.216,0.523598775598299,0.524804157289812,-0.00652837086190334,5.31785868903127e-05,0.524804157289812,0.524804157289812,-0.00120538169151274,-0.000457295556982822,-0.000457295556982822,0,0,0,0,0,0,0,0,0,0,0,0,0,1,1217,0,0,0,0,0,0,4.05403537950821e-06,2.01819782816304e-07,4.05403537950821e-06,0,0,1,0
1.217,0.523598775598299,0.524797645287908,-0.00649564447392051,5.3097876974399e-05,0.524797645287908,0.524797645287908,-0.00119886968960903,-0.000454792894814328,-0.000454792894814328,0,0,0,0,0,0,0,0,0,0,0,0,0,1,1218,0,0,0,0,0,0,4.12710358055346e-06,2.29925337643776e-07,4.12710358055346e-06,0,0,1,0
1.218,0.523598775598299,0.524791165979422,-0.00646298446133004,5.30121643718006e-05,0.524791165979422,0.524791165979422,-0.00119239038112273,-0.000452301619340394,-0.000452301619340394,0,0,0,0,0,0,0,0,0,0,0,0,0,1,1219,0,0,0,0,0,0,4.19742671087242e-06,2.59675441681168e-07,4.19742671087242e-06,0,0,1,0
1.219,0.523598775598299,0.524784719296665,-0.0064303934471736,5.29214617595941e-05,0.524784719296665,0.524784719296665,-0.00118594369836611,-0.000449821894561324,-0.000449821894561324,0,0,0,0,0,0,0,0,0,0,0,0,0,1,1220,0,0,0,0,0,0,4.26512213935748e-06,2.90840553382552e-07,4.26512213935748e-06,0,0,1,0
1.22,0.523598775598299,0.524778305169333,-0.00639787404321027,5.28257914014692e-05,0.524778305169333,0.524778305169333,-0.00117952957103384,-0.000447353873631624,-0.000447353873631624,0,0,0,0,0,0,0,0,0,0,0,0,0,1,1221,0,0,0,0,0,0,4.33030370028398e-06,3.23202279927173e-07,4.33030370028398e-06,0,0,1,0
1.221,0.523598775598299,0.524771923524515,-0.00636542884496835,5.27251845833826e-05,0.524771923524515,0.524771923524515,-0.00117314792621626,-0.00044489769910417,-0.00044489769910417,0,0,0,0,0,0,0,0,0,0,0,0,0,1,1222,0,0,0,0,0,0,4.39308171107378e-06,3.56553130665804e-07,4.39308171107378e-06,0,0,1,0
1.222,0.523598775598299,0.524765574286717,-0.00633306042709718,5.26196810651603e-05,0.524765574286717,0.524765574286717,-0.00116679868841851,-0.000442453503182535,-0.000442453503182535,0,0,0,0,0,0,0,0,0,0,0,0,0,1,1223,0,0,0,0,0,0,4.45356299538791e-06,3.90696264188084e-07,4.45356299538791e-06,0,0,1,0
1.223,0.523598775598299,0.524759257377882,-0.00630077133901059,5.25093285468868e-05,0.524759257377882,0.524759257377882,-0.00116048177958328,-0.000440021407974668,-0.000440021407974668,0,0,0,0,0,0,0,0,0,0,0,0,0,1,1224,0,0,0,0,0,0,4.51185090999395e-06,4.25445233092226e-07,4.51185090999395e-06,0,0,1,0
1.224,0.523598775598299,0.524752972717417,-0.00626856410081356,5.23941821513107e-05,0.524752972717417,0.524752972717417,-0.00115419711911802,-0.000437601525751354,-0.000437601525751354,0,0,0,0,0,0,0,0,0,0,0,0,0,1,1225,0,0,0,0,0,0,4.56804537596334e-06,4.60623724848116e-07,4.56804537596334e-06,0,0,1,0
1.225,0.523598775598299,0.524746720222225,-0.00623644119950349,5.22743039217225e-05,0.524746720222225,0.524746720222225,-0.00114794462392631,-0.000435193959207777,-0.000435193959207777,0,0,0,0,0,0,0,0,0,0,0,0,0,1,1226,0,0,0,0,0,0,4.62224291408742e-06,4.96065298912548e-07,4.62224291408742e-06,0,0,1,0
1.226,0.523598775598299,0.524740499806742,-0.00620440508543761,5.21497623352833e-05,0.524740499806742,0.524740499806742,-0.00114172420844305,-0.000432798801727999,-0.000432798801727999,0,0,0,0,0,0,0,0,0,0,0,0,0,1,1227,0,0,0,0,0,0,4.67453668406836e-06,5.31613121195536e-07,4.67453668406836e-06,0,0,1,0
1.227,0.523598775598299,0.524734311382971,-0.00617245816905821,5.20206318316366e-05,0.524734311382971,0.524734311382971,-0.00113553578467218,-0.000430416137648903,-0.000430416137648903,0,0,0,0,0,0,0,0,0,0,0,0,0,1,1228,0,0,0,0,0,0,4.72501652659663e-06,5.67119698124171e-07,4.72501652659663e-06,0,0,1,0
1.228,0.523598775598299,0.524728154860527,-0.0061406028178671,5.18869923575815e-05,0.524728154860527,0.524728154860527,-0.00112937926222867,-0.00042804604252826,-0.00042804604252826,0,0,0,0,0,0,0,0,0,0,0,0,0,1,1229,0,0,0,0,0,0,4.77376900875903e-06,6.02446608960906e-07,4.77376900875903e-06,0,0,1,0
1.229,0.523598775598299,0.524722030146681,-0.00610884135364091,5.1748928926596e-05,0.524722030146681,0.524722030146681,-0.00112325454838258,-0.000425688583411319,-0.000425688583411319,0,0,0,0,0,0,0,0,0,0,0,0,0,1,1230,0,0,0,0,0,0,4.82087747222248e-06,6.37464237735873e-07,4.82087747222248e-06,0,0,1,0
1.23,0.523598775598299,0.524715937146405,-0.00607717604987887,5.1606531194021e-05,0.524715937146405,0.524715937146405,-0.00111716154810593,-0.000423343819097925,-0.000423343819097925,0,0,0,0,0,0,0,0,0,0,0,0,0,1,1231,0,0,0,0,0,0,4.86642208463728e-06,6.72051503436671e-07,4.86642208463728e-06,0,0,1,0
1.231,0.523598775598299,0.524709875762421,-0.00604560912947481,5.14598930475642e-05,0.524709875762421,0.524709875762421,-0.00111110016412264,-0.00042101180041117,-0.00042101180041117,0,0,0,0,0,0,0,0,0,0,0,0,0,1,1232,0,0,0,0,0,0,4.91047989270577e-06,7.06095592524839e-07,4.91047989270577e-06,0,0,1,0
1.232,0.523598775598299,0.524703845895259,-0.00601414276260499,5.13091122123786e-05,0.524703845895259,0.524703845895259,-0.00110507029695972,-0.000418692570462665,-0.000418692570462665,0,0,0,0,0,0,0,0,0,0,0,0,0,1,1233,0,0,0,0,0,0,4.95312487791555e-06,7.39491690890728e-07,4.95312487791555e-06,0,0,1,0
1.233,0.523598775598299,0.5246978474433,-0.00598277906482384,5.115428987161e-05,0.5246978474433,0.5246978474433,-0.00109907184500124,-0.000416386164918776,-0.000416386164918776,0,0,0,0,0,0,0,0,0,0,0,0,0,1,1234,0,0,0,0,0,0,4.99442801416006e-06,7.72142717215662e-07,4.99442801416006e-06,0,0,1,0
1.234,0.523598775598299,0.524691880302843,-0.00595152009535939,5.09955303013815e-05,0.524691880302843,0.524691880302843,-0.00109310470454371,-0.0004140926122644,-0.0004140926122644,0,0,0,0,0,0,0,0,0,0,0,0,0,1,1235,0,0,0,0,0,0,5.03445732702446e-06,8.03959058149045e-07,5.03445732702446e-06,0,0,1,0
1.235,0.523598775598299,0.524685944368152,-0.00592036785560045,5.0832940520458e-05,0.524685944368152,0.524685944368152,-0.00108716876985326,-0.000411811934065317,-0.000411811934065317,0,0,0,0,0,0,0,0,0,0,0,0,0,1,1236,0,0,0,0,0,0,5.07327795495893e-06,8.34858304580525e-07,5.07327795495893e-06,0,0,1,0
1.236,0.523598775598299,0.524680039531523,-0.00588932428776778,5.06666299542124e-05,0.524680039531523,0.524680039531523,-0.00108126393322416,-0.000409544145228124,-0.000409544145228124,0,0,0,0,0,0,0,0,0,0,0,0,0,1,1237,0,0,0,0,0,0,5.11095221167324e-06,8.64764990595335e-07,5.11095221167324e-06,0,0,1,0
1.237,0.523598775598299,0.524674165683337,-0.0058583912737614,5.04967101127809e-05,0.524674165683337,0.524674165683337,-0.00107539008503843,-0.000407289254257277,-0.000407289254257277,0,0,0,0,0,0,0,0,0,0,0,0,0,1,1238,0,0,0,0,0,0,5.14753964964143e-06,8.93610335281521e-07,5.14753964964143e-06,0,0,1,0
1.238,0.523598775598299,0.524668322712126,-0.00582757063417652,5.03232942832867e-05,0.524668322712126,0.524668322712126,-0.00106954711382679,-0.000405047263510038,-0.000405047263510038,0,0,0,0,0,0,0,0,0,0,0,0,0,1,1239,0,0,0,0,0,0,5.1830971248279e-06,9.2133198690246e-07,5.1830971248279e-06,0,0,1,0
1.239,0.523598775598299,0.524662510504629,-0.00579686412748052,5.01464972356168e-05,0.524662510504629,0.524662510504629,-0.00106373490633038,-0.000402818169447984,-0.000402818169447984,0,0,0,0,0,0,0,0,0,0,0,0,0,1,1240,0,0,0,0,0,0,5.21767886219049e-06,9.4787377046858e-07,5.21767886219049e-06,0,0,1,0
1.24,0.523598775598299,0.524656728945862,-0.00576627344934367,4.99664349416718e-05,0.524656728945862,0.524656728945862,-0.0010579533475632,-0.000400601962884932,-0.000400601962884932,0,0,0,0,0,0,0,0,0,0,0,0,0,1,1241,0,0,0,0,0,0,5.25133652207188e-06,9.73185438252026e-07,5.25133652207188e-06,0,0,1,0
1.241,0.523598775598299,0.524650977919174,-0.00573580023211636,4.97832243078951e-05,0.524650977919174,0.524650977919174,-0.00105220232087522,-0.000398398629231773,-0.000398398629231773,0,0,0,0,0,0,0,0,0,0,0,0,0,1,1242,0,0,0,0,0,0,5.28411926725703e-06,9.97222423664533e-07,5.28411926725703e-06,0,0,1,0
1.242,0.523598775598299,0.524645257306315,-0.00570544604444583,4.95969829206305e-05,0.524645257306315,0.524645257306315,-0.00104648170801602,-0.000396208148737473,-0.000396208148737473,0,0,0,0,0,0,0,0,0,0,0,0,0,1,1243,0,0,0,0,0,0,5.31607383003063e-06,1.01994560014126e-06,5.31607383003063e-06,0,0,1,0
1.243,0.523598775598299,0.524639566987497,-0.00567521239102543,4.94078288040865e-05,0.524639566987497,0.524639566987497,-0.00104079138919844,-0.000394030496725187,-0.000394030496725187,0,0,0,0,0,0,0,0,0,0,0,0,0,1,1244,0,0,0,0,0,0,5.34724457978974e-06,1.04132104335143e-06,5.34724457978974e-06,0,0,1,0
1.244,0.523598775598299,0.524633906841461,-0.00564510071246967,4.9215880190925e-05,0.524633906841461,0.524633906841461,-0.00103513124316235,-0.000391865643824298,-0.000391865643824298,0,0,0,0,0,0,0,0,0,0,0,0,0,1,1245,0,0,0,0,0,0,5.37767359076735e-06,1.06131979776738e-06,5.37767359076735e-06,0,0,1,0
1.245,0.523598775598299,0.524628276745538,-0.0056151123853083,4.90212553050633e-05,0.524628276745538,0.524628276745538,-0.00102950114723932,-0.000389713556200004,-0.000389713556200004,0,0,0,0,0,0,0,0,0,0,0,0,0,1,1246,0,0,0,0,0,0,5.40740071031109e-06,1.07991764625604e-06,5.40740071031109e-06,0,0,1,0
1.246,0.523598775598299,0.524622676575715,-0.00558524872209307,4.88240721557498e-05,0.524622676575715,0.524622676575715,-0.00102390097741656,-0.000387574195776726,-0.000387574195776726,0,0,0,0,0,0,0,0,0,0,0,0,0,1,1247,0,0,0,0,0,0,5.43646362649586e-06,1.09709488579478e-06,5.43646362649586e-06,0,0,1,0
1.247,0.523598775598299,0.524617106206699,-0.0055555109716111,4.86244483433566e-05,0.524617106206699,0.524617106206699,-0.00101833060840018,-0.000385447520455516,-0.000385447520455516,0,0,0,0,0,0,0,0,0,0,0,0,0,1,1248,0,0,0,0,0,0,5.46489793529226e-06,1.11283610857056e-06,5.46489793529226e-06,0,0,1,0
1.248,0.523598775598299,0.524611565511979,-0.00552590031919828,4.84225008769507e-05,0.524611565511979,0.524611565511979,-0.0010127899136797,-0.00038333348433071,-0.00038333348433071,0,0,0,0,0,0,0,0,0,0,0,0,0,1,1249,0,0,0,0,0,0,5.49273720873433e-06,1.12712998438834e-06,5.49273720873433e-06,0,0,1,0
1.249,0.523598775598299,0.52460605436389,-0.00549641788714703,4.82183460018532e-05,0.52460605436389,0.52460605436389,-0.0010072787655907,-0.000381232037897583,-0.000381232037897583,0,0,0,0,0,0,0,0,0,0,0,0,0,1,1250,0,0,0,0,0,0,5.52001306097782e-06,1.13996905264611e-06,5.52001306097782e-06,0,0,1,0
1.25,0.523598775598299,0.524600572633676,-0.0054670647352026,4.80120990385596e-05,0.524600572633676,0.524600572633676,-0.00100179703537762,-0.000379143128256881,-0.000379143128256881,0,0,0,0,0,0,0,0,0,0,0,0,0,1,1251,0,0,0,0,0,0,5.54675521535763e-06,1.15134951529823e-06,5.54675521535763e-06,0,0,1,0
1.251,0.523598775598299,0.524595120191555,-0.00543784186114208,4.78038742318499e-05,0.524595120191555,0.524595120191555,-0.000996344593256371,-0.000377066699315164,-0.000377066699315164,0,0,0,0,0,0,0,0,0,0,0,0,0,1,1252,0,0,0,0,0,0,5.57299157011304e-06,1.16127103697234e-06,5.57299157011304e-06,0,0,1,0
1.252,0.523598775598299,0.524589696906775,-0.00540875020143082,4.7593784609563e-05,0.524589696906775,0.524589696906775,-0.000990921308475889,-0.000375002691978714,-0.000375002691978714,0,0,0,0,0,0,0,0,0,0,0,0,0,1,1253,0,0,0,0,0,0,5.59874826389084e-06,1.16973654908266e-06,5.59874826389084e-06,0,0,1,0
1.253,0.523598775598299,0.524584302647678,-0.00537979063195091,4.73819418512905e-05,0.524584302647678,0.524584302647678,-0.00098552704937882,-0.00037295104434207,-0.00037295104434207,0,0,0,0,0,0,0,0,0,0,0,0,0,1,1254,0,0,0,0,0,0,5.6240497401383e-06,1.17675206019003e-06,5.6240497401383e-06,0,0,1,0
1.254,0.523598775598299,0.524578937281761,-0.00535096396879656,4.71684561666756e-05,0.524578937281761,0.524578937281761,-0.000980161683461933,-0.000370911691872533,-0.000370911691872533,0,0,0,0,0,0,0,0,0,0,0,0,0,1,1255,0,0,0,0,0,0,5.64891881094098e-06,1.18232647095418e-06,5.64891881094098e-06,0,0,1,0
1.255,0.523598775598299,0.524573600675734,-0.00532227096913136,4.6953436182566e-05,0.524573600675734,0.524573600675734,-0.000974825077435404,-0.000368884567588677,-0.000368884567588677,0,0,0,0,0,0,0,0,0,0,0,0,0,1,1256,0,0,0,0,0,0,5.67337672008339e-06,1.18647139414098e-06,5.67337672008339e-06,0,0,1,0
1.256,0.523598775598299,0.52456829269558,-0.00529371233210264,4.67369888390559e-05,0.52456829269558,0.52456829269558,-0.000969517097281436,-0.00036686960223421,-0.00036686960223421,0,0,0,0,0,0,0,0,0,0,0,0,0,1,1257,0,0,0,0,0,0,5.6974432053325e-06,1.18920097955241e-06,5.6974432053325e-06,0,0,1,0
1.257,0.523598775598299,0.52456301320661,-0.00526528869980834,4.65192192938954e-05,0.52456301320661,0.52456301320661,-0.000964237608311658,-0.000364866724445831,-0.000364866724445831,0,0,0,0,0,0,0,0,0,0,0,0,0,1,1258,0,0,0,0,0,0,5.72113655927797e-06,1.19053174552465e-06,5.72113655927797e-06,0,0,1,0
1.258,0.523598775598299,0.524557762073523,-0.00523700065831181,4.63002308352543e-05,0.524557762073523,0.524557762073523,-0.000958986475223744,-0.000362875860916409,-0.000362875860916409,0,0,0,0,0,0,0,0,0,0,0,0,0,1,1259,0,0,0,0,0,0,5.74447368950626e-06,1.19048241476556e-06,5.74447368950626e-06,0,0,1,0
1.259,0.523598775598299,0.524552539160456,-0.00520884873870035,4.60801248023027e-05,0.524552539160456,0.524552539160456,-0.000953763562156706,-0.000360896936552127,-0.000360896936552127,0,0,0,0,0,0,0,0,0,0,0,0,0,1,1260,0,0,0,0,0,0,5.76747017766444e-06,1.18907375559881e-06,5.76747017766444e-06,0,0,1,0
1.26,0.523598775598299,0.524547344331044,-0.00518083341818308,4.58590005135975e-05,0.524547344331044,0.524547344331044,-0.000948568732745625,-0.000358929874625808,-0.000358929874625808,0,0,0,0,0,0,0,0,0,0,0,0,0,1,1261,0,0,0,0,0,0,5.7901403375249e-06,1.18632842818203e-06,5.7901403375249e-06,0,0,1,0
1.261,0.523598775598299,0.524542177448474,-0.00515295512122441,4.56369552024561e-05,0.524542177448474,0.524542177448474,-0.000943401850174941,-0.000356974596924158,-0.000356974596924158,0,0,0,0,0,0,0,0,0,0,0,0,0,1,1262,0,0,0,0,0,0,5.81249727193978e-06,1.18227083588602e-06,5.81249727193978e-06,0,0,1,0
1.262,0.523598775598299,0.524537038375529,-0.00512521422070909,4.5414083959441e-05,0.524537038375529,0.524537038375529,-0.000938262777230414,-0.000355031023889348,-0.000355031023889348,0,0,0,0,0,0,0,0,0,0,0,0,0,1,1263,0,0,0,0,0,0,5.83455292813007e-06,1.17692698319754e-06,5.83455292813007e-06,0,0,1,0
1.263,0.523598775598299,0.524531926974649,-0.00509761103913534,4.51904796817942e-05,0.524531926974649,0.524531926974649,-0.000933151376350194,-0.000353099074756245,-0.000353099074756245,0,0,0,0,0,0,0,0,0,0,0,0,0,1,1264,0,0,0,0,0,0,5.85631815275267e-06,1.17032433612392e-06,5.85631815275267e-06,0,0,1,0
1.264,0.523598775598299,0.524526843107973,-0.00507014584983219,4.49662330292115e-05,0.524526843107973,0.524526843107973,-0.000928067509674668,-0.000351178667684535,-0.000351178667684535,0,0,0,0,0,0,0,0,0,0,0,0,0,1,1265,0,0,0,0,0,0,5.87780274485805e-06,1.16249169010733e-06,5.87780274485805e-06,0,0,1,0
1.265,0.523598775598299,0.524521786637394,-0.00504281887819797,4.4741432385743e-05,0.524521786637394,0.524521786637394,-0.000923011039094868,-0.000349269719885213,-0.000349269719885213,0,0,0,0,0,0,0,0,0,0,0,0,0,1,1266,0,0,0,0,0,0,5.89901550773764e-06,1.15345904260237e-06,5.89901550773764e-06,0,0,1,0
1.266,0.523598775598299,0.524516757424599,-0.00501563030295652,4.45161638277556e-05,0.524516757424599,0.524516757424599,-0.000917981826299985,-0.000347372147743087,-0.000347372147743087,0,0,0,0,0,0,0,0,0,0,0,0,0,1,1267,0,0,0,0,0,0,5.91996430010511e-06,1.14325746902169e-06,5.91996430010511e-06,0,0,1,0
1.267,0.523598775598299,0.524511755331122,-0.0049885802574281,4.42905110973288e-05,0.524511755331122,0.524511755331122,-0.000912979732823227,-0.000345485866933275,-0.000345485866933275,0,0,0,0,0,0,0,0,0,0,0,0,0,1,1268,0,0,0,0,0,0,5.94065608516825e-06,1.13191900585593e-06,5.94065608516825e-06,0,0,1,0
1.268,0.523598775598299,0.524506780218385,-0.00496166883081207,4.40645555812487e-05,0.524506780218385,0.524506780218385,-0.000908004620086666,-0.00034361079253361,-0.00034361079253361,0,0,0,0,0,0,0,0,0,0,0,0,0,1,1269,0,0,0,0,0,0,5.96109697936775e-06,1.11947653604278e-06,5.96109697936775e-06,0,0,1,0
1.269,0.523598775598299,0.524501831947744,-0.00493489606947845,4.38383762950266e-05,0.524501831947744,0.524501831947744,-0.000903056349444764,-0.000341746839132161,-0.000341746839132161,0,0,0,0,0,0,0,0,0,0,0,0,0,1,1270,0,0,0,0,0,0,5.98129229900657e-06,1.10596368130397e-06,5.98129229900657e-06,0,0,1,0
1.27,0.523598775598299,0.524496910380525,-0.00490826197826576,4.36120498717711e-05,0.524496910380525,0.524496910380525,-0.000898134782226334,-0.000339893920929353,-0.000339893920929353,0,0,0,0,0,0,0,0,0,0,0,0,0,1,1271,0,0,0,0,0,0,6.00124660543599e-06,1.0914146995329e-06,6.00124660543599e-06,0,0,1,0
1.271,0.523598775598299,0.524492015378075,-0.00488176652178255,4.33856505558985e-05,0.524492015378075,0.524492015378075,-0.000893239779775734,-0.000338051951836882,-0.000338051951836882,0,0,0,0,0,0,0,0,0,0,0,0,0,1,1272,0,0,0,0,0,0,6.02096375035277e-06,1.07586438296029e-06,6.02096375035277e-06,0,0,1,0
1.272,0.523598775598299,0.524487146801791,-0.00485540962571024,4.31592502009176e-05,0.524487146801791,0.524487146801791,-0.000888371203492166,-0.000336220845570527,-0.000336220845570527,0,0,0,0,0,0,0,0,0,0,0,0,0,1,1273,0,0,0,0,0,0,6.04044691765449e-06,1.05934796659681e-06,6.04044691765449e-06,0,0,1,0
1.273,0.523598775598299,0.524482304513167,-0.004829191178105,4.29329182716788e-05,0.524482304513167,0.524482304513167,-0.000883528914868092,-0.000334400515739631,-0.000334400515739631,0,0,0,0,0,0,0,0,0,0,0,0,0,1,1274,0,0,0,0,0,0,6.05969866573908e-06,1.04190103635471e-06,6.05969866573908e-06,0,0,1,0
1.274,0.523598775598299,0.524477488373825,-0.00480311103069641,4.27067218503844e-05,0.524477488373825,0.524477488373825,-0.000878712775526314,-0.000332590875932146,-0.000332590875932146,0,0,0,0,0,0,0,0,0,0,0,0,0,1,1275,0,0,0,0,0,0,6.07872096780593e-06,1.02355944339412e-06,6.07872096780593e-06,0,0,1,0
1.275,0.523598775598299,0.524472698245554,-0.00477716900018112,4.24807256462325e-05,0.524472698245554,0.524472698245554,-0.000873922647255387,-0.000330791839794412,-0.000330791839794412,0,0,0,0,0,0,0,0,0,0,0,0,0,1,1276,0,0,0,0,0,0,6.09751525082469e-06,1.0043592227867e-06,6.09751525082469e-06,0,0,1,0
1.276,0.523598775598299,0.524467933990343,-0.00475136486950928,4.22549920088209e-05,0.524467933990343,0.524467933990343,-0.000869158392044267,-0.000329003321108162,-0.000329003321108162,0,0,0,0,0,0,0,0,0,0,0,0,0,1,1277,0,0,0,0,0,0,6.11608243317185e-06,9.84336516432656e-07,6.11608243317185e-06,0,0,1,0
1.277,0.523598775598299,0.524463195470414,-0.0047256983891622,4.20295809445562e-05,0.524463195470414,0.524463195470414,-0.000864419872115052,-0.000327225233861815,-0.000327225233861815,0,0,0,0,0,0,0,0,0,0,0,0,0,1,1278,0,0,0,0,0,0,6.13442296104605e-06,9.63527499842076e-07,6.13442296104605e-06,0,0,1,0
1.278,0.523598775598299,0.524458482548254,-0.00470016927841931,4.18045501364866e-05,0.524458482548254,0.524458482548254,-0.000859706949955408,-0.000325457492320341,-0.000325457492320341,0,0,0,0,0,0,0,0,0,0,0,0,0,1,1279,0,0,0,0,0,0,6.15253684399519e-06,9.41968311835191e-07,6.15253684399519e-06,0,0,1,0
1.279,0.523598775598299,0.524453795086647,-0.00467477722661314,4.15799549664178e-05,0.524453795086647,0.524453795086647,-0.000855019488348652,-0.000323700011088343,-0.000323700011088343,0,0,0,0,0,0,0,0,0,0,0,0,0,1,1280,0,0,0,0,0,0,6.17042368811216e-06,9.19694990962183e-07,6.17042368811216e-06,0,0,1,0
1.28,0.523598775598299,0.524449132948702,-0.00464952189437058,4.13558485402665e-05,0.524449132948702,0.524449132948702,-0.000850357350402953,-0.000321952705170351,-0.000321952705170351,0,0,0,0,0,0,0,0,0,0,0,0,0,1,1281,0,0,0,0,0,0,6.18808272911942e-06,8.96743412596469e-07,6.18808272911942e-06,0,0,1,0
1.281,0.523598775598299,0.524444495997879,-0.0046244029148392,4.11322817159387e-05,0.524444495997879,0.524444495997879,-0.000845720399580197,-0.000320215490029883,-0.000320215490029883,0,0,0,0,0,0,0,0,0,0,0,0,0,1,1282,0,0,0,0,0,0,6.20551286401039e-06,8.73149230239687e-07,6.20551286401039e-06,0,0,1,0
1.282,0.523598775598299,0.524439884098021,-0.0045994198948973,4.09093031327634e-05,0.524439884098021,0.524439884098021,-0.000841108499722076,-0.000318488281640696,-0.000318488281640696,0,0,0,0,0,0,0,0,0,0,0,0,0,1,1283,0,0,0,0,0,0,6.22271268035934e-06,8.48947823373514e-07,6.22271268035934e-06,0,0,1,0
1.283,0.523598775598299,0.524435297113375,-0.00457457241634663,4.06869592439411e-05,0.524435297113375,0.524435297113375,-0.000836521515076072,-0.000316770996537552,-0.000316770996537552,0,0,0,0,0,0,0,0,0,0,0,0,0,1,1284,0,0,0,0,0,0,6.23968048596435e-06,8.24174244590508e-07,6.23968048596435e-06,0,0,1,0
1.284,0.523598775598299,0.524430734908619,-0.00454986003708651,4.04652943505548e-05,0.524430734908619,0.524430734908619,-0.000831959310319763,-0.000315063551862298,-0.000315063551862298,0,0,0,0,0,0,0,0,0,0,0,0,0,1,1285,0,0,0,0,0,0,6.25641433604773e-06,7.9886317346867e-07,6.25641433604773e-06,0,0,1,0
1.285,0.523598775598299,0.524426197348883,-0.00452528229226846,4.02443506375512e-05,0.524426197348883,0.524426197348883,-0.000827421750584589,-0.000313365865408332,-0.000313365865408332,0,0,0,0,0,0,0,0,0,0,0,0,0,1,1286,0,0,0,0,0,0,6.27291206045655e-06,7.73048870529938e-07,6.27291206045655e-06,0,0,1,0
1.286,0.523598775598299,0.524421684299776,-0.0045008386954305,4.00241682109456e-05,0.524421684299776,0.524421684299776,-0.000822908701477498,-0.000311677855659295,-0.000311677855659295,0,0,0,0,0,0,0,0,0,0,0,0,0,1,1287,0,0,0,0,0,0,6.28917128830953e-06,7.46765138137564e-07,6.28917128830953e-06,0,0,1,0
1.287,0.523598775598299,0.524417195627401,-0.00447652873961018,3.98047851370895e-05,0.524417195627401,0.524417195627401,-0.000818420029102485,-0.000309999441827455,-0.000309999441827455,0,0,0,0,0,0,0,0,0,0,0,0,0,1,1288,0,0,0,0,0,0,6.30518947297709e-06,7.20045280474743e-07,6.30518947297709e-06,0,0,1,0
1.288,0.523598775598299,0.524412731198379,-0.00445235189843576,3.95862374827643e-05,0.524412731198379,0.524412731198379,-0.000813955600079908,-0.000308330543886103,-0.000308330543886103,0,0,0,0,0,0,0,0,0,0,0,0,0,1,1289,0,0,0,0,0,0,6.3209639141748e-06,6.92922071271387e-07,6.3209639141748e-06,0,0,1,0
1.289,0.523598775598299,0.524408290879865,-0.00442830762719461,3.93685593571189e-05,0.524408290879865,0.524408290879865,-0.000809515281566142,-0.000306671082602926,-0.000306671082602926,0,0,0,0,0,0,0,0,0,0,0,0,0,1,1290,0,0,0,0,0,0,6.33649178127804e-06,6.6542771812823e-07,6.33649178127804e-06,0,0,1,0
1.29,0.523598775598299,0.52440387453957,-0.00440439536387855,3.91517829538556e-05,0.52440387453957,0.52440387453957,-0.00080509894127101,-0.000305020979567463,-0.000305020979567463,0,0,0,0,0,0,0,0,0,0,0,0,0,1,1291,0,0,0,0,0,0,6.35177013397215e-06,6.37593833931411e-07,6.35177013397215e-06,0,0,1,0
1.291,0.523598775598299,0.524399482045773,-0.00438061453020545,3.89359385948545e-05,0.524399482045773,0.524399482045773,-0.00080070644747432,-0.000303380157216314,-0.000303380157216314,0,0,0,0,0,0,0,0,0,0,0,0,0,1,1292,0,0,0,0,0,0,6.36679594112621e-06,6.09451412871649e-07,6.36679594112621e-06,0,0,1,0
1.292,0.523598775598299,0.524395113267341,-0.00435696453261665,3.87210547747903e-05,0.524395113267341,0.524395113267341,-0.000796337669041858,-0.000301748538857036,-0.000301748538857036,0,0,0,0,0,0,0,0,0,0,0,0,0,1,1293,0,0,0,0,0,0,6.38156610066609e-06,5.81030803547579e-07,6.38156610066609e-06,0,0,1,0
1.293,0.523598775598299,0.524390768073739,-0.00433344476324972,3.85071582061626e-05,0.524390768073739,0.524390768073739,-0.000791992475440484,-0.000300126048689822,-0.000300126048689822,0,0,0,0,0,0,0,0,0,0,0,0,0,1,1294,0,0,0,0,0,0,6.39607745778203e-06,5.52361686356013e-07,6.39607745778203e-06,0,0,1,0
1.294,0.523598775598299,0.52438644633505,-0.00431005460088647,3.82942738646535e-05,0.52438644633505,0.52438644633505,-0.000787670736751456,-0.000298512611824626,-0.000298512611824626,0,0,0,0,0,0,0,0,0,0,0,0,0,1,1295,0,0,0,0,0,0,6.41032682080489e-06,5.23473056911672e-07,6.41032682080489e-06,0,0,1,0
1.295,0.523598775598299,0.524382147921982,-0.0042867934118758,3.80824250355044e-05,0.524382147921982,0.524382147921982,-0.00078337232368364,-0.000296908154298257,-0.000296908154298257,0,0,0,0,0,0,0,0,0,0,0,0,0,1,1296,0,0,0,0,0,0,6.42431097808149e-06,4.94393206447626e-07,6.42431097808149e-06,0,0,1,0
1.296,0.523598775598299,0.524377872705884,-0.00426366055103117,3.78716333598864e-05,0.524377872705884,0.524377872705884,-0.000779097107585391,-0.000295312603088163,-0.000295312603088163,0,0,0,0,0,0,0,0,0,0,0,0,0,1,1297,0,0,0,0,0,0,6.43802671262961e-06,4.65149707918212e-07,6.43802671262961e-06,0,0,1,0
1.297,0.523598775598299,0.524373620558754,-0.00424065536250259,3.76619188816773e-05,0.524373620558754,0.524373620558754,-0.000774844960455545,-0.000293725886124124,-0.000293725886124124,0,0,0,0,0,0,0,0,0,0,0,0,0,1,1298,0,0,0,0,0,0,6.45147081634878e-06,4.35769402944153e-07,6.45147081634878e-06,0,0,1,0
1.298,0.523598775598299,0.524369391353253,-0.00421777718062303,3.74533000944989e-05,0.524369391353253,0.524369391353253,-0.000770615754953852,-0.000292147932298792,-0.000292147932298792,0,0,0,0,0,0,0,0,0,0,0,0,0,1,1299,0,0,0,0,0,0,6.46464010345404e-06,4.06278390490018e-07,6.46464010345404e-06,0,0,1,0
1.299,0.523598775598299,0.524365184962709,-0.00419502533072912,3.72457939886345e-05,0.524365184962709,0.524365184962709,-0.000766409364410414,-0.000290578671475877,-0.000290578671475877,0,0,0,0,0,0,0,0,0,0,0,0,0,1,1300,0,0,0,0,0,0,6.47753142302143e-06,3.76702017559384e-07,6.47753142302143e-06,0,0,1,0
1.3,0.523598775598299,0.524361001261133,-0.00417239912995626,3.70394160979661e-05,0.524361001261133,0.524361001261133,-0.000762225662833904,-0.00028901803449542,-0.00028901803449542,0,0,0,0,0,0,0,0,0,0,0,0,0,1,1301,0,0,0,0,0,0,6.49014167009021e-06,3.47064873375486e-07,6.49014167009021e-06,0,0,1,0
1.301,0.523598775598299,0.524356840123218,-0.00414989788800811,3.68341805471993e-05,0.524356840123218,0.524356840123218,-0.000758064524919666,-0.000287465953179163,-0.000287465953179163,0,0,0,0,0,0,0,0,0,0,0,0,0,1,1302,0,0,0,0,0,0,6.50246779676511e-06,3.17390783130794e-07,6.50246779676511e-06,0,0,1,0
1.302,0.523598775598299,0.524352701424356,-0.00412752090790043,3.66301000985838e-05,0.524352701424356,0.524352701424356,-0.000753925826057156,-0.000285922360334506,-0.000285922360334506,0,0,0,0,0,0,0,0,0,0,0,0,0,1,1303,0,0,0,0,0,0,6.51450682298549e-06,2.87702802213418e-07,6.51450682298549e-06,0,0,1,0
1.303,0.523598775598299,0.524348585040634,-0.00410526748667966,3.64271861981209e-05,0.524348585040634,0.524348585040634,-0.00074980944233527,-0.00028438718975321,-0.00028438718975321,0,0,0,0,0,0,0,0,0,0,0,0,0,1,1304,0,0,0,0,0,0,6.52625584451894e-06,2.58023217475411e-07,6.52625584451894e-06,0,0,1,0
1.304,0.523598775598299,0.524344490848848,-0.00408313691611612,3.62254490224862e-05,0.524344490848848,0.524344490848848,-0.000745715250549006,-0.000282860376214129,-0.000282860376214129,0,0,0,0,0,0,0,0,0,0,0,0,0,1,1305,0,0,0,0,0,0,6.53771204273124e-06,2.28373543223817e-07,6.53771204273124e-06,0,0,1,0
1.305,0.523598775598299,0.524340418726502,-0.00406112848337219,3.60248975244663e-05,0.524340418726502,0.524340418726502,-0.000741643128203684,-0.000281341855479782,-0.000281341855479782,0,0,0,0,0,0,0,0,0,0,0,0,0,1,1306,0,0,0,0,0,0,6.54887269180282e-06,1.98774523648424e-07,6.54887269180282e-06,0,0,1,0
1.306,0.523598775598299,0.524336368551818,-0.00403924147164557,3.58255394788044e-05,0.524336368551818,0.524336368551818,-0.000737592953519606,-0.000279831564294587,-0.000279831564294587,0,0,0,0,0,0,0,0,0,0,0,0,0,1,1307,0,0,0,0,0,0,6.5597351663893e-06,1.69246133556195e-07,6.5597351663893e-06,0,0,1,0
1.307,0.523598775598299,0.524332340203734,-0.00401747516078797,3.5627381527139e-05,0.524332340203734,0.524332340203734,-0.000733564605435499,-0.000278329440380258,-0.000278329440380258,0,0,0,0,0,0,0,0,0,0,0,0,0,1,1308,0,0,0,0,0,0,6.57029694772771e-06,1.39807582815203e-07,6.57029694772771e-06,0,0,1,0
1.308,0.523598775598299,0.524328333561911,-0.00399582882789942,3.54304292226639e-05,0.524328333561911,0.524328333561911,-0.00072955796361196,-0.00027683542243167,-0.00027683542243167,0,0,0,0,0,0,0,0,0,0,0,0,0,1,1309,0,0,0,0,0,0,6.58055563040882e-06,1.10477318494189e-07,6.58055563040882e-06,0,0,1,0
1.309,0.523598775598299,0.524324348506732,-0.00397430174789868,3.523468707385e-05,0.524324348506732,0.524324348506732,-0.000725572908433336,-0.000275349450108997,-0.000275349450108997,0,0,0,0,0,0,0,0,0,0,0,0,0,1,1310,0,0,0,0,0,0,6.59050892692914e-06,8.1273032503373e-08,6.59050892692914e-06,0,0,1,0
1.31,0.523598775598299,0.524320384919309,-0.00395289319406984,3.50401585881674e-05,0.524320384919309,0.524320384919309,-0.000721609321009953,-0.000273871464031245,-0.000273871464031245,0,0,0,0,0,0,0,0,0,0,0,0,0,1,1311,0,0,0,0,0,0,6.60015467279784e-06,5.22116672080179e-08,6.60015467279784e-06,0,0,1,0
1.311,0.523598775598299,0.524316442681478,-0.00393160243858557,3.48468463147651e-05,0.524316442681478,0.524316442681478,-0.000717667083179441,-0.000272401405767866,-0.000272401405767866,0,0,0,0,0,0,0,0,0,0,0,0,0,1,1312,0,0,0,0,0,0,6.60949083097773e-06,2.33094223376154e-08,6.60949083097773e-06,0,0,1,0
1.312,0.523598775598299,0.524312521675807,-0.00391042875300741,3.46547518865272e-05,0.524312521675807,0.524312521675807,-0.000713746077507738,-0.000270939217829943,-0.000270939217829943,0,0,0,0,0,0,0,0,0,0,0,0,0,1,1313,0,0,0,0,0,0,6.61851549565995e-06,-5.41823681689431e-09,6.61851549565995e-06,0,0,1,0
1.313,0.523598775598299,0.524308621785588,-0.00388937140876347,3.44638760612988e-05,0.524308621785588,0.524308621785588,-0.000709846187289198,-0.000269484843659482,-0.000269484843659482,0,0,0,0,0,0,0,0,0,0,0,0,0,1,1314,0,0,0,0,0,0,6.62722689526163e-06,-3.39565696294737e-08,6.62722689526163e-06,0,0,1,0
1.314,0.523598775598299,0.524304742894845,-0.00386842967760399,3.42742187626356e-05,0.524304742894845,0.524304742894845,-0.000705967296546595,-0.000268038227618892,-0.000268038227618892,0,0,0,0,0,0,0,0,0,0,0,0,0,1,1315,0,0,0,0,0,0,6.63562339509038e-06,-6.22915499934578e-08,6.63562339509038e-06,0,0,1,0
1.315,0.523598775598299,0.524300884888329,-0.00384760283203507,3.40857791196379e-05,0.524300884888329,0.524300884888329,-0.000702109290030672,-0.000266599314979742,-0.000266599314979742,0,0,0,0,0,0,0,0,0,0,0,0,0,1,1316,0,0,0,0,0,0,6.64370350011989e-06,-9.04098569820197e-08,6.64370350011989e-06,0,0,1,0
1.316,0.523598775598299,0.524297047651518,-0.00382689014573111,3.38985555058992e-05,0.524297047651518,0.524297047651518,-0.000698272053219373,-0.000265168051911117,-0.000265168051911117,0,0,0,0,0,0,0,0,0,0,0,0,0,1,1317,0,0,0,0,0,0,6.65146585676624e-06,-1.18298863327005e-07,6.65146585676624e-06,0,0,1,0
1.317,0.523598775598299,0.524293231070614,-0.00380629089392644,3.37125455775046e-05,0.524293231070614,0.524293231070614,-0.000694455472315614,-0.000263744385464553,-0.000263744385464553,0,0,0,0,0,0,0,0,0,0,0,0,0,1,1318,0,0,0,0,0,0,6.65890925366508e-06,-1.45946621718301e-07,6.65890925366508e-06,0,0,1,0
1.318,0.523598775598299,0.524289435032546,-0.00378580435378644,3.35277463109971e-05,0.524289435032546,0.524289435032546,-0.000690659434246732,-0.000262328263563968,-0.000262328263563968,0,0,0,0,0,0,0,0,0,0,0,0,0,1,1319,0,0,0,0,0,0,6.66603262367005e-06,-1.73341854918302e-07,6.66603262367005e-06,0,0,1,0
1.319,0.523598775598299,0.52428565942496,-0.00376542980475872,3.33441540392286e-05,0.52428565942496,0.52428565942496,-0.000686883826661489,-0.00026091963498945,-0.00026091963498945,0,0,0,0,0,0,0,0,0,0,0,0,0,1,1320,0,0,0,0,0,0,6.67283504385274e-06,-2.0047394097924e-07,6.67283504385274e-06,0,0,1,0
1.32,0.523598775598299,0.524281904136227,-0.00374516652890488,3.31617644873498e-05,0.524281904136227,0.524281904136227,-0.000683128537927957,-0.000259518449363948,-0.000259518449363948,0,0,0,0,0,0,0,0,0,0,0,0,0,1,1321,0,0,0,0,0,0,6.67931573650193e-06,-2.27332901665432e-07,6.67931573650193e-06,0,0,1,0
1.321,0.523598775598299,0.52427816905543,-0.00372501381121327,3.29805728074807e-05,0.52427816905543,0.52427816905543,-0.00067939345713075,-0.000258124657138612,-0.000258124657138612,0,0,0,0,0,0,0,0,0,0,0,0,0,1,1322,0,0,0,0,0,0,6.68547406834641e-06,-2.53909386575346e-07,6.68547406834641e-06,0,0,1,0
1.322,0.523598775598299,0.524274454072367,-0.0037049709398932,3.28005736125115e-05,0.524274454072367,0.524274454072367,-0.000675678474067909,-0.00025673820957771,-0.00025673820957771,0,0,0,0,0,0,0,0,0,0,0,0,0,1,1323,0,0,0,0,0,0,6.69130955099906e-06,-2.80194661065767e-07,6.69130955099906e-06,0,0,1,0
1.323,0.523598775598299,0.524270759077546,-0.00368503720665124,3.26217610090414e-05,0.524270759077546,0.524270759077546,-0.000671983479247462,-0.000255359058743104,-0.000255359058743104,0,0,0,0,0,0,0,0,0,0,0,0,0,1,1324,0,0,0,0,0,0,6.69682183984666e-06,-3.06180590453229e-07,6.69682183984666e-06,0,0,1,0
1.324,0.523598775598299,0.524267083962183,-0.00366521190694988,3.2444128629471e-05,0.524267083962183,0.524267083962183,-0.000668308363884096,-0.000253987157479477,-0.000253987157479477,0,0,0,0,0,0,0,0,0,0,0,0,0,1,1325,0,0,0,0,0,0,6.7020107332727e-06,-3.31859625610177e-07,6.7020107332727e-06,0,0,1,0
1.325,0.523598775598299,0.524263428618193,-0.00364549434024939,3.22676696628961e-05,0.524263428618193,0.524263428618193,-0.000664653019894601,-0.000252622459396712,-0.000252622459396712,0,0,0,0,0,0,0,0,0,0,0,0,0,1,1326,0,0,0,0,0,0,6.70687617143617e-06,-3.57224787833621e-07,6.70687617143617e-06,0,0,1,0
1.326,0.523598775598299,0.524259792938194,-0.00362588381023293,3.20923768857382e-05,0.524259792938194,0.524259792938194,-0.000661017339894765,-0.000251264918856607,-0.000251264918856607,0,0,0,0,0,0,0,0,0,0,0,0,0,1,1327,0,0,0,0,0,0,6.71141823527233e-06,-3.82269654778051e-07,6.71141823527233e-06,0,0,1,0
1.327,0.523598775598299,0.524256176815493,-0.00360637962501582,3.19182426904196e-05,0.524256176815493,0.524256176815493,-0.000657401217194042,-0.000249914490954021,-0.000249914490954021,0,0,0,0,0,0,0,0,0,0,0,0,0,1,1328,0,0,0,0,0,0,6.71563714460532e-06,-4.0698834444762e-07,6.71563714460532e-06,0,0,1,0
1.328,0.523598775598299,0.524252580144091,-0.00358698109733933,3.17452591142039e-05,0.524252580144091,0.524252580144091,-0.000653804545791781,-0.000248571131502649,-0.000248571131502649,0,0,0,0,0,0,0,0,0,0,0,0,0,1,1329,0,0,0,0,0,0,6.71953325626085e-06,-4.31375499641753e-07,6.71953325626085e-06,0,0,1,0
1.329,0.523598775598299,0.524249002818671,-0.00356768754474935,3.15734178662751e-05,0.524249002818671,0.524249002818671,-0.000650227220372002,-0.000247234797017313,-0.000247234797017313,0,0,0,0,0,0,0,0,0,0,0,0,0,1,1330,0,0,0,0,0,0,6.72310706184565e-06,-4.5542627195882e-07,6.72310706184565e-06,0,0,1,0
1.33,0.523598775598299,0.524245444734598,-0.00354849828976067,3.14027103544646e-05,0.524245444734598,0.524245444734598,-0.00064666913629885,-0.000245905444698458,-0.000245905444698458,0,0,0,0,0,0,0,0,0,0,0,0,0,1,1331,0,0,0,0,0,0,6.72635918608222e-06,-4.79136307722332e-07,6.72635918608222e-06,0,0,1,0
1.331,0.523598775598299,0.52424190578791,-0.00352941266000723,3.12331277106943e-05,0.52424190578791,0.52424190578791,-0.000643130189611263,-0.000244583032414948,-0.000244583032414948,0,0,0,0,0,0,0,0,0,0,0,0,0,1,1332,0,0,0,0,0,0,6.72929038403325e-06,-5.02501731334745e-07,6.72929038403325e-06,0,0,1,0
1.332,0.523598775598299,0.524238385875317,-0.00351042998837887,3.10646608158179e-05,0.524238385875317,0.524238385875317,-0.000639610277018199,-0.000243267518688755,-0.000243267518688755,0,0,0,0,0,0,0,0,0,0,0,0,0,1,1333,0,0,0,0,0,0,6.7319015386591e-06,-5.25519129952919e-07,6.7319015386591e-06,0,0,1,0
1.333,0.523598775598299,0.524234884894191,-0.00349154961314503,3.08973003231533e-05,0.524234884894191,0.524234884894191,-0.00063610929589264,-0.000241958862676725,-0.000241958862676725,0,0,0,0,0,0,0,0,0,0,0,0,0,1,1334,0,0,0,0,0,0,6.73419365793126e-06,-5.48185537375566e-07,6.73419365793126e-06,0,0,1,0
1.334,0.523598775598299,0.524231402742566,-0.00347277087806598,3.07310366818074e-05,0.524231402742566,0.524231402742566,-0.000632627144266817,-0.000240657024156022,-0.000240657024156022,0,0,0,0,0,0,0,0,0,0,0,0,0,1,1335,0,0,0,0,0,0,6.73616787238984e-06,-5.70498419528824e-07,6.73616787238984e-06,0,0,1,0
1.335,0.523598775598299,0.524227939319125,-0.00345409313249191,3.05658601583915e-05,0.524227939319125,0.524227939319125,-0.000629163720826553,-0.000239361963507525,-0.000239361963507525,0,0,0,0,0,0,0,0,0,0,0,0,0,1,1336,0,0,0,0,0,0,6.73782543236801e-06,-5.92455659430106e-07,6.73782543236801e-06,0,0,1,0
1.336,0.523598775598299,0.524224494523204,-0.00343551573145053,3.04017608580938e-05,0.524224494523204,0.524224494523204,-0.000625718924905039,-0.000238073641698086,-0.000238073641698086,0,0,0,0,0,0,0,0,0,0,0,0,0,1,1337,0,0,0,0,0,0,6.73916770388416e-06,-6.14055538947266e-07,6.73916770388416e-06,0,0,1,0
1.337,0.523598775598299,0.524221068254777,-0.00341703803572352,3.02387287454281e-05,0.524221068254777,0.524221068254777,-0.000622292656477952,-0.000236792020266729,-0.000236792020266729,0,0,0,0,0,0,0,0,0,0,0,0,0,1,1338,0,0,0,0,0,0,6.74019616697663e-06,-6.35296727529181e-07,6.74019616697663e-06,0,0,1,0
1.338,0.523598775598299,0.524217660414456,-0.00339865941191231,3.00767536632505e-05,0.524217660414456,0.524217660414456,-0.000618884816157239,-0.000235517061307576,-0.000235517061307576,0,0,0,0,0,0,0,0,0,0,0,0,0,1,1339,0,0,0,0,0,0,6.74091241148478e-06,-6.5617826437844e-07,6.74091241148478e-06,0,0,1,0
1.339,0.523598775598299,0.524214270903484,-0.00338037923249374,2.99158253514842e-05,0.524214270903484,0.524214270903484,-0.000615495305185232,-0.000234248727454001,-0.000234248727454001,0,0,0,0,0,0,0,0,0,0,0,0,0,1,1340,0,0,0,0,0,0,6.74131813416246e-06,-6.7669954459176e-07,6.74131813416246e-06,0,0,1,0
1.34,0.523598775598299,0.524210899623728,-0.00336219687586594,2.97559334650192e-05,0.524210899623728,0.524210899623728,-0.000612124025428762,-0.000232986981863099,-0.000232986981863099,0,0,0,0,0,0,0,0,0,0,0,0,0,1,1341,0,0,0,0,0,0,6.74141513523629e-06,-6.96860304137291e-07,6.74141513523629e-06,0,0,1,0
1.341,0.523598775598299,0.524207546477672,-0.0033441117263849,2.95970675907587e-05,0.524207546477672,0.524207546477672,-0.000608770879373388,-0.000231731788200761,-0.000231731788200761,0,0,0,0,0,0,0,0,0,0,0,0,0,1,1342,0,0,0,0,0,0,6.74120531507505e-06,-7.16660605456837e-07,6.74120531507505e-06,0,0,1,0
1.342,0.523598775598299,0.524204211368416,-0.00332612317439207,2.94392172637161e-05,0.524204211368416,0.524204211368416,-0.000605435770117291,-0.000230483110626127,-0.000230483110626127,0,0,0,0,0,0,0,0,0,0,0,0,0,1,1343,0,0,0,0,0,0,6.74069067085892e-06,-7.36100823391398e-07,6.74069067085892e-06,0,0,1,0
1.343,0.523598775598299,0.524200894199664,-0.00330823061623369,2.9282371982499e-05,0.524200894199664,0.524200894199664,-0.000602118601365387,-0.000229240913776943,-0.000229240913776943,0,0,0,0,0,0,0,0,0,0,0,0,0,1,1344,0,0,0,0,0,0,6.73987329258274e-06,-7.55181629621569e-07,6.73987329258274e-06,0,0,1,0
1.344,0.523598775598299,0.524197594875722,-0.00329043345427196,2.91265212239225e-05,0.524197594875722,0.524197594875722,-0.000598819277423113,-0.000228005162754276,-0.000228005162754276,0,0,0,0,0,0,0,0,0,0,0,0,0,1,1345,0,0,0,0,0,0,6.73875536039148e-06,-7.73903981005422e-07,6.73875536039148e-06,0,0,1,0
1.345,0.523598775598299,0.524194313301489,-0.00327273109688863,2.89716544570865e-05,0.524194313301489,0.524194313301489,-0.000595537703190652,-0.000226775823108698,-0.000226775823108698,0,0,0,0,0,0,0,0,0,0,0,0,0,1,1346,0,0,0,0,0,0,6.73733914058339e-06,-7.92269104598524e-07,6.73733914058339e-06,0,0,1,0
1.346,0.523598775598299,0.524191049382455,-0.00325512295848131,2.88177611564639e-05,0.524191049382455,0.524191049382455,-0.000592273784156605,-0.000225552860825232,-0.000225552860825232,0,0,0,0,0,0,0,0,0,0,0,0,0,1,1347,0,0,0,0,0,0,6.73562698172425e-06,-8.10278483268307e-07,6.73562698172425e-06,0,0,1,0
1.347,0.523598775598299,0.524187803024691,-0.00323760845945291,2.86648308145965e-05,0.524187803024691,0.524187803024691,-0.000589027426392441,-0.000224336242310625,-0.000224336242310625,0,0,0,0,0,0,0,0,0,0,0,0,0,1,1348,0,0,0,0,0,0,6.73362131209387e-06,-8.27933845174269e-07,6.73362131209387e-06,0,0,1,0
1.348,0.523598775598299,0.524184574134845,-0.00322018702619472,2.85128529536339e-05,0.524184574134845,0.524184574134845,-0.000585798536545945,-0.000223125934378173,-0.000223125934378173,0,0,0,0,0,0,0,0,0,0,0,0,0,1,1349,0,0,0,0,0,0,6.73132463513415e-06,-8.45237148103858e-07,6.73132463513415e-06,0,0,1,0
1.349,0.523598775598299,0.524181362620134,-0.00320285809106322,2.83618171367805e-05,0.524181362620134,0.524181362620134,-0.000582587021835668,-0.000221921904235463,-0.000221921904235463,0,0,0,0,0,0,0,0,0,0,0,0,0,1,1350,0,0,0,0,0,0,6.7287395265625e-06,-8.62190568569517e-07,6.7287395265625e-06,0,0,1,0
1.35,0.523598775598299,0.524178168388344,-0.0031856210923513,2.82117129786051e-05,0.524178168388344,0.524178168388344,-0.00057939279004493,-0.000220724119471123,-0.000220724119471123,0,0,0,0,0,0,0,0,0,0,0,0,0,1,1351,0,0,0,0,0,0,6.72586863081914e-06,-8.78796489337972e-07,6.72586863081914e-06,0,0,1,0
1.351,0.523598775598299,0.524174991347815,-0.00316847547425397,2.80625301548203e-05,0.524174991347815,0.524174991347815,-0.000576215749515718,-0.000219532548041494,-0.000219532548041494,0,0,0,0,0,0,0,0,0,0,0,0,0,1,1352,0,0,0,0,0,0,6.72271465740337e-06,-8.95057486897293e-07,6.72271465740337e-06,0,0,1,0
1.352,0.523598775598299,0.524171831407442,-0.00315142068682914,2.79142584116305e-05,0.524171831407442,0.524171831407442,-0.000573055809142797,-0.000218347158258089,-0.000218347158258089,0,0,0,0,0,0,0,0,0,0,0,0,0,1,1353,0,0,0,0,0,0,6.71928037732084e-06,-9.10976319445228e-07,6.71928037732084e-06,0,0,1,0
1.353,0.523598775598299,0.524168688476667,-0.00313445618595352,2.77668875744354e-05,0.524168688476667,0.524168688476667,-0.000569912878368162,-0.000217167918776142,-0.000217167918776142,0,0,0,0,0,0,0,0,0,0,0,0,0,1,1354,0,0,0,0,0,0,6.71556862019695e-06,-9.26555916897203e-07,6.71556862019695e-06,0,0,1,0
1.354,0.523598775598299,0.524165562465474,-0.00311758143327425,2.76204075556711e-05,0.524165562465474,0.524165562465474,-0.000566786867174818,-0.000215994798581538,-0.000215994798581538,0,0,0,0,0,0,0,0,0,0,0,0,0,1,1355,0,0,0,0,0,0,6.71158227028013e-06,-9.4179936808601e-07,6.71158227028013e-06,0,0,1,0
1.355,0.523598775598299,0.52416245328438,-0.00310079589615628,2.7474808362529e-05,0.52416245328438,0.52416245328438,-0.000563677686081343,-0.000214827766980014,-0.000214827766980014,0,0,0,0,0,0,0,0,0,0,0,0,0,1,1356,0,0,0,0,0,0,6.70732426333309e-06,-9.56709910575728e-07,6.70732426333309e-06,0,0,1,0
1.356,0.523598775598299,0.524159360844435,-0.00308409904762605,2.73300801037718e-05,0.524159360844435,0.524159360844435,-0.000560585246136336,-0.000213666793586218,-0.000213666793586218,0,0,0,0,0,0,0,0,0,0,0,0,0,1,1357,0,0,0,0,0,0,6.70279758352432e-06,-9.71290920648901e-07,6.70279758352432e-06,0,0,1,0
1.357,0.523598775598299,0.524156285057211,-0.00306749036631168,2.71862129959487e-05,0.524156285057211,0.524156285057211,-0.000557509458912087,-0.000212511848310823,-0.000212511848310823,0,0,0,0,0,0,0,0,0,0,0,0,0,1,1358,0,0,0,0,0,0,6.69800525954223e-06,-9.85545901383564e-07,6.69800525954223e-06,0,0,1,0
1.358,0.523598775598299,0.524153225834799,-0.00305096933637984,2.70431973697671e-05,0.524153225834799,0.524153225834799,-0.000554450236499915,-0.00021136290135229,-0.00021136290135229,0,0,0,0,0,0,0,0,0,0,0,0,0,1,1359,0,0,0,0,0,0,6.69295036237472e-06,-9.99478475395381e-07,6.69295036237472e-06,0,0,1,0
1.359,0.523598775598299,0.524150183089803,-0.00303453544746967,2.69010236750076e-05,0.524150183089803,0.524150183089803,-0.000551407491504063,-0.000210219923184865,-0.000210219923184865,0,0,0,0,0,0,0,0,0,0,0,0,0,1,1360,0,0,0,0,0,0,6.68763600142341e-06,-1.01309237323494e-06,6.68763600142341e-06,0,0,1,0
1.36,0.523598775598299,0.524147156735335,-0.00301818819462411,2.67596824856633e-05,0.524147156735335,0.524147156735335,-0.00054838113703648,-0.0002090828845491,-0.0002090828845491,0,0,0,0,0,0,0,0,0,0,0,0,0,1,1361,0,0,0,0,0,0,6.68206532161708e-06,-1.02639142465235e-06,6.68206532161708e-06,0,0,1,0
1.361,0.523598775598299,0.52414414668501,-0.00300192707821867,2.66191645043493e-05,0.52414414668501,0.52414414668501,-0.000545371086711155,-0.000207951756441307,-0.000207951756441307,0,0,0,0,0,0,0,0,0,0,0,0,0,1,1362,0,0,0,0,0,0,6.67624150008095e-06,-1.03937954880665e-06,6.67624150008095e-06,0,0,1,0
1.362,0.523598775598299,0.524141152852938,-0.00298575160388801,2.64794605665412e-05,0.524141152852938,0.524141152852938,-0.000542377254639459,-0.000206826510105822,-0.000206826510105822,0,0,0,0,0,0,0,0,0,0,0,0,0,1,1363,0,0,0,0,0,0,6.67016774391627e-06,-1.05206074761124e-06,6.67016774391627e-06,0,0,1,0
1.363,0.523598775598299,0.524138175153723,-0.00296966128245054,2.63405616437621e-05,0.524138175153723,0.524138175153723,-0.000539399555424258,-0.000205707117024061,-0.000205707117024061,0,0,0,0,0,0,0,0,0,0,0,0,0,1,1364,0,0,0,0,0,0,6.66384728642555e-06,-1.06443909500716e-06,6.66384728642555e-06,0,0,1,0
1.364,0.523598775598299,0.524135213502454,-0.00295365562983131,2.62024588470904e-05,0.524135213502454,0.524135213502454,-0.000536437904155251,-0.000204593548907001,-0.000204593548907001,0,0,0,0,0,0,0,0,0,0,0,0,0,1,1365,0,0,0,0,0,0,6.65728338500315e-06,-1.07651873086927e-06,6.65728338500315e-06,0,0,1,0
1.365,0.523598775598299,0.524132267814702,-0.00293773416698341,2.60651434297398e-05,0.524132267814702,0.524132267814702,-0.000533492216403419,-0.00020348577768533,-0.00020348577768533,0,0,0,0,0,0,0,0,0,0,0,0,0,1,1366,0,0,0,0,0,0,6.65047931769358e-06,-1.08830385142319e-06,6.65047931769358e-06,0,0,1,0
1.366,0.523598775598299,0.524129338006515,-0.00292189641980785,2.59286067897641e-05,0.524129338006515,0.524129338006515,-0.000530562408216584,-0.000202383775502703,-0.000202383775502703,0,0,0,0,0,0,0,0,0,0,0,0,0,1,1367,0,0,0,0,0,0,6.6434383813041e-06,-1.09979870397477e-06,6.6434383813041e-06,0,0,1,0
1.367,0.523598775598299,0.524126423994413,-0.00290614191907251,2.57928404718262e-05,0.524126423994413,0.524126423994413,-0.000527648396114078,-0.000201287514706658,-0.000201287514706658,0,0,0,0,0,0,0,0,0,0,0,0,0,1,1368,0,0,0,0,0,0,6.63616388796306e-06,-1.11100757753998e-06,6.63616388796306e-06,0,0,1,0
1.368,0.523598775598299,0.524123525695381,-0.00289047020032999,2.56578361691013e-05,0.524123525695381,0.524123525695381,-0.000524750097081861,-0.000200196967840822,-0.000200196967840822,0,0,0,0,0,0,0,0,0,0,0,0,0,1,1369,0,0,0,0,0,0,6.62865916245536e-06,-1.1219347956868e-06,6.62865916245536e-06,0,0,1,0
1.369,0.523598775598299,0.524120643026867,-0.00287488080383475,2.55235857248339e-05,0.524120643026867,0.524120643026867,-0.000521867428568412,-0.000199112107639274,-0.000199112107639274,0,0,0,0,0,0,0,0,0,0,0,0,0,1,1370,0,0,0,0,0,0,6.62092754100119e-06,-1.13258471335785e-06,6.62092754100119e-06,0,0,1,0
1.37,0.523598775598299,0.524117775906778,-0.00285937327445958,2.53900811329755e-05,0.524117775906778,0.524117775906778,-0.0005190003084794,-0.000198032907017664,-0.000198032907017664,0,0,0,0,0,0,0,0,0,0,0,0,0,1,1371,0,0,0,0,0,0,6.61297236748126e-06,-1.14296170686365e-06,6.61297236748126e-06,0,0,1,0
1.371,0.523598775598299,0.524114924253472,-0.00284394716161182,2.52573145392753e-05,0.524114924253472,0.524114924253472,-0.000516148655173354,-0.000196959339067097,-0.000196959339067097,0,0,0,0,0,0,0,0,0,0,0,0,0,1,1372,0,0,0,0,0,0,6.60479699177152e-06,-1.15307016967914e-06,6.60479699177152e-06,0,0,1,0
1.372,0.523598775598299,0.524112087985756,-0.00282860201914909,2.51252782417602e-05,0.524112087985756,0.524112087985756,-0.00051331238745711,-0.000195891377047466,-0.000195891377047466,0,0,0,0,0,0,0,0,0,0,0,0,0,1,1373,0,0,0,0,0,0,6.59640476718959e-06,-1.16291450590338e-06,6.59640476718959e-06,0,0,1,0
1.373,0.523598775598299,0.524109267022881,-0.00281333740529498,2.49939646910094e-05,0.524109267022881,0.524109267022881,-0.000510491424581705,-0.000194828994382017,-0.000194828994382017,0,0,0,0,0,0,0,0,0,0,0,0,0,1,1374,0,0,0,0,0,0,6.58779904871842e-06,-1.17249912588409e-06,6.58779904871842e-06,0,0,1,0
1.374,0.523598775598299,0.524106461284536,-0.0027981528825547,2.48633664899048e-05,0.524106461284536,0.524106461284536,-0.000507685686237602,-0.000193772164650162,-0.000193772164650162,0,0,0,0,0,0,0,0,0,0,0,0,0,1,1375,0,0,0,0,0,0,6.57898319034178e-06,-1.18182843950477e-06,6.57898319034178e-06,0,0,1,0
1.375,0.523598775598299,0.52410367069085,-0.002783048017631,2.47334763936213e-05,0.52410367069085,0.52410367069085,-0.000504895092550695,-0.000192720861582426,-0.000192720861582426,0,0,0,0,0,0,0,0,0,0,0,0,0,1,1376,0,0,0,0,0,0,6.56996054326786e-06,-1.19090685193977e-06,6.56996054326786e-06,0,0,1,0
1.376,0.523598775598299,0.524100895162377,-0.00276802238134013,2.46042873090886e-05,0.524100895162377,0.524100895162377,-0.000502119564077974,-0.000191675059054524,-0.000191675059054524,0,0,0,0,0,0,0,0,0,0,0,0,0,1,1377,0,0,0,0,0,0,6.56073445359784e-06,-1.19973875795836e-06,6.56073445359784e-06,0,0,1,0
1.377,0.523598775598299,0.524098134620103,-0.00275307554852826,2.44757922944115e-05,0.524098134620103,0.524098134620103,-0.000499359021803758,-0.000190634731082954,-0.000190634731082954,0,0,0,0,0,0,0,0,0,0,0,0,0,1,1378,0,0,0,0,0,0,6.55130826121564e-06,-1.208328539572e-06,6.55130826121564e-06,0,0,1,0
1.378,0.523598775598299,0.524095388985435,-0.00273820709798842,2.43479845577916e-05,0.524095388985435,0.524095388985435,-0.000496613387135691,-0.000189599851820013,-0.000189599851820013,0,0,0,0,0,0,0,0,0,0,0,0,0,1,1379,0,0,0,0,0,0,6.54168529778953e-06,-1.21668056131483e-06,6.54168529778953e-06,0,0,1,0
1.379,0.523598775598299,0.524092658180199,-0.00272341661237803,2.42208574563418e-05,0.524092658180199,0.524092658180199,-0.000493882581900196,-0.00018857039554733,-0.00018857039554733,0,0,0,0,0,0,0,0,0,0,0,0,0,1,1380,0,0,0,0,0,0,6.53186888377455e-06,-1.22479916288081e-06,6.53186888377455e-06,0,0,1,0
1.38,0.523598775598299,0.524089942126638,-0.00270870367813705,2.40944044953196e-05,0.524089942126638,0.524089942126638,-0.000491166528339582,-0.000187546336673918,-0.000187546336673918,0,0,0,0,0,0,0,0,0,0,0,0,0,1,1381,0,0,0,0,0,0,6.52186232841245e-06,-1.23268865990026e-06,6.52186232841245e-06,0,0,1,0
1.381,0.523598775598299,0.524087240747407,-0.00269406788540694,2.39686193262026e-05,0.524087240747407,0.524087240747407,-0.00048846514910772,-0.00018652764973031,-0.00018652764973031,0,0,0,0,0,0,0,0,0,0,0,0,0,1,1382,0,0,0,0,0,0,6.51166892728927e-06,-1.24035333812071e-06,6.51166892728927e-06,0,0,1,0
1.382,0.523598775598299,0.524084553965565,-0.00267950882795045,2.384349574531e-05,0.524084553965565,0.524084553965565,-0.000485778367266598,-0.000185514309365122,-0.000185514309365122,0,0,0,0,0,0,0,0,0,0,0,0,0,1,1383,0,0,0,0,0,0,6.50129196100302e-06,-1.24779745063267e-06,6.50129196100302e-06,0,0,1,0
1.383,0.523598775598299,0.524081881704581,-0.00266502610307247,2.37190276920206e-05,0.524081881704581,0.524081881704581,-0.000483106106282438,-0.000184506290340406,-0.000184506290340406,0,0,0,0,0,0,0,0,0,0,0,0,0,1,1384,0,0,0,0,0,0,6.4907346931653e-06,-1.25502521332072e-06,6.4907346931653e-06,0,0,1,0
1.384,0.523598775598299,0.524079223888322,-0.00265061931154169,2.35952092471436e-05,0.524079223888322,0.524079223888322,-0.000480448290022695,-0.000183503567529399,-0.000183503567529399,0,0,0,0,0,0,0,0,0,0,0,0,0,1,1385,0,0,0,0,0,0,6.48000036973517e-06,-1.26204080393285e-06,6.48000036973517e-06,0,0,1,0
1.385,0.523598775598299,0.524076580441051,-0.00263628805751345,2.34720346306509e-05,0.524076580441051,0.524076580441051,-0.000477804842752172,-0.000182506115911868,-0.000182506115911868,0,0,0,0,0,0,0,0,0,0,0,0,0,1,1386,0,0,0,0,0,0,6.46909221757586e-06,-1.26884835905576e-06,6.46909221757586e-06,0,0,1,0
1.386,0.523598775598299,0.524073951287429,-0.00262203194845374,2.33494981998088e-05,0.524073951287429,0.524073951287429,-0.000475175689129803,-0.000181513910571246,-0.000181513910571246,0,0,0,0,0,0,0,0,0,0,0,0,0,1,1387,0,0,0,0,0,0,6.45801344256736e-06,-1.2754519699116e-06,6.45801344256736e-06,0,0,1,0
1.387,0.523598775598299,0.524071336352504,-0.00260785059506428,2.32275944470142e-05,0.524071336352504,0.524071336352504,-0.000472560754205653,-0.000180526926692348,-0.000180526926692348,0,0,0,0,0,0,0,0,0,0,0,0,0,1,1388,0,0,0,0,0,0,6.4467672292734e-06,-1.28185568236622e-06,6.4467672292734e-06,0,0,1,0
1.388,0.523598775598299,0.524068735561716,-0.00259374361120894,2.31063179972946e-05,0.524068735561716,0.524068735561716,-0.000469959963417366,-0.000179545139557579,-0.000179545139557579,0,0,0,0,0,0,0,0,0,0,0,0,0,1,1389,0,0,0,0,0,0,6.43535673916507e-06,-1.28806349304037e-06,6.43535673916507e-06,0,0,1,0
1.389,0.523598775598299,0.524066148840886,-0.00257971061384146,2.29856636061157e-05,0.524066148840886,0.524066148840886,-0.000467373242587277,-0.00017856852454492,-0.00017856852454492,0,0,0,0,0,0,0,0,0,0,0,0,0,1,1390,0,0,0,0,0,0,6.42378510984365e-06,-1.29407934812463e-06,6.42378510984365e-06,0,0,1,0
1.39,0.523598775598299,0.524063576116218,-0.00256575122293448,2.28656261568437e-05,0.524063576116218,0.524063576116218,-0.000464800517919084,-0.000177597057124693,-0.000177597057124693,0,0,0,0,0,0,0,0,0,0,0,0,0,1,1391,0,0,0,0,0,0,6.41205545404144e-06,-1.29990714160268e-06,6.41205545404144e-06,0,0,1,0
1.391,0.523598775598299,0.524061017314294,-0.00255186506140989,2.27462006584176e-05,0.524061017314294,0.524061017314294,-0.00046224171599496,-0.000176630712857512,-0.000176630712857512,0,0,0,0,0,0,0,0,0,0,0,0,0,1,1392,0,0,0,0,0,0,6.4001708584005e-06,-1.30555071286686e-06,6.4001708584005e-06,0,0,1,0
1.392,0.523598775598299,0.524058472362072,-0.00253805175507054,2.26273822428093e-05,0.524058472362072,0.524058472362072,-0.000459696763772999,-0.000175669467393095,-0.000175669467393095,0,0,0,0,0,0,0,0,0,0,0,0,0,1,1393,0,0,0,0,0,0,6.38813438291752e-06,-1.31101384613901e-06,6.38813438291752e-06,0,0,1,0
1.393,0.523598775598299,0.524055941186883,-0.00252431093253353,2.25091661621132e-05,0.524055941186883,0.524055941186883,-0.000457165588583996,-0.000174713296467252,-0.000174713296467252,0,0,0,0,0,0,0,0,0,0,0,0,0,1,1394,0,0,0,0,0,0,6.37594906005567e-06,-1.31630026897799e-06,6.37594906005567e-06,0,0,1,0
1.394,0.523598775598299,0.524053423716427,-0.00251064222516484,2.23915477860269e-05,0.524053423716427,0.524053423716427,-0.000454648118128675,-0.000173762175900049,-0.000173762175900049,0,0,0,0,0,0,0,0,0,0,0,0,0,1,1395,0,0,0,0,0,0,6.36361789385642e-06,-1.32141365078147e-06,6.36361789385642e-06,0,0,1,0
1.395,0.523598775598299,0.524050919878774,-0.00249704526701552,2.22745225992349e-05,0.524050919878774,0.524050919878774,-0.000452144280475131,-0.00017281608159454,-0.00017281608159454,0,0,0,0,0,0,0,0,0,0,0,0,0,1,1396,0,0,0,0,0,0,6.35114385916236e-06,-1.32635760158643e-06,6.35114385916236e-06,0,0,1,0
1.396,0.523598775598299,0.524048429602355,-0.00248351969475928,2.21580861985911e-05,0.524048429602355,0.524048429602355,-0.000449654004055833,-0.000171874989534262,-0.000171874989534262,0,0,0,0,0,0,0,0,0,0,0,0,0,1,1397,0,0,0,0,0,0,6.33852990095107e-06,-1.33113567115642e-06,6.33852990095107e-06,0,0,1,0
1.397,0.523598775598299,0.524045952815964,-0.00247006514763161,2.20422342906038e-05,0.524045952815964,0.524045952815964,-0.000447177217665629,-0.000170938875783405,-0.000170938875783405,0,0,0,0,0,0,0,0,0,0,0,0,0,1,1398,0,0,0,0,0,0,6.32577893433517e-06,-1.33575134984984e-06,6.32577893433517e-06,0,0,1,0
1.398,0.523598775598299,0.524043489448757,-0.0024566812673704,2.19269626883006e-05,0.524043489448757,0.524043489448757,-0.000444713850458633,-0.000170007716483931,-0.000170007716483931,0,0,0,0,0,0,0,0,0,0,0,0,0,1,1399,0,0,0,0,0,0,6.31289384300793e-06,-1.34020806527623e-06,6.31289384300793e-06,0,0,1,0
1.399,0.523598775598299,0.524041039430245,-0.00244336769815813,2.18122673087157e-05,0.524041039430245,0.524041039430245,-0.000442263831946232,-0.000169081487855669,-0.000169081487855669,0,0,0,0,0,0,0,0,0,0,0,0,0,1,1400,0,0,0,0,0,0,6.29987747957639e-06,-1.34450918404488e-06,6.29987747957639e-06,0,0,1,0
1.4,0.523598775598299,0.524038602690293,-0.0024301240865656,2.1698144169856e-05,0.524038602690293,0.524038602690293,-0.000439827091994194,-0.000168160166193966,-0.000168160166193966,0,0,0,0,0,0,0,0,0,0,0,0,0,1,1401,0,0,0,0,0,0,6.28673266456214e-06,-1.34865800988852e-06,6.28673266456214e-06,0,0,1,0
1.401,0.523598775598299,0.524036179159119,-0.00241695008149714,2.15845893881619e-05,0.524036179159119,0.524036179159119,-0.00043740356082056,-0.000167243727869401,-0.000167243727869401,0,0,0,0,0,0,0,0,0,0,0,0,0,1,1402,0,0,0,0,0,0,6.27346218595726e-06,-1.35265778327971e-06,6.27346218595726e-06,0,0,1,0
1.402,0.523598775598299,0.524033768767292,-0.0024038453341373,2.14715991756531e-05,0.524033768767292,0.524033768767292,-0.000434993168993536,-0.000166332149327456,-0.000166332149327456,0,0,0,0,0,0,0,0,0,0,0,0,0,1,1403,0,0,0,0,0,0,6.26006879966834e-06,-1.35651168341818e-06,6.26006879966834e-06,0,0,1,0
1.403,0.523598775598299,0.524031371445728,-0.00239080949789923,2.13591698369358e-05,0.524031371445728,0.524031371445728,-0.000432595847428829,-0.000165425407086648,-0.000165425407086648,0,0,0,0,0,0,0,0,0,0,0,0,0,1,1404,0,0,0,0,0,0,6.24655522818429e-06,-1.3602228253961e-06,6.24655522818429e-06,0,0,1,0
1.404,0.523598775598299,0.524028987125687,-0.00237784222837439,2.12472977666517e-05,0.524028987125687,0.524028987125687,-0.000430211527387869,-0.000164523477739013,-0.000164523477739013,0,0,0,0,0,0,0,0,0,0,0,0,0,1,1405,0,0,0,0,0,0,6.23292416102039e-06,-1.36379426215116e-06,6.23292416102039e-06,0,0,1,0
1.405,0.523598775598299,0.524026615738774,-0.002364943183284,2.11359794464898e-05,0.524026615738774,0.524026615738774,-0.000427840140475144,-0.000163626337948156,-0.000163626337948156,0,0,0,0,0,0,0,0,0,0,0,0,0,1,1406,0,0,0,0,0,0,6.21917825371909e-06,-1.36722898249708e-06,6.21917825371909e-06,0,0,1,0
1.406,0.523598775598299,0.524024257216935,-0.00235211202243176,2.1025211442742e-05,0.524024257216935,0.524024257216935,-0.000425481618636425,-0.000162733964449657,-0.000162733964449657,0,0,0,0,0,0,0,0,0,0,0,0,0,1,1407,0,0,0,0,0,0,6.20532012840513e-06,-1.37052991333532e-06,6.20532012840513e-06,0,0,1,0
1.407,0.523598775598299,0.524021911492456,-0.00233934840765815,2.09149904034808e-05,0.524021911492456,0.524021911492456,-0.000423135894156768,-0.000161846334050823,-0.000161846334050823,0,0,0,0,0,0,0,0,0,0,0,0,0,1,1408,0,0,0,0,0,0,6.19135237334145e-06,-1.37369991912899e-06,6.19135237334145e-06,0,0,1,0
1.408,0.523598775598299,0.524019578497957,-0.0023266520027962,2.08053130557497e-05,0.524019578497957,0.524019578497957,-0.000420802899658401,-0.000160963423630106,-0.000160963423630106,0,0,0,0,0,0,0,0,0,0,0,0,0,1,1409,0,0,0,0,0,0,6.17727754259612e-06,-1.37674180166847e-06,6.17727754259612e-06,0,0,1,0
1.409,0.523598775598299,0.524017258166397,-0.00231402247362876,2.06961762029084e-05,0.524017258166397,0.524017258166397,-0.000418482568098621,-0.000160085210136467,-0.000160085210136467,0,0,0,0,0,0,0,0,0,0,0,0,0,1,1410,0,0,0,0,0,0,6.16309815615335e-06,-1.3796583010077e-06,6.16309815615335e-06,0,0,1,0
1.41,0.523598775598299,0.524014950431067,-0.0023014594878472,2.05875767221236e-05,0.524014950431067,0.524014950431067,-0.000416174832768013,-0.000159211670589603,-0.000159211670589603,0,0,0,0,0,0,0,0,0,0,0,0,0,1,1411,0,0,0,0,0,0,6.14881669969147e-06,-1.38245209547832e-06,6.14881669969147e-06,0,0,1,0
1.411,0.523598775598299,0.524012655225587,-0.00228896271501144,2.04795115617136e-05,0.524012655225587,0.524012655225587,-0.000413879627288671,-0.000158342782080124,-0.000158342782080124,0,0,0,0,0,0,0,0,0,0,0,0,0,1,1412,0,0,0,0,0,0,6.13443562513805e-06,-1.38512580377193e-06,6.13443562513805e-06,0,0,1,0
1.412,0.523598775598299,0.524010372483911,-0.00227653182651158,2.03719777384556e-05,0.524010372483911,0.524010372483911,-0.000411596885611987,-0.000157478521768481,-0.000157478521768481,0,0,0,0,0,0,0,0,0,0,0,0,0,1,1413,0,0,0,0,0,0,6.11995734967063e-06,-1.3876819828009e-06,6.11995734967063e-06,0,0,1,0
1.413,0.523598775598299,0.524008102140316,-0.00226416649553068,2.02649723352999e-05,0.524008102140316,0.524008102140316,-0.000409326542017308,-0.000156618866886257,-0.000156618866886257,0,0,0,0,0,0,0,0,0,0,0,0,0,1,1414,0,0,0,0,0,0,6.10538425671603e-06,-1.39012313093946e-06,6.10538425671603e-06,0,0,1,0
1.414,0.523598775598299,0.524005844129409,-0.00225186639700911,2.01584924986219e-05,0.524005844129409,0.524005844129409,-0.000407068531109722,-0.000155763794735003,-0.000155763794735003,0,0,0,0,0,0,0,0,0,0,0,0,0,1,1415,0,0,0,0,0,0,6.0907186952841e-06,-1.39245168673133e-06,6.0907186952841e-06,0,0,1,0
1.415,0.523598775598299,0.524003598386117,-0.00223963120761011,2.00525354360019e-05,0.524003598386117,0.524003598386117,-0.000404822787818615,-0.000154913282687132,-0.000154913282687132,0,0,0,0,0,0,0,0,0,0,0,0,0,1,1416,0,0,0,0,0,0,6.07596298041191e-06,-1.39467003057946e-06,6.07596298041191e-06,0,0,1,0
1.416,0.523598775598299,0.524001364845695,-0.00222746060568671,1.99470984137095e-05,0.524001364845695,0.524001364845695,-0.000402589247395779,-0.000154067308185571,-0.000154067308185571,0,0,0,0,0,0,0,0,0,0,0,0,0,1,1417,0,0,0,0,0,0,6.06111939305265e-06,-1.39678048490823e-06,6.06111939305265e-06,0,0,1,0
1.417,0.523598775598299,0.523999143443713,-0.0022153542712499,1.98421787544362e-05,0.523999143443713,0.523999143443713,-0.000400367845413974,-0.000153225848744557,-0.000153225848744557,0,0,0,0,0,0,0,0,0,0,0,0,0,1,1418,0,0,0,0,0,0,6.04619018085284e-06,-1.39878531669319e-06,6.04619018085284e-06,0,0,1,0
1.418,0.523598775598299,0.523996934116064,-0.00220331188593813,1.97377738348467e-05,0.523996934116064,0.523996934116064,-0.000398158517765035,-0.000152388881949194,-0.000152388881949194,0,0,0,0,0,0,0,0,0,0,0,0,0,1,1419,0,0,0,0,0,0,6.03117755737514e-06,-1.40068673576779e-06,6.03117755737514e-06,0,0,1,0
1.419,0.523598775598299,0.523994736798957,-0.00219133313298799,1.96338810834471e-05,0.523994736798957,0.523994736798957,-0.000395961200658212,-0.000151556385455567,-0.000151556385455567,0,0,0,0,0,0,0,0,0,0,0,0,0,1,1420,0,0,0,0,0,0,6.01608370276452e-06,-1.40248689701518e-06,6.01608370276452e-06,0,0,1,0
1.42,0.523598775598299,0.523992551428918,-0.00217941769720608,1.95304979785001e-05,0.523992551428918,0.523992551428918,-0.000393775830618948,-0.000150728336992006,-0.000150728336992006,0,0,0,0,0,0,0,0,0,0,0,0,0,1,1421,0,0,0,0,0,0,6.00091076397025e-06,-1.40418790132448e-06,6.00091076397025e-06,0,0,1,0
1.421,0.523598775598299,0.523990377942786,-0.00216756526494211,1.94276220456352e-05,0.523990377942786,0.523990377942786,-0.000391602344487096,-0.000149904714358806,-0.000149904714358806,0,0,0,0,0,0,0,0,0,0,0,0,0,1,1422,0,0,0,0,0,0,5.98566085485697e-06,-1.40579179622408e-06,5.98566085485697e-06,0,0,1,0
1.422,0.523598775598299,0.523988216277714,-0.00215577552406314,1.93252508557916e-05,0.523988216277714,0.523988216277714,-0.000389440679415154,-0.000149085495427898,-0.000149085495427898,0,0,0,0,0,0,0,0,0,0,0,0,0,1,1423,0,0,0,0,0,0,5.97033605631569e-06,-1.40730057649266e-06,5.97033605631569e-06,0,0,1,0
1.423,0.523598775598299,0.523986066371166,-0.0021440481639289,1.92233820234097e-05,0.523986066371166,0.523986066371166,-0.000387290772867366,-0.000148270658144888,-0.000148270658144888,0,0,0,0,0,0,0,0,0,0,0,0,0,1,1424,0,0,0,0,0,0,5.95493841704098e-06,-1.40871618654252e-06,5.95493841704098e-06,0,0,1,0
1.424,0.523598775598299,0.523983928160916,-0.00213238287536827,1.91220132040532e-05,0.523983928160916,0.523983928160916,-0.000385152562617508,-0.000147460180527433,-0.000147460180527433,0,0,0,0,0,0,0,0,0,0,0,0,0,1,1425,0,0,0,0,0,0,5.93946995308681e-06,-1.41004051947501e-06,5.93946995308681e-06,0,0,1,0
1.425,0.523598775598299,0.523981801585047,-0.0021207793506568,1.90211420928689e-05,0.523981801585047,0.523981801585047,-0.000383025986748109,-0.000146654040667496,-0.000146654040667496,0,0,0,0,0,0,0,0,0,0,0,0,0,1,1426,0,0,0,0,0,0,5.92393264875479e-06,-1.41127541972109e-06,5.92393264875479e-06,0,0,1,0
1.426,0.523598775598299,0.523979686581947,-0.00210923728349518,1.89207664223617e-05,0.523979686581947,0.523979686581947,-0.000380910983648675,-0.000145852216730833,-0.000145852216730833,0,0,0,0,0,0,0,0,0,0,0,0,0,1,1427,0,0,0,0,0,0,5.90832845637213e-06,-1.41242268265201e-06,5.90832845637213e-06,0,0,1,0
1.427,0.523598775598299,0.523977583090313,-0.00209775636898896,1.88208839606483e-05,0.523977583090313,0.523977583090313,-0.000378807492014133,-0.000145054686957054,-0.000145054686957054,0,0,0,0,0,0,0,0,0,0,0,0,0,1,1428,0,0,0,0,0,0,5.89265929706873e-06,-1.41348405686915e-06,5.89265929706873e-06,0,0,1,0
1.428,0.523598775598299,0.523975491049142,-0.00208633630362895,1.87214925098522e-05,0.523975491049142,0.523975491049142,-0.000376715450843612,-0.000144261429660546,-0.000144261429660546,0,0,0,0,0,0,0,0,0,0,0,0,0,1,1429,0,0,0,0,0,0,5.87692706066623e-06,-1.41446124407086e-06,5.87692706066623e-06,0,0,1,0
1.429,0.523598775598299,0.523973410397738,-0.00207497678527273,1.86225899043354e-05,0.523973410397738,0.523973410397738,-0.000374634799439333,-0.000143472423231636,-0.000143472423231636,0,0,0,0,0,0,0,0,0,0,0,0,0,1,1430,0,0,0,0,0,0,5.86113360645513e-06,-1.41535590129666e-06,5.86113360645513e-06,0,0,1,0
1.43,0.523598775598299,0.523971341075704,-0.00206367751312702,1.8524174008775e-05,0.523971341075704,0.523971341075704,-0.000372565477404718,-0.000142687646135622,-0.000142687646135622,0,0,0,0,0,0,0,0,0,0,0,0,0,1,1431,0,0,0,0,0,0,5.84528076308377e-06,-1.41616964074737e-06,5.84528076308377e-06,0,0,1,0
1.431,0.523598775598299,0.523969283022942,-0.00205243818773104,1.84262427168471e-05,0.523969283022942,0.523969283022942,-0.000370507424643396,-0.00014190707691417,-0.00014190707691417,0,0,0,0,0,0,0,0,0,0,0,0,0,1,1432,0,0,0,0,0,0,5.82937032922448e-06,-1.41690403168888e-06,5.82937032922448e-06,0,0,1,0
1.432,0.523598775598299,0.523967236179657,-0.00204125851094053,1.83287939495555e-05,0.523967236179657,0.523967236179657,-0.000368460581357866,-0.000141130694185761,-0.000141130694185761,0,0,0,0,0,0,0,0,0,0,0,0,0,1,1433,0,0,0,0,0,0,5.81340407401765e-06,-1.41756060172658e-06,5.81340407401765e-06,0,0,1,0
1.433,0.523598775598299,0.523965200486347,-0.00203013818591284,1.82318256536639e-05,0.523965200486347,0.523965200486347,-0.000366424888048056,-0.000140358476645798,-0.000140358476645798,0,0,0,0,0,0,0,0,0,0,0,0,0,1,1434,0,0,0,0,0,0,5.7973837369607e-06,-1.41814083656571e-06,5.7973837369607e-06,0,0,1,0
1.434,0.523598775598299,0.523963175883809,-0.00201907691709259,1.81353358003195e-05,0.523963175883809,0.523963175883809,-0.00036440028550988,-0.000139590403066688,-0.000139590403066688,0,0,0,0,0,0,0,0,0,0,0,0,0,1,1435,0,0,0,0,0,0,5.78131102857427e-06,-1.41864618185585e-06,5.78131102857427e-06,0,0,1,0
1.435,0.523598775598299,0.523961162313133,-0.00200807441019826,1.80393223838259e-05,0.523961162313133,0.523961162313133,-0.000362386714834462,-0.000138826452299669,-0.000138826452299669,0,0,0,0,0,0,0,0,0,0,0,0,0,1,1436,0,0,0,0,0,0,5.76518763084621e-06,-1.41907804440959e-06,5.76518763084621e-06,0,0,1,0
1.436,0.523598775598299,0.523959159715706,-0.00199713037220936,1.7943783419968e-05,0.523959159715706,0.523959159715706,-0.000360384117406687,-0.000138066603274802,-0.000138066603274802,0,0,0,0,0,0,0,0,0,0,0,0,0,1,1437,0,0,0,0,0,0,5.74901519800886e-06,-1.41943779429301e-06,5.74901519800886e-06,0,0,1,0
1.437,0.523598775598299,0.523957168033202,-0.00198624451135458,1.78487169446674e-05,0.523957168033202,0.523957168033202,-0.000358392434903432,-0.00013731083500003,-0.00013731083500003,0,0,0,0,0,0,0,0,0,0,0,0,0,1,1438,0,0,0,0,0,0,5.73279535565074e-06,-1.41972676241328e-06,5.73279535565074e-06,0,0,1,0
1.438,0.523598775598299,0.523955187207592,-0.00197541653710039,1.77541210131535e-05,0.523955187207592,0.523955187207592,-0.000356411609293117,-0.000136559126563806,-0.000136559126563806,0,0,0,0,0,0,0,0,0,0,0,0,0,1,1439,0,0,0,0,0,0,5.71652970271508e-06,-1.41994624588493e-06,5.71652970271508e-06,0,0,1,0
1.439,0.523598775598299,0.523953217181133,-0.00196464616014042,1.76599936983379e-05,0.523953217181133,0.523953217181133,-0.000354441582833709,-0.000135811457133469,-0.000135811457133469,0,0,0,0,0,0,0,0,0,0,0,0,0,1,1440,0,0,0,0,0,0,5.70021981050051e-06,-1.4200975052707e-06,5.70021981050051e-06,0,0,1,0
1.44,0.523598775598299,0.523951257896371,-0.00195393309238537,1.75663330900597e-05,0.523951257896371,0.523951257896371,-0.000352482298072276,-0.000135067805957803,-0.000135067805957803,0,0,0,0,0,0,0,0,0,0,0,0,0,1,1441,0,0,0,0,0,0,5.68386722421543e-06,-1.42018176871566e-06,5.68386722421543e-06,0,0,1,0
1.441,0.523598775598299,0.523949309296142,-0.00194327704695367,1.74731372935611e-05,0.523949309296142,0.523949309296142,-0.000350533697842992,-0.000134328152365345,-0.000134328152365345,0,0,0,0,0,0,0,0,0,0,0,0,0,1,1442,0,0,0,0,0,0,5.66747346231189e-06,-1.42020023005565e-06,5.66747346231189e-06,0,0,1,0
1.442,0.523598775598299,0.523947371323565,-0.00193267773816253,1.73804044288501e-05,0.523947371323565,0.523947371323565,-0.000348595725266465,-0.000133592475766273,-0.000133592475766273,0,0,0,0,0,0,0,0,0,0,0,0,0,1,1443,0,0,0,0,0,0,5.65104001759575e-06,-1.42015405172431e-06,5.65104001759575e-06,0,0,1,0
1.443,0.523598775598299,0.523945443922047,-0.00192213488151971,1.7288132629487e-05,0.523945443922047,0.523945443922047,-0.000346668323748522,-0.00013286075565275,-0.00013286075565275,0,0,0,0,0,0,0,0,0,0,0,0,0,1,1444,0,0,0,0,0,0,5.63456835767084e-06,-1.42004436582766e-06,5.63456835767084e-06,0,0,1,0
1.444,0.523598775598299,0.523943527035277,-0.00191164819371574,1.71963200415231e-05,0.523943527035277,0.523943527035277,-0.000344751436978652,-0.000132132971598337,-0.000132132971598337,0,0,0,0,0,0,0,0,0,0,0,0,0,1,1445,0,0,0,0,0,0,5.61805992471687e-06,-1.41987227341182e-06,5.61805992471687e-06,0,0,1,0
1.445,0.523598775598299,0.523941620607228,-0.00190121739261666,1.71049648228386e-05,0.523941620607228,0.523941620607228,-0.000342845008929227,-0.000131409103259479,-0.000131409103259479,0,0,0,0,0,0,0,0,0,0,0,0,0,1,1446,0,0,0,0,0,0,5.60151613682169e-06,-1.4196388479188e-06,5.60151613682169e-06,0,0,1,0
1.446,0.523598775598299,0.523939724582153,-0.00189084219725722,1.70140651420834e-05,0.523939724582153,0.523939724582153,-0.000340948983854172,-0.000130689130375456,-0.000130689130375456,0,0,0,0,0,0,0,0,0,0,0,0,0,1,1447,0,0,0,0,0,0,5.58493838731522e-06,-1.41934513322236e-06,5.58493838731522e-06,0,0,1,0
1.447,0.523598775598299,0.523937838904587,-0.00188052232783461,1.69236191778722e-05,0.523937838904587,0.523937838904587,-0.000339063306287746,-0.000129973032768597,-0.000129973032768597,0,0,0,0,0,0,0,0,0,0,0,0,0,1,1448,0,0,0,0,0,0,5.56832804599061e-06,-1.41899214676187e-06,5.56832804599061e-06,0,0,1,0
1.448,0.523598775598299,0.523935963519342,-0.00187025750570254,1.6833625118062e-05,0.523935963519342,0.523935963519342,-0.000337187921043425,-0.000129260790344778,-0.000129260790344778,0,0,0,0,0,0,0,0,0,0,0,0,0,1,1449,0,0,0,0,0,0,5.55168645921533e-06,-1.41858087965231e-06,5.55168645921533e-06,0,0,1,0
1.449,0.523598775598299,0.523934098371511,-0.00186004745336576,1.67440811590053e-05,0.523934098371511,0.523934098371511,-0.000335322773212576,-0.000128552383093279,-0.000128552383093279,0,0,0,0,0,0,0,0,0,0,0,0,0,1,1450,0,0,0,0,0,0,5.53501494993114e-06,-1.41811229649252e-06,5.53501494993114e-06,0,0,1,0
1.45,0.523598775598299,0.523932243406463,-0.00184989189447492,1.66549855049965e-05,0.523932243406463,0.523932243406463,-0.000333467808164012,-0.000127847791089018,-0.000127847791089018,0,0,0,0,0,0,0,0,0,0,0,0,0,1,1451,0,0,0,0,0,0,5.51831481931941e-06,-1.41758733965204e-06,5.51831481931941e-06,0,0,1,0
1.451,0.523598775598299,0.523930398569841,-0.00183979055382191,1.65663363670971e-05,0.523930398569841,0.523930398569841,-0.000331622971541767,-0.00012714699448994,-0.00012714699448994,0,0,0,0,0,0,0,0,0,0,0,0,0,1,1452,0,0,0,0,0,0,5.50158734546891e-06,-1.41700692544663e-06,5.50158734546891e-06,0,0,1,0
1.452,0.523598775598299,0.523928563807564,-0.00182974315733546,1.64781319631217e-05,0.523928563807564,0.523928563807564,-0.00032978820926477,-0.000126449973539512,-0.000126449973539512,0,0,0,0,0,0,0,0,0,0,0,0,0,1,1453,0,0,0,0,0,0,5.48483378504105e-06,-1.41637194842157e-06,5.48483378504105e-06,0,0,1,0
1.453,0.523598775598299,0.523926739065824,-0.00181974943207708,1.63903705167322e-05,0.523926739065824,0.523926739065824,-0.000327963467525505,-0.000125756708566455,-0.000125756708566455,0,0,0,0,0,0,0,0,0,0,0,0,0,1,1454,0,0,0,0,0,0,5.46805537338102e-06,-1.41568328139994e-06,5.46805537338102e-06,0,0,1,0
1.454,0.523598775598299,0.523924924291087,-0.00180980910623731,1.63030502568613e-05,0.523924924291087,0.523924924291087,-0.000326148692788575,-0.000125067179984169,-0.000125067179984169,0,0,0,0,0,0,0,0,0,0,0,0,0,1,1455,0,0,0,0,0,0,5.45125332440666e-06,-1.41494177493791e-06,5.45125332440666e-06,0,0,1,0
1.455,0.523598775598299,0.523923119430089,-0.00179992190913225,1.62161694174472e-05,0.523923119430089,0.523923119430089,-0.000324343831790141,-0.000124381368292533,-0.000124381368292533,0,0,0,0,0,0,0,0,0,0,0,0,0,1,1456,0,0,0,0,0,0,5.43442883138567e-06,-1.41414825917299e-06,5.43442883138567e-06,0,0,1,0
1.456,0.523598775598299,0.523921324429835,-0.00179008757120036,1.61297262366152e-05,0.523921324429835,0.523921324429835,-0.000322548831536262,-0.000123699254076664,-0.000123699254076664,0,0,0,0,0,0,0,0,0,0,0,0,0,1,1457,0,0,0,0,0,0,5.41758306749074e-06,-1.41330354505619e-06,5.41758306749074e-06,0,0,1,0
1.457,0.523598775598299,0.523919539237601,-0.00178030582399955,1.60437189564853e-05,0.523919539237601,0.523919539237601,-0.000320763639302113,-0.000123020818008068,-0.000123020818008068,0,0,0,0,0,0,0,0,0,0,0,0,0,1,1458,0,0,0,0,0,0,5.40071718579949e-06,-1.41240842407462e-06,5.40071718579949e-06,0,0,1,0
1.458,0.523598775598299,0.52391776380093,-0.00177057640020442,1.59581458226181e-05,0.52391776380093,0.52391776380093,-0.000318988202630877,-0.000122346040844856,-0.000122346040844856,0,0,0,0,0,0,0,0,0,0,0,0,0,1,1459,0,0,0,0,0,0,5.38383232007167e-06,-1.41146367007162e-06,5.38383232007167e-06,0,0,1,0
1.459,0.523598775598299,0.523915998067631,-0.00176089903360389,1.58730050835371e-05,0.523915998067631,0.523915998067631,-0.000317222469332079,-0.00012167490343044,-0.00012167490343044,0,0,0,0,0,0,0,0,0,0,0,0,0,1,1460,0,0,0,0,0,0,5.36692958452711e-06,-1.41047003835804e-06,5.36692958452711e-06,0,0,1,0
1.46,0.523598775598299,0.52391424198578,-0.00175127345909875,1.57882949907873e-05,0.52391424198578,0.52391424198578,-0.000315466387481367,-0.000121007386696106,-0.000121007386696106,0,0,0,0,0,0,0,0,0,0,0,0,0,1,1461,0,0,0,0,0,0,5.3500100747339e-06,-1.40942826782286e-06,5.3500100747339e-06,0,0,1,0
1.461,0.523598775598299,0.523912495503717,-0.00174169941269966,1.57040137980956e-05,0.523912495503717,0.523912495503717,-0.000313719905418619,-0.000120343471659065,-0.000120343471659065,0,0,0,0,0,0,0,0,0,0,0,0,0,1,1462,0,0,0,0,0,0,5.33307486760837e-06,-1.40833908063125e-06,5.33307486760837e-06,0,0,1,0
1.462,0.523598775598299,0.523910758570046,-0.00173217663152515,1.5620159761423e-05,0.523910758570046,0.523910758570046,-0.000311982971747393,-0.000119683139424076,-0.000119683139424076,0,0,0,0,0,0,0,0,0,0,0,0,0,1,1463,0,0,0,0,0,0,5.31612502208123e-06,-1.40720318372205e-06,5.31612502208123e-06,0,0,1,0
1.463,0.523598775598299,0.523909031133632,-0.00172270485379986,1.55367311384308e-05,0.523909031133632,0.523909031133632,-0.000310255535333259,-0.000119026371182053,-0.000119026371182053,0,0,0,0,0,0,0,0,0,0,0,0,0,1,1464,0,0,0,0,0,0,5.29916157920862e-06,-1.40602126879165e-06,5.29916157920862e-06,0,0,1,0
1.464,0.523598775598299,0.523907313143602,-0.0017132838188529,1.54537261885519e-05,0.523907313143602,0.523907313143602,-0.000308537545303467,-0.000118373148212252,-0.000118373148212252,0,0,0,0,0,0,0,0,0,0,0,0,0,1,1465,0,0,0,0,0,0,5.28218556283822e-06,-1.40479401378039e-06,5.28218556283822e-06,0,0,1,0
1.465,0.523598775598299,0.523905604549344,-0.00170391326711634,1.53711431722995e-05,0.523905604549344,0.523905604549344,-0.000306828951044835,-0.000117723451879624,-0.000117723451879624,0,0,0,0,0,0,0,0,0,0,0,0,0,1,1466,0,0,0,0,0,0,5.26519797905411e-06,-1.40352208105555e-06,5.26519797905411e-06,0,0,1,0
1.466,0.523598775598299,0.523903905300502,-0.0016945929401238,1.5288980351642e-05,0.523903905300502,0.523903905300502,-0.000305129702203533,-0.000117077263637273,-0.000117077263637273,0,0,0,0,0,0,0,0,0,0,0,0,0,1,1467,0,0,0,0,0,0,5.24819981773117e-06,-1.40220612129263e-06,5.24819981773117e-06,0,0,1,0
1.467,0.523598775598299,0.523902215346983,-0.00168532258050908,1.52072359894215e-05,0.523902215346983,0.523902215346983,-0.000303439748683743,-0.000116434565025864,-0.000116434565025864,0,0,0,0,0,0,0,0,0,0,0,0,0,1,1468,0,0,0,0,0,0,5.23119205209088e-06,-1.40084677194004e-06,5.23119205209088e-06,0,0,1,0
1.468,0.523598775598299,0.523900534638945,-0.00167610193200508,1.51259083491486e-05,0.523900534638945,0.523900534638945,-0.00030175904064611,-0.000115795337672433,-0.000115795337672433,0,0,0,0,0,0,0,0,0,0,0,0,0,1,1469,0,0,0,0,0,0,5.21417563903448e-06,-1.39944465779433e-06,5.21417563903448e-06,0,0,1,0
1.469,0.523598775598299,0.523898863126806,-0.00166693073944257,1.50449956952261e-05,0.523898863126806,0.523898863126806,-0.000300087528507409,-0.000115159563292469,-0.000115159563292469,0,0,0,0,0,0,0,0,0,0,0,0,0,1,1470,0,0,0,0,0,0,5.19715151992006e-06,-1.39800039276709e-06,5.19715151992006e-06,0,0,1,0
1.47,0.523598775598299,0.523897200761238,-0.00165780874874919,1.49644962923962e-05,0.523897200761238,0.523897200761238,-0.000298425162938765,-0.000114527223688076,-0.000114527223688076,0,0,0,0,0,0,0,0,0,0,0,0,0,1,1471,0,0,0,0,0,0,5.18012062034057e-06,-1.39651457894724e-06,5.18012062034057e-06,0,0,1,0
1.471,0.523598775598299,0.523895547493164,-0.00164873570694847,1.48844084059583e-05,0.523895547493164,0.523895547493164,-0.000296771894864878,-0.000113898300748825,-0.000113898300748825,0,0,0,0,0,0,0,0,0,0,0,0,0,1,1472,0,0,0,0,0,0,5.1630838507899e-06,-1.39498780806532e-06,5.1630838507899e-06,0,0,1,0
1.472,0.523598775598299,0.523893903273762,-0.00163971136215881,1.48047303016077e-05,0.523893903273762,0.523893903273762,-0.000295127675462914,-0.000113272776451681,-0.000113272776451681,0,0,0,0,0,0,0,0,0,0,0,0,0,1,1473,0,0,0,0,0,0,5.1460421065519e-06,-1.39342066085785e-06,5.1460421065519e-06,0,0,1,0
1.473,0.523598775598299,0.52389226805446,-0.00163073546359262,1.47254602453344e-05,0.52389226805446,0.52389226805446,-0.000293492456161171,-0.000112650632860317,-0.000112650632860317,0,0,0,0,0,0,0,0,0,0,0,0,0,1,1474,0,0,0,0,0,0,5.12899626836649e-06,-1.3918137085284e-06,5.12899626836649e-06,0,0,1,0
1.474,0.523598775598299,0.523890641786937,-0.00162180776155536,1.46465965035562e-05,0.523890641786937,0.523890641786937,-0.000291866188638634,-0.000112031852126806,-0.000112031852126806,0,0,0,0,0,0,0,0,0,0,0,0,0,1,1475,0,0,0,0,0,0,5.11194720276276e-06,-1.39016751330269e-06,5.11194720276276e-06,0,0,1,0
1.475,0.523598775598299,0.523889024423122,-0.00161292800744473,1.45681373426402e-05,0.523889024423122,0.523889024423122,-0.000290248824822981,-0.000111416416489096,-0.000111416416489096,0,0,0,0,0,0,0,0,0,0,0,0,0,1,1476,0,0,0,0,0,0,5.09489576194788e-06,-1.38848262778654e-06,5.09489576194788e-06,0,0,1,0
1.476,0.523598775598299,0.523887415915189,-0.00160409595374982,1.4490081029389e-05,0.523887415915189,0.523887415915189,-0.000288640316890354,-0.000110804308273273,-0.000110804308273273,0,0,0,0,0,0,0,0,0,0,0,0,0,1,1477,0,0,0,0,0,0,5.0778427843623e-06,-1.38675959612572e-06,5.0778427843623e-06,0,0,1,0
1.477,0.523598775598299,0.523885816215562,-0.00159531135405028,1.44124258306e-05,0.523885816215562,0.523885816215562,-0.000287040617263368,-0.000110195509891009,-0.000110195509891009,0,0,0,0,0,0,0,0,0,0,0,0,0,1,1478,0,0,0,0,0,0,5.06078909479069e-06,-1.38499895396349e-06,5.06078909479069e-06,0,0,1,0
1.478,0.523598775598299,0.52388422527691,-0.00158657396301547,1.43351700135831e-05,0.52388422527691,0.52388422527691,-0.000285449678610994,-0.000109590003842092,-0.000109590003842092,0,0,0,0,0,0,0,0,0,0,0,0,0,1,1479,0,0,0,0,0,0,5.04373550502812e-06,-1.3832012298946e-06,5.04373550502812e-06,0,0,1,0
1.479,0.523598775598299,0.523882643052145,-0.00157788353640356,1.42583118456546e-05,0.523882643052145,0.523882643052145,-0.000283867453846565,-0.000108987772711835,-0.000108987772711835,0,0,0,0,0,0,0,0,0,0,0,0,0,1,1480,0,0,0,0,0,0,5.02668281332497e-06,-1.38136694362398e-06,5.02668281332497e-06,0,0,1,0
1.48,0.523598775598299,0.523881069494426,-0.00156923983106069,1.4181849594625e-05,0.523881069494426,0.523881069494426,-0.00028229389612755,-0.00010838879917328,-0.00010838879917328,0,0,0,0,0,0,0,0,0,0,0,0,0,1,1481,0,0,0,0,0,0,5.00963180549707e-06,-1.37949660862762e-06,5.00963180549707e-06,0,0,1,0
1.481,0.523598775598299,0.523879504557152,-0.0015606426049201,1.41057815283787e-05,0.523879504557152,0.523879504557152,-0.00028072895885356,-0.00010779306598458,-0.00010779306598458,0,0,0,0,0,0,0,0,0,0,0,0,0,1,1482,0,0,0,0,0,0,4.99258325437069e-06,-1.37759073031059e-06,4.99258325437069e-06,0,0,1,0
1.482,0.523598775598299,0.523877948193965,-0.00155209161700119,1.4030105915424e-05,0.523877948193965,0.523877948193965,-0.000279172595666122,-0.00010720055599117,-0.00010720055599117,0,0,0,0,0,0,0,0,0,0,0,0,0,1,1483,0,0,0,0,0,0,4.97553792089267e-06,-1.37564980866886e-06,4.97553792089267e-06,0,0,1,0
1.483,0.523598775598299,0.523876400358746,-0.00154358662740859,1.39548210245181e-05,0.523876400358746,0.523876400358746,-0.000277624760447126,-0.000106611252124317,-0.000106611252124317,0,0,0,0,0,0,0,0,0,0,0,0,0,1,1484,0,0,0,0,0,0,4.95849655379743e-06,-1.37367433704024e-06,4.95849655379743e-06,0,0,1,0
1.484,0.523598775598299,0.523874861005617,-0.00153512739733123,1.38799251248727e-05,0.523874861005617,0.523874861005617,-0.000276085407317717,-0.000106025137400865,-0.000106025137400865,0,0,0,0,0,0,0,0,0,0,0,0,0,1,1485,0,0,0,0,0,0,4.94145988982897e-06,-1.37166480237202e-06,4.94145988982897e-06,0,0,1,0
1.485,0.523598775598299,0.523873330088936,-0.00152671368904133,1.38054164863384e-05,0.523873330088936,0.523873330088936,-0.000274554490637291,-0.000105442194923262,-0.000105442194923262,0,0,0,0,0,0,0,0,0,0,0,0,0,1,1486,0,0,0,0,0,0,4.92442865407394e-06,-1.36962168578606e-06,4.92442865407394e-06,0,0,1,0
1.486,0.523598775598299,0.523871807563301,-0.00151834526589329,1.37312933794816e-05,0.523871807563301,0.523871807563301,-0.000273031965002501,-0.000104862407879579,-0.000104862407879579,0,0,0,0,0,0,0,0,0,0,0,0,0,1,1487,0,0,0,0,0,0,4.90740356007269e-06,-1.36754546254552e-06,4.90740356007269e-06,0,0,1,0
1.487,0.523598775598299,0.523870293383545,-0.00151002189232262,1.36575540756005e-05,0.523870293383545,0.523870293383545,-0.000271517785246034,-0.000104285759542906,-0.000104285759542906,0,0,0,0,0,0,0,0,0,0,0,0,0,1,1488,0,0,0,0,0,0,4.89038531026331e-06,-1.36543660292181e-06,4.89038531026331e-06,0,0,1,0
1.488,0.523598775598299,0.523868787504735,-0.00150174333384476,1.3584196846896e-05,0.523868787504735,0.523868787504735,-0.000270011906435719,-0.000103712233271639,-0.000103712233271639,0,0,0,0,0,0,0,0,0,0,0,0,0,1,1489,0,0,0,0,0,0,4.87337459609272e-06,-1.36329557216027e-06,4.87337459609272e-06,0,0,1,0
1.489,0.523598775598299,0.523867289882172,-0.00149350935705385,1.35112199664567e-05,0.523867289882172,0.523867289882172,-0.000268514283873089,-0.000103141812508262,-0.000103141812508262,0,0,0,0,0,0,0,0,0,0,0,0,0,1,1490,0,0,0,0,0,0,4.85637209790557e-06,-1.36112282985421e-06,4.85637209790557e-06,0,0,1,0
1.49,0.523598775598299,0.523865800471392,-0.00148531972962149,1.3438621708606e-05,0.523865800471392,0.523865800471392,-0.000267024873092825,-0.000102574480780502,-0.000102574480780502,0,0,0,0,0,0,0,0,0,0,0,0,0,1,1491,0,0,0,0,0,0,4.83937848583249e-06,-1.35891883201798e-06,4.83937848583249e-06,0,0,1,0
1.491,0.523598775598299,0.52386431922816,-0.0014771742202954,1.33664003487143e-05,0.52386431922816,0.52386431922816,-0.000265543629861309,-0.000102010221700084,-0.000102010221700084,0,0,0,0,0,0,0,0,0,0,0,0,0,1,1492,0,0,0,0,0,0,4.82239441912391e-06,-1.35668402895998e-06,4.82239441912391e-06,0,0,1,0
1.492,0.523598775598299,0.523862846108474,-0.00146907259889803,1.32945541634473e-05,0.523862846108474,0.523862846108474,-0.000264070510175629,-0.000101449018962661,-0.000101449018962661,0,0,0,0,0,0,0,0,0,0,0,0,0,1,1493,0,0,0,0,0,0,4.80542054703825e-06,-1.35441886736653e-06,4.80542054703825e-06,0,0,1,0
1.493,0.523598775598299,0.523861381068561,-0.00146101463632518,1.3223081430903e-05,0.523861381068561,0.523861381068561,-0.000262605470262467,-0.00010089085634745,-0.00010089085634745,0,0,0,0,0,0,0,0,0,0,0,0,0,1,1494,0,0,0,0,0,0,4.78845750873091e-06,-1.35212378967679e-06,4.78845750873091e-06,0,0,1,0
1.494,0.523598775598299,0.523859924064876,-0.00145300010454441,1.31519804307776e-05,0.523859924064876,0.523859924064876,-0.00026114846657721,-0.000100335717717439,-0.000100335717717439,0,0,0,0,0,0,0,0,0,0,0,0,0,1,1495,0,0,0,0,0,0,4.77150593336528e-06,-1.34979923406878e-06,4.77150593336528e-06,0,0,1,0
1.495,0.523598775598299,0.523858475054101,-0.0014450287765935,1.30812494443601e-05,0.523858475054101,0.523858475054101,-0.000259699455802509,-9.97835870180903e-05,-9.97835870180903e-05,0,0,0,0,0,0,0,0,0,0,0,0,0,1,1496,0,0,0,0,0,0,4.75456644022376e-06,-1.34744563444944e-06,4.75456644022376e-06,0,0,1,0
1.496,0.523598775598299,0.523857033993146,-0.00143710042657879,1.3010886754901e-05,0.523857033993146,0.523857033993146,-0.00025825839484761,-9.92344482781383e-05,-9.92344482781383e-05,0,0,0,0,0,0,0,0,0,0,0,0,0,1,1497,0,0,0,0,0,0,4.73763963926288e-06,-1.34506342164395e-06,4.73763963926288e-06,0,0,1,0
1.497,0.523598775598299,0.523855600839146,-0.00142921482967342,1.29408906475438e-05,0.523855600839146,0.523855600839146,-0.000256825240847025,-9.86882856085614e-05,-9.86882856085614e-05,0,0,0,0,0,0,0,0,0,0,0,0,0,1,1498,0,0,0,0,0,0,4.72072613066921e-06,-1.34265302188785e-06,4.72072613066921e-06,0,0,1,0
1.498,0.523598775598299,0.523854175549458,-0.00142137176211555,1.28712594095639e-05,0.523854175549458,0.523854175549458,-0.000255399951159641,-9.81450832027542e-05,-9.81450832027542e-05,0,0,0,0,0,0,0,0,0,0,0,0,0,1,1499,0,0,0,0,0,0,4.70382650552548e-06,-1.34021485832846e-06,4.70382650552548e-06,0,0,1,0
1.499,0.523598775598299,0.523852758081666,-0.00141357100120648,1.28019913304149e-05,0.523852758081666,0.523852758081666,-0.00025398248336761,-9.76048253360811e-05,-9.76048253360811e-05,0,0,0,0,0,0,0,0,0,0,0,0,0,1,1500,0,0,0,0,0,0,4.68694134614367e-06,-1.33774935161572e-06,4.68694134614367e-06,0,0,1,0
1.5,0.523598775598299,0.523851348393574,-0.00140581232530877,1.27330847018513e-05,0.523851348393574,0.523851348393574,-0.00025257279527513,-9.70674963651239e-05,-9.70674963651239e-05,0,0,0,0,0,0,0,0,0,0,0,0,0,1,1501,0,0,0,0,0,0,4.67007122550989e-06,-1.33525691810234e-06,4.67007122550989e-06,0,0,1,0
