time_s,reference_rad,position_rad,velocity_rad_s,current_A,sensor_side_measurement_rad,received_measurement_rad,tracking_error_rad,command_V,unsaturated_command_V,capacitive_current_A,capacitive_voltage_V,inductive_voltage_V,shared_impedance_voltage_V,ground_common_mode_voltage_V,ground_differential_voltage_V,receiver_differential_voltage_V,equivalent_encoder_error_rad,physical_source_window_active,ground_window_active,communication_channel_enabled,transmit_delay_samples,packet_dropped,sample_received,accepted_source_index,accepted_delay_samples,held_last,measurement_age_samples,measurement_age_s,collision_discard_count,out_of_order_discard_count,delta_position_rad,delta_command_V,delta_received_measurement_rad,pre_window_active,analysis_window_active,post_window_active,configured_fault_window_active
0,0,0,0,0,0,0,0,0,0,0,0,0,0,0,0,0,0,0,0,0,0,0,1,1,0,0,0,0,0,0,0,0,0,1,0,0,0
0.001,0,0,0,0,0,0,0,0,0,0,0,0,0,0,0,0,0,0,0,0,0,0,1,2,0,0,0,0,0,0,0,0,0,1,0,0,0
0.002,0,0,0,0,0,0,0,0,0,0,0,0,0,0,0,0,0,0,0,0,0,0,1,3,0,0,0,0,0,0,0,0,0,1,0,0,0
0.003,0,0,0,0,0,0,0,0,0,0,0,0,0,0,0,0,0,0,0,0,0,0,1,4,0,0,0,0,0,0,0,0,0,1,0,0,0
0.004,0,0,0,0,0,0,0,0,0,0,0,0,0,0,0,0,0,0,0,0,0,0,1,5,0,0,0,0,0,0,0,0,0,1,0,0,0
0.005,0,0,0,0,0,0,0,0,0,0,0,0,0,0,0,0,0,0,0,0,0,0,1,6,0,0,0,0,0,0,0,0,0,1,0,0,0
0.006,0,0,0,0,0,0,0,0,0,0,0,0,0,0,0,0,0,0,0,0,0,0,1,7,0,0,0,0,0,0,0,0,0,1,0,0,0
0.007,0,0,0,0,0,0,0,0,0,0,0,0,0,0,0,0,0,0,0,0,0,0,1,8,0,0,0,0,0,0,0,0,0,1,0,0,0
0.008,0,0,0,0,0,0,0,0,0,0,0,0,0,0,0,0,0,0,0,0,0,0,1,9,0,0,0,0,0,0,0,0,0,1,0,0,0
0.009,0,0,0,0,0,0,0,0,0,0,0,0,0,0,0,0,0,0,0,0,0,0,1,10,0,0,0,0,0,0,0,0,0,1,0,0,0
0.01,0,0,0,0,0,0,0,0,0,0,0,0,0,0,0,0,0,0,0,0,0,0,1,11,0,0,0,0,0,0,0,0,0,1,0,0,0
0.011,0,0,0,0,0,0,0,0,0,0,0,0,0,0,0,0,0,0,0,0,0,0,1,12,0,0,0,0,0,0,0,0,0,1,0,0,0
0.012,0,0,0,0,0,0,0,0,0,0,0,0,0,0,0,0,0,0,0,0,0,0,1,13,0,0,0,0,0,0,0,0,0,1,0,0,0
0.013,0,0,0,0,0,0,0,0,0,0,0,0,0,0,0,0,0,0,0,0,0,0,1,14,0,0,0,0,0,0,0,0,0,1,0,0,0
0.014,0,0,0,0,0,0,0,0,0,0,0,0,0,0,0,0,0,0,0,0,0,0,1,15,0,0,0,0,0,0,0,0,0,1,0,0,0
0.015,0,0,0,0,0,0,0,0,0,0,0,0,0,0,0,0,0,0,0,0,0,0,1,16,0,0,0,0,0,0,0,0,0,1,0,0,0
0.016,0,0,0,0,0,0,0,0,0,0,0,0,0,0,0,0,0,0,0,0,0,0,1,17,0,0,0,0,0,0,0,0,0,1,0,0,0
0.017,0,0,0,0,0,0,0,0,0,0,0,0,0,0,0,0,0,0,0,0,0,0,1,18,0,0,0,0,0,0,0,0,0,1,0,0,0
0.018,0,0,0,0,0,0,0,0,0,0,0,0,0,0,0,0,0,0,0,0,0,0,1,19,0,0,0,0,0,0,0,0,0,1,0,0,0
0.019,0,0,0,0,0,0,0,0,0,0,0,0,0,0,0,0,0,0,0,0,0,0,1,20,0,0,0,0,0,0,0,0,0,1,0,0,0
0.02,0,0,0,0,0,0,0,0,0,0,0,0,0,0,0,0,0,0,0,0,0,0,1,21,0,0,0,0,0,0,0,0,0,1,0,0,0
0.021,0,0,0,0,0,0,0,0,0,0,0,0,0,0,0,0,0,0,0,0,0,0,1,22,0,0,0,0,0,0,0,0,0,1,0,0,0
0.022,0,0,0,0,0,0,0,0,0,0,0,0,0,0,0,0,0,0,0,0,0,0,1,23,0,0,0,0,0,0,0,0,0,1,0,0,0
0.023,0,0,0,0,0,0,0,0,0,0,0,0,0,0,0,0,0,0,0,0,0,0,1,24,0,0,0,0,0,0,0,0,0,1,0,0,0
0.024,0,0,0,0,0,0,0,0,0,0,0,0,0,0,0,0,0,0,0,0,0,0,1,25,0,0,0,0,0,0,0,0,0,1,0,0,0
0.025,0,0,0,0,0,0,0,0,0,0,0,0,0,0,0,0,0,0,0,0,0,0,1,26,0,0,0,0,0,0,0,0,0,1,0,0,0
0.026,0,0,0,0,0,0,0,0,0,0,0,0,0,0,0,0,0,0,0,0,0,0,1,27,0,0,0,0,0,0,0,0,0,1,0,0,0
0.027,0,0,0,0,0,0,0,0,0,0,0,0,0,0,0,0,0,0,0,0,0,0,1,28,0,0,0,0,0,0,0,0,0,1,0,0,0
0.028,0,0,0,0,0,0,0,0,0,0,0,0,0,0,0,0,0,0,0,0,0,0,1,29,0,0,0,0,0,0,0,0,0,1,0,0,0
0.029,0,0,0,0,0,0,0,0,0,0,0,0,0,0,0,0,0,0,0,0,0,0,1,30,0,0,0,0,0,0,0,0,0,1,0,0,0
0.03,0,0,0,0,0,0,0,0,0,0,0,0,0,0,0,0,0,0,0,0,0,0,1,31,0,0,0,0,0,0,0,0,0,1,0,0,0
0.031,0,0,0,0,0,0,0,0,0,0,0,0,0,0,0,0,0,0,0,0,0,0,1,32,0,0,0,0,0,0,0,0,0,1,0,0,0
0.032,0,0,0,0,0,0,0,0,0,0,0,0,0,0,0,0,0,0,0,0,0,0,1,33,0,0,0,0,0,0,0,0,0,1,0,0,0
0.033,0,0,0,0,0,0,0,0,0,0,0,0,0,0,0,0,0,0,0,0,0,0,1,34,0,0,0,0,0,0,0,0,0,1,0,0,0
0.034,0,0,0,0,0,0,0,0,0,0,0,0,0,0,0,0,0,0,0,0,0,0,1,35,0,0,0,0,0,0,0,0,0,1,0,0,0
0.035,0,0,0,0,0,0,0,0,0,0,0,0,0,0,0,0,0,0,0,0,0,0,1,36,0,0,0,0,0,0,0,0,0,1,0,0,0
0.036,0,0,0,0,0,0,0,0,0,0,0,0,0,0,0,0,0,0,0,0,0,0,1,37,0,0,0,0,0,0,0,0,0,1,0,0,0
0.037,0,0,0,0,0,0,0,0,0,0,0,0,0,0,0,0,0,0,0,0,0,0,1,38,0,0,0,0,0,0,0,0,0,1,0,0,0
0.038,0,0,0,0,0,0,0,0,0,0,0,0,0,0,0,0,0,0,0,0,0,0,1,39,0,0,0,0,0,0,0,0,0,1,0,0,0
0.039,0,0,0,0,0,0,0,0,0,0,0,0,0,0,0,0,0,0,0,0,0,0,1,40,0,0,0,0,0,0,0,0,0,1,0,0,0
0.04,0,0,0,0,0,0,0,0,0,0,0,0,0,0,0,0,0,0,0,0,0,0,1,41,0,0,0,0,0,0,0,0,0,1,0,0,0
0.041,0,0,0,0,0,0,0,0,0,0,0,0,0,0,0,0,0,0,0,0,0,0,1,42,0,0,0,0,0,0,0,0,0,1,0,0,0
0.042,0,0,0,0,0,0,0,0,0,0,0,0,0,0,0,0,0,0,0,0,0,0,1,43,0,0,0,0,0,0,0,0,0,1,0,0,0
0.043,0,0,0,0,0,0,0,0,0,0,0,0,0,0,0,0,0,0,0,0,0,0,1,44,0,0,0,0,0,0,0,0,0,1,0,0,0
0.044,0,0,0,0,0,0,0,0,0,0,0,0,0,0,0,0,0,0,0,0,0,0,1,45,0,0,0,0,0,0,0,0,0,1,0,0,0
0.045,0,0,0,0,0,0,0,0,0,0,0,0,0,0,0,0,0,0,0,0,0,0,1,46,0,0,0,0,0,0,0,0,0,1,0,0,0
0.046,0,0,0,0,0,0,0,0,0,0,0,0,0,0,0,0,0,0,0,0,0,0,1,47,0,0,0,0,0,0,0,0,0,1,0,0,0
0.047,0,0,0,0,0,0,0,0,0,0,0,0,0,0,0,0,0,0,0,0,0,0,1,48,0,0,0,0,0,0,0,0,0,1,0,0,0
0.048,0,0,0,0,0,0,0,0,0,0,0,0,0,0,0,0,0,0,0,0,0,0,1,49,0,0,0,0,0,0,0,0,0,1,0,0,0
0.049,0,0,0,0,0,0,0,0,0,0,0,0,0,0,0,0,0,0,0,0,0,0,1,50,0,0,0,0,0,0,0,0,0,1,0,0,0
0.05,0,0,0,0,0,0,0,0,0,0,0,0,0,0,0,0,0,0,0,0,0,0,1,51,0,0,0,0,0,0,0,0,0,1,0,0,0
0.051,0,0,0,0,0,0,0,0,0,0,0,0,0,0,0,0,0,0,0,0,0,0,1,52,0,0,0,0,0,0,0,0,0,1,0,0,0
0.052,0,0,0,0,0,0,0,0,0,0,0,0,0,0,0,0,0,0,0,0,0,0,1,53,0,0,0,0,0,0,0,0,0,1,0,0,0
0.053,0,0,0,0,0,0,0,0,0,0,0,0,0,0,0,0,0,0,0,0,0,0,1,54,0,0,0,0,0,0,0,0,0,1,0,0,0
0.054,0,0,0,0,0,0,0,0,0,0,0,0,0,0,0,0,0,0,0,0,0,0,1,55,0,0,0,0,0,0,0,0,0,1,0,0,0
0.055,0,0,0,0,0,0,0,0,0,0,0,0,0,0,0,0,0,0,0,0,0,0,1,56,0,0,0,0,0,0,0,0,0,1,0,0,0
0.056,0,0,0,0,0,0,0,0,0,0,0,0,0,0,0,0,0,0,0,0,0,0,1,57,0,0,0,0,0,0,0,0,0,1,0,0,0
0.057,0,0,0,0,0,0,0,0,0,0,0,0,0,0,0,0,0,0,0,0,0,0,1,58,0,0,0,0,0,0,0,0,0,1,0,0,0
0.058,0,0,0,0,0,0,0,0,0,0,0,0,0,0,0,0,0,0,0,0,0,0,1,59,0,0,0,0,0,0,0,0,0,1,0,0,0
0.059,0,0,0,0,0,0,0,0,0,0,0,0,0,0,0,0,0,0,0,0,0,0,1,60,0,0,0,0,0,0,0,0,0,1,0,0,0
0.06,0,0,0,0,0,0,0,0,0,0,0,0,0,0,0,0,0,0,0,0,0,0,1,61,0,0,0,0,0,0,0,0,0,1,0,0,0
0.061,0,0,0,0,0,0,0,0,0,0,0,0,0,0,0,0,0,0,0,0,0,0,1,62,0,0,0,0,0,0,0,0,0,1,0,0,0
0.062,0,0,0,0,0,0,0,0,0,0,0,0,0,0,0,0,0,0,0,0,0,0,1,63,0,0,0,0,0,0,0,0,0,1,0,0,0
0.063,0,0,0,0,0,0,0,0,0,0,0,0,0,0,0,0,0,0,0,0,0,0,1,64,0,0,0,0,0,0,0,0,0,1,0,0,0
0.064,0,0,0,0,0,0,0,0,0,0,0,0,0,0,0,0,0,0,0,0,0,0,1,65,0,0,0,0,0,0,0,0,0,1,0,0,0
0.065,0,0,0,0,0,0,0,0,0,0,0,0,0,0,0,0,0,0,0,0,0,0,1,66,0,0,0,0,0,0,0,0,0,1,0,0,0
0.066,0,0,0,0,0,0,0,0,0,0,0,0,0,0,0,0,0,0,0,0,0,0,1,67,0,0,0,0,0,0,0,0,0,1,0,0,0
0.067,0,0,0,0,0,0,0,0,0,0,0,0,0,0,0,0,0,0,0,0,0,0,1,68,0,0,0,0,0,0,0,0,0,1,0,0,0
0.068,0,0,0,0,0,0,0,0,0,0,0,0,0,0,0,0,0,0,0,0,0,0,1,69,0,0,0,0,0,0,0,0,0,1,0,0,0
0.069,0,0,0,0,0,0,0,0,0,0,0,0,0,0,0,0,0,0,0,0,0,0,1,70,0,0,0,0,0,0,0,0,0,1,0,0,0
0.07,0,0,0,0,0,0,0,0,0,0,0,0,0,0,0,0,0,0,0,0,0,0,1,71,0,0,0,0,0,0,0,0,0,1,0,0,0
0.071,0,0,0,0,0,0,0,0,0,0,0,0,0,0,0,0,0,0,0,0,0,0,1,72,0,0,0,0,0,0,0,0,0,1,0,0,0
0.072,0,0,0,0,0,0,0,0,0,0,0,0,0,0,0,0,0,0,0,0,0,0,1,73,0,0,0,0,0,0,0,0,0,1,0,0,0
0.073,0,0,0,0,0,0,0,0,0,0,0,0,0,0,0,0,0,0,0,0,0,0,1,74,0,0,0,0,0,0,0,0,0,1,0,0,0
0.074,0,0,0,0,0,0,0,0,0,0,0,0,0,0,0,0,0,0,0,0,0,0,1,75,0,0,0,0,0,0,0,0,0,1,0,0,0
0.075,0,0,0,0,0,0,0,0,0,0,0,0,0,0,0,0,0,0,0,0,0,0,1,76,0,0,0,0,0,0,0,0,0,1,0,0,0
0.076,0,0,0,0,0,0,0,0,0,0,0,0,0,0,0,0,0,0,0,0,0,0,1,77,0,0,0,0,0,0,0,0,0,1,0,0,0
0.077,0,0,0,0,0,0,0,0,0,0,0,0,0,0,0,0,0,0,0,0,0,0,1,78,0,0,0,0,0,0,0,0,0,1,0,0,0
0.078,0,0,0,0,0,0,0,0,0,0,0,0,0,0,0,0,0,0,0,0,0,0,1,79,0,0,0,0,0,0,0,0,0,1,0,0,0
0.079,0,0,0,0,0,0,0,0,0,0,0,0,0,0,0,0,0,0,0,0,0,0,1,80,0,0,0,0,0,0,0,0,0,1,0,0,0
0.08,0,0,0,0,0,0,0,0,0,0,0,0,0,0,0,0,0,0,0,0,0,0,1,81,0,0,0,0,0,0,0,0,0,1,0,0,0
0.081,0,0,0,0,0,0,0,0,0,0,0,0,0,0,0,0,0,0,0,0,0,0,1,82,0,0,0,0,0,0,0,0,0,1,0,0,0
0.082,0,0,0,0,0,0,0,0,0,0,0,0,0,0,0,0,0,0,0,0,0,0,1,83,0,0,0,0,0,0,0,0,0,1,0,0,0
0.083,0,0,0,0,0,0,0,0,0,0,0,0,0,0,0,0,0,0,0,0,0,0,1,84,0,0,0,0,0,0,0,0,0,1,0,0,0
0.084,0,0,0,0,0,0,0,0,0,0,0,0,0,0,0,0,0,0,0,0,0,0,1,85,0,0,0,0,0,0,0,0,0,1,0,0,0
0.085,0,0,0,0,0,0,0,0,0,0,0,0,0,0,0,0,0,0,0,0,0,0,1,86,0,0,0,0,0,0,0,0,0,1,0,0,0
0.086,0,0,0,0,0,0,0,0,0,0,0,0,0,0,0,0,0,0,0,0,0,0,1,87,0,0,0,0,0,0,0,0,0,1,0,0,0
0.087,0,0,0,0,0,0,0,0,0,0,0,0,0,0,0,0,0,0,0,0,0,0,1,88,0,0,0,0,0,0,0,0,0,1,0,0,0
0.088,0,0,0,0,0,0,0,0,0,0,0,0,0,0,0,0,0,0,0,0,0,0,1,89,0,0,0,0,0,0,0,0,0,1,0,0,0
0.089,0,0,0,0,0,0,0,0,0,0,0,0,0,0,0,0,0,0,0,0,0,0,1,90,0,0,0,0,0,0,0,0,0,1,0,0,0
0.09,0,0,0,0,0,0,0,0,0,0,0,0,0,0,0,0,0,0,0,0,0,0,1,91,0,0,0,0,0,0,0,0,0,1,0,0,0
0.091,0,0,0,0,0,0,0,0,0,0,0,0,0,0,0,0,0,0,0,0,0,0,1,92,0,0,0,0,0,0,0,0,0,1,0,0,0
0.092,0,0,0,0,0,0,0,0,0,0,0,0,0,0,0,0,0,0,0,0,0,0,1,93,0,0,0,0,0,0,0,0,0,1,0,0,0
0.093,0,0,0,0,0,0,0,0,0,0,0,0,0,0,0,0,0,0,0,0,0,0,1,94,0,0,0,0,0,0,0,0,0,1,0,0,0
0.094,0,0,0,0,0,0,0,0,0,0,0,0,0,0,0,0,0,0,0,0,0,0,1,95,0,0,0,0,0,0,0,0,0,1,0,0,0
0.095,0,0,0,0,0,0,0,0,0,0,0,0,0,0,0,0,0,0,0,0,0,0,1,96,0,0,0,0,0,0,0,0,0,1,0,0,0
0.096,0,0,0,0,0,0,0,0,0,0,0,0,0,0,0,0,0,0,0,0,0,0,1,97,0,0,0,0,0,0,0,0,0,1,0,0,0
0.097,0,0,0,0,0,0,0,0,0,0,0,0,0,0,0,0,0,0,0,0,0,0,1,98,0,0,0,0,0,0,0,0,0,1,0,0,0
0.098,0,0,0,0,0,0,0,0,0,0,0,0,0,0,0,0,0,0,0,0,0,0,1,99,0,0,0,0,0,0,0,0,0,1,0,0,0
0.099,0,0,0,0,0,0,0,0,0,0,0,0,0,0,0,0,0,0,0,0,0,0,1,100,0,0,0,0,0,0,0,0,0,1,0,0,0
0.1,0.523598775598299,0,0,0,0,0,0.523598775598299,1.4072926446309,1.4072926446309,0,0,0,0,0,0,0,0,0,0,0,0,0,1,101,0,0,0,0,0,0,0,0,0,1,0,0,0
0.101,0.523598775598299,4.45218265702949e-05,0.128513015071065,0.445803932742211,4.45218265702949e-05,4.45218265702949e-05,0.523554253771728,1.38892542072261,1.38892542072261,0,0,0,0,0,0,0,0,0,0,0,0,0,1,102,0,0,0,0,0,0,0,0,0,1,0,0,0
0.102,0.523598775598299,0.00031838385052,0.442553049219617,0.709810168316796,0.00031838385052,0.00031838385052,0.523280391747779,1.37064920251435,1.37064920251435,0,0,0,0,0,0,0,0,0,0,0,0,0,1,103,0,0,0,0,0,0,0,0,0,1,0,0,0
0.103,0.523598775598299,0.000965080559626825,0.863890571767915,0.857783766312187,0.000965080559626825,0.000965080559626825,0.522633695038672,1.35206237097213,1.35206237097213,0,0,0,0,0,0,0,0,0,0,0,0,0,1,104,0,0,0,0,0,0,0,0,0,1,0,0,0
0.104,0.523598775598299,0.00206510228706424,1.34265039784167,0.931864162920198,0.00206510228706424,0.00206510228706424,0.521533673311235,1.33293814664519,1.33293814664519,0,0,0,0,0,0,0,0,0,0,0,0,0,1,105,0,0,0,0,0,0,0,0,0,1,0,0,0
0.105,0.523598775598299,0.00365882019882503,1.84712638475507,0.959055829432812,0.00365882019882503,0.00365882019882503,0.519939955399474,1.3131606748891,1.3131606748891,0,0,0,0,0,0,0,0,0,0,0,0,0,1,106,0,0,0,0,0,0,0,0,0,1,0,0,0
0.106,0.523598775598299,0.00576115152665334,2.35725642139455,0.95666706512572,0.00576115152665334,0.00576115152665334,0.517837624071645,1.29268409317719,1.29268409317719,0,0,0,0,0,0,0,0,0,0,0,0,0,1,107,0,0,0,0,0,0,0,0,0,1,0,0,0
0.107,0.523598775598299,0.0083709588486258,2.86044206838806,0.935793901406138,0.0083709588486258,0.0083709588486258,0.515227816749673,1.27150632104951,1.27150632104951,0,0,0,0,0,0,0,0,0,0,0,0,0,1,108,0,0,0,0,0,0,0,0,0,1,0,0,0
0.108,0.523598775598299,0.0114770755216481,3.34887010732695,0.903551791240415,0.0114770755216481,0.0114770755216481,0.512121700076651,1.24965228197709,1.24965228197709,0,0,0,0,0,0,0,0,0,0,0,0,0,1,109,0,0,0,0,0,0,0,0,0,1,0,0,0
0.109,0.523598775598299,0.0150621692937141,3.81779617606732,0.864505185195562,0.0150621692937141,0.0150621692937141,0.508536606304585,1.22716316805648,1.22716316805648,0,0,0,0,0,0,0,0,0,0,0,0,0,1,110,0,0,0,0,0,0,0,0,0,1,0,0,0
0.11,0.523598775598299,0.0191052204968749,4.26444470325191,0.821583308728979,0.0191052204968749,0.0191052204968749,0.504493555101424,1.20408957655543,1.20408957655543,0,0,0,0,0,0,0,0,0,0,0,0,0,1,111,0,0,0,0,0,0,0,0,0,1,0,0,0
0.111,0.523598775598299,0.0235831121783154,4.68730364598261,0.776666822078567,0.0235831121783154,0.0235831121783154,0.500015663419983,1.18048712759693,1.18048712759693,0,0,0,0,0,0,0,0,0,0,0,0,0,1,112,0,0,0,0,0,0,0,0,0,1,0,0,0
0.112,0.523598775598299,0.0284716507836206,5.08567214964507,0.730963661288177,0.0284716507836206,0.0284716507836206,0.495127124814678,1.15641367207565,1.15641367207565,0,0,0,0,0,0,0,0,0,0,0,0,0,1,113,0,0,0,0,0,0,0,0,0,1,0,0,0
0.113,0.523598775598299,0.0337462215107945,5.45937024670473,0.685249837058868,0.0337462215107945,0.0337462215107945,0.489852554087504,1.13192751905639,1.13192751905639,0,0,0,0,0,0,0,0,0,0,0,0,0,1,114,0,0,0,0,0,0,0,0,0,1,0,0,0
0.114,0.523598775598299,0.0393822091123181,5.80855237818639,0.640023730538261,0.0393822091123181,0.0393822091123181,0.484216566485981,1.10708631698504,1.10708631698504,0,0,0,0,0,0,0,0,0,0,0,0,0,1,115,0,0,0,0,0,0,0,0,0,1,0,0,0
0.115,0.523598775598299,0.0453552679427882,6.13358744647892,0.59560497799568,0.0453552679427882,0.0453552679427882,0.478243507655511,1.08194635441002,1.08194635441002,0,0,0,0,0,0,0,0,0,0,0,0,0,1,116,0,0,0,0,0,0,0,0,0,1,0,0,0
0.116,0.523598775598299,0.0516414949559411,6.43498151166334,0.552197860464924,0.0516414949559411,0.0516414949559411,0.471957280642358,1.05656213006334,1.05656213006334,0,0,0,0,0,0,0,0,0,0,0,0,0,1,117,0,0,0,0,0,0,0,0,0,1,0,0,0
0.117,0.523598775598299,0.0582175400775308,6.71332782926786,0.50993195568237,0.0582175400775308,0.0582175400775308,0.465381235520768,1.03098609605619,1.03098609605619,0,0,0,0,0,0,0,0,0,0,0,0,0,1,118,0,0,0,0,0,0,0,0,0,1,0,0,0
0.118,0.523598775598299,0.0650606760316851,6.96927442696146,0.468888224075176,0.0650606760316851,0.0650606760316851,0.458538099566614,1.00526851247641,1.00526851247641,0,0,0,0,0,0,0,0,0,0,0,0,0,1,119,0,0,0,0,0,0,0,0,0,1,0,0,0
0.119,0.523598775598299,0.0721488417875956,7.20350294049228,0.429115763245315,0.0721488417875956,0.0721488417875956,0.451449933810703,0.979457373797389,0.979457373797389,0,0,0,0,0,0,0,0,0,0,0,0,0,1,120,0,0,0,0,0,0,0,0,0,1,0,0,0
0.12,0.523598775598299,0.0794606687254459,7.4167146857151,0.390642583889821,0.0794606687254459,0.0794606687254459,0.444138106872853,0.953598381680952,0.953598381680952,0,0,0,0,0,0,0,0,0,0,0,0,0,1,121,0,0,0,0,0,0,0,0,0,1,0,0,0
0.121,0.523598775598299,0.0869754953735181,7.60962138898456,0.353482554892528,0.0869754953735181,0.0869754953735181,0.436623280224781,0.927734947838143,0.927734947838143,0,0,0,0,0,0,0,0,0,0,0,0,0,1,122,0,0,0,0,0,0,0,0,0,1,0,0,0
0.122,0.523598775598299,0.0946733744878818,7.78293892406754,0.317639893324848,0.0946733744878818,0.0946733744878818,0.428925401110417,0.901908216430822,0.901908216430822,0,0,0,0,0,0,0,0,0,0,0,0,0,1,123,0,0,0,0,0,0,0,0,0,1,0,0,0
0.123,0.523598775598299,0.102535074912699,7.93738299680053,0.283112080588452,0.102535074912699,0.102535074912699,0.4210637006856,0.876157099227207,0.876157099227207,0,0,0,0,0,0,0,0,0,0,0,0,0,1,124,0,0,0,0,0,0,0,0,0,1,0,0,0
0.124,0.523598775598299,0.110542079804407,8.07366609861401,0.249891769177506,0.110542079804407,0.110542079804407,0.413056695793892,0.850518319115961,0.850518319115961,0,0,0,0,0,0,0,0,0,0,0,0,0,1,125,0,0,0,0,0,0,0,0,0,1,0,0,0
0.125,0.523598775598299,0.118676582254839,8.19249529339039,0.217968041641061,0.118676582254839,0.118676582254839,0.404922193343459,0.825026459117694,0.825026459117694,0,0,0,0,0,0,0,0,0,0,0,0,0,1,126,0,0,0,0,0,0,0,0,0,1,0,0,0
0.126,0.523598775598299,0.126921478996508,8.29457055799957,0.187327253361473,0.126921478996508,0.126921478996508,0.396677296601791,0.799714015017708,0.799714015017708,0,0,0,0,0,0,0,0,0,0,0,0,0,1,127,0,0,0,0,0,0,0,0,0,1,0,0,0
0.127,0.523598775598299,0.135260362647249,8.38058349670773,0.157953607517076,0.135260362647249,0.135260362647249,0.38833841295105,0.774611450376941,0.774611450376941,0,0,0,0,0,0,0,0,0,0,0,0,0,1,128,0,0,0,0,0,0,0,0,0,1,0,0,0
0.128,0.523598775598299,0.143677512805954,8.45121631361853,0.129829557274348,0.143677512805954,0.143677512805954,0.379921262792345,0.749747253085782,0.749747253085782,0,0,0,0,0,0,0,0,0,0,0,0,0,1,129,0,0,0,0,0,0,0,0,0,1,0,0,0
0.129,0.523598775598299,0.152157886217305,8.50714096828339,0.102936096100235,0.152157886217305,0.152157886217305,0.371440889380994,0.725147992888616,0.725147992888616,0,0,0,0,0,0,0,0,0,0,0,0,0,1,130,0,0,0,0,0,0,0,0,0,1,0,0,0
0.13,0.523598775598299,0.160687106162626,8.5490184658715,0.0772529752089061,0.160687106162626,0.160687106162626,0.362911669435672,0.700838379477654,0.700838379477654,0,0,0,0,0,0,0,0,0,0,0,0,0,1,131,0,0,0,0,0,0,0,0,0,1,0,0,0
0.131,0.523598775598299,0.169251451194423,8.57749825011337,0.0527588731457079,0.169251451194423,0.169251451194423,0.354347324403876,0.676841320865872,0.676841320865872,0,0,0,0,0,0,0,0,0,0,0,0,0,1,132,0,0,0,0,0,0,0,0,0,1,0,0,0
0.132,0.523598775598299,0.177837843306165,8.59321767801564,0.0294315335372202,0.177837843306165,0.177837843306165,0.345760932292134,0.65317798182212,0.65317798182212,0,0,0,0,0,0,0,0,0,0,0,0,0,1,133,0,0,0,0,0,0,0,0,0,1,0,0,0
0.133,0.523598775598299,0.186433835611586,8.59680156226003,0.00724788128940621,0.186433835611586,0.186433835611586,0.337164939986713,0.629867842200258,0.629867842200258,0,0,0,0,0,0,0,0,0,0,0,0,0,1,134,0,0,0,0,0,0,0,0,0,1,0,0,0
0.134,0.523598775598299,0.195027599596064,8.58886177163757,-0.0138158761642524,0.195027599596064,0.195027599596064,0.328571176002235,0.606928755027222,0.606928755027222,0,0,0,0,0,0,0,0,0,0,0,0,0,1,135,0,0,0,0,0,0,0,0,0,1,0,0,0
0.135,0.523598775598299,0.203607911994534,8.56999688272142,-0.0337841583189498,0.203607911994534,0.203607911994534,0.319990863603765,0.584377004237936,0.584377004237936,0,0,0,0,0,0,0,0,0,0,0,0,0,1,136,0,0,0,0,0,0,0,0,0,1,0,0,0
0.136,0.523598775598299,0.21216414134457,8.54079187781778,-0.0526819290216796,0.21216414134457,0.21216414134457,0.311434634253729,0.562227361961358,0.562227361961358,0,0,0,0,0,0,0,0,0,0,0,0,0,1,137,0,0,0,0,0,0,0,0,0,1,0,0,0
0.137,0.523598775598299,0.220686234258944,8.50181788542155,-0.0705346200891286,0.220686234258944,0.220686234258944,0.302912541339355,0.540493145274213,0.540493145274213,0,0,0,0,0,0,0,0,0,0,0,0,0,1,138,0,0,0,0,0,0,0,0,0,1,0,0,0
0.138,0.523598775598299,0.229164701458619,8.45363196017353,-0.087368059965637,0.229164701458619,0.229164701458619,0.294434074139679,0.51918627234832,0.51918627234832,0,0,0,0,0,0,0,0,0,0,0,0,0,1,139,0,0,0,0,0,0,0,0,0,1,0,0,0
0.139,0.523598775598299,0.237590603604395,8.39677689982097,-0.103208406661289,0.237590603604395,0.237590603604395,0.286008171993904,0.498317317925084,0.498317317925084,0,0,0,0,0,0,0,0,0,0,0,0,0,1,140,0,0,0,0,0,0,0,0,0,1,0,0,0
0.14,0.523598775598299,0.245955536963099,8.33178109701805,-0.118082084462391,0.245955536963099,0.245955536963099,0.2776432386352,0.477895568057069,0.477895568057069,0,0,0,0,0,0,0,0,0,0,0,0,0,1,141,0,0,0,0,0,0,0,0,0,1,0,0,0
0.141,0.523598775598299,0.254251618942189,8.25915842402875,-0.132015724067534,0.254251618942189,0.254251618942189,0.269347156656109,0.457929074062119,0.457929074062119,0,0,0,0,0,0,0,0,0,0,0,0,0,1,142,0,0,0,0,0,0,0,0,0,1,0,0,0
0.142,0.523598775598299,0.262471473524758,8.17940814855164,-0.145036105905011,0.262471473524758,0.262471473524758,0.261127302073541,0.438424705640471,0.438424705640471,0,0,0,0,0,0,0,0,0,0,0,0,0,1,143,0,0,0,0,0,0,0,0,0,1,0,0,0
0.143,0.523598775598299,0.270608216635225,8.09301487899886,-0.157170106452551,0.270608216635225,0.270608216635225,0.252990558963074,0.419388203109803,0.419388203109803,0,0,0,0,0,0,0,0,0,0,0,0,0,1,144,0,0,0,0,0,0,0,0,0,1,0,0,0
0.144,0.523598775598299,0.278655441464376,8.00044853764641,-0.168444647421755,0.278655441464376,0.278655441464376,0.244943334133923,0.4008242287174,0.4008242287174,0,0,0,0,0,0,0,0,0,0,0,0,0,1,145,0,0,0,0,0,0,0,0,0,1,0,0,0
0.145,0.523598775598299,0.286607203780849,7.90216436013967,-0.17888664769574,0.286607203780849,0.286607203780849,0.23699157181745,0.382736416992539,0.382736416992539,0,0,0,0,0,0,0,0,0,0,0,0,0,1,146,0,0,0,0,0,0,0,0,0,1,0,0,0
0.146,0.523598775598299,0.294458007254695,7.79860291989398,-0.188522977924989,0.294458007254695,0.294458007254695,0.229140768343604,0.365127424105951,0.365127424105951,0,0,0,0,0,0,0,0,0,0,0,0,0,1,147,0,0,0,0,0,0,0,0,0,1,0,0,0
0.147,0.523598775598299,0.302202788817197,7.69019017597904,-0.197380417696722,0.302202788817197,0.302202788817197,0.221395986781102,0.347998976206747,0.347998976206747,0,0,0,0,0,0,0,0,0,0,0,0,0,1,148,0,0,0,0,0,0,0,0,0,1,0,0,0
0.148,0.523598775598299,0.309836904079742,7.57733754311964,-0.205485615199539,0.309836904079742,0.309836904079742,0.213761871518557,0.331351916710576,0.331351916710576,0,0,0,0,0,0,0,0,0,0,0,0,0,1,149,0,0,0,0,0,0,0,0,0,1,0,0,0
0.149,0.523598775598299,0.317356112833201,7.46044198248739,-0.212865049309063,0.317356112833201,0.317356112833201,0.206242662765097,0.315186252516008,0.315186252516008,0,0,0,0,0,0,0,0,0,0,0,0,0,1,150,0,0,0,0,0,0,0,0,0,1,0,0,0
0.15,0.523598775598299,0.324756564647956,7.33988611199759,-0.219544994022825,0.324756564647956,0.324756564647956,0.198842210950343,0.299501199129202,0.299501199129202,0,0,0,0,0,0,0,0,0,0,0,0,0,1,151,0,0,0,0,0,0,0,0,0,1,0,0,0
0.151,0.523598775598299,0.332034784593451,7.21603833486407,-0.225551485174134,0.332034784593451,0.332034784593451,0.191563991004848,0.284295224679868,0.284295224679868,0,0,0,0,0,0,0,0,0,0,0,0,0,1,152,0,0,0,0,0,0,0,0,0,1,0,0,0
0.152,0.523598775598299,0.339187659094934,7.08925298520318,-0.230910289355735,0.339187659094934,0.339187659094934,0.184411116503364,0.269566092814312,0.269566092814312,0,0,0,0,0,0,0,0,0,0,0,0,0,1,153,0,0,0,0,0,0,0,0,0,1,0,0,0
0.153,0.523598775598299,0.346212421943824,6.95987048951525,-0.235646874984695,0.346212421943824,0.346212421943824,0.177386353654474,0.255310904454038,0.255310904454038,0,0,0,0,0,0,0,0,0,0,0,0,0,1,154,0,0,0,0,0,0,0,0,0,1,0,0,0
0.154,0.523598775598299,0.353106640477031,6.8282175429096,-0.239786385440538,0.353106640477031,0.353106640477031,0.170492135121268,0.241526138410923,0.241526138410923,0,0,0,0,0,0,0,0,0,0,0,0,0,1,155,0,0,0,0,0,0,0,0,0,1,0,0,0
0.155,0.523598775598299,0.359868201939412,6.69460729897545,-0.243353614209058,0.359868201939412,0.359868201939412,0.163730573658886,0.228207690852388,0.228207690852388,0,0,0,0,0,0,0,0,0,0,0,0,0,1,156,0,0,0,0,0,0,0,0,0,1,0,0,0
0.156,0.523598775598299,0.36649530004248,6.55933957223839,-0.246372981964737,0.36649530004248,0.36649530004248,0.157103475555819,0.215350913612295,0.215350913612295,0,0,0,0,0,0,0,0,0,0,0,0,0,1,157,0,0,0,0,0,0,0,0,0,1,0,0,0
0.157,0.523598775598299,0.372986421731426,6.42270105217802,-0.248868515525155,0.372986421731426,0.372986421731426,0.150612353866872,0.202950651345481,0.202950651345481,0,0,0,0,0,0,0,0,0,0,0,0,0,1,158,0,0,0,0,0,0,0,0,0,1,0,0,0
0.158,0.523598775598299,0.37934033417154,6.28496552781871,-0.250863828611288,0.37934033417154,0.37934033417154,0.144258441426759,0.191001277525903,0.191001277525903,0,0,0,0,0,0,0,0,0,0,0,0,0,1,159,0,0,0,0,0,0,0,0,0,1,0,0,0
0.159,0.523598775598299,0.385556071964093,6.14639412194099,-0.252382104348206,0.385556071964093,0.385556071964093,0.138042703634206,0.179496729290311,0.179496729290311,0,0,0,0,0,0,0,0,0,0,0,0,0,1,160,0,0,0,0,0,0,0,0,0,1,0,0,0
0.16,0.523598775598299,0.391632924600873,6.00723553399676,-0.253446079441286,0.391632924600873,0.391632924600873,0.131965850997426,0.168430541131233,0.168430541131233,0,0,0,0,0,0,0,0,0,0,0,0,0,1,161,0,0,0,0,0,0,0,0,0,1,0,0,0
0.161,0.523598775598299,0.397570424165607,5.86772629084638,-0.254078029963802,0.397570424165607,0.397570424165607,0.126028351432692,0.157795877444771,0.157795877444771,0,0,0,0,0,0,0,0,0,0,0,0,0,1,162,0,0,0,0,0,0,0,0,0,1,0,0,0
0.162,0.523598775598299,0.403368333289688,5.72809100447035,-0.254299758692499,0.403368333289688,0.403368333289688,0.120230442308611,0.147585563940343,0.147585563940343,0,0,0,0,0,0,0,0,0,0,0,0,0,1,163,0,0,0,0,0,0,0,0,0,1,0,0,0
0.163,0.523598775598299,0.409026633368747,5.58854263584245,-0.254132583928592,0.409026633368747,0.409026633368747,0.114572142229551,0.137792117921064,0.137792117921064,0,0,0,0,0,0,0,0,0,0,0,0,0,1,164,0,0,0,0,0,0,0,0,0,1,0,0,0
0.164,0.523598775598299,0.414545513045867,5.44928276418499,-0.253597329742536,0.414545513045867,0.414545513045867,0.109053262552432,0.12840777744486,0.12840777744486,0,0,0,0,0,0,0,0,0,0,0,0,0,1,165,0,0,0,0,0,0,0,0,0,1,0,0,0
0.165,0.523598775598299,0.419925356966416,5.3105018608598,-0.252714317581835,0.419925356966416,0.419925356966416,0.103673418631883,0.119424529377771,0.119424529377771,0,0,0,0,0,0,0,0,0,0,0,0,0,1,166,0,0,0,0,0,0,0,0,0,1,0,0,0
0.166,0.523598775598299,0.425166734808806,5.17237956718151,-0.251503359182174,0.425166734808806,0.425166734808806,0.0984320407894929,0.11083413635214,0.11083413635214,0,0,0,0,0,0,0,0,0,0,0,0,0,1,167,0,0,0,0,0,0,0,0,0,1,0,0,0
0.167,0.523598775598299,0.430270390594726,5.03508497547135,-0.249983750723175,0.430270390594726,0.430270390594726,0.0933283850035725,0.102628162643558,0.102628162643558,0,0,0,0,0,0,0,0,0,0,0,0,0,1,168,0,0,0,0,0,0,0,0,0,1,0,0,0
0.168,0.523598775598299,0.435237232281788,4.89877691270157,-0.248174268171176,0.435237232281788,0.435237232281788,0.0883615433165104,0.0947979989814731,0.0947979989814731,0,0,0,0,0,0,0,0,0,0,0,0,0,1,169,0,0,0,0,0,0,0,0,0,1,0,0,0
0.169,0.523598775598299,0.440068321640847,4.76360422611119,-0.246093163752551,0.440068321640847,0.440068321640847,0.0835304539574521,0.087334886309418,0.087334886309418,0,0,0,0,0,0,0,0,0,0,0,0,0,1,170,0,0,0,0,0,0,0,0,0,1,0,0,0
0.17,0.523598775598299,0.444764864419675,4.62970607020414,-0.243758163502229,0.444764864419675,0.444764864419675,0.078833911178624,0.0802299385116552,0.0802299385116552,0,0,0,0,0,0,0,0,0,0,0,0,0,1,171,0,0,0,0,0,0,0,0,0,1,0,0,0
0.171,0.523598775598299,0.449328200794098,4.49721219457029,-0.241186465833282,0.449328200794098,0.449328200794098,0.0742705748042013,0.0734741641239259,0.0734741641239259,0,0,0,0,0,0,0,0,0,0,0,0,0,1,172,0,0,0,0,0,0,0,0,0,1,0,0,0
0.172,0.523598775598299,0.453759796107132,4.36624323199917,-0.238394741074629,0.453759796107132,0.453759796107132,0.0698389794911668,0.0670584870467105,0.0670584870467105,0,0,0,0,0,0,0,0,0,0,0,0,0,1,173,0,0,0,0,0,0,0,0,0,1,0,0,0
0.173,0.523598775598299,0.458061231896179,4.23691098638395,-0.235399131925176,0.458061231896179,0.458061231896179,0.06553754370212,0.0609737662801109,0.0609737662801109,0,0,0,0,0,0,0,0,0,0,0,0,0,1,174,0,0,0,0,0,0,0,0,0,1,0,0,0
0.174,0.523598775598299,0.462234197207813,4.1093187199412,-0.232215254773934,0.462234197207813,0.462234197207813,0.0613645783904855,0.0552108147000697,0.0552108147000697,0,0,0,0,0,0,0,0,0,0,0,0,0,1,175,0,0,0,0,0,0,0,0,0,1,0,0,0
0.175,0.523598775598299,0.466280480199266,3.98356143929862,-0.228858201836961,0.466280480199266,0.466280480199266,0.0573182953990324,0.0497604168961997,0.0497604168961997,0,0,0,0,0,0,0,0,0,0,0,0,0,1,176,0,0,0,0,0,0,0,0,0,1,0,0,0
0.176,0.523598775598299,0.470201960025251,3.85972618002935,-0.225342544063238,0.470201960025251,0.470201960025251,0.0533968155730478,0.044613346091973,0.044613346091973,0,0,0,0,0,0,0,0,0,0,0,0,0,1,177,0,0,0,0,0,0,0,0,0,1,0,0,0
0.177,0.523598775598299,0.474000599008379,3.73789228923654,-0.221682334762887,0.474000599008379,0.474000599008379,0.0495981765899197,0.0397603801684505,0.0397603801684505,0,0,0,0,0,0,0,0,0,0,0,0,0,1,178,0,0,0,0,0,0,0,0,0,1,0,0,0
0.178,0.523598775598299,0.477678435091033,3.61813170581705,-0.217891113912479,0.477678435091033,0.477678435091033,0.0459203405072661,0.0351923168130888,0.0351923168130888,0,0,0,0,0,0,0,0,0,0,0,0,0,1,179,0,0,0,0,0,0,0,0,0,1,0,0,0
0.179,0.523598775598299,0.481237574566193,3.500509238057,-0.213981913093432,0.481237574566193,0.481237574566193,0.0423612010321056,0.0308999878154796,0.0308999878154796,0,0,0,0,0,0,0,0,0,0,0,0,0,1,180,0,0,0,0,0,0,0,0,0,1,0,0,0
0.18,0.523598775598299,0.484680185084395,3.38508283823505,-0.209967261020874,0.484680185084395,0.484680185084395,0.0389185905139035,0.0268742725321228,0.0268742725321228,0,0,0,0,0,0,0,0,0,0,0,0,0,1,181,0,0,0,0,0,0,0,0,0,1,0,0,0
0.181,0.523598775598299,0.488008488933662,3.2719038739323,-0.205859189621627,0.488008488933662,0.488008488933662,0.0355902866646372,0.0231061105425472,0.0231061105425472,0,0,0,0,0,0,0,0,0,0,0,0,0,1,182,0,0,0,0,0,0,0,0,0,1,0,0,0
0.182,0.523598775598299,0.491224756588983,3.16101739576918,-0.201669240621289,0.491224756588983,0.491224756588983,0.0323740190093155,0.0195865135192382,0.0195865135192382,0,0,0,0,0,0,0,0,0,0,0,0,0,1,183,0,0,0,0,0,0,0,0,0,1,0,0,0
0.183,0.523598775598299,0.494331300527643,3.05246240131119,-0.1974084726017,0.494331300527643,0.494331300527643,0.0292674750706562,0.0163065763339516,0.0163065763339516,0,0,0,0,0,0,0,0,0,0,0,0,0,1,184,0,0,0,0,0,0,0,0,0,1,0,0,0
0.184,0.523598775598299,0.497330469306425,2.9462720949056,-0.193087468491398,0.497330469306425,0.497330469306425,0.0262683062918735,0.0132574874230475,0.0132574874230475,0,0,0,0,0,0,0,0,0,0,0,0,0,1,185,0,0,0,0,0,0,0,0,0,1,0,0,0
0.185,0.523598775598299,0.500224641896544,2.84247414323104,-0.188716343452936,0.500224641896544,0.500224641896544,0.0233741337017552,0.0104305384345091,0.0104305384345091,0,0,0,0,0,0,0,0,0,0,0,0,0,1,186,0,0,0,0,0,0,0,0,0,1,0,0,0
0.186,0.523598775598299,0.503016222271882,2.74109092636115,-0.18430475313226,0.503016222271882,0.503016222271882,0.0205825533264171,0.00781713317928982,0.00781713317928982,0,0,0,0,0,0,0,0,0,0,0,0,0,1,187,0,0,0,0,0,0,0,0,0,1,0,0,0
0.187,0.523598775598299,0.505707634245985,2.64213978416144,-0.179861902236584,0.505707634245985,0.505707634245985,0.0178911413523134,0.00540879590958355,0.00540879590958355,0,0,0,0,0,0,0,0,0,0,0,0,0,1,188,0,0,0,0,0,0,0,0,0,1,0,0,0
0.188,0.523598775598299,0.508301316553047,2.5456332578565,-0.175396553408495,0.508301316553047,0.508301316553047,0.0152974590452523,0.00319717894651906,0.00319717894651906,0,0,0,0,0,0,0,0,0,0,0,0,0,1,189,0,0,0,0,0,0,0,0,0,1,0,0,0
0.189,0.523598775598299,0.510799718167979,2.45157932662156,-0.170917036365241,0.510799718167979,0.510799718167979,0.0127990574303198,0.0011740696796578,0.0011740696796578,0,0,0,0,0,0,0,0,0,0,0,0,0,1,190,0,0,0,0,0,0,0,0,0,1,0,0,0
0.19,0.523598775598299,0.513205293860543,2.35998163906875,-0.166431257273423,0.513205293860543,0.513205293860543,0.0103934817377562,-0.000668603039470878,-0.000668603039470878,0,0,0,0,0,0,0,0,0,0,0,0,0,1,191,0,0,0,0,0,0,0,0,0,1,0,0,0
0.191,0.523598775598299,0.515520499978353,2.27083973951392,-0.161946708330499,0.515520499978353,0.515520499978353,0.00807827561994556,-0.00233876308775706,-0.00233876308775706,0,0,0,0,0,0,0,0,0,0,0,0,0,1,192,0,0,0,0,0,0,0,0,0,1,0,0,0
0.192,0.523598775598299,0.517747790453508,2.18414928892513,-0.157470477525727,0.517747790453508,0.517747790453508,0.00585098514479099,-0.00384418182298074,-0.00384418182298074,0,0,0,0,0,0,0,0,0,0,0,0,0,1,193,0,0,0,0,0,0,0,0,0,1,0,0,0
0.193,0.523598775598299,0.519889613027463,2.09990228046792,-0.153009258554348,0.519889613027463,0.519889613027463,0.00370916257083631,-0.00519247337676596,-0.00519247337676596,0,0,0,0,0,0,0,0,0,0,0,0,0,1,194,0,0,0,0,0,0,0,0,0,1,0,0,0
0.194,0.523598775598299,0.521948405688725,2.01808724957655,-0.14856936085997,0.521948405688725,0.521948405688725,0.00165036990957423,-0.00639109046667464,-0.00639109046667464,0,0,0,0,0,0,0,0,0,0,0,0,0,1,195,0,0,0,0,0,0,0,0,0,1,0,0,0
0.195,0.523598775598299,0.523926593317854,1.93868947849322,-0.144156719781267,0.523926593317854,0.523926593317854,-0.000327817719555257,-0.00744732070638134,-0.00744732070638134,0,0,0,0,0,0,0,0,0,0,0,0,0,1,196,0,0,0,0,0,0,0,0,0,1,0,0,0
0.196,0.523598775598299,0.525826584534219,1.86169119522978,-0.139776906780203,0.525826584534219,0.525826584534219,-0.00222780893591978,-0.00836828339316562,-0.00836828339316562,0,0,0,0,0,0,0,0,0,0,0,0,0,1,197,0,0,0,0,0,0,0,0,0,1,0,0,0
0.197,0.523598775598299,0.527650768738907,1.78707176691845,-0.135435139730117,0.527650768738907,0.527650768738907,-0.00405199314060833,-0.0091609267522838,-0.0091609267522838,0,0,0,0,0,0,0,0,0,0,0,0,0,1,198,0,0,0,0,0,0,0,0,0,1,0,0,0
0.198,0.523598775598299,0.529401513348179,1.71480788752929,-0.131136293243047,0.529401513348179,0.529401513348179,-0.00580273774988005,-0.00983202561811463,-0.00983202561811463,0,0,0,0,0,0,0,0,0,0,0,0,0,1,199,0,0,0,0,0,0,0,0,0,1,0,0,0
0.199,0.523598775598299,0.531081161211808,1.64487375994281,-0.12688490901676,0.531081161211808,0.531081161211808,-0.007482385613509,-0.01038817953233,-0.01038817953233,0,0,0,0,0,0,0,0,0,0,0,0,0,1,200,0,0,0,0,0,0,0,0,0,1,0,0,0
0.2,0.523598775598299,0.532692028210677,1.57724127237627,-0.122685206182933,0.532692028210677,0.532692028210677,-0.00909325261237781,-0.0108358112397049,-0.0108358112397049,0,0,0,0,0,0,0,0,0,0,0,0,0,1,201,0,0,0,0,0,0,0,0,0,1,0,0,0
0.201,0.523598775598299,0.534236401027976,1.51188016917205,-0.118541091638991,0.534236401027976,0.534236401027976,-0.0106376254296775,-0.011181165562563,-0.011181165562563,0,0,0,0,0,0,0,0,0,0,0,0,0,1,202,0,0,0,0,0,0,0,0,0,1,0,0,0
0.202,0.523598775598299,0.535716535088383,1.44875821596512,-0.114456170347023,0.535716535088383,0.535716535088383,-0.0121177594900838,-0.0114303086352447,-0.0114303086352447,0,0,0,0,0,0,0,0,0,0,0,0,0,1,203,0,0,0,0,0,0,0,0,0,1,0,0,0
0.203,0.523598775598299,0.537134652659599,1.38784135925559,-0.110433755584205,0.537134652659599,0.537134652659599,-0.0135358770613003,-0.0115891274803853,-0.0115891274803853,0,0,0,0,0,0,0,0,0,0,0,0,0,1,204,0,0,0,0,0,0,0,0,0,1,0,0,0
0.204,0.523598775598299,0.53849294111069,1.32909388042019,-0.106476879130049,0.53849294111069,0.53849294111069,-0.0148941655123909,-0.0116633299092,-0.0116633299092,0,0,0,0,0,0,0,0,0,0,0,0,0,1,205,0,0,0,0,0,0,0,0,0,1,0,0,0
0.205,0.523598775598299,0.539793551321659,1.27247854420397,-0.102588301376714,0.539793551321659,0.539793551321659,-0.0161947757233598,-0.011658444728398,-0.011658444728398,0,0,0,0,0,0,0,0,0,0,0,0,0,1,206,0,0,0,0,0,0,0,0,0,1,0,0,0
0.206,0.523598775598299,0.541038596238783,1.21795674174081,-0.0987705213494892,0.541038596238783,0.541038596238783,-0.0174398206404841,-0.0115798222367602,-0.0115798222367602,0,0,0,0,0,0,0,0,0,0,0,0,0,1,207,0,0,0,0,0,0,0,0,0,1,0,0,0
0.207,0.523598775598299,0.542230149570251,1.16548862815786,-0.0950257866254077,0.542230149570251,0.542230149570251,-0.0186313739719525,-0.0114326349948553,-0.0114326349948553,0,0,0,0,0,0,0,0,0,0,0,0,0,1,208,0,0,0,0,0,0,0,0,0,1,0,0,0
0.208,0.523598775598299,0.543370244616726,1.11503325482494,-0.091356103138779,0.543370244616726,0.543370244616726,-0.0197714690184267,-0.0112218788518016,-0.0112218788518016,0,0,0,0,0,0,0,0,0,0,0,0,0,1,209,0,0,0,0,0,0,0,0,0,1,0,0,0
0.209,0.523598775598299,0.544460873231501,1.06654869631608,-0.0877632448632171,0.544460873231501,0.544460873231501,-0.0208620976332025,-0.0109523742134184,-0.0109523742134184,0,0,0,0,0,0,0,0,0,0,0,0,0,1,210,0,0,0,0,0,0,0,0,0,1,0,0,0
0.21,0.523598775598299,0.545503984905016,1.01999217215537,-0.0842487633605247,0.545503984905016,0.545503984905016,-0.0219052093067172,-0.0106287675365541,-0.0106287675365541,0,0,0,0,0,0,0,0,0,0,0,0,0,1,211,0,0,0,0,0,0,0,0,0,1,0,0,0
0.211,0.523598775598299,0.546501485968527,0.975320163424174,-0.080813997187535,0.546501485968527,0.546501485968527,-0.0229027103702284,-0.010255533034818,-0.010255533034818,0,0,0,0,0,0,0,0,0,0,0,0,0,1,212,0,0,0,0,0,0,0,0,0,1,0,0,0
0.212,0.523598775598299,0.547455238911862,0.932488524311464,-0.0774600811527368,0.547455238911862,0.547455238911862,-0.0238564633135632,-0.00983697458139363,-0.00983697458139363,0,0,0,0,0,0,0,0,0,0,0,0,0,1,213,0,0,0,0,0,0,0,0,0,1,0,0,0
0.213,0.523598775598299,0.548367061810225,0.89145258869289,-0.0741879554152043,0.548367061810225,0.548367061810225,-0.0247682862119259,-0.00937722779504559,-0.00937722779504559,0,0,0,0,0,0,0,0,0,0,0,0,0,1,214,0,0,0,0,0,0,0,0,0,1,0,0,0
0.214,0.523598775598299,0.549238727855135,0.85216727182815,-0.0709983744190262,0.549238727855135,0.549238727855135,-0.025639952256836,-0.00888026229588307,-0.00888026229588307,0,0,0,0,0,0,0,0,0,0,0,0,0,1,215,0,0,0,0,0,0,0,0,0,1,0,0,0
0.215,0.523598775598299,0.550071964984659,0.814587167269476,-0.0678919156570714,0.550071964984659,0.550071964984659,-0.0264731893863606,-0.00834988411788173,-0.00834988411788173,0,0,0,0,0,0,0,0,0,0,0,0,0,1,216,0,0,0,0,0,0,0,0,0,1,0,0,0
0.216,0.523598775598299,0.5508684556082,0.778666639077152,-0.0648689882585555,0.5508684556082,0.5508684556082,-0.0272696800099013,-0.00778973826560528,-0.00778973826560528,0,0,0,0,0,0,0,0,0,0,0,0,0,1,217,0,0,0,0,0,0,0,0,0,1,0,0,0
0.217,0.523598775598299,0.55162983642119,0.744359909440708,-0.0619298413954653,0.55162983642119,0.55162983642119,-0.028031060822891,-0.00720331140300733,-0.00720331140300733,0,0,0,0,0,0,0,0,0,0,0,0,0,1,218,0,0,0,0,0,0,0,0,0,1,0,0,0
0.218,0.523598775598299,0.552357698305156,0.711621141806824,-0.0590745725034743,0.552357698305156,0.552357698305156,-0.0287589227068573,-0.0065939346626291,-0.0065939346626291,0,0,0,0,0,0,0,0,0,0,0,0,0,1,219,0,0,0,0,0,0,0,0,0,1,0,0,0
0.219,0.523598775598299,0.553053586308707,0.680404519617081,-0.0563031353135329,0.553053586308707,0.553053586308707,-0.0294548107104087,-0.00596478656392987,-0.00596478656392987,0,0,0,0,0,0,0,0,0,0,0,0,0,1,220,0,0,0,0,0,0,0,0,0,1,0,0,0
0.22,0.523598775598299,0.553718999705107,0.650664320760533,-0.0536153476908394,0.553718999705107,0.553718999705107,-0.0301202241068083,-0.00531889602992895,-0.00531889602992895,0,0,0,0,0,0,0,0,0,0,0,0,0,1,221,0,0,0,0,0,0,0,0,0,1,0,0,0
0.221,0.523598775598299,0.5543553921222,0.622354987847598,-0.0510108992784066,0.5543553921222,0.5543553921222,-0.0307566165239015,-0.00465914549174255,-0.00465914549174255,0,0,0,0,0,0,0,0,0,0,0,0,0,1,222,0,0,0,0,0,0,0,0,0,1,0,0,0
0.222,0.523598775598299,0.554964171740572,0.595431194413052,-0.0484893589429146,0.554964171740572,0.554964171740572,-0.0313653961422727,-0.00398827407102523,-0.00398827407102523,0,0,0,0,0,0,0,0,0,0,0,0,0,1,223,0,0,0,0,0,0,0,0,0,1,0,0,0
0.223,0.523598775598299,0.555546701555915,0.569847907156935,-0.0460501820210026,0.555546701555915,0.555546701555915,-0.0319479259576158,-0.00330888083073422,-0.00330888083073422,0,0,0,0,0,0,0,0,0,0,0,0,0,1,224,0,0,0,0,0,0,0,0,0,1,0,0,0
0.224,0.523598775598299,0.556104299701708,0.545560444332978,-0.0436927173645881,0.556104299701708,0.556104299701708,-0.0325055241034089,-0.00262342808503391,-0.00262342808503391,0,0,0,0,0,0,0,0,0,0,0,0,0,1,225,0,0,0,0,0,0,0,0,0,1,0,0,0
0.225,0.523598775598299,0.556638239828397,0.522524530394696,-0.0414162141842178,0.556638239828397,0.556638239828397,-0.0330394642300981,-0.00193424475955942,-0.00193424475955942,0,0,0,0,0,0,0,0,0,0,0,0,0,1,226,0,0,0,0,0,0,0,0,0,1,0,0,0
0.226,0.523598775598299,0.557149751535401,0.500696347009665,-0.0392198286898471,0.557149751535401,0.557149751535401,-0.0335509759371021,-0.00124352979365411,-0.00124352979365411,0,0,0,0,0,0,0,0,0,0,0,0,0,1,227,0,0,0,0,0,0,0,0,0,1,0,0,0
0.227,0.523598775598299,0.55764002085236,0.480032580552615,-0.0371026305288252,0.55764002085236,0.55764002085236,-0.0340412452540612,-0.000553355576565995,-0.000553355576565995,0,0,0,0,0,0,0,0,0,0,0,0,0,1,228,0,0,0,0,0,0,0,0,0,1,0,0,0
0.228,0.523598775598299,0.558110190766163,0.460490466187942,-0.0350636090212093,0.558110190766163,0.558110190766163,-0.0345114151678637,0.000134328590022936,0.000134328590022936,0,0,0,0,0,0,0,0,0,0,0,0,0,1,229,0,0,0,0,0,0,0,0,0,1,0,0,0
0.229,0.523598775598299,0.558561361790397,0.442027828651971,-0.0331016791928732,0.558561361790397,0.558561361790397,-0.0349625861920984,0.000817693010391057,0.000817693010391057,0,0,0,0,0,0,0,0,0,0,0,0,0,1,230,0,0,0,0,0,0,0,0,0,1,0,0,0
0.23,0.523598775598299,0.55899459257398,0.424603119844929,-0.0312156876071893,0.55899459257398,0.55899459257398,-0.0353958169756816,0.00149502410100469,0.00149502410100469,0,0,0,0,0,0,0,0,0,0,0,0,0,1,231,0,0,0,0,0,0,0,0,0,1,0,0,0
0.231,0.523598775598299,0.559410900545828,0.408175453341968,-0.0294044179963584,0.559410900545828,0.559410900545828,-0.0358121249475294,0.00216472089111645,0.00216472089111645,0,0,0,0,0,0,0,0,0,0,0,0,0,1,232,0,0,0,0,0,0,0,0,0,1,0,0,0
0.232,0.523598775598299,0.559811262592543,0.392704635931899,-0.0276665966937458,0.559811262592543,0.559811262592543,-0.0362124869942441,0.00282529152393955,0.00282529152393955,0,0,0,0,0,0,0,0,0,0,0,0,0,1,233,0,0,0,0,0,0,0,0,0,1,0,0,0
0.233,0.523598775598299,0.560196615766198,0.378151196291374,-0.026000897868841,0.560196615766198,0.560196615766198,-0.0365978401678988,0.00347534976426202,0.00347534976426202,0,0,0,0,0,0,0,0,0,0,0,0,0,1,234,0,0,0,0,0,0,0,0,0,1,0,0,0
0.234,0.523598775598299,0.560567858019407,0.364476410901297,-0.0244059485667044,0.560567858019407,0.560567858019407,-0.0369690824211085,0.00411361151803526,0.00411361151803526,0,0,0,0,0,0,0,0,0,0,0,0,0,1,235,0,0,0,0,0,0,0,0,0,1,0,0,0
0.235,0.523598775598299,0.560925848964982,0.35164232731106,-0.0228803335539948,0.560925848964982,0.560925848964982,-0.0373270733666827,0.0047388913691517,0.0047388913691517,0,0,0,0,0,0,0,0,0,0,0,0,0,1,236,0,0,0,0,0,0,0,0,0,1,0,0,0
0.236,0.523598775598299,0.561271410657558,0.339611784855007,-0.0214225999738828,0.561271410657558,0.561271410657558,-0.0376726350592592,0.0053500991383184,0.0053500991383184,0,0,0,0,0,0,0,0,0,0,0,0,0,1,237,0,0,0,0,0,0,0,0,0,1,0,0,0
0.237,0.523598775598299,0.561605328394724,0.328348432924123,-0.0200312618123517,0.561605328394724,0.561605328394724,-0.0380065527964247,0.00594623646862101,0.00594623646862101,0,0,0,0,0,0,0,0,0,0,0,0,0,1,238,0,0,0,0,0,0,0,0,0,1,0,0,0
0.238,0.523598775598299,0.561928351535224,0.317816746894515,-0.0187048041785746,0.561928351535224,0.561928351535224,-0.0383295759369253,0.0065263934420938,0.0065263934420938,0,0,0,0,0,0,0,0,0,0,0,0,0,1,239,0,0,0,0,0,0,0,0,0,1,0,0,0
0.239,0.523598775598299,0.562241194331976,0.307982041812692,-0.0174416874022185,0.562241194331976,0.562241194331976,-0.0386424187336776,0.00708974523130479,0.00708974523130479,0,0,0,0,0,0,0,0,0,0,0,0,0,1,240,0,0,0,0,0,0,0,0,0,1,0,0,0
0.24,0.523598775598299,0.562544536777682,0.298810483936022,-0.0162403509506849,0.562544536777682,0.562544536777682,-0.0389457611793829,0.00763554878971055,0.00763554878971055,0,0,0,0,0,0,0,0,0,0,0,0,0,1,241,0,0,0,0,0,0,0,0,0,1,0,0,0
0.241,0.523598775598299,0.56283902546095,0.290269100225021,-0.0150992171694359,0.56283902546095,0.56283902546095,-0.0392402498626508,0.008163139584249,0.008163139584249,0,0,0,0,0,0,0,0,0,0,0,0,0,1,242,0,0,0,0,0,0,0,0,0,1,0,0,0
0.242,0.523598775598299,0.563125274430929,0.28232578588236,-0.0140166948486812,0.563125274430929,0.563125274430929,-0.0395264988326306,0.00867192837338893,0.00867192837338893,0,0,0,0,0,0,0,0,0,0,0,0,0,1,243,0,0,0,0,0,0,0,0,0,1,0,0,0
0.243,0.523598775598299,0.563403866068542,0.274949310031621,-0.0129911826198195,0.563403866068542,0.563403866068542,-0.0398050904702428,0.00916139803360135,0.00916139803360135,0,0,0,0,0,0,0,0,0,0,0,0,0,1,244,0,0,0,0,0,0,0,0,0,1,0,0,0
0.244,0.523598775598299,0.563675351962498,0.268109319626928,-0.0120210721851283,0.563675351962498,0.563675351962498,-0.0400765763641991,0.00963110043697345,0.00963110043697345,0,0,0,0,0,0,0,0,0,0,0,0,0,1,245,0,0,0,0,0,0,0,0,0,1,0,0,0
0.245,0.523598775598299,0.563940253788382,0.261776341682642,-0.0111047513842906,0.563940253788382,0.563940253788382,-0.0403414781900828,0.0100806533824573,0.0100806533824573,0,0,0,0,0,0,0,0,0,0,0,0,0,1,246,0,0,0,0,0,0,0,0,0,1,0,0,0
0.246,0.523598775598299,0.564199064189156,0.255921783910281,-0.0102406071014255,0.564199064189156,0.564199064189156,-0.0406002885908571,0.010509737583011,0.010509737583011,0,0,0,0,0,0,0,0,0,0,0,0,0,1,247,0,0,0,0,0,0,0,0,0,1,0,0,0
0.247,0.523598775598299,0.564452247655547,0.250517933847827,-0.00942702801636246,0.564452247655547,0.564452247655547,-0.0408534720572482,0.0109180937106862,0.0109180937106862,0,0,0,0,0,0,0,0,0,0,0,0,0,1,248,0,0,0,0,0,0,0,0,0,1,0,0,0
0.248,0.523598775598299,0.564700241404838,0.245537956564471,-0.00866240720395735,0.564700241404838,0.564700241404838,-0.0411014658065393,0.0113055195014942,0.0113055195014942,0,0,0,0,0,0,0,0,0,0,0,0,0,1,249,0,0,0,0,0,0,0,0,0,1,0,0,0
0.249,0.523598775598299,0.564943456256689,0.240955891021789,-0.00794514458529826,0.564943456256689,0.564943456256689,-0.0413446806583906,0.0116718669216901,0.0116718669216901,0,0,0,0,0,0,0,0,0,0,0,0,0,1,250,0,0,0,0,0,0,0,0,0,1,0,0,0
0.25,0.523598775598299,0.565182277504681,0.236746645170185,-0.00727364923469377,0.565182277504681,0.565182277504681,-0.0415835019063819,0.0120170393969204,0.0120170393969204,0,0,0,0,0,0,0,0,0,0,0,0,0,1,251,0,0,0,0,0,0,0,0,0,1,0,0,0
0.251,0.523598775598299,0.56541706578235,0.232885989857328,-0.00664634154636476,0.56541706578235,0.56541706578235,-0.0418182901840509,0.0123409891054957,0.0123409891054957,0,0,0,0,0,0,0,0,0,0,0,0,0,1,252,0,0,0,0,0,0,0,0,0,1,0,0,0
0.252,0.523598775598299,0.565648157922577,0.229350551623132,-0.00606165526478733,0.565648157922577,0.565648157922577,-0.0420493823242778,0.0126437143368691,0.0126437143368691,0,0,0,0,0,0,0,0,0,0,0,0,0,1,253,0,0,0,0,0,0,0,0,0,1,0,0,0
0.253,0.523598775598299,0.565875867809236,0.226117804453685,-0.00551803938265054,0.565875867809236,0.565875867809236,-0.0422770922109377,0.0129252569162413,0.0129252569162413,0,0,0,0,0,0,0,0,0,0,0,0,0,1,254,0,0,0,0,0,0,0,0,0,1,0,0,0
0.254,0.523598775598299,0.566100487220115,0.223166060564357,-0.00501395991039965,0.566100487220115,0.566100487220115,-0.0425017116218163,0.0131856996960428,0.0131856996960428,0,0,0,0,0,0,0,0,0,0,0,0,0,1,255,0,0,0,0,0,0,0,0,0,1,0,0,0
0.255,0.523598775598299,0.56632228666015,0.220474460280156,-0.0045479015213387,0.56632228666015,0.56632228666015,-0.0427235110618511,0.0134251641148966,0.0134251641148966,0,0,0,0,0,0,0,0,0,0,0,0,0,1,256,0,0,0,0,0,0,0,0,0,1,0,0,0
0.256,0.523598775598299,0.566541516184129,0.218022961079219,-0.00411836907625957,0.566541516184129,0.566541516184129,-0.0429427405858304,0.013643807824513,0.013643807824513,0,0,0,0,0,0,0,0,0,0,0,0,0,1,257,0,0,0,0,0,0,0,0,0,1,0,0,0
0.257,0.523598775598299,0.566758406208041,0.215792325863192,-0.00372388903155425,0.566758406208041,0.566758406208041,-0.0431596306097422,0.0138418223848347,0.0138418223848347,0,0,0,0,0,0,0,0,0,0,0,0,0,1,258,0,0,0,0,0,0,0,0,0,1,0,0,0
0.258,0.523598775598299,0.566973168308333,0.213764110516083,-0.00336301073474765,0.566973168308333,0.566973168308333,-0.0433743927100344,0.0140194310276138,0.0140194310276138,0,0,0,0,0,0,0,0,0,0,0,0,0,1,259,0,0,0,0,0,0,0,0,0,1,0,0,0
0.259,0.523598775598299,0.567185996008401,0.21192065081104,-0.00303430761136609,0.567185996008401,0.567185996008401,-0.043587220410102,0.0141768864884792,0.0141768864884792,0,0,0,0,0,0,0,0,0,0,0,0,0,1,260,0,0,0,0,0,0,0,0,0,1,0,0,0
0.26,0.523598775598299,0.567397065551678,0.210245048722391,-0.00273637824702683,0.567397065551678,0.567397065551678,-0.0437982899533792,0.0143144689074311,0.0143144689074311,0,0,0,0,0,0,0,0,0,0,0,0,0,1,261,0,0,0,0,0,0,0,0,0,1,0,0,0
0.261,0.523598775598299,0.567606536660768,0.208721158198174,-0.00246784736860126,0.567606536660768,0.567606536660768,-0.0440077610624694,0.0144324837975943,0.0144324837975943,0,0,0,0,0,0,0,0,0,0,0,0,0,1,262,0,0,0,0,0,0,0,0,0,1,0,0,0
0.262,0.523598775598299,0.567814553282099,0.207333570446299,-0.00222736672826443,0.567814553282099,0.567814553282099,-0.0442157776838003,0.0145312600819464,0.0145312600819464,0,0,0,0,0,0,0,0,0,0,0,0,0,1,263,0,0,0,0,0,0,0,0,0,1,0,0,0
0.263,0.523598775598299,0.568021244315642,0.206067598785437,-0.00201361589420241,0.568021244315642,0.568021244315642,-0.044422468717343,0.0146111481976466,0.0146111481976466,0,0,0,0,0,0,0,0,0,0,0,0,0,1,264,0,0,0,0,0,0,0,0,0,1,0,0,0
0.264,0.523598775598299,0.568226724329284,0.204909263109681,-0.00182530295170066,0.568226724329284,0.568226724329284,-0.0446279487309853,0.0146725182674914,0.0146725182674914,0,0,0,0,0,0,0,0,0,0,0,0,0,1,265,0,0,0,0,0,0,0,0,0,1,0,0,0
0.265,0.523598775598299,0.568431094257495,0.20384527401404,-0.00166116511828657,0.568431094257495,0.568431094257495,-0.0448323186591958,0.0147157583379383,0.0147157583379383,0,0,0,0,0,0,0,0,0,0,0,0,0,1,266,0,0,0,0,0,0,0,0,0,1,0,0,0
0.266,0.523598775598299,0.568634442083962,0.202863016625819,-0.00151996927654574,0.568634442083962,0.568634442083962,-0.045035666485663,0.0147412726830564,0.0147412726830564,0,0,0,0,0,0,0,0,0,0,0,0,0,1,267,0,0,0,0,0,0,0,0,0,1,0,0,0
0.267,0.523598775598299,0.568836843507936,0.201950534185023,-0.00140051242817331,0.568836843507936,0.568836843507936,-0.0452380679096375,0.0147494801736844,0.0147494801736844,0,0,0,0,0,0,0,0,0,0,0,0,0,1,268,0,0,0,0,0,0,0,0,0,1,0,0,0
0.268,0.523598775598299,0.569038362594044,0.201096511414989,-0.00130162207276278,0.569038362594044,0.569038362594044,-0.0454395869957447,0.0147408127110113,0.0147408127110113,0,0,0,0,0,0,0,0,0,0,0,0,0,1,269,0,0,0,0,0,0,0,0,0,1,0,0,0
0.269,0.523598775598299,0.56923905240538,0.200290257722588,-0.00122215651477015,0.56923905240538,0.56923905240538,-0.0456402768070812,0.0147157137237211,0.0147157137237211,0,0,0,0,0,0,0,0,0,0,0,0,0,1,270,0,0,0,0,0,0,0,0,0,1,0,0,0
0.27,0.523598775598299,0.56943895561974,0.199521690265472,-0.00116100510202766,0.56943895561974,0.56943895561974,-0.0458401800214416,0.0146746367277861,0.0146746367277861,0,0,0,0,0,0,0,0,0,0,0,0,0,1,271,0,0,0,0,0,0,0,0,0,1,0,0,0
0.271,0.523598775598299,0.569638105128859,0.198781316922059,-0.00111708839911409,0.569638105128859,0.569638105128859,-0.0460393295305604,0.0146180439479419,0.0146180439479419,0,0,0,0,0,0,0,0,0,0,0,0,0,1,272,0,0,0,0,0,0,0,0,0,1,0,0,0
0.272,0.523598775598299,0.569836524620589,0.198060219198165,-0.00108935829881702,0.569836524620589,0.569836524620589,-0.0462377490222901,0.0145464049998141,0.0145464049998141,0,0,0,0,0,0,0,0,0,0,0,0,0,1,273,0,0,0,0,0,0,0,0,0,1,0,0,0
0.273,0.523598775598299,0.570034229143966,0.197350035102468,-0.0010767980748548,0.570034229143966,0.570034229143966,-0.046435453545667,0.0144601956316334,0.0144601956316334,0,0,0,0,0,0,0,0,0,0,0,0,0,1,274,0,0,0,0,0,0,0,0,0,1,0,0,0
0.274,0.523598775598299,0.57023122565715,0.196642942021289,-0.00107842237895072,0.57023122565715,0.57023122565715,-0.0466324500588513,0.0143598965244216,0.0143598965244216,0,0,0,0,0,0,0,0,0,0,0,0,0,1,275,0,0,0,0,0,0,0,0,0,1,0,0,0
0.275,0.523598775598299,0.570427513558251,0.19593163962154,-0.00109327718527982,0.570427513558251,0.570427513558251,-0.0468287379599518,0.0142459921495013,0.0142459921495013,0,0,0,0,0,0,0,0,0,0,0,0,0,1,276,0,0,0,0,0,0,0,0,0,1,0,0,0
0.276,0.523598775598299,0.570623085199078,0.195209332809064,-0.00112043968523299,0.570623085199078,0.570623085199078,-0.0470243096007795,0.014118969682146,0.014118969682146,0,0,0,0,0,0,0,0,0,0,0,0,0,1,277,0,0,0,0,0,0,0,0,0,1,0,0,0
0.277,0.523598775598299,0.570817926381898,0.194469714768027,-0.00115901813536662,0.570817926381898,0.570817926381898,-0.0472191507835993,0.0139793179701472,0.0139793179701472,0,0,0,0,0,0,0,0,0,0,0,0,0,1,278,0,0,0,0,0,0,0,0,0,1,0,0,0
0.278,0.523598775598299,0.571012016839269,0.193706950105507,-0.0012081516613324,0.571012016839269,0.571012016839269,-0.0474132412409702,0.0138275265560658,0.0138275265560658,0,0,0,0,0,0,0,0,0,0,0,0,0,1,279,0,0,0,0,0,0,0,0,0,1,0,0,0
0.279,0.523598775598299,0.571205330697092,0.192915658123916,-0.00126701002050121,0.571205330697092,0.571205330697092,-0.0476065550987932,0.0136640847518982,0.0136640847518982,0,0,0,0,0,0,0,0,0,0,0,0,0,1,280,0,0,0,0,0,0,0,0,0,1,0,0,0
0.28,0.523598775598299,0.571397836921002,0.192090896242477,-0.00133479332591937,0.571397836921002,0.571397836921002,-0.0477990613227034,0.0134894807648707,0.0134894807648707,0,0,0,0,0,0,0,0,0,0,0,0,0,1,281,0,0,0,0,0,0,0,0,0,1,0,0,0
0.281,0.523598775598299,0.571589499746266,0.191228143587556,-0.00141073173415807,0.571589499746266,0.571589499746266,-0.0479907241479677,0.0133042008730639,0.0133042008730639,0,0,0,0,0,0,0,0,0,0,0,0,0,1,282,0,0,0,0,0,0,0,0,0,1,0,0,0
0.282,0.523598775598299,0.571780279091363,0.190323284770293,-0.00149408509953806,0.571780279091363,0.571780279091363,-0.048181503493064,0.0131087286495489,0.0131087286495489,0,0,0,0,0,0,0,0,0,0,0,0,0,1,283,0,0,0,0,0,0,0,0,0,1,0,0,0
0.283,0.523598775598299,0.571970130955438,0.189372593868686,-0.00158414259713449,0.571970130955438,0.571970130955438,-0.0483713553571397,0.012903544233712,0.012903544233712,0,0,0,0,0,0,0,0,0,0,0,0,0,1,284,0,0,0,0,0,0,0,0,0,1,0,0,0
0.284,0.523598775598299,0.572159007799858,0.18837271862996,-0.00168022231688861,0.572159007799858,0.572159007799858,-0.0485602322015596,0.0126891236484333,0.0126891236484333,0,0,0,0,0,0,0,0,0,0,0,0,0,1,285,0,0,0,0,0,0,0,0,0,1,0,0,0
0.285,0.523598775598299,0.572346858914074,0.187320664907886,-0.00178167083107613,0.572346858914074,0.572346858914074,-0.0487480833157752,0.0124659381617797,0.0124659381617797,0,0,0,0,0,0,0,0,0,0,0,0,0,1,286,0,0,0,0,0,0,0,0,0,1,0,0,0
0.286,0.523598775598299,0.57253363076605,0.186213781348459,-0.0018878627373053,0.57253363076605,0.57253363076605,-0.0489348551677513,0.0122344536918755,0.0122344536918755,0,0,0,0,0,0,0,0,0,0,0,0,0,1,287,0,0,0,0,0,0,0,0,0,1,0,0,0
0.287,0.523598775598299,0.572719267337509,0.185049744336255,-0.00199820017913985,0.572719267337509,0.572719267337509,-0.0491204917392104,0.0119951302536029,0.0119951302536029,0,0,0,0,0,0,0,0,0,0,0,0,0,1,288,0,0,0,0,0,0,0,0,0,1,0,0,0
0.288,0.523598775598299,0.572903710444255,0.183826543212644,-0.00211211234636854,0.572903710444255,0.572903710444255,-0.0493049348459563,0.011748421445801,0.011748421445801,0,0,0,0,0,0,0,0,0,0,0,0,0,1,289,0,0,0,0,0,0,0,0,0,1,0,0,0
0.289,0.523598775598299,0.573086900041857,0.182542465775986,-0.00222905495686523,0.573086900041857,0.573086900041857,-0.0494881244435579,0.011494773977622,0.011494773977622,0,0,0,0,0,0,0,0,0,0,0,0,0,1,290,0,0,0,0,0,0,0,0,0,1,0,0,0
0.29,0.523598775598299,0.573268774516975,0.181196084072916,-0.00234850972191115,0.573268774516975,0.573268774516975,-0.0496699989186761,0.0112346272327221,0.0112346272327221,0,0,0,0,0,0,0,0,0,0,0,0,0,1,291,0,0,0,0,0,0,0,0,0,1,0,0,0
0.291,0.523598775598299,0.573449270964632,0.17978624048883,-0.00246998379677586,0.573449270964632,0.573449270964632,-0.0498504953663335,0.0109684128699603,0.0109684128699603,0,0,0,0,0,0,0,0,0,0,0,0,0,1,292,0,0,0,0,0,0,0,0,0,1,0,0,0
0.292,0.523598775598299,0.573628325451723,0.178312034144746,-0.00259300921828327,0.573628325451723,0.573628325451723,-0.0500295498534244,0.010696554459303,0.010696554459303,0,0,0,0,0,0,0,0,0,0,0,0,0,1,293,0,0,0,0,0,0,0,0,0,1,0,0,0
0.293,0.523598775598299,0.573805873267079,0.176772807606811,-0.00271714233101377,0.573805873267079,0.573805873267079,-0.0502070976687801,0.010419467151629,0.010419467151629,0,0,0,0,0,0,0,0,0,0,0,0,0,1,294,0,0,0,0,0,0,0,0,0,1,0,0,0
0.294,0.523598775598299,0.573981849158399,0.175168133913857,-0.00284196320372731,0.573981849158399,0.573981849158399,-0.0503830735600997,0.0101375573811538,0.0101375573811538,0,0,0,0,0,0,0,0,0,0,0,0,0,1,295,0,0,0,0,0,0,0,0,0,1,0,0,0
0.295,0.523598775598299,0.574156187556371,0.173497803927572,-0.0029670750375198,0.574156187556371,0.574156187556371,-0.0505574119580725,0.00985122259919982,0.00985122259919982,0,0,0,0,0,0,0,0,0,0,0,0,0,1,296,0,0,0,0,0,0,0,0,0,1,0,0,0
0.296,0.523598775598299,0.574328822786309,0.171761814009075,-0.00309210356715908,0.574328822786309,0.574328822786309,-0.0507300471880101,0.0095608510380622,0.0095608510380622,0,0,0,0,0,0,0,0,0,0,0,0,0,1,297,0,0,0,0,0,0,0,0,0,1,0,0,0
0.297,0.523598775598299,0.574499689267621,0.169960354024919,-0.00321669645697813,0.574499689267621,0.574499689267621,-0.0509009136693225,0.00926682150372704,0.00926682150372704,0,0,0,0,0,0,0,0,0,0,0,0,0,1,298,0,0,0,0,0,0,0,0,0,1,0,0,0
0.298,0.523598775598299,0.574668721701463,0.168093795684823,-0.00334052269263982,0.574668721701463,0.574668721701463,-0.0510699461031643,0.00896950319622777,0.00896950319622777,0,0,0,0,0,0,0,0,0,0,0,0,0,1,299,0,0,0,0,0,0,0,0,0,1,0,0,0
0.299,0.523598775598299,0.574835855246884,0.166162681212769,-0.00346327197002158,0.574835855246884,0.574835855246884,-0.0512370796485851,0.00866925555644091,0.00866925555644091,0,0,0,0,0,0,0,0,0,0,0,0,0,1,300,0,0,0,0,0,0,0,0,0,1,0,0,0
0.3,0.523598775598299,0.575001025685819,0.164167712352429,-0.00358465408240521,0.575001025685819,0.575001025685819,-0.0514022500875198,0.00836642813813543,0.00836642813813543,0,0,0,0,0,0,0,0,0,0,0,0,0,1,301,0,0,0,0,0,0,0,0,0,1,0,0,0
0.301,0.523598775598299,0.575164169577248,0.162109739707272,-0.00370439830709858,0.575164169577248,0.575164169577248,-0.0515653939789489,0.0080613605041279,0.0080613605041279,0,0,0,0,0,0,0,0,0,0,0,0,0,1,302,0,0,0,0,0,0,0,0,0,1,0,0,0
0.302,0.523598775598299,0.575325224400868,0.159989752415143,-0.00382225279255171,0.575325224400868,0.575325224400868,-0.0517264488025692,0.00775438214539947,0.00775438214539947,0,0,0,0,0,0,0,0,0,0,0,0,0,1,303,0,0,0,0,0,0,0,0,0,1,0,0,0
0.303,0.523598775598299,0.575484128690602,0.157808868156524,-0.00393798394697488,0.575484128690602,0.575484128690602,-0.0518853530923035,0.0074458124220679,0.0074458124220679,0,0,0,0,0,0,0,0,0,0,0,0,0,1,304,0,0,0,0,0,0,0,0,0,1,0,0,0
0.304,0.523598775598299,0.575640822158285,0.155568323495175,-0.00405137582940695,0.575640822158285,0.575640822158285,-0.0520420465599867,0.00713596052512058,0.00713596052512058,0,0,0,0,0,0,0,0,0,0,0,0,0,1,305,0,0,0,0,0,0,0,0,0,1,0,0,0
0.305,0.523598775598299,0.575795245807856,0.153269464549378,-0.00416222954412826,0.575795245807856,0.575795245807856,-0.0521964702095569,0.00682512545784822,0.00682512545784822,0,0,0,0,0,0,0,0,0,0,0,0,0,1,306,0,0,0,0,0,0,0,0,0,1,0,0,0
0.306,0.523598775598299,0.575947342040381,0.150913737991534,-0.00427036263925669,0.575947342040381,0.575947342040381,-0.0523485664420822,0.00651359603593549,0.00651359603593549,0,0,0,0,0,0,0,0,0,0,0,0,0,1,307,0,0,0,0,0,0,0,0,0,1,0,0,0
0.307,0.523598775598299,0.57609705475025,0.148502682373427,-0.00437560851031421,0.57609705475025,0.57609705475025,-0.0524982791519513,0.00620165090519206,0.00620165090519206,0,0,0,0,0,0,0,0,0,0,0,0,0,1,308,0,0,0,0,0,0,0,0,0,1,0,0,0
0.308,0.523598775598299,0.576244329412848,0.146037919774071,-0.00447781580950021,0.576244329412848,0.576244329412848,-0.0526455538145489,0.00588955857593906,0.00588955857593906,0,0,0,0,0,0,0,0,0,0,0,0,0,1,309,0,0,0,0,0,0,0,0,0,1,0,0,0
0.309,0.523598775598299,0.57638911316404,0.143521147766696,-0.00457684786135687,0.57638911316404,0.57638911316404,-0.0527903375657413,0.00557757747307852,0.00557757747307852,0,0,0,0,0,0,0,0,0,0,0,0,0,1,310,0,0,0,0,0,0,0,0,0,1,0,0,0
0.31,0.523598775598299,0.576531354871783,0.14095413170104,-0.00467258208546626,0.576531354871783,0.576531354871783,-0.0529325792734846,0.00526595600091315,0.00526595600091315,0,0,0,0,0,0,0,0,0,0,0,0,0,1,311,0,0,0,0,0,0,0,0,0,1,0,0,0
0.311,0.523598775598299,0.576671005200172,0.138338697296832,-0.00476490942677043,0.576671005200172,0.576671005200172,-0.0530722296018729,0.00495493262180263,0.00495493262180263,0,0,0,0,0,0,0,0,0,0,0,0,0,1,312,0,0,0,0,0,0,0,0,0,1,0,0,0
0.312,0.523598775598299,0.576808016666231,0.135676723544012,-0.00485373379406098,0.576808016666231,0.576808016666231,-0.0532092410679327,0.00464473594776538,0.00464473594776538,0,0,0,0,0,0,0,0,0,0,0,0,0,1,313,0,0,0,0,0,0,0,0,0,1,0,0,0
0.313,0.523598775598299,0.576942343689768,0.132970135904997,-0.00493897150714309,0.576942343689768,0.576942343689768,-0.0533435680914695,0.00433558484417224,0.00433558484417224,0,0,0,0,0,0,0,0,0,0,0,0,0,1,314,0,0,0,0,0,0,0,0,0,1,0,0,0
0.314,0.523598775598299,0.577073942636564,0.130220899814011,-0.0050205507531341,0.577073942636564,0.577073942636564,-0.0534751670382653,0.0040276885446916,0.0040276885446916,0,0,0,0,0,0,0,0,0,0,0,0,0,1,315,0,0,0,0,0,0,0,0,0,1,0,0,0
0.315,0.523598775598299,0.577202771855221,0.127431014468282,-0.00509841105231914,0.577202771855221,0.577202771855221,-0.0536039962569222,0.00372124677668226,0.00372124677668226,0,0,0,0,0,0,0,0,0,0,0,0,0,1,316,0,0,0,0,0,0,0,0,0,1,0,0,0
0.316,0.523598775598299,0.577328791707939,0.124602506905713,-0.0051725027339454,0.577328791707939,0.577328791707939,-0.0537300161096403,0.00341644989625195,0.00341644989625195,0,0,0,0,0,0,0,0,0,0,0,0,0,1,317,0,0,0,0,0,0,0,0,0,1,0,0,0
0.317,0.523598775598299,0.577451964595514,0.121737426363418,-0.00524278642229958,0.577451964595514,0.577451964595514,-0.0538531889972147,0.00311347903222256,0.00311347903222256,0,0,0,0,0,0,0,0,0,0,0,0,0,1,318,0,0,0,0,0,0,0,0,0,1,0,0,0
0.318,0.523598775598299,0.577572254976827,0.118837838911353,-0.00530923253337831,0.577572254976827,0.577572254976827,-0.0539734793785284,0.00281250623827789,0.00281250623827789,0,0,0,0,0,0,0,0,0,0,0,0,0,1,319,0,0,0,0,0,0,0,0,0,1,0,0,0
0.319,0.523598775598299,0.577689629383114,0.115905822355136,-0.00537182078242445,0.577689629383114,0.577689629383114,-0.0540908537848152,0.00251369465258372,0.00251369465258372,0,0,0,0,0,0,0,0,0,0,0,0,0,1,320,0,0,0,0,0,0,0,0,0,1,0,0,0
0.32,0.523598775598299,0.577804056427255,0.112943461402002,-0.00543053970257158,0.577804056427255,0.577804056427255,-0.0542052808289563,0.00221719866420794,0.00221719866420794,0,0,0,0,0,0,0,0,0,0,0,0,0,1,321,0,0,0,0,0,0,0,0,0,1,0,0,0
0.321,0.523598775598299,0.577915506808371,0.10995284308371,-0.00548538617480485,0.577915506808371,0.577915506808371,-0.0543167312100722,0.00192316408568485,0.00192316408568485,0,0,0,0,0,0,0,0,0,0,0,0,0,1,322,0,0,0,0,0,0,0,0,0,1,0,0,0
0.322,0.523598775598299,0.578023953311962,0.106936052430166,-0.00553636496941705,0.578023953311962,0.578023953311962,-0.0544251777136635,0.00163172833109532,0.00163172833109532,0,0,0,0,0,0,0,0,0,0,0,0,0,1,323,0,0,0,0,0,0,0,0,0,1,0,0,0
0.323,0.523598775598299,0.578129370805847,0.10389516838739,-0.00558348829911014,0.578129370805847,0.578129370805847,-0.0545305952075478,0.00134302059906127,0.00134302059906127,0,0,0,0,0,0,0,0,0,0,0,0,0,1,324,0,0,0,0,0,0,0,0,0,1,0,0,0
0.324,0.523598775598299,0.578231736232133,0.100832259973421,-0.0056267753838635,0.578231736232133,0.578231736232133,-0.0546329606338346,0.00105716206007331,0.00105716206007331,0,0,0,0,0,0,0,0,0,0,0,0,0,1,325,0,0,0,0,0,0,0,0,0,1,0,0,0
0.325,0.523598775598299,0.578331028595471,0.0977493826656874,-0.00566625202766534,0.578331028595471,0.578331028595471,-0.0547322529971718,0.000774266047601335,0.000774266047601335,0,0,0,0,0,0,0,0,0,0,0,0,0,1,326,0,0,0,0,0,0,0,0,0,1,0,0,0
0.326,0.523598775598299,0.578427228947791,0.0946485750133452,-0.00570195020717625,0.578427228947791,0.578427228947791,-0.0548284533494926,0.000494438252452378,0.000494438252452378,0,0,0,0,0,0,0,0,0,0,0,0,0,1,327,0,0,0,0,0,0,0,0,0,1,0,0,0
0.327,0.523598775598299,0.578520320369784,0.0915318554680311,-0.00573390767237226,0.578520320369784,0.578520320369784,-0.0549215447714853,0.000217776919870571,0.000217776919870571,0,0,0,0,0,0,0,0,0,0,0,0,0,1,328,0,0,0,0,0,0,0,0,0,1,0,0,0
0.328,0.523598775598299,0.578610287949298,0.0884012194264982,-0.00576216755919084,0.578610287949298,0.578610287949298,-0.055011512350999,-5.56269511051422e-05,-5.56269511051422e-05,0,0,0,0,0,0,0,0,0,0,0,0,0,1,329,0,0,0,0,0,0,0,0,0,1,0,0,0
0.329,0.523598775598299,0.578697118756895,0.085258636478576,-0.00578677801418162,0.578697118756895,0.578697118756895,-0.0550983431585966,-0.000325689406488749,-0.000325689406488749,0,0,0,0,0,0,0,0,0,0,0,0,0,1,330,0,0,0,0,0,0,0,0,0,1,0,0,0
0.33,0.523598775598299,0.578780801818753,0.0821060478539151,-0.00580779183114399,0.578780801818753,0.578780801818753,-0.0551820262204543,-0.000592333334839351,-0.000592333334839351,0,0,0,0,0,0,0,0,0,0,0,0,0,1,331,0,0,0,0,0,0,0,0,0,1,0,0,0
0.331,0.523598775598299,0.578861328087105,0.0789453640609949,-0.00582526609971357,0.578861328087105,0.578861328087105,-0.0552625524888058,-0.000855488263819121,-0.000855488263819121,0,0,0,0,0,0,0,0,0,0,0,0,0,1,332,0,0,0,0,0,0,0,0,0,1,0,0,0
0.332,0.523598775598299,0.578938690408417,0.0757784627119024,-0.00583926186584301,0.578938690408417,0.578938690408417,-0.0553399148101182,-0.00111509015620986,-0.00111509015620986,0,0,0,0,0,0,0,0,0,0,0,0,0,1,333,0,0,0,0,0,0,0,0,0,1,0,0,0
0.333,0.523598775598299,0.579012883489482,0.0726071865264281,-0.00584984380410327,0.579012883489482,0.579012883489482,-0.0554141078911827,-0.00137108120576795,-0.00137108120576795,0,0,0,0,0,0,0,0,0,0,0,0,0,1,334,0,0,0,0,0,0,0,0,0,1,0,0,0
0.334,0.523598775598299,0.579083903861596,0.0694333415090745,-0.00585707990171718,0.579083903861596,0.579083903861596,-0.055485128263297,-0.0016234096332744,-0.0016234096332744,0,0,0,0,0,0,0,0,0,0,0,0,0,1,335,0,0,0,0,0,0,0,0,0,1,0,0,0
0.335,0.523598775598299,0.579151749843007,0.0662586952926272,-0.00586104115422203,0.579151749843007,0.579151749843007,-0.055552974244708,-0.00187202948311496,-0.00187202948311496,0,0,0,0,0,0,0,0,0,0,0,0,0,1,336,0,0,0,0,0,0,0,0,0,1,0,0,0
0.336,0.523598775598299,0.579216421499778,0.0630849756420023,-0.00586180127264302,0.579216421499778,0.579216421499778,-0.0556176459014791,-0.0021169004207103,-0.0021169004207103,0,0,0,0,0,0,0,0,0,0,0,0,0,1,337,0,0,0,0,0,0,0,0,0,1,0,0,0
0.337,0.523598775598299,0.579277920605238,0.0599138691121555,-0.00585943640204734,0.579277920605238,0.579277920605238,-0.0556791450069387,-0.0023579875310922,-0.0023579875310922,0,0,0,0,0,0,0,0,0,0,0,0,0,1,338,0,0,0,0,0,0,0,0,0,1,0,0,0
0.338,0.523598775598299,0.57933625059816,0.0567470198539144,-0.00585402485133568,0.57933625059816,0.57933625059816,-0.055737474999861,-0.0025952611189102,-0.0025952611189102,0,0,0,0,0,0,0,0,0,0,0,0,0,1,339,0,0,0,0,0,0,0,0,0,1,0,0,0
0.339,0.523598775598299,0.579391416539823,0.0535860285616811,-0.00584564683411759,0.579391416539823,0.579391416539823,-0.0557926409415245,-0.0028286965101294,-0.0028286965101294,0,0,0,0,0,0,0,0,0,0,0,0,0,1,340,0,0,0,0,0,0,0,0,0,1,0,0,0
0.34,0.523598775598299,0.579443425070085,0.0504324515570378,-0.00583438422050629,0.579443425070085,0.579443425070085,-0.0558446494717857,-0.00305827385566509,-0.00305827385566509,0,0,0,0,0,0,0,0,0,0,0,0,0,1,341,0,0,0,0,0,0,0,0,0,1,0,0,0
0.341,0.523598775598299,0.579492284362602,0.047287800002387,-0.0058203202996586,0.579492284362602,0.579492284362602,-0.0558935087643033,-0.00328397793718635,-0.00328397793718635,0,0,0,0,0,0,0,0,0,0,0,0,0,1,342,0,0,0,0,0,0,0,0,0,1,0,0,0
0.342,0.523598775598299,0.579538004079336,0.044153539238854,-0.00580353955287822,0.579538004079336,0.579538004079336,-0.0559392284810372,-0.00350579797529771,-0.00350579797529771,0,0,0,0,0,0,0,0,0,0,0,0,0,1,343,0,0,0,0,0,0,0,0,0,1,0,0,0
0.343,0.523598775598299,0.579580595324445,0.0410310882427844,-0.00578412743709096,0.579580595324445,0.579580595324445,-0.0559818197261462,-0.00372372744030236,-0.00372372744030236,0,0,0,0,0,0,0,0,0,0,0,0,0,1,344,0,0,0,0,0,0,0,0,0,1,0,0,0
0.344,0.523598775598299,0.579620070597698,0.0379218191952754,-0.00576217017849552,0.579620070597698,0.579620070597698,-0.0560212949993991,-0.00393776386572259,-0.00393776386572259,0,0,0,0,0,0,0,0,0,0,0,0,0,1,345,0,0,0,0,0,0,0,0,0,1,0,0,0
0.345,0.523598775598299,0.579656443747507,0.0348270571592939,-0.00573775457618448,0.579656443747507,0.579656443747507,-0.0560576681492084,-0.00414790866475048,-0.00414790866475048,0,0,0,0,0,0,0,0,0,0,0,0,0,1,346,0,0,0,0,0,0,0,0,0,1,0,0,0
0.346,0.523598775598299,0.579689729923693,0.0317480798590439,-0.00571096781552621,0.579689729923693,0.579689729923693,-0.0560909543253946,-0.00435416694978194,-0.00435416694978194,0,0,0,0,0,0,0,0,0,0,0,0,0,1,347,0,0,0,0,0,0,0,0,0,1,0,0,0
0.347,0.523598775598299,0.579719945530076,0.028686117556368,-0.00568189729109312,0.579719945530076,0.579719945530076,-0.056121169931777,-0.00455654735517216,-0.00455654735517216,0,0,0,0,0,0,0,0,0,0,0,0,0,1,348,0,0,0,0,0,0,0,0,0,1,0,0,0
0.348,0.523598775598299,0.579747108176987,0.0256423530190829,-0.00565063043891621,0.579747108176987,0.579747108176987,-0.0561483325786883,-0.0047550618633419,-0.0047550618633419,0,0,0,0,0,0,0,0,0,0,0,0,0,1,349,0,0,0,0,0,0,0,0,0,1,0,0,0
0.349,0.523598775598299,0.579771236633801,0.0226179215762736,-0.00561725457784297,0.579771236633801,0.579771236633801,-0.0561724610355018,-0.00494972563434964,-0.00494972563434964,0,0,0,0,0,0,0,0,0,0,0,0,0,1,350,0,0,0,0,0,0,0,0,0,1,0,0,0
0.35,0.523598775598299,0.579792350781553,0.0196139112556921,-0.0055818567597725,0.579792350781553,0.579792350781553,-0.0561935751832537,-0.00514055683903011,-0.00514055683903011,0,0,0,0,0,0,0,0,0,0,0,0,0,1,351,0,0,0,0,0,0,0,0,0,1,0,0,0
0.351,0.523598775598299,0.579810471565743,0.0166313629985331,-0.00554452362853823,0.579810471565743,0.579810471565743,-0.0562116959674439,-0.00532757649579135,-0.00532757649579135,0,0,0,0,0,0,0,0,0,0,0,0,0,1,352,0,0,0,0,0,0,0,0,0,1,0,0,0
0.352,0.523598775598299,0.579825620949385,0.0136712709469844,-0.00550534128720682,0.579825620949385,0.579825620949385,-0.0562268453510865,-0.00551080831115069,-0.00551080831115069,0,0,0,0,0,0,0,0,0,0,0,0,0,1,353,0,0,0,0,0,0,0,0,0,1,0,0,0
0.353,0.523598775598299,0.579837821866383,0.0107345828000769,-0.00546439517356066,0.579837821866383,0.579837821866383,-0.0562390462680837,-0.0056902785240788,-0.0056902785240788,0,0,0,0,0,0,0,0,0,0,0,0,0,1,354,0,0,0,0,0,0,0,0,0,1,0,0,0
0.354,0.523598775598299,0.579847098175286,0.00782220023348659,-0.00542176994352978,0.579847098175286,0.579847098175286,-0.0562483225769876,-0.00586601575420925,-0.00586601575420925,0,0,0,0,0,0,0,0,0,0,0,0,0,1,355,0,0,0,0,0,0,0,0,0,1,0,0,0
0.355,0.523598775598299,0.57985347461351,0.00493497937907064,-0.00537754936233789,0.57985347461351,0.57985347461351,-0.0562546990152115,-0.00603805085396536,-0.00603805085396536,0,0,0,0,0,0,0,0,0,0,0,0,0,1,356,0,0,0,0,0,0,0,0,0,1,0,0,0
0.356,0.523598775598299,0.579856976752048,0.00207373136004463,-0.00533181620312792,0.579856976752048,0.579856976752048,-0.0562582011537491,-0.00620641676464137,-0.00620641676464137,0,0,0,0,0,0,0,0,0,0,0,0,0,1,357,0,0,0,0,0,0,0,0,0,1,0,0,0
0.357,0.523598775598299,0.579857630950754,-0.000760777122159858,-0.00528465215283153,0.579857630950754,0.579857630950754,-0.0562588553524556,-0.0063711483764719,-0.0063711483764719,0,0,0,0,0,0,0,0,0,0,0,0,0,1,358,0,0,0,0,0,0,0,0,0,1,0,0,0
0.358,0.523598775598299,0.579855464314238,-0.00356782315319292,-0.0052361377250484,0.579855464314238,0.579855464314238,-0.0562566887159389,-0.00653228239271053,-0.00653228239271053,0,0,0,0,0,0,0,0,0,0,0,0,0,1,359,0,0,0,0,0,0,0,0,0,1,0,0,0
0.359,0.523598775598299,0.579850504648408,-0.00634672692694612,-0.00518635217970179,0.579850504648408,0.579850504648408,-0.056251729050109,-0.00668985719773227,-0.00668985719773227,0,0,0,0,0,0,0,0,0,0,0,0,0,1,360,0,0,0,0,0,0,0,0,0,1,0,0,0
0.36,0.523598775598299,0.579842780417725,-0.00909685102615486,-0.00513537344923746,0.579842780417725,0.579842780417725,-0.0562440048194258,-0.00684391272916862,-0.00684391272916862,0,0,0,0,0,0,0,0,0,0,0,0,0,1,361,0,0,0,0,0,0,0,0,0,1,0,0,0
0.361,0.523598775598299,0.579832320703185,-0.0118175996658974,-0.00508327807113602,0.579832320703185,0.579832320703185,-0.056233545104886,-0.00699449035407276,-0.00699449035407276,0,0,0,0,0,0,0,0,0,0,0,0,0,1,362,0,0,0,0,0,0,0,0,0,1,0,0,0
0.362,0.523598775598299,0.579819155161081,-0.0145084179033203,-0.00503014112650895,0.579819155161081,0.579819155161081,-0.0562203795627825,-0.00714163274910815,-0.00714163274910815,0,0,0,0,0,0,0,0,0,0,0,0,0,1,363,0,0,0,0,0,0,0,0,0,1,0,0,0
0.363,0.523598775598299,0.57980331398257,-0.0171687908167951,-0.00497603618455154,0.57980331398257,0.57980331398257,-0.0562045383842711,-0.00728538378474997,-0.00728538378474997,0,0,0,0,0,0,0,0,0,0,0,0,0,1,364,0,0,0,0,0,0,0,0,0,1,0,0,0
0.364,0.523598775598299,0.57978482785407,-0.0197982426575895,-0.00492103525262903,0.57978482785407,0.57978482785407,-0.0561860522557708,-0.00742578841347619,-0.00742578841347619,0,0,0,0,0,0,0,0,0,0,0,0,0,1,365,0,0,0,0,0,0,0,0,0,1,0,0,0
0.365,0.523598775598299,0.579763727918525,-0.0223963359770152,-0.00486520873177365,0.579763727918525,0.579763727918525,-0.056164952320226,-0.0075628925619266,-0.0075628925619266,0,0,0,0,0,0,0,0,0,0,0,0,0,1,366,0,0,0,0,0,0,0,0,0,1,0,0,0
0.366,0.523598775598299,0.57974004573755,-0.0249626707318942,-0.00480862537737419,0.57974004573755,0.57974004573755,-0.0561412701392512,-0.0076967430269935,-0.0076967430269935,0,0,0,0,0,0,0,0,0,0,0,0,0,1,367,0,0,0,0,0,0,0,0,0,1,0,0,0
0.367,0.523598775598299,0.57971381325448,-0.027496883371068,-0.00475135226484128,0.57971381325448,0.57971381325448,-0.0561150376561814,-0.00782738737581759,-0.00782738737581759,0,0,0,0,0,0,0,0,0,0,0,0,0,1,368,0,0,0,0,0,0,0,0,0,1,0,0,0
0.368,0.523598775598299,0.579685062758343,-0.0299986459055589,-0.00469345476003772,0.579685062758343,0.579685062758343,-0.0560862871600438,-0.00795487384964014,-0.00795487384964014,0,0,0,0,0,0,0,0,0,0,0,0,0,1,369,0,0,0,0,0,0,0,0,0,1,0,0,0
0.369,0.523598775598299,0.579653826848765,-0.0324676649648768,-0.00463499649426347,0.579653826848765,0.579653826848765,-0.0560550512504658,-0.00807925127147058,-0.00807925127147058,0,0,0,0,0,0,0,0,0,0,0,0,0,1,370,0,0,0,0,0,0,0,0,0,1,0,0,0
0.37,0.523598775598299,0.579620138401833,-0.0349036808418541,-0.00457603934359037,0.579620138401833,0.579620138401833,-0.0560213628035339,-0.00820056895752277,-0.00820056895752277,0,0,0,0,0,0,0,0,0,0,0,0,0,1,371,0,0,0,0,0,0,0,0,0,1,0,0,0
0.371,0.523598775598299,0.57958403053691,-0.0373064665282803,-0.00451664341234562,0.57958403053691,0.57958403053691,-0.0559852549386115,-0.00831887663236405,-0.00831887663236405,0,0,0,0,0,0,0,0,0,0,0,0,0,1,372,0,0,0,0,0,0,0,0,0,1,0,0,0
0.372,0.523598775598299,0.579545536584424,-0.0396758267435012,-0.00445686702054591,0.579545536584424,0.579545536584424,-0.0559467609861254,-0.00843422434772229,-0.00843422434772229,0,0,0,0,0,0,0,0,0,0,0,0,0,1,373,0,0,0,0,0,0,0,0,0,1,0,0,0
0.373,0.523598775598299,0.579504690054625,-0.0420115969580403,-0.0043967666950886,0.579504690054625,0.579504690054625,-0.0559059144563259,-0.0085466624048941,-0.0085466624048941,0,0,0,0,0,0,0,0,0,0,0,0,0,1,374,0,0,0,0,0,0,0,0,0,1,0,0,0
0.374,0.523598775598299,0.579461524607324,-0.0443136424141965,-0.00433639716451115,0.579461524607324,0.579461524607324,-0.0558627490090254,-0.00865624128068981,-0.00865624128068981,0,0,0,0,0,0,0,0,0,0,0,0,0,1,375,0,0,0,0,0,0,0,0,0,1,0,0,0
0.375,0.523598775598299,0.579416074022616,-0.046581857145474,-0.00427581135713322,0.579416074022616,0.579416074022616,-0.0558172984243168,-0.00876301155685069,-0.00876301155685069,0,0,0,0,0,0,0,0,0,0,0,0,0,1,376,0,0,0,0,0,0,0,0,0,1,0,0,0
0.376,0.523598775598299,0.579368372172571,-0.0488161629965962,-0.00421506040240054,0.579368372172571,0.579368372172571,-0.0557695965742719,-0.00886702385287333,-0.00886702385287333,0,0,0,0,0,0,0,0,0,0,0,0,0,1,377,0,0,0,0,0,0,0,0,0,1,0,0,0
0.377,0.523598775598299,0.579318452993919,-0.0510165086457646,-0.00415419363525437,0.579318452993919,0.579318452993919,-0.0557196773956203,-0.00896832876217252,-0.00896832876217252,0,0,0,0,0,0,0,0,0,0,0,0,0,1,378,0,0,0,0,0,0,0,0,0,1,0,0,0
0.378,0.523598775598299,0.579266350461701,-0.053182868630725,-0.00409325860335524,0.579266350461701,0.579266350461701,-0.0556675748634025,-0.0090669767915075,-0.0090669767915075,0,0,0,0,0,0,0,0,0,0,0,0,0,1,379,0,0,0,0,0,0,0,0,0,1,0,0,0
0.379,0.523598775598299,0.579212098563894,-0.0553152423801149,-0.00403230107699221,0.579212098563894,0.579212098563894,-0.0556133229655953,-0.0091630183036045,-0.0091630183036045,0,0,0,0,0,0,0,0,0,0,0,0,0,1,380,0,0,0,0,0,0,0,0,0,1,0,0,0
0.38,0.523598775598299,0.579155731277002,-0.0574136532514762,-0.00397136506151598,0.579155731277002,0.579155731277002,-0.0555569556787028,-0.00925650346289664,-0.00925650346289664,0,0,0,0,0,0,0,0,0,0,0,0,0,1,381,0,0,0,0,0,0,0,0,0,1,0,0,0
0.381,0.523598775598299,0.579097282542604,-0.0594781475772293,-0.00391049281213673,0.579097282542604,0.579097282542604,-0.0554985069443052,-0.00934748218431108,-0.00934748218431108,0,0,0,0,0,0,0,0,0,0,0,0,0,1,382,0,0,0,0,0,0,0,0,0,1,0,0,0
0.382,0.523598775598299,0.579036786244856,-0.0615087937198218,-0.00384972485093405,0.579036786244856,0.579036786244856,-0.0554380106465571,-0.00943600408501988,-0.00943600408501988,0,0,0,0,0,0,0,0,0,0,0,0,0,1,383,0,0,0,0,0,0,0,0,0,1,0,0,0
0.383,0.523598775598299,0.578974276188924,-0.0635056811371852,-0.00378909998592825,0.578974276188924,0.578974276188924,-0.0553755005906249,-0.00952211843908363,-0.00952211843908363,0,0,0,0,0,0,0,0,0,0,0,0,0,1,384,0,0,0,0,0,0,0,0,0,1,0,0,0
0.384,0.523598775598299,0.578909786080354,-0.0654689194595494,-0.00372865533206984,0.578909786080354,0.578909786080354,-0.0553110104820556,-0.00960587413490929,-0.00960587413490929,0,0,0,0,0,0,0,0,0,0,0,0,0,1,385,0,0,0,0,0,0,0,0,0,1,0,0,0
0.385,0.523598775598299,0.578843349505358,-0.067398637578593,-0.00366842633400752,0.578843349505358,0.578843349505358,-0.0552445739070589,-0.00968731963543656,-0.00968731963543656,0,0,0,0,0,0,0,0,0,0,0,0,0,1,386,0,0,0,0,0,0,0,0,0,1,0,0,0
0.386,0.523598775598299,0.578774999911997,-0.0692949827498312,-0.00360844679049757,0.578774999911997,0.578774999911997,-0.055176224313698,-0.00976650294098591,-0.00976650294098591,0,0,0,0,0,0,0,0,0,0,0,0,0,1,387,0,0,0,0,0,0,0,0,0,1,0,0,0
0.387,0.523598775598299,0.578704770592265,-0.0711581197090707,-0.00354874888032652,0.578704770592265,0.578704770592265,-0.0551059949939664,-0.00984347155467602,-0.00984347155467602,0,0,0,0,0,0,0,0,0,0,0,0,0,1,388,0,0,0,0,0,0,0,0,0,1,0,0,0
0.388,0.523598775598299,0.578632694665044,-0.0729882298036941,-0.00348936318961828,0.578632694665044,0.578632694665044,-0.055033919066745,-0.00991827245034202,-0.00991827245034202,0,0,0,0,0,0,0,0,0,0,0,0,0,1,389,0,0,0,0,0,0,0,0,0,1,0,0,0
0.389,0.523598775598299,0.578558805059917,-0.0747855101394686,-0.00343031874040595,0.578558805059917,0.578558805059917,-0.0549600294616177,-0.00999095204286951,-0.00999095204286951,0,0,0,0,0,0,0,0,0,0,0,0,0,1,390,0,0,0,0,0,0,0,0,0,1,0,0,0
0.39,0.523598775598299,0.578483134501832,-0.076550172743509,-0.00337164302035021,0.578483134501832,0.578483134501832,-0.0548843589035328,-0.0100615561608671,-0.0100615561608671,0,0,0,0,0,0,0,0,0,0,0,0,0,1,391,0,0,0,0,0,0,0,0,0,1,0,0,0
0.391,0.523598775598299,0.578405715496593,-0.0782824437439647,-0.0033133620134917,0.578405715496593,0.578405715496593,-0.0548069398982938,-0.010130130021599,-0.010130130021599,0,0,0,0,0,0,0,0,0,0,0,0,0,1,392,0,0,0,0,0,0,0,0,0,1,0,0,0
0.392,0.523598775598299,0.578326580317159,-0.0799825625669396,-0.00325550023192905,0.578326580317159,0.578326580317159,-0.0547278047188605,-0.0101967182080983,-0.0101967182080983,0,0,0,0,0,0,0,0,0,0,0,0,0,1,393,0,0,0,0,0,0,0,0,0,1,0,0,0
0.393,0.523598775598299,0.578245760990745,-0.0816507811510987,-0.00319808074831801,0.578245760990745,0.578245760990745,-0.0546469853924463,-0.0102613646483857,-0.0102613646483857,0,0,0,0,0,0,0,0,0,0,0,0,0,1,394,0,0,0,0,0,0,0,0,0,1,0,0,0
0.394,0.523598775598299,0.578163289286688,-0.0832873631803583,-0.00314112522909269,0.578163289286688,0.578163289286688,-0.0545645136883897,-0.010324112596713,-0.010324112596713,0,0,0,0,0,0,0,0,0,0,0,0,0,1,395,0,0,0,0,0,0,0,0,0,1,0,0,0
0.395,0.523598775598299,0.578079196705085,-0.0848925833350053,-0.00308465396831217,0.578079196705085,0.578079196705085,-0.054480421106786,-0.0103850046167596,-0.0103850046167596,0,0,0,0,0,0,0,0,0,0,0,0,0,1,396,0,0,0,0,0,0,0,0,0,1,0,0,0
0.396,0.523598775598299,0.577993514466156,-0.0864667265615427,-0.0030286859220422,0.577993514466156,0.577993514466156,-0.0543947388678567,-0.0104440825667008,-0.0104440825667008,0,0,0,0,0,0,0,0,0,0,0,0,0,1,397,0,0,0,0,0,0,0,0,0,1,0,0,0
0.397,0.523598775598299,0.57790627350034,-0.0880100873615071,-0.00297323874318308,0.57790627350034,0.57790627350034,-0.0543074979020416,-0.010501387586081,-0.010501387586081,0,0,0,0,0,0,0,0,0,0,0,0,0,1,398,0,0,0,0,0,0,0,0,0,1,0,0,0
0.398,0.523598775598299,0.577817504439089,-0.089522969099461,-0.00291832881666212,0.577817504439089,0.577817504439089,-0.0542187288407902,-0.0105569600844091,-0.0105569600844091,0,0,0,0,0,0,0,0,0,0,0,0,0,1,399,0,0,0,0,0,0,0,0,0,1,0,0,0
0.399,0.523598775598299,0.577727237606336,-0.0910056833303183,-0.00286397129490907,0.577727237606336,0.577727237606336,-0.0541284620080371,-0.0106108397314113,-0.0106108397314113,0,0,0,0,0,0,0,0,0,0,0,0,0,1,400,0,0,0,0,0,0,0,0,0,1,0,0,0
0.4,0.523598775598299,0.577635503010639,-0.09245854914612,-0.00281018013354031,0.577635503010639,0.577635503010639,-0.0540367274123403,-0.0106630654488669,-0.0106630654488669,0,0,0,0,0,0,0,0,0,0,0,0,0,1,401,0,0,0,0,0,0,0,0,0,1,0,0,0
0.401,0.523598775598299,0.577542330337961,-0.0938818925423368,-0.00275696812717939,0.577542330337961,0.577542330337961,-0.0539435547396621,-0.0107136754039555,-0.0107136754039555,0,0,0,0,0,0,0,0,0,0,0,0,0,1,402,0,0,0,0,0,0,0,0,0,1,0,0,0
0.402,0.523598775598299,0.577447748945073,-0.0952760458037394,-0.00270434694534555,0.577447748945073,0.577447748945073,-0.0538489733467739,-0.0107627070040477,-0.0107627070040477,0,0,0,0,0,0,0,0,0,0,0,0,0,1,403,0,0,0,0,0,0,0,0,0,1,0,0,0
0.403,0.523598775598299,0.577351787853566,-0.0966413469098413,-0.00265232716834516,0.577351787853566,0.577351787853566,-0.0537530122552669,-0.0108101968928751,-0.0108101968928751,0,0,0,0,0,0,0,0,0,0,0,0,0,1,404,0,0,0,0,0,0,0,0,0,1,0,0,0
0.404,0.523598775598299,0.577254475744445,-0.0979781389598841,-0.00260091832310613,0.577254475744445,0.577254475744445,-0.0536557001461457,-0.0108561809480065,-0.0108561809480065,0,0,0,0,0,0,0,0,0,0,0,0,0,1,405,0,0,0,0,0,0,0,0,0,1,0,0,0
0.405,0.523598775598299,0.577155840953287,-0.099286769617306,-0.00255012891889611,0.577155840953287,0.577155840953287,-0.0535570653549883,-0.0109006942795705,-0.0109006942795705,0,0,0,0,0,0,0,0,0,0,0,0,0,1,406,0,0,0,0,0,0,0,0,0,1,0,0,0
0.406,0.523598775598299,0.57705591146595,-0.100567590573602,-0.00249996648287071,0.57705591146595,0.57705591146595,-0.0534571358676512,-0.0109437712301599,-0.0109437712301599,0,0,0,0,0,0,0,0,0,0,0,0,0,1,407,0,0,0,0,0,0,0,0,0,1,0,0,0
0.407,0.523598775598299,0.576954714914801,-0.101820957031459,-0.00245043759540079,0.576954714914801,0.576954714914801,-0.0533559393165021,-0.010985445375854,-0.010985445375854,0,0,0,0,0,0,0,0,0,0,0,0,0,1,408,0,0,0,0,0,0,0,0,0,1,0,0,0
0.408,0.523598775598299,0.576852278575457,-0.103047227207018,-0.00240154792513028,0.576852278575457,0.576852278575457,-0.0532535029771583,-0.0110257495282998,-0.0110257495282998,0,0,0,0,0,0,0,0,0,0,0,0,0,1,409,0,0,0,0,0,0,0,0,0,1,0,0,0
0.409,0.523598775598299,0.576748629364013,-0.104246761851095,-0.00235330226371961,0.576748629364013,0.576748629364013,-0.0531498537657147,-0.0110647157377925,-0.0110647157377925,0,0,0,0,0,0,0,0,0,0,0,0,0,1,410,0,0,0,0,0,0,0,0,0,1,0,0,0
0.41,0.523598775598299,0.57664379383474,-0.105419923789176,-0.00230570456023299,0.57664379383474,0.57664379383474,-0.0530450182364407,-0.0111023752972975,-0.0111023752972975,0,0,0,0,0,0,0,0,0,0,0,0,0,1,411,0,0,0,0,0,0,0,0,0,1,0,0,0
0.411,0.523598775598299,0.576537798178226,-0.106567077479952,-0.00225875795513036,0.576537798178226,0.576537798178226,-0.0529390225799277,-0.011138758747358,-0.011138758747358,0,0,0,0,0,0,0,0,0,0,0,0,0,1,412,0,0,0,0,0,0,0,0,0,1,0,0,0
0.412,0.523598775598299,0.576430668219968,-0.107688588592184,-0.00221246481382748,0.576430668219968,0.576430668219968,-0.0528318926216688,-0.0111738958818327,-0.0111738958818327,0,0,0,0,0,0,0,0,0,0,0,0,0,1,413,0,0,0,0,0,0,0,0,0,1,0,0,0
0.413,0.523598775598299,0.576322429419352,-0.108784823599631,-0.00216682675979075,0.576322429419352,0.576322429419352,-0.0527236538210533,-0.0112078157544126,-0.0112078157544126,0,0,0,0,0,0,0,0,0,0,0,0,0,1,414,0,0,0,0,0,0,0,0,0,1,0,0,0
0.414,0.523598775598299,0.576213106869055,-0.109856149393771,-0.00212184470713569,0.576213106869055,0.576213106869055,-0.0526143312707559,-0.0112405466858609,-0.0112405466858609,0,0,0,0,0,0,0,0,0,0,0,0,0,1,415,0,0,0,0,0,0,0,0,0,1,0,0,0
0.415,0.523598775598299,0.576102725294805,-0.110902932914039,-0.00207751889270006,0.576102725294805,0.576102725294805,-0.0525039496965063,-0.0112721162719336,-0.0112721162719336,0,0,0,0,0,0,0,0,0,0,0,0,0,1,416,0,0,0,0,0,0,0,0,0,1,0,0,0
0.416,0.523598775598299,0.575991309055517,-0.111925540795278,-0.0020338489075667,0.575991309055517,0.575991309055517,-0.0523925334572182,-0.0113025513919234,-0.0113025513919234,0,0,0,0,0,0,0,0,0,0,0,0,0,1,417,0,0,0,0,0,0,0,0,0,1,0,0,0
0.417,0.523598775598299,0.575878882143762,-0.112924339032081,-0.00199083372801112,0.575878882143762,0.575878882143762,-0.0522801065454636,-0.0113318782177881,-0.0113318782177881,0,0,0,0,0,0,0,0,0,0,0,0,0,1,418,0,0,0,0,0,0,0,0,0,1,0,0,0
0.418,0.523598775598299,0.575765468186572,-0.113899692659722,-0.00194847174585351,0.575765468186572,0.575765468186572,-0.0521666925882734,-0.0113601222238113,-0.0113601222238113,0,0,0,0,0,0,0,0,0,0,0,0,0,1,419,0,0,0,0,0,0,0,0,0,1,0,0,0
0.419,0.523598775598299,0.575651090446549,-0.114851965451316,-0.00190676079819459,0.575651090446549,0.575651090446549,-0.0520523148482505,-0.0113873081967583,-0.0113873081967583,0,0,0,0,0,0,0,0,0,0,0,0,0,1,420,0,0,0,0,0,0,0,0,0,1,0,0,0
0.42,0.523598775598299,0.575535771823274,-0.115781519630879,-0.00186569819651965,0.575535771823274,0.575535771823274,-0.0519369962249752,-0.011413460246478,-0.011413460246478,0,0,0,0,0,0,0,0,0,0,0,0,0,1,421,0,0,0,0,0,0,0,0,0,1,0,0,0
0.421,0.523598775598299,0.575419534854992,-0.116688715601939,-0.00182528075515395,0.575419534854992,0.575419534854992,-0.0518207592566928,-0.0114386018169167,-0.0114386018169167,0,0,0,0,0,0,0,0,0,0,0,0,0,1,422,0,0,0,0,0,0,0,0,0,1,0,0,0
0.422,0.523598775598299,0.575302401720561,-0.117573911691316,-0.00178550481905779,0.575302401720561,0.575302401720561,-0.0517036261222626,-0.0114627556974992,-0.0114627556974992,0,0,0,0,0,0,0,0,0,0,0,0,0,1,423,0,0,0,0,0,0,0,0,0,1,0,0,0
0.423,0.523598775598299,0.575184394241655,-0.11843746390773,-0.00174636629094833,0.575184394241655,0.575184394241655,-0.0515856186433566,-0.0114859440348424,-0.0114859440348424,0,0,0,0,0,0,0,0,0,0,0,0,0,1,424,0,0,0,0,0,0,0,0,0,1,0,0,0
0.424,0.523598775598299,0.575065533885191,-0.119279725714854,-0.00170786065773953,0.575065533885191,0.575065533885191,-0.0514667582868924,-0.0115081883447651,-0.0115081883447651,0,0,0,0,0,0,0,0,0,0,0,0,0,1,425,0,0,0,0,0,0,0,0,0,1,0,0,0
0.425,0.523598775598299,0.574945841765985,-0.120101047818429,-0.00166998301629184,0.574945841765985,0.574945841765985,-0.0513470661676858,-0.0115295095245581,-0.0115295095245581,0,0,0,0,0,0,0,0,0,0,0,0,0,1,426,0,0,0,0,0,0,0,0,0,1,0,0,0
0.426,0.523598775598299,0.574825338649608,-0.120901777967072,-0.00163272809846527,0.574825338649608,0.574825338649608,-0.0512265630513093,-0.0115499278654803,-0.0115499278654803,0,0,0,0,0,0,0,0,0,0,0,0,0,1,427,0,0,0,0,0,0,0,0,0,1,0,0,0
0.427,0.523598775598299,0.574704044955443,-0.121682260766396,-0.00159609029547066,0.574704044955443,0.574704044955443,-0.0511052693571439,-0.0115694630654535,-0.0115694630654535,0,0,0,0,0,0,0,0,0,0,0,0,0,1,428,0,0,0,0,0,0,0,0,0,1,0,0,0
0.428,0.523598775598299,0.574581980759907,-0.122442837506043,-0.00156006368151665,0.574581980759907,0.574581980759907,-0.0509832051616085,-0.0115881342419171,-0.0115881342419171,0,0,0,0,0,0,0,0,0,0,0,0,0,1,429,0,0,0,0,0,0,0,0,0,1,0,0,0
0.429,0.523598775598299,0.574459165799857,-0.123183845999263,-0.0015246420367488,0.574459165799857,0.574459165799857,-0.0508603902015582,-0.0116059599448237,-0.0116059599448237,0,0,0,0,0,0,0,0,0,0,0,0,0,1,430,0,0,0,0,0,0,0,0,0,1,0,0,0
0.43,0.523598775598299,0.574335619476134,-0.123905620434633,-0.00148981886948179,0.574335619476134,0.574335619476134,-0.0507368438778353,-0.0116229581697381,-0.0116229581697381,0,0,0,0,0,0,0,0,0,0,0,0,0,1,431,0,0,0,0,0,0,0,0,0,1,0,0,0
0.431,0.523598775598299,0.574211360857262,-0.124608491239553,-0.00145558743772383,0.574211360857262,0.574211360857262,-0.0506125852589633,-0.0116391463710198,-0.0116391463710198,0,0,0,0,0,0,0,0,0,0,0,0,0,1,432,0,0,0,0,0,0,0,0,0,1,0,0,0
0.432,0.523598775598299,0.57408640868327,-0.125292784955113,-0.00142194076999595,0.57408640868327,0.57408640868327,-0.0504876330849715,-0.0116545414750606,-0.0116545414750606,0,0,0,0,0,0,0,0,0,0,0,0,0,1,433,0,0,0,0,0,0,0,0,0,1,0,0,0
0.433,0.523598775598299,0.573960781369638,-0.125958824121963,-0.00138887168544804,0.573960781369638,0.573960781369638,-0.0503620057713393,-0.0116691598935536,-0.0116691598935536,0,0,0,0,0,0,0,0,0,0,0,0,0,1,434,0,0,0,0,0,0,0,0,0,1,0,0,0
0.434,0.523598775598299,0.573834497011348,-0.126606927176788,-0.0013563728132762,0.573834497011348,0.573834497011348,-0.0502357214130494,-0.0116830175367731,-0.0116830175367731,0,0,0,0,0,0,0,0,0,0,0,0,0,1,435,0,0,0,0,0,0,0,0,0,1,0,0,0
0.435,0.523598775598299,0.573707573387038,-0.127237408359034,-0.00132443661144596,0.573707573387038,0.573707573387038,-0.050108797788739,-0.0116961298268391,-0.0116961298268391,0,0,0,0,0,0,0,0,0,0,0,0,0,1,436,0,0,0,0,0,0,0,0,0,1,0,0,0
0.436,0.523598775598299,0.573580027963239,-0.127850577627479,-0.00129305538472663,0.573580027963239,0.573580027963239,-0.0499812523649398,-0.0117085117109525,-0.0117085117109525,0,0,0,0,0,0,0,0,0,0,0,0,0,1,437,0,0,0,0,0,0,0,0,0,1,0,0,0
0.437,0.523598775598299,0.573451877898695,-0.128446740586303,-0.00126222130204427,0.573451877898695,0.573451877898695,-0.0498531023003962,-0.0117201776745749,-0.0117201776745749,0,0,0,0,0,0,0,0,0,0,0,0,0,1,438,0,0,0,0,0,0,0,0,0,1,0,0,0
0.438,0.523598775598299,0.573323140048752,-0.129026198420272,-0.00123192641315956,0.573323140048752,0.573323140048752,-0.0497243644504531,-0.0117311417545402,-0.0117311417545402,0,0,0,0,0,0,0,0,0,0,0,0,0,1,439,0,0,0,0,0,0,0,0,0,1,0,0,0
0.439,0.523598775598299,0.573193830969803,-0.129589247838681,-0.00120216266467934,0.573193830969803,0.573193830969803,-0.0495950553715044,-0.0117414175520789,-0.0117414175520789,0,0,0,0,0,0,0,0,0,0,0,0,0,1,440,0,0,0,0,0,0,0,0,0,1,0,0,0
0.44,0.523598775598299,0.573063966923791,-0.13013618102769,-0.00117292191541069,0.573063966923791,0.573063966923791,-0.0494651913254924,-0.0117510182457382,-0.0117510182457382,0,0,0,0,0,0,0,0,0,0,0,0,0,1,441,0,0,0,0,0,0,0,0,0,1,0,0,0
0.441,0.523598775598299,0.572933563882751,-0.130667285610705,-0.00114419595106633,0.572933563882751,0.572933563882751,-0.0493347882844518,-0.0117599566041844,-0.0117599566041844,0,0,0,0,0,0,0,0,0,0,0,0,0,1,442,0,0,0,0,0,0,0,0,0,1,0,0,0
0.442,0.523598775598299,0.572802637533388,-0.131182844616453,-0.00111597649833203,0.572802637533388,0.572802637533388,-0.0492038619350887,-0.0117682449988737,-0.0117682449988737,0,0,0,0,0,0,0,0,0,0,0,0,0,1,443,0,0,0,0,0,0,0,0,0,1,0,0,0
0.443,0.523598775598299,0.572671203281688,-0.131683136454406,-0.00108825523830594,0.572671203281688,0.572671203281688,-0.0490724276833888,-0.0117758954165778,-0.0117758954165778,0,0,0,0,0,0,0,0,0,0,0,0,0,1,444,0,0,0,0,0,0,0,0,0,1,0,0,0
0.444,0.523598775598299,0.572539276257544,-0.132168434897224,-0.00106102381932185,0.572539276257544,0.572539276257544,-0.0489405006592454,-0.0117829194717519,-0.0117829194717519,0,0,0,0,0,0,0,0,0,0,0,0,0,1,445,0,0,0,0,0,0,0,0,0,1,0,0,0
0.445,0.523598775598299,0.572406871319401,-0.132639009069875,-0.0010342738691666,0.572406871319401,0.572406871319401,-0.0488080957211021,-0.0117893284187342,-0.0117893284187342,0,0,0,0,0,0,0,0,0,0,0,0,0,1,446,0,0,0,0,0,0,0,0,0,1,0,0,0
0.446,0.523598775598299,0.572274003058903,-0.133095123445117,-0.00100799700670426,0.572274003058903,0.572274003058903,-0.048675227460604,-0.0117951331637688,-0.0117951331637688,0,0,0,0,0,0,0,0,0,0,0,0,0,1,447,0,0,0,0,0,0,0,0,0,1,0,0,0
0.447,0.523598775598299,0.572140685805548,-0.133537037845027,-0.0009821848529196,0.572140685805548,0.572140685805548,-0.0485419102072491,-0.0118003442768383,-0.0118003442768383,0,0,0,0,0,0,0,0,0,0,0,0,0,1,448,0,0,0,0,0,0,0,0,0,1,0,0,0
0.448,0.523598775598299,0.572006933631334,-0.133965007448252,-0.000956829041392617,0.572006933631334,0.572006933631334,-0.0484081580330356,-0.0118049720033012,-0.0118049720033012,0,0,0,0,0,0,0,0,0,0,0,0,0,1,449,0,0,0,0,0,0,0,0,0,1,0,0,0
0.449,0.523598775598299,0.571872760355399,-0.134379282802692,-0.000931921228217468,0.571872760355399,0.571872760355399,-0.0482739847571,-0.0118090262753254,-0.0118090262753254,0,0,0,0,0,0,0,0,0,0,0,0,0,1,450,0,0,0,0,0,0,0,0,0,1,0,0,0
0.45,0.523598775598299,0.571738179548638,-0.134780109843318,-0.00090745310137894,0.571738179548638,0.571738179548638,-0.0481394039503391,-0.0118125167231091,-0.0118125167231091,0,0,0,0,0,0,0,0,0,0,0,0,0,1,451,0,0,0,0,0,0,0,0,0,1,0,0,0
0.451,0.523598775598299,0.571603204538311,-0.135167729914824,-0.000883416389599413,0.571603204538311,0.571603204538311,-0.0480044289400119,-0.0118154526858849,-0.0118154526858849,0,0,0,0,0,0,0,0,0,0,0,0,0,1,452,0,0,0,0,0,0,0,0,0,1,0,0,0
0.452,0.523598775598299,0.571467848412615,-0.135542379798846,-0.000859802870670041,0.571467848412615,0.571467848412615,-0.0478690728143166,-0.0118178432227001,-0.0118178432227001,0,0,0,0,0,0,0,0,0,0,0,0,0,1,453,0,0,0,0,0,0,0,0,0,1,0,0,0
0.453,0.523598775598299,0.571332124025238,-0.135904291745457,-0.000836604379279712,0.571332124025238,0.571332124025238,-0.0477333484269388,-0.0118196971229703,-0.0118196971229703,0,0,0,0,0,0,0,0,0,0,0,0,0,1,454,0,0,0,0,0,0,0,0,0,1,0,0,0
0.454,0.523598775598299,0.571196043999863,-0.136253693508691,-0.000813812814355696,0.571196043999863,0.571196043999863,-0.0475972684015645,-0.011821022916797,-0.011821022916797,0,0,0,0,0,0,0,0,0,0,0,0,0,1,455,0,0,0,0,0,0,0,0,0,1,0,0,0
0.455,0.523598775598299,0.571059620734657,-0.136590808385821,-0.000791420145929019,0.571059620734657,0.571059620734657,-0.0474608451363582,-0.0118218288850532,-0.0118218288850532,0,0,0,0,0,0,0,0,0,0,0,0,0,1,456,0,0,0,0,0,0,0,0,0,1,0,0,0
0.456,0.523598775598299,0.570922866406696,-0.136915855260137,-0.000769418421539713,0.570922866406696,0.570922866406696,-0.0473240908083973,-0.0118221230692265,-0.0118221230692265,0,0,0,0,0,0,0,0,0,0,0,0,0,1,457,0,0,0,0,0,0,0,0,0,1,0,0,0
0.457,0.523598775598299,0.570785792976363,-0.137229048646998,-0.000747799772194567,0.570785792976363,0.570785792976363,-0.0471870173780641,-0.0118219132810213,-0.0118219132810213,0,0,0,0,0,0,0,0,0,0,0,0,0,1,458,0,0,0,0,0,0,0,0,0,1,0,0,0
0.458,0.523598775598299,0.570648412191688,-0.1375305987429,-0.000726556417892121,0.570648412191688,0.570648412191688,-0.0470496365933893,-0.0118212071117187,-0.0118212071117187,0,0,0,0,0,0,0,0,0,0,0,0,0,1,459,0,0,0,0,0,0,0,0,0,1,0,0,0
0.459,0.523598775598299,0.570510735592644,-0.137820711477347,-0.000705680672728561,0.570510735592644,0.570510735592644,-0.0469119599943449,-0.0118200119412868,-0.0118200119412868,0,0,0,0,0,0,0,0,0,0,0,0,0,1,460,0,0,0,0,0,0,0,0,0,1,0,0,0
0.46,0.523598775598299,0.570372774515383,-0.138099588567293,-0.000685164949597772,0.570372774515383,0.570372774515383,-0.0467739989170843,-0.0118183349472498,-0.0118183349472498,0,0,0,0,0,0,0,0,0,0,0,0,0,1,461,0,0,0,0,0,0,0,0,0,1,0,0,0
0.461,0.523598775598299,0.570234540096426,-0.138367427573943,-0.000665001764500332,0.570234540096426,0.570234540096426,-0.046635764498127,-0.011816183113307,-0.011816183113307,0,0,0,0,0,0,0,0,0,0,0,0,0,1,462,0,0,0,0,0,0,0,0,0,1,0,0,0
0.462,0.523598775598299,0.570096043276783,-0.138624421961709,-0.000645183740474672,0.570096043276783,0.570096043276783,-0.0464972676784841,-0.0118135632377037,-0.0118135632377037,0,0,0,0,0,0,0,0,0,0,0,0,0,1,463,0,0,0,0,0,0,0,0,0,1,0,0,0
0.463,0.523598775598299,0.569957294806025,-0.138870761159125,-0.00062570361116309,0.569957294806025,0.569957294806025,-0.0463585192077257,-0.0118104819413592,-0.0118104819413592,0,0,0,0,0,0,0,0,0,0,0,0,0,1,464,0,0,0,0,0,0,0,0,0,1,0,0,0
0.464,0.523598775598299,0.569818305246285,-0.139106630621518,-0.000606554224028048,0.569818305246285,0.569818305246285,-0.0462195296479857,-0.0118069456757462,-0.0118069456757462,0,0,0,0,0,0,0,0,0,0,0,0,0,1,465,0,0,0,0,0,0,0,0,0,1,0,0,0
0.465,0.523598775598299,0.569679084976201,-0.139332211895259,-0.000587728543230435,0.569679084976201,0.569679084976201,-0.046080309377902,-0.0118029607305239,-0.0118029607305239,0,0,0,0,0,0,0,0,0,0,0,0,0,1,466,0,0,0,0,0,0,0,0,0,1,0,0,0
0.466,0.523598775598299,0.569539644194792,-0.139547682683412,-0.000569219652183159,0.569539644194792,0.569539644194792,-0.0459408685964934,-0.0117985332409302,-0.0117985332409302,0,0,0,0,0,0,0,0,0,0,0,0,0,1,467,0,0,0,0,0,0,0,0,0,1,0,0,0
0.467,0.523598775598299,0.569399992925269,-0.139753216912624,-0.000551020755793851,0.569399992925269,0.569399992925269,-0.0458012173269697,-0.0117936691949315,-0.0117936691949315,0,0,0,0,0,0,0,0,0,0,0,0,0,1,468,0,0,0,0,0,0,0,0,0,1,0,0,0
0.468,0.523598775598299,0.569260141018773,-0.139948984801064,-0.000533125182409201,0.569260141018773,0.569260141018773,-0.0456613654204739,-0.0117883744401306,-0.0117883744401306,0,0,0,0,0,0,0,0,0,0,0,0,0,1,469,0,0,0,0,0,0,0,0,0,1,0,0,0
0.469,0.523598775598299,0.569120098158055,-0.140135152927287,-0.000515526385472947,0.569120098158055,0.569120098158055,-0.0455213225597565,-0.0117826546904397,-0.0117826546904397,0,0,0,0,0,0,0,0,0,0,0,0,0,1,470,0,0,0,0,0,0,0,0,0,1,0,0,0
0.47,0.523598775598299,0.568979873861079,-0.140311884299851,-0.000498217944910973,0.568979873861079,0.568979873861079,-0.0453810982627801,-0.0117765155325169,-0.0117765155325169,0,0,0,0,0,0,0,0,0,0,0,0,0,1,471,0,0,0,0,0,0,0,0,0,1,0,0,0
0.471,0.523598775598299,0.568839477484554,-0.140479338427554,-0.00048119356825496,0.568839477484554,0.568839477484554,-0.0452407018862547,-0.0117699624319708,-0.0117699624319708,0,0,0,0,0,0,0,0,0,0,0,0,0,1,472,0,0,0,0,0,0,0,0,0,1,0,0,0
0.472,0.523598775598299,0.568698918227401,-0.140637671390153,-0.000464447091516866,0.568698918227401,0.568698918227401,-0.0451001426291018,-0.0117630007393363,-0.0117630007393363,0,0,0,0,0,0,0,0,0,0,0,0,0,1,473,0,0,0,0,0,0,0,0,0,1,0,0,0
0.473,0.523598775598299,0.568558205134147,-0.140787035909435,-0.000447972479826184,0.568558205134147,0.568558205134147,-0.0449594295358481,-0.0117556356958251,-0.0117556356958251,0,0,0,0,0,0,0,0,0,0,0,0,0,1,474,0,0,0,0,0,0,0,0,0,1,0,0,0
0.474,0.523598775598299,0.568417347098247,-0.140927581420507,-0.000431763827841421,0.568417347098247,0.568417347098247,-0.0448185714999478,-0.0117478724388528,-0.0117478724388528,0,0,0,0,0,0,0,0,0,0,0,0,0,1,475,0,0,0,0,0,0,0,0,0,1,0,0,0
0.475,0.523598775598299,0.568276352865333,-0.141059454143213,-0.000415815359946888,0.568276352865333,0.568276352865333,-0.0446775772670337,-0.0117397160073482,-0.0117397160073482,0,0,0,0,0,0,0,0,0,0,0,0,0,1,476,0,0,0,0,0,0,0,0,0,1,0,0,0
0.476,0.523598775598299,0.568135231036395,-0.141182797153533,-0.000400121430246096,0.568135231036395,0.568135231036395,-0.0445364554380966,-0.0117311713468481,-0.0117311713468481,0,0,0,0,0,0,0,0,0,0,0,0,0,1,477,0,0,0,0,0,0,0,0,0,1,0,0,0
0.477,0.523598775598299,0.567993990070892,-0.141297750454885,-0.000384676522362784,0.567993990070892,0.567993990070892,-0.0443952144725933,-0.0117222433143795,-0.0117222433143795,0,0,0,0,0,0,0,0,0,0,0,0,0,1,478,0,0,0,0,0,0,0,0,0,1,0,0,0
0.478,0.523598775598299,0.567852638289783,-0.141404451049218,-0.000369475249059207,0.567852638289783,0.567852638289783,-0.0442538626914843,-0.0117129366831377,-0.0117129366831377,0,0,0,0,0,0,0,0,0,0,0,0,0,1,479,0,0,0,0,0,0,0,0,0,1,0,0,0
0.479,0.523598775598299,0.567711183878498,-0.141503033007805,-0.000354512351683446,0.567711183878498,0.567711183878498,-0.044112408280199,-0.0117032561469586,-0.0117032561469586,0,0,0,0,0,0,0,0,0,0,0,0,0,1,480,0,0,0,0,0,0,0,0,0,1,0,0,0
0.48,0.523598775598299,0.56756963488983,-0.141593627541645,-0.00033978269945401,0.56756963488983,0.56756963488983,-0.0439708592915315,-0.011693206324596,-0.011693206324596,0,0,0,0,0,0,0,0,0,0,0,0,0,1,481,0,0,0,0,0,0,0,0,0,1,0,0,0
0.481,0.523598775598299,0.567427999246765,-0.141676363071392,-0.00032528128859307,0.567427999246765,0.567427999246765,-0.0438292236484663,-0.0116827917638033,-0.0116827917638033,0,0,0,0,0,0,0,0,0,0,0,0,0,1,482,0,0,0,0,0,0,0,0,0,1,0,0,0
0.482,0.523598775598299,0.567286284745232,-0.141751365296741,-0.000311003241317009,0.567286284745232,0.567286284745232,-0.0436875091469331,-0.0116720169452254,-0.0116720169452254,0,0,0,0,0,0,0,0,0,0,0,0,0,1,483,0,0,0,0,0,0,0,0,0,1,0,0,0
0.483,0.523598775598299,0.567144499056793,-0.141818757265176,-0.000296943804693278,0.567144499056793,0.567144499056793,-0.0435457234584937,-0.0116608862861068,-0.0116608862861068,0,0,0,0,0,0,0,0,0,0,0,0,0,1,484,0,0,0,0,0,0,0,0,0,1,0,0,0
0.484,0.523598775598299,0.567002649731259,-0.141878659440042,-0.000283098349372964,0.567002649731259,0.567002649731259,-0.0434038741329605,-0.0116494041438201,-0.0116494041438201,0,0,0,0,0,0,0,0,0,0,0,0,0,1,485,0,0,0,0,0,0,0,0,0,1,0,0,0
0.485,0.523598775598299,0.566860744199245,-0.141931189767847,-0.000269462368207906,0.566860744199245,0.566860744199245,-0.0432619686009462,-0.0116375748192165,-0.0116375748192165,0,0,0,0,0,0,0,0,0,0,0,0,0,1,486,0,0,0,0,0,0,0,0,0,1,0,0,0
0.486,0.523598775598299,0.566718789774647,-0.141976463744763,-0.000256031474759858,0.566718789774647,0.566718789774647,-0.0431200141763477,-0.0116254025598082,-0.0116254025598082,0,0,0,0,0,0,0,0,0,0,0,0,0,1,487,0,0,0,0,0,0,0,0,0,1,0,0,0
0.487,0.523598775598299,0.566576793657063,-0.142014594482245,-0.000242801401710826,0.566576793657063,0.566576793657063,-0.0429780180587638,-0.0116128915627844,-0.0116128915627844,0,0,0,0,0,0,0,0,0,0,0,0,0,1,488,0,0,0,0,0,0,0,0,0,1,0,0,0
0.488,0.523598775598299,0.566434762934146,-0.142045692771743,-0.000229767999182096,0.566434762934146,0.566434762934146,-0.0428359873358468,-0.0116000459778626,-0.0116000459778626,0,0,0,0,0,0,0,0,0,0,0,0,0,1,489,0,0,0,0,0,0,0,0,0,1,0,0,0
0.489,0.523598775598299,0.56629270458389,-0.14206986714844,-0.000216927232968825,0.56629270458389,0.56629270458389,-0.0426939289855913,-0.0115868699099881,-0.0115868699099881,0,0,0,0,0,0,0,0,0,0,0,0,0,1,490,0,0,0,0,0,0,0,0,0,1,0,0,0
0.49,0.523598775598299,0.566150625476857,-0.14208722395399,-0.000204275182698731,0.566150625476857,0.566150625476857,-0.0425518498785585,-0.0115733674218787,-0.0115733674218787,0,0,0,0,0,0,0,0,0,0,0,0,0,1,491,0,0,0,0,0,0,0,0,0,1,0,0,0
0.491,0.523598775598299,0.566008532378338,-0.142097867398204,-0.000191808039921043,0.566008532378338,0.566008532378338,-0.0424097567800389,-0.0115595425364219,-0.0115595425364219,0,0,0,0,0,0,0,0,0,0,0,0,0,1,492,0,0,0,0,0,0,0,0,0,1,0,0,0
0.492,0.523598775598299,0.565866431950453,-0.142101899619662,-0.000179522106132605,0.565866431950453,0.565866431950453,-0.042267656352154,-0.0115453992389327,-0.0115453992389327,0,0,0,0,0,0,0,0,0,0,0,0,0,1,493,0,0,0,0,0,0,0,0,0,1,0,0,0
0.493,0.523598775598299,0.565724330754196,-0.142099420745213,-0.000167413790748429,0.565724330754196,0.565724330754196,-0.0421255551558976,-0.0115309414792701,-0.0115309414792701,0,0,0,0,0,0,0,0,0,0,0,0,0,1,494,0,0,0,0,0,0,0,0,0,1,0,0,0
0.494,0.523598775598299,0.565582235251416,-0.142090528948336,-0.00015547960902164,0.565582235251416,0.565582235251416,-0.0419834596531177,-0.011516173173822,-0.011516173173822,0,0,0,0,0,0,0,0,0,0,0,0,0,1,495,0,0,0,0,0,0,0,0,0,1,0,0,0
0.495,0.523598775598299,0.565440151806741,-0.14207532050634,-0.000143716179919718,0.565440151806741,0.565440151806741,-0.041841376208442,-0.0115010982073629,-0.0115010982073629,0,0,0,0,0,0,0,0,0,0,0,0,0,1,496,0,0,0,0,0,0,0,0,0,1,0,0,0
0.496,0.523598775598299,0.565298086689444,-0.14205388985638,-0.000132120223962862,0.565298086689444,0.565298086689444,-0.0416993110911456,-0.0114857204347862,-0.0114857204347862,0,0,0,0,0,0,0,0,0,0,0,0,0,1,497,0,0,0,0,0,0,0,0,0,1,0,0,0
0.497,0.523598775598299,0.565156046075262,-0.142026329650275,-0.000120688561029684,0.565156046075262,0.565156046075262,-0.0415572704769632,-0.011470043682717,-0.011470043682717,0,0,0,0,0,0,0,0,0,0,0,0,0,1,498,0,0,0,0,0,0,0,0,0,1,0,0,0
0.498,0.523598775598299,0.565014036048147,-0.141992730808103,-0.000109418108135154,0.565014036048147,0.565014036048147,-0.0414152604498486,-0.0114540717510119,-0.0114540717510119,0,0,0,0,0,0,0,0,0,0,0,0,0,1,499,0,0,0,0,0,0,0,0,0,1,0,0,0
0.499,0.523598775598299,0.564872062601978,-0.141953182570578,-9.83058771869181e-05,0.564872062601978,0.564872062601978,-0.041273287003679,-0.0114378084141476,-0.0114378084141476,0,0,0,0,0,0,0,0,0,0,0,0,0,1,500,0,0,0,0,0,0,0,0,0,1,0,0,0
0.5,0.523598775598299,0.564730131642209,-0.141907772550179,-8.73489727237489e-05,0.564730131642209,0.564730131642209,-0.0411313560439097,-0.0114212574225018,-0.0114212574225018,0,0,0,0,0,0,0,0,0,0,0,0,0,1,501,0,0,0,0,0,0,0,0,0,1,0,0,0
0.501,0.523598775598299,0.564588248987475,-0.141856586781038,-7.65445896409676e-05,0.564588248987475,0.564588248987475,-0.0409894733891762,-0.0114044225035348,-0.0114044225035348,0,0,0,0,0,0,0,0,0,0,0,0,0,1,502,0,0,0,0,0,0,0,0,0,1,0,0,0
0.502,0.523598775598299,0.564446420371148,-0.14179970976758,-6.58900109073621e-05,0.564446420371148,0.564446420371148,-0.0408476447728492,-0.0113873073628734,-0.0113873073628734,0,0,0,0,0,0,0,0,0,0,0,0,0,1,503,0,0,0,0,0,0,0,0,0,1,0,0,0
0.503,0.523598775598299,0.564304651442839,-0.141737224531909,-5.53826052779077e-05,0.564304651442839,0.564304651442839,-0.0407058758445399,-0.0113699156853003,-0.0113699156853003,0,0,0,0,0,0,0,0,0,0,0,0,0,1,504,0,0,0,0,0,0,0,0,0,1,0,0,0
0.504,0.523598775598299,0.564162947769858,-0.141669212659934,-4.50198250058465e-05,0.564162947769858,0.564162947769858,-0.0405641721715593,-0.0113522511356553,-0.0113522511356553,0,0,0,0,0,0,0,0,0,0,0,0,0,1,505,0,0,0,0,0,0,0,0,0,1,0,0,0
0.505,0.523598775598299,0.56402131483863,-0.141595754346255,-3.47992035577291e-05,0.56402131483863,0.56402131483863,-0.0404225392403316,-0.0113343173596498,-0.0113343173596498,0,0,0,0,0,0,0,0,0,0,0,0,0,1,506,0,0,0,0,0,0,0,0,0,1,0,0,0
0.506,0.523598775598299,0.563879758056063,-0.141516928437795,-2.47183533351207e-05,0.563879758056063,0.563879758056063,-0.0402809824577641,-0.0113161179846039,-0.0113161179846039,0,0,0,0,0,0,0,0,0,0,0,0,0,1,507,0,0,0,0,0,0,0,0,0,1,0,0,0
0.507,0.523598775598299,0.563738282750872,-0.141432812476188,-1.47749634067966e-05,0.563738282750872,0.563738282750872,-0.0401395071525734,-0.0112976566201014,-0.0112976566201014,0,0,0,0,0,0,0,0,0,0,0,0,0,1,508,0,0,0,0,0,0,0,0,0,1,0,0,0
0.508,0.523598775598299,0.563596894174868,-0.141343482738935,-4.96679725356516e-06,0.563596894174868,0.563596894174868,-0.0399981185765697,-0.0112789368585742,-0.0112789368585742,0,0,0,0,0,0,0,0,0,0,0,0,0,1,509,0,0,0,0,0,0,0,0,0,1,0,0,0
0.509,0.523598775598299,0.5634555975042,-0.141249014279329,4.70830947091935e-06,0.5634555975042,0.5634555975042,-0.039856821905901,-0.0112599622758162,-0.0112599622758162,0,0,0,0,0,0,0,0,0,0,0,0,0,1,510,0,0,0,0,0,0,0,0,0,1,0,0,0
0.51,0.523598775598299,0.563314397840557,-0.141149480965172,1.4252451160338e-05,0.563314397840557,0.563314397840557,-0.0397156222422581,-0.0112407364314299,-0.0112407364314299,0,0,0,0,0,0,0,0,0,0,0,0,0,1,511,0,0,0,0,0,0,0,0,0,1,0,0,0
0.511,0.523598775598299,0.56317330021234,-0.141044955516274,2.36676544549713e-05,0.56317330021234,0.56317330021234,-0.039574524614041,-0.0112212628692117,-0.0112212628692117,0,0,0,0,0,0,0,0,0,0,0,0,0,1,512,0,0,0,0,0,0,0,0,0,1,0,0,0
0.512,0.523598775598299,0.563032309575788,-0.140935509540771,3.29558804168482e-05,0.563032309575788,0.563032309575788,-0.0394335339774888,-0.0112015451174775,-0.0112015451174775,0,0,0,0,0,0,0,0,0,0,0,0,0,1,513,0,0,0,0,0,0,0,0,0,1,0,0,0
0.513,0.523598775598299,0.562891430816073,-0.140821213570256,4.21190266791157e-05,0.562891430816073,0.562891430816073,-0.0392926552177737,-0.0111815866893305,-0.0111815866893305,0,0,0,0,0,0,0,0,0,0,0,0,0,1,514,0,0,0,0,0,0,0,0,0,1,0,0,0
0.514,0.523598775598299,0.562750668748359,-0.140702137093758,5.1158929567756e-05,0.562750668748359,0.562750668748359,-0.0391518931500598,-0.0111613910828776,-0.0111613910828776,0,0,0,0,0,0,0,0,0,0,0,0,0,1,515,0,0,0,0,0,0,0,0,0,1,0,0,0
0.515,0.523598775598299,0.562610028118829,-0.140578348590561,6.00773661934896e-05,0.562610028118829,0.562610028118829,-0.0390112525205306,-0.0111409617813976,-0.0111409617813976,0,0,0,0,0,0,0,0,0,0,0,0,0,1,516,0,0,0,0,0,0,0,0,0,1,0,0,0
0.516,0.523598775598299,0.56246951360568,-0.140449915561903,6.88760565112734e-05,0.56246951360568,0.56246951360568,-0.0388707380073813,-0.0111203022534592,-0.0111203022534592,0,0,0,0,0,0,0,0,0,0,0,0,0,1,517,0,0,0,0,0,0,0,0,0,1,0,0,0
0.517,0.523598775598299,0.562329129820081,-0.140316904561558,7.75566653477e-05,0.562329129820081,0.562329129820081,-0.0387303542217822,-0.011099415952998,-0.011099415952998,0,0,0,0,0,0,0,0,0,0,0,0,0,1,518,0,0,0,0,0,0,0,0,0,1,0,0,0
0.518,0.523598775598299,0.56218888130711,-0.140179381225333,8.61208043931362e-05,0.56218888130711,0.56218888130711,-0.0385901057088115,-0.0110783063193522,-0.0110783063193522,0,0,0,0,0,0,0,0,0,0,0,0,0,1,519,0,0,0,0,0,0,0,0,0,1,0,0,0
0.519,0.523598775598299,0.562048772546657,-0.14003741029948,9.4570034157835e-05,0.562048772546657,0.562048772546657,-0.0384499969483584,-0.0110569767772588,-0.0110569767772588,0,0,0,0,0,0,0,0,0,0,0,0,0,1,520,0,0,0,0,0,0,0,0,0,1,0,0,0
0.52,0.523598775598299,0.561908807954298,-0.139891055668067,0.000102905865891429,0.561908807954298,0.561908807954298,-0.0383100323559992,-0.0110354307368163,-0.0110354307368163,0,0,0,0,0,0,0,0,0,0,0,0,0,1,521,0,0,0,0,0,0,0,0,0,1,0,0,0
0.521,0.523598775598299,0.561768991882145,-0.13974038037931,0.000111129763463701,0.561768991882145,0.561768991882145,-0.0381702162838464,-0.0110136715934144,-0.0110136715934144,0,0,0,0,0,0,0,0,0,0,0,0,0,1,522,0,0,0,0,0,0,0,0,0,1,0,0,0
0.522,0.523598775598299,0.56162932861967,-0.139585446670898,0.000119243145206173,0.56162932861967,0.56162932861967,-0.0380305530213716,-0.0109917027276313,-0.0109917027276313,0,0,0,0,0,0,0,0,0,0,0,0,0,1,523,0,0,0,0,0,0,0,0,0,1,0,0,0
0.523,0.523598775598299,0.561489822394502,-0.139426315994325,0.000127247385714139,0.561489822394502,0.561489822394502,-0.0378910467962036,-0.0109695275051056,-0.0109695275051056,0,0,0,0,0,0,0,0,0,0,0,0,0,1,524,0,0,0,0,0,0,0,0,0,1,0,0,0
0.524,0.523598775598299,0.561350477373202,-0.139263049038261,0.000135143817607662,0.561350477373202,0.561350477373202,-0.0377517017749032,-0.0109471492763813,-0.0109471492763813,0,0,0,0,0,0,0,0,0,0,0,0,0,1,525,0,0,0,0,0,0,0,0,0,1,0,0,0
0.525,0.523598775598299,0.561211297662013,-0.139095705750978,0.00014293373325129,0.561211297662013,0.561211297662013,-0.0376125220637145,-0.01092457137673,-0.01092457137673,0,0,0,0,0,0,0,0,0,0,0,0,0,1,526,0,0,0,0,0,0,0,0,0,1,0,0,0
0.526,0.523598775598299,0.561072287307593,-0.138924345361848,0.000150618386432021,0.561072287307593,0.561072287307593,-0.0374735117092946,-0.0109017971259518,-0.0109017971259518,0,0,0,0,0,0,0,0,0,0,0,0,0,1,527,0,0,0,0,0,0,0,0,0,1,0,0,0
0.527,0.523598775598299,0.560933450297721,-0.138749026401952,0.000158198993994919,0.560933450297721,0.560933450297721,-0.037334674699422,-0.010878829828156,-0.010878829828156,0,0,0,0,0,0,0,0,0,0,0,0,0,1,528,0,0,0,0,0,0,0,0,0,1,0,0,0
0.528,0.523598775598299,0.560794790561984,-0.138569806723812,0.0001656767374364,0.560794790561984,0.560794790561984,-0.0371960149636849,-0.0108556727715262,-0.0108556727715262,0,0,0,0,0,0,0,0,0,0,0,0,0,1,529,0,0,0,0,0,0,0,0,0,1,0,0,0
0.529,0.523598775598299,0.560656311972449,-0.138386743520264,0.000173052764454581,0.560656311972449,0.560656311972449,-0.0370575363741504,-0.0108323292280701,-0.0108323292280701,0,0,0,0,0,0,0,0,0,0,0,0,0,1,530,0,0,0,0,0,0,0,0,0,1,0,0,0
0.53,0.523598775598299,0.560518018344314,-0.138199893342516,0.000180328190456509,0.560518018344314,0.560518018344314,-0.0369192427460153,-0.0108088024533541,-0.0108088024533541,0,0,0,0,0,0,0,0,0,0,0,0,0,1,531,0,0,0,0,0,0,0,0,0,1,0,0,0
0.531,0.523598775598299,0.560379913436537,-0.138009312117392,0.000187504100022628,0.560379913436537,0.560379913436537,-0.0367811378382387,-0.0107850956862283,-0.0107850956862283,0,0,0,0,0,0,0,0,0,0,0,0,0,1,532,0,0,0,0,0,0,0,0,0,1,0,0,0
0.532,0.523598775598299,0.560242000952457,-0.137815055163793,0.000194581548328038,0.560242000952457,0.560242000952457,-0.0366432253541578,-0.0107612121485389,-0.0107612121485389,0,0,0,0,0,0,0,0,0,0,0,0,0,1,533,0,0,0,0,0,0,0,0,0,1,0,0,0
0.533,0.523598775598299,0.560104284540388,-0.137617177208415,0.000201561562521291,0.560104284540388,0.560104284540388,-0.0365055089420888,-0.0107371550448356,-0.0107371550448356,0,0,0,0,0,0,0,0,0,0,0,0,0,1,534,0,0,0,0,0,0,0,0,0,1,0,0,0
0.534,0.523598775598299,0.55996676779421,-0.137415732400713,0.000208445143059574,0.55996676779421,0.55996676779421,-0.0363679921959108,-0.0107129275620675,-0.0107129275620675,0,0,0,0,0,0,0,0,0,0,0,0,0,1,535,0,0,0,0,0,0,0,0,0,1,0,0,0
0.535,0.523598775598299,0.559829454253935,-0.137210774327171,0.000215233265002274,0.559829454253935,0.559829454253935,-0.0362306786556361,-0.0106885328692778,-0.0106885328692778,0,0,0,0,0,0,0,0,0,0,0,0,0,1,536,0,0,0,0,0,0,0,0,0,1,0,0,0
0.536,0.523598775598299,0.559692347406265,-0.137002356024873,0.000221926879261429,0.559692347406265,0.559692347406265,-0.0360935718079662,-0.0106639741172908,-0.0106639741172908,0,0,0,0,0,0,0,0,0,0,0,0,0,1,537,0,0,0,0,0,0,0,0,0,1,0,0,0
0.537,0.523598775598299,0.559555450685134,-0.136790529994419,0.000228526913810786,0.559555450685134,0.559555450685134,-0.0359566750868351,-0.0106392544383986,-0.0106392544383986,0,0,0,0,0,0,0,0,0,0,0,0,0,1,538,0,0,0,0,0,0,0,0,0,1,0,0,0
0.538,0.523598775598299,0.559418767472238,-0.136575348212187,0.000235034274852698,0.559418767472238,0.559418767472238,-0.035819991873939,-0.0106143769460437,-0.0106143769460437,0,0,0,0,0,0,0,0,0,0,0,0,0,1,539,0,0,0,0,0,0,0,0,0,1,0,0,0
0.539,0.523598775598299,0.559282301097554,-0.136356862141987,0.000241449847944201,0.559282301097554,0.559282301097554,-0.0356835254992554,-0.010589344734503,-0.010589344734503,0,0,0,0,0,0,0,0,0,0,0,0,0,1,540,0,0,0,0,0,0,0,0,0,1,0,0,0
0.54,0.523598775598299,0.559146054839848,-0.136135122746112,0.000247774499082186,0.559146054839848,0.559146054839848,-0.035547279241549,-0.0105641608785701,-0.0105641608785701,0,0,0,0,0,0,0,0,0,0,0,0,0,1,541,0,0,0,0,0,0,0,0,0,1,0,0,0
0.541,0.523598775598299,0.559010031927168,-0.135910180495815,0.000254009075748639,0.559010031927168,0.559010031927168,-0.0354112563288693,-0.0105388284332418,-0.0105388284332418,0,0,0,0,0,0,0,0,0,0,0,0,0,1,542,0,0,0,0,0,0,0,0,0,1,0,0,0
0.542,0.523598775598299,0.558874235537334,-0.135682085381231,0.000260154407915651,0.558874235537334,0.558874235537334,-0.0352754599390352,-0.010513350433403,-0.010513350433403,0,0,0,0,0,0,0,0,0,0,0,0,0,1,543,0,0,0,0,0,0,0,0,0,1,0,0,0
0.543,0.523598775598299,0.558738668798412,-0.135450886920768,0.000266211309012255,0.558738668798412,0.558738668798412,-0.0351398932001128,-0.0104877298935204,-0.0104877298935204,0,0,0,0,0,0,0,0,0,0,0,0,0,1,544,0,0,0,0,0,0,0,0,0,1,0,0,0
0.544,0.523598775598299,0.55860333478918,-0.135216634169989,0.000272180576851588,0.55860333478918,0.55860333478918,-0.0350045591908812,-0.0104619698073345,-0.0104619698073345,0,0,0,0,0,0,0,0,0,0,0,0,0,1,545,0,0,0,0,0,0,0,0,0,1,0,0,0
0.545,0.523598775598299,0.558468236539591,-0.134979375730002,0.000278062994521441,0.558468236539591,0.558468236539591,-0.0348694609412924,-0.0104360731475613,-0.0104360731475613,0,0,0,0,0,0,0,0,0,0,0,0,0,1,546,0,0,0,0,0,0,0,0,0,1,0,0,0
0.546,0.523598775598299,0.55833337703122,-0.134739159755377,0.000283859331236713,0.55833337703122,0.55833337703122,-0.0347346014329212,-0.0104100428655968,-0.0104100428655968,0,0,0,0,0,0,0,0,0,0,0,0,0,1,547,0,0,0,0,0,0,0,0,0,1,0,0,0
0.547,0.523598775598299,0.558198759197706,-0.134496033961616,0.000289570343155868,0.558198759197706,0.558198759197706,-0.0345999835994076,-0.0103838818912278,-0.0103838818912278,0,0,0,0,0,0,0,0,0,0,0,0,0,1,548,0,0,0,0,0,0,0,0,0,1,0,0,0
0.548,0.523598775598299,0.558064385925192,-0.134250045632194,0.000295196774161901,0.558064385925192,0.558064385925192,-0.034465610326893,-0.0103575931323513,-0.0103575931323513,0,0,0,0,0,0,0,0,0,0,0,0,0,1,549,0,0,0,0,0,0,0,0,0,1,0,0,0
0.549,0.523598775598299,0.557930260052747,-0.134001241625185,0.000300739356607965,0.557930260052747,0.557930260052747,-0.0343314844544484,-0.0103311794747006,-0.0103311794747006,0,0,0,0,0,0,0,0,0,0,0,0,0,1,550,0,0,0,0,0,0,0,0,0,1,0,0,0
0.55,0.523598775598299,0.557796384372796,-0.133749668379498,0.000306198812028701,0.557796384372796,0.557796384372796,-0.0341976087744968,-0.0103046437815778,-0.0103046437815778,0,0,0,0,0,0,0,0,0,0,0,0,0,1,551,0,0,0,0,0,0,0,0,0,1,0,0,0
0.551,0.523598775598299,0.557662761631529,-0.133495371920733,0.000311575851818663,0.557662761631529,0.557662761631529,-0.0340639860332297,-0.0102779888935984,-0.0102779888935984,0,0,0,0,0,0,0,0,0,0,0,0,0,1,552,0,0,0,0,0,0,0,0,0,1,0,0,0
0.552,0.523598775598299,0.557529394529316,-0.133238397866692,0.000316871177877331,0.557529394529316,0.557529394529316,-0.0339306189310169,-0.0102512176284407,-0.0102512176284407,0,0,0,0,0,0,0,0,0,0,0,0,0,1,553,0,0,0,0,0,0,0,0,0,1,0,0,0
0.553,0.523598775598299,0.557396285721111,-0.132978791432536,0.000322085483223036,0.557396285721111,0.557396285721111,-0.0337975101228126,-0.0102243327806072,-0.0102243327806072,0,0,0,0,0,0,0,0,0,0,0,0,0,1,554,0,0,0,0,0,0,0,0,0,1,0,0,0
0.554,0.523598775598299,0.557263437816854,-0.132716597435635,0.000327219452575256,0.557263437816854,0.557263437816854,-0.0336646622185548,-0.0101973371211943,-0.0101973371211943,0,0,0,0,0,0,0,0,0,0,0,0,0,1,555,0,0,0,0,0,0,0,0,0,1,0,0,0
0.555,0.523598775598299,0.55713085338186,-0.1324518603001,0.000332273762907262,0.55713085338186,0.55713085338186,-0.0335320777835612,-0.0101702333976725,-0.0101702333976725,0,0,0,0,0,0,0,0,0,0,0,0,0,1,556,0,0,0,0,0,0,0,0,0,1,0,0,0
0.556,0.523598775598299,0.556998534937219,-0.13218462406103,0.000337249083968871,0.556998534937219,0.556998534937219,-0.0333997593389203,-0.0101430243336776,-0.0101430243336776,0,0,0,0,0,0,0,0,0,0,0,0,0,1,557,0,0,0,0,0,0,0,0,0,1,0,0,0
0.557,0.523598775598299,0.556866484960177,-0.131914932368491,0.000342146078780723,0.556866484960177,0.556866484960177,-0.0332677093618784,-0.0101157126288102,-0.0101157126288102,0,0,0,0,0,0,0,0,0,0,0,0,0,1,558,0,0,0,0,0,0,0,0,0,1,0,0,0
0.558,0.523598775598299,0.556734705884521,-0.131642828491226,0.000346965404100974,0.556734705884521,0.556734705884521,-0.0331359302862224,-0.0100883009584467,-0.0100883009584467,0,0,0,0,0,0,0,0,0,0,0,0,0,1,559,0,0,0,0,0,0,0,0,0,1,0,0,0
0.559,0.523598775598299,0.556603200100959,-0.131368355320128,0.000351707710865329,0.556603200100959,0.556603200100959,-0.0330044245026602,-0.0100607919735636,-0.0100607919735636,0,0,0,0,0,0,0,0,0,0,0,0,0,1,560,0,0,0,0,0,0,0,0,0,1,0,0,0
0.56,0.523598775598299,0.556471969957495,-0.131091555371485,0.000356373644600125,0.556471969957495,0.556471969957495,-0.0328731943591958,-0.0100331883005683,-0.0100331883005683,0,0,0,0,0,0,0,0,0,0,0,0,0,1,561,0,0,0,0,0,0,0,0,0,1,0,0,0
0.561,0.523598775598299,0.556341017759802,-0.130812470789998,0.000360963845811154,0.556341017759802,0.556341017759802,-0.0327422421615033,-0.0100054925411442,-0.0100054925411442,0,0,0,0,0,0,0,0,0,0,0,0,0,1,562,0,0,0,0,0,0,0,0,0,1,0,0,0
0.562,0.523598775598299,0.556210345771595,-0.130531143351616,0.000365478950347403,0.556210345771595,0.556210345771595,-0.0326115701732966,-0.00997770727210552,-0.00997770727210552,0,0,0,0,0,0,0,0,0,0,0,0,0,1,563,0,0,0,0,0,0,0,0,0,1,0,0,0
0.563,0.523598775598299,0.556079956214996,-0.130247614466158,0.000369919589741626,0.556079956214996,0.556079956214996,-0.032481180616697,-0.00994983504526431,-0.00994983504526431,0,0,0,0,0,0,0,0,0,0,0,0,0,1,564,0,0,0,0,0,0,0,0,0,1,0,0,0
0.564,0.523598775598299,0.555949851270897,-0.12996192517978,0.000374286391527621,0.555949851270897,0.555949851270897,-0.0323510756725979,-0.00992187838730703,-0.00992187838730703,0,0,0,0,0,0,0,0,0,0,0,0,0,1,565,0,0,0,0,0,0,0,0,0,1,0,0,0
0.565,0.523598775598299,0.555820033079326,-0.129674116177263,0.000378579979536043,0.555820033079326,0.555820033079326,-0.0322212574810274,-0.00989383979968421,-0.00989383979968421,0,0,0,0,0,0,0,0,0,0,0,0,0,1,566,0,0,0,0,0,0,0,0,0,1,0,0,0
0.566,0.523598775598299,0.555690503739808,-0.129384227784153,0.0003828009741686,0.555690503739808,0.555690503739808,-0.032091728141509,-0.00986572175850969,-0.00986572175850969,0,0,0,0,0,0,0,0,0,0,0,0,0,1,567,0,0,0,0,0,0,0,0,0,1,0,0,0
0.567,0.523598775598299,0.555561265311718,-0.12909229996876,0.000386949992652144,0.555561265311718,0.555561265311718,-0.0319624897134188,-0.00983752671447154,-0.00983752671447154,0,0,0,0,0,0,0,0,0,0,0,0,0,1,568,0,0,0,0,0,0,0,0,0,1,0,0,0
0.568,0.523598775598299,0.555432319814642,-0.128798372344019,0.000391027649273118,0.555432319814642,0.555432319814642,-0.0318335442163428,-0.00980925709275447,-0.00980925709275447,0,0,0,0,0,0,0,0,0,0,0,0,0,1,569,0,0,0,0,0,0,0,0,0,1,0,0,0
0.569,0.523598775598299,0.55530366922873,-0.128502484169241,0.000395034555593019,0.55530366922873,0.55530366922873,-0.0317048936304311,-0.00978091529297294,-0.00978091529297294,0,0,0,0,0,0,0,0,0,0,0,0,0,1,570,0,0,0,0,0,0,0,0,0,1,0,0,0
0.57,0.523598775598299,0.555175315495049,-0.128204674351744,0.000398971320645791,0.555175315495049,0.555175315495049,-0.0315765398967504,-0.0097525036891145,-0.0097525036891145,0,0,0,0,0,0,0,0,0,0,0,0,0,1,571,0,0,0,0,0,0,0,0,0,1,0,0,0
0.571,0.523598775598299,0.555047260515934,-0.127904981448385,0.000402838551118066,0.555047260515934,0.555047260515934,-0.0314484849176356,-0.00972402462949519,-0.00972402462949519,0,0,0,0,0,0,0,0,0,0,0,0,0,1,572,0,0,0,0,0,0,0,0,0,1,0,0,0
0.572,0.523598775598299,0.554919506155338,-0.127603443667002,0.000406636851512528,0.554919506155338,0.554919506155338,-0.0313207305570394,-0.00969548043672386,-0.00969548043672386,0,0,0,0,0,0,0,0,0,0,0,0,0,1,573,0,0,0,0,0,0,0,0,0,1,0,0,0
0.573,0.523598775598299,0.554792054239179,-0.127300098867768,0.000410366824295774,0.554792054239179,0.554792054239179,-0.0311932786408805,-0.00966687340767856,-0.00966687340767856,0,0,0,0,0,0,0,0,0,0,0,0,0,1,574,0,0,0,0,0,0,0,0,0,1,0,0,0
0.574,0.523598775598299,0.554664906555689,-0.126994984564474,0.000414029070030715,0.554664906555689,0.554664906555689,-0.0310661309573906,-0.00963820581349221,-0.00963820581349221,0,0,0,0,0,0,0,0,0,0,0,0,0,1,575,0,0,0,0,0,0,0,0,0,1,0,0,0
0.575,0.523598775598299,0.554538064855759,-0.126688137925741,0.000417624187494683,0.554538064855759,0.554538064855759,-0.0309392892574606,-0.00960947989954918,-0.00960947989954918,0,0,0,0,0,0,0,0,0,0,0,0,0,1,576,0,0,0,0,0,0,0,0,0,1,0,0,0
0.576,0.523598775598299,0.554411530853283,-0.126379595776175,0.000421152773783594,0.554411530853283,0.554411530853283,-0.0308127552549845,-0.00958069788549087,-0.00958069788549087,0,0,0,0,0,0,0,0,0,0,0,0,0,1,577,0,0,0,0,0,0,0,0,0,1,0,0,0
0.577,0.523598775598299,0.554285306225503,-0.126069394597466,0.000424615424403208,0.554285306225503,0.554285306225503,-0.0306865306272037,-0.00955186196523271,-0.00955186196523271,0,0,0,0,0,0,0,0,0,0,0,0,0,1,578,0,0,0,0,0,0,0,0,0,1,0,0,0
0.578,0.523598775598299,0.554159392613347,-0.125757570529447,0.000428012733347564,0.554159392613347,0.554159392613347,-0.0305606170150486,-0.00952297430698808,-0.00952297430698808,0,0,0,0,0,0,0,0,0,0,0,0,0,1,579,0,0,0,0,0,0,0,0,0,1,0,0,0
0.579,0.523598775598299,0.554033791621779,-0.125444159371106,0.000431345293166145,0.554033791621779,0.554033791621779,-0.0304350160234806,-0.0094940370533048,-0.0094940370533048,0,0,0,0,0,0,0,0,0,0,0,0,0,1,580,0,0,0,0,0,0,0,0,0,1,0,0,0
0.58,0.523598775598299,0.55390850482013,-0.125129196581569,0.000434613695019224,0.55390850482013,0.55390850482013,-0.0303097292218316,-0.00946505232110685,-0.00946505232110685,0,0,0,0,0,0,0,0,0,0,0,0,0,1,581,0,0,0,0,0,0,0,0,0,1,0,0,0
0.581,0.523598775598299,0.553783533742443,-0.12481271728106,0.000437818528723446,0.553783533742443,0.553783533742443,-0.0301847581441445,-0.00943602220175009,-0.00943602220175009,0,0,0,0,0,0,0,0,0,0,0,0,0,1,582,0,0,0,0,0,0,0,0,0,1,0,0,0
0.582,0.523598775598299,0.553658879887809,-0.124494756251828,0.000440960382786285,0.553658879887809,0.553658879887809,-0.0300601042895103,-0.00940694876108086,-0.00940694876108086,0,0,0,0,0,0,0,0,0,0,0,0,0,1,583,0,0,0,0,0,0,0,0,0,1,0,0,0
0.583,0.523598775598299,0.553534544720706,-0.12417534793907,0.000444039844432255,0.553534544720706,0.553534544720706,-0.0299357691224073,-0.00937783403950855,-0.00937783403950855,0,0,0,0,0,0,0,0,0,0,0,0,0,1,584,0,0,0,0,0,0,0,0,0,1,0,0,0
0.584,0.523598775598299,0.553410529671335,-0.123854526451831,0.000447057499619206,0.553410529671335,0.553410529671335,-0.0298117540730359,-0.00934868005208206,-0.00934868005208206,0,0,0,0,0,0,0,0,0,0,0,0,0,1,585,0,0,0,0,0,0,0,0,0,1,0,0,0
0.585,0.523598775598299,0.553286836135955,-0.123532325563908,0.000450013933047008,0.553286836135955,0.553286836135955,-0.0296880605376558,-0.00931948878857651,-0.00931948878857651,0,0,0,0,0,0,0,0,0,0,0,0,0,1,586,0,0,0,0,0,0,0,0,0,1,0,0,0
0.586,0.523598775598299,0.553163465477219,-0.123208778714738,0.000452909728158163,0.553163465477219,0.553163465477219,-0.0295646898789197,-0.00929026221358666,-0.00929026221358666,0,0,0,0,0,0,0,0,0,0,0,0,0,1,587,0,0,0,0,0,0,0,0,0,1,0,0,0
0.587,0.523598775598299,0.553040419024507,-0.122883919010302,0.000455745467131269,0.553040419024507,0.553040419024507,-0.0294416434262079,-0.00926100226662914,-0.00926100226662914,0,0,0,0,0,0,0,0,0,0,0,0,0,1,588,0,0,0,0,0,0,0,0,0,1,0,0,0
0.588,0.523598775598299,0.55291769807426,-0.122557779224019,0.000458521730867322,0.55291769807426,0.55291769807426,-0.0293189224759614,-0.00923171086225046,-0.00923171086225046,0,0,0,0,0,0,0,0,0,0,0,0,0,1,589,0,0,0,0,0,0,0,0,0,1,0,0,0
0.589,0.523598775598299,0.552795303890312,-0.122230391797663,0.00046123909896997,0.552795303890312,0.552795303890312,-0.0291965282920128,-0.00920238989014079,-0.00920238989014079,0,0,0,0,0,0,0,0,0,0,0,0,0,1,590,0,0,0,0,0,0,0,0,0,1,0,0,0
0.59,0.523598775598299,0.552673237704218,-0.121901788842277,0.00046389814972039,0.552673237704218,0.552673237704218,-0.0290744621059191,-0.00917304121525846,-0.00917304121525846,0,0,0,0,0,0,0,0,0,0,0,0,0,1,591,0,0,0,0,0,0,0,0,0,1,0,0,0
0.591,0.523598775598299,0.55255150071559,-0.121572002139115,0.000466499460045827,0.55255150071559,0.55255150071559,-0.0289527251172911,-0.0091436666779573,-0.0091436666779573,0,0,0,0,0,0,0,0,0,0,0,0,0,1,592,0,0,0,0,0,0,0,0,0,1,0,0,0
0.592,0.523598775598299,0.552430094092421,-0.121241063140592,0.000469043605483673,0.552430094092421,0.552430094092421,-0.0288313184941227,-0.00911426809412152,-0.00911426809412152,0,0,0,0,0,0,0,0,0,0,0,0,0,1,593,0,0,0,0,0,0,0,0,0,1,0,0,0
0.593,0.523598775598299,0.552309018971418,-0.120909002971257,0.00047153116014089,0.552309018971418,0.552309018971418,-0.0287102433731194,-0.00908484725530591,-0.00908484725530591,0,0,0,0,0,0,0,0,0,0,0,0,0,1,594,0,0,0,0,0,0,0,0,0,1,0,0,0
0.594,0.523598775598299,0.552188276458325,-0.120575852428792,0.000473962696649414,0.552188276458325,0.552188276458325,-0.0285895008600259,-0.00905540592888246,-0.00905540592888246,0,0,0,0,0,0,0,0,0,0,0,0,0,1,595,0,0,0,0,0,0,0,0,0,1,0,0,0
0.595,0.523598775598299,0.552067867628251,-0.120241641985027,0.000476338786117574,0.552067867628251,0.552067867628251,-0.028469092029952,-0.00902594585819237,-0.00902594585819237,0,0,0,0,0,0,0,0,0,0,0,0,0,1,596,0,0,0,0,0,0,0,0,0,1,0,0,0
0.596,0.523598775598299,0.551947793525997,-0.119906401786987,0.000478659998078047,0.551947793525997,0.551947793525997,-0.0283490179276982,-0.0089964687627019,-0.0089964687627019,0,0,0,0,0,0,0,0,0,0,0,0,0,1,597,0,0,0,0,0,0,0,0,0,1,0,0,0
0.597,0.523598775598299,0.551828055166379,-0.11957016165797,0.000480926900433081,0.551828055166379,0.551828055166379,-0.0282292795680801,-0.00896697633816504,-0.00896697633816504,0,0,0,0,0,0,0,0,0,0,0,0,0,1,598,0,0,0,0,0,0,0,0,0,1,0,0,0
0.598,0.523598775598299,0.55170865353455,-0.119232951098645,0.000483140059396619,0.55170865353455,0.55170865353455,-0.0281098779362511,-0.00893747025678876,-0.00893747025678876,0,0,0,0,0,0,0,0,0,0,0,0,0,1,599,0,0,0,0,0,0,0,0,0,1,0,0,0
0.599,0.523598775598299,0.551589589586324,-0.118894799288189,0.000485300039434455,0.551589589586324,0.551589589586324,-0.0279908139880252,-0.0089079521674055,-0.0089079521674055,0,0,0,0,0,0,0,0,0,0,0,0,0,1,600,0,0,0,0,0,0,0,0,0,1,0,0,0
0.6,0.523598775598299,0.551470864248496,-0.118555735085451,0.000487407403201655,0.551470864248496,0.551470864248496,-0.0278720886501971,-0.00887842369564629,-0.00887842369564629,0,0,0,0,0,0,0,0,0,0,0,0,0,1,601,0,0,0,0,0,0,0,0,0,1,0,0,0
0.601,0.523598775598299,0.551352478419161,-0.118215787030152,0.000489462711478923,0.551352478419161,0.551352478419161,-0.0277537028208625,-0.00884888644412071,-0.00884888644412071,0,0,0,0,0,0,0,0,0,0,0,0,0,1,602,0,0,0,0,0,0,0,0,0,1,0,0,0
0.602,0.523598775598299,0.551234432968035,-0.117874983344119,0.000491466523106977,0.551234432968035,0.551234432968035,-0.0276356573697366,-0.00881934199259936,-0.00881934199259936,0,0,0,0,0,0,0,0,0,0,0,0,0,1,603,0,0,0,0,0,0,0,0,0,1,0,0,0
0.603,0.523598775598299,0.55111672873677,-0.117533351932549,0.000493419394919796,0.55111672873677,0.55111672873677,-0.0275179531384708,-0.00878979189819928,-0.00878979189819928,0,0,0,0,0,0,0,0,0,0,0,0,0,1,604,0,0,0,0,0,0,0,0,0,1,0,0,0
0.604,0.523598775598299,0.550999366539268,-0.117190920385315,0.000495321881677062,0.550999366539268,0.550999366539268,-0.0274005909409692,-0.00876023769557358,-0.00876023769557358,0,0,0,0,0,0,0,0,0,0,0,0,0,1,605,0,0,0,0,0,0,0,0,0,1,0,0,0
0.605,0.523598775598299,0.550882347162002,-0.1168477159783,0.000497174535995736,0.550882347162002,0.550882347162002,-0.0272835715637035,-0.00873068089710481,-0.00873068089710481,0,0,0,0,0,0,0,0,0,0,0,0,0,1,606,0,0,0,0,0,0,0,0,0,1,0,0,0
0.606,0.523598775598299,0.550765671364324,-0.116503765674772,0.000498977908280728,0.550765671364324,0.550765671364324,-0.0271668957660256,-0.00870112299309835,-0.00870112299309835,0,0,0,0,0,0,0,0,0,0,0,0,0,1,607,0,0,0,0,0,0,0,0,0,1,0,0,0
0.607,0.523598775598299,0.550649339878779,-0.116159096126796,0.000500732546656014,0.550649339878779,0.550649339878779,-0.0270505642804797,-0.00867156545198043,-0.00867156545198043,0,0,0,0,0,0,0,0,0,0,0,0,0,1,608,0,0,0,0,0,0,0,0,0,1,0,0,0
0.608,0.523598775598299,0.550533353411412,-0.115813733676674,0.000502438996895372,0.550533353411412,0.550533353411412,-0.0269345778131134,-0.00864200972049965,-0.00864200972049965,0,0,0,0,0,0,0,0,0,0,0,0,0,1,609,0,0,0,0,0,0,0,0,0,1,0,0,0
0.609,0.523598775598299,0.550417712642085,-0.115467704358432,0.000504097802352776,0.550417712642085,0.550417712642085,-0.0268189370437859,-0.00861245722392749,-0.00861245722392749,0,0,0,0,0,0,0,0,0,0,0,0,0,1,610,0,0,0,0,0,0,0,0,0,1,0,0,0
0.61,0.523598775598299,0.550302418224775,-0.115121033899335,0.000505709503893746,0.550302418224775,0.550302418224775,-0.0267036426264761,-0.00858290936626314,-0.00858290936626314,0,0,0,0,0,0,0,0,0,0,0,0,0,1,611,0,0,0,0,0,0,0,0,0,1,0,0,0
0.611,0.523598775598299,0.550187470787887,-0.114773747721439,0.000507274639826867,0.550187470787887,0.550187470787887,-0.0265886951895883,-0.00855336753044009,-0.00855336753044009,0,0,0,0,0,0,0,0,0,0,0,0,0,1,612,0,0,0,0,0,0,0,0,0,1,0,0,0
0.612,0.523598775598299,0.550072870934555,-0.114425870943184,0.000508793745835738,0.550072870934555,0.550072870934555,-0.0264740953362566,-0.00852383307853219,-0.00852383307853219,0,0,0,0,0,0,0,0,0,0,0,0,0,1,613,0,0,0,0,0,0,0,0,0,1,0,0,0
0.613,0.523598775598299,0.549958619242947,-0.114077428381011,0.000510267354912249,0.549958619242947,0.549958619242947,-0.0263598436446477,-0.00849430735196396,-0.00849430735196396,0,0,0,0,0,0,0,0,0,0,0,0,0,1,614,0,0,0,0,0,0,0,0,0,1,0,0,0
0.614,0.523598775598299,0.549844716266562,-0.113728444551024,0.000511695997290216,0.549844716266562,0.549844716266562,-0.0262459406682627,-0.00846479167172093,-0.00846479167172093,0,0,0,0,0,0,0,0,0,0,0,0,0,1,615,0,0,0,0,0,0,0,0,0,1,0,0,0
0.615,0.523598775598299,0.549731162534534,-0.113378943670682,0.000513080200380107,0.549731162534534,0.549731162534534,-0.0261323869362355,-0.00843528733855969,-0.00843528733855969,0,0,0,0,0,0,0,0,0,0,0,0,0,1,616,0,0,0,0,0,0,0,0,0,1,0,0,0
0.616,0.523598775598299,0.54961795855193,-0.113028949660522,0.000514420488705346,0.54961795855193,0.54961795855193,-0.0260191829536314,-0.00840579563322039,-0.00840579563322039,0,0,0,0,0,0,0,0,0,0,0,0,0,1,617,0,0,0,0,0,0,0,0,0,1,0,0,0
0.617,0.523598775598299,0.549505104800042,-0.112678486145918,0.00051571738383972,0.549505104800042,0.549505104800042,-0.0259063292017429,-0.00837631781664076,-0.00837631781664076,0,0,0,0,0,0,0,0,0,0,0,0,0,1,618,0,0,0,0,0,0,0,0,0,1,0,0,0
0.618,0.523598775598299,0.549392601736683,-0.11232757645887,0.000516971404345735,0.549392601736683,0.549392601736683,-0.0257938261383838,-0.00834685513016768,-0.00834685513016768,0,0,0,0,0,0,0,0,0,0,0,0,0,1,619,0,0,0,0,0,0,0,0,0,1,0,0,0
0.619,0.523598775598299,0.549280449796481,-0.111976243639825,0.000518183065715192,0.549280449796481,0.549280449796481,-0.025681674198182,-0.00831740879577229,-0.00831740879577229,0,0,0,0,0,0,0,0,0,0,0,0,0,1,620,0,0,0,0,0,0,0,0,0,1,0,0,0
0.62,0.523598775598299,0.549168649391169,-0.111624510439528,0.000519352880310758,0.549168649391169,0.549168649391169,-0.02556987379287,-0.00828798001626355,-0.00828798001626355,0,0,0,0,0,0,0,0,0,0,0,0,0,1,621,0,0,0,0,0,0,0,0,0,1,0,0,0
0.621,0.523598775598299,0.549057200909872,-0.111272399320901,0.000520481357309418,0.549057200909872,0.549057200909872,-0.0254584253115734,-0.00825856997550214,-0.00825856997550214,0,0,0,0,0,0,0,0,0,0,0,0,0,1,622,0,0,0,0,0,0,0,0,0,1,0,0,0
0.622,0.523598775598299,0.548946104719397,-0.110919932460955,0.000521569002647699,0.548946104719397,0.548946104719397,-0.0253473291210983,-0.00822917983861586,-0.00822917983861586,0,0,0,0,0,0,0,0,0,0,0,0,0,1,623,0,0,0,0,0,0,0,0,0,1,0,0,0
0.623,0.523598775598299,0.548835361164514,-0.110567131752723,0.000522616318968254,0.548835361164514,0.548835361164514,-0.0252365855662156,-0.00819981075221164,-0.00819981075221164,0,0,0,0,0,0,0,0,0,0,0,0,0,1,624,0,0,0,0,0,0,0,0,0,1,0,0,0
0.624,0.523598775598299,0.548724970568243,-0.110214018807224,0.000523623805569029,0.548724970568243,0.548724970568243,-0.0251261949699446,-0.00817046384459133,-0.00817046384459133,0,0,0,0,0,0,0,0,0,0,0,0,0,1,625,0,0,0,0,0,0,0,0,0,1,0,0,0
0.625,0.523598775598299,0.548614933232133,-0.109860614955452,0.000524591958353482,0.548614933232133,0.548614933232133,-0.0250161576338337,-0.00814114022596319,-0.00814114022596319,0,0,0,0,0,0,0,0,0,0,0,0,0,1,626,0,0,0,0,0,0,0,0,0,1,0,0,0
0.626,0.523598775598299,0.548505249436538,-0.109506941250387,0.000525521269783479,0.548505249436538,0.548505249436538,-0.0249064738382394,-0.00811184098865615,-0.00811184098865615,0,0,0,0,0,0,0,0,0,0,0,0,0,1,627,0,0,0,0,0,0,0,0,0,1,0,0,0
0.627,0.523598775598299,0.548395919440902,-0.109153018469034,0.000526412228833547,0.548395919440902,0.548395919440902,-0.0247971438426035,-0.00808256720733107,-0.00808256720733107,0,0,0,0,0,0,0,0,0,0,0,0,0,1,628,0,0,0,0,0,0,0,0,0,1,0,0,0
0.628,0.523598775598299,0.548286943484027,-0.108798867114479,0.000527265320947524,0.548286943484027,0.548286943484027,-0.0246881678857279,-0.00805331993919316,-0.00805331993919316,0,0,0,0,0,0,0,0,0,0,0,0,0,1,629,0,0,0,0,0,0,0,0,0,1,0,0,0
0.629,0.523598775598299,0.548178321784346,-0.10844450741797,0.000528081027996848,0.548178321784346,0.548178321784346,-0.0245795461860474,-0.00802410022420064,-0.00802410022420064,0,0,0,0,0,0,0,0,0,0,0,0,0,1,630,0,0,0,0,0,0,0,0,0,1,0,0,0
0.63,0.523598775598299,0.5480700545402,-0.108089959341019,0.000528859828241617,0.5480700545402,0.5480700545402,-0.0244712789419007,-0.0079949090852767,-0.0079949090852767,0,0,0,0,0,0,0,0,0,0,0,0,0,1,631,0,0,0,0,0,0,0,0,0,1,0,0,0
0.631,0.523598775598299,0.547962141930098,-0.107735242577515,0.000529602196292781,0.547962141930098,0.547962141930098,-0.024363366331799,-0.00796574752851696,-0.00796574752851696,0,0,0,0,0,0,0,0,0,0,0,0,0,1,632,0,0,0,0,0,0,0,0,0,1,0,0,0
0.632,0.523598775598299,0.547854584112991,-0.107380376555869,0.000530308603076949,0.547854584112991,0.547854584112991,-0.0242558085146926,-0.00793661654339702,-0.00793661654339702,0,0,0,0,0,0,0,0,0,0,0,0,0,1,633,0,0,0,0,0,0,0,0,0,1,0,0,0
0.633,0.523598775598299,0.547747381228534,-0.107025380441162,0.000530979515803223,0.547747381228534,0.547747381228534,-0.0241486056302349,-0.00790751710297888,-0.00790751710297888,0,0,0,0,0,0,0,0,0,0,0,0,0,1,634,0,0,0,0,0,0,0,0,0,1,0,0,0
0.634,0.523598775598299,0.547640533397344,-0.106670273137317,0.000531615397932047,0.547640533397344,0.547640533397344,-0.0240417577990454,-0.00787845016411605,-0.00787845016411605,0,0,0,0,0,0,0,0,0,0,0,0,0,1,635,0,0,0,0,0,0,0,0,0,1,0,0,0
0.635,0.523598775598299,0.547534040721268,-0.106315073289282,0.000532216709146131,0.547534040721268,0.547534040721268,-0.0239352651229688,-0.00784941666765672,-0.00784941666765672,0,0,0,0,0,0,0,0,0,0,0,0,0,1,636,0,0,0,0,0,0,0,0,0,1,0,0,0
0.636,0.523598775598299,0.547427903283633,-0.10595979928523,0.000532783905323593,0.547427903283633,0.547427903283633,-0.0238291276853343,-0.00782041753864801,-0.00782041753864801,0,0,0,0,0,0,0,0,0,0,0,0,0,1,637,0,0,0,0,0,0,0,0,0,1,0,0,0
0.637,0.523598775598299,0.547322121149508,-0.105604469258765,0.000533317438512486,0.547322121149508,0.547322121149508,-0.0237233455512096,-0.00779145368653403,-0.00779145368653403,0,0,0,0,0,0,0,0,0,0,0,0,0,1,638,0,0,0,0,0,0,0,0,0,1,0,0,0
0.638,0.523598775598299,0.547216694365954,-0.105249101091147,0.000533817756908439,0.547216694365954,0.547216694365954,-0.0236179187676554,-0.00776252600535667,-0.00776252600535667,0,0,0,0,0,0,0,0,0,0,0,0,0,1,639,0,0,0,0,0,0,0,0,0,1,0,0,0
0.639,0.523598775598299,0.547111622962275,-0.104893712413521,0.000534285304833617,0.547111622962275,0.547111622962275,-0.0235128473639766,-0.00773363537395361,-0.00773363537395361,0,0,0,0,0,0,0,0,0,0,0,0,0,1,640,0,0,0,0,0,0,0,0,0,1,0,0,0
0.64,0.523598775598299,0.54700690695027,-0.104538320609159,0.000534720522717649,0.54700690695027,0.54700690695027,-0.0234081313519707,-0.00770478265615256,-0.00770478265615256,0,0,0,0,0,0,0,0,0,0,0,0,0,1,641,0,0,0,0,0,0,0,0,0,1,0,0,0
0.641,0.523598775598299,0.546902546324474,-0.104182942815708,0.000535123847081165,0.546902546324474,0.546902546324474,-0.0233037707261753,-0.00767596870096784,-0.00767596870096784,0,0,0,0,0,0,0,0,0,0,0,0,0,1,642,0,0,0,0,0,0,0,0,0,1,0,0,0
0.642,0.523598775598299,0.546798541062411,-0.103827595927443,0.000535495710520399,0.546798541062411,0.546798541062411,-0.023199765464112,-0.00764719434279128,-0.00764719434279128,0,0,0,0,0,0,0,0,0,0,0,0,0,1,643,0,0,0,0,0,0,0,0,0,1,0,0,0
0.643,0.523598775598299,0.546694891124828,-0.103472296597533,0.000535836541694426,0.546694891124828,0.546694891124828,-0.0230961155265288,-0.00761846040158331,-0.00761846040158331,0,0,0,0,0,0,0,0,0,0,0,0,0,1,644,0,0,0,0,0,0,0,0,0,1,0,0,0
0.644,0.523598775598299,0.546591596455939,-0.103117061240305,0.000536146765314092,0.546591596455939,0.546591596455939,-0.0229928208576405,-0.00758976768306262,-0.00758976768306262,0,0,0,0,0,0,0,0,0,0,0,0,0,1,645,0,0,0,0,0,0,0,0,0,1,0,0,0
0.645,0.523598775598299,0.546488656983665,-0.102761906033511,0.000536426802132566,0.546488656983665,0.546488656983665,-0.0228898813853659,-0.00756111697889196,-0.00756111697889196,0,0,0,0,0,0,0,0,0,0,0,0,0,1,646,0,0,0,0,0,0,0,0,0,1,0,0,0
0.646,0.523598775598299,0.546386072619862,-0.102406846920608,0.000536677068938207,0.546386072619862,0.546386072619862,-0.0227872970215629,-0.00753250906686371,-0.00753250906686371,0,0,0,0,0,0,0,0,0,0,0,0,0,1,647,0,0,0,0,0,0,0,0,0,1,0,0,0
0.647,0.523598775598299,0.546283843260562,-0.102051899613025,0.000536897978548992,0.546283843260562,0.546283843260562,-0.0226850676622629,-0.00750394471108393,-0.00750394471108393,0,0,0,0,0,0,0,0,0,0,0,0,0,1,648,0,0,0,0,0,0,0,0,0,1,0,0,0
0.648,0.523598775598299,0.546181968786199,-0.101697079592444,0.000537089939808425,0.546181968786199,0.546181968786199,-0.0225831931879005,-0.00747542466215277,-0.00747542466215277,0,0,0,0,0,0,0,0,0,0,0,0,0,1,649,0,0,0,0,0,0,0,0,0,1,0,0,0
0.649,0.523598775598299,0.546080449061841,-0.101342402113076,0.000537253357583532,0.546080449061841,0.546080449061841,-0.0224816734635426,-0.00744694965734347,-0.00744694965734347,0,0,0,0,0,0,0,0,0,0,0,0,0,1,650,0,0,0,0,0,0,0,0,0,1,0,0,0
0.65,0.523598775598299,0.545979283937414,-0.100987882203933,0.000537388632764605,0.545979283937414,0.545979283937414,-0.0223805083391148,-0.00741852042078055,-0.00741852042078055,0,0,0,0,0,0,0,0,0,0,0,0,0,1,651,0,0,0,0,0,0,0,0,0,1,0,0,0
0.651,0.523598775598299,0.545878473247924,-0.100633534671103,0.000537496162266201,0.545878473247924,0.545878473247924,-0.0222796976496251,-0.00739013766361414,-0.00739013766361414,0,0,0,0,0,0,0,0,0,0,0,0,0,1,652,0,0,0,0,0,0,0,0,0,1,0,0,0
0.652,0.523598775598299,0.545778016813685,-0.100279374100019,0.000537576339030147,0.545778016813685,0.545778016813685,-0.0221792412153863,-0.00736180208419387,-0.00736180208419387,0,0,0,0,0,0,0,0,0,0,0,0,0,1,653,0,0,0,0,0,0,0,0,0,1,0,0,0
0.653,0.523598775598299,0.545677914440534,-0.0999254148577305,0.000537629552029796,0.545677914440534,0.545677914440534,-0.0220791388422349,-0.00733351436823999,-0.00733351436823999,0,0,0,0,0,0,0,0,0,0,0,0,0,1,654,0,0,0,0,0,0,0,0,0,1,0,0,0
0.654,0.523598775598299,0.545578165920047,-0.0995716710951611,0.000537656186275878,0.545578165920047,0.545578165920047,-0.0219793903217486,-0.00730527518901155,-0.00730527518901155,0,0,0,0,0,0,0,0,0,0,0,0,0,1,655,0,0,0,0,0,0,0,0,0,1,0,0,0
0.655,0.523598775598299,0.54547877102976,-0.0992181567493691,0.000537656622824119,0.54547877102976,0.54547877102976,-0.0218799954314612,-0.00727708520747453,-0.00727708520747453,0,0,0,0,0,0,0,0,0,0,0,0,0,1,656,0,0,0,0,0,0,0,0,0,1,0,0,0
0.656,0.523598775598299,0.545379729533375,-0.0988648855457987,0.000537631238783852,0.545379729533375,0.545379729533375,-0.021780953935076,-0.00724894507246674,-0.00724894507246674,0,0,0,0,0,0,0,0,0,0,0,0,0,1,657,0,0,0,0,0,0,0,0,0,1,0,0,0
0.657,0.523598775598299,0.545281041180974,-0.0985118710005255,0.000537580407328096,0.545281041180974,0.545281041180974,-0.0216822655826748,-0.00722085542085957,-0.00722085542085957,0,0,0,0,0,0,0,0,0,0,0,0,0,1,658,0,0,0,0,0,0,0,0,0,1,0,0,0
0.658,0.523598775598299,0.545182705709227,-0.0981591264224943,0.000537504497705385,0.545182705709227,0.545182705709227,-0.021583930110928,-0.00719281687772037,-0.00719281687772037,0,0,0,0,0,0,0,0,0,0,0,0,0,1,659,0,0,0,0,0,0,0,0,0,1,0,0,0
0.659,0.523598775598299,0.545084722841598,-0.0978066649157493,0.000537403875252259,0.545084722841598,0.545084722841598,-0.0214859472432989,-0.00716483005646977,-0.00716483005646977,0,0,0,0,0,0,0,0,0,0,0,0,0,1,660,0,0,0,0,0,0,0,0,0,1,0,0,0
0.66,0.523598775598299,0.544987092288548,-0.097454499381655,0.000537278901407569,0.544987092288548,0.544987092288548,-0.021388316690249,-0.00713689555904008,-0.00713689555904008,0,0,0,0,0,0,0,0,0,0,0,0,0,1,661,0,0,0,0,0,0,0,0,0,1,0,0,0
0.661,0.523598775598299,0.544889813747737,-0.0971026425211086,0.000537129933727351,0.544889813747737,0.544889813747737,-0.0212910381494383,-0.00710901397602783,-0.00710901397602783,0,0,0,0,0,0,0,0,0,0,0,0,0,1,662,0,0,0,0,0,0,0,0,0,1,0,0,0
0.662,0.523598775598299,0.544792886904224,-0.0967511068367418,0.000536957325901631,0.544792886904224,0.544792886904224,-0.0211941113059255,-0.00708118588684767,-0.00708118588684767,0,0,0,0,0,0,0,0,0,0,0,0,0,1,663,0,0,0,0,0,0,0,0,0,1,0,0,0
0.663,0.523598775598299,0.544696311430664,-0.0963999046351123,0.000536761427771772,0.544696311430664,0.544696311430664,-0.0210975358323648,-0.00705341185988285,-0.00705341185988285,0,0,0,0,0,0,0,0,0,0,0,0,0,1,664,0,0,0,0,0,0,0,0,0,1,0,0,0
0.664,0.523598775598299,0.5446000869875,-0.0960490480288841,0.000536542585348931,0.5446000869875,0.5446000869875,-0.0210013113892012,-0.0070256924526336,-0.0070256924526336,0,0,0,0,0,0,0,0,0,0,0,0,0,1,665,0,0,0,0,0,0,0,0,0,1,0,0,0
0.665,0.523598775598299,0.544504213223162,-0.0956985489389965,0.000536301140833606,0.544504213223162,0.544504213223162,-0.0209054376248627,-0.00699802821186246,-0.00699802821186246,0,0,0,0,0,0,0,0,0,0,0,0,0,1,666,0,0,0,0,0,0,0,0,0,1,0,0,0
0.666,0.523598775598299,0.54440868977425,-0.0953484190968202,0.000536037432636509,0.54440868977425,0.54440868977425,-0.0208099141759515,-0.00697041967373985,-0.00697041967373985,0,0,0,0,0,0,0,0,0,0,0,0,0,1,667,0,0,0,0,0,0,0,0,0,1,0,0,0
0.667,0.523598775598299,0.544313516265731,-0.0949986700463016,0.000535751795399878,0.544313516265731,0.544313516265731,-0.0207147406674323,-0.0069428673639868,-0.0069428673639868,0,0,0,0,0,0,0,0,0,0,0,0,0,1,668,0,0,0,0,0,0,0,0,0,1,0,0,0
0.668,0.523598775598299,0.544218692311118,-0.0946493131460929,0.000535444560019616,0.544218692311118,0.544218692311118,-0.0206199167128187,-0.00691537179801393,-0.00691537179801393,0,0,0,0,0,0,0,0,0,0,0,0,0,1,669,0,0,0,0,0,0,0,0,0,1,0,0,0
0.669,0.523598775598299,0.544124217512656,-0.0943003595716699,0.000535116053668808,0.544124217512656,0.544124217512656,-0.0205254419143575,-0.00688793348106104,-0.00688793348106104,0,0,0,0,0,0,0,0,0,0,0,0,0,1,670,0,0,0,0,0,0,0,0,0,1,0,0,0
0.67,0.523598775598299,0.544030091461509,-0.0939518203174343,0.000534766599821546,0.544030091461509,0.544030091461509,-0.0204313158632105,-0.006860552908333,-0.006860552908333,0,0,0,0,0,0,0,0,0,0,0,0,0,1,671,0,0,0,0,0,0,0,0,0,1,0,0,0
0.671,0.523598775598299,0.543936313737934,-0.0936037061988031,0.000534396518277744,0.543936313737934,0.543936313737934,-0.020337538139635,-0.00683323056513489,-0.00683323056513489,0,0,0,0,0,0,0,0,0,0,0,0,0,1,672,0,0,0,0,0,0,0,0,0,1,0,0,0
0.672,0.523598775598299,0.54384288391146,-0.0932560278542819,0.000534006125188455,0.54384288391146,0.54384288391146,-0.0202441083131616,-0.00680596692700385,-0.00680596692700385,0,0,0,0,0,0,0,0,0,0,0,0,0,1,673,0,0,0,0,0,0,0,0,0,1,0,0,0
0.673,0.523598775598299,0.543749801541069,-0.0929087957475237,0.00053359573308213,0.543749801541069,0.543749801541069,-0.0201510259427697,-0.00677876245984012,-0.00677876245984012,0,0,0,0,0,0,0,0,0,0,0,0,0,1,674,0,0,0,0,0,0,0,0,0,1,0,0,0
0.674,0.523598775598299,0.543657066175361,-0.0925620201693719,0.000533165650891357,0.543657066175361,0.543657066175361,-0.0200582905770618,-0.00675161762003527,-0.00675161762003527,0,0,0,0,0,0,0,0,0,0,0,0,0,1,675,0,0,0,0,0,0,0,0,0,1,0,0,0
0.675,0.523598775598299,0.543564677352734,-0.0922157112398881,0.000532716183980374,0.543564677352734,0.543564677352734,-0.0199659017544347,-0.00672453285459966,-0.00672453285459966,0,0,0,0,0,0,0,0,0,0,0,0,0,1,676,0,0,0,0,0,0,0,0,0,1,0,0,0
0.676,0.523598775598299,0.543472634601549,-0.0918698789103627,0.000532247634172916,0.543472634601549,0.543472634601549,-0.0198738590032504,-0.00669750860128861,-0.00669750860128861,0,0,0,0,0,0,0,0,0,0,0,0,0,1,677,0,0,0,0,0,0,0,0,0,1,0,0,0
0.677,0.523598775598299,0.543380937440302,-0.0915245329653098,0.00053176029978023,0.543380937440302,0.543380937440302,-0.0197821618420029,-0.00667054528872354,-0.00667054528872354,0,0,0,0,0,0,0,0,0,0,0,0,0,1,678,0,0,0,0,0,0,0,0,0,1,0,0,0
0.678,0.523598775598299,0.543289585377783,-0.0911796830244458,0.000531254475630418,0.543289585377783,0.543289585377783,-0.0196908097794839,-0.00664364333651454,-0.00664364333651454,0,0,0,0,0,0,0,0,0,0,0,0,0,1,679,0,0,0,0,0,0,0,0,0,1,0,0,0
0.679,0.523598775598299,0.543198577913246,-0.0908353385446503,0.000530730453097688,0.543198577913246,0.543198577913246,-0.0195998023149474,-0.00661680315538019,-0.00661680315538019,0,0,0,0,0,0,0,0,0,0,0,0,0,1,680,0,0,0,0,0,0,0,0,0,1,0,0,0
0.68,0.523598775598299,0.54310791453657,-0.0904915088219104,0.000530188520132002,0.54310791453657,0.54310791453657,-0.019509138938271,-0.00659002514726524,-0.00659002514726524,0,0,0,0,0,0,0,0,0,0,0,0,0,1,681,0,0,0,0,0,0,0,0,0,1,0,0,0
0.681,0.523598775598299,0.543017594728415,-0.0901482029932476,0.000529628961289219,0.543017594728415,0.543017594728415,-0.0194188191301158,-0.00656330970545633,-0.00656330970545633,0,0,0,0,0,0,0,0,0,0,0,0,0,1,682,0,0,0,0,0,0,0,0,0,1,0,0,0
0.682,0.523598775598299,0.542927617960384,-0.0898054300386274,0.000529052057761704,0.542927617960384,0.542927617960384,-0.0193288423620848,-0.00653665721469759,-0.00653665721469759,0,0,0,0,0,0,0,0,0,0,0,0,0,1,683,0,0,0,0,0,0,0,0,0,1,0,0,0
0.683,0.523598775598299,0.542837983695177,-0.0894631987828508,0.000528458087408835,0.542837983695177,0.542837983695177,-0.0192392080968785,-0.00651006805130229,-0.00651006805130229,0,0,0,0,0,0,0,0,0,0,0,0,0,1,684,0,0,0,0,0,0,0,0,0,1,0,0,0
0.684,0.523598775598299,0.542748691386749,-0.0891215178974287,0.000527847324788255,0.542748691386749,0.542748691386749,-0.0191499157884497,-0.00648354258326481,-0.00648354258326481,0,0,0,0,0,0,0,0,0,0,0,0,0,1,685,0,0,0,0,0,0,0,0,0,1,0,0,0
0.685,0.523598775598299,0.542659740480454,-0.0887803959024379,0.000527220041187017,0.542659740480454,0.542659740480454,-0.0190609648821553,-0.00645708117036942,-0.00645708117036942,0,0,0,0,0,0,0,0,0,0,0,0,0,1,686,0,0,0,0,0,0,0,0,0,1,0,0,0
0.686,0.523598775598299,0.542571130413206,-0.0884398411683593,0.000526576504653214,0.542571130413206,0.542571130413206,-0.0189723548149071,-0.00643068416429926,-0.00643068416429926,0,0,0,0,0,0,0,0,0,0,0,0,0,1,687,0,0,0,0,0,0,0,0,0,1,0,0,0
0.687,0.523598775598299,0.54248286061362,-0.088099861917898,0.000525916980027428,0.54248286061362,0.54248286061362,-0.018884085015321,-0.00640435190874255,-0.00640435190874255,0,0,0,0,0,0,0,0,0,0,0,0,0,1,688,0,0,0,0,0,0,0,0,0,1,0,0,0
0.688,0.523598775598299,0.542394930502161,-0.0877604662277851,0.000525241728974421,0.542394930502161,0.542394930502161,-0.0187961549038627,-0.0063780847394956,-0.0063780847394956,0,0,0,0,0,0,0,0,0,0,0,0,0,1,689,0,0,0,0,0,0,0,0,0,1,0,0,0
0.689,0.523598775598299,0.542307339491292,-0.0874216620305617,0.000524551010015598,0.542307339491292,0.542307339491292,-0.0187085638929934,-0.0063518829845676,-0.0063518829845676,0,0,0,0,0,0,0,0,0,0,0,0,0,1,690,0,0,0,0,0,0,0,0,0,1,0,0,0
0.69,0.523598775598299,0.542220086985612,-0.0870834571163441,0.000523845078560859,0.542220086985612,0.542220086985612,-0.0186213113873134,-0.00632574696428249,-0.00632574696428249,0,0,0,0,0,0,0,0,0,0,0,0,0,1,691,0,0,0,0,0,0,0,0,0,1,0,0,0
0.691,0.523598775598299,0.542133172382002,-0.0867458591345709,0.000523124186940584,0.542133172382002,0.542133172382002,-0.0185343967837033,-0.00629967699137856,-0.00629967699137856,0,0,0,0,0,0,0,0,0,0,0,0,0,1,692,0,0,0,0,0,0,0,0,0,1,0,0,0
0.692,0.523598775598299,0.542046595069763,-0.0864088755957317,0.000522388584437916,0.542046595069763,0.542046595069763,-0.0184478194714639,-0.00627367337110774,-0.00627367337110774,0,0,0,0,0,0,0,0,0,0,0,0,0,1,693,0,0,0,0,0,0,0,0,0,1,0,0,0
0.693,0.523598775598299,0.541960354430753,-0.0860725138730776,0.000521638517320889,0.541960354430753,0.541960354430753,-0.0183615788324543,-0.00624773640133251,-0.00624773640133251,0,0,0,0,0,0,0,0,0,0,0,0,0,1,694,0,0,0,0,0,0,0,0,0,1,0,0,0
0.694,0.523598775598299,0.541874449839527,-0.0857367812043134,0.000520874228874734,0.541874449839527,0.541874449839527,-0.018275674241228,-0.00622186637262191,-0.00622186637262191,0,0,0,0,0,0,0,0,0,0,0,0,0,1,695,0,0,0,0,0,0,0,0,0,1,0,0,0
0.695,0.523598775598299,0.541788880663467,-0.0854016846932709,0.000520095959434127,0.541788880663467,0.541788880663467,-0.0181901050651683,-0.00619606356834666,-0.00619606356834666,0,0,0,0,0,0,0,0,0,0,0,0,0,1,696,0,0,0,0,0,0,0,0,0,1,0,0,0
0.696,0.523598775598299,0.541703646262919,-0.0850672313115649,0.000519303946415201,0.541703646262919,0.541703646262919,-0.0181048706646205,-0.0061703282647717,-0.0061703282647717,0,0,0,0,0,0,0,0,0,0,0,0,0,1,697,0,0,0,0,0,0,0,0,0,1,0,0,0
0.697,0.523598775598299,0.541618745991323,-0.08473342790023,0.000518498424347789,0.541618745991323,0.541618745991323,-0.0180199703930241,-0.00614466073114847,-0.00614466073114847,0,0,0,0,0,0,0,0,0,0,0,0,0,1,698,0,0,0,0,0,0,0,0,0,1,0,0,0
0.698,0.523598775598299,0.541534179195341,-0.0844002811713398,0.000517679624907413,0.541534179195341,0.541534179195341,-0.0179354035970418,-0.00611906122980558,-0.00611906122980558,0,0,0,0,0,0,0,0,0,0,0,0,0,1,699,0,0,0,0,0,0,0,0,0,1,0,0,0
0.699,0.523598775598299,0.541449945214987,-0.0840677977096076,0.000516847776947169,0.541449945214987,0.541449945214987,-0.0178511696166884,-0.00609353001623769,-0.00609353001623769,0,0,0,0,0,0,0,0,0,0,0,0,0,1,700,0,0,0,0,0,0,0,0,0,1,0,0,0
0.7,0.523598775598299,0.541366043383756,-0.0837359839739691,0.000516003106529657,0.541366043383756,0.541366043383756,-0.0177672677854568,-0.00606806733919384,-0.00606806733919384,0,0,0,0,0,0,0,0,0,0,1,0,0,1,701,0,0,0,0,0,0,0,0,0,0,1,0,1
0.701,0.523598775598299,0.541282473028742,-0.083404846299147,0.000515145836958665,0.541282473028742,0.541282473028742,-0.0176836974304431,-0.00604267344076396,-0.00604267344076396,0,0,0,0,0,0,0,0,0,0,1,0,0,1,702,0,0,0,0,0,0,0,0,0,0,1,0,1
0.702,0.523598775598299,0.541199233470769,-0.0830743908971981,0.000514276188810787,0.541199233470769,0.541199233470769,-0.0176004578724703,-0.00601734855646521,-0.00601734855646521,0,0,0,0,0,0,0,0,0,0,1,0,0,1,703,0,0,0,0,0,0,0,0,0,0,1,0,1
0.703,0.523598775598299,0.541116324024509,-0.082744623859042,0.000513394379966653,0.541116324024509,0.541116324024509,-0.0175175484262101,-0.00599209291532539,-0.00599209291532539,0,0,0,0,0,0,0,0,0,0,1,0,0,1,704,0,0,0,0,0,0,0,0,0,0,1,0,1
0.704,0.523598775598299,0.541033743998602,-0.0824155511559722,0.000512500625642353,0.541033743998602,0.541033743998602,-0.0174349684003031,-0.00596690673996701,-0.00596690673996701,0,0,0,0,0,0,0,0,0,0,1,0,0,1,705,0,0,0,0,0,0,0,0,0,0,1,0,1
0.705,0.523598775598299,0.540951492695777,-0.0820871786411497,0.000511595138420337,0.540951492695777,0.540951492695777,-0.0173527170974779,-0.00594179024668885,-0.00594179024668885,0,0,0,0,0,0,0,0,0,0,1,0,0,1,706,0,0,0,0,0,0,0,0,0,0,1,0,1
0.706,0.523598775598299,0.540869569412967,-0.0817595120510794,0.000510678128280349,0.540869569412967,0.540869569412967,-0.0172707938146681,-0.00591674364554685,-0.00591674364554685,0,0,0,0,0,0,0,0,0,0,1,0,0,1,707,0,0,0,0,0,0,0,0,0,0,1,0,1
0.707,0.523598775598299,0.540787973441428,-0.0814325570070681,0.000509749802630146,0.540787973441428,0.540787973441428,-0.0171891978431289,-0.00589176714043448,-0.00589176714043448,0,0,0,0,0,0,0,0,0,0,1,0,0,1,708,0,0,0,0,0,0,0,0,0,0,1,0,1
0.708,0.523598775598299,0.54070670406685,-0.0811063190166666,0.000508810366335806,0.54070670406685,0.54070670406685,-0.017107928468551,-0.00586686092916146,-0.00586686092916146,0,0,0,0,0,0,0,0,0,0,1,0,0,1,709,0,0,0,0,0,0,0,0,0,0,1,0,1
0.709,0.523598775598299,0.540625760569473,-0.0807808034750933,0.000507860021751856,0.540625760569473,0.540625760569473,-0.0170269849711738,-0.00584202520353061,-0.00584202520353061,0,0,0,0,0,0,0,0,0,0,1,0,0,1,710,0,0,0,0,0,0,0,0,0,0,1,0,1
0.71,0.523598775598299,0.540545142224196,-0.0804560156666417,0.000506898968751498,0.540545142224196,0.540545142224196,-0.0169463666258972,-0.00581726014941583,-0.00581726014941583,0,0,0,0,0,0,0,0,0,0,1,0,0,1,711,0,0,0,0,0,0,0,0,0,0,1,0,1
0.711,0.523598775598299,0.54046484830069,-0.0801319607660707,0.00050592740475603,0.54046484830069,0.54046484830069,-0.0168660727023916,-0.00579256594683696,-0.00579256594683696,0,0,0,0,0,0,0,0,0,0,1,0,0,1,712,0,0,0,0,0,0,0,0,0,0,1,0,1
0.712,0.523598775598299,0.540384878063506,-0.0798086438399786,0.000504945524764412,0.540384878063506,0.54046484830069,-0.0168660727023916,-0.00598288125313341,-0.00598288125313341,0,0,0,0,0,0,0,0,0,0,1,0,1,0,0,0,1,1,0.001,0,0,0,-0.000214938483099114,7.99702371848676e-05,0,1,0,1
0.713,0.523598775598299,0.540305223972275,-0.0795056978854574,0.000435865038557874,0.540305223972275,0.540305223972275,-0.0167064483739763,-0.0057405855264908,-0.0057405855264908,0,0,0,0,0,0,0,0,0,0,1,0,0,1,714,0,0,0,0,0,0,-6.79990330709757e-09,2.80526105266715e-06,-6.79990330709757e-09,0,1,0,1
0.714,0.523598775598299,0.540225863853871,-0.0792122075768459,0.000462629410200013,0.540225863853871,0.540225863853871,-0.0166270882555718,-0.00571611880068731,-0.00571611880068731,0,0,0,0,0,0,0,0,0,0,1,0,0,1,715,0,0,0,0,0,0,-4.18274679336861e-08,2.79136157879667e-06,-4.18274679336861e-08,0,1,0,1
0.715,0.523598775598299,0.540146803269595,-0.0789075216619727,0.000479339613925268,0.540146803269595,0.540146803269595,-0.016548027671296,-0.00569166224939912,-0.00569166224939912,0,0,0,0,0,0,0,0,0,0,1,0,0,1,716,0,0,0,0,0,0,-9.87712187594525e-08,2.83880214431431e-06,-9.87712187594525e-08,0,1,0,1
0.716,0.523598775598299,0.540068051087322,-0.078595975401381,0.000489604221743504,0.540068051087322,0.540068051087322,-0.0164692754890228,-0.00566724272806065,-0.00566724272806065,0,0,0,0,0,0,0,0,0,0,1,0,0,1,717,0,0,0,0,0,0,-1.68008411183251e-07,2.92087916644451e-06,-1.68008411183251e-07,0,1,0,1
0.717,0.523598775598299,0.53998961267506,-0.0782803483332762,0.000495735008958627,0.53998961267506,0.53998961267506,-0.016390837076761,-0.00564287732485908,-0.00564287732485908,0,0,0,0,0,0,0,0,0,0,1,0,0,1,718,0,0,0,0,0,0,-2.43411568678908e-07,3.02065088907816e-06,-2.43411568678908e-07,0,1,0,1
0.718,0.523598775598299,0.539911491156474,-0.0779624233183169,0.000499213071438529,0.539911491156474,0.539911491156474,-0.0163127155581755,-0.00561857687090356,-0.00561857687090356,0,0,0,0,0,0,0,0,0,0,1,0,0,1,719,0,0,0,0,0,0,-3.21093063471167e-07,3.12742728295068e-06,-3.21093063471167e-07,0,1,0,1
0.719,0.523598775598299,0.539833688215264,-0.0776433446438509,0.000500987399518256,0.539833688215264,0.539833688215264,-0.0162349126169651,-0.0055943481889101,-0.0055943481889101,0,0,0,0,0,0,0,0,0,0,1,0,0,1,720,0,0,0,0,0,0,-3.98600837558938e-07,3.23452142920316e-06,-3.98600837558938e-07,0,1,0,1
0.72,0.523598775598299,0.539756204610554,-0.0773238474145883,0.000501666131163597,0.539756204610554,0.539756204610554,-0.016157429012255,-0.0055701955338216,-0.0055701955338216,0,0,0,0,0,0,0,0,0,0,1,0,0,1,721,0,0,0,0,0,0,-4.74403109018695e-07,3.33780896634439e-06,-4.74403109018695e-07,0,1,0,1
0.721,0.523598775598299,0.539679040507172,-0.0770044044950691,0.00050163906030189,0.539679040507172,0.539679040507172,-0.0160802649088736,-0.00554612151580935,-0.00554612151580935,0,0,0,0,0,0,0,0,0,0,1,0,0,1,722,0,0,0,0,0,0,-5.47558192676156e-07,3.43480515625771e-06,-5.47558192676156e-07,0,1,0,1
0.722,0.523598775598299,0.539602195687344,-0.0766853206394307,0.000501156110309076,0.539602195687344,0.539602195687344,-0.0160034200890453,-0.00552212769169273,-0.00552212769169273,0,0,0,0,0,0,0,0,0,0,1,0,0,1,723,0,0,0,0,0,0,-6.17502902255929e-07,3.52407352868095e-06,-6.17502902255929e-07,0,1,0,1
0.723,0.523598775598299,0.53952566968642,-0.0763667927916456,0.000500377600762692,0.53952566968642,0.53952566968642,-0.0159268940881209,-0.00549821494395265,-0.00549821494395265,0,0,0,0,0,0,0,0,0,0,1,0,0,1,724,0,0,0,0,0,0,-6.83916915766858e-07,3.6048469342076e-06,-6.83916915766858e-07,0,1,0,1
0.724,0.523598775598299,0.539449461879943,-0.0760489487159875,0.000499406446234331,0.539449461879943,0.539449461879943,-0.0158506862816441,-0.00547438372367654,-0.00547438372367654,0,0,0,0,0,0,0,0,0,0,1,0,0,1,725,0,0,0,0,0,0,-7.46635801629481e-07,3.67678466239169e-06,-7.46635801629481e-07,0,1,0,1
0.725,0.523598775598299,0.53937357153954,-0.075731871746724,0.000498308781563043,0.53937357153954,0.539449461879943,-0.0158506862816441,-0.00565460702449456,-0.00565460702449456,0,0,0,0,0,0,0,0,0,0,1,0,1,0,0,0,1,1,0.001,0,0,-8.05595222086453e-07,-0.000200233001430669,7.508474518092e-05,0,1,0,1
0.726,0.523598775598299,0.539297991415846,-0.075434243306481,0.000432512407952998,0.539297991415846,0.539449461879943,-0.0158506862816441,-0.00583141610582942,-0.00583141610582942,0,0,0,0,0,0,0,0,0,0,1,0,1,0,0,0,1,2,0.002,0,0,-8.67248096780848e-07,-0.000400655670109981,0.00015060321599969,0,1,0,1
0.727,0.523598775598299,0.539222687453437,-0.0751829138710682,0.000328658648296974,0.539222687453437,0.539449461879943,-0.0158506862816441,-0.00600492646008357,-0.00600492646008357,0,0,0,0,0,0,0,0,0,0,1,0,1,0,0,0,1,3,0.003,0,0,-9.64849764195641e-07,-0.000597706617885975,0.000225809576741787,0,1,0,1
0.728,0.523598775598299,0.539147604901819,-0.0749932818823195,0.00020371045714902,0.539147604901819,0.539449461879943,-0.0158506862816441,-0.0061752496729115,-0.0061752496729115,0,0,0,0,0,0,0,0,0,0,1,0,1,0,0,0,1,4,0.004,0,0,-1.15234707576128e-06,-0.000791497339227419,0.000300704631048587,0,1,0,1
0.729,0.523598775598299,0.539072677525237,-0.0748734710953978,6.84133563004408e-05,0.539072677525237,0.539072677525237,-0.0154739019269386,-0.00532979857650645,-0.00532979857650645,0,0,0,0,0,0,0,0,0,0,1,0,0,1,730,0,0,0,0,0,0,-1.49516867831156e-06,3.0559420214557e-05,-1.49516867831156e-06,0,1,0,1
0.73,0.523598775598299,0.538997865475357,-0.0747345347351015,0.000250324027546608,0.538997865475357,0.538997865475357,-0.0153990898770578,-0.00530612366771491,-0.00530612366771491,0,0,0,0,0,0,0,0,0,0,1,0,0,1,731,0,0,0,0,0,0,-2.03235242191013e-06,3.09132455493591e-05,-2.03235242191013e-06,0,1,0,1
0.731,0.523598775598299,0.538923234242848,-0.0745177369282349,0.000365734714053212,0.538923234242848,0.538923234242848,-0.0153244586445495,-0.00528215950261406,-0.00528215950261406,0,0,0,0,0,0,0,0,0,0,1,0,0,1,732,0,0,0,0,0,0,-2.69759385396195e-06,3.16296581304928e-05,-2.69759385396195e-06,0,1,0,1
0.732,0.523598775598299,0.5388488462935,-0.0742517496499101,0.000438529511267306,0.5388488462935,0.5388488462935,-0.0152500706952012,-0.00525808123569789,-0.00525808123569789,0,0,0,0,0,0,0,0,0,0,1,0,0,1,733,0,0,0,0,0,0,-3.42761019644922e-06,3.25335764258944e-05,-3.42761019644922e-06,0,1,0,1
0.733,0.523598775598299,0.538774740950391,-0.0739549479359844,0.000484009659801041,0.538774740950391,0.538774740950391,-0.0151759653520925,-0.00523399942803993,-0.00523399942803993,0,0,0,0,0,0,0,0,0,0,1,0,0,1,734,0,0,0,0,0,0,-4.18225825393748e-06,3.35145079143478e-05,-4.18225825393748e-06,0,1,0,1
0.734,0.523598775598299,0.538700942703937,-0.0736391099312524,0.000511978518750462,0.538700942703937,0.538700942703937,-0.0151021671056378,-0.00520998328046995,-0.00520998328046995,0,0,0,0,0,0,0,0,0,0,1,0,0,1,735,0,0,0,0,0,0,-4.93622445230102e-06,3.45033159655714e-05,-4.93622445230102e-06,0,1,0,1
0.735,0.523598775598299,0.538627466536036,-0.0733117870226648,0.000528717662379148,0.538627466536036,0.538627466536036,-0.0150286909377376,-0.00518607551757415,-0.00518607551757415,0,0,0,0,0,0,0,0,0,0,1,0,0,1,736,0,0,0,0,0,0,-5.67370076898221e-06,3.54573358959456e-05,-5.67370076898221e-06,0,1,0,1
0.736,0.523598775598299,0.538554321331551,-0.0729778220879682,0.000538252680353407,0.538554321331551,0.538554321331551,-0.014955545733252,-0.00516230192345459,-0.00516230192345459,0,0,0,0,0,0,0,0,0,0,1,0,0,1,737,0,0,0,0,0,0,-6.38497333960153e-06,3.63508392644749e-05,-6.38497333960153e-06,0,1,0,1
0.737,0.523598775598299,0.53848151206455,-0.0726403220645084,0.000543163994070829,0.53848151206455,0.53848151206455,-0.0148827364662516,-0.0051386774515184,-0.0051386774515184,0,0,0,0,0,0,0,0,0,0,1,0,0,1,738,0,0,0,0,0,0,-7.06423628671349e-06,3.71689241402823e-05,-7.06423628671349e-06,0,1,0,1
0.738,0.523598775598299,0.538409041199699,-0.0723012809791581,0.000545106230811346,0.538409041199699,0.53848151206455,-0.0148827364662516,-0.00530999232744978,-0.00530999232744978,0,0,0,0,0,0,0,0,0,0,1,0,1,0,0,0,1,1,0.001,0,0,-7.70819041528981e-06,-0.000156878587816732,6.47626744363361e-05,0,1,0,1
0.739,0.523598775598299,0.538336903428609,-0.0719797664564319,0.000483437566908529,0.538336903428609,0.538336903428609,-0.01473812783031,-0.00508936142732919,-0.00508936142732919,0,0,0,0,0,0,0,0,0,0,1,0,0,1,740,0,0,0,0,0,0,-8.32130693384503e-06,4.10934705803792e-05,-8.32130693384503e-06,0,1,0,1
0.74,0.523598775598299,0.538265079152444,-0.0716667045536427,0.000507408686424866,0.538265079152444,0.538265079152444,-0.0146663035541457,-0.00506622912837136,-0.00506622912837136,0,0,0,0,0,0,0,0,0,0,1,0,0,1,741,0,0,0,0,0,0,-8.92234492866351e-06,4.16407613593947e-05,-8.92234492866351e-06,0,1,0,1
0.741,0.523598775598299,0.538193573246044,-0.07134390426986,0.000521489328336221,0.538193573246044,0.538193573246044,-0.014594797647745,-0.00504320193451677,-0.00504320193451677,0,0,0,0,0,0,0,0,0,0,1,0,0,1,742,0,0,0,0,0,0,-9.50558731671602e-06,4.21568158524635e-05,-9.50558731671602e-06,0,1,0,1
0.742,0.523598775598299,0.538122393158595,-0.071015628806313,0.000529231488171976,0.538122393158595,0.538122393158595,-0.014523617560296,-0.00502030200818846,-0.00502030200818846,0,0,0,0,0,0,0,0,0,0,1,0,0,1,743,0,0,0,0,0,0,-1.00627402431774e-05,4.26195029885126e-05,-1.00627402431774e-05,0,1,0,1
0.743,0.523598775598299,0.538051542898507,-0.0706846096755457,0.000532911946072834,0.538051542898507,0.538051542898507,-0.0144527673002081,-0.00499754198576504,-0.00499754198576504,0,0,0,0,0,0,0,0,0,0,1,0,0,1,744,0,0,0,0,0,0,-1.0588948284429e-05,4.30162138745083e-05,-1.0588948284429e-05,0,1,0,1
0.744,0.523598775598299,0.537981024269884,-0.0703525964645544,0.000533990554974126,0.537981024269884,0.537981024269884,-0.0143822486715853,-0.00497492843147034,-0.00497492843147034,0,0,0,0,0,0,0,0,0,0,1,0,0,1,745,0,0,0,0,0,0,-1.10815580467438e-05,4.33404079556998e-05,-1.10815580467438e-05,0,1,0,1
0.745,0.523598775598299,0.537910837665329,-0.0700207090318275,0.000533403801440355,0.537910837665329,0.537910837665329,-0.0143120620670298,-0.00495246405070613,-0.00495246405070613,0,0,0,0,0,0,0,0,0,0,1,0,0,1,746,0,0,0,0,0,0,-1.15393254346285e-05,4.35893997335207e-05,-1.15393254346285e-05,0,1,0,1
0.746,0.523598775598299,0.537840982574504,-0.0696896631513077,0.000531752849588492,0.537840982574504,0.537840982574504,-0.0142422069762047,-0.0049301491086311,-0.0049301491086311,0,0,0,0,0,0,0,0,0,0,1,0,0,1,747,0,0,0,0,0,0,-1.19619071582422e-05,4.37629402363152e-05,-1.19619071582422e-05,0,1,0,1
0.747,0.523598775598299,0.537771457910584,-0.0693599150910132,0.000529423995641745,0.537771457910584,0.537771457910584,-0.0141726823122853,-0.00490798233956066,-0.00490798233956066,0,0,0,0,0,0,0,0,0,0,1,0,0,1,748,0,0,0,0,0,0,-1.23495343523627e-05,4.38623076699923e-05,-1.23495343523627e-05,0,1,0,1
0.748,0.523598775598299,0.537702262220015,-0.0690317542637093,0.000526665827785794,0.537702262220015,0.537702262220015,-0.0141034866217167,-0.00488596153011376,-0.00488596153011376,0,0,0,0,0,0,0,0,0,0,1,0,0,1,749,0,0,0,0,0,0,-1.27028028872322e-05,4.38897243187492e-05,-1.27028028872322e-05,0,1,0,1
0.749,0.523598775598299,0.537633393817481,-0.0687053626137271,0.000523638653398304,0.537633393817481,0.537633393817481,-0.0140346182191817,-0.00486408389328308,-0.00486408389328308,0,0,0,0,0,0,0,0,0,0,1,0,0,1,750,0,0,0,0,0,0,-1.30225384691318e-05,4.38479825252136e-05,-1.30225384691318e-05,0,1,0,1
0.75,0.523598775598299,0.537564850872925,-0.0683808526953065,0.000520446162011394,0.537564850872925,0.537564850872925,-0.0139660752746263,-0.00484234630849895,-0.00484234630849895,0,0,0,0,0,0,0,0,0,0,1,0,0,1,751,0,0,0,0,0,0,-1.33097096814971e-05,4.37402046723004e-05,-1.33097096814971e-05,0,1,0,1
0.751,0.523598775598299,0.537496631467834,-0.0680582921005425,0.000517155709284199,0.537496631467834,0.537496631467834,-0.0138978558695355,-0.00482074547576768,-0.00482074547576768,0,0,0,0,0,0,0,0,0,0,1,0,0,1,752,0,0,0,0,0,0,-1.356537177577e-05,4.35696890942333e-05,-1.356537177577e-05,0,1,0,1
0.752,0.523598775598299,0.537428733631776,-0.0677377191423515,0.000513811312105164,0.537428733631776,0.537428733631776,-0.0138299580334772,-0.00479927801469141,-0.00479927801469141,0,0,0,0,0,0,0,0,0,0,1,0,0,1,753,0,0,0,0,0,0,-1.37906301924673e-05,4.33398111023484e-05,-1.37906301924673e-05,0,1,0,1
0.753,0.523598775598299,0.537361155366271,-0.0674191529346541,0.000510441974766945,0.537361155366271,0.537428733631776,-0.0138299580334772,-0.00495957272515361,-0.00495957272515361,0,0,0,0,0,0,0,0,0,0,1,0,1,0,0,0,1,1,0.001,0,0,-1.39866167563341e-05,-0.000138578237652766,5.35916487487409e-05,0,1,0,1
0.754,0.523598775598299,0.537293888914301,-0.067119186412248,0.000449529348760611,0.537293888914301,0.537293888914301,-0.0136951133160021,-0.00475435907760961,-0.00475435907760961,0,0,0,0,0,0,0,0,0,0,1,0,0,1,755,0,0,0,0,0,0,-1.4160220231263e-05,4.50860605728937e-05,-1.4160220231263e-05,0,1,0,1
0.755,0.523598775598299,0.537226914155818,-0.0668285894423365,0.000469625571328123,0.537226914155818,0.537293888914301,-0.0136951133160021,-0.00491329334954142,-0.00491329334954142,0,0,0,0,0,0,0,0,0,0,1,0,1,0,0,0,1,1,0.001,0,0,-1.4330690874198e-05,-0.00013532358679174,5.26440676084095e-05,0,1,0,1
0.756,0.523598775598299,0.537160228721917,-0.0665463373054243,0.000424226453465637,0.537160228721917,0.537160228721917,-0.0135614531236184,-0.0047099261498923,-0.0047099261498923,0,0,0,0,0,0,0,0,0,0,1,0,0,1,757,0,0,0,0,0,0,-1.44995263259284e-05,4.66421929781261e-05,-1.44995263259284e-05,0,1,0,1
0.757,0.523598775598299,0.53709382080114,-0.0662669319913479,0.000453689428171866,0.53709382080114,0.53709382080114,-0.0134950452028415,-0.00468901769546105,-0.00468901769546105,0,0,0,0,0,0,0,0,0,0,1,0,0,1,758,0,0,0,0,0,0,-1.46776653652259e-05,4.62231615519712e-05,-1.46776653652259e-05,0,1,0,1
0.758,0.523598775598299,0.537027698873349,-0.0659754043365002,0.000471282306628736,0.537027698873349,0.53709382080114,-0.0134950452028415,-0.00484587462280661,-0.00484587462280661,0,0,0,0,0,0,0,0,0,0,1,0,1,0,0,0,1,1,0.001,0,0,-1.4855754099985e-05,-0.000131887342314688,5.12661736916664e-05,0,1,0,1
0.759,0.523598775598299,0.536961866692369,-0.0656930961997722,0.000424984234388156,0.536961866692369,0.536961866692369,-0.0133630910940702,-0.00464505198790963,-0.00464505198790963,0,0,0,0,0,0,0,0,0,0,1,0,0,1,760,0,0,0,0,0,0,-1.50291633794764e-05,4.77555976007016e-05,-1.50291633794764e-05,0,1,0,1
0.76,0.523598775598299,0.536896311794622,-0.0654142472591962,0.000453089059261861,0.536896311794622,0.536896311794622,-0.0132975361963231,-0.00462437102715338,-0.00462437102715338,0,0,0,0,0,0,0,0,0,0,1,0,0,1,761,0,0,0,0,0,0,-1.52094802249314e-05,4.73307140500707e-05,-1.52094802249314e-05,0,1,0,1
0.761,0.523598775598299,0.53683104201782,-0.0651238657597912,0.000469792022688167,0.53683104201782,0.53683104201782,-0.0132322664195209,-0.00460374171675677,-0.00460374171675677,0,0,0,0,0,0,0,0,0,0,1,0,0,1,762,0,0,0,0,0,0,-1.53879891903186e-05,4.69279969254402e-05,-1.53879891903186e-05,0,1,0,1
0.762,0.523598775598299,0.536766066256835,-0.0648268624622104,0.000479202176260933,0.536766066256835,0.536766066256835,-0.0131672906585363,-0.00458319110966319,-0.00458319110966319,0,0,0,0,0,0,0,0,0,0,1,0,0,1,763,0,0,0,0,0,0,-1.55549165506974e-05,4.6520356411877e-05,-1.55549165506974e-05,0,1,0,1
0.763,0.523598775598299,0.536701389447077,-0.064526376521999,0.000483952384318729,0.536701389447077,0.536766066256835,-0.0131672906585363,-0.00473656911326229,-0.00473656911326229,0,0,0,0,0,0,0,0,0,0,1,0,1,0,0,0,1,1,0.001,0,0,-1.57044469830669e-05,-0.000127742154692547,4.89723627750127e-05,0,1,0,1
0.764,0.523598775598299,0.536637008494863,-0.0642402862755783,0.000430662559415204,0.536637008494863,0.536637008494863,-0.0130382328965641,-0.00454011437578763,-0.00454011437578763,0,0,0,0,0,0,0,0,0,0,1,0,0,1,765,0,0,0,0,0,0,-1.5838793250289e-05,4.79017726679118e-05,-1.5838793250289e-05,0,1,0,1
0.765,0.523598775598299,0.53657290686277,-0.0639610363207763,0.000453005056018149,0.53657290686277,0.53657290686277,-0.0129741312644709,-0.00451988187555057,-0.00451988187555057,0,0,0,0,0,0,0,0,0,0,1,0,0,1,766,0,0,0,0,0,0,-1.59736109052178e-05,4.7397114613143e-05,-1.59736109052178e-05,0,1,0,1
0.766,0.523598775598299,0.53650908942177,-0.0636727309428988,0.00046602604231053,0.53650908942177,0.53650908942177,-0.0129103138234709,-0.00449970986625958,-0.00449970986625958,0,0,0,0,0,0,0,0,0,0,1,0,0,1,767,0,0,0,0,0,0,-1.61031462090344e-05,4.69055690491063e-05,-1.61031462090344e-05,0,1,0,1
0.767,0.523598775598299,0.536445563071355,-0.0633793835946881,0.000473088505948859,0.536445563071355,0.536445563071355,-0.0128467874730558,-0.00447961993254132,-0.00447961993254132,0,0,0,0,0,0,0,0,0,0,1,0,0,1,768,0,0,0,0,0,0,-1.62196160611305e-05,4.64055001866553e-05,-1.62196160611305e-05,0,1,0,1
0.768,0.523598775598299,0.536382331476139,-0.0630835577814442,0.000476347305053108,0.536382331476139,0.536445563071355,-0.0128467874730558,-0.00462957418602249,-0.00462957418602249,0,0,0,0,0,0,0,0,0,0,1,0,1,0,0,0,1,1,0.001,0,0,-1.63184714495612e-05,-0.000124065257499223,4.69131237663678e-05,0,1,0,1
0.769,0.523598775598299,0.536319390859514,-0.0628024075716928,0.000423346543815992,0.536319390859514,0.536319390859514,-0.0127206152612156,-0.00443751286174819,-0.00443751286174819,0,0,0,0,0,0,0,0,0,0,1,0,0,1,770,0,0,0,0,0,0,-1.64026038467213e-05,4.75530043498804e-05,-1.64026038467213e-05,0,1,0,1
0.77,0.523598775598299,0.536256724564122,-0.0625283374342249,0.000444599505189937,0.536256724564122,0.536256724564122,-0.0126579489658232,-0.00441773492672229,-0.00441773492672229,0,0,0,0,0,0,0,0,0,0,1,0,0,1,771,0,0,0,0,0,0,-1.64877847923517e-05,4.69612594761921e-05,-1.64877847923517e-05,0,1,0,1
0.771,0.523598775598299,0.536194337031719,-0.0622456721261797,0.000456940313593155,0.536194337031719,0.536194337031719,-0.0125955614334204,-0.00439801424661888,-0.00439801424661888,0,0,0,0,0,0,0,0,0,0,1,0,0,1,772,0,0,0,0,0,0,-1.65686860743586e-05,4.63855803326876e-05,-1.65686860743586e-05,0,1,0,1
0.772,0.523598775598299,0.536132234796421,-0.0619582482964296,0.000463586038881938,0.536132234796421,0.536132234796421,-0.0125334591981224,-0.00437837147203624,-0.00437837147203624,0,0,0,0,0,0,0,0,0,0,1,0,0,1,773,0,0,0,0,0,0,-1.66378865394945e-05,4.58052518671481e-05,-1.66378865394945e-05,0,1,0,1
0.773,0.523598775598299,0.53607042130048,-0.061668515580114,0.000466597973059292,0.53607042130048,0.53607042130048,-0.0124716457021815,-0.00435881865845323,-0.00435881865845323,0,0,0,0,0,0,0,0,0,0,1,0,0,1,774,0,0,0,0,0,0,-1.66910563625944e-05,4.52081516031065e-05,-1.66910563625944e-05,0,1,0,1
0.774,0.523598775598299,0.536008898013736,-0.0613780348644323,0.00046729701341904,0.536008898013736,0.536008898013736,-0.0124101224154375,-0.00433936239350938,-0.00433936239350938,0,0,0,0,0,0,0,0,0,0,1,0,0,1,775,0,0,0,0,0,0,-1.67258376460033e-05,4.45876223988603e-05,-1.67258376460033e-05,0,1,0,1
0.775,0.523598775598299,0.535947665150962,-0.0610877974844508,0.000466529740463165,0.535947665150962,0.535947665150962,-0.0123488895526634,-0.00432000579999217,-0.00432000579999217,0,0,0,0,0,0,0,0,0,0,1,0,0,1,776,0,0,0,0,0,0,-1.67411271217999e-05,4.39404694966596e-05,-1.67411271217999e-05,0,1,0,1
0.776,0.523598775598299,0.535886722131609,-0.0607984297135664,0.000464838857574385,0.535886722131609,0.535886722131609,-0.0122879465333106,-0.00430074981859303,-0.00430074981859303,0,0,0,0,0,0,0,0,0,0,1,0,0,1,777,0,0,0,0,0,0,-1.67366164546268e-05,4.32656778035119e-05,-1.67366164546268e-05,0,1,0,1
0.777,0.523598775598299,0.535826067874517,-0.0605103237777428,0.000462572369100654,0.535826067874517,0.535886722131609,-0.0122879465333106,-0.00444461635447048,-0.00444461635447048,0,0,0,0,0,0,0,0,0,0,1,0,1,0,0,0,1,1,0.001,0,0,-1.67124975782862e-05,-0.000120458734635728,4.39417595138325e-05,0,1,0,1
0.778,0.523598775598299,0.535765695829427,-0.0602386088918288,0.000408311099914829,0.535765695829427,0.535886722131609,-0.0122879465333106,-0.00458569563808425,-0.00458569563808425,0,0,0,0,0,0,0,0,0,0,1,0,1,0,0,0,1,2,0.002,0,0,-1.66744312288802e-05,-0.000281323077435707,0.000104351870953034,0,1,0,1
0.779,0.523598775598299,0.535705577870088,-0.0600048532666166,0.00032349825644709,0.535705577870088,0.535705577870088,-0.0121068022717895,-0.00423721491190015,-0.00423721491190015,0,0,0,0,0,0,0,0,0,0,1,0,0,1,780,0,0,0,0,0,0,-1.66496538857031e-05,4.74453254602006e-05,-1.66496538857031e-05,0,1,0,1
0.78,0.523598775598299,0.535645684659042,-0.0597769476369475,0.000376015905108262,0.535645684659042,0.535645684659042,-0.0120469090607428,-0.0042183354429338,-0.0042183354429338,0,0,0,0,0,0,0,0,0,0,1,0,0,1,781,0,0,0,0,0,0,-1.6666613029459e-05,4.66851232707385e-05,-1.6666613029459e-05,0,1,0,1
0.781,0.523598775598299,0.535586031287931,-0.059526960274747,0.000408393000150627,0.535586031287931,0.535586031287931,-0.0119872556896324,-0.00419942983486959,-0.00419942983486959,0,0,0,0,0,0,0,0,0,0,1,0,0,1,782,0,0,0,0,0,0,-1.67093268785834e-05,4.60236262943108e-05,-1.67093268785834e-05,0,1,0,1
0.782,0.523598775598299,0.535526635178026,-0.0592635685922706,0.000427881734889432,0.535526635178026,0.535526635178026,-0.0119278595797271,-0.00418054910794288,-0.00418054910794288,0,0,0,0,0,0,0,0,0,0,1,0,0,1,783,0,0,0,0,0,0,-1.67594839101115e-05,4.54097260600556e-05,-1.67594839101115e-05,0,1,0,1
0.783,0.523598775598299,0.535467506752081,-0.0589923234578557,0.000439128156540694,0.535467506752081,0.535467506752081,-0.0118687311537823,-0.00416172476376082,-0.00416172476376082,0,0,0,0,0,0,0,0,0,0,1,0,0,1,784,0,0,0,0,0,0,-1.68057710410174e-05,4.48118305417869e-05,-1.68057710410174e-05,0,1,0,1
0.784,0.523598775598299,0.535408651957568,-0.0587167727073273,0.000445108876671757,0.535408651957568,0.535408651957568,-0.0118098763592697,-0.00414297583787829,-0.00414297583787829,0,0,0,0,0,0,0,0,0,0,1,0,0,1,785,0,0,0,0,0,0,-1.68413504421094e-05,4.4210811617075e-05,-1.68413504421094e-05,0,1,0,1
0.785,0.523598775598299,0.535350073883237,-0.0584391808441948,0.000447731087898676,0.535350073883237,0.535350073883237,-0.0117512982849385,-0.00412431341721475,-0.00412431341721475,0,0,0,0,0,0,0,0,0,0,1,0,0,1,786,0,0,0,0,0,0,-1.6862243018001e-05,4.35954876822388e-05,-1.6862243018001e-05,0,1,0,1
0.786,0.523598775598299,0.535291773794876,-0.0581609900754115,0.000448216909679107,0.535291773794876,0.535291773794876,-0.0116929981965773,-0.00410574353350616,-0.00410574353350616,0,0,0,0,0,0,0,0,0,0,1,0,0,1,787,0,0,0,0,0,0,-1.68662926876006e-05,4.29597302354194e-05,-1.68662926876006e-05,0,1,0,1
0.787,0.523598775598299,0.535233751799014,-0.0578831156572053,0.000447349584994801,0.535233751799014,0.535233751799014,-0.0116349762007153,-0.00408726901647066,-0.00408726901647066,0,0,0,0,0,0,0,0,0,0,1,0,0,1,788,0,0,0,0,0,0,-1.68525027235411e-05,4.23006107428923e-05,-1.68525027235411e-05,0,1,0,1
0.788,0.523598775598299,0.535176007268268,-0.0576061351062894,0.000445631184896157,0.535176007268268,0.535176007268268,-0.0115772316699695,-0.00406889068055985,-0.00406889068055985,0,0,0,0,0,0,0,0,0,0,1,0,0,1,789,0,0,0,0,0,0,-1.68206104451674e-05,4.16172139203475e-05,-1.68206104451674e-05,0,1,0,1
0.789,0.523598775598299,0.535118539113989,-0.057330409424919,0.000443383628933122,0.535118539113989,0.535118539113989,-0.0115197635156906,-0.00405060808479689,-0.00405060808479689,0,0,0,0,0,0,0,0,0,0,1,0,0,1,790,0,0,0,0,0,0,-1.6770814612932e-05,4.09098779277015e-05,-1.6770814612932e-05,0,1,0,1
0.79,0.523598775598299,0.535061345961067,-0.0570561607760046,0.000440813396258375,0.535061345961067,0.535118539113989,-0.0115197635156906,-0.00418613982744276,-0.00418613982744276,0,0,0,0,0,0,0,0,0,0,1,0,1,0,0,0,1,1,0.001,0,0,-1.67036006624155e-05,-0.000113540100265264,4.04895522598814e-05,0,1,0,1
0.791,0.523598775598299,0.535004421396884,-0.056797559850251,0.000389357424485396,0.535004421396884,0.535004421396884,-0.0114056457985848,-0.0040123185474484,-0.0040123185474484,0,0,0,0,0,0,0,0,0,0,1,0,0,1,792,0,0,0,0,0,0,-1.66244917891856e-05,4.14345336999626e-05,-1.66244917891856e-05,0,1,0,1
0.792,0.523598775598299,0.534947748444845,-0.0565468726953345,0.000406349802546578,0.534947748444845,0.534947748444845,-0.011348972846546,-0.00399432421910236,-0.00399432421910236,0,0,0,0,0,0,0,0,0,0,1,0,0,1,793,0,0,0,0,0,0,-1.65495754564926e-05,4.06536969557378e-05,-1.65495754564926e-05,0,1,0,1
0.793,0.523598775598299,0.534891329910665,-0.0562893657935909,0.00041610811759926,0.534891329910665,0.534891329910665,-0.0112925543123662,-0.00397637489667304,-0.00397637489667304,0,0,0,0,0,0,0,0,0,0,1,0,0,1,794,0,0,0,0,0,0,-1.6475157147311e-05,3.98992247948211e-05,-1.6475157147311e-05,0,1,0,1
0.794,0.523598775598299,0.534835170941613,-0.0560281519967955,0.000421248132919173,0.534835170941613,0.534891329910665,-0.0112925543123662,-0.00410942776715431,-0.00410942776715431,0,0,0,0,0,0,0,0,0,0,1,0,1,0,0,0,1,1,0.001,0,0,-1.63952011564827e-05,-0.000111786182042689,3.97637678958285e-05,0,1,0,1
0.795,0.523598775598299,0.534779269402435,-0.0557790002199227,0.000375630604062078,0.534779269402435,0.534779269402435,-0.0111804938041363,-0.00393870224432692,-0.00393870224432692,0,0,0,0,0,0,0,0,0,0,1,0,0,1,796,0,0,0,0,0,0,-1.63109547023366e-05,4.03779485985065e-05,-1.63109547023366e-05,0,1,0,1
0.796,0.523598775598299,0.534723611288281,-0.0555355044799829,0.000395458061809006,0.534723611288281,0.534779269402435,-0.0111804938041363,-0.00407056827256504,-0.00407056827256504,0,0,0,0,0,0,0,0,0,0,1,0,1,0,0,0,1,1,0.001,0,0,-1.62355350405985e-05,-0.000109978443486477,3.94225791136016e-05,0,1,0,1
0.797,0.523598775598299,0.534668196327351,-0.055297619786824,0.000359662255268476,0.534668196327351,0.534668196327351,-0.0110694207290518,-0.00390133104700015,-0.00390133104700015,0,0,0,0,0,0,0,0,0,0,1,0,0,1,798,0,0,0,0,0,0,-1.61683268488089e-05,4.08393290015074e-05,-1.61683268488089e-05,0,1,0,1
0.798,0.523598775598299,0.534613015751824,-0.0550612902836249,0.000385320045746939,0.534613015751824,0.534613015751824,-0.0110142401535255,-0.00388370693203997,-0.00388370693203997,0,0,0,0,0,0,0,0,0,0,1,0,0,1,799,0,0,0,0,0,0,-1.61172113342101e-05,4.01147823774137e-05,-1.61172113342101e-05,0,1,0,1
0.799,0.523598775598299,0.534558077244209,-0.05481440167161,0.000400632870385132,0.534558077244209,0.534613015751824,-0.0110142401535255,-0.00401376881400943,-0.00401376881400943,0,0,0,0,0,0,0,0,0,0,1,0,1,0,0,0,1,1,0.001,0,0,-1.60736199211753e-05,-0.000108225090639704,3.88648876943343e-05,0,1,0,1
0.8,0.523598775598299,0.534503384299367,-0.0545748925762544,0.000362557160820056,0.534503384299367,0.534503384299367,-0.0109046087010677,-0.00384663503199789,-0.00384663503199789,0,0,0,0,0,0,0,0,0,0,1,0,0,1,801,0,0,0,0,0,0,-1.60331722561802e-05,4.07012482540776e-05,-1.60331722561802e-05,0,1,0,1
0.801,0.523598775598299,0.534448926772635,-0.0543381063299459,0.000386110897793056,0.534448926772635,0.534503384299367,-0.0109046087010677,-0.00397553175088073,-0.00397553175088073,0,0,0,0,0,0,0,0,0,0,1,0,1,0,0,0,1,1,0.001,0,0,-1.60051281218321e-05,-0.000106332490045664,3.84523986097784e-05,0,1,0,1
0.802,0.523598775598299,0.53439470665349,-0.0541050331783032,0.000353708245099137,0.53439470665349,0.53439470665349,-0.0107959310551908,-0.0038098172438239,-0.0038098172438239,0,0,0,0,0,0,0,0,0,0,1,0,0,1,803,0,0,0,0,0,0,-1.59866138071951e-05,4.13152954732328e-05,-1.59866138071951e-05,0,1,0,1
0.803,0.523598775598299,0.534340716785191,-0.0538723658924991,0.000380450496892535,0.534340716785191,0.53439470665349,-0.0107959310551908,-0.00393755657859362,-0.00393755657859362,0,0,0,0,0,0,0,0,0,0,1,0,1,0,0,0,1,1,0.001,0,0,-1.59839024940212e-05,-0.000104420590343695,3.80059658050547e-05,0,1,0,1
0.804,0.523598775598299,0.534286960981861,-0.0536419269167707,0.000350471975837197,0.534286960981861,0.53439470665349,-0.0107959310551908,-0.0040628017227258,-0.0040628017227258,0,0,0,0,0,0,0,0,0,0,1,0,1,0,0,0,1,2,0.002,0,0,-1.59922972093884e-05,-0.00024759224395883,9.17533744190235e-05,0,1,0,1
0.805,0.523598775598299,0.534233424151223,-0.053437419527117,0.000286595314852107,0.534233424151223,0.534233424151223,-0.0106346485529246,-0.00375215307077777,-0.00375215307077777,0,0,0,0,0,0,0,0,0,0,1,0,0,1,806,0,0,0,0,0,0,-1.60260081231156e-05,4.51998096337794e-05,-1.60260081231156e-05,0,1,0,1
0.806,0.523598775598299,0.534180086487222,-0.0532331440813878,0.000340694031816466,0.534180086487222,0.534233424151223,-0.0106346485529246,-0.00387828083124567,-0.00387828083124567,0,0,0,0,0,0,0,0,0,0,1,0,1,0,0,0,1,1,0.001,0,0,-1.61039599532176e-05,-9.87147699831707e-05,3.72337040477344e-05,0,1,0,1
0.807,0.523598775598299,0.534126960874078,-0.0530191729626689,0.000328702680995232,0.534126960874078,0.534126960874078,-0.0105281852757788,-0.00371579697713007,-0.00371579697713007,0,0,0,0,0,0,0,0,0,0,1,0,0,1,808,0,0,0,0,0,0,-1.62123879465792e-05,4.60519108119936e-05,-1.62123879465792e-05,0,1,0,1
0.808,0.523598775598299,0.534074051022109,-0.0527971323645973,0.000367408526064174,0.534074051022109,0.534074051022109,-0.0104752754238099,-0.00369857707914505,-0.00369857707914505,0,0,0,0,0,0,0,0,0,0,1,0,0,1,809,0,0,0,0,0,0,-1.63467020820596e-05,4.56241464959171e-05,-1.63467020820596e-05,0,1,0,1
0.809,0.523598775598299,0.534021371956126,-0.0525589464973425,0.000390947964909235,0.534021371956126,0.534021371956126,-0.0104225963578274,-0.00368137498176938,-0.00368137498176938,0,0,0,0,0,0,0,0,0,0,1,0,0,1,810,0,0,0,0,0,0,-1.64909987109274e-05,4.52479563772257e-05,-1.64909987109274e-05,0,1,0,1
0.81,0.523598775598299,0.533968936312135,-0.0523111492717979,0.000404782463325155,0.533968936312135,0.533968936312135,-0.0103701607138361,-0.00366422803145154,-0.00366422803145154,0,0,0,0,0,0,0,0,0,0,1,0,0,1,811,0,0,0,0,0,0,-1.66317638818914e-05,4.48858564154435e-05,-1.66317638818914e-05,0,1,0,1
0.811,0.523598775598299,0.533916751456603,-0.0520579199766201,0.000412411175436612,0.533916751456603,0.533916751456603,-0.010317975858304,-0.00364715889574747,-0.00364715889574747,0,0,0,0,0,0,0,0,0,0,1,0,0,1,812,0,0,0,0,0,0,-1.6760754101619e-05,4.45150401100422e-05,-1.6760754101619e-05,0,1,0,1
0.812,0.523598775598299,0.533864821386811,-0.0518019292375645,0.000416076227210074,0.533864821386811,0.533864821386811,-0.0102660457885119,-0.00363018087418076,-0.00363018087418076,0,0,0,0,0,0,0,0,0,0,1,0,0,1,813,0,0,0,0,0,0,-1.68730960129482e-05,4.41220676648188e-05,-1.68730960129482e-05,0,1,0,1
0.813,0.523598775598299,0.533813147948515,-0.0515448809324654,0.000417214491386386,0.533813147948515,0.533813147948515,-0.0102143723502163,-0.00361330130022838,-0.00361330130022838,0,0,0,0,0,0,0,0,0,0,1,0,0,1,814,0,0,0,0,0,0,-1.69660687604489e-05,4.36994640271061e-05,-1.69660687604489e-05,0,1,0,1
0.814,0.523598775598299,0.533761731616277,-0.0512878593479752,0.000416746976200277,0.533761731616277,0.533813147948515,-0.0102143723502163,-0.00373471698897529,-0.00373471698897529,0,0,0,0,0,0,0,0,0,0,1,0,1,0,0,0,1,1,0.001,0,0,-1.70383236888227e-05,-9.49497287409777e-05,3.43780085487744e-05,0,1,0,1
0.815,0.523598775598299,0.533710567621678,-0.0510441712979054,0.000371487159499178,0.533710567621678,0.533813147948515,-0.0102143723502163,-0.00385375398789384,-0.00385375398789384,0,0,0,0,0,0,0,0,0,0,1,0,1,0,0,0,1,2,0.002,0,0,-1.70937561565498e-05,-0.000231151702218293,8.54865706808594e-05,0,1,0,1
0.816,0.523598775598299,0.533659632518612,-0.0508324056210132,0.000299880815086073,0.533659632518612,0.533659632518612,-0.010060856920313,-0.00355788458543919,-0.00355788458543919,0,0,0,0,0,0,0,0,0,0,1,0,0,1,817,0,0,0,0,0,0,-1.71549402646631e-05,4.76211098045208e-05,-1.71549402646631e-05,0,1,0,1
0.817,0.523598775598299,0.533608901587447,-0.0506255430185524,0.000344378994682188,0.533608901587447,0.533608901587447,-0.0100101259891477,-0.0035414018339801,-0.0035414018339801,0,0,0,0,0,0,0,0,0,0,1,0,0,1,818,0,0,0,0,0,0,-1.72457247287205e-05,4.70755084175933e-05,-1.72457247287205e-05,0,1,0,1
0.818,0.523598775598299,0.533558387606797,-0.0504000358336377,0.000371617563828518,0.533558387606797,0.533558387606797,-0.0099596120084986,-0.00352491784897283,-0.00352491784897283,0,0,0,0,0,0,0,0,0,0,1,0,0,1,819,0,0,0,0,0,0,-1.73524611264408e-05,4.65992304417469e-05,-1.73524611264408e-05,0,1,0,1
0.819,0.523598775598299,0.533508105227552,-0.050163319957832,0.000387811699398276,0.533508105227552,0.533558387606797,-0.0099596120084986,-0.00364362113708867,-0.00364362113708867,0,0,0,0,0,0,0,0,0,0,1,0,1,0,0,0,1,1,0.001,0,0,-1.74596298995189e-05,-8.89963796754448e-05,3.28227493454625e-05,0,1,0,1
0.82,0.523598775598299,0.533458058828025,-0.049932493150183,0.000354131742279062,0.533458058828025,0.533558387606797,-0.0099596120084986,-0.00375999437817745,-0.00375999437817745,0,0,0,0,0,0,0,0,0,0,1,0,1,0,0,0,1,2,0.002,0,0,-1.75619852263997e-05,-0.00022219415179911,8.27667935461296e-05,0,1,0,1
0.821,0.523598775598299,0.533408231223555,-0.0497283536742819,0.000290788368431756,0.533408231223555,0.533408231223555,-0.0098094556252557,-0.00347053642899619,-0.00347053642899619,0,0,0,0,0,0,0,0,0,0,1,0,0,1,822,0,0,0,0,0,0,-1.76758454450976e-05,5.05069061854553e-05,-1.76758454450976e-05,0,1,0,1
0.822,0.523598775598299,0.53335860187021,-0.0495261531646103,0.000338510257174845,0.53335860187021,0.533408231223555,-0.0098094556252557,-0.00358771635575876,-0.00358771635575876,0,0,0,0,0,0,0,0,0,0,1,0,1,0,0,0,1,1,0.001,0,0,-1.78208893760745e-05,-8.33624241525568e-05,3.18084639688854e-05,0,1,0,1
0.823,0.523598775598299,0.533309181325986,-0.0493161157762726,0.000325499807062377,0.533309181325986,0.533408231223555,-0.0098094556252557,-0.00370259235735624,-0.00370259235735624,0,0,0,0,0,0,0,0,0,0,1,0,1,0,0,0,1,2,0.002,0,0,-1.79856951464386e-05,-0.000214860494989134,8.10642024222652e-05,0,1,0,1
0.824,0.523598775598299,0.533259963613117,-0.0491237361574647,0.000275818646727357,0.533259963613117,0.533259963613117,-0.00966118801481786,-0.00341673892008647,-0.00341673892008647,0,0,0,0,0,0,0,0,0,0,1,0,0,1,825,0,0,0,0,0,0,-1.81753779039395e-05,5.44380530484445e-05,-1.81753779039395e-05,0,1,0,1
0.825,0.523598775598299,0.533210935430219,-0.0489277624386683,0.00033106549423227,0.533210935430219,0.533210935430219,-0.00961215983192043,-0.00340063084031814,-0.00340063084031814,0,0,0,0,0,0,0,0,0,0,1,0,0,1,826,0,0,0,0,0,0,-1.84023776936826e-05,5.4058268238677e-05,-1.84023776936826e-05,0,1,0,1
0.826,0.523598775598299,0.533162115782187,-0.0487085532317048,0.000365045397697994,0.533162115782187,0.533162115782187,-0.00956334018388794,-0.0033845140725421,-0.0033845140725421,0,0,0,0,0,0,0,0,0,0,1,0,0,1,827,0,0,0,0,0,0,-1.86468295886311e-05,5.37540397364637e-05,-1.86468295886311e-05,0,1,0,1
0.827,0.523598775598299,0.533113522983034,-0.0484752723259631,0.000385412205889472,0.533113522983034,0.533113522983034,-0.00951474738473534,-0.00336844152947439,-0.00336844152947439,0,0,0,0,0,0,0,0,0,0,1,0,0,1,828,0,0,0,0,0,0,-1.88895608665973e-05,5.3472297492186e-05,-1.88895608665973e-05,0,1,0,1
0.828,0.523598775598299,0.533065167954917,-0.0482337836750674,0.00039706972492701,0.533065167954917,0.533065167954917,-0.00946639235661773,-0.00335244552873239,-0.00335244552873239,0,0,0,0,0,0,0,0,0,0,1,0,0,1,829,0,0,0,0,0,0,-1.91187920133284e-05,5.31805655951505e-05,-1.91187920133284e-05,0,1,0,1
0.829,0.523598775598299,0.533017056891337,-0.0479878369475737,0.000403160131393349,0.533017056891337,0.533065167954917,-0.00946639235661773,-0.00346585483169239,-0.00346585483169239,0,0,0,0,0,0,0,0,0,0,1,0,1,0,0,0,1,1,0.001,0,0,-1.93274735366122e-05,-7.64500765628104e-05,2.87835900432132e-05,0,1,0,1
0.83,0.523598775598299,0.53296918887271,-0.0477516354426691,0.000364734251537153,0.53296918887271,0.53296918887271,-0.00937041327441102,-0.00331906375485891,-0.00331906375485891,0,0,0,0,0,0,0,0,0,0,1,0,0,1,831,0,0,0,0,0,0,-1.95156704236865e-05,5.41858943659684e-05,-1.95156704236865e-05,0,1,0,1
0.831,0.523598775598299,0.53292155225056,-0.0475201359563115,0.000381713093959943,0.53292155225056,0.53292155225056,-0.009322776652261,-0.00330339025803097,-0.00330339025803097,0,0,0,0,0,0,0,0,0,0,1,0,0,1,832,0,0,0,0,0,0,-1.96941779647686e-05,5.37703575365228e-05,-1.96941779647686e-05,0,1,0,1
0.832,0.523598775598299,0.532874150837036,-0.0472818814434082,0.000391214010018535,0.532874150837036,0.532874150837036,-0.00927537523873689,-0.00328779388210513,-0.00328779388210513,0,0,0,0,0,0,0,0,0,0,1,0,0,1,833,0,0,0,0,0,0,-1.98583322577051e-05,5.334361012959e-05,-1.98583322577051e-05,0,1,0,1
0.833,0.523598775598299,0.532826989658182,-0.0470400901372845,0.000395938712309331,0.532826989658182,0.532826989658182,-0.00922821405988283,-0.00327229065365705,-0.00327229065365705,0,0,0,0,0,0,0,0,0,0,1,0,0,1,834,0,0,0,0,0,0,-2.00022569583069e-05,5.28894627902683e-05,-2.00022569583069e-05,0,1,0,1
0.834,0.523598775598299,0.532780071147314,-0.0467968153598202,0.000397618605420953,0.532780071147314,0.532780071147314,-0.00918129554901492,-0.00325688941017529,-0.00325688941017529,0,0,0,0,0,0,0,0,0,0,1,0,0,1,835,0,0,0,0,0,0,-2.01226699229062e-05,5.23989144127039e-05,-2.01226699229062e-05,0,1,0,1
0.835,0.523598775598299,0.532733396085304,-0.046553363835819,0.000397363491269351,0.532733396085304,0.532733396085304,-0.00913462048700509,-0.00324159442595908,-0.00324159442595908,0,0,0,0,0,0,0,0,0,0,1,0,0,1,836,0,0,0,0,0,0,-2.02179429447114e-05,5.18675262637311e-05,-2.02179429447114e-05,0,1,0,1
0.836,0.523598775598299,0.532686964203272,-0.0463105636817334,0.00039588493644977,0.532686964203272,0.532733396085304,-0.00913462048700509,-0.00335120350141189,-0.00335120350141189,0,0,0,0,0,0,0,0,0,0,1,0,1,0,0,0,1,1,0.001,0,0,-2.02874990801183e-05,-7.35026672932619e-05,2.61443829516761e-05,0,1,0,1
0.837,0.523598775598299,0.532640770620876,-0.0460803324249842,0.000354106190936099,0.532640770620876,0.532640770620876,-0.00904199502257674,-0.00320969822852527,-0.00320969822852527,0,0,0,0,0,0,0,0,0,0,1,0,0,1,838,0,0,0,0,0,0,-2.03353743786217e-05,5.23065757375707e-05,-2.03353743786217e-05,0,1,0,1
0.838,0.523598775598299,0.532594801549127,-0.0458566539545034,0.000367508015091748,0.532594801549127,0.532594801549127,-0.00899602595082827,-0.0031947319253564,-0.0031947319253564,0,0,0,0,0,0,0,0,0,0,1,0,0,1,839,0,0,0,0,0,0,-2.03745150828549e-05,5.16417705255963e-05,-2.03745150828549e-05,0,1,0,1
0.839,0.523598775598299,0.532549059048386,-0.0456277330007595,0.000374791910747818,0.532549059048386,0.532549059048386,-0.00895028345008686,-0.00317983352708564,-0.00317983352708564,0,0,0,0,0,0,0,0,0,0,1,0,0,1,840,0,0,0,0,0,0,-2.04020196564736e-05,5.0973814375313e-05,-2.04020196564736e-05,0,1,0,1
0.84,0.523598775598299,0.53250354694726,-0.045396200677929,0.000378173906048091,0.53250354694726,0.53250354694726,-0.00890477134896162,-0.00316501595154066,-0.00316501595154066,0,0,0,0,0,0,0,0,0,0,1,0,0,1,841,0,0,0,0,0,0,-2.04132198977636e-05,5.02896212197686e-05,-2.04132198977636e-05,0,1,0,1
0.841,0.523598775598299,0.532458266956288,-0.0451637326514266,0.000379074007283574,0.532458266956288,0.532458266956288,-0.00885949135798914,-0.0031502862397692,-0.0031502862397692,0,0,0,0,0,0,0,0,0,0,1,0,0,1,842,0,0,0,0,0,0,-2.04055672797798e-05,4.95819810659645e-05,-2.04055672797798e-05,0,1,0,1
0.842,0.523598775598299,0.5324132194391,-0.044931392315042,0.000378402268948478,0.5324132194391,0.5324132194391,-0.00881444384080143,-0.00313564770941733,-0.00313564770941733,0,0,0,0,0,0,0,0,0,0,1,0,0,1,843,0,0,0,0,0,0,-2.03778617999806e-05,4.88474066353585e-05,-2.03778617999806e-05,0,1,0,1
0.843,0.523598775598299,0.53236840390664,-0.0446998506441928,0.000376742039622985,0.53236840390664,0.53236840390664,-0.00876962830834116,-0.00312110133377022,-0.00312110133377022,0,0,0,0,0,0,0,0,0,0,1,0,0,1,844,0,0,0,0,0,0,-2.03297577814343e-05,4.80847543395217e-05,-2.03297577814343e-05,0,1,0,1
0.844,0.523598775598299,0.532323819333942,-0.0444695270522215,0.000374467343280745,0.532323819333942,0.532323819333942,-0.00872504373564364,-0.00310664662473309,-0.00310664662473309,0,0,0,0,0,0,0,0,0,0,1,0,0,1,845,0,0,0,0,0,0,-2.02614471078721e-05,4.72943413180743e-05,-2.02614471078721e-05,0,1,0,1
0.845,0.523598775598299,0.532279464363235,-0.0442406796435935,0.000371818070676777,0.532279464363235,0.532279464363235,-0.00868068876493644,-0.00309228219801239,-0.00309228219801239,0,0,0,0,0,0,0,0,0,0,1,0,0,1,846,0,0,0,0,0,0,-2.01734561399158e-05,4.64773802733437e-05,-2.01734561399158e-05,0,1,0,1
0.846,0.523598775598299,0.532235337434191,-0.0440134630518415,0.000368948145733091,0.532235337434191,0.532279464363235,-0.00868068876493644,-0.00319660744845267,-0.00319660744845267,0,0,0,0,0,0,0,0,0,0,1,0,1,0,0,0,1,1,0.001,0,0,-2.00665154782564e-05,-7.29656958487722e-05,2.40604135658407e-05,0,1,0,1
0.847,0.523598775598299,0.532191433115362,-0.0437987961045716,0.000328385707643302,0.532191433115362,0.532191433115362,-0.00859265751706306,-0.00306226829196622,-0.00306226829196622,0,0,0,0,0,0,0,0,0,0,1,0,0,1,848,0,0,0,0,0,0,-1.99452285459811e-05,4.63190242292223e-05,-1.99452285459811e-05,0,1,0,1
0.848,0.523598775598299,0.532147737838414,-0.0435906987434765,0.000340656794388807,0.532147737838414,0.532147737838414,-0.0085489622401147,-0.00304816980162688,-0.00304816980162688,0,0,0,0,0,0,0,0,0,0,1,0,0,1,849,0,0,0,0,0,0,-1.98223373677475e-05,4.54262940372714e-05,-1.98223373677475e-05,0,1,0,1
0.849,0.523598775598299,0.532104253310383,-0.0433777913841562,0.000347367864139166,0.532104253310383,0.532147737838414,-0.0085489622401147,-0.00315099349881575,-0.00315099349881575,0,0,0,0,0,0,0,0,0,0,1,0,1,0,0,0,1,1,0.001,0,0,-1.969531032886e-05,-7.23255817698699e-05,2.37892177015198e-05,0,1,0,1
0.85,0.523598775598299,0.532060979359142,-0.0431731371850571,0.000313512495882202,0.532060979359142,0.532147737838414,-0.0085489622401147,-0.0032517856030172,-0.0032517856030172,0,0,0,0,0,0,0,0,0,0,1,0,1,0,0,0,1,2,0.002,0,0,-1.95634967266045e-05,-0.000187982997192863,6.71949825448159e-05,0,1,0,1
0.851,0.523598775598299,0.532017898558188,-0.042993612917744,0.000255660525190708,0.532017898558188,0.532147737838414,-0.0085489622401147,-0.00335061483668918,-0.00335061483668918,0,0,0,0,0,0,0,0,0,0,1,0,1,0,0,0,1,3,0.003,0,0,-1.94435019925665e-05,-0.00030161484974222,0.000110395778232797,0,1,0,1
0.852,0.523598775598299,0.53197498043327,-0.0428489709539371,0.000184367695422802,0.53197498043327,0.53197498043327,-0.00837620483497115,-0.00298322216965354,-0.00298322216965354,0,0,0,0,0,0,0,0,0,0,1,0,0,1,853,0,0,0,0,0,0,-1.93649810823482e-05,5.10377151872465e-05,-1.93649810823482e-05,0,1,0,1
0.853,0.523598775598299,0.531932201883086,-0.0427020332388808,0.000253415620007938,0.531932201883086,0.53197498043327,-0.00837620483497115,-0.00308434325265415,-0.00308434325265415,0,0,0,0,0,0,0,0,0,0,1,0,1,0,0,0,1,1,0.001,0,0,-1.9350217790759e-05,-6.47611292260222e-05,2.34283323933271e-05,0,1,0,1
0.854,0.523598775598299,0.531889582414231,-0.042536347362345,0.000259955714732746,0.531889582414231,0.531889582414231,-0.00829080681593231,-0.00295393420318098,-0.00295393420318098,0,0,0,0,0,0,0,0,0,0,1,0,0,1,855,0,0,0,0,0,0,-1.93788898184e-05,5.10323229614036e-05,-1.93788898184e-05,0,1,0,1
0.855,0.523598775598299,0.53184713377555,-0.042357311808928,0.000301075656395876,0.53184713377555,0.53184713377555,-0.008248358177251,-0.00294000220893792,-0.00294000220893792,0,0,0,0,0,0,0,0,0,0,1,0,0,1,856,0,0,0,0,0,0,-1.94384344327503e-05,5.04107070045841e-05,-1.94384344327503e-05,0,1,0,1
0.856,0.523598775598299,0.531804873488082,-0.0421610691855718,0.000326141783246132,0.531804873488082,0.531804873488082,-0.00820609788978333,-0.0029260706764799,-0.0029260706764799,0,0,0,0,0,0,0,0,0,0,1,0,0,1,857,0,0,0,0,0,0,-1.95105185343269e-05,4.98504388487427e-05,-1.95105185343269e-05,0,1,0,1
0.857,0.523598775598299,0.531762815044548,-0.0419545349668227,0.000340937974996976,0.531762815044548,0.531762815044548,-0.00816403944624911,-0.00291217923238439,-0.00291217923238439,0,0,0,0,0,0,0,0,0,0,1,0,0,1,858,0,0,0,0,0,0,-1.95808391856289e-05,4.93117139717808e-05,-1.95808391856289e-05,0,1,0,1
0.858,0.523598775598299,0.531720966361193,-0.0417421310415211,0.000349169826648938,0.531720966361193,0.531762815044548,-0.00816403944624911,-0.00301082996537036,-0.00301082996537036,0,0,0,0,0,0,0,0,0,0,1,0,1,0,0,0,1,1,0.001,0,0,-1.96406717780651e-05,-6.37077347185148e-05,2.22080115770407e-05,0,1,0,1
0.859,0.523598775598299,0.531679328231845,-0.0415369530828342,0.000317580694433347,0.531679328231845,0.531679328231845,-0.00808055263354579,-0.0028831350370252,-0.0028831350370252,0,0,0,0,0,0,0,0,0,0,1,0,0,1,860,0,0,0,0,0,0,-1.96884159877619e-05,4.9679752402474e-05,-1.96884159877619e-05,0,1,0,1
0.86,0.523598775598299,0.531637891520953,-0.0413350870922113,0.000333484063122273,0.531637891520953,0.531637891520953,-0.00803911592265438,-0.00286947958945306,-0.00286947958945306,0,0,0,0,0,0,0,0,0,0,1,0,0,1,861,0,0,0,0,0,0,-1.9732402747219e-05,4.90888540411218e-05,-1.9732402747219e-05,0,1,0,1
0.861,0.523598775598299,0.531596660160682,-0.041126868263526,0.000342437626366426,0.531596660160682,0.531596660160682,-0.00799788456238315,-0.00285588209668036,-0.00285588209668036,0,0,0,0,0,0,0,0,0,0,1,0,0,1,862,0,0,0,0,0,0,-1.97678971661785e-05,4.85009165952927e-05,-1.97678971661785e-05,0,1,0,1
0.862,0.523598775598299,0.531555638897214,-0.0409152868896047,0.000346954740231344,0.531555638897214,0.531555638897214,-0.00795686329891498,-0.00284235785648082,-0.00284235785648082,0,0,0,0,0,0,0,0,0,0,1,0,0,1,863,0,0,0,0,0,0,-1.97893522371206e-05,4.79004623432644e-05,-1.97893522371206e-05,0,1,0,1
0.863,0.523598775598299,0.531514830068313,-0.0407022496304539,0.000348645886574517,0.531514830068313,0.531514830068313,-0.00791605447001409,-0.00282891547682464,-0.00282891547682464,0,0,0,0,0,0,0,0,0,0,1,0,0,1,864,0,0,0,0,0,0,-1.97936312844593e-05,4.7278703007525e-05,-1.97936312844593e-05,0,1,0,1
0.864,0.523598775598299,0.531474234477942,-0.0404889687533191,0.000348543152520857,0.531474234477942,0.531474234477942,-0.00787545887964303,-0.00281555931867867,-0.00281555931867867,0,0,0,0,0,0,0,0,0,0,1,0,0,1,865,0,0,0,0,0,0,-1.97791333590436e-05,4.66310969695211e-05,-1.97791333590436e-05,0,1,0,1
0.865,0.523598775598299,0.531433851956753,-0.0402762114908222,0.000347308079547758,0.531433851956753,0.531433851956753,-0.0078350763584546,-0.00280229106052014,-0.00280229106052014,0,0,0,0,0,0,0,0,0,0,1,0,0,1,866,0,0,0,0,0,0,-1.97452327563852e-05,4.59557847674701e-05,-1.97452327563852e-05,0,1,0,1
0.866,0.523598775598299,0.53139368172134,-0.0400644597958839,0.000345364804358776,0.53139368172134,0.53139368172134,-0.00779490612304157,-0.0027891107002088,-0.0027891107002088,0,0,0,0,0,0,0,0,0,0,1,0,0,1,867,0,0,0,0,0,0,-1.96919197782419e-05,4.52525872395651e-05,-1.96919197782419e-05,0,1,0,1
0.867,0.523598775598299,0.531353722604553,-0.0398540126997276,0.000342985345006604,0.531353722604553,0.531353722604553,-0.00775494700625401,-0.00277601719641061,-0.00277601719641061,0,0,0,0,0,0,0,0,0,0,1,0,0,1,868,0,0,0,0,0,0,-1.96195704250668e-05,4.45223641118049e-05,-1.96195704250668e-05,0,1,0,1
0.868,0.523598775598299,0.5313139732032,-0.0396450519028862,0.00034034423338209,0.5313139732032,0.5313139732032,-0.00771519760490125,-0.0027630088790856,-0.0027630088790856,0,0,0,0,0,0,0,0,0,0,1,0,0,1,869,0,0,0,0,0,0,-1.95287987042603e-05,4.37666035234818e-05,-1.95287987042603e-05,0,1,0,1
0.869,0.523598775598299,0.531274431972809,-0.0394376838138321,0.000337553512331168,0.531274431972809,0.531274431972809,-0.00767565637451062,-0.00275008371200941,-0.00275008371200941,0,0,0,0,0,0,0,0,0,0,1,0,0,1,870,0,0,0,0,0,0,-1.9420361881517e-05,4.2987159518993e-05,-1.9420361881517e-05,0,1,0,1
0.87,0.523598775598299,0.531235097288448,-0.039231966499938,0.000334685155200097,0.531235097288448,0.531274431972809,-0.00767565637451062,-0.00284296050979727,-0.00284296050979727,0,0,0,0,0,0,0,0,0,0,1,0,1,0,0,0,1,1,0.001,0,0,-1.92950996681374e-05,-6.35349649649175e-05,2.003958469321e-05,0,1,0,1
0.871,0.523598775598299,0.531195964139139,-0.0390375813478152,0.000298294981836167,0.531195964139139,0.531274431972809,-0.00767565637451062,-0.00293399441079483,-0.00293399441079483,0,0,0,0,0,0,0,0,0,0,1,0,1,0,0,0,1,2,0.002,0,0,-1.91572398142714e-05,-0.000168155090976879,5.9310593855777e-05,0,1,0,1
0.872,0.523598775598299,0.531157013630502,-0.0388684234200582,0.000242241664098403,0.531157013630502,0.531157013630502,-0.00755823803220368,-0.00270765883948089,-0.00270765883948089,0,0,0,0,0,0,0,0,0,0,1,0,0,1,873,0,0,0,0,0,0,-1.90248954788919e-05,4.46531740596612e-05,-1.90248954788919e-05,0,1,0,1
0.873,0.523598775598299,0.531118226158957,-0.0387036119099661,0.000275319341602943,0.531118226158957,0.531118226158957,-0.00751945056065839,-0.00269503362951549,-0.00269503362951549,0,0,0,0,0,0,0,0,0,0,1,0,0,1,874,0,0,0,0,0,0,-1.89168910335047e-05,4.38098133093597e-05,-1.89168910335047e-05,0,1,0,1
0.874,0.523598775598299,0.531079610977939,-0.0385249949220247,0.000295405501850349,0.531079610977939,0.531079610977939,-0.00748083537963995,-0.00268240282020935,-0.00268240282020935,0,0,0,0,0,0,0,0,0,0,1,0,0,1,875,0,0,0,0,0,0,-1.88231958556662e-05,4.30306040664144e-05,-1.88231958556662e-05,0,1,0,1
0.875,0.523598775598299,0.531041178887625,-0.0383381672936811,0.000307185652473325,0.531041178887625,0.531041178887625,-0.00744240328932655,-0.00266979872538649,-0.00266979872538649,0,0,0,0,0,0,0,0,0,0,1,0,0,1,876,0,0,0,0,0,0,-1.87322346107965e-05,4.22830489059008e-05,-1.87322346107965e-05,0,1,0,1
0.876,0.523598775598299,0.531002936178051,-0.0381467038925059,0.000313661433382132,0.531002936178051,0.531041178887625,-0.00744240328932655,-0.00276002719330216,-0.00276002719330216,0,0,0,0,0,0,0,0,0,0,1,0,1,0,0,0,1,1,0.001,0,0,-1.86369441471657e-05,-6.12388842236647e-05,1.96057654271442e-05,0,1,0,1
0.877,0.523598775598299,0.530964883007471,-0.0379622718931707,0.000284195117566973,0.530964883007471,0.530964883007471,-0.00736610740917221,-0.00264340007934785,-0.00264340007934785,0,0,0,0,0,0,0,0,0,0,1,0,0,1,878,0,0,0,0,0,0,-1.8536395138713e-05,4.21527653062491e-05,-1.8536395138713e-05,0,1,0,1
0.878,0.523598775598299,0.530927010703288,-0.0377811009141449,0.000298418321068567,0.530927010703288,0.530927010703288,-0.00732823510498926,-0.00263097199514173,-0.00263097199514173,0,0,0,0,0,0,0,0,0,0,1,0,0,1,879,0,0,0,0,0,0,-1.84384911661173e-05,4.14032017241155e-05,-1.84384911661173e-05,0,1,0,1
0.879,0.523598775598299,0.530889322691571,-0.0375942336375941,0.000306478156104847,0.530889322691571,0.530889322691571,-0.00729054709327182,-0.0026185827010045,-0.0026185827010045,0,0,0,0,0,0,0,0,0,0,1,0,0,1,880,0,0,0,0,0,0,-1.83390392071159e-05,4.06724803955136e-05,-1.83390392071159e-05,0,1,0,1
0.88,0.523598775598299,0.53085182324399,-0.0374043213217759,0.000310605982606922,0.53085182324399,0.530889322691571,-0.00729054709327182,-0.00270703471670257,-0.00270703471670257,0,0,0,0,0,0,0,0,0,0,1,0,1,0,0,0,1,1,0.001,0,0,-1.82330027067579e-05,-6.08421029100435e-05,1.92664448742663e-05,0,1,0,1
0.881,0.523598775598299,0.530814511308926,-0.0372222571806663,0.000280303451995031,0.530814511308926,0.530814511308926,-0.00721573571062739,-0.00259265547596507,-0.00259265547596507,0,0,0,0,0,0,0,0,0,0,1,0,0,1,882,0,0,0,0,0,0,-1.81206704765735e-05,4.05318334740223e-05,-1.81206704765735e-05,0,1,0,1
0.882,0.523598775598299,0.530777377617161,-0.0370439935305446,0.000293362328037136,0.530777377617161,0.530814511308926,-0.00721573571062739,-0.00268025739673798,-0.00268025739673798,0,0,0,0,0,0,0,0,0,0,1,0,1,0,0,0,1,1,0.001,0,0,-1.80105510129147e-05,-6.00183131306761e-05,1.91231407521419e-05,0,1,0,1
0.883,0.523598775598299,0.530740421888445,-0.0368696366887993,0.00026909496793442,0.530740421888445,0.530740421888445,-0.00714164629014569,-0.00256698459799617,-0.00256698459799617,0,0,0,0,0,0,0,0,0,0,1,0,0,1,884,0,0,0,0,0,0,-1.79021659335588e-05,4.03631534498204e-05,-1.79021659335588e-05,0,1,0,1
0.884,0.523598775598299,0.530703638060614,-0.0366965717614105,0.000285695481360342,0.530703638060614,0.530740421888445,-0.00714164629014569,-0.0026537429124726,-0.0026537429124726,0,0,0,0,0,0,0,0,0,0,1,0,1,0,0,0,1,1,0.001,0,0,-1.78008208664426e-05,-5.92297844757075e-05,1.89830069640129e-05,0,1,0,1
0.885,0.523598775598299,0.530667027847236,-0.0365257998093528,0.000263996515658543,0.530667027847236,0.530667027847236,-0.0070682522489367,-0.00254151149937514,-0.00254151149937514,0,0,0,0,0,0,0,0,0,0,1,0,0,1,886,0,0,0,0,0,0,-1.77040478155366e-05,4.02235288287645e-05,-1.77040478155366e-05,0,1,0,1
0.886,0.523598775598299,0.530630586513534,-0.0363553018629253,0.000281931242792712,0.530630586513534,0.530667027847236,-0.0070682522489367,-0.00262743343125034,-0.00262743343125034,0,0,0,0,0,0,0,0,0,0,1,0,1,0,0,0,1,1,0.001,0,0,-1.7615829235651e-05,-5.84201643272705e-05,1.88255044658581e-05,0,1,0,1
0.887,0.523598775598299,0.530594316565714,-0.036186436718855,0.000261379539571541,0.530594316565714,0.530667027847236,-0.0070682522489367,-0.00271164494591426,-0.00271164494591426,0,0,0,0,0,0,0,0,0,0,1,0,1,0,0,0,1,2,0.002,0,0,-1.75329087190867e-05,-0.000155297286980764,5.51783728026667e-05,0,1,0,1
0.888,0.523598775598299,0.530558207643373,-0.0360352850178477,0.000217835898618039,0.530558207643373,0.530558207643373,-0.00695943204507388,-0.00250172446944857,-0.00250172446944857,0,0,0,0,0,0,0,0,0,0,1,0,0,1,889,0,0,0,0,0,0,-1.74648985866721e-05,4.20135494976874e-05,-1.74648985866721e-05,0,1,0,1
0.889,0.523598775598299,0.530522246140083,-0.0358845533639142,0.000253832629527604,0.530522246140083,0.530522246140083,-0.00692347054178455,-0.00248982433469688,-0.00248982433469688,0,0,0,0,0,0,0,0,0,0,1,0,0,1,890,0,0,0,0,0,0,-1.74246593129812e-05,4.13598269185696e-05,-1.74246593129812e-05,0,1,0,1
0.89,0.523598775598299,0.530486443531262,-0.0357187377338516,0.000275833876161817,0.530486443531262,0.530486443531262,-0.00688766793296336,-0.00247791518601629,-0.00247791518601629,0,0,0,0,0,0,0,0,0,0,1,0,0,1,891,0,0,0,0,0,0,-1.73999716621687e-05,4.07707155299641e-05,-1.73999716621687e-05,0,1,0,1
0.891,0.523598775598299,0.530450811662828,-0.0355438667410841,0.000288882819210634,0.530450811662828,0.530450811662828,-0.00685203606452955,-0.00246603199052174,-0.00246603199052174,0,0,0,0,0,0,0,0,0,0,1,0,0,1,892,0,0,0,0,0,0,-1.73782480347162e-05,4.02110627838459e-05,-1.73782480347162e-05,0,1,0,1
0.892,0.523598775598299,0.530415357519595,-0.0353637947964069,0.00029621034219374,0.530415357519595,0.530415357519595,-0.00681658192129642,-0.00245419615821043,-0.00245419615821043,0,0,0,0,0,0,0,0,0,0,1,0,0,1,893,0,0,0,0,0,0,-1.73517640810195e-05,3.96592732197325e-05,-1.73517640810195e-05,0,1,0,1
0.893,0.523598775598299,0.530380084979931,-0.0351809833922183,0.000299886408175589,0.530380084979931,0.530380084979931,-0.00678130938163268,-0.00244242044607026,-0.00244242044607026,0,0,0,0,0,0,0,0,0,0,1,0,0,1,894,0,0,0,0,0,0,-1.73159040455229e-05,3.91024043670148e-05,-1.73159040455229e-05,0,1,0,1
0.894,0.523598775598299,0.530344995939928,-0.0349970015814123,0.000301237304128315,0.530344995939928,0.530344995939928,-0.00674622034162942,-0.00243071209925427,-0.00243071209925427,0,0,0,0,0,0,0,0,0,0,1,0,0,1,895,0,0,0,0,0,0,-1.72680366040678e-05,3.8533025577818e-05,-1.72680366040678e-05,0,1,0,1
0.895,0.523598775598299,0.530310091033677,-0.0348128465840649,0.000301112910615383,0.530310091033677,0.530344995939928,-0.00674622034162942,-0.00251288986046795,-0.00251288986046795,0,0,0,0,0,0,0,0,0,0,1,0,1,0,0,0,1,1,0.001,0,0,-1.72067945914955e-05,-5.58677913492789e-05,1.76981116600805e-05,0,1,0,1
0.896,0.523598775598299,0.530275367126832,-0.0346377162974475,0.000270339071591071,0.530275367126832,0.530275367126832,-0.00667659152853362,-0.00240628584817244,-0.00240628584817244,0,0,0,0,0,0,0,0,0,0,1,0,0,1,897,0,0,0,0,0,0,-1.71345814410362e-05,3.85676496340494e-05,-1.71345814410362e-05,0,1,0,1
0.897,0.523598775598299,0.530240814195709,-0.0344672402626722,0.000280821855645092,0.530240814195709,0.530275367126832,-0.00667659152853362,-0.00248766909735672,-0.00248766909735672,0,0,0,0,0,0,0,0,0,0,1,0,1,0,0,0,1,1,0.001,0,0,-1.70606920957272e-05,-5.49298719360724e-05,1.74922390275833e-05,0,1,0,1
0.898,0.523598775598299,0.53020643107094,-0.0343011287665191,0.000257143737634342,0.53020643107094,0.530275367126832,-0.00667659152853362,-0.00256742918397031,-0.00256742918397031,0,0,0,0,0,0,0,0,0,0,1,0,1,0,0,0,1,2,0.002,0,0,-1.69855693505916e-05,-0.000146750117460129,5.19504865417186e-05,0,1,0,1
0.899,0.523598775598299,0.530172205652961,-0.0341536223082508,0.000213164877736621,0.530172205652961,0.530172205652961,-0.00657343005466182,-0.00236835072638582,-0.00236835072638582,0,0,0,0,0,0,0,0,0,0,1,0,0,1,900,0,0,0,0,0,0,-1.69205883747692e-05,4.03221092709558e-05,-1.69205883747692e-05,0,1,0,1
0.9,0.523598775598299,0.530138123576866,-0.034007680688582,0.000245552810168861,0.530138123576866,0.530138123576866,-0.00653934797856703,-0.00235701910442925,-0.00235701910442925,0,0,0,0,0,0,0,0,0,0,1,0,0,1,901,0,0,0,0,0,0,-1.68793918566834e-05,3.97012430524216e-05,-1.68793918566834e-05,0,1,0,1
0.901,0.523598775598299,0.530104194777054,-0.0338481925479968,0.000265284715736004,0.530104194777054,0.530104194777054,-0.00650541917875525,-0.00234568419443418,-0.00234568419443418,0,0,0,0,0,0,0,0,0,0,1,0,0,1,902,0,0,0,0,0,0,-1.68513253653302e-05,3.9137222221668e-05,-1.68513253653302e-05,0,1,0,1
0.902,0.523598775598299,0.530070429872007,-0.0336806092193473,0.000276921946722785,0.530070429872007,0.530070429872007,-0.00647165427370777,-0.00233437747383433,-0.00233437747383433,0,0,0,0,0,0,0,0,0,0,1,0,0,1,903,0,0,0,0,0,0,-1.68250525733882e-05,3.85983840722921e-05,-1.68250525733882e-05,0,1,0,1
0.903,0.523598775598299,0.530036835084837,-0.0335084155542256,0.000283386720316686,0.530036835084837,0.530070429872007,-0.00647165427370777,-0.0024134119128807,-0.0024134119128807,0,0,0,0,0,0,0,0,0,0,1,0,1,0,0,0,1,1,0.001,0,0,-1.67936347118536e-05,-5.22284268543068e-05,1.68011524579459e-05,0,1,0,1
0.904,0.523598775598299,0.530003410973736,-0.0333420821216719,0.000257947887755508,0.530003410973736,0.530003410973736,-0.00640463537543712,-0.00231073919542926,-0.00231073919542926,0,0,0,0,0,0,0,0,0,0,1,0,0,1,905,0,0,0,0,0,0,-1.67558001271662e-05,3.87049204505167e-05,-1.67558001271662e-05,0,1,0,1
0.905,0.523598775598299,0.529970150160294,-0.0331784392691351,0.000270676160498861,0.529970150160294,0.529970150160294,-0.00637137456199544,-0.00229960975891409,-0.00229960975891409,0,0,0,0,0,0,0,0,0,0,1,0,0,1,906,0,0,0,0,0,0,-1.6718215963496e-05,3.81478034979232e-05,-1.6718215963496e-05,0,1,0,1
0.906,0.523598775598299,0.529937055779013,-0.0330097102000819,0.000277852924557549,0.529937055779013,0.529937055779013,-0.00633828018071403,-0.00228852303790158,-0.00228852303790158,0,0,0,0,0,0,0,0,0,0,1,0,0,1,907,0,0,0,0,0,0,-1.66770386537118e-05,3.76006027548708e-05,-1.66770386537118e-05,0,1,0,1
0.907,0.523598775598299,0.529904131632791,-0.0328382833275508,0.000281486690943704,0.529904131632791,0.529904131632791,-0.00630535603449234,-0.00227749151180282,-0.00227749151180282,0,0,0,0,0,0,0,0,0,0,1,0,0,1,908,0,0,0,0,0,0,-1.66277584348062e-05,3.70506539394497e-05,-1.66277584348062e-05,0,1,0,1
0.908,0.523598775598299,0.5298713796011,-0.0326656811286508,0.000282864340332755,0.5298713796011,0.5298713796011,-0.00627260400280161,-0.00226652230961287,-0.00226652230961287,0,0,0,0,0,0,0,0,0,0,1,0,0,1,909,0,0,0,0,0,0,-1.65677911767581e-05,3.64906432881503e-05,-1.65677911767581e-05,0,1,0,1
0.909,0.523598775598299,0.529838800338862,-0.032492871246526,0.000282810471562553,0.529838800338862,0.529838800338862,-0.00624002474056273,-0.00225561916209636,-0.00225561916209636,0,0,0,0,0,0,0,0,0,0,1,0,0,1,910,0,0,0,0,0,0,-1.64957795075749e-05,3.59166553785539e-05,-1.64957795075749e-05,0,1,0,1
0.91,0.523598775598299,0.52980639372426,-0.032320465788163,0.000281853530202807,0.52980639372426,0.52980639372426,-0.00620761812596138,-0.00224478365200643,-0.00224478365200643,0,0,0,0,0,0,0,0,0,0,1,0,0,1,911,0,0,0,0,0,0,-1.64111450001725e-05,3.53269229165527e-05,-1.64111450001725e-05,0,1,0,1
0.911,0.523598775598299,0.529774159145721,-0.0321488490046327,0.000280332224603077,0.529774159145721,0.529774159145721,-0.00617538354742209,-0.00223401601461586,-0.00223401601461586,0,0,0,0,0,0,0,0,0,0,1,0,0,1,912,0,0,0,0,0,0,-1.6313801201151e-05,3.47210262140706e-05,-1.6313801201151e-05,0,1,0,1
0.912,0.523598775598299,0.529742095685837,-0.0319782590955016,0.000278463692759467,0.529742095685837,0.529742095685837,-0.00614332008753793,-0.00222331565017138,-0.00222331565017138,0,0,0,0,0,0,0,0,0,0,1,0,0,1,913,0,0,0,0,0,0,-1.62039697023664e-05,3.40993807393594e-05,-1.62039697023664e-05,0,1,0,1
0.913,0.523598775598299,0.529710202239275,-0.0318088406264298,0.000276387168447699,0.529710202239275,0.529710202239275,-0.00611142664097597,-0.00221268145178746,-0.00221268145178746,0,0,0,0,0,0,0,0,0,0,1,0,0,1,914,0,0,0,0,0,0,-1.60820622380209e-05,3.34629092316012e-05,-1.60820622380209e-05,0,1,0,1
0.914,0.523598775598299,0.529678477588372,-0.0316406781220888,0.000274191953259906,0.529678477588372,0.529678477588372,-0.00607970199007302,-0.00220211201509042,-0.00220211201509042,0,0,0,0,0,0,0,0,0,0,1,0,0,1,915,0,0,0,0,0,0,-1.59486050907987e-05,3.28128320637999e-05,-1.59486050907987e-05,0,1,0,1
0.915,0.523598775598299,0.529646920451614,-0.0314738176000472,0.000271935335680542,0.529646920451614,0.529646920451614,-0.00604814485331551,-0.00219160577209722,-0.00219160577209722,0,0,0,0,0,0,0,0,0,0,1,0,0,1,916,0,0,0,0,0,0,-1.58041906134221e-05,3.21505333698499e-05,-1.58041906134221e-05,0,1,0,1
0.916,0.523598775598299,0.529615529514731,-0.0313082803794077,0.00026965407065633,0.529615529514731,0.529615529514731,-0.00601675391643242,-0.00218116107653334,-0.00218116107653334,0,0,0,0,0,0,0,0,0,0,1,0,0,1,917,0,0,0,0,0,0,-1.56494461371892e-05,3.14774757329325e-05,-1.56494461371892e-05,0,1,0,1
0.917,0.523598775598299,0.529584303450637,-0.0311440719402396,0.000267371734278774,0.529584303450637,0.529584303450637,-0.00598552785233775,-0.0021707762580277,-0.0021707762580277,0,0,0,0,0,0,0,0,0,0,1,0,0,1,918,0,0,0,0,0,0,-1.5485014031591e-05,3.07951459988451e-05,-1.5485014031591e-05,0,1,0,1
0.918,0.523598775598299,0.529553240932215,-0.0309811876120335,0.000265103436217348,0.529553240932215,0.529553240932215,-0.00595446533391641,-0.00216044965635183,-0.00216044965635183,0,0,0,0,0,0,0,0,0,0,1,0,0,1,919,0,0,0,0,0,0,-1.53115389187608e-05,3.01050210404427e-05,-1.53115389187608e-05,0,1,0,1
0.919,0.523598775598299,0.529522340640511,-0.0308196162302476,0.000262858839614557,0.529522340640511,0.529522340640511,-0.00592356504221248,-0.00215017964285845,-0.00215017964285845,0,0,0,0,0,0,0,0,0,0,1,0,0,1,920,0,0,0,0,0,0,-1.51296594872452e-05,2.94085463275993e-05,-1.51296594872452e-05,0,1,0,1
0.92,0.523598775598299,0.529491601269959,-0.0306593424905985,0.000260644096784943,0.529491601269959,0.529522340640511,-0.00592356504221248,-0.00222258379191392,-0.00222258379191392,0,0,0,0,0,0,0,0,0,0,1,0,1,0,0,0,1,1,0.001,0,0,-1.4940003261521e-05,-5.39120354999777e-05,1.57993672905699e-05,0,1,0,1
0.921,0.523598775598299,0.529461018917927,-0.0305078931942998,0.000232290889615587,0.529461018917927,0.529461018917927,-0.00586224331962781,-0.00212872479715388,-0.00212872479715388,0,0,0,0,0,0,0,0,0,0,1,0,0,1,922,0,0,0,0,0,0,-1.47457970601783e-05,2.90803991178801e-05,-1.47457970601783e-05,0,1,0,1
0.922,0.523598775598299,0.529430584077859,-0.0303610512255824,0.000240818985108708,0.529430584077859,0.529430584077859,-0.00583180847956033,-0.00211862060348145,-0.00211862060348145,0,0,0,0,0,0,0,0,0,0,1,0,0,1,923,0,0,0,0,0,0,-1.455587385224e-05,2.83677226699357e-05,-1.455587385224e-05,0,1,0,1
0.923,0.523598775598299,0.529400297925853,-0.030210856167332,0.000245523746686063,0.529400297925853,0.529400297925853,-0.00580152232755438,-0.00210854341699369,-0.00210854341699369,0,0,0,0,0,0,0,0,0,0,1,0,0,1,924,0,0,0,0,0,0,-1.43683861845156e-05,2.76775466520104e-05,-1.43683861845156e-05,0,1,0,1
0.924,0.523598775598299,0.529370162931681,-0.0300589515097583,0.000247792998094448,0.529370162931681,0.529400297925853,-0.00580152232755438,-0.00217949690580571,-0.00217949690580571,0,0,0,0,0,0,0,0,0,0,1,0,1,0,0,0,1,1,0.001,0,0,-1.41801951580867e-05,-5.39939792503601e-05,1.59547990145059e-05,0,1,0,1
0.925,0.523598775598299,0.529340177680495,-0.029913778873447,0.000222858051756566,0.529340177680495,0.529340177680495,-0.00574140208219576,-0.0020874449182144,-0.0020874449182144,0,0,0,0,0,0,0,0,0,0,1,0,0,1,926,0,0,0,0,0,0,-1.39920487225442e-05,2.73891146794353e-05,-1.39920487225442e-05,0,1,0,1
0.926,0.523598775598299,0.529310334405804,-0.0297718852848131,0.000233066609603374,0.529310334405804,0.529310334405804,-0.00571155880750551,-0.00207749403944222,-0.00207749403944222,0,0,0,0,0,0,0,0,0,0,1,0,0,1,927,0,0,0,0,0,0,-1.38110487017951e-05,2.67200614509789e-05,-1.38110487017951e-05,0,1,0,1
0.927,0.523598775598299,0.529280635263763,-0.0296259036376306,0.00023887754191742,0.529280635263763,0.529280635263763,-0.00568185966546408,-0.00206756545728748,-0.00206756545728748,0,0,0,0,0,0,0,0,0,0,1,0,0,1,928,0,0,0,0,0,0,-1.36343765066993e-05,2.6077491722596e-05,-1.36343765066993e-05,0,1,0,1
0.928,0.523598775598299,0.529251083326046,-0.02947772532889,0.000241884050722043,0.529251083326046,0.529251083326046,-0.00565230772774672,-0.00205766970456018,-0.00205766970456018,0,0,0,0,0,0,0,0,0,0,1,0,0,1,929,0,0,0,0,0,0,-1.34583002565636e-05,2.54506913702334e-05,-1.34583002565636e-05,0,1,0,1
0.929,0.523598775598299,0.529221680141739,-0.0293285549561873,0.000243106641842959,0.529221680141739,0.529221680141739,-0.00562290454344061,-0.00204781306208096,-0.00204781306208096,0,0,0,0,0,0,0,0,0,0,1,0,0,1,930,0,0,0,0,0,0,-1.32806128896323e-05,2.48331984942767e-05,-1.32806128896323e-05,0,1,0,1
0.93,0.523598775598299,0.529192426291565,-0.0291791572088325,0.000243198960080531,0.529192426291565,0.529192426291565,-0.00559365069326601,-0.00203799910726237,-0.00203799910726237,0,0,0,0,0,0,0,0,0,0,1,0,0,1,931,0,0,0,0,0,0,-1.31000779419743e-05,2.42212548437291e-05,-1.31000779419743e-05,0,1,0,1
0.931,0.523598775598299,0.529163321742856,-0.0290300150242723,0.000242579638996189,0.529163321742856,0.529163321742856,-0.0055645461445567,-0.00202822970561718,-0.00202822970561718,0,0,0,0,0,0,0,0,0,0,1,0,0,1,932,0,0,0,0,0,0,-1.29160745666601e-05,2.36128143125888e-05,-1.29160745666601e-05,0,1,0,1
0.932,0.523598775598299,0.529134366076905,-0.0288814309045137,0.000241516758958569,0.529134366076905,0.529163321742856,-0.0055645461445567,-0.00209633068552936,-0.00209633068552936,0,0,0,0,0,0,0,0,0,0,1,0,1,0,0,0,1,1,0.001,0,0,-1.27283701877312e-05,-5.48181318256076e-05,1.6227295763005e-05,0,1,0,1
0.933,0.523598775598299,0.529105556172435,-0.0287406987530378,0.000215528434122356,0.529105556172435,0.529105556172435,-0.00550678057413656,-0.00200781131336556,-0.00200781131336556,0,0,0,0,0,0,0,0,0,0,1,0,0,1,934,0,0,0,0,0,0,-1.25394370296128e-05,2.34189699752276e-05,-1.25394370296128e-05,0,1,0,1
0.934,0.523598775598299,0.529076883464449,-0.0286039776137153,0.000224085163737563,0.529076883464449,0.529076883464449,-0.00547810786615022,-0.00199818290860079,-0.00199818290860079,0,0,0,0,0,0,0,0,0,0,1,0,0,1,935,0,0,0,0,0,0,-1.23571932673094e-05,2.28126204133098e-05,-1.23571932673094e-05,0,1,0,1
0.935,0.523598775598299,0.529048349344163,-0.0284638540775199,0.000228913139038878,0.529048349344163,0.529048349344163,-0.0054495737458643,-0.00198857691786599,-0.00198857691786599,0,0,0,0,0,0,0,0,0,0,1,0,0,1,936,0,0,0,0,0,0,-1.21796030894128e-05,2.22311932969472e-05,-1.21796030894128e-05,0,1,0,1
0.936,0.523598775598299,0.529019956352254,-0.0283219316745469,0.000231363745467583,0.529019956352254,0.529019956352254,-0.0054211807539547,-0.00197900233000317,-0.00197900233000317,0,0,0,0,0,0,0,0,0,0,1,0,0,1,937,0,0,0,0,0,0,-1.20034834542038e-05,2.16655204931648e-05,-1.20034834542038e-05,0,1,0,1
0.937,0.523598775598299,0.528991705738693,-0.0281792313893661,0.000232302558884393,0.528991705738693,0.528991705738693,-0.00539293014039399,-0.00196946452662649,-0.00196946452662649,0,0,0,0,0,0,0,0,0,0,1,0,0,1,938,0,0,0,0,0,0,-1.18269442506147e-05,2.11100413710519e-05,-1.18269442506147e-05,0,1,0,1
0.938,0.523598775598299,0.528963597932832,-0.0280364010945633,0.000232283953978809,0.528963597932832,0.528963597932832,-0.00536482233453306,-0.00195996659566015,-0.00195996659566015,0,0,0,0,0,0,0,0,0,0,1,0,0,1,939,0,0,0,0,0,0,-1.1648918216256e-05,2.05614892698214e-05,-1.1648918216256e-05,0,1,0,1
0.939,0.523598775598299,0.52893563284447,-0.0278938497113309,0.000231662951415938,0.52893563284447,0.52893563284447,-0.00533685724617083,-0.00195051017232271,-0.00195051017232271,0,0,0,0,0,0,0,0,0,0,1,0,0,1,940,0,0,0,0,0,0,-1.14688598663593e-05,2.00180505180066e-05,-1.14688598663593e-05,0,1,0,1
0.94,0.523598775598299,0.528907810056654,-0.0277518331531395,0.000230666862914784,0.528907810056654,0.528907810056654,-0.00530903445835484,-0.00194109597740637,-0.00194109597740637,0,0,0,0,0,0,0,0,0,0,1,0,0,1,941,0,0,0,0,0,0,-1.12865526923356e-05,1.94788261590161e-05,-1.12865526923356e-05,0,1,0,1
0.941,0.523598775598299,0.528880128949123,-0.0276105093833811,0.000229441184664486,0.528880128949123,0.528880128949123,-0.00528135335082425,-0.00193172416165553,-0.00193172416165553,0,0,0,0,0,0,0,0,0,0,1,0,0,1,942,0,0,0,0,0,0,-1.11019857172989e-05,1.89434875761292e-05,-1.11019857172989e-05,0,1,0,1
0.942,0.523598775598299,0.528852588777318,-0.0274699736883874,0.00022807899535812,0.528852588777318,0.528880128949123,-0.00528135335082425,-0.0019964150985947,-0.0019964150985947,0,0,0,0,0,0,0,0,0,0,1,0,1,0,0,0,1,1,0.001,0,0,-1.09152744863783e-05,-5.56085163290459e-05,1.66248973187955e-05,0,1,0,1
0.943,0.523598775598299,0.528825186381168,-0.0273370407856646,0.000203191457960723,0.528825186381168,0.528880128949123,-0.00528135335082425,-0.0020598114267031,-0.0020598114267031,0,0,0,0,0,0,0,0,0,0,1,0,1,0,0,0,1,2,0.002,0,0,-1.07289522756071e-05,-0.000128820001309388,4.42136156795225e-05,0,1,0,1
0.944,0.523598775598299,0.528797908849813,-0.027221464794429,0.00016449601734127,0.528797908849813,0.528880128949123,-0.00528135335082425,-0.00212195693856196,-0.00212195693856196,0,0,0,0,0,0,0,0,0,0,1,0,1,0,0,0,1,3,0.003,0,0,-1.05553053708629e-05,-0.000200734936914079,7.16647939392745e-05,0,1,0,1
0.945,0.523598775598299,0.528770735763298,-0.0271288231628337,0.00011817839387765,0.528770735763298,0.528880128949123,-0.00528135335082425,-0.00218289394538602,-0.00218289394538602,0,0,0,0,0,0,0,0,0,0,1,0,1,0,0,0,1,4,0.004,0,0,-1.04141313714834e-05,-0.000271395811015597,9.89790544539959e-05,0,1,0,1
0.946,0.523598775598299,0.528743642551042,-0.0270620409966672,6.81555857018651e-05,0.528743642551042,0.528743642551042,-0.0051448669527433,-0.00187582460813153,-0.00187582460813153,0,0,0,0,0,0,0,0,0,0,1,0,0,1,947,0,0,0,0,0,0,-1.03293807176552e-05,2.59950390848109e-05,-1.03293807176552e-05,0,1,0,1
0.947,0.523598775598299,0.528716614224185,-0.0269888705105261,0.00013309576047667,0.528716614224185,0.528716614224185,-0.00511783862588588,-0.00186657757925776,-0.00186657757925776,0,0,0,0,0,0,0,0,0,0,1,0,0,1,948,0,0,0,0,0,0,-1.03154243468184e-05,2.56087849009878e-05,-1.03154243468184e-05,0,1,0,1
0.948,0.523598775598299,0.528689673976548,-0.026888019559837,0.000173950946123116,0.528689673976548,0.528689673976548,-0.00509089837824872,-0.00185723526524336,-0.00185723526524336,0,0,0,0,0,0,0,0,0,0,1,0,0,1,949,0,0,0,0,0,0,-1.03484527256281e-05,2.53628442486477e-05,-1.03484527256281e-05,0,1,0,1
0.949,0.523598775598299,0.528662843913778,-0.0267698692967248,0.000199381649526039,0.528662843913778,0.528662843913778,-0.00506406831547879,-0.00184786066808559,-0.00184786066808559,0,0,0,0,0,0,0,0,0,0,1,0,0,1,950,0,0,0,0,0,0,-1.04057467071872e-05,2.51940397494512e-05,-1.04057467071872e-05,0,1,0,1
0.95,0.523598775598299,0.528636137765284,-0.0266410672221257,0.000214935956032805,0.528636137765284,0.528636137765284,-0.00503736216698558,-0.0018384933998556,-0.0018384933998556,0,0,0,0,0,0,0,0,0,0,1,0,0,1,951,0,0,0,0,0,0,-1.04729655920899e-05,2.5062584281246e-05,-1.04729655920899e-05,0,1,0,1
0.951,0.523598775598299,0.528609563897379,-0.0265058689435361,0.000224168239088321,0.528609563897379,0.528609563897379,-0.00501078829907975,-0.0018291581065204,-0.0018291581065204,0,0,0,0,0,0,0,0,0,0,1,0,0,1,952,0,0,0,0,0,0,-1.05411339872408e-05,2.49436571581468e-05,-1.05411339872408e-05,0,1,0,1
0.952,0.523598775598299,0.528583127243628,-0.0263669976630775,0.000229355756326948,0.528583127243628,0.528583127243628,-0.0049843516453294,-0.00181986986410684,-0.00181986986410684,0,0,0,0,0,0,0,0,0,0,1,0,0,1,953,0,0,0,0,0,0,-1.06047114475372e-05,2.4822007970304e-05,-1.06047114475372e-05,0,1,0,1
0.953,0.523598775598299,0.528556830541615,-0.026226194744738,0.000231957669810238,0.528556830541615,0.528556830541615,-0.00495805494331625,-0.00181063763544176,-0.00181063763544176,0,0,0,0,0,0,0,0,0,0,1,0,0,1,954,0,0,0,0,0,0,-1.06603557178397e-05,2.46884998478941e-05,-1.06603557178397e-05,0,1,0,1
0.954,0.523598775598299,0.528530675125384,-0.0260845724002796,0.000232909074754199,0.528530675125384,0.528530675125384,-0.00493189952708517,-0.00180146648454551,-0.00180146648454551,0,0,0,0,0,0,0,0,0,0,1,0,0,1,955,0,0,0,0,0,0,-1.07061302813127e-05,2.45378950712635e-05,-1.07061302813127e-05,0,1,0,1
0.955,0.523598775598299,0.528504661433274,-0.0259428396207117,0.000232809342112111,0.528504661433274,0.528530675125384,-0.00493189952708517,-0.00186227680110853,-0.00186227680110853,0,0,0,0,0,0,0,0,0,0,1,0,1,0,0,0,1,1,0.001,0,0,-1.07409965258709e-05,-4.55503694032789e-05,1.5272695584212e-05,0,1,0,1
0.956,0.523598775598299,0.528478787121461,-0.0258078317609061,0.000209894112928478,0.528478787121461,0.528478787121461,-0.00488001152316264,-0.00178240365024767,-0.00178240365024767,0,0,0,0,0,0,0,0,0,0,1,0,0,1,957,0,0,0,0,0,0,-1.07667001983947e-05,2.50884683041415e-05,-1.07667001983947e-05,0,1,0,1
0.957,0.523598775598299,0.52845304472628,-0.0256762813249263,0.000217739343370025,0.52845304472628,0.52845304472628,-0.00485426912798104,-0.00177343005298466,-0.00177343005298466,0,0,0,0,0,0,0,0,0,0,1,0,0,1,958,0,0,0,0,0,0,-1.07901090835583e-05,2.48712145219532e-05,-1.07901090835583e-05,0,1,0,1
0.958,0.523598775598299,0.528427435579753,-0.0255416474877586,0.000222055045501017,0.528427435579753,0.528427435579753,-0.00482865998145421,-0.00176450060573199,-0.00176450060573199,0,0,0,0,0,0,0,0,0,0,1,0,0,1,959,0,0,0,0,0,0,-1.0809297467107e-05,2.46531005443328e-05,-1.0809297467107e-05,0,1,0,1
0.959,0.523598775598299,0.52840196194927,-0.0254054491041577,0.000224116611715598,0.52840196194927,0.528427435579753,-0.00482865998145421,-0.00182408928960474,-0.00182408928960474,0,0,0,0,0,0,0,0,0,0,1,0,1,0,0,0,1,1,0.001,0,0,-1.08214064591383e-05,-4.40400266772389e-05,1.46522240239699e-05,0,1,0,1
0.96,0.523598775598299,0.528376622712607,-0.0252749074211531,0.000203052496390557,0.528376622712607,0.528376622712607,-0.00477784711430795,-0.00174590803881526,-0.00174590803881526,0,0,0,0,0,0,0,0,0,0,1,0,0,1,961,0,0,0,0,0,0,-1.08269689688134e-05,2.50797270734005e-05,-1.08269689688134e-05,0,1,0,1
0.961,0.523598775598299,0.528351411308268,-0.0251471604858672,0.000211608820555611,0.528351411308268,0.528351411308268,-0.00475263570996898,-0.00173714940236745,-0.00173714940236745,0,0,0,0,0,0,0,0,0,0,1,0,0,1,962,0,0,0,0,0,0,-1.08319593614681e-05,2.48196415871347e-05,-1.08319593614681e-05,0,1,0,1
0.962,0.523598775598299,0.528326329515516,-0.0250160192244247,0.000216388368013898,0.528326329515516,0.528326329515516,-0.00472755391721735,-0.00172843035248746,-0.00172843035248746,0,0,0,0,0,0,0,0,0,0,1,0,0,1,963,0,0,0,0,0,0,-1.08340134246099e-05,2.45625738010923e-05,-1.08340134246099e-05,0,1,0,1
0.963,0.523598775598299,0.528301379855473,-0.024883108946929,0.000218755894669565,0.528301379855473,0.528301379855473,-0.00470260425717461,-0.00171975932700506,-0.00171975932700506,0,0,0,0,0,0,0,0,0,0,1,0,0,1,964,0,0,0,0,0,0,-1.08300272658735e-05,2.42999154206787e-05,-1.08300272658735e-05,0,1,0,1
0.964,0.523598775598299,0.52827656353991,-0.0247494665487321,0.000219585892864561,0.52827656353991,0.52827656353991,-0.00467778794161089,-0.00171114112242487,-0.00171114112242487,0,0,0,0,0,0,0,0,0,0,1,0,0,1,965,0,0,0,0,0,0,-1.08182085198916e-05,2.40266998510954e-05,-1.08182085198916e-05,0,1,0,1
0.965,0.523598775598299,0.528251880946163,-0.0246157518682151,0.000219438787566345,0.528251880946163,0.52827656353991,-0.00467778794161089,-0.00176891839218528,-0.00176891839218528,0,0,0,0,0,0,0,0,0,0,1,0,1,0,0,0,1,1,0.001,0,0,-1.07976014258604e-05,-4.2599896058924e-05,1.38849923206896e-05,0,1,0,1
0.966,0.523598775598299,0.528227329822717,-0.0244884412268051,0.000197658477770286,0.528227329822717,0.528227329822717,-0.0046285542244181,-0.00169320580220759,-0.00169320580220759,0,0,0,0,0,0,0,0,0,0,1,0,0,1,967,0,0,0,0,0,0,-1.07698812471524e-05,2.43052924353091e-05,-1.07698812471524e-05,0,1,0,1
0.967,0.523598775598299,0.528202903068201,-0.0243644274108141,0.000205075919730631,0.528202903068201,0.528227329822717,-0.0046285542244181,-0.00175041247030427,-0.00175041247030427,0,0,0,0,0,0,0,0,0,0,1,0,1,0,0,0,1,1,0.001,0,0,-1.07415752678142e-05,-4.16670214282728e-05,1.36851792484904e-05,0,1,0,1
0.968,0.523598775598299,0.528178599855926,-0.0242434942837341,0.000188355837388198,0.528178599855926,0.528178599855926,-0.00457982425762726,-0.00167549419481385,-0.00167549419481385,0,0,0,0,0,0,0,0,0,0,1,0,0,1,969,0,0,0,0,0,0,-1.07129382528326e-05,2.45271954468808e-05,-1.07129382528326e-05,0,1,0,1
0.969,0.523598775598299,0.528154415783443,-0.0241237431441551,0.000198782896801962,0.528154415783443,0.528154415783443,-0.00455564018514376,-0.00166713399491944,-0.00166713399491944,0,0,0,0,0,0,0,0,0,0,1,0,0,1,970,0,0,0,0,0,0,-1.06878028897084e-05,2.42047556998446e-05,-1.06878028897084e-05,0,1,0,1
0.97,0.523598775598299,0.528130353764129,-0.0239997804673641,0.000204784719338315,0.528130353764129,0.528130353764129,-0.00453157816583027,-0.00165880368001595,-0.00165880368001595,0,0,0,0,0,0,0,0,0,0,1,0,0,1,971,0,0,0,0,0,0,-1.06626881938299e-05,2.38936821500141e-05,-1.06626881938299e-05,0,1,0,1
0.971,0.523598775598299,0.528106416986243,-0.0238735109856185,0.000207959672859313,0.528106416986243,0.528106416986243,-0.00450764138794379,-0.00165051355924784,-0.00165051355924784,0,0,0,0,0,0,0,0,0,0,1,0,0,1,972,0,0,0,0,0,0,-1.06338404556316e-05,2.35834982584004e-05,-1.06338404556316e-05,0,1,0,1
0.972,0.523598775598299,0.528082607103341,-0.0237461503239353,0.000209331836241341,0.528082607103341,0.528082607103341,-0.00448383150504217,-0.00164226966758505,-0.00164226966758505,0,0,0,0,0,0,0,0,0,0,1,0,0,1,973,0,0,0,0,0,0,-1.05990428156399e-05,2.32680020574357e-05,-1.05990428156399e-05,0,1,0,1
0.973,0.523598775598299,0.528058924790443,-0.0236184725800796,0.00020955740022439,0.528058924790443,0.528058924790443,-0.00446014919214377,-0.00163407531970568,-0.00163407531970568,0,0,0,0,0,0,0,0,0,0,1,0,0,1,974,0,0,0,0,0,0,-1.05570591003579e-05,2.29437122678932e-05,-1.05570591003579e-05,0,1,0,1
0.974,0.523598775598299,0.528035370100388,-0.0234909689260176,0.000209056879480089,0.528035370100388,0.528035370100388,-0.00443659450208878,-0.00162593210523397,-0.00162593210523397,0,0,0,0,0,0,0,0,0,0,1,0,0,1,975,0,0,0,0,0,0,-1.0507277458438e-05,2.26088730656271e-05,-1.0507277458438e-05,0,1,0,1
0.975,0.523598775598299,0.528011942692203,-0.0233639492132034,0.000208099802668638,0.528011942692203,0.528011942692203,-0.00441316709390427,-0.00161784052610784,-0.00161784052610784,0,0,0,0,0,0,0,0,0,0,1,0,0,1,976,0,0,0,0,0,0,-1.04494819911372e-05,2.22628167137872e-05,-1.04494819911372e-05,0,1,0,1
0.976,0.523598775598299,0.527988641977469,-0.023237607068169,0.000206858962019489,0.527988641977469,0.527988641977469,-0.00438986637917038,-0.00160980040469363,-0.00160980040469363,0,0,0,0,0,0,0,0,0,0,1,0,0,1,977,0,0,0,0,0,0,-1.03837063833989e-05,2.19055554524193e-05,-1.03837063833989e-05,0,1,0,1
0.977,0.523598775598299,0.527965467214148,-0.023112061601142,0.000205445164096281,0.527965467214148,0.527988641977469,-0.00438986637917038,-0.00166409867411253,-0.00166409867411253,0,0,0,0,0,0,0,0,0,0,1,0,1,0,0,0,1,1,0.001,0,0,-1.03101400712458e-05,-4.07500088265358e-05,1.28646232501195e-05,0,1,0,1
0.978,0.523598775598299,0.527942415596187,-0.0229930721886661,0.000184197968732152,0.527942415596187,0.527942415596187,-0.00434363999788856,-0.00159305895676189,-0.00159305895676189,0,0,0,0,0,0,0,0,0,0,1,0,0,1,979,0,0,0,0,0,0,-1.02310386332904e-05,2.19723369012156e-05,-1.02310386332904e-05,0,1,0,1
0.979,0.523598775598299,0.527919480023634,-0.0228775149093915,0.000190672499936609,0.527919480023634,0.527919480023634,-0.00432070442533472,-0.00158517276278859,-0.00158517276278859,0,0,0,0,0,0,0,0,0,0,1,0,0,1,980,0,0,0,0,0,0,-1.01529536761236e-05,2.15809183208918e-05,-1.01529536761236e-05,0,1,0,1
0.98,0.523598775598299,0.527896661405048,-0.0227594248000343,0.000194209262282748,0.527896661405048,0.527896661405048,-0.00429788580674928,-0.00157731674847733,-0.00157731674847733,0,0,0,0,0,0,0,0,0,0,1,0,0,1,981,0,0,0,0,0,0,-1.00744304123435e-05,2.11989153937903e-05,-1.00744304123435e-05,0,1,0,1
0.981,0.523598775598299,0.527873961594366,-0.0226400651970288,0.000195872748440394,0.527873961594366,0.527873961594366,-0.00427518599606669,-0.0015694975520712,-0.0015694975520712,0,0,0,0,0,0,0,0,0,0,1,0,0,1,982,0,0,0,0,0,0,-9.99307079918577e-06,2.08195265361082e-05,-9.99307079918577e-06,0,1,0,1
0.982,0.523598775598299,0.527851381428613,-0.0225202405207477,0.000196344922484709,0.527851381428613,0.527873961594366,-0.00427518599606669,-0.00162240838860817,-0.00162240838860817,0,0,0,0,0,0,0,0,0,0,1,0,1,0,0,0,1,1,0.001,0,0,-9.90749581553096e-06,-4.02506262124486e-05,1.26726699367641e-05,0,1,0,1
0.983,0.523598775598299,0.527828919178272,-0.0224060033027597,0.00017683743198162,0.527828919178272,0.527828919178272,-0.00423014357997309,-0.00155319094517338,-0.00155319094517338,0,0,0,0,0,0,0,0,0,0,1,0,0,1,984,0,0,0,0,0,0,-9.81889509665823e-06,2.08466075579949e-05,-9.81889509665823e-06,0,1,0,1
0.984,0.523598775598299,0.527806568574273,-0.0222945922072899,0.000183920758355502,0.527806568574273,0.527828919178272,-0.00423014357997309,-0.00160557482809689,-0.00160557482809689,0,0,0,0,0,0,0,0,0,0,1,0,1,0,0,0,1,1,0.001,0,0,-9.73299993345389e-06,-3.96185405667961e-05,1.26176040654569e-05,0,1,0,1
0.985,0.523598775598299,0.527784329022184,-0.022185862010956,0.000168843048503188,0.527784329022184,0.527784329022184,-0.0041855534238856,-0.00153705618762142,-0.00153705618762142,0,0,0,0,0,0,0,0,0,0,1,0,0,1,986,0,0,0,0,0,0,-9.64986908269516e-06,2.0857617509161e-05,-9.64986908269516e-06,0,1,0,1
0.986,0.523598775598299,0.527762196614391,-0.0220781075042857,0.000178558011512525,0.527762196614391,0.527762196614391,-0.00416342101609224,-0.00152943145924488,-0.00152943145924488,0,0,0,0,0,0,0,0,0,0,1,0,0,1,987,0,0,0,0,0,0,-9.57287658209793e-06,2.04784850498813e-05,-9.57287658209793e-06,0,1,0,1
0.987,0.523598775598299,0.527740174111652,-0.0219664136697055,0.000184194565982133,0.527740174111652,0.527740174111652,-0.00414139851335327,-0.00152182740103713,-0.00152182740103713,0,0,0,0,0,0,0,0,0,0,1,0,0,1,988,0,0,0,0,0,0,-9.49873018918357e-06,2.01171431731696e-05,-9.49873018918357e-06,0,1,0,1
0.988,0.523598775598299,0.527718264510266,-0.0218525357895555,0.00018722651860514,0.527718264510266,0.527718264510266,-0.00411948891196756,-0.00151425378398001,-0.00151425378398001,0,0,0,0,0,0,0,0,0,0,1,0,0,1,989,0,0,0,0,0,0,-9.42390421176942e-06,1.97636605122568e-05,-9.42390421176942e-06,0,1,0,1
0.989,0.523598775598299,0.527696469392436,-0.0217375937735185,0.000188598031858714,0.527696469392436,0.527696469392436,-0.00409769379413694,-0.00150671643441297,-0.00150671643441297,0,0,0,0,0,0,0,0,0,0,1,0,0,1,990,0,0,0,0,0,0,-9.34628914073254e-06,1.94120507722353e-05,-9.34628914073254e-06,0,1,0,1
0.99,0.523598775598299,0.527674789439026,-0.0216223004903802,0.000188913984435817,0.527674789439026,0.527674789439026,-0.00407601384072698,-0.00149921866685361,-0.00149921866685361,0,0,0,0,0,0,0,0,0,0,1,0,0,1,991,0,0,0,0,0,0,-9.26467888451299e-06,1.9058839909809e-05,-9.26467888451299e-06,0,1,0,1
0.991,0.523598775598299,0.527653224758063,-0.0215071080362434,0.000188561908371812,0.527653224758063,0.527653224758063,-0.00405444915976383,-0.00149176220160803,-0.00149176220160803,0,0,0,0,0,0,0,0,0,0,1,0,0,1,992,0,0,0,0,0,0,-9.17844226844267e-06,1.87021485254409e-05,-9.17844226844267e-06,0,1,0,1
0.992,0.523598775598299,0.52763177509519,-0.0213923014361001,0.000187790097263143,0.52763177509519,0.52763177509519,-0.00403299949689073,-0.00148434775234628,-0.00148434775234628,0,0,0,0,0,0,0,0,0,0,1,0,0,1,993,0,0,0,0,0,0,-9.08731257365236e-06,1.83411042886539e-05,-9.08731257365236e-06,0,1,0,1
0.993,0.523598775598299,0.527610439968503,-0.0212780586731581,0.000186757639642784,0.527610439968503,0.52763177509519,-0.00403299949689073,-0.00153431848298554,-0.00153431848298554,0,0,0,0,0,0,0,0,0,0,1,0,1,0,0,0,1,1,0.001,0,0,-8.99125269671064e-06,-3.93676149422397e-05,1.23438739894066e-05,0,1,0,1
0.994,0.523598775598299,0.52758921694081,-0.0211697256802881,0.000167401255672544,0.52758921694081,0.52758921694081,-0.00399044134251125,-0.00146889643384049,-0.00146889643384049,0,0,0,0,0,0,0,0,0,0,1,0,0,1,995,0,0,0,0,0,0,-8.89218288946392e-06,1.83537927291103e-05,-8.89218288946392e-06,0,1,0,1
0.995,0.523598775598299,0.527568099586566,-0.0210644545436915,0.000173524407540575,0.527568099586566,0.527568099586566,-0.00396932398826766,-0.00146161083479867,-0.00146161083479867,0,0,0,0,0,0,0,0,0,0,1,0,0,1,996,0,0,0,0,0,0,-8.79601381276185e-06,1.79759400645262e-05,-8.79601381276185e-06,0,1,0,1
0.996,0.523598775598299,0.527547088830386,-0.0209567717996278,0.000176916255460445,0.527547088830386,0.527547088830386,-0.00394831323208678,-0.00145434944135088,-0.00145434944135088,0,0,0,0,0,0,0,0,0,0,1,0,0,1,997,0,0,0,0,0,0,-8.7013080267706e-06,1.76109146606436e-05,-8.7013080267706e-06,0,1,0,1
0.997,0.523598775598299,0.527526186452651,-0.0208478520986078,0.000178566262156565,0.527526186452651,0.527526186452651,-0.003927410854352,-0.00144711862318104,-0.00144711862318104,0,0,0,0,0,0,0,0,0,0,1,0,0,1,998,0,0,0,0,0,0,-8.60577437267196e-06,1.72521903622005e-05,-8.60577437267196e-06,0,1,0,1
0.998,0.523598775598299,0.52750539328815,-0.0207384435367642,0.000179108269951216,0.52750539328815,0.527526186452651,-0.003927410854352,-0.00149580854303665,-0.00149580854303665,0,0,0,0,0,0,0,0,0,0,1,0,1,0,0,0,1,1,0.001,0,0,-8.50806933361259e-06,-3.89905516085445e-05,1.22850951671527e-05,0,1,0,1
0.999,0.523598775598299,0.527484707802253,-0.0206341244769534,0.000161244539154982,0.527484707802253,0.527484707802253,-0.00388593220395395,-0.0014320325580503,-0.0014320325580503,0,0,0,0,0,0,0,0,0,0,1,0,0,1,1000,0,0,0,0,0,0,-8.40922085332263e-06,1.72691760284647e-05,-8.40922085332263e-06,0,1,0,1
1,0.523598775598299,0.527464124276062,-0.0205323553664019,0.000167862270265028,0.527464124276062,0.527464124276062,-0.00386534867776289,-0.00142491336953646,-0.00142491336953646,0,0,0,0,0,0,0,0,0,0,1,0,0,1,1001,0,0,0,0,0,0,-8.31444317972441e-06,1.69085168151544e-05,-8.31444317972441e-06,0,1,0,1
1.001,0.523598775598299,0.527443643963583,-0.0204279531100324,0.0001715930785153,0.527443643963583,0.527443643963583,-0.00384486836528453,-0.00141781590702676,-0.00141781590702676,0,0,0,0,0,0,0,0,0,0,1,0,0,1,1002,0,0,0,0,0,0,-8.22197969019278e-06,1.65623865219094e-05,-8.22197969019278e-06,0,1,0,1
1.002,0.523598775598299,0.527423268830656,-0.0203221596035034,0.000173481893271525,0.527423268830656,0.527443643963583,-0.00384486836528453,-0.00146550989888644,-0.00146550989888644,0,0,0,0,0,0,0,0,0,0,1,0,1,0,0,0,1,1,0.001,0,0,-8.12936395844233e-06,-3.85390974693787e-05,1.22457689691879e-05,0,1,0,1
1.003,0.523598775598299,0.52740299811061,-0.0202207671858259,0.000156850231285304,0.52740299811061,0.52740299811061,-0.00380422251231149,-0.00140299604305142,-0.00140299604305142,0,0,0,0,0,0,0,0,0,0,1,0,0,1,1004,0,0,0,0,0,0,-8.03686408867854e-06,1.6603213100444e-05,-8.03686408867854e-06,0,1,0,1
1.004,0.523598775598299,0.52738282667336,-0.0201214964404089,0.00016389699754762,0.52738282667336,0.52738282667336,-0.00378405107506119,-0.00139599826384032,-0.00139599826384032,0,0,0,0,0,0,0,0,0,0,1,0,0,1,1005,0,0,0,0,0,0,-7.94911362267392e-06,1.62652405560123e-05,-7.94911362267392e-06,0,1,0,1
1.005,0.523598775598299,0.527362756052719,-0.0200194025750334,0.000167915446073753,0.527362756052719,0.527362756052719,-0.00376398045442006,-0.00138902093917323,-0.00138902093917323,0,0,0,0,0,0,0,0,0,0,1,0,0,1,1006,0,0,0,0,0,0,-7.86408421515894e-06,1.59424540694692e-05,-7.86408421515894e-06,0,1,0,1
1.006,0.523598775598299,0.527342788371715,-0.0199157885835426,0.00017000087878201,0.527342788371715,0.527362756052719,-0.00376398045442006,-0.00143573907708801,-0.00143573907708801,0,0,0,0,0,0,0,0,0,0,1,0,1,0,0,0,1,1,0.001,0,0,-7.77916031613479e-06,-3.80403068546351e-05,1.21885206875172e-05,0,1,0,1
1.007,0.523598775598299,0.527322923006081,-0.0198163861785987,0.000153854003185008,0.527322923006081,0.527362756052719,-0.00376398045442006,-0.00148151380776855,-0.00148151380776855,0,0,0,0,0,0,0,0,0,0,1,0,1,0,0,0,1,2,0.002,0,0,-7.69447567694481e-06,-9.10443244069598e-05,3.21385709612931e-05,0,1,0,1
1.008,0.523598775598299,0.52730315162373,-0.0197287737377166,0.000126944347902896,0.52730315162373,0.52730315162373,-0.0037043760254315,-0.0013661763740445,-0.0013661763740445,0,0,0,0,0,0,0,0,0,0,1,0,0,1,1009,0,0,0,0,0,0,-7.61787386549528e-06,1.70990070287296e-05,-7.61787386549528e-06,0,1,0,1
1.009,0.523598775598299,0.527283465108366,-0.0196426889282079,0.000144777870611159,0.527283465108366,0.52730315162373,-0.0037043760254315,-0.00141223617906296,-0.00141223617906296,0,0,0,0,0,0,0,0,0,0,1,0,1,0,0,0,1,1,0.001,0,0,-7.55798465823521e-06,-3.61198667965818e-05,1.21285307063124e-05,0,1,0,1
1.01,0.523598775598299,0.527263867045477,-0.0195539666710126,0.000138930217676577,0.527263867045477,0.527263867045477,-0.0036650914471783,-0.0013517783826522,-0.0013517783826522,0,0,0,0,0,0,0,0,0,0,1,0,0,1,1011,0,0,0,0,0,0,-7.51073803340052e-06,1.72137436410362e-05,-7.51073803340052e-06,0,1,0,1
1.011,0.523598775598299,0.527244358028432,-0.0194628996044047,0.000152252460343543,0.527244358028432,0.527244358028432,-0.00364558243013302,-0.00134494132943693,-0.00134494132943693,0,0,0,0,0,0,0,0,0,0,1,0,0,1,1012,0,0,0,0,0,0,-7.47505807707771e-06,1.69613435230878e-05,-7.47505807707771e-06,0,1,0,1
1.012,0.523598775598299,0.527224943075406,-0.0193663090601342,0.00016027190736538,0.527224943075406,0.527224943075406,-0.00362616747710731,-0.00133811474180955,-0.00133811474180955,0,0,0,0,0,0,0,0,0,0,1,0,0,1,1013,0,0,0,0,0,0,-7.44544604702746e-06,1.67330607185306e-05,-7.44544604702746e-06,0,1,0,1
1.013,0.523598775598299,0.527205626483109,-0.0192664789789847,0.000164899846485284,0.527205626483109,0.527224943075406,-0.00362616747710731,-0.00138322959018389,-0.00138322959018389,0,0,0,0,0,0,0,0,0,0,1,0,1,0,0,0,1,1,0.001,0,0,-7.41712664353855e-06,-3.54022244691155e-05,1.18994656533866e-05,0,1,0,1
1.014,0.523598775598299,0.52718640906428,-0.0191696104099464,0.000150914152121514,0.52718640906428,0.52718640906428,-0.0035876334659809,-0.00132386289052268,-0.00132386289052268,0,0,0,0,0,0,0,0,0,0,1,0,0,1,1015,0,0,0,0,0,0,-7.38881050799112e-06,1.69783231713412e-05,-7.38881050799112e-06,0,1,0,1
1.015,0.523598775598299,0.527167286921857,-0.0190739976650154,0.000158699368465976,0.527167286921857,0.52718640906428,-0.0035876334659809,-0.00136852654064236,-0.00136852654064236,0,0,0,0,0,0,0,0,0,0,1,0,1,0,0,0,1,1,0.001,0,0,-7.36392004707653e-06,-3.46373425450831e-05,1.17582223759793e-05,0,1,0,1
1.016,0.523598775598299,0.527148260482718,-0.0189799385411628,0.00014689745667889,0.527148260482718,0.527148260482718,-0.00354948488441875,-0.00130975331580278,-0.00130975331580278,0,0,0,0,0,0,0,0,0,0,1,0,0,1,1017,0,0,0,0,0,0,-7.3415556891554e-06,1.72178552101665e-05,-7.3415556891554e-06,0,1,0,1
1.017,0.523598775598299,0.527129326998364,-0.0188862450021905,0.000155903535219239,0.527129326998364,0.527129326998364,-0.00353055140006486,-0.00130308141156993,-0.00130308141156993,0,0,0,0,0,0,0,0,0,0,1,0,0,1,1018,0,0,0,0,0,0,-7.32399519465243e-06,1.70055734186707e-05,-7.32399519465243e-06,0,1,0,1
1.018,0.523598775598299,0.527110489206382,-0.0187888863835783,0.000161160232431642,0.527110489206382,0.527110489206382,-0.00351171360808356,-0.00129643146922229,-0.00129643146922229,0,0,0,0,0,0,0,0,0,0,1,0,0,1,1019,0,0,0,0,0,0,-7.30803218829124e-06,1.68050238084933e-05,-7.30803218829124e-06,0,1,0,1
1.019,0.523598775598299,0.527091749904685,-0.0186894769769892,0.000164020414142321,0.527091749904685,0.527110489206382,-0.00351171360808356,-0.00134017862878778,-0.00134017862878778,0,0,0,0,0,0,0,0,0,0,1,0,1,0,0,0,1,1,0.001,0,0,-7.29040191604913e-06,-3.37590801823117e-05,1.1448899781219e-05,0,1,0,1
1.02,0.523598775598299,0.527073108996678,-0.018593647220689,0.000149395782982746,0.527073108996678,0.527073108996678,-0.00347433339837933,-0.00128257224547649,-0.00128257224547649,0,0,0,0,0,0,0,0,0,0,1,0,0,1,1021,0,0,0,0,0,0,-7.27073606932027e-06,1.70637601620231e-05,-7.27073606932027e-06,0,1,0,1
1.021,0.523598775598299,0.527054562127682,-0.0184994955334345,0.000156258295555275,0.527054562127682,0.527073108996678,-0.00347433339837933,-0.0013258808813254,-0.0013258808813254,0,0,0,0,0,0,0,0,0,0,1,0,1,0,0,0,1,1,0.001,0,0,-7.25292636094554e-06,-3.29951628089235e-05,1.12939426356595e-05,0,1,0,1
1.022,0.523598775598299,0.527036109337311,-0.0184071516697757,0.000144357431800299,0.527036109337311,0.527073108996678,-0.00347433339837933,-0.00136831243015649,-0.00136831243015649,0,0,0,0,0,0,0,0,0,0,1,0,1,0,0,0,1,2,0.002,0,0,-7.23647213773937e-06,-8.21438880696419e-05,2.9763187229026e-05,0,1,0,1
1.023,0.523598775598299,0.527017744567022,-0.0183244434512984,0.00012128657454011,0.527017744567022,0.527017744567022,-0.00341896896872318,-0.00126109186890851,-0.00126109186890851,0,0,0,0,0,0,0,0,0,0,1,0,0,1,1024,0,0,0,0,0,0,-7.22697283317419e-06,1.83924627500855e-05,-7.22697283317419e-06,0,1,0,1
1.024,0.523598775598299,0.526999460393142,-0.0182423441752839,0.000139024547049115,0.526999460393142,0.527017744567022,-0.00341896896872318,-0.00130378671303735,-0.00130378671303735,0,0,0,0,0,0,0,0,0,0,1,0,1,0,0,0,1,1,0.001,0,0,-7.23139492619929e-06,-3.09537700346248e-05,1.10527789537462e-05,0,1,0,1
1.025,0.523598775598299,0.52698126078226,-0.018157308743186,0.000134285287705368,0.52698126078226,0.52698126078226,-0.003382485183961,-0.00124755726613975,-0.00124755726613975,0,0,0,0,0,0,0,0,0,0,1,0,0,1,1026,0,0,0,0,0,0,-7.24531655049709e-06,1.86569662122531e-05,-7.24531655049709e-06,0,1,0,1
1.026,0.523598775598299,0.526963146660228,-0.0180698172575291,0.000147040422390972,0.526963146660228,0.52698126078226,-0.003382485183961,-0.00128982147819168,-0.00128982147819168,0,0,0,0,0,0,0,0,0,0,1,0,1,0,0,0,1,1,0.001,0,0,-7.26735848444182e-06,-3.01934217901241e-05,1.08467635472342e-05,0,1,0,1
1.027,0.523598775598299,0.526945121354012,-0.0179814971360944,0.000139248704465124,0.526945121354012,0.526945121354012,-0.00334634575571335,-0.00123409533022493,-0.00123409533022493,0,0,0,0,0,0,0,0,0,0,1,0,0,1,1028,0,0,0,0,0,0,-7.29374229835322e-06,1.89789420849008e-05,-7.29374229835322e-06,0,1,0,1
1.028,0.523598775598299,0.526927184099136,-0.0178920819196315,0.000149891386531077,0.526927184099136,0.526927184099136,-0.00332840850083693,-0.00122772289660422,-0.00122772289660422,0,0,0,0,0,0,0,0,0,0,1,0,0,1,1029,0,0,0,0,0,0,-7.32478290255134e-06,1.88298410938167e-05,-7.32478290255134e-06,0,1,0,1
1.029,0.523598775598299,0.526909338634721,-0.0177983038601142,0.000156164114244772,0.526909338634721,0.526909338634721,-0.00331056303642208,-0.00122137328913079,-0.00122137328913079,0,0,0,0,0,0,0,0,0,0,1,0,0,1,1030,0,0,0,0,0,0,-7.35629350290257e-06,1.86900215203298e-05,-7.35629350290257e-06,0,1,0,1
1.03,0.523598775598299,0.526891588312741,-0.0177020449096016,0.000159642239660557,0.526891588312741,0.526909338634721,-0.00331056303642208,-0.0012627649461597,-0.0012627649461597,0,0,0,0,0,0,0,0,0,0,1,0,1,0,0,0,1,1,0.001,0,0,-7.38447634152095e-06,-2.91590964427331e-05,1.03658456379607e-05,0,1,0,1
1.031,0.523598775598299,0.526873933458614,-0.0176088644864562,0.000146222124928792,0.526873933458614,0.526873933458614,-0.00327515786031485,-0.00120815706090131,-0.00120815706090131,0,0,0,0,0,0,0,0,0,0,1,0,0,1,1032,0,0,0,0,0,0,-7.40856210124097e-06,1.90231530067366e-05,-7.40856210124097e-06,0,1,0,1
1.032,0.523598775598299,0.526856370181877,-0.0175171062628755,0.000152939720956907,0.526856370181877,0.526873933458614,-0.00327515786031485,-0.00124913110308718,-0.00124913110308718,0,0,0,0,0,0,0,0,0,0,1,0,1,0,0,0,1,1,0.001,0,0,-7.43199921915405e-06,-2.8344840387497e-05,1.01312775174778e-05,0,1,0,1
1.033,0.523598775598299,0.526838898637932,-0.0174269847798107,0.000141750277578465,0.526838898637932,0.526838898637932,-0.00324012303963295,-0.00119510915425548,-0.00119510915425548,0,0,0,0,0,0,0,0,0,0,1,0,0,1,1034,0,0,0,0,0,0,-7.45419214431831e-06,1.93147017771619e-05,-7.45419214431831e-06,0,1,0,1
1.034,0.523598775598299,0.526821516111919,-0.0173373727826211,0.000149726166416632,0.526821516111919,0.526821516111919,-0.00322274051362037,-0.00118894911696988,-0.00118894911696988,0,0,0,0,0,0,0,0,0,0,1,0,0,1,1035,0,0,0,0,0,0,-7.47741745155128e-06,1.91437373415837e-05,-7.47741745155128e-06,0,1,0,1
1.035,0.523598775598299,0.526804224957042,-0.0172445448876005,0.000154293063119163,0.526804224957042,0.526804224957042,-0.00320544935874278,-0.00118281672175935,-0.00118281672175935,0,0,0,0,0,0,0,0,0,0,1,0,0,1,1036,0,0,0,0,0,0,-7.49888551643263e-06,1.89763966458962e-05,-7.49888551643263e-06,0,1,0,1
1.036,0.523598775598299,0.526787027600846,-0.0171499686049258,0.00015668153199462,0.526787027600846,0.526787027600846,-0.00318825200254691,-0.00117671973971952,-0.00117671973971952,0,0,0,0,0,0,0,0,0,0,1,0,0,1,1037,0,0,0,0,0,0,-7.51573422641538e-06,1.8804769928004e-05,-7.51573422641538e-06,0,1,0,1
1.037,0.523598775598299,0.52676992528826,-0.0170545808856036,0.0001576800789962,0.52676992528826,0.52676992528826,-0.00317114968996157,-0.00117066265208265,-0.00117066265208265,0,0,0,0,0,0,0,0,0,0,1,0,0,1,1038,0,0,0,0,0,0,-7.52628593769789e-06,1.86242377535062e-05,-7.52628593769789e-06,0,1,0,1
1.038,0.523598775598299,0.52675291850982,-0.0169589786968797,0.000157794025477107,0.52675291850982,0.52675291850982,-0.00315414291152094,-0.00116464784655693,-0.00116464784655693,0,0,0,0,0,0,0,0,0,0,1,0,0,1,1039,0,0,0,0,0,0,-7.52961924677109e-06,1.84322746769206e-05,-7.52961924677109e-06,0,1,0,1
1.039,0.523598775598299,0.526736007276088,-0.0168635411078321,0.000157347276352164,0.526736007276088,0.526736007276088,-0.00313723167778968,-0.00115867638363862,-0.00115867638363862,0,0,0,0,0,0,0,0,0,0,1,0,0,1,1040,0,0,0,0,0,0,-7.52529455971818e-06,1.8227682929136e-05,-7.52529455971818e-06,0,1,0,1
1.04,0.523598775598299,0.526719191293561,-0.0167685075030435,0.000156547508978042,0.526719191293561,0.526719191293561,-0.00312041569526234,-0.00115274848745022,-0.00115274848745022,0,0,0,0,0,0,0,0,0,0,1,0,0,1,1041,0,0,0,0,0,0,-7.51317818759034e-06,1.80101015797912e-05,-7.51317818759034e-06,0,1,0,1
1.041,0.523598775598299,0.526702470077439,-0.0166740276934784,0.00015552793098211,0.526702470077439,0.526702470077439,-0.00310369447913994,-0.00114686386009882,-0.00114686386009882,0,0,0,0,0,0,0,0,0,0,1,0,0,1,1042,0,0,0,0,0,0,-7.49332956417881e-06,1.77796921782261e-05,-7.49332956417881e-06,0,1,0,1
1.042,0.523598775598299,0.526685843023961,-0.0165801940255602,0.00015437402920501,0.526685843023961,0.526685843023961,-0.00308706742566178,-0.00114102188296775,-0.00114102188296775,0,0,0,0,0,0,0,0,0,0,1,0,0,1,1043,0,0,0,0,0,0,-7.46592890898956e-06,1.75369374623919e-05,-7.46592890898956e-06,0,1,0,1
1.043,0.523598775598299,0.52666930945682,-0.0164870619586975,0.000153140704616898,0.52666930945682,0.52666930945682,-0.00307053385852152,-0.00113522174556772,-0.00113522174556772,0,0,0,0,0,0,0,0,0,0,1,0,0,1,1044,0,0,0,0,0,0,-7.431230805377e-06,1.7282512506744e-05,-7.431230805377e-06,0,1,0,1
1.044,0.523598775598299,0.52665286865697,-0.0163946632558155,0.000151863248909826,0.52665286865697,0.52665286865697,-0.00305409305867144,-0.00112946252796356,-0.00112946252796356,0,0,0,0,0,0,0,0,0,0,1,0,0,1,1045,0,0,0,0,0,0,-7.38953439138879e-06,1.70172022969893e-05,-7.38953439138879e-06,0,1,0,1
1.045,0.523598775598299,0.526636519881777,-0.0163030144417139,0.000150564376335003,0.526636519881777,0.526636519881777,-0.00303774428347814,-0.00112374325345086,-0.00112374325345086,0,0,0,0,0,0,0,0,0,0,1,0,0,1,1046,0,0,0,0,0,0,-7.34116419809361e-06,1.67418490518399e-05,-7.34116419809361e-06,0,1,0,1
1.046,0.523598775598299,0.526620262377346,-0.0162121222298178,0.000149258728695261,0.526620262377346,0.526620262377346,-0.00302148677904723,-0.00111806292215774,-0.00111806292215774,0,0,0,0,0,0,0,0,0,0,1,0,0,1,1047,0,0,0,0,0,0,-7.28645781955528e-06,1.64573186215485e-05,-7.28645781955528e-06,0,1,0,1
1.047,0.523598775598299,0.526604095386463,-0.0161219870066333,0.000147955761742966,0.526604095386463,0.526604095386463,-0.00300531978816443,-0.001112420532415,-0.001112420532415,0,0,0,0,0,0,0,0,0,0,1,0,0,1,1048,0,0,0,0,0,0,-7.22575796641145e-06,1.61644791180082e-05,-7.22575796641145e-06,0,1,0,1
1.048,0.523598775598299,0.526588018153719,-0.0160326050716801,0.000146661594766439,0.526588018153719,0.526604095386463,-0.00300531978816443,-0.00115002637062328,-0.00115002637062328,0,0,0,0,0,0,0,0,0,0,1,0,1,0,0,0,1,1,0.001,0,0,-7.15940733508891e-06,-2.73470889530147e-05,8.91782540868302e-06,0,1,0,1
1.049,0.523598775598299,0.52657202856177,-0.0159479161044769,0.000131691673597148,0.52657202856177,0.52657202856177,-0.00297325296347095,-0.00110068166775559,-0.00110068166775559,0,0,0,0,0,0,0,0,0,0,1,0,0,1,1050,0,0,0,0,0,0,-7.08911234348353e-06,1.61212508055075e-05,-7.08911234348353e-06,0,1,0,1
1.05,0.523598775598299,0.526556121559746,-0.0158657166512522,0.00013600776457807,0.526556121559746,0.526556121559746,-0.00295734596144692,-0.00109515004341293,-0.00109515004341293,0,0,0,0,0,0,0,0,0,0,1,0,0,1,1051,0,0,0,0,0,0,-7.01951471304696e-06,1.58057466262684e-05,-7.01951471304696e-06,0,1,0,1
1.051,0.523598775598299,0.526540297682134,-0.0157818448563533,0.000138321541949957,0.526540297682134,0.526540297682134,-0.00294152208383502,-0.00108964020914196,-0.00108964020914196,0,0,0,0,0,0,0,0,0,0,1,0,0,1,1052,0,0,0,0,0,0,-6.94967258507706e-06,1.54975552598578e-05,-6.94967258507706e-06,0,1,0,1
1.052,0.523598775598299,0.526524558138673,-0.0156971614611848,0.000139359519478727,0.526524558138673,0.526524558138673,-0.00292578254037379,-0.00108415664816192,-0.00108415664816192,0,0,0,0,0,0,0,0,0,0,1,0,0,1,1053,0,0,0,0,0,0,-6.87797061749151e-06,1.51920622463997e-05,-6.87797061749151e-06,0,1,0,1
1.053,0.523598775598299,0.526508903446544,-0.0156122140055014,0.00013958711349732,0.526508903446544,0.526508903446544,-0.00291012784824496,-0.00107870191252501,-0.00107870191252501,0,0,0,0,0,0,0,0,0,0,1,0,0,1,1054,0,0,0,0,0,0,-6.80348778892004e-06,1.4886584756877e-05,-6.80348778892004e-06,0,1,0,1
1.054,0.523598775598299,0.526493333683131,-0.0155273493886595,0.000139302480597267,0.526493333683131,0.526493333683131,-0.00289455808483186,-0.00107327732916321,-0.00107327732916321,0,0,0,0,0,0,0,0,0,0,1,0,0,1,1055,0,0,0,0,0,0,-6.72574463400633e-06,1.45796655439019e-05,-6.72574463400633e-06,0,1,0,1
1.055,0.523598775598299,0.526477848647937,-0.015442785977783,0.000138696626451713,0.526477848647937,0.526477848647937,-0.0028790730496383,-0.00106788345195398,-0.00106788345195398,0,0,0,0,0,0,0,0,0,0,1,0,0,1,1056,0,0,0,0,0,0,-6.64454131948933e-06,1.42706208771859e-05,-6.64454131948933e-06,0,1,0,1
1.056,0.523598775598299,0.526462447966314,-0.015358659803171,0.000137891909429257,0.526462447966314,0.526462447966314,-0.00286367236801532,-0.00106252035109289,-0.00106252035109289,0,0,0,0,0,0,0,0,0,0,1,0,0,1,1057,0,0,0,0,0,0,-6.55985391195824e-06,1.39592511705713e-05,-6.55985391195824e-06,0,1,0,1
1.057,0.523598775598299,0.526447131155904,-0.0152750541548359,0.000136966704867528,0.526447131155904,0.526447131155904,-0.00284835555760499,-0.00105718779824004,-0.00105718779824004,0,0,0,0,0,0,0,0,0,0,1,0,0,1,1058,0,0,0,0,0,0,-6.47176792811788e-06,1.36456558343526e-05,-6.47176792811788e-06,0,1,0,1
1.058,0.523598775598299,0.526431897669197,-0.0151920185462361,0.000135971204474344,0.526431897669197,0.526431897669197,-0.00283312207089814,-0.00105188538489999,-0.00105188538489999,0,0,0,0,0,0,0,0,0,0,1,0,0,1,1059,0,0,0,0,0,0,-6.38043577183556e-06,1.33301148959137e-05,-6.38043577183556e-06,0,1,0,1
1.059,0.523598775598299,0.526416746920784,-0.0151095808668055,0.000134937537275341,0.526416746920784,0.526431897669197,-0.00283312207089814,-0.00108733373374079,-0.00108733373374079,0,0,0,0,0,0,0,0,0,0,1,0,1,0,0,0,1,1,0.001,0,0,-6.28604947727762e-06,-2.77081223199211e-05,8.86469893524033e-06,0,1,0,1
1.06,0.523598775598299,0.526401677016524,-0.0150314737978785,0.000120986560632555,0.526401677016524,0.526431897669197,-0.00283312207089814,-0.00112206238203232,-0.00112206238203232,0,0,0,0,0,0,0,0,0,0,1,0,1,0,0,0,1,2,0.002,0,0,-6.19011153613069e-06,-6.79987206305445e-05,2.40305411368658e-05,0,1,0,1
1.061,0.523598775598299,0.526386680711976,-0.0149630510833008,9.94606929667056e-05,0.526386680711976,0.526431897669197,-0.00283312207089814,-0.00115609567500075,-0.00115609567500075,0,0,0,0,0,0,0,0,0,0,1,0,1,0,0,0,1,3,0.003,0,0,-6.09947645668907e-06,-0.000107566152349125,3.91174807643502e-05,0,1,0,1
1.062,0.523598775598299,0.526371746643183,-0.0149073703282249,7.37603860433412e-05,0.526371746643183,0.526371746643183,-0.00277297104488428,-0.00102778735890018,-0.00102778735890018,0,0,0,0,0,0,0,0,0,0,1,0,0,1,1063,0,0,0,0,0,0,-6.02511997860322e-06,1.52357096433386e-05,-6.02511997860322e-06,0,1,0,1
1.063,0.523598775598299,0.52635686628758,-0.0148512675926016,9.72525730775063e-05,0.52635686628758,0.526371746643183,-0.00277297104488428,-0.00106259599045192,-0.00106259599045192,0,0,0,0,0,0,0,0,0,0,1,0,1,0,0,0,1,1,0.001,0,0,-5.9751781571471e-06,-2.50518175431121e-05,8.90517744567276e-06,0,1,0,1
1.064,0.523598775598299,0.526342046136052,-0.0147888717763361,9.91948820808897e-05,0.526342046136052,0.526342046136052,-0.00274327053775314,-0.00101686940982522,-0.00101686940982522,0,0,0,0,0,0,0,0,0,0,1,0,0,1,1065,0,0,0,0,0,0,-5.942775300527e-06,1.5223300213002e-05,-5.942775300527e-06,0,1,0,1
1.065,0.523598775598299,0.526327290091709,-0.0147219774660002,0.000113289284421103,0.526327290091709,0.526342046136052,-0.00274327053775314,-0.00105132059102213,-0.00105132059102213,0,0,0,0,0,0,0,0,0,0,1,0,1,0,0,0,1,1,0.001,0,0,-5.92362518714307e-06,-2.46520363415851e-05,8.83241915561328e-06,0,1,0,1
1.066,0.523598775598299,0.526312602877921,-0.0146528114040868,0.000109314761768316,0.526312602877921,0.526312602877921,-0.00271382727962266,-0.00100593504180806,-0.00100593504180806,0,0,0,0,0,0,0,0,0,0,1,0,0,1,1067,0,0,0,0,0,0,-5.91262302818141e-06,1.53365402341546e-05,-5.91262302818141e-06,0,1,0,1
1.067,0.523598775598299,0.526297985160585,-0.0145817301730643,0.000119505222292714,0.526297985160585,0.526297985160585,-0.0026992095622862,-0.00100074520818089,-0.00100074520818089,0,0,0,0,0,0,0,0,0,0,1,0,0,1,1068,0,0,0,0,0,0,-5.90872319372604e-06,1.51564596060907e-05,-5.90872319372604e-06,0,1,0,1
1.068,0.523598775598299,0.526283440811574,-0.0145064389040423,0.000125590774659177,0.526283440811574,0.526297985160585,-0.0026992095622862,-0.00103465906642931,-0.00103465906642931,0,0,0,0,0,0,0,0,0,0,1,0,1,0,0,0,1,1,0.001,0,0,-5.9076757560339e-06,-2.41003783936133e-05,8.63667325490258e-06,0,1,0,1
1.069,0.523598775598299,0.526268971854622,-0.0144322752609259,0.000116667865917018,0.526268971854622,0.526297985160585,-0.0026992095622862,-0.00106788247116424,-0.00106788247116424,0,0,0,0,0,0,0,0,0,0,1,0,1,0,0,0,1,2,0.002,0,0,-5.90708060255185e-06,-6.26399517992078e-05,2.3106225360392e-05,0,1,0,1
1.07,0.523598775598299,0.52625457376077,-0.0143655041190726,9.87987093726861e-05,0.52625457376077,0.52625457376077,-0.00265579816247075,-0.000983760614573806,-0.000983760614573806,0,0,0,0,0,0,0,0,0,0,1,0,0,1,1071,0,0,0,0,0,0,-5.91109198255779e-06,1.6192424233832e-05,-5.91109198255779e-06,0,1,0,1
1.071,0.523598775598299,0.526240240828667,-0.0142991279777784,0.000112809522928193,0.526240240828667,0.526240240828667,-0.00264146523036801,-0.000978662223615782,-0.000978662223615782,0,0,0,0,0,0,0,0,0,0,1,0,0,1,1072,0,0,0,0,0,0,-5.92503819885071e-06,1.60279002353039e-05,-5.92503819885071e-06,0,1,0,1
1.072,0.523598775598299,0.526225977442561,-0.0142268996077811,0.000121325487527773,0.526225977442561,0.526240240828667,-0.00264146523036801,-0.00101190515296187,-0.00101190515296187,0,0,0,0,0,0,0,0,0,0,1,0,1,0,0,0,1,1,0.001,0,0,-5.94416361510142e-06,-2.24515005238755e-05,8.31922249056039e-06,0,1,0,1
1.073,0.523598775598299,0.526211786970472,-0.0141546870071965,0.000114181475930956,0.526211786970472,0.526211786970472,-0.00261301137217296,-0.000967994237158764,-0.000967994237158764,0,0,0,0,0,0,0,0,0,0,1,0,0,1,1074,0,0,0,0,0,0,-5.96473047498325e-06,1.62492658055992e-05,-5.96473047498325e-06,0,1,0,1
1.074,0.523598775598299,0.526197668262407,-0.0140820564123984,0.000121886128675798,0.526197668262407,0.526211786970472,-0.00261301137217296,-0.00100089665141781,-0.00100089665141781,0,0,0,0,0,0,0,0,0,0,1,0,1,0,0,0,1,1,0.001,0,0,-5.98752068015074e-06,-2.18370971378449e-05,8.13118738507423e-06,0,1,0,1
1.075,0.523598775598299,0.526183622694982,-0.01400975625163,0.000114342821455321,0.526183622694982,0.526183622694982,-0.00258484709668316,-0.000957430244678673,-0.000957430244678673,0,0,0,0,0,0,0,0,0,0,1,0,0,1,1076,0,0,0,0,0,0,-6.01079116469005e-06,1.64714410089088e-05,-6.01079116469005e-06,0,1,0,1
1.076,0.523598775598299,0.52616964887367,-0.0139372479785176,0.00012165985255811,0.52616964887367,0.52616964887367,-0.00257087327537098,-0.000952437360239478,-0.000952437360239478,0,0,0,0,0,0,0,0,0,0,1,0,0,1,1077,0,0,0,0,0,0,-6.03557164280399e-06,1.63324167026377e-05,-6.03557164280399e-06,0,1,0,1
1.077,0.523598775598299,0.526155749181409,-0.0138617722540767,0.000125886724179717,0.526155749181409,0.526155749181409,-0.0025569735831098,-0.000947466528988022,-0.000947466528988022,0,0,0,0,0,0,0,0,0,0,1,0,0,1,1078,0,0,0,0,0,0,-6.05911599138587e-06,1.6197179261504e-05,-6.05911599138587e-06,0,1,0,1
1.078,0.523598775598299,0.526141925870976,-0.0137846594794978,0.000128138535572846,0.526141925870976,0.526141925870976,-0.00254315027267693,-0.000942524851428307,-0.000942524851428307,0,0,0,0,0,0,0,0,0,0,1,0,0,1,1079,0,0,0,0,0,0,-6.07880987313347e-06,1.60585088391334e-05,-6.07880987313347e-06,0,1,0,1
1.079,0.523598775598299,0.526128180122908,-0.013706759280343,0.000129129802767095,0.526128180122908,0.526128180122908,-0.00252940452460937,-0.000937616444833825,-0.000937616444833825,0,0,0,0,0,0,0,0,0,0,1,0,0,1,1080,0,0,0,0,0,0,-6.09311280952429e-06,1.59121692695748e-05,-6.09311280952429e-06,0,1,0,1
1.08,0.523598775598299,0.526114512433543,-0.0136286132014213,0.000129318427121706,0.526114512433543,0.526128180122908,-0.00252940452460937,-0.000969478599357375,-0.000969478599357375,0,0,0,0,0,0,0,0,0,0,1,0,1,0,0,0,1,1,0.001,0,0,-6.10117013544187e-06,-2.09792480427972e-05,7.56651923017326e-06,0,1,0,1
1.081,0.523598775598299,0.52610092170152,-0.0135539199594237,0.000117360933500612,0.52610092170152,0.52610092170152,-0.00250214610322153,-0.000927427666222285,-0.000927427666222285,0,0,0,0,0,0,0,0,0,0,1,0,0,1,1082,0,0,0,0,0,0,-6.103726488349e-06,1.60677876845997e-05,-6.103726488349e-06,0,1,0,1
1.082,0.523598775598299,0.526087404049307,-0.0134810307089477,0.000121465003747724,0.526087404049307,0.52610092170152,-0.00250214610322153,-0.000958962195756076,-0.000958962195756076,0,0,0,0,0,0,0,0,0,0,1,0,1,0,0,0,1,1,0.001,0,0,-6.10430428393816e-06,-2.04453914214196e-05,7.41334792975223e-06,0,1,0,1
1.083,0.523598775598299,0.526073959016917,-0.0134098692878161,0.000112142902332493,0.526073959016917,0.526073959016917,-0.00247518341861808,-0.000917384968545273,-0.000917384968545273,0,0,0,0,0,0,0,0,0,0,1,0,0,1,1084,0,0,0,0,0,0,-6.10300998415969e-06,1.61783169550372e-05,-6.10300998415969e-06,0,1,0,1
1.084,0.523598775598299,0.526060584129298,-0.013339414244324,0.00011780071214182,0.526060584129298,0.526060584129298,-0.00246180853099942,-0.000912646188058194,-0.000912646188058194,0,0,0,0,0,0,0,0,0,0,1,0,0,1,1085,0,0,0,0,0,0,-6.10196670958185e-06,1.598859269401e-05,-6.10196670958185e-06,0,1,0,1
1.085,0.523598775598299,0.526047280936544,-0.013266699150319,0.000120982736089123,0.526047280936544,0.526060584129298,-0.00246180853099942,-0.000943684749784242,-0.000943684749784242,0,0,0,0,0,0,0,0,0,0,1,0,1,0,0,0,1,1,0.001,0,0,-6.09927401951094e-06,-1.99535758990729e-05,7.20391873432202e-06,0,1,0,1
1.086,0.523598775598299,0.526034049995146,-0.0131960545151127,0.000111257354084243,0.526034049995146,0.526034049995146,-0.00243527439684688,-0.000902773334409353,-0.000902773334409353,0,0,0,0,0,0,0,0,0,0,1,0,0,1,1087,0,0,0,0,0,0,-6.0940266561893e-06,1.60790147298679e-05,-6.0940266561893e-06,0,1,0,1
1.087,0.523598775598299,0.52602088857008,-0.0131263432143569,0.00011647030678543,0.52602088857008,0.52602088857008,-0.00242211297178108,-0.000898116946955097,-0.000898116946955097,0,0,0,0,0,0,0,0,0,0,1,0,0,1,1088,0,0,0,0,0,0,-6.08861244855152e-06,1.58812442443545e-05,-6.08861244855152e-06,0,1,0,1
1.088,0.523598775598299,0.526007797994099,-0.0130545612881273,0.000119372571361686,0.526007797994099,0.52602088857008,-0.00242211297178108,-0.000928666599763472,-0.000928666599763472,0,0,0,0,0,0,0,0,0,0,1,0,1,0,0,0,1,1,0.001,0,0,-6.08135301916057e-06,-1.94980145690636e-05,7.00922296126283e-06,0,1,0,1
1.089,0.523598775598299,0.525994778690578,-0.0129849158570213,0.000109654338275609,0.525994778690578,0.525994778690578,-0.00239600309227872,-0.000888416379015895,-0.000888416379015895,0,0,0,0,0,0,0,0,0,0,1,0,0,1,1090,0,0,0,0,0,0,-6.07148093267895e-06,1.59470376794495e-05,-6.07148093267895e-06,0,1,0,1
1.09,0.523598775598299,0.52598182788776,-0.0129162531578165,0.000114687529237386,0.52598182788776,0.52598182788776,-0.00238305228946112,-0.000883841703337771,-0.000883841703337771,0,0,0,0,0,0,0,0,0,0,1,0,0,1,1091,0,0,0,0,0,0,-6.06142543879695e-06,1.57408683791856e-05,-6.06142543879695e-06,0,1,0,1
1.091,0.523598775598299,0.525968946844805,-0.0128455948368365,0.000117480359362074,0.525968946844805,0.525968946844805,-0.00237017124650585,-0.0008792885935875,-0.0008792885935875,0,0,0,0,0,0,0,0,0,0,1,0,0,1,1092,0,0,0,0,0,0,-6.04958642647091e-06,1.55373431269907e-05,-6.04958642647091e-06,0,1,0,1
1.092,0.523598775598299,0.525956137039466,-0.0127739047006271,0.000118843453391293,0.525956137039466,0.525968946844805,-0.00237017124650585,-0.000909191322358303,-0.000909191322358303,0,0,0,0,0,0,0,0,0,0,1,0,1,0,0,0,1,1,0.001,0,0,-6.03414673505664e-06,-1.90979237741588e-05,6.77565860396356e-06,0,1,0,1
1.093,0.523598775598299,0.525943398084134,-0.0127049411241941,0.00010838964945611,0.525943398084134,0.525943398084134,-0.00234462248583567,-0.000869815408143283,-0.000869815408143283,0,0,0,0,0,0,0,0,0,0,1,0,0,1,1094,0,0,0,0,0,0,-6.01515610698655e-06,1.55694365189451e-05,-6.01515610698655e-06,0,1,0,1
1.094,0.523598775598299,0.525930726754016,-0.0126373452609475,0.000112712571138702,0.525930726754016,0.525930726754016,-0.00233195115571727,-0.000865351145992895,-0.000865351145992895,0,0,0,0,0,0,0,0,0,0,1,0,0,1,1095,0,0,0,0,0,0,-5.99550300639518e-06,1.53490167308298e-05,-5.99550300639518e-06,0,1,0,1
1.095,0.523598775598299,0.525918123954333,-0.0125680552476992,0.000115062370495581,0.525918123954333,0.525918123954333,-0.00231934835603398,-0.000860908385364496,-0.000860908385364496,0,0,0,0,0,0,0,0,0,0,1,0,0,1,1096,0,0,0,0,0,0,-5.97394740997625e-06,1.51308556184081e-05,-5.97394740997625e-06,0,1,0,1
1.096,0.523598775598299,0.525905590923242,-0.0124979196480969,0.000116153790261438,0.525905590923242,0.525905590923242,-0.00230681532494326,-0.000856491424899855,-0.000856491424899855,0,0,0,0,0,0,0,0,0,0,1,0,0,1,1097,0,0,0,0,0,0,-5.94891788285867e-06,1.49105431901768e-05,-5.94891788285867e-06,0,1,0,1
1.097,0.523598775598299,0.525893128215807,-0.0124274788743413,0.000116444786309352,0.525893128215807,0.525893128215807,-0.00229435261750799,-0.00085210266287313,-0.00085210266287313,0,0,0,0,0,0,0,0,0,0,1,0,0,1,1098,0,0,0,0,0,0,-5.91952760364833e-06,1.46855702597226e-05,-5.91952760364833e-06,0,1,0,1
1.098,0.523598775598299,0.5258807359527,-0.012357075890977,0.000116228813423394,0.5258807359527,0.5258807359527,-0.00228196035440087,-0.000847743291835132,-0.000847743291835132,0,0,0,0,0,0,0,0,0,0,1,0,0,1,1099,0,0,0,0,0,0,-5.88532565426458e-06,1.44546337999176e-05,-5.88532565426458e-06,0,1,0,1
1.099,0.523598775598299,0.525868413979569,-0.0122869271346163,0.000115693940039291,0.525868413979569,0.525868413979569,-0.0022696383812697,-0.000843413743469081,-0.000843413743469081,0,0,0,0,0,0,0,0,0,0,1,0,0,1,1100,0,0,0,0,0,0,-5.84613764886832e-06,1.42171920855839e-05,-5.84613764886832e-06,0,1,0,1
1.1,0.523598775598299,0.525856161969166,-0.0122171679494437,0.000114960715102949,0.525856161969166,0.525856161969166,-0.00225738637086759,-0.000839113973427385,-0.000839113973427385,0,0,0,0,0,0,0,0,0,0,0,0,0,1,1101,0,0,0,0,0,0,-5.80196359822871e-06,1.39731798560446e-05,-5.80196359822871e-06,0,0,1,0
1.101,0.523598775598299,0.525843979486812,-0.0121478816983449,0.000114106424481079,0.525843979486812,0.525843979486812,-0.00224520388851357,-0.000834843643655011,-0.000834843643655011,0,0,0,0,0,0,0,0,0,0,0,0,0,1,1102,0,0,0,0,0,0,-5.75291244409026e-06,1.37228259922259e-05,-5.75291244409026e-06,0,0,1,0
1.102,0.523598775598299,0.525831866032356,-0.0120791184170513,0.000113180629120356,0.525831866032356,0.525831866032356,-0.00223309043405751,-0.000830602239036068,-0.000830602239036068,0,0,0,0,0,0,0,0,0,0,0,0,0,1,1103,0,0,0,0,0,0,-5.69916008807958e-06,1.3466536867234e-05,-5.69916008807958e-06,0,0,1,0
1.103,0.523598775598299,0.525819821067087,-0.0120109067696919,0.000112215118675586,0.525819821067087,0.525819821067087,-0.00222104546878776,-0.000826389141959659,-0.000826389141959659,0,0,0,0,0,0,0,0,0,0,0,0,0,1,1104,0,0,0,0,0,0,-5.64092247912207e-06,1.32048217812483e-05,-5.64092247912207e-06,0,0,1,0
1.104,0.523598775598299,0.525807844030987,-0.0119432617132172,0.00011123028792713,0.525807844030987,0.525807844030987,-0.00220906843268776,-0.000822203679921185,-0.000822203679921185,0,0,0,0,0,0,0,0,0,0,0,0,0,1,1105,0,0,0,0,0,0,-5.5784383509172e-06,1.29382453579177e-05,-5.5784383509172e-06,0,0,1,0
1.105,0.523598775598299,0.525795934353803,-0.0118761894128115,0.00011023922178614,0.525795934353803,0.525795934353803,-0.00219715875550397,-0.000818045155841485,-0.000818045155841485,0,0,0,0,0,0,0,0,0,0,0,0,0,1,1106,0,0,0,0,0,0,-5.51195814890715e-06,1.2667397225611e-05,-5.51195814890715e-06,0,0,1,0
1.106,0.523598775598299,0.525784091462144,-0.0118096903961165,0.000109250312512334,0.525784091462144,0.525784091462144,-0.00218531586384485,-0.000813912867309243,-0.000813912867309243,0,0,0,0,0,0,0,0,0,0,0,0,0,1,1107,0,0,0,0,0,0,-5.44173692540451e-06,1.23928727726735e-05,-5.44173692540451e-06,0,0,1,0
1.107,0.523598775598299,0.52577231478403,-0.0117437615790208,0.000108268936720366,0.52577231478403,0.52577231478403,-0.00217353918573071,-0.000809806118717892,-0.000809806118717892,0,0,0,0,0,0,0,0,0,0,0,0,0,1,1108,0,0,0,0,0,0,-5.36802978479134e-06,1.21152610111511e-05,-5.36802978479134e-06,0,0,1,0
1.108,0.523598775598299,0.525760603751806,-0.0116783975683429,0.000107298530117085,0.525760603751806,0.525760603751806,-0.00216182815350696,-0.000805724228847516,-0.000805724228847516,0,0,0,0,0,0,0,0,0,0,0,0,0,1,1109,0,0,0,0,0,0,-5.2910889645208e-06,1.18351369930957e-05,-5.2910889645208e-06,0,0,1,0
1.109,0.523598775598299,0.525748957804001,-0.0116135915010443,0.000106341276438826,0.525748957804001,0.525748957804001,-0.0021501822057024,-0.000801666535518502,-0.000801666535518502,0,0,0,0,0,0,0,0,0,0,0,0,0,1,1110,0,0,0,0,0,0,-5.21116197116367e-06,1.15530571553968e-05,-5.21116197116367e-06,0,0,1,0
1.11,0.523598775598299,0.525737376386508,-0.0115493355862935,0.000105398549250655,0.525737376386508,0.525737376386508,-0.00213860078820871,-0.000797632398368263,-0.000797632398368263,0,0,0,0,0,0,0,0,0,0,0,0,0,1,1111,0,0,0,0,0,0,-5.12849039591146e-06,1.12695565433083e-05,-5.12849039591146e-06,0,0,1,0
1.111,0.523598775598299,0.525725858953319,-0.0114856214569268,0.000104471195426257,0.525725858953319,0.525725858953319,-0.00212708335501988,-0.000793621200418387,-0.000793621200418387,0,0,0,0,0,0,0,0,0,0,0,0,0,1,1112,0,0,0,0,0,0,-5.04330916961671e-06,1.09851472420283e-05,-5.04330916961671e-06,0,0,1,0
1.112,0.523598775598299,0.525714404966985,-0.0114224403985577,0.000103559717202739,0.525714404966985,0.525714404966985,-0.00211562936868614,-0.00078963234886428,-0.00078963234886428,0,0,0,0,0,0,0,0,0,0,0,0,0,1,1113,0,0,0,0,0,0,-4.95584610304967e-06,1.07003175851533e-05,-4.95584610304967e-06,0,0,1,0
1.113,0.523598775598299,0.52570301389888,-0.0113597835000653,0.00010266438925355,0.52570301389888,0.52570301389888,-0.00210423830058071,-0.000785665275361524,-0.000785665275361524,0,0,0,0,0,0,0,0,0,0,0,0,0,1,1114,0,0,0,0,0,0,-4.86632161555978e-06,1.04155318693859e-05,-4.86632161555978e-06,0,0,1,0
1.114,0.523598775598299,0.525691685229341,-0.0112976417534793,0.000101785334123971,0.525691685229341,0.525691685229341,-0.00209290963104258,-0.000781719435986245,-0.000781719435986245,0,0,0,0,0,0,0,0,0,0,0,0,0,1,1115,0,0,0,0,0,0,-4.77494858575067e-06,1.01312303904168e-05,-4.77494858575067e-06,0,0,1,0
1.115,0.523598775598299,0.525680418447737,-0.0112360061212129,0.000100922570982614,0.525680418447737,0.525680418447737,-0.00208164284943846,-0.000777794310988477,-0.000777794310988477,0,0,0,0,0,0,0,0,0,0,0,0,0,1,1116,0,0,0,0,0,0,-4.68193228508884e-06,9.84782969087362e-06,-4.68193228508884e-06,0,0,1,0
1.116,0.523598775598299,0.525669213052466,-0.0111748675821556,0.000100076047265884,0.525669213052466,0.525669213052466,-0.00207043745416757,-0.000773889404405798,-0.000773889404405798,0,0,0,0,0,0,0,0,0,0,0,0,0,1,1117,0,0,0,0,0,0,-4.58747036713447e-06,9.56572294437061e-06,-4.58747036713447e-06,0,0,1,0
1.117,0.523598775598299,0.525658068550927,-0.0111142171639999,9.92456593520601e-05,0.525658068550927,0.525658068550927,-0.00205929295262808,-0.000770004243588272,-0.000770004243588272,0,0,0,0,0,0,0,0,0,0,0,0,0,1,1118,0,0,0,0,0,0,-4.4917528961852e-06,9.2852804306218e-06,-4.4917528961852e-06,0,0,1,0
1.118,0.523598775598299,0.525646984459455,-0.0110540459665401,9.84312661948096e-05,0.525646984459455,0.525646984459455,-0.00204820886115598,-0.000766138378665414,-0.000766138378665414,0,0,0,0,0,0,0,0,0,0,0,0,0,1,1119,0,0,0,0,0,0,-4.39496240278725e-06,9.00685006700788e-06,-4.39496240278725e-06,0,0,1,0
1.119,0.523598775598299,0.525635960303243,-0.0109943451789788,9.76326984335655e-05,0.525635960303243,0.525635960303243,-0.00203718470494396,-0.000762291381975262,-0.000762291381975262,0,0,0,0,0,0,0,0,0,0,0,0,0,1,1120,0,0,0,0,0,0,-4.29727395945267e-06,8.73075797829057e-06,-4.29727395945267e-06,0,0,1,0
1.12,0.523598775598299,0.525624995616244,-0.0109351060931973,9.6849764593451e-05,0.525624995616244,0.525624995616244,-0.0020262200179455,-0.00075846284747005,-0.00075846284747005,0,0,0,0,0,0,0,0,0,0,0,0,0,1,1121,0,0,0,0,0,0,-4.19885527103148e-06,8.45730908942237e-06,-4.19885527103148e-06,0,0,1,0
1.121,0.523598775598299,0.525614089941065,-0.0108763201142486,9.60822554075446e-05,0.525614089941065,0.525614089941065,-0.00201531434276592,-0.00075465239010318,-0.00075465239010318,0,0,0,0,0,0,0,0,0,0,0,0,0,1,1122,0,0,0,0,0,0,-4.09986677885055e-06,8.18678773911383e-06,-4.09986677885055e-06,0,0,1,0
1.122,0.523598775598299,0.525603242828844,-0.0108179787688849,9.53299469245208e-05,0.525603242828844,0.525603242828844,-0.00200446723054559,-0.000750859645211136,-0.000750859645211136,0,0,0,0,0,0,0,0,0,0,0,0,0,1,1123,0,0,0,0,0,0,-4.00046177173596e-06,7.91945829572028e-06,-4.00046177173596e-06,0,0,1,0
1.123,0.523598775598299,0.525592453839133,-0.0107600737126492,9.45926028240973e-05,0.525592453839133,0.525592453839133,-0.00199367824083407,-0.000747084267886734,-0.000747084267886734,0,0,0,0,0,0,0,0,0,0,0,0,0,1,1124,0,0,0,0,0,0,-3.90078650658321e-06,7.6555657829748e-06,-3.90078650658321e-06,0,0,1,0
1.124,0.523598775598299,0.525581722539757,-0.0107025967358758,9.38699762135731e-05,0.525581722539757,0.525581722539757,-0.00198294694145862,-0.000743325932353056,-0.000743325932353056,0,0,0,0,0,0,0,0,0,0,0,0,0,1,1125,0,0,0,0,0,0,-3.80098033458953e-06,7.39533650530831e-06,-3.80098033458953e-06,0,0,1,0
1.125,0.523598775598299,0.525571048506685,-0.0106455397688262,9.31618110786386e-05,0.525571048506685,0.525571048506685,-0.00197227290838653,-0.000739584331335897,-0.000739584331335897,0,0,0,0,0,0,0,0,0,0,0,0,0,1,1126,0,0,0,0,0,0,-3.70117583370355e-06,7.13897867461906e-06,-3.70117583370355e-06,0,0,1,0
1.126,0.523598775598299,0.525560431323882,-0.0105888948861153,9.24678435010027e-05,0.525560431323882,0.525560431323882,-0.00196165572558293,-0.000735859175438882,-0.000735859175438882,0,0,0,0,0,0,0,0,0,0,0,0,0,1,1127,0,0,0,0,0,0,-3.60149894551576e-06,6.88668303403493e-06,-3.60149894551576e-06,0,0,1,0
1.127,0.523598775598299,0.525549870583164,-0.0105326543105307,9.17878027143282e-05,0.525549870583164,0.525549870583164,-0.00195109498486479,-0.000732150192522992,-0.000732150192522992,0,0,0,0,0,0,0,0,0,0,0,0,0,1,1128,0,0,0,0,0,0,-3.50206911570172e-06,6.63862347665464e-06,-3.50206911570172e-06,0,0,1,0
1.128,0.523598775598299,0.525539365884049,-0.0104768104163186,9.11214120443636e-05,0.525539365884049,0.525539365884049,-0.00194059028575044,-0.0007284571270883,-0.0007284571270883,0,0,0,0,0,0,0,0,0,0,0,0,0,1,1129,0,0,0,0,0,0,-3.4029994393503e-06,6.39495766323328e-06,-3.4029994393503e-06,0,0,1,0
1.129,0.523598775598299,0.525528916833606,-0.0104213557319912,9.04683897639353e-05,0.525528916833606,0.525528916833606,-0.00193014123530721,-0.000724779739664145,-0.000724779739664145,0,0,0,0,0,0,0,0,0,0,0,0,0,1,1130,0,0,0,0,0,0,-3.3043968082902e-06,6.15582763140252e-06,-3.3043968082902e-06,0,0,1,0
1.13,0.523598775598299,0.525518523046295,-0.010366282942694,8.98284498809648e-05,0.525518523046295,0.525518523046295,-0.00191974744799583,-0.000721117806204347,-0.000721117806204347,0,0,0,0,0,0,0,0,0,0,0,0,0,1,1131,0,0,0,0,0,0,-3.20636206108116e-06,5.92136039861881e-06,-3.20636206108116e-06,0,0,1,0
1.131,0.523598775598299,0.525508184143812,-0.0103115848921664,8.92013028727415e-05,0.525508184143812,0.525508184143812,-0.0019094085455128,-0.00071747111748975,-0.00071747111748975,0,0,0,0,0,0,0,0,0,0,0,0,0,1,1132,0,0,0,0,0,0,-3.10899013566956e-06,5.69166855925347e-06,-3.10899013566956e-06,0,0,1,0
1.132,0.523598775598299,0.52549789975493,-0.0102572545843233,8.85866563746448e-05,0.52549789975493,0.52549789975493,-0.00189912415663074,-0.000713839478538023,-0.000713839478538023,0,0,0,0,0,0,0,0,0,0,0,0,0,1,1133,0,0,0,0,0,0,-3.01237022359846e-06,5.46685087317745e-06,-3.01237022359846e-06,0,0,1,0
1.133,0.523598775598299,0.525487669515337,-0.0102032851844773,8.79842158290318e-05,0.525487669515337,0.525487669515337,-0.00188889391703773,-0.000710222708023026,-0.000710222708023026,0,0,0,0,0,0,0,0,0,0,0,0,0,1,1134,0,0,0,0,0,0,-2.91658592543875e-06,5.24699284538792e-06,-2.91658592543875e-06,0,0,1,0
1.134,0.523598775598299,0.525477493067474,-0.0101496700202263,8.73936850976469e-05,0.525477493067474,0.525477493067474,-0.00187871746917567,-0.0007066206377033,-0.0007066206377033,0,0,0,0,0,0,0,0,0,0,0,0,0,1,1135,0,0,0,0,0,0,-2.82171540755272e-06,5.03216729732647e-06,-2.82171540755272e-06,0,0,1,0
1.135,0.523598775598299,0.525467370060376,-0.0100964025820217,8.68147670402603e-05,0.525467370060376,0.525467370060376,-0.00186859446207721,-0.00070303311185813,-0.00070303311185813,0,0,0,0,0,0,0,0,0,0,0,0,0,1,1136,0,0,0,0,0,0,-2.72783155930156e-06,4.82243492792942e-06,-2.72783155930156e-06,0,0,1,0
1.136,0.523598775598299,0.525457300149502,-0.0100434765234372,8.62471640621712e-05,0.525457300149502,0.525457300149502,-0.00185852455120328,-0.000699459986736474,-0.000699459986736474,0,0,0,0,0,0,0,0,0,0,0,0,0,1,1137,0,0,0,0,0,0,-2.63500215080814e-06,4.61784486507563e-06,-2.63500215080814e-06,0,0,1,0
1.137,0.523598775598299,0.525447282996578,-0.00999088566115333,8.56905786309558e-05,0.525447282996578,0.525447282996578,-0.00184850739827935,-0.000695901130012955,-0.000695901130012955,0,0,0,0,0,0,0,0,0,0,0,0,0,1,1138,0,0,0,0,0,0,-2.54328999138576e-06,4.4184352081247e-06,-2.54328999138576e-06,0,0,1,0
1.138,0.523598775598299,0.525437318269432,-0.00993862397467472,8.51447137649504e-05,0.525437318269432,0.525437318269432,-0.00183854267113304,-0.000692356420257743,-0.000692356420257743,0,0,0,0,0,0,0,0,0,0,0,0,0,1,1139,0,0,0,0,0,0,-2.4527530869678e-06,4.2242335574396e-06,-2.4527530869678e-06,0,0,1,0
1.139,0.523598775598299,0.52542740564183,-0.00988668560579472,8.46092734932399e-05,0.52542740564183,0.52542740564183,-0.00182863004353107,-0.000688825746414836,-0.000688825746414836,0,0,0,0,0,0,0,0,0,0,0,0,0,1,1140,0,0,0,0,0,0,-2.36344479753736e-06,4.03525753397017e-06,-2.36344479753736e-06,0,0,1,0
1.14,0.523598775598299,0.525417544793316,-0.00983506485782247,8.40839632891355e-05,0.525417544793316,0.525417544793316,-0.00181876919501767,-0.000685309007293461,-0.000685309007293461,0,0,0,0,0,0,0,0,0,0,0,0,0,1,1141,0,0,0,0,0,0,-2.27541399366871e-06,3.85151528690172e-06,-2.27541399366871e-06,0,0,1,0
1.141,0.523598775598299,0.525407735409052,-0.0097837561945867,8.35684904772394e-05,0.525407735409052,0.525407735409052,-0.00180895981075335,-0.000681806111069811,-0.000681806111069811,0,0,0,0,0,0,0,0,0,0,0,0,0,1,1142,0,0,0,0,0,0,-2.18870521317971e-06,3.67300599241928e-06,-2.18870521317971e-06,0,0,1,0
1.142,0.523598775598299,0.525397977179654,-0.00973275423923001,8.3062564615397e-05,0.525397977179654,0.525397977179654,-0.00179920158135494,-0.000678316974800867,-0.000678316974800867,0,0,0,0,0,0,0,0,0,0,0,0,0,1,1143,0,0,0,0,0,0,-2.1033588151198e-06,3.49972033644817e-06,-2.1033588151198e-06,0,0,1,0
1.143,0.523598775598299,0.525388269801036,-0.00968205377280722,8.25658978521332e-05,0.525388269801036,0.525388269801036,-0.00178949420273733,-0.000674841523951409,-0.000674841523951409,0,0,0,0,0,0,0,0,0,0,0,0,0,1,1144,0,0,0,0,0,0,-2.01941113331383e-06,3.33164098779114e-06,-2.01941113331383e-06,0,0,1,0
1.144,0.523598775598299,0.525378612974254,-0.00963164973270066,8.20782052599251e-05,0.525378612974254,0.525378612974254,-0.00177983737595555,-0.000671379691929691,-0.000671379691929691,0,0,0,0,0,0,0,0,0,0,0,0,0,1,1145,0,0,0,0,0,0,-1.93689462935076e-06,3.16874306165692e-06,-1.93689462935076e-06,0,0,1,0
1.145,0.523598775598299,0.525369006405349,-0.00958153721086505,8.15992051462977e-05,0.525369006405349,0.525369006405349,-0.0017702308070503,-0.000667931419640399,-0.000667931419640399,0,0,0,0,0,0,0,0,0,0,0,0,0,1,1146,0,0,0,0,0,0,-1.85583804168665e-06,3.01099456496631e-06,-1.85583804168665e-06,0,0,1,0
1.146,0.523598775598299,0.525359449805192,-0.00953171145191418,8.11286193415365e-05,0.525359449805192,0.525359449805192,-0.00176067420689363,-0.000664496655045243,-0.000664496655045243,0,0,0,0,0,0,0,0,0,0,0,0,0,1,1147,0,0,0,0,0,0,-1.77626653485863e-06,2.85835683459714e-06,-1.77626653485863e-06,0,0,1,0
1.147,0.523598775598299,0.525349942889336,-0.00948216785106118,8.06661734656535e-05,0.525349942889336,0.525349942889336,-0.00175116729103741,-0.000661075352738068,-0.000661075352738068,0,0,0,0,0,0,0,0,0,0,0,0,0,1,1148,0,0,0,0,0,0,-1.69820184603431e-06,2.71078496138014e-06,-1.69820184603431e-06,0,0,1,0
1.148,0.523598775598299,0.525340485377863,-0.00943290195192379,8.02115971743372e-05,0.525340485377863,0.525340485377863,-0.00174170977956423,-0.000657667473533216,-0.000657667473533216,0,0,0,0,0,0,0,0,0,0,0,0,0,1,1149,0,0,0,0,0,0,-1.62166242934081e-06,2.56822820139582e-06,-1.62166242934081e-06,0,0,1,0
1.149,0.523598775598299,0.525331076995238,-0.00938390944420557,7.9764624384409e-05,0.525331076995238,0.525331076995238,-0.00173230139693936,-0.000654272984063243,-0.000654272984063243,0,0,0,0,0,0,0,0,0,0,0,0,0,1,1150,0,0,0,0,0,0,-1.54666359797329e-06,2.43063037490016e-06,-1.54666359797329e-06,0,0,1,0
1.15,0.523598775598299,0.525321717470166,-0.00933518616126376,7.93249934806225e-05,0.525321717470166,0.525321717470166,-0.00172294187186672,-0.000650891856393135,-0.000650891856393135,0,0,0,0,0,0,0,0,0,0,0,0,0,1,1151,0,0,0,0,0,0,-1.4732176644161e-06,2.29793025410385e-06,-1.4732176644161e-06,0,0,1,0
1.151,0.523598775598299,0.525312406535445,-0.00928672807757392,7.88924475029332e-05,0.525312406535445,0.525312406535445,-0.00171363093714583,-0.000647524067643237,-0.000647524067643237,0,0,0,0,0,0,0,0,0,0,0,0,0,1,1152,0,0,0,0,0,0,-1.40133407711129e-06,2.1700619356e-06,-1.40133407711129e-06,0,0,1,0
1.152,0.523598775598299,0.525303143927831,-0.00923853130610132,7.84667343164324e-05,0.525303143927831,0.525303143927831,-0.00170436832953247,-0.000644169599627483,-0.000644169599627483,0,0,0,0,0,0,0,0,0,0,0,0,0,1,1153,0,0,0,0,0,0,-1.3310195561278e-06,2.04695520468045e-06,-1.3310195561278e-06,0,0,1,0
1.153,0.523598775598299,0.5252939293879,-0.00919059209558841,7.80476067634516e-05,0.5252939293879,0.5252939293879,-0.00169515378960117,-0.000640828438501506,-0.000640828438501506,0,0,0,0,0,0,0,0,0,0,0,0,0,1,1154,0,0,0,0,0,0,-1.26227822450087e-06,1.92853588280341e-06,-1.26227822450087e-06,0,0,1,0
1.154,0.523598775598299,0.52528476265991,-0.00914290682776768,7.76348227994898e-05,0.52528476265991,0.52528476265991,-0.00168598706161105,-0.000637500574424878,-0.000637500574424878,0,0,0,0,0,0,0,0,0,0,0,0,0,1,1155,0,0,0,0,0,0,-1.19511173801712e-06,1.81472616603067e-06,-1.19511173801712e-06,0,0,1,0
1.155,0.523598775598299,0.525275643491673,-0.00909547201450837,7.7228145612866e-05,0.525275643491673,0.525275643491673,-0.0016768678933744,-0.000634186001235043,-0.000634186001235043,0,0,0,0,0,0,0,0,0,0,0,0,0,1,1156,0,0,0,0,0,0,-1.12951941189099e-06,1.70544495050207e-06,-1.12951941189099e-06,0,0,1,0
1.156,0.523598775598299,0.525266571634426,-0.00904828429490575,7.68273437290195e-05,0.525266571634426,0.525266571634426,-0.00166779603612732,-0.000630884716131219,-0.000630884716131219,0,0,0,0,0,0,0,0,0,0,0,0,0,1,1157,0,0,0,0,0,0,-1.06549834433256e-06,1.60060814523213e-06,-1.06549834433256e-06,0,0,1,0
1.157,0.523598775598299,0.525257546842704,-0.00900134043232056,7.64321911007968e-05,0.525257546842704,0.525257546842704,-0.00165877124440494,-0.000627596719374573,-0.000627596719374573,0,0,0,0,0,0,0,0,0,0,0,0,0,1,1158,0,0,0,0,0,0,-1.0030435372288e-06,1.50012897309326e-06,-1.0030435372288e-06,0,0,1,0
1.158,0.523598775598299,0.525248568874217,-0.00895463731137668,7.60424671837369e-05,0.525248568874217,0.525248568874217,-0.00164979327591774,-0.00062432201399509,-0.00062432201399509,0,0,0,0,0,0,0,0,0,0,0,0,0,1,1159,0,0,0,0,0,0,-9.4214801416026e-07,1.40391826085546e-06,-9.4214801416026e-07,0,0,1,0
1.159,0.523598775598299,0.525239637489731,-0.00890817193492405,7.5657956998983e-05,0.525239637489731,0.525239637489731,-0.00164086189143242,-0.000621060605514247,-0.000621060605514247,0,0,0,0,0,0,0,0,0,0,0,0,0,1,1160,0,0,0,0,0,0,-8.82802935087135e-07,1.31188471670998e-06,-8.82802935087135e-07,0,0,1,0
1.16,0.523598775598299,0.525230752452954,-0.00886194142097404,7.52784511827366e-05,0.525230752452954,0.525230752452954,-0.00163197685465499,-0.000617812501676856,-0.000617812501676856,0,0,0,0,0,0,0,0,0,0,0,0,0,1,1161,0,0,0,0,0,0,-8.249977081487e-07,1.22393519676493e-06,-8.249977081487e-07,0,0,1,0
1.161,0.523598775598299,0.525221913530416,-0.00881594299961372,7.49037460238562e-05,0.525221913530416,0.525221913530416,-0.0016231379321171,-0.00061457771219463,-0.00061457771219463,0,0,0,0,0,0,0,0,0,0,0,0,0,1,1162,0,0,0,0,0,0,-7.68720098687226e-07,1.13997496099805e-06,-7.68720098687226e-07,0,0,1,0
1.162,0.523598775598299,0.525213120491364,-0.00877017400990561,7.45336434899542e-05,0.525213120491364,0.525213120491364,-0.00161434489306556,-0.00061135624850117,-0.00061135624850117,0,0,0,0,0,0,0,0,0,0,0,0,0,1,1163,0,0,0,0,0,0,-7.13956334164045e-07,1.05990791534347e-06,-7.13956334164045e-07,0,0,1,0
1.163,0.523598775598299,0.525204373107654,-0.00872463189677858,7.41679512424548e-05,0.525204373107654,0.525204373107654,-0.00160559750935485,-0.000608148123517606,-0.000608148123517606,0,0,0,0,0,0,0,0,0,0,0,0,0,1,1164,0,0,0,0,0,0,-6.60691207521324e-07,9.8363684699395e-07,-6.60691207521324e-07,0,0,1,0
1.164,0.523598775598299,0.525195671153642,-0.00867931420791588,7.38064826412971e-05,0.525195671153642,0.525195671153642,-0.00159689555534315,-0.000604953351429832,-0.000604953351429832,0,0,0,0,0,0,0,0,0,0,0,0,0,1,1165,0,0,0,0,0,0,-6.08908175880885e-07,9.1106364477709e-07,-6.08908175880885e-07,0,0,1,0
1.165,0.523598775598299,0.525187014406089,-0.00863421859064563,7.3449056739546e-05,0.525187014406089,0.525187014406089,-0.00158823880779047,-0.000601771947473862,-0.000601771947473862,0,0,0,0,0,0,0,0,0,0,0,0,0,1,1166,0,0,0,0,0,0,-5.58589457688718e-07,8.42089513164706e-07,-5.58589457688718e-07,0,0,1,0
1.166,0.523598775598299,0.52517840264406,-0.00858934278883868,7.30954982693118e-05,0.52517840264406,0.52517840264406,-0.00157962704576142,-0.000598603927735395,-0.000598603927735395,0,0,0,0,0,0,0,0,0,0,0,0,0,1,1167,0,0,0,0,0,0,-5.09716124974524e-07,7.766151711424e-07,-5.09716124974524e-07,0,0,1,0
1.167,0.523598775598299,0.525169835648828,-0.00854468463981899,7.27456376180322e-05,0.525169835648828,0.525169835648828,-0.00157106005052954,-0.00059544930895529,-0.00059544930895529,0,0,0,0,0,0,0,0,0,0,0,0,0,1,1168,0,0,0,0,0,0,-4.6226819427897e-07,7.14541045735741e-07,-4.6226819427897e-07,0,0,1,0
1.168,0.523598775598299,0.525161313203784,-0.00850024207129075,7.23993107972943e-05,0.525161313203784,0.525161313203784,-0.00156253760548553,-0.000592308108347389,-0.000592308108347389,0,0,0,0,0,0,0,0,0,0,0,0,0,1,1169,0,0,0,0,0,0,-4.16224713806201e-07,6.55767453750736e-07,-4.16224713806201e-07,0,0,1,0
1.169,0.523598775598299,0.525152835094347,-0.00845601309828657,7.20563594036002e-05,0.525152835094347,0.525152835094347,-0.00155405949604848,-0.000589180343425494,-0.000589180343425494,0,0,0,0,0,0,0,0,0,0,0,0,0,1,1170,0,0,0,0,0,0,-3.71563846912615e-07,6.00194772219093e-07,-3.71563846912615e-07,0,0,1,0
1.17,0.523598775598299,0.525144401107879,-0.00841199582014078,7.17166305718329e-05,0.525144401107879,0.525144401107879,-0.00154562550958004,-0.000586066031839628,-0.000586066031839628,0,0,0,0,0,0,0,0,0,0,0,0,0,1,1171,0,0,0,0,0,0,-3.28262953597225e-07,5.47723602231133e-07,-3.28262953597225e-07,0,0,1,0
1.171,0.523598775598299,0.525136011033601,-0.00836818841749152,7.13799769219423e-05,0.525136011033601,0.525136011033601,-0.00153723543530182,-0.000582965191222024,-0.000582965191222024,0,0,0,0,0,0,0,0,0,0,0,0,0,1,1172,0,0,0,0,0,0,-2.86298667995233e-07,4.98254920901914e-07,-2.86298667995233e-07,0,0,1,0
1.172,0.523598775598299,0.525127664662514,-0.00832458914931518,7.10462564991297e-05,0.525127664662514,0.525127664662514,-0.00152888906421522,-0.000579877839040585,-0.000579877839040585,0,0,0,0,0,0,0,0,0,0,0,0,0,1,1173,0,0,0,0,0,0,-2.45646973984215e-07,4.51690227333892e-07,-2.45646973984215e-07,0,0,1,0
1.173,0.523598775598299,0.525119361787324,-0.00828119634999635,7.07153327084999e-05,0.525119361787324,0.525119361787324,-0.00152058618902473,-0.000576803992462369,-0.000576803992462369,0,0,0,0,0,0,0,0,0,0,0,0,0,1,1174,0,0,0,0,0,0,-2.06283277126573e-07,4.07931677904108e-07,-2.06283277126573e-07,0,0,1,0
1.174,0.523598775598299,0.525111102202363,-0.00823800842643623,7.03870742440497e-05,0.525111102202363,0.525111102202363,-0.00151232660406386,-0.00057374366822486,-0.00057374366822486,0,0,0,0,0,0,0,0,0,0,0,0,0,1,1175,0,0,0,0,0,0,-1.68182473836431e-07,3.66882213448036e-07,-1.68182473836431e-07,0,0,1,0
1.175,0.523598775598299,0.525102885703523,-0.00819502385520237,7.00613550126948e-05,0.525102885703523,0.525102885703523,-0.00150411010522433,-0.000570696882516374,-0.000570696882516374,0,0,0,0,0,0,0,0,0,0,0,0,0,1,1176,0,0,0,0,0,0,-1.31319017659948e-07,3.28445678159268e-07,-1.31319017659948e-07,0,0,1,0
1.176,0.523598775598299,0.525094712088186,-0.0081522411797222,6.97380540534091e-05,0.525094712088186,0.525094712088186,-0.00149593648988744,-0.000567663650862791,-0.000567663650862791,0,0,0,0,0,0,0,0,0,0,0,0,0,1,1177,0,0,0,0,0,0,-9.5666983224163e-08,2.92526931830461e-07,-9.5666983224163e-08,0,0,1,0
1.177,0.523598775598299,0.525086581155158,-0.00810965900752281,6.94170554524788e-05,0.525086581155158,0.525086581155158,-0.00148780555685912,-0.000564643988024378,-0.000564643988024378,0,0,0,0,0,0,0,0,0,0,0,0,0,1,1178,0,0,0,0,0,0,-6.12001261890427e-08,2.59031951065341e-07,-6.12001261890427e-08,0,0,1,0
1.178,0.523598775598299,0.525078492704605,-0.00806727600751902,6.90982482543477e-05,0.525078492704605,0.525078492704605,-0.00147971710630657,-0.00056163790789689,-0.00056163790789689,0,0,0,0,0,0,0,0,0,0,0,0,0,1,1179,0,0,0,0,0,0,-2.78919419782753e-08,2.27867927083715e-07,-2.78919419782753e-08,0,0,1,0
1.179,0.523598775598299,0.525070446537997,-0.00802509090735173,6.87815263696331e-05,0.525070446537997,0.525070446537997,-0.00147167093969847,-0.000558645423422557,-0.000558645423422557,0,0,0,0,0,0,0,0,0,0,0,0,0,1,1180,0,0,0,0,0,0,4.28427859855418e-09,1.98943355097028e-07,4.28427859855418e-09,0,0,1,0
1.18,0.523598775598299,0.525062442458046,-0.00798310249077815,6.84667884795486e-05,0.525062442458046,0.525062442458046,-0.00146366685974764,-0.000555666546507217,-0.000555666546507217,0,0,0,0,0,0,0,0,0,0,0,0,0,1,1181,0,0,0,0,0,0,3.53553973875265e-08,1.72168113895307e-07,3.53553973875265e-08,0,0,1,0
1.181,0.523598775598299,0.525054480268655,-0.00794130959511566,6.81539379374943e-05,0.525054480268655,0.525054480268655,-0.00145570467035638,-0.00055270128794473,-0.00055270128794473,0,0,0,0,0,0,0,0,0,0,0,0,0,1,1182,0,0,0,0,0,0,6.53483782642184e-08,1.47453542036213e-07,6.53483782642184e-08,0,0,1,0
1.182,0.523598775598299,0.525046559774862,-0.00789971110874066,6.78428826679653e-05,0.525046559774862,0.525046559774862,-0.00144778417656355,-0.000549749657345556,-0.000549749657345556,0,0,0,0,0,0,0,0,0,0,0,0,0,1,1183,0,0,0,0,0,0,9.42902392830902e-08,1.2471250680551e-07,9.42902392830902e-08,0,0,1,0
1.183,0.523598775598299,0.525038680782794,-0.00785830596864353,6.75335350638863e-05,0.525038680782794,0.525038680782794,-0.00143990518449533,-0.000546811663075144,-0.000546811663075144,0,0,0,0,0,0,0,0,0,0,0,0,0,1,1184,0,0,0,0,0,0,1.22208007935498e-07,1.03859465161796e-07,1.22208007935498e-07,0,0,1,0
1.184,0.523598775598299,0.525030843099616,-0.00781709315804077,6.72258118813035e-05,0.525030843099616,0.525030843099616,-0.00143206750131764,-0.000543887312196002,-0.000543887312196002,0,0,0,0,0,0,0,0,0,0,0,0,0,1,1185,0,0,0,0,0,0,1.49128677962018e-07,8.48105209398826e-08,1.49128677962018e-07,0,0,1,0
1.185,0.523598775598299,0.52502304653349,-0.00777607170404543,6.69196341327337e-05,0.52502304653349,0.52502304653349,-0.00142427093519104,-0.000540976610416111,-0.000540976610416111,0,0,0,0,0,0,0,0,0,0,0,0,0,1,1186,0,0,0,0,0,0,1.75079169273396e-07,6.74834741789566e-08,1.75079169273396e-07,0,0,1,0
1.186,0.523598775598299,0.525015290893527,-0.00773524067539629,6.66149269791593e-05,0.525015290893527,0.525015290893527,-0.0014165152952279,-0.000538079562042703,-0.000538079562042703,0,0,0,0,0,0,0,0,0,0,0,0,0,1,1187,0,0,0,0,0,0,2.00086288981716e-07,5.17978680572573e-08,2.00086288981716e-07,0,0,1,0
1.187,0.523598775598299,0.525007575989751,-0.00769459918024667,6.6311619620987e-05,0.525007575989751,0.525007575989751,-0.00140880039145208,-0.000535196169942225,-0.000535196169942225,0,0,0,0,0,0,0,0,0,0,0,0,0,1,1188,0,0,0,0,0,0,2.24176696650424e-07,3.76750250957562e-08,2.24176696650424e-07,0,0,1,0
1.188,0.523598775598299,0.524999901633059,-0.00765414636401313,6.60096451879165e-05,0.524999901633059,0.524999901633059,-0.00140112603476028,-0.000532326435504039,-0.000532326435504039,0,0,0,0,0,0,0,0,0,0,0,0,0,1,1189,0,0,0,0,0,0,2.47376869322302e-07,2.50380846971397e-08,2.47376869322302e-07,0,0,1,0
1.189,0.523598775598299,0.524992267635185,-0.00761388140728456,6.57089406284799e-05,0.524992267635185,0.524992267635185,-0.0013934920368861,-0.000529470358610496,-0.000529470358610496,0,0,0,0,0,0,0,0,0,0,0,0,0,1,1190,0,0,0,0,0,0,2.69713070544242e-07,1.38120306641606e-08,2.69713070544242e-07,0,0,1,0
1.19,0.523598775598299,0.524984673808665,-0.00757380352379183,6.54094465988876e-05,0.524984673808665,0.524984673808665,-0.00138589821036594,-0.00052662793761123,-0.00052662793761123,0,0,0,0,0,0,0,0,0,0,0,0,0,1,1191,0,0,0,0,0,0,2.91211320613272e-07,3.92371626899493e-09,2.91211320613272e-07,0,0,1,0
1.191,0.523598775598299,0.524977119966805,-0.00753391195843821,6.51111073516488e-05,0.524977119966805,0.524977119966805,-0.00137834436850659,-0.000523799169301027,-0.000523799169301027,0,0,0,0,0,0,0,0,0,0,0,0,0,1,1192,0,0,0,0,0,0,3.11897368709957e-07,-4.69811489191285e-09,3.11897368709957e-07,0,0,1,0
1.192,0.523598775598299,0.524969605923654,-0.00749420598539049,6.48138706244583e-05,0.524969605923654,0.524969605923654,-0.00137083032535512,-0.000520984048903025,-0.000520984048903025,0,0,0,0,0,0,0,0,0,0,0,0,0,1,1193,0,0,0,0,0,0,3.31796667585316e-07,-1.21228140117537e-08,3.31796667585316e-07,0,0,1,0
1.193,0.523598775598299,0.52496213149397,-0.00745468490623068,6.45176875290986e-05,0.52496213149397,0.52496213149397,-0.00136335589567083,-0.000518182570056297,-0.000518182570056297,0,0,0,0,0,0,0,0,0,0,0,0,0,1,1194,0,0,0,0,0,0,3.50934349468979e-07,-1.8417814501813e-08,3.50934349468979e-07,0,0,1,0
1.194,0.523598775598299,0.524954696493197,-0.00741534804816823,6.4222512440494e-05,0.524954696493197,0.524954696493197,-0.00135592089489811,-0.000515394724805096,-0.000515394724805096,0,0,0,0,0,0,0,0,0,0,0,0,0,1,1195,0,0,0,0,0,0,3.69335203864729e-07,-2.36486235247191e-08,3.69335203864729e-07,0,0,1,0
1.195,0.523598775598299,0.524947300737441,-0.00737619476231238,6.39283028868684e-05,0.524947300737441,0.524947300737441,-0.0013485251391423,-0.000512620503594813,-0.000512620503594813,0,0,0,0,0,0,0,0,0,0,0,0,0,1,1196,0,0,0,0,0,0,3.87023657344443e-07,-2.78788178770771e-08,3.87023657344443e-07,0,0,1,0
1.196,0.523598775598299,0.524939944043445,-0.00733722442200425,6.36350194399728e-05,0.524939944043445,0.524939944043445,-0.00134116844514642,-0.000509859895269528,-0.000509859895269528,0,0,0,0,0,0,0,0,0,0,0,0,0,1,1197,0,0,0,0,0,0,4.04023755562477e-07,-3.11700447995847e-08,4.04023755562477e-07,0,0,1,0
1.197,0.523598775598299,0.524932626228568,-0.0072984364212084,6.33426256063648e-05,0.524932626228568,0.524932626228568,-0.00133385063026947,-0.000507112887072327,-0.000507112887072327,0,0,0,0,0,0,0,0,0,0,0,0,0,1,1198,0,0,0,0,0,0,4.20359144936988e-07,-3.35820207822413e-08,4.20359144936988e-07,0,0,1,0
1.198,0.523598775598299,0.524925347110766,-0.00725983017296306,6.30510877199652e-05,0.524925347110766,0.524925347110766,-0.00132657151246696,-0.000504379464650761,-0.000504379464650761,0,0,0,0,0,0,0,0,0,0,0,0,0,1,1199,0,0,0,0,0,0,4.36053058328056e-07,-3.51725400705646e-08,4.36053058328056e-07,0,0,1,0
1.199,0.523598775598299,0.524918106508571,-0.00722140510788867,6.27603748352513e-05,0.524918106508571,0.524918106508571,-0.00131933091027236,-0.000501659612063529,-0.000501659612063529,0,0,0,0,0,0,0,0,0,0,0,0,0,1,1200,0,0,0,0,0,0,4.51128300826831e-07,-3.59974823100837e-08,4.51128300826831e-07,0,0,1,0
1.2,0.523598775598299,0.524910904241079,-0.00718316067275395,6.24704586219312e-05,0.524910904241079,0.524910904241079,-0.00131212864278052,-0.000498953311791063,-0.000498953311791063,0,0,0,0,0,0,0,0,0,0,0,0,0,1,1201,0,0,0,0,0,0,4.65607237321031e-07,-3.61108238324491e-08,4.65607237321031e-07,0,0,1,0
1.201,0.523598775598299,0.524903740127931,-0.00714509632909885,6.21813132607465e-05,0.524903740127931,0.524903740127931,-0.00130496452963191,-0.000496260544747609,-0.000496260544747609,0,0,0,0,0,0,0,0,0,0,0,0,0,1,1202,0,0,0,0,0,0,4.79511780948627e-07,-3.55646501901119e-08,4.79511780948627e-07,0,0,1,0
1.202,0.523598775598299,0.524896613989297,-0.00710721155191361,6.18929153409338e-05,0.524896613989297,0.524896613989297,-0.00129783839099862,-0.00049358129029629,-0.00049358129029629,0,0,0,0,0,0,0,0,0,0,0,0,0,1,1203,0,0,0,0,0,0,4.92863383994013e-07,-3.44091740959659e-08,4.92863383994013e-07,0,0,1,0
1.203,0.523598775598299,0.52488952564587,-0.00706950582837296,6.16052437591771e-05,0.52488952564587,0.52488952564587,-0.00129075004757151,-0.000490915526266547,-0.000490915526266547,0,0,0,0,0,0,0,0,0,0,0,0,0,1,1204,0,0,0,0,0,0,5.05683028895199e-07,-3.26927524813177e-08,5.05683028895199e-07,0,0,1,0
1.204,0.523598775598299,0.524882474918848,-0.00703197865662472,6.13182796201196e-05,0.524882474918848,0.524882474918848,-0.00128369932054873,-0.000488263228973641,-0.000488263228973641,0,0,0,0,0,0,0,0,0,0,0,0,0,1,1205,0,0,0,0,0,0,5.1799122158247e-07,-3.04619086496059e-08,5.1799122158247e-07,0,0,1,0
1.205,0.523598775598299,0.524875461629924,-0.00699462954463176,6.10320061385541e-05,0.524875461629924,0.524875461629924,-0.00127668603162545,-0.000485624373240522,-0.000485624373240522,0,0,0,0,0,0,0,0,0,0,0,0,0,1,1206,0,0,0,0,0,0,5.29807984928077e-07,-2.77613535337035e-08,5.29807984928077e-07,0,0,1,0
1.206,0.523598775598299,0.524868485601283,-0.00695745800906663,6.07464085432456e-05,0.524868485601283,0.524868485601283,-0.00126971000298404,-0.000482998932419361,-0.000482998932419361,0,0,0,0,0,0,0,0,0,0,0,0,0,1,1207,0,0,0,0,0,0,5.41152853750226e-07,-2.4634009956892e-08,5.41152853750226e-07,0,0,1,0
1.207,0.523598775598299,0.524861546655585,-0.00692046357425741,6.04614739831913e-05,0.524861546655585,0.524861546655585,-0.00126277105728656,-0.000480386878418454,-0.000480386878418454,0,0,0,0,0,0,0,0,0,0,0,0,0,1,1208,0,0,0,0,0,0,5.52044871260371e-07,-2.11210396004399e-08,5.52044871260371e-07,0,0,1,0
1.208,0.523598775598299,0.524854644615966,-0.0068836457711841,6.01771914349733e-05,0.524854644615966,0.524854644615966,-0.00125586901766739,-0.00047778818172788,-0.00047778818172788,0,0,0,0,0,0,0,0,0,0,0,0,0,1,1209,0,0,0,0,0,0,5.62502586065605e-07,-1.72618702608783e-08,5.62502586065605e-07,0,0,1,0
1.209,0.523598775598299,0.524847779306026,-0.00684700413652446,5.98935516124542e-05,0.524847779306026,0.524847779306026,-0.00124900370772685,-0.000475202811446931,-0.000475202811446931,0,0,0,0,0,0,0,0,0,0,0,0,0,1,1210,0,0,0,0,0,0,5.72544050059243e-07,-1.30942243189817e-08,5.72544050059243e-07,0,0,1,0
1.21,0.523598775598299,0.524840950549825,-0.00681053821174804,5.96105468785977e-05,0.524840950549825,0.524840950549825,-0.00124217495152601,-0.000472630735313337,-0.000472630735313337,0,0,0,0,0,0,0,0,0,0,0,0,0,1,1211,0,0,0,0,0,0,5.82186817532637e-07,-8.65414933942307e-09,5.82186817532637e-07,0,0,1,0
1.211,0.523598775598299,0.524834158171882,-0.00677424754225738,5.93281711592453e-05,0.524834158171882,0.524834158171882,-0.00123538257358291,-0.000470071919735161,-0.000470071919735161,0,0,0,0,0,0,0,0,0,0,0,0,0,1,1212,0,0,0,0,0,0,5.91447945619272e-07,-3.97605106651489e-09,5.91447945619272e-07,0,0,1,0
1.212,0.523598775598299,0.524827401997167,-0.00673813167657537,5.90464198584411e-05,0.524827401997167,0.524827401997167,-0.001228626398868,-0.000467526329819387,-0.000467526329819387,0,0,0,0,0,0,0,0,0,0,0,0,0,1,1213,0,0,0,0,0,0,6.00343993850672e-07,9.07277132762563e-10,6.00343993850672e-07,0,0,1,0
1.213,0.523598775598299,0.524820681851101,-0.00670219016557741,5.87652897769169e-05,0.524820681851101,0.524820681851101,-0.00122190625280227,-0.000464993929406536,-0.000464993929406536,0,0,0,0,0,0,0,0,0,0,0,0,0,1,1214,0,0,0,0,0,0,6.0889102659889e-07,5.96461817393631e-09,6.0889102659889e-07,0,0,1,0
1.214,0.523598775598299,0.524813997559554,-0.00666642256176729,5.84847790317453e-05,0.524813997559554,0.524813997559554,-0.00121522196125479,-0.000462474681102579,-0.000462474681102579,0,0,0,0,0,0,0,0,0,0,0,0,0,1,1215,0,0,0,0,0,0,6.17104614630826e-07,1.11662987185672e-08,6.17104614630826e-07,0,0,1,0
1.215,0.523598775598299,0.524807348948841,-0.00663082841859573,5.82048869786668e-05,0.524807348948841,0.524807348948841,-0.00120857335054181,-0.000459968546313899,-0.000459968546313899,0,0,0,0,0,0,0,0,0,0,0,0,0,1,1216,0,0,0,0,0,0,6.24999838771956e-07,1.64841520650452e-08,6.24999838771956e-07,0,0,1,0
1.216,0.523598775598299,0.524800735845725,-0.00659540728982024,5.79256141361733e-05,0.524800735845725,0.524800735845725,-0.0012019602474258,-0.000457475485280784,-0.000457475485280784,0,0,0,0,0,0,0,0,0,0,0,0,0,1,1217,0,0,0,0,0,0,6.32591292570872e-07,2.18914848540419e-08,6.32591292570872e-07,0,0,1,0
1.217,0.523598775598299,0.524794158077414,-0.00656015872890527,5.7646962112176e-05,0.524794158077414,0.524794158077414,-0.00119538247911566,-0.000454995457113101,-0.000454995457113101,0,0,0,0,0,0,0,0,0,0,0,0,0,1,1218,0,0,0,0,0,0,6.39893087184262e-07,2.73630388712004e-08,6.39893087184262e-07,0,0,1,0
1.218,0.523598775598299,0.524787615471566,-0.00652508228846135,5.73689335325905e-05,0.524787615471566,0.524787615471566,-0.00118883987326701,-0.000452528419825144,-0.000452528419825144,0,0,0,0,0,0,0,0,0,0,0,0,0,1,1219,0,0,0,0,0,0,6.46918855151668e-07,3.28749569303288e-08,6.46918855151668e-07,0,0,1,0
1.219,0.523598775598299,0.524781107856283,-0.00649017751972199,5.70915319723416e-05,0.524781107856283,0.524781107856283,-0.0011823322579837,-0.000450074330372383,-0.000450074330372383,0,0,0,0,0,0,0,0,0,0,0,0,0,1,1220,0,0,0,0,0,0,6.53681756945801e-07,3.84047423238054e-08,6.53681756945801e-07,0,0,1,0
1.22,0.523598775598299,0.524774635060118,-0.0064554439720573,5.68147618882085e-05,0.524774635060118,0.524774635060118,-0.00117585946181931,-0.00044763314468742,-0.00044763314468742,0,0,0,0,0,0,0,0,0,0,0,0,0,1,1221,0,0,0,0,0,0,6.60194485746501e-07,4.39312241311447e-08,6.60194485746501e-07,0,0,1,0
1.221,0.523598775598299,0.524768196912078,-0.00642088119252312,5.65386285539742e-05,0.524768196912078,0.524768196912078,-0.00116942131377873,-0.000445204817714905,-0.000445204817714905,0,0,0,0,0,0,0,0,0,0,0,0,0,1,1222,0,0,0,0,0,0,6.66469273546966e-07,4.94345199315502e-08,6.66469273546966e-07,0,0,1,0
1.222,0.523598775598299,0.524761793241621,-0.0063864887254442,5.62631379982204e-05,0.524761793241621,0.524761793241621,-0.00116301764332172,-0.000442789303450786,-0.000442789303450786,0,0,0,0,0,0,0,0,0,0,0,0,0,1,1223,0,0,0,0,0,0,6.7251789859224e-07,5.48959959369329e-08,6.7251789859224e-07,0,0,1,0
1.223,0.523598775598299,0.524755423878664,-0.00635226611203075,5.5988296943229e-05,0.524755423878664,0.524755423878664,-0.00115664828036477,-0.000440386554976049,-0.000440386554976049,0,0,0,0,0,0,0,0,0,0,0,0,0,1,1224,0,0,0,0,0,0,6.78351691485446e-07,6.02982317111055e-08,6.78351691485446e-07,0,0,1,0
1.224,0.523598775598299,0.524749088653584,-0.00631821289002672,5.57141127471537e-05,0.524749088653584,0.524749088653584,-0.00115031305528512,-0.000437996524495155,-0.000437996524495155,0,0,0,0,0,0,0,0,0,0,0,0,0,1,1225,0,0,0,0,0,0,6.83981543070367e-07,6.5624981047431e-08,6.83981543070367e-07,0,0,1,0
1.225,0.523598775598299,0.524742787397223,-0.00628432859338898,5.5440593347511e-05,0.524742787397223,0.524742787397223,-0.00114401179892398,-0.000435619163371402,-0.000435619163371402,0,0,0,0,0,0,0,0,0,0,0,0,0,1,1226,0,0,0,0,0,0,6.89417911758916e-07,7.08611352880952e-08,6.89417911758916e-07,0,0,1,0
1.226,0.523598775598299,0.52473651994089,-0.006250612751996,5.51677472072344e-05,0.52473651994089,0.52473651994089,-0.00113774434259084,-0.000433254422164322,-0.000433254422164322,0,0,0,0,0,0,0,0,0,0,0,0,0,1,1227,0,0,0,0,0,0,6.94670831857813e-07,7.59926848722253e-08,6.94670831857813e-07,0,0,1,0
1.227,0.523598775598299,0.524730286116366,-0.00621706489138517,5.48955832624046e-05,0.524730286116366,0.524730286116366,-0.00113151051806715,-0.000430902250664348,-0.000430902250664348,0,0,0,0,0,0,0,0,0,0,0,0,0,1,1228,0,0,0,0,0,0,6.99749921562187e-07,8.10066826794492e-08,6.99749921562187e-07,0,0,1,0
1.228,0.523598775598299,0.52472408575591,-0.00618368453251736,5.46241108725935e-05,0.52472408575591,0.52472408575591,-0.00112531015761141,-0.000428562597930479,-0.000428562597930479,0,0,0,0,0,0,0,0,0,0,0,0,0,1,1229,0,0,0,0,0,0,7.04664391504295e-07,8.58912067420135e-08,7.04664391504295e-07,0,0,1,0
1.229,0.523598775598299,0.524717918692262,-0.00615047119156782,5.43533397725509e-05,0.524717918692262,0.524717918692262,-0.00111914309396344,-0.000426235412324637,-0.000426235412324637,0,0,0,0,0,0,0,0,0,0,0,0,0,1,1230,0,0,0,0,0,0,7.09423053080194e-07,9.06353244184074e-08,7.09423053080194e-07,0,0,1,0
1.23,0.523598775598299,0.524711784758648,-0.00611742437974221,5.40832800264303e-05,0.524711784758648,0.524711784758648,-0.00111300916034907,-0.000423920641546681,-0.000423920641546681,0,0,0,0,0,0,0,0,0,0,0,0,0,1,1231,0,0,0,0,0,0,7.14034327775614e-07,9.52290546809079e-08,7.14034327775614e-07,0,0,1,0
1.231,0.523598775598299,0.524705683788785,-0.00608454360311673,5.38139419839957e-05,0.524705683788785,0.524705683788785,-0.00110690819048598,-0.000421618232671269,-0.000421618232671269,0,0,0,0,0,0,0,0,0,0,0,0,0,1,1232,0,0,0,0,0,0,7.18506256047746e-07,9.96633324262461e-08,7.18506256047746e-07,0,0,1,0
1.232,0.523598775598299,0.524699615616887,-0.00605182836250128,5.35453362380703e-05,0.524699615616887,0.524699615616887,-0.0011008400185879,-0.000419328132179698,-0.000419328132179698,0,0,0,0,0,0,0,0,0,0,0,0,0,1,1233,0,0,0,0,0,0,7.22846506095998e-07,1.039299738579e-07,7.22846506095998e-07,0,0,1,0
1.233,0.523598775598299,0.52469358007767,-0.00601927815332464,5.32774735849159e-05,0.52469358007767,0.52469358007767,-0.00109480447937083,-0.000417050285996363,-0.000417050285996363,0,0,0,0,0,0,0,0,0,0,0,0,0,1,1234,0,0,0,0,0,0,7.27062383742982e-07,1.08021639628857e-07,7.27062383742982e-07,0,0,1,0
1.234,0.523598775598299,0.524687577006357,-0.00598689246554059,5.30103649855073e-05,0.524687577006357,0.524687577006357,-0.00108880140805778,-0.000414784639520531,-0.000414784639520531,0,0,0,0,0,0,0,0,0,0,0,0,0,1,1235,0,0,0,0,0,0,7.31160841094258e-07,1.11931802017611e-07,7.31160841094258e-07,0,0,1,0
1.235,0.523598775598299,0.524681606238684,-0.00595467078355405,5.27440215293659e-05,0.524681606238684,0.524681606238684,-0.00108283064038484,-0.00041253113766068,-0.00041253113766068,0,0,0,0,0,0,0,0,0,0,0,0,0,1,1236,0,0,0,0,0,0,7.35148486530335e-07,1.15654709217147e-07,7.35148486530335e-07,0,0,1,0
1.236,0.523598775598299,0.524675667610905,-0.00592261258616624,5.24784543996563e-05,0.524675667610905,0.524675667610905,-0.00107689201260608,-0.000410289724865409,-0.000410289724865409,0,0,0,0,0,0,0,0,0,0,0,0,0,1,1237,0,0,0,0,0,0,7.39031593588457e-07,1.19185353310205e-07,7.39031593588457e-07,0,0,1,0
1.237,0.523598775598299,0.524669760959799,-0.00589071734653778,5.22136748406257e-05,0.524669760959799,0.524669760959799,-0.00107098536150008,-0.000408060345157551,-0.000408060345157551,0,0,0,0,0,0,0,0,0,0,0,0,0,1,1238,0,0,0,0,0,0,7.42816111287681e-07,1.22519435007563e-07,7.42816111287681e-07,0,0,1,0
1.238,0.523598775598299,0.524663886122674,-0.00585898453216899,5.19496941259165e-05,0.524663886122674,0.524663886122674,-0.00106511052437497,-0.000405842942163997,-0.000405842942163997,0,0,0,0,0,0,0,0,0,0,0,0,0,1,1239,0,0,0,0,0,0,7.46507673010655e-07,1.25653332944294e-07,7.46507673010655e-07,0,0,1,0
1.239,0.523598775598299,0.524658042937373,-0.00582741360489641,5.16865235292102e-05,0.524658042937373,0.524658042937373,-0.00105926733907391,-0.000403637459145784,-0.000403637459145784,0,0,0,0,0,0,0,0,0,0,0,0,0,1,1240,0,0,0,0,0,0,7.50111605718473e-07,1.28584072668549e-07,7.50111605718473e-07,0,0,1,0
1.24,0.523598775598299,0.52465223124228,-0.00579600402090456,5.14241742966256e-05,0.52465223124228,0.52465223124228,-0.00105345564398129,-0.000401443839029654,-0.000401443839029654,0,0,0,0,0,0,0,0,0,0,0,0,0,1,1241,0,0,0,0,0,0,7.53632940164728e-07,1.31309293529159e-07,7.53632940164728e-07,0,0,1,0
1.241,0.523598775598299,0.524646450876327,-0.00576475523075207,5.11626576201117e-05,0.524646450876327,0.524646450876327,-0.00104767527802807,-0.000399262024436581,-0.000399262024436581,0,0,0,0,0,0,0,0,0,0,0,0,0,1,1242,0,0,0,0,0,0,7.57076420110359e-07,1.33827218857033e-07,7.57076420110359e-07,0,0,1,0
1.242,0.523598775598299,0.524640701678996,-0.00573366667941147,5.09019846127735e-05,0.524640701678996,0.524640701678996,-0.00104192608069753,-0.000397091957710934,-0.000397091957710934,0,0,0,0,0,0,0,0,0,0,0,0,0,1,1243,0,0,0,0,0,0,7.60446511538504e-07,1.36136626679995e-07,7.60446511538504e-07,0,0,1,0
1.243,0.523598775598299,0.52463498349033,-0.00570273780632174,5.06421662855281e-05,0.52463498349033,0.52463498349033,-0.00103620789203085,-0.000394933580948467,-0.000394933580948467,0,0,0,0,0,0,0,0,0,0,0,0,0,1,1244,0,0,0,0,0,0,7.6374741220242e-07,1.38236820072021e-07,7.6374741220242e-07,0,0,1,0
1.244,0.523598775598299,0.524629296150931,-0.00567196804545289,5.0383213525271e-05,0.524629296150931,0.524629296150931,-0.00103052055263209,-0.000392786836022267,-0.000392786836022267,0,0,0,0,0,0,0,0,0,0,0,0,0,1,1245,0,0,0,0,0,0,7.66983060507265e-07,1.40127599798819e-07,7.66983060507265e-07,0,0,1,0
1.245,0.523598775598299,0.524623639501973,-0.00564135682538153,5.01251370749145e-05,0.524623639501973,0.524623639501973,-0.00102486390367429,-0.000390651664611201,-0.000390651664611201,0,0,0,0,0,0,0,0,0,0,0,0,0,1,1246,0,0,0,0,0,0,7.70157145280059e-07,1.41809235059114e-07,7.70157145280059e-07,0,0,1,0
1.246,0.523598775598299,0.524618013385204,-0.00561090356937695,4.98679475140676e-05,0.524618013385204,0.524618013385204,-0.00101923778690471,-0.000388528008225431,-0.000388528008225431,0,0,0,0,0,0,0,0,0,0,0,0,0,1,1247,0,0,0,0,0,0,7.73273114651474e-07,1.432824370904e-07,7.73273114651474e-07,0,0,1,0
1.247,0.523598775598299,0.524612417642949,-0.00558060769549695,4.96116552412958e-05,0.524612417642949,0.524612417642949,-0.00101364204464982,-0.00038641580823087,-0.00038641580823087,0,0,0,0,0,0,0,0,0,0,0,0,0,1,1248,0,0,0,0,0,0,7.7633418493761e-07,1.44548333217039e-07,7.7633418493761e-07,0,0,1,0
1.248,0.523598775598299,0.524606852118119,-0.00555046861669264,4.9356270457936e-05,0.524606852118119,0.524606852118119,-0.0010080765198206,-0.00038431500587408,-0.00038431500587408,0,0,0,0,0,0,0,0,0,0,0,0,0,1,1249,0,0,0,0,0,0,7.79343349632811e-07,1.45608441017627e-07,7.79343349632811e-07,0,0,1,0
1.249,0.523598775598299,0.524601316654216,-0.00552048574092156,4.91018031529498e-05,0.524601316654216,0.524601316654216,-0.00100254105591757,-0.000382225542305833,-0.000382225542305833,0,0,0,0,0,0,0,0,0,0,0,0,0,1,1250,0,0,0,0,0,0,7.8230338784735e-07,1.46464644396223e-07,7.8230338784735e-07,0,0,1,0
1.25,0.523598775598299,0.524595811095335,-0.00549065847126832,4.88482630890481e-05,0.524595811095335,0.524595811095335,-0.000997035497035781,-0.000380147358604243,-0.000380147358604243,0,0,0,0,0,0,0,0,0,0,0,0,0,1,1251,0,0,0,0,0,0,7.85216873522288e-07,1.47119167936624e-07,7.85216873522288e-07,0,0,1,0
1.251,0.523598775598299,0.524590335286168,-0.00546098620607242,4.85956597899182e-05,0.524590335286168,0.524590335286168,-0.000991559687869681,-0.000378080395797213,-0.000378080395797213,0,0,0,0,0,0,0,0,0,0,0,0,0,1,1252,0,0,0,0,0,0,7.88086183423076e-07,1.47574554923424e-07,7.88086183423076e-07,0,0,1,0
1.252,0.523598775598299,0.524584889072016,-0.00543146833906236,4.83440025285292e-05,0.524584889072016,0.524584889072016,-0.000986113473717354,-0.000376024594882693,-0.000376024594882693,0,0,0,0,0,0,0,0,0,0,0,0,0,1,1253,0,0,0,0,0,0,7.90913505355206e-07,1.47833645103724e-07,7.90913505355206e-07,0,0,1,0
1.253,0.523598775598299,0.524579472298784,-0.00540210425949549,4.80933003169462e-05,0.524579472298784,0.524579472298784,-0.000980696700485617,-0.000373979896850985,-0.000373979896850985,0,0,0,0,0,0,0,0,0,0,0,0,0,1,1254,0,0,0,0,0,0,7.93700846934975e-07,1.47899551275303e-07,7.93700846934975e-07,0,0,1,0
1.254,0.523598775598299,0.524574084812993,-0.00537289335230319,4.78435618965708e-05,0.524574084812993,0.524574084812993,-0.000975309214694353,-0.000371946242704591,-0.000371946242704591,0,0,0,0,0,0,0,0,0,0,0,0,0,1,1255,0,0,0,0,0,0,7.96450043361041e-07,1.4777563889538e-07,7.96450043361041e-07,0,0,1,0
1.255,0.523598775598299,0.524568726461779,-0.00534383499824065,4.75947957295499e-05,0.524568726461779,0.524568726461779,-0.000969950863480507,-0.000369923573476844,-0.000369923573476844,0,0,0,0,0,0,0,0,0,0,0,0,0,1,1256,0,0,0,0,0,0,7.9916276518599e-07,1.474655059743e-07,7.9916276518599e-07,0,0,1,0
1.256,0.523598775598299,0.524563397092901,-0.00531492857404095,4.7347009991409e-05,0.524563397092901,0.524563397092901,-0.000964621494602191,-0.000367911830250523,-0.000367911830250523,0,0,0,0,0,0,0,0,0,0,0,0,0,1,1257,0,0,0,0,0,0,8.01840526087894e-07,1.4697296323897e-07,8.01840526087894e-07,0,0,1,0
1.257,0.523598775598299,0.524558096554742,-0.00528617345257259,4.71002125645427e-05,0.524558096554742,0.524558096554742,-0.0009593209564428,-0.000365910954176195,-0.000365910954176195,0,0,0,0,0,0,0,0,0,0,0,0,0,1,1258,0,0,0,0,0,0,8.04484690419827e-07,1.46302015160624e-07,8.04484690419827e-07,0,0,1,0
1.258,0.523598775598299,0.524552824696314,-0.00525756900300032,4.68544110324116e-05,0.524552824696314,0.524552824696314,-0.000954049098014775,-0.000363920886489349,-0.000363920886489349,0,0,0,0,0,0,0,0,0,0,0,0,0,1,1259,0,0,0,0,0,0,8.07096480537339e-07,1.45456841826094e-07,8.07096480537339e-07,0,0,1,0
1.259,0.523598775598299,0.524547581367262,-0.00522911459094857,4.66096126746302e-05,0.524547581367262,0.524547581367262,-0.000948805768963168,-0.000361941568526696,-0.000361941568526696,0,0,0,0,0,0,0,0,0,0,0,0,0,1,1260,0,0,0,0,0,0,8.09676984125929e-07,1.44441781028959e-07,8.09676984125929e-07,0,0,1,0
1.26,0.523598775598299,0.524542366417868,-0.00520080957866723,4.6365824462937e-05,0.524542366417868,0.524542366417868,-0.000943590819568962,-0.000359972941741614,-0.000359972941741614,0,0,0,0,0,0,0,0,0,0,0,0,0,1,1261,0,0,0,0,0,0,8.12227160862378e-07,1.43261312376009e-07,8.12227160862378e-07,0,0,1,0
1.261,0.523598775598299,0.524537179699052,-0.00517265332519917,4.61230530580334e-05,0.524537179699052,0.524537179699052,-0.000938404100752743,-0.000358014947720256,-0.000358014947720256,0,0,0,0,0,0,0,0,0,0,0,0,0,1,1262,0,0,0,0,0,0,8.14747849742226e-07,1.41920039788222e-07,8.14747849742226e-07,0,0,1,0
1.262,0.523598775598299,0.524532021062376,-0.0051446451865493,4.58813048067864e-05,0.524532021062376,0.524532021062376,-0.000933245464077248,-0.000356067528194455,-0.000356067528194455,0,0,0,0,0,0,0,0,0,0,0,0,0,1,1263,0,0,0,0,0,0,8.17239774963952e-07,1.40422678090047e-07,8.17239774963952e-07,0,0,1,0
1.263,0.523598775598299,0.52452689036005,-0.00511678451585455,4.5640585740712e-05,0.52452689036005,0.52452689036005,-0.00092811476175092,-0.000354130625057119,-0.000354130625057119,0,0,0,0,0,0,0,0,0,0,0,0,0,1,1264,0,0,0,0,0,0,8.1970355347849e-07,1.38774035250179e-07,8.1970355347849e-07,0,0,1,0
1.264,0.523598775598299,0.524521787444929,-0.00508907066355459,4.5400901574474e-05,0.524521787444929,0.524521787444929,-0.000923011846630573,-0.000352204180375027,-0.000352204180375027,0,0,0,0,0,0,0,0,0,0,0,0,0,1,1265,0,0,0,0,0,0,8.22139700762392e-07,1.36978999615289e-07,8.22139700762392e-07,0,0,1,0
1.265,0.523598775598299,0.524516712170522,-0.00506150297756302,4.51622577052368e-05,0.524516712170522,0.524516712170522,-0.000917936572223388,-0.000350288136399664,-0.000350288136399664,0,0,0,0,0,0,0,0,0,0,0,0,0,1,1266,0,0,0,0,0,0,8.24548636257916e-07,1.35042528151205e-07,8.24548636257916e-07,0,0,1,0
1.266,0.523598775598299,0.524511664390989,-0.00503408080343839,4.49246592131728e-05,0.524511664390989,0.524511664390989,-0.000912888792690247,-0.000348382435581495,-0.000348382435581495,0,0,0,0,0,0,0,0,0,0,0,0,0,1,1267,0,0,0,0,0,0,8.26930690367433e-07,1.32969630613558e-07,8.26930690367433e-07,0,0,1,0
1.267,0.523598775598299,0.524506643961146,-0.005006803484555,4.46881108615846e-05,0.524506643961146,0.524506643961146,-0.000907868362847508,-0.000346487020579864,-0.000346487020579864,0,0,0,0,0,0,0,0,0,0,0,0,0,1,1268,0,0,0,0,0,0,8.29286109449434e-07,1.3076535926651e-07,8.29286109449434e-07,0,0,1,0
1.268,0.523598775598299,0.524501650736468,-0.00497967036227318,4.44526170981705e-05,0.524501650736468,0.524501650736468,-0.00090287513816889,-0.000344601834273076,-0.000344601834273076,0,0,0,0,0,0,0,0,0,0,0,0,0,1,1269,0,0,0,0,0,0,8.31615061591684e-07,1.28434796577061e-07,8.31615061591684e-07,0,0,1,0
1.269,0.523598775598299,0.524496684573087,-0.00495268077610857,4.42181820569198e-05,0.524496684573087,0.524496684573087,-0.000897908974788031,-0.000342726819770144,-0.000342726819770144,0,0,0,0,0,0,0,0,0,0,0,0,0,1,1270,0,0,0,0,0,0,8.33917642273363e-07,1.25983043320916e-07,8.33917642273363e-07,0,0,1,0
1.27,0.523598775598299,0.524491745327799,-0.00492583406390037,4.39848095598406e-05,0.524491745327799,0.524491745327799,-0.000892969729499704,-0.000340861920418811,-0.000340861920418811,0,0,0,0,0,0,0,0,0,0,0,0,0,1,1271,0,0,0,0,0,0,8.36193878805958e-07,1.23415210074532e-07,8.36193878805958e-07,0,0,1,0
1.271,0.523598775598299,0.524486832858061,-0.00489912956197822,4.37525031197406e-05,0.524486832858061,0.524486832858061,-0.00088805725976171,-0.000339007079815269,-0.000339007079815269,0,0,0,0,0,0,0,0,0,0,0,0,0,1,1272,0,0,0,0,0,0,8.38443736328465e-07,1.20736404572892e-07,8.38443736328465e-07,0,0,1,0
1.272,0.523598775598299,0.524481947021995,-0.00487256660532745,4.35212659430775e-05,0.524481947021995,0.524481947021995,-0.000883171423696205,-0.000337162241812278,-0.000337162241812278,0,0,0,0,0,0,0,0,0,0,0,0,0,1,1273,0,0,0,0,0,0,8.40667121693173e-07,1.17951724845199e-07,8.40667121693173e-07,0,0,1,0
1.273,0.523598775598299,0.52447708767839,-0.00484614452775261,4.32911009333208e-05,0.52447708767839,0.52447708767839,-0.000878312080090926,-0.000335327350526901,-0.000335327350526901,0,0,0,0,0,0,0,0,0,0,0,0,0,1,1274,0,0,0,0,0,0,8.42863888572687e-07,1.15066249085395e-07,8.42863888572687e-07,0,0,1,0
1.274,0.523598775598299,0.524472254686699,-0.00481986266203894,4.30620106947035e-05,0.524472254686699,0.524472254686699,-0.000873479088400297,-0.00033350235034785,-0.00033350235034785,0,0,0,0,0,0,0,0,0,0,0,0,0,1,1275,0,0,0,0,0,0,8.450338417898e-07,1.12085027690213e-07,8.450338417898e-07,0,0,1,0
1.275,0.523598775598299,0.524467447907045,-0.00479372034011158,4.28339975362816e-05,0.524467447907045,0.524467447907045,-0.000868672308746432,-0.000331687185942475,-0.000331687185942475,0,0,0,0,0,0,0,0,0,0,0,0,0,1,1276,0,0,0,0,0,0,8.47176741869404e-07,1.09013074724336e-07,8.47176741869404e-07,0,0,1,0
1.276,0.523598775598299,0.524462667200219,-0.00476771689319262,4.26070634762447e-05,0.524462667200219,0.524462667200219,-0.000863891601919908,-0.000329881802263073,-0.000329881802263073,0,0,0,0,0,0,0,0,0,0,0,0,0,1,1277,0,0,0,0,0,0,8.49292308813254e-07,1.05855361521873e-07,8.49292308813254e-07,0,0,1,0
1.277,0.523598775598299,0.524457912427679,-0.00474185165195541,4.23812102465309e-05,0.524457912427679,0.524457912427679,-0.000859136829380436,-0.000328086144552854,-0.000328086144552854,0,0,0,0,0,0,0,0,0,0,0,0,0,1,1278,0,0,0,0,0,0,8.51380226429832e-07,1.02616808803774e-07,8.51380226429832e-07,0,0,1,0
1.278,0.523598775598299,0.524453183451556,-0.00471612394667646,4.21564392976775e-05,0.524453183451556,0.524453183451556,-0.000854407853257078,-0.000326300158350655,-0.000326300158350655,0,0,0,0,0,0,0,0,0,0,0,0,0,1,1279,0,0,0,0,0,0,8.53440145665019e-07,9.93022815213608e-08,8.53440145665019e-07,0,0,1,0
1.279,0.523598775598299,0.524448480134648,-0.00469053310738435,4.19327518041443e-05,0.524448480134648,0.524448480134648,-0.000849704536348805,-0.000324523789496518,-0.000324523789496518,0,0,0,0,0,0,0,0,0,0,0,0,0,1,1280,0,0,0,0,0,0,8.5547168826583e-07,9.59165827865358e-08,8.5547168826583e-07,0,0,1,0
1.28,0.523598775598299,0.524443802340423,-0.0046650784640058,4.1710148669582e-05,0.524443802340423,0.524443802340423,-0.00084502674212461,-0.000322756984136031,-0.000322756984136031,0,0,0,0,0,0,0,0,0,0,0,0,0,1,1281,0,0,0,0,0,0,8.57474450777218e-07,9.24644469168373e-08,8.57474450777218e-07,0,0,1,0
1.281,0.523598775598299,0.524439149933023,-0.00463975934650876,4.14886305323831e-05,0.524439149933023,0.524439149933023,-0.000840374334723837,-0.000320999688725234,-0.000320999688725234,0,0,0,0,0,0,0,0,0,0,0,0,0,1,1282,0,0,0,0,0,0,8.59448007650698e-07,8.89505348885145e-08,8.59448007650698e-07,0,0,1,0
1.282,0.523598775598299,0.524434522777254,-0.00461457508504235,4.12681977711527e-05,0.524434522777254,0.524434522777254,-0.000835747178955404,-0.000319251850032514,-0.000319251850032514,0,0,0,0,0,0,0,0,0,0,0,0,0,1,1283,0,0,0,0,0,0,8.61391913686838e-07,8.53794315551146e-08,8.61391913686838e-07,0,0,1,0
1.283,0.523598775598299,0.524429920738597,-0.0045895250100737,4.10488505110065e-05,0.524429920738597,0.524429920738597,-0.000831145140298251,-0.000317513415143783,-0.000317513415143783,0,0,0,0,0,0,0,0,0,0,0,0,0,1,1284,0,0,0,0,0,0,8.63305708143081e-07,8.17556383594757e-08,8.63305708143081e-07,0,0,1,0
1.284,0.523598775598299,0.524425343683199,-0.00456460845252142,4.08305886292535e-05,0.524425343683199,0.524425343683199,-0.000826568084900337,-0.00031578433146374,-0.00031578433146374,0,0,0,0,0,0,0,0,0,0,0,0,0,1,1285,0,0,0,0,0,0,8.65188916621129e-07,7.80835720274806e-08,8.65188916621129e-07,0,0,1,0
1.285,0.523598775598299,0.524420791477877,-0.00453982474388573,4.0613411761858e-05,0.524420791477877,0.524420791477877,-0.00082201587957853,-0.000314064546719538,-0.000314064546719538,0,0,0,0,0,0,0,0,0,0,0,0,0,1,1286,0,0,0,0,0,0,8.6704105439761e-07,7.43675593237701e-08,8.6704105439761e-07,0,0,1,0
1.286,0.523598775598299,0.524416263990117,-0.00451517321637516,4.0397319309534e-05,0.524416263990117,0.524416263990117,-0.000817488391817944,-0.000312354008962941,-0.000312354008962941,0,0,0,0,0,0,0,0,0,0,0,0,0,1,1287,0,0,0,0,0,0,8.68861628755546e-07,7.06118344915088e-08,8.68861628755546e-07,0,0,1,0
1.287,0.523598775598299,0.52441176108807,-0.00449065320302992,4.01823104440057e-05,0.52441176108807,0.52441176108807,-0.000812985489770934,-0.000310652666571585,-0.000310652666571585,0,0,0,0,0,0,0,0,0,0,0,0,0,1,1288,0,0,0,0,0,0,8.70650141426843e-07,6.68205363449879e-08,8.70650141426843e-07,0,0,1,0
1.288,0.523598775598299,0.524407282640555,-0.00446626403784169,3.99683841145659e-05,0.524407282640555,0.524407282640555,-0.000808507042256545,-0.000308960468251452,-0.000308960468251452,0,0,0,0,0,0,0,0,0,0,0,0,0,1,1289,0,0,0,0,0,0,8.72406090812738e-07,6.29977059229785e-08,8.72406090812738e-07,0,0,1,0
1.289,0.523598775598299,0.524402828517058,-0.00444200505586992,3.97555390543453e-05,0.524402828517058,0.524402828517058,-0.000804052918759068,-0.00030727736303695,-0.00030727736303695,0,0,0,0,0,0,0,0,0,0,0,0,0,1,1290,0,0,0,0,0,0,8.74128974204247e-07,5.91472841043536e-08,8.74128974204247e-07,0,0,1,0
1.29,0.523598775598299,0.524398398587726,-0.0044178755933546,3.95437737870745e-05,0.524398398587726,0.524398398587726,-0.000799622989427484,-0.000305603300293418,-0.000305603300293418,0,0,0,0,0,0,0,0,0,0,0,0,0,1,1291,0,0,0,0,0,0,8.75818290446695e-07,5.52731079755779e-08,8.75818290446695e-07,0,0,1,0
1.291,0.523598775598299,0.524393992723372,-0.0043938749878255,3.93330866332897e-05,0.524393992723372,0.524393992723372,-0.000795217125073577,-0.000303938229716035,-0.000303938229716035,0,0,0,0,0,0,0,0,0,0,0,0,0,1,1292,0,0,0,0,0,0,8.77473540383811e-07,5.13789131508999e-08,8.77473540383811e-07,0,0,1,0
1.292,0.523598775598299,0.52438961079547,-0.00437000257820775,3.91234757172449e-05,0.52438961079547,0.52438961079547,-0.000790835197170936,-0.000302282101331169,-0.000302282101331169,0,0,0,0,0,0,0,0,0,0,0,0,0,1,1293,0,0,0,0,0,0,8.79094229744304e-07,4.74683294151602e-08,8.79094229744304e-07,0,0,1,0
1.293,0.523598775598299,0.524385252676152,-0.0043462577049239,3.89149389733959e-05,0.524385252676152,0.524385252676152,-0.000786477077853509,-0.000300634865496537,-0.000300634865496537,0,0,0,0,0,0,0,0,0,0,0,0,0,1,1294,0,0,0,0,0,0,8.80679870807199e-07,4.35448796413246e-08,8.80679870807199e-07,0,0,1,0
1.294,0.523598775598299,0.524380918238213,-0.00432263970999233,3.8707474152905e-05,0.524380918238213,0.524380918238213,-0.000782142639914385,-0.000298996472901993,-0.000298996472901993,0,0,0,0,0,0,0,0,0,0,0,0,0,1,1295,0,0,0,0,0,0,8.82229983734106e-07,3.96119795441525e-08,8.82229983734106e-07,0,0,1,0
1.295,0.523598775598299,0.524376607355102,-0.00429914793712231,3.85010788298705e-05,0.524376607355102,0.524376607355102,-0.000777831756803238,-0.00029736687456675,-0.00029736687456675,0,0,0,0,0,0,0,0,0,0,0,0,0,1,1296,0,0,0,0,0,0,8.8374409767944e-07,3.56729379551515e-08,8.8374409767944e-07,0,0,1,0
1.296,0.523598775598299,0.524372319900924,-0.00427578173180528,3.82957504084296e-05,0.524372319900924,0.524372319900924,-0.000773544302625551,-0.000295746021841431,-0.000295746021841431,0,0,0,0,0,0,0,0,0,0,0,0,0,1,1297,0,0,0,0,0,0,8.85221752788823e-07,3.17309546498355e-08,8.85221752788823e-07,0,0,1,0
1.297,0.523598775598299,0.524368055750439,-0.00425254044140275,3.80914861287723e-05,0.524368055750439,0.524368055750439,-0.000769280152140284,-0.000294133866405957,-0.000294133866405957,0,0,0,0,0,0,0,0,0,0,0,0,0,1,1298,0,0,0,0,0,0,8.86662501087265e-07,2.77891211110035e-08,8.86662501087265e-07,0,0,1,0
1.298,0.523598775598299,0.524363814779057,-0.00422942341523063,3.78882830737224e-05,0.524363814779057,0.524363814779057,-0.000765039180758098,-0.000292530360268961,-0.000292530360268961,0,0,0,0,0,0,0,0,0,0,0,0,0,1,1299,0,0,0,0,0,0,8.88065907700408e-07,2.38504203205724e-08,8.88065907700408e-07,0,0,1,0
1.299,0.523598775598299,0.524359596862838,-0.00420643000464017,3.7686138175089e-05,0.524359596862838,0.524359596862838,-0.000760821264539135,-0.000290935455766049,-0.000290935455766049,0,0,0,0,0,0,0,0,0,0,0,0,0,1,1300,0,0,0,0,0,0,8.89431551742703e-07,1.99177273866799e-08,8.89431551742703e-07,0,0,1,0
1.3,0.523598775598299,0.52435540187849,-0.0041835595630953,3.74850482201584e-05,0.52435540187849,0.52435540187849,-0.000756626280191242,-0.000289349105559303,-0.000289349105559303,0,0,0,0,0,0,0,0,0,0,0,0,0,1,1301,0,0,0,0,0,0,8.90759027427634e-07,1.59938094933774e-08,8.90759027427634e-07,0,0,1,0
1.301,0.523598775598299,0.524351229703367,-0.00416081144624665,3.728500985779e-05,0.524351229703367,0.524351229703367,-0.000752454105067746,-0.000287771262635601,-0.000287771262635601,0,0,0,0,0,0,0,0,0,0,0,0,0,1,1302,0,0,0,0,0,0,8.92047944844876e-07,1.20813266920976e-08,8.92047944844876e-07,0,0,1,0
1.302,0.523598775598299,0.524347080215464,-0.00413818501200226,3.70860196045544e-05,0.524347080215464,0.524347080215464,-0.000748304617165352,-0.0002862018803053,-0.0002862018803053,0,0,0,0,0,0,0,0,0,0,0,0,0,1,1303,0,0,0,0,0,0,8.93297931181536e-07,8.18283141875049e-09,8.93297931181536e-07,0,0,1,0
1.303,0.523598775598299,0.52434295329342,-0.00411567962059494,3.68880738507047e-05,0.52434295329342,0.52434295329342,-0.000744177695121251,-0.000284640912198847,-0.000284640912198847,0,0,0,0,0,0,0,0,0,0,0,0,0,1,1304,0,0,0,0,0,0,8.94508630500113e-07,4.3007718384877e-09,8.94508630500113e-07,0,0,1,0
1.304,0.523598775598299,0.524338848816511,-0.00409329463464629,3.66911688666123e-05,0.524338848816511,0.524338848816511,-0.00074007321821179,-0.000283088312267636,-0.000283088312267636,0,0,0,0,0,0,0,0,0,0,0,0,0,1,1305,0,0,0,0,0,0,8.95679705514851e-07,4.37489716762635e-10,8.95679705514851e-07,0,0,1,0
1.305,0.523598775598299,0.524334766664648,-0.00407102941922768,3.6495300808061e-05,0.524334766664648,0.524334766664648,-0.000735991066349029,-0.000281544034779204,-0.000281544034779204,0,0,0,0,0,0,0,0,0,0,0,0,0,1,1306,0,0,0,0,0,0,8.96810837147655e-07,-3.40477577403554e-09,8.96810837147655e-07,0,0,1,0
1.306,0.523598775598299,0.524330706718378,-0.00404888334191785,3.6300465722555e-05,0.524330706718378,0.524330706718378,-0.000731931120078966,-0.000280008034316975,-0.000280008034316975,0,0,0,0,0,0,0,0,0,0,0,0,0,1,1307,0,0,0,0,0,0,8.97901725749328e-07,-7.22388883130434e-09,8.97901725749328e-07,0,0,1,0
1.307,0.523598775598299,0.524326668858877,-0.00402685577285758,3.61066595547251e-05,0.524326668858877,0.524326668858877,-0.000727893260578649,-0.000278480265777037,-0.000278480265777037,0,0,0,0,0,0,0,0,0,0,0,0,0,1,1308,0,0,0,0,0,0,8.98952090877536e-07,-1.101781396326e-08,8.98952090877536e-07,0,0,1,0
1.308,0.523598775598299,0.524322652967952,-0.00400494608480124,3.59138781520449e-05,0.524322652967952,0.524322652967952,-0.000723877369653514,-0.000276960684365576,-0.000276960684365576,0,0,0,0,0,0,0,0,0,0,0,0,0,1,1309,0,0,0,0,0,0,8.99961671962934e-07,-1.47846154121417e-08,8.99961671962934e-07,0,0,1,0
1.309,0.523598775598299,0.524318658928034,-0.00398315365316526,3.57221172704509e-05,0.524318658928034,0.524318658928034,-0.000719883329735271,-0.000275449245597838,-0.000275449245597838,0,0,0,0,0,0,0,0,0,0,0,0,0,1,1310,0,0,0,0,0,0,9.00930228864283e-07,-1.85224563382415e-08,9.00930228864283e-07,0,0,1,0
1.31,0.523598775598299,0.524314686622177,-0.00396147785607384,3.55313725793437e-05,0.524314686622177,0.524314686622177,-0.000715911023878468,-0.000273945905293541,-0.000273945905293541,0,0,0,0,0,0,0,0,0,0,0,0,0,1,1311,0,0,0,0,0,0,9.01857541313333e-07,-2.22295950872125e-08,9.01857541313333e-07,0,0,1,0
1.311,0.523598775598299,0.524310735934057,-0.00393991807440167,3.53416396672607e-05,0.524310735934057,0.524310735934057,-0.000711960335758599,-0.000272450619576524,-0.000272450619576524,0,0,0,0,0,0,0,0,0,0,0,0,0,1,1312,0,0,0,0,0,0,9.02743410136075e-07,-2.59043863206753e-08,9.02743410136075e-07,0,0,1,0
1.312,0.523598775598299,0.524306806747967,-0.00391847369181394,3.51529140465452e-05,0.524306806747967,0.524306806747967,-0.000708031149668331,-0.000270963344869348,-0.000270963344869348,0,0,0,0,0,0,0,0,0,0,0,0,0,1,1313,0,0,0,0,0,0,9.03587656253535e-07,-2.95452762220927e-08,9.03587656253535e-07,0,0,1,0
1.313,0.523598775598299,0.524302898948815,-0.00389714409480354,3.49651911589313e-05,0.524302898948815,0.524302898948815,-0.000704123350515951,-0.000269484037893925,-0.000269484037893925,0,0,0,0,0,0,0,0,0,0,0,0,0,1,1314,0,0,0,0,0,0,9.04390122014043e-07,-3.31508040718985e-08,9.04390122014043e-07,0,0,1,0
1.314,0.523598775598299,0.52429901242212,-0.00387592867272567,3.47784663797069e-05,0.52429901242212,0.52429901242212,-0.000700236823821254,-0.000268012655665292,-0.000268012655665292,0,0,0,0,0,0,0,0,0,0,0,0,0,1,1315,0,0,0,0,0,0,9.05150669749943e-07,-3.67195963936733e-08,9.05150669749943e-07,0,0,1,0
1.315,0.523598775598299,0.524295147054012,-0.00385482681782988,3.45927350231132e-05,0.524295147054012,0.524295147054012,-0.000696371455713329,-0.000266549155490537,-0.000266549155490537,0,0,0,0,0,0,0,0,0,0,0,0,0,1,1316,0,0,0,0,0,0,9.05869182776797e-07,-4.0250367777054e-08,9.05869182776797e-07,0,0,1,0
1.316,0.523598775598299,0.524291302731227,-0.00383383792528939,3.44079923468038e-05,0.524291302731227,0.524291302731227,-0.000692527132927889,-0.000265093494966549,-0.000265093494966549,0,0,0,0,0,0,0,0,0,0,0,0,0,1,1317,0,0,0,0,0,0,9.06545565282357e-07,-4.3741918759636e-08,9.06545565282357e-07,0,0,1,0
1.317,0.523598775598299,0.524287479341103,-0.0038129613932282,3.42242335560332e-05,0.524287479341103,0.524287479341103,-0.00068870374280372,-0.000263645631975408,-0.000263645631975408,0,0,0,0,0,0,0,0,0,0,0,0,0,1,1318,0,0,0,0,0,0,9.07179741771458e-07,-4.71931325735e-08,9.07179741771458e-07,0,0,1,0
1.318,0.523598775598299,0.524283676771579,-0.00379219662274571,3.40414538083675e-05,0.524283676771579,0.524283676771579,-0.000684901173279795,-0.000262205524681626,-0.000262205524681626,0,0,0,0,0,0,0,0,0,0,0,0,0,1,1319,0,0,0,0,0,0,9.07771656732947e-07,-5.06029725771701e-08,9.07771656732947e-07,0,0,1,0
1.319,0.523598775598299,0.524279894911192,-0.00377154301793892,3.38596482180689e-05,0.524279894911192,0.524279894911192,-0.000681119312893053,-0.000260773131531214,-0.000260773131531214,0,0,0,0,0,0,0,0,0,0,0,0,0,1,1320,0,0,0,0,0,0,9.08321275416846e-07,-5.39704827426379e-08,9.08321275416846e-07,0,0,1,0
1.32,0.523598775598299,0.524276133649073,-0.00375099998592257,3.36788118596398e-05,0.524276133649073,0.524276133649073,-0.000677358050774401,-0.000259348411245977,-0.000259348411245977,0,0,0,0,0,0,0,0,0,0,0,0,0,1,1321,0,0,0,0,0,0,9.08828582946164e-07,-5.72947836939043e-08,9.08828582946164e-07,0,0,1,0
1.321,0.523598775598299,0.524272392874945,-0.00373056693684703,3.34989397723094e-05,0.524272392874945,0.524272392874945,-0.000673617276646166,-0.000257931322821769,-0.000257931322821769,0,0,0,0,0,0,0,0,0,0,0,0,0,1,1322,0,0,0,0,0,0,9.09293583761794e-07,-6.05750697323625e-08,9.09293583761794e-07,0,0,1,0
1.322,0.523598775598299,0.524268672479118,-0.00371024328391402,3.332002696379e-05,0.524268672479118,0.524268672479118,-0.000669896880819199,-0.000256521825525858,-0.000256521825525858,0,0,0,0,0,0,0,0,0,0,0,0,0,1,1323,0,0,0,0,0,0,9.09716302288643e-07,-6.38106092141003e-08,9.09716302288643e-07,0,0,1,0
1.323,0.523598775598299,0.524264972352488,-0.00369002844339039,3.31420684138102e-05,0.524264972352488,0.524264972352488,-0.000666196754189441,-0.000255119878892833,-0.000255119878892833,0,0,0,0,0,0,0,0,0,0,0,0,0,1,1324,0,0,0,0,0,0,9.10096781825409e-07,-6.70007401823002e-08,9.10096781825409e-07,0,0,1,0
1.324,0.523598775598299,0.524261292386534,-0.00366992183461994,3.29650590779248e-05,0.524261292386534,0.524261292386534,-0.000662516788235035,-0.000253725442722046,-0.000253725442722046,0,0,0,0,0,0,0,0,0,0,0,0,0,1,1325,0,0,0,0,0,0,9.10435084211514e-07,-7.0144868178669e-08,9.10435084211514e-07,0,0,1,0
1.325,0.523598775598299,0.524257632473312,-0.00364992288003324,3.27889938909576e-05,0.524257632473312,0.524257632473312,-0.000658856875013214,-0.000252338477074481,-0.000252338477074481,0,0,0,0,0,0,0,0,0,0,0,0,0,1,1326,0,0,0,0,0,0,9.10731290049149e-07,-7.32424656020234e-08,9.10731290049149e-07,0,0,1,0
1.326,0.523598775598299,0.524253992505456,-0.0036300310051557,3.26138677703526e-05,0.524253992505456,0.524253992505456,-0.000655216907157419,-0.000250958942270249,-0.000250958942270249,0,0,0,0,0,0,0,0,0,0,0,0,0,1,1327,0,0,0,0,0,0,9.1098549792612e-07,-7.62930684196882e-08,9.1098549792612e-07,0,0,1,0
1.327,0.523598775598299,0.524250372376173,-0.00361024563861391,3.24396756192232e-05,0.524250372376173,0.524250372376173,-0.000651596777873853,-0.000249586798884616,-0.000249586798884616,0,0,0,0,0,0,0,0,0,0,0,0,0,1,1328,0,0,0,0,0,0,9.11197824415844e-07,-7.92962750429619e-08,9.11197824415844e-07,0,0,1,0
1.328,0.523598775598299,0.524246771979237,-0.00359056621214024,3.22664123296393e-05,0.524246771979237,0.524246771979237,-0.000647996380938487,-0.000248222007745258,-0.000248222007745258,0,0,0,0,0,0,0,0,0,0,0,0,0,1,1329,0,0,0,0,0,0,9.11368402967128e-07,-8.22517422502996e-08,9.11368402967128e-07,0,0,1,0
1.329,0.523598775598299,0.524243191208993,-0.00357099216057582,3.20940727856281e-05,0.524243191208993,0.524243191208993,-0.000644415610694282,-0.000246864529930136,-0.000246864529930136,0,0,0,0,0,0,0,0,0,0,0,0,0,1,1330,0,0,0,0,0,0,9.11497384126214e-07,-8.51591847811708e-08,9.11497384126214e-07,0,0,1,0
1.33,0.523598775598299,0.524239629960346,-0.00355152292187203,3.19226518657595e-05,0.524239629960346,0.524239629960346,-0.000640854362047416,-0.000245514326762702,-0.000245514326762702,0,0,0,0,0,0,0,0,0,0,0,0,0,1,1331,0,0,0,0,0,0,9.11584934648602e-07,-8.80183719663592e-08,9.11584934648602e-07,0,0,1,0
1.331,0.523598775598299,0.524236088128764,-0.00353215793709042,3.17521444462859e-05,0.524236088128764,0.524236088128764,-0.000637312530464951,-0.000244171359811026,-0.000244171359811026,0,0,0,0,0,0,0,0,0,0,0,0,0,1,1332,0,0,0,0,0,0,9.11631237721089e-07,-9.08291274122428e-08,9.11631237721089e-07,0,0,1,0
1.332,0.523598775598299,0.52423256561027,-0.0035128966504012,3.15825454033417e-05,0.52423256561027,0.52423256561027,-0.000633790011971058,-0.000242835590883039,-0.000242835590883039,0,0,0,0,0,0,0,0,0,0,0,0,0,1,1333,0,0,0,0,0,0,9.11636491518486e-07,-9.35913242363761e-08,9.11636491518486e-07,0,0,1,0
1.333,0.523598775598299,0.524229062301443,-0.0034937385090805,3.14138496157582e-05,0.524229062301443,0.524229062301443,-0.000630286703144134,-0.000241506982024211,-0.000241506982024211,0,0,0,0,0,0,0,0,0,0,0,0,0,1,1334,0,0,0,0,0,0,9.11600909425658e-07,-9.63048848614916e-08,9.11600909425658e-07,0,0,1,0
1.334,0.523598775598299,0.524225578099413,-0.00347468296350607,3.12460519674539e-05,0.524225578099413,0.524225578099413,-0.000626802501114132,-0.000240185495515829,-0.000240185495515829,0,0,0,0,0,0,0,0,0,0,0,0,0,1,1335,0,0,0,0,0,0,9.1152471970446e-07,-9.89697793358536e-08,9.1152471970446e-07,0,0,1,0
1.335,0.523598775598299,0.524222112901857,-0.00345572946715203,3.10791473493362e-05,0.524222112901857,0.524222112901857,-0.00062333730355868,-0.000238871093870004,-0.000238871093870004,0,0,0,0,0,0,0,0,0,0,0,0,0,1,1336,0,0,0,0,0,0,9.11408164494532e-07,-1.01586021908915e-07,9.11408164494532e-07,0,0,1,0
1.336,0.523598775598299,0.524218666606999,-0.00343687747658227,3.09131306619135e-05,0.524218666606999,0.524218666606999,-0.000619891008700524,-0.000237563739828299,-0.000237563739828299,0,0,0,0,0,0,0,0,0,0,0,0,0,1,1337,0,0,0,0,0,0,9.11251499369214e-07,-1.04153669159548e-07,9.11251499369214e-07,0,0,1,0
1.337,0.523598775598299,0.524215239113603,-0.00341812645144275,3.07479968171645e-05,0.524215239113603,0.524215239113603,-0.000616463515304533,-0.000236263396359155,-0.000236263396359155,0,0,0,0,0,0,0,0,0,0,0,0,0,1,1338,0,0,0,0,0,0,9.11054993557592e-07,-1.06672819955066e-07,9.11054993557592e-07,0,0,1,0
1.338,0.523598775598299,0.524211830320973,-0.00339947585445277,3.05837407403013e-05,0.524211830320973,0.524211830320973,-0.000613054722673922,-0.000234970026653251,-0.000234970026653251,0,0,0,0,0,0,0,0,0,0,0,0,0,1,1339,0,0,0,0,0,0,9.10818928168133e-07,-1.0914361005341e-07,9.10818928168133e-07,0,0,1,0
1.339,0.523598775598299,0.524208440128947,-0.00338092515139523,3.04203573721011e-05,0.524208440128947,0.524208440128947,-0.000609664530648035,-0.000233683594123067,-0.000233683594123067,0,0,0,0,0,0,0,0,0,0,0,0,0,1,1340,0,0,0,0,0,0,9.10543596965852e-07,-1.11566213657896e-07,9.10543596965852e-07,0,0,1,0
1.34,0.523598775598299,0.524205068437898,-0.00336247381110587,3.02578416702236e-05,0.524205068437898,0.524205068437898,-0.000606292839598788,-0.000232404062398851,-0.000232404062398851,0,0,0,0,0,0,0,0,0,0,0,0,0,1,1341,0,0,0,0,0,0,9.10229305262078e-07,-1.13940839888789e-07,9.10229305262078e-07,0,0,1,0
1.341,0.523598775598299,0.524201715148726,-0.00334412130546171,3.00961886110238e-05,0.524201715148726,0.524201715148726,-0.000602939550427672,-0.000231131395326111,-0.000231131395326111,0,0,0,0,0,0,0,0,0,0,0,0,0,1,1342,0,0,0,0,0,0,9.09876369359353e-07,-1.16267730807451e-07,9.09876369359353e-07,0,0,1,0
1.342,0.523598775598299,0.524198380162862,-0.00332586710936855,2.99353931911641e-05,0.524198380162862,0.524198380162862,-0.000599604564562761,-0.000229865556963109,-0.000229865556963109,0,0,0,0,0,0,0,0,0,0,0,0,0,1,1343,0,0,0,0,0,0,9.09485116329378e-07,-1.18547160373123e-07,9.09485116329378e-07,0,0,1,0
1.343,0.523598775598299,0.524195063382255,-0.00330771070074769,2.97754504290796e-05,0.524195063382255,0.524195063382255,-0.000596287783955929,-0.000228606511578956,-0.000228606511578956,0,0,0,0,0,0,0,0,0,0,0,0,0,1,1344,0,0,0,0,0,0,9.09055883124843e-07,-1.20779431634624e-07,9.09055883124843e-07,0,0,1,0
1.344,0.523598775598299,0.524191764709378,-0.003289651560522,2.96163553661419e-05,0.524191764709378,0.524191764709378,-0.000592989111079412,-0.000227354223649924,-0.000227354223649924,0,0,0,0,0,0,0,0,0,0,0,0,0,1,1345,0,0,0,0,0,0,9.08589016690442e-07,-1.22964876653154e-07,9.08589016690442e-07,0,0,1,0
1.345,0.523598775598299,0.524188484047222,-0.00327168917260115,2.94581030681876e-05,0.524188484047222,0.524188484047222,-0.000589708448923254,-0.00022610865785815,-0.00022610865785815,0,0,0,0,0,0,0,0,0,0,0,0,0,1,1346,0,0,0,0,0,0,9.08084873185722e-07,-1.25103854049834e-07,9.08084873185722e-07,0,0,1,0
1.346,0.523598775598299,0.524185221299291,-0.00325382302386636,2.93006886264912e-05,0.524185221299291,0.524185221299291,-0.000586445700991867,-0.00022486977908796,-0.00022486977908796,0,0,0,0,0,0,0,0,0,0,0,0,0,1,1347,0,0,0,0,0,0,9.07543816985878e-07,-1.27196745996604e-07,9.07543816985878e-07,0,0,1,0
1.347,0.523598775598299,0.5241819763696,-0.00323605260415437,2.91441071591386e-05,0.5241819763696,0.5241819763696,-0.000583200771301362,-0.000223637552424288,-0.000223637552424288,0,0,0,0,0,0,0,0,0,0,0,0,0,1,1348,0,0,0,0,0,0,9.06966221014827e-07,-1.29243958837044e-07,9.06966221014827e-07,0,0,1,0
1.348,0.523598775598299,0.524178749162675,-0.00321837740624093,2.89883538119646e-05,0.524178749162675,0.524178749162675,-0.000579973564376668,-0.00022241194315049,-0.00022241194315049,0,0,0,0,0,0,0,0,0,0,0,0,0,1,1349,0,0,0,0,0,0,9.06352465857019e-07,-1.31245920420532e-07,9.06352465857019e-07,0,0,1,0
1.349,0.523598775598299,0.524175539583547,-0.00320079692582375,2.88334237593991e-05,0.524175539583547,0.524175539583547,-0.000576763985248308,-0.00022119291674527,-0.00022119291674527,0,0,0,0,0,0,0,0,0,0,0,0,0,1,1350,0,0,0,0,0,0,9.05702939202335e-07,-1.33203078376849e-07,9.05702939202335e-07,0,0,1,0
1.35,0.523598775598299,0.524172347537749,-0.00318331066150499,2.867931220553e-05,0.524172347537749,0.524172347537749,-0.000573571939449846,-0.000219980438881396,-0.000219980438881396,0,0,0,0,0,0,0,0,0,0,0,0,0,1,1351,0,0,0,0,0,0,9.05018035735061e-07,-1.35115899611155e-07,9.05018035735061e-07,0,0,1,0
1.351,0.523598775598299,0.524169172931313,-0.00316591811477331,2.85260143847149e-05,0.524169172931313,0.524169172931313,-0.000570397333014561,-0.000218774475422319,-0.000218774475422319,0,0,0,0,0,0,0,0,0,0,0,0,0,1,1352,0,0,0,0,0,0,9.04298156245709e-07,-1.36984867722288e-07,9.04298156245709e-07,0,0,1,0
1.352,0.523598775598299,0.524166015670772,-0.00314861878998548,2.83735255625739e-05,0.524166015670772,0.524166015670772,-0.000567240072472996,-0.000217574992421192,-0.000217574992421192,0,0,0,0,0,0,0,0,0,0,0,0,0,1,1353,0,0,0,0,0,0,9.03543707519994e-07,-1.38810482548267e-07,9.03543707519994e-07,0,0,1,0
1.353,0.523598775598299,0.524162875663149,-0.00313141219434767,2.82218410364425e-05,0.524162875663149,0.524162875663149,-0.000564100064849749,-0.000216381956117775,-0.000216381956117775,0,0,0,0,0,0,0,0,0,0,0,0,0,1,1354,0,0,0,0,0,0,9.02755101783725e-07,-1.40593258530445e-07,9.02755101783725e-07,0,0,1,0
1.354,0.523598775598299,0.52415975281596,-0.00311429783789638,2.80709561361536e-05,0.52415975281596,0.52415975281596,-0.000560977217660907,-0.000215195332937148,-0.000215195332937148,0,0,0,0,0,0,0,0,0,0,0,0,0,1,1355,0,0,0,0,0,0,9.01932756369739e-07,-1.42333723696531e-07,9.01932756369739e-07,0,0,1,0
1.355,0.523598775598299,0.52415664703721,-0.00309727523347906,2.79208662244437e-05,0.52415664703721,0.52415664703721,-0.000557871438911173,-0.000214015089487505,-0.000214015089487505,0,0,0,0,0,0,0,0,0,0,0,0,0,1,1356,0,0,0,0,0,0,9.01077093162783e-07,-1.44032418066377e-07,9.01077093162783e-07,0,0,1,0
1.356,0.523598775598299,0.52415355823539,-0.00308034389673457,2.77715666974081e-05,0.52415355823539,0.52415355823539,-0.000554782637090967,-0.000212841192557948,-0.000212841192557948,0,0,0,0,0,0,0,0,0,0,0,0,0,1,1357,0,0,0,0,0,0,9.00188538155433e-07,-1.45689892378474e-07,9.00188538155433e-07,0,0,1,0
1.357,0.523598775598299,0.524150486319472,-0.00306350334607336,2.76230529849837e-05,0.524150486319472,0.524150486319472,-0.000551710721173548,-0.000211673609116273,-0.000211673609116273,0,0,0,0,0,0,0,0,0,0,0,0,0,1,1358,0,0,0,0,0,0,8.99267521003999e-07,-1.47306706833362e-07,8.99267521003999e-07,0,0,1,0
1.358,0.523598775598299,0.524147431198911,-0.00304675310265737,2.74753205514437e-05,0.524147431198911,0.524147431198911,-0.000548655600612569,-0.00021051230630795,-0.00021051230630795,0,0,0,0,0,0,0,0,0,0,0,0,0,1,1359,0,0,0,0,0,0,8.98314475028528e-07,-1.48883431055034e-07,8.98314475028528e-07,0,0,1,0
1.359,0.523598775598299,0.524144392783638,-0.0030300926903799,2.73283648955157e-05,0.524144392783638,0.524144392783638,-0.000545617185338965,-0.000209357251453289,-0.000209357251453289,0,0,0,0,0,0,0,0,0,0,0,0,0,1,1360,0,0,0,0,0,0,8.97329836324623e-07,-1.50420641658851e-07,8.97329836324623e-07,0,0,1,0
1.36,0.523598775598299,0.524141370984058,-0.00301352163584519,2.71821815508407e-05,0.524141370984058,0.524141370984058,-0.000542595385758737,-0.000208208412046993,-0.000208208412046993,0,0,0,0,0,0,0,0,0,0,0,0,0,1,1361,0,0,0,0,0,0,8.96314043874469e-07,-1.51918922545362e-07,8.96314043874469e-07,0,0,1,0
1.361,0.523598775598299,0.524138365711048,-0.00299703946834802,2.70367660858789e-05,0.524138365711048,0.524138365711048,-0.000539590112749511,-0.000207065755754405,-0.000207065755754405,0,0,0,0,0,0,0,0,0,0,0,0,0,1,1362,0,0,0,0,0,0,8.95267538436606e-07,-1.53378861904654e-07,8.95267538436606e-07,0,0,1,0
1.362,0.523598775598299,0.524135376875957,-0.00298064571985318,2.68921141045246e-05,0.524135376875957,0.524135376875957,-0.000536601277658533,-0.000205929250411648,-0.000205929250411648,0,0,0,0,0,0,0,0,0,0,0,0,0,1,1363,0,0,0,0,0,0,8.94190762990021e-07,-1.54801053437814e-07,8.94190762990021e-07,0,0,1,0
1.363,0.523598775598299,0.524132404390598,-0.00296433992497476,2.67482212459172e-05,0.524132404390598,0.524132404390598,-0.000533628792299679,-0.000204798864023038,-0.000204798864023038,0,0,0,0,0,0,0,0,0,0,0,0,0,1,1364,0,0,0,0,0,0,8.9308416184597e-07,-1.5618609398426e-07,8.9308416184597e-07,0,0,1,0
1.364,0.523598775598299,0.52412944816725,-0.00294812162095559,2.6605083184622e-05,0.52412944816725,0.52412944816725,-0.000530672568951007,-0.000203674564759993,-0.000203674564759993,0,0,0,0,0,0,0,0,0,0,0,0,0,1,1365,0,0,0,0,0,0,8.91948180758995e-07,-1.57534583861314e-07,8.91948180758995e-07,0,0,1,0
1.365,0.523598775598299,0.524126508118651,-0.00293199034764649,2.64626956305634e-05,0.524126508118651,0.524126508118651,-0.000527732520351987,-0.000202556320959022,-0.000202556320959022,0,0,0,0,0,0,0,0,0,0,0,0,0,1,1366,0,0,0,0,0,0,8.90783266260797e-07,-1.58847125114516e-07,8.90783266260797e-07,0,0,1,0
1.366,0.523598775598299,0.524123584158,-0.00291594564748575,2.63210543290983e-05,0.524123584158,0.524123584158,-0.00052480855970094,-0.000201444101120305,-0.000201444101120305,0,0,0,0,0,0,0,0,0,0,0,0,0,1,1367,0,0,0,0,0,0,8.89589865660234e-07,-1.60124321576822e-07,8.89589865660234e-07,0,0,1,0
1.367,0.523598775598299,0.524120676198951,-0.00289998706547839,2.61801550609877e-05,0.524120676198951,0.524120676198951,-0.00052190060065227,-0.000200337873905658,-0.000200337873905658,0,0,0,0,0,0,0,0,0,0,0,0,0,1,1368,0,0,0,0,0,0,8.88368426155139e-07,-1.61366776540387e-07,8.88368426155139e-07,0,0,1,0
1.368,0.523598775598299,0.524117784155613,-0.00288411414917557,2.60399936425017e-05,0.524117784155613,0.524117784155613,-0.000519008557314238,-0.000199237608137979,-0.000199237608137979,0,0,0,0,0,0,0,0,0,0,0,0,0,1,1369,0,0,0,0,0,0,8.87119394832325e-07,-1.62575092844171e-07,8.87119394832325e-07,0,0,1,0
1.369,0.523598775598299,0.524114907942545,-0.00286832644865399,2.59005659251361e-05,0.524114907942545,0.524114907942545,-0.000516132344246412,-0.000198143272799771,-0.000198143272799771,0,0,0,0,0,0,0,0,0,0,0,0,0,1,1370,0,0,0,0,0,0,8.85843219000648e-07,-1.63749873854924e-07,8.85843219000648e-07,0,0,1,0
1.37,0.523598775598299,0.524112047474756,-0.00285262351649548,2.57618677953844e-05,0.524112047474756,0.524112047474756,-0.000513271876457,-0.000197054837031352,-0.000197054837031352,0,0,0,0,0,0,0,0,0,0,0,0,0,1,1371,0,0,0,0,0,0,8.84540345080786e-07,-1.64891720551546e-07,8.84540345080786e-07,0,0,1,0
1.371,0.523598775598299,0.524109202667699,-0.00283700490776666,2.56238951746492e-05,0.524109202667699,0.524109202667699,-0.000510427069400299,-0.00019597227012935,-0.00019597227012935,0,0,0,0,0,0,0,0,0,0,0,0,0,1,1372,0,0,0,0,0,0,8.83211218716262e-07,-1.66001231931669e-07,8.83211218716262e-07,0,0,1,0
1.372,0.523598775598299,0.524106373437273,-0.00282147017999867,2.54866440191483e-05,0.524106373437273,0.524106373437273,-0.00050759783897425,-0.00019489554154548,-0.00019489554154548,0,0,0,0,0,0,0,0,0,0,0,0,0,1,1373,0,0,0,0,0,0,8.81856284329352e-07,-1.67079003917043e-07,8.81856284329352e-07,0,0,1,0
1.373,0.523598775598299,0.524103559699817,-0.00280601889316697,2.53501103197326e-05,0.524103559699817,0.524103559699817,-0.000504784101518219,-0.000193824620885895,-0.000193824620885895,0,0,0,0,0,0,0,0,0,0,0,0,0,1,1374,0,0,0,0,0,0,8.8047598523211e-07,-1.68125629762495e-07,8.8047598523211e-07,0,0,1,0
1.374,0.523598775598299,0.524100761372109,-0.00279065060967139,2.52142901014672e-05,0.524100761372109,0.524100761372109,-0.000501985773810221,-0.000192759477909024,-0.000192759477909024,0,0,0,0,0,0,0,0,0,0,0,0,0,1,1375,0,0,0,0,0,0,8.79070762960232e-07,-1.691416983674e-07,8.79070762960232e-07,0,0,1,0
1.375,0.523598775598299,0.524097978371363,-0.00277536489431621,2.50791794235544e-05,0.524097978371363,0.524097978371363,-0.000499202773064589,-0.000191700082524589,-0.000191700082524589,0,0,0,0,0,0,0,0,0,0,0,0,0,1,1376,0,0,0,0,0,0,8.77641057162037e-07,-1.70127794102632e-07,8.77641057162037e-07,0,0,1,0
1.376,0.523598775598299,0.524095210615229,-0.00276016131429044,2.4944774379094e-05,0.524095210615229,0.524095210615229,-0.000496435016929975,-0.000190646404793498,-0.000190646404793498,0,0,0,0,0,0,0,0,0,0,0,0,0,1,1377,0,0,0,0,0,0,8.76187305598464e-07,-1.71084496932219e-07,8.76187305598464e-07,0,0,1,0
1.377,0.523598775598299,0.524092458021785,-0.00274503943914827,2.48110710944697e-05,0.524092458021785,0.524092458021785,-0.000493682423486352,-0.000189598414925015,-0.000189598414925015,0,0,0,0,0,0,0,0,0,0,0,0,0,1,1378,0,0,0,0,0,0,8.74709943810004e-07,-1.72012381632501e-07,8.74709943810004e-07,0,0,1,0
1.378,0.523598775598299,0.524089720509542,-0.00272999884078975,2.46780657293754e-05,0.524089720509542,0.524089720509542,-0.00049094491124313,-0.000188556083276918,-0.000188556083276918,0,0,0,0,0,0,0,0,0,0,0,0,0,1,1379,0,0,0,0,0,0,8.73209405227726e-07,-1.72912018220166e-07,8.73209405227726e-07,0,0,1,0
1.379,0.523598775598299,0.524086997997435,-0.00271503909344156,2.45457544762913e-05,0.524086997997435,0.524086997997435,-0.000488222399136595,-0.000187519380353829,-0.000187519380353829,0,0,0,0,0,0,0,0,0,0,0,0,0,1,1380,0,0,0,0,0,0,8.71686120174076e-07,-1.73783969379662e-07,8.71686120174076e-07,0,0,1,0
1.38,0.523598775598299,0.524084290404827,-0.00270015977363806,2.44141335602054e-05,0.524084290404827,0.524084290404827,-0.000485514806527698,-0.00018648827680642,-0.00018648827680642,0,0,0,0,0,0,0,0,0,0,0,0,0,1,1381,0,0,0,0,0,0,8.70140516529005e-07,-1.74628792402832e-07,8.70140516529005e-07,0,0,1,0
1.381,0.523598775598299,0.524081597651499,-0.00268536046020249,2.42831992382136e-05,0.524081597651499,0.524081597651499,-0.000482822053199716,-0.000185462743430302,-0.000185462743430302,0,0,0,0,0,0,0,0,0,0,0,0,0,1,1382,0,0,0,0,0,0,8.6857301928589e-07,-1.75447038112302e-07,8.6857301928589e-07,0,0,1,0
1.382,0.523598775598299,0.524078919657655,-0.00267064073422841,2.41529477991513e-05,0.524078919657655,0.524078919657655,-0.000480144059355814,-0.000184442751164585,-0.000184442751164585,0,0,0,0,0,0,0,0,0,0,0,0,0,1,1383,0,0,0,0,0,0,8.66984050218456e-07,-1.76239250095815e-07,8.66984050218456e-07,0,0,1,0
1.383,0.523598775598299,0.524076256343916,-0.0026560001790613,2.40233755633518e-05,0.524076256343916,0.524076256343916,-0.000477480745617154,-0.000183428271091928,-0.000183428271091928,0,0,0,0,0,0,0,0,0,0,0,0,0,1,1384,0,0,0,0,0,0,8.65374027880783e-07,-1.77005964843279e-07,8.65374027880783e-07,0,0,1,0
1.384,0.523598775598299,0.524073607631319,-0.00264143838028045,2.389447888202e-05,0.524073607631319,0.524073607631319,-0.000474832033020234,-0.000182419274436448,-0.000182419274436448,0,0,0,0,0,0,0,0,0,0,0,0,0,1,1385,0,0,0,0,0,0,8.63743367274239e-07,-1.77747710981965e-07,8.63743367274239e-07,0,0,1,0
1.385,0.523598775598299,0.524070973441314,-0.002626954925681,2.37662541370483e-05,0.524070973441314,0.524070973441314,-0.00047219784301511,-0.000181415732564016,-0.000181415732564016,0,0,0,0,0,0,0,0,0,0,0,0,0,1,1386,0,0,0,0,0,0,8.6209248051361e-07,-1.78465011203572e-07,8.6209248051361e-07,0,0,1,0
1.386,0.523598775598299,0.524068353695761,-0.00261254940525629,2.36386977403576e-05,0.524068353695761,0.524068353695761,-0.00046957809746262,-0.000180417616979831,-0.000180417616979831,0,0,0,0,0,0,0,0,0,0,0,0,0,1,1387,0,0,0,0,0,0,8.60421775383813e-07,-1.7915837849684e-07,8.60421775383813e-07,0,0,1,0
1.387,0.523598775598299,0.524065748316932,-0.0025982214111804,2.35118061338144e-05,0.524065748316932,0.524065748316932,-0.00046697271863283,-0.000179424899329264,-0.000179424899329264,0,0,0,0,0,0,0,0,0,0,0,0,0,1,1388,0,0,0,0,0,0,8.58731656450118e-07,-1.7982831928263e-07,8.58731656450118e-07,0,0,1,0
1.388,0.523598775598299,0.524063157227501,-0.00258397053779088,2.33855757884692e-05,0.524063157227501,0.524063157227501,-0.00046438162920226,-0.000178437551395382,-0.000178437551395382,0,0,0,0,0,0,0,0,0,0,0,0,0,1,1389,0,0,0,0,0,0,8.57022524058948e-07,-1.80475330843494e-07,8.57022524058948e-07,0,0,1,0
1.389,0.523598775598299,0.524060580350551,-0.00256979638157179,2.32600032044391e-05,0.524060580350551,0.524060580350551,-0.000461804752252215,-0.00017745554509945,-0.00017745554509945,0,0,0,0,0,0,0,0,0,0,0,0,0,1,1390,0,0,0,0,0,0,8.55294774781967e-07,-1.81099902654214e-07,8.55294774781967e-07,0,0,1,0
1.39,0.523598775598299,0.524058017609565,-0.00255569854113695,2.31350849102459e-05,0.524058017609565,0.524058017609565,-0.000459242011266348,-0.000176478852499298,-0.000176478852499298,0,0,0,0,0,0,0,0,0,0,0,0,0,1,1391,0,0,0,0,0,0,8.5354880130506e-07,-1.81702516207673e-07,8.5354880130506e-07,0,0,1,0
1.391,0.523598775598299,0.524055468928428,-0.00254167661721341,2.30108174625021e-05,0.524055468928428,0.524055468928428,-0.000456693330128877,-0.000175507445789477,-0.000175507445789477,0,0,0,0,0,0,0,0,0,0,0,0,0,1,1392,0,0,0,0,0,0,8.51784992317306e-07,-1.82283644832495e-07,8.51784992317306e-07,0,0,1,0
1.392,0.523598775598299,0.524052934231421,-0.00252773021262525,2.28871974452538e-05,0.524052934231421,0.524052934231421,-0.000454158633121815,-0.000174541297298678,-0.000174541297298678,0,0,0,0,0,0,0,0,0,0,0,0,0,1,1393,0,0,0,0,0,0,8.50003731733828e-07,-1.82843751722617e-07,8.50003731733828e-07,0,0,1,0
1.393,0.523598775598299,0.524050413443223,-0.00251385893227754,2.27642214699827e-05,0.524050413443223,0.524050413443223,-0.000451637844923747,-0.00017358037949134,-0.00017358037949134,0,0,0,0,0,0,0,0,0,0,0,0,0,1,1394,0,0,0,0,0,0,8.48205399806012e-07,-1.83383293066511e-07,8.48205399806012e-07,0,0,1,0
1.394,0.523598775598299,0.524047906488906,-0.00250006238314056,2.26418861746925e-05,0.524047906488906,0.524047906488906,-0.000449130890607052,-0.000172624664965018,-0.000172624664965018,0,0,0,0,0,0,0,0,0,0,0,0,0,1,1395,0,0,0,0,0,0,8.4639037223333e-07,-1.83902715750195e-07,8.4639037223333e-07,0,0,1,0
1.395,0.523598775598299,0.524045413293935,-0.00248634017423427,2.2520188223783e-05,0.524045413293935,0.524045413293935,-0.000446637695636243,-0.000171674126450738,-0.000171674126450738,0,0,0,0,0,0,0,0,0,0,0,0,0,1,1396,0,0,0,0,0,0,8.4455902027436e-07,-1.84402457785275e-07,8.4455902027436e-07,0,0,1,0
1.396,0.523598775598299,0.524042933784164,-0.00247269191661306,2.23991243074673e-05,0.524042933784164,0.524042933784164,-0.000444158185865628,-0.000170728736811526,-0.000170728736811526,0,0,0,0,0,0,0,0,0,0,0,0,0,1,1397,0,0,0,0,0,0,8.42711710746791e-07,-1.84882948420185e-07,8.42711710746791e-07,0,0,1,0
1.397,0.523598775598299,0.524040467885836,-0.00245911722335069,2.22786911414959e-05,0.524040467885836,0.524040467885836,-0.000441692287537543,-0.000169788469042402,-0.000169788469042402,0,0,0,0,0,0,0,0,0,0,0,0,0,1,1398,0,0,0,0,0,0,8.40848806249461e-07,-1.8534460884752e-07,8.40848806249461e-07,0,0,1,0
1.398,0.523598775598299,0.524038015525579,-0.00244561570952542,2.21588854666035e-05,0.524038015525579,0.524038015525579,-0.000439239927280344,-0.000168853296269766,-0.000168853296269766,0,0,0,0,0,0,0,0,0,0,0,0,0,1,1399,0,0,0,0,0,0,8.38970664718275e-07,-1.85787851110942e-07,8.38970664718275e-07,0,0,1,0
1.399,0.523598775598299,0.524035576630405,-0.00243218699220551,2.20397040479944e-05,0.524035576630405,0.524035576630405,-0.000436801032106193,-0.000167923191750134,-0.000167923191750134,0,0,0,0,0,0,0,0,0,0,0,0,0,1,1400,0,0,0,0,0,0,8.3707763953722e-07,-1.86213078509374e-07,8.3707763953722e-07,0,0,1,0
1.4,0.523598775598299,0.524033151127708,-0.00241883069043492,2.19211436750549e-05,0.524033151127708,0.524033151127708,-0.000434375529409281,-0.000166998128870077,-0.000166998128870077,0,0,0,0,0,0,0,0,0,0,0,0,0,1,1401,0,0,0,0,0,0,8.35170079649394e-07,-1.86620685999452e-07,8.35170079649394e-07,0,0,1,0
1.401,0.523598775598299,0.524030738945262,-0.00240554642521923,2.18032011608375e-05,0.524030738945262,0.524030738945262,-0.000431963346963604,-0.000166078081144916,-0.000166078081144916,0,0,0,0,0,0,0,0,0,0,0,0,0,1,1402,0,0,0,0,0,0,8.3324832900189e-07,-1.87011058795173e-07,8.3324832900189e-07,0,0,1,0
1.402,0.523598775598299,0.52402834001122,-0.00239233381951175,2.16858733417995e-05,0.52402834001122,0.52402834001122,-0.000429564412921524,-0.000165163022219499,-0.000165163022219499,0,0,0,0,0,0,0,0,0,0,0,0,0,1,1403,0,0,0,0,0,0,8.31312727656019e-07,-1.87384575460903e-07,8.31312727656019e-07,0,0,1,0
1.403,0.523598775598299,0.52402595425411,-0.00237919249819993,2.15691570770462e-05,0.52402595425411,0.52402595425411,-0.000427178655810878,-0.000164252925865051,-0.000164252925865051,0,0,0,0,0,0,0,0,0,0,0,0,0,1,1404,0,0,0,0,0,0,8.29363610233003e-07,-1.87741603799437e-07,8.29363610233003e-07,0,0,1,0
1.404,0.523598775598299,0.524023581602833,-0.00236612208809198,2.14530492485208e-05,0.524023581602833,0.524023581602833,-0.000424806004534317,-0.000163347765982006,-0.000163347765982006,0,0,0,0,0,0,0,0,0,0,0,0,0,1,1405,0,0,0,0,0,0,8.27401307468278e-07,-1.880825051437e-07,8.27401307468278e-07,0,0,1,0
1.405,0.523598775598299,0.524021221986665,-0.00235312221790366,2.13375467598842e-05,0.524021221986665,0.524021221986665,-0.000422446388366304,-0.000162447516596497,-0.000162447516596497,0,0,0,0,0,0,0,0,0,0,0,0,0,1,1406,0,0,0,0,0,0,8.25426144879238e-07,-1.88407630837537e-07,8.25426144879238e-07,0,0,1,0
1.406,0.523598775598299,0.524018875335251,-0.00234019251824541,2.12226465366057e-05,0.524018875335251,0.524018875335251,-0.000420099736951896,-0.00016155215186164,-0.00016155215186164,0,0,0,0,0,0,0,0,0,0,0,0,0,1,1407,0,0,0,0,0,0,8.23438443875446e-07,-1.88717325318318e-07,8.23438443875446e-07,0,0,1,0
1.407,0.523598775598299,0.524016541578603,-0.00232733262160965,2.11083455252869e-05,0.524016541578603,0.524016541578603,-0.000417765980304519,-0.000160661646056079,-0.000160661646056079,0,0,0,0,0,0,0,0,0,0,0,0,0,1,1408,0,0,0,0,0,0,8.2143852109251e-07,-1.89011924384488e-07,8.2143852109251e-07,0,0,1,0
1.408,0.523598775598299,0.524014220647103,-0.00231454216235827,2.09946406933857e-05,0.524014220647103,0.524014220647103,-0.000415445048803975,-0.000159775973583118,-0.000159775973583118,0,0,0,0,0,0,0,0,0,0,0,0,0,1,1409,0,0,0,0,0,0,8.19426688170033e-07,-1.89291754680142e-07,8.19426688170033e-07,0,0,1,0
1.409,0.523598775598299,0.524011912471494,-0.00230182077671038,2.08815290290062e-05,0.524011912471494,0.524011912471494,-0.000413136873194997,-0.000158895108971324,-0.000158895108971324,0,0,0,0,0,0,0,0,0,0,0,0,0,1,1410,0,0,0,0,0,0,8.1740325252877e-07,-1.89557135864943e-07,8.1740325252877e-07,0,0,1,0
1.41,0.523598775598299,0.524009616982884,-0.00228916810273017,2.07690075402676e-05,0.524009616982884,0.524009616982884,-0.000410841384585137,-0.0001580190268733,-0.0001580190268733,0,0,0,0,0,0,0,0,0,0,0,0,0,1,1411,0,0,0,0,0,0,8.15368516815518e-07,-1.89808379174846e-07,8.15368516815518e-07,0,0,1,0
1.411,0.523598775598299,0.524007334112742,-0.0022765837803151,2.06570732549998e-05,0.524007334112742,0.524007334112742,-0.00040855851444288,-0.000157147702065038,-0.000157147702065038,0,0,0,0,0,0,0,0,0,0,0,0,0,1,1412,0,0,0,0,0,0,8.13322779347203e-07,-1.90045788686275e-07,8.13322779347203e-07,0,0,1,0
1.412,0.523598775598299,0.524005063792895,-0.00226406745118425,2.05457232204615e-05,0.524005063792895,0.524005063792895,-0.000406288194595983,-0.000156281109445852,-0.000156281109445852,0,0,0,0,0,0,0,0,0,0,0,0,0,1,1413,0,0,0,0,0,0,8.11266333666794e-07,-1.90269660171644e-07,8.11266333666794e-07,0,0,1,0
1.413,0.523598775598299,0.524002805955528,-0.00225161875886682,2.04349545028952e-05,0.524002805955528,0.524002805955528,-0.000404030357229579,-0.000155419224037675,-0.000155419224037675,0,0,0,0,0,0,0,0,0,0,0,0,0,1,1414,0,0,0,0,0,0,8.09199468987387e-07,-1.90480282357569e-07,8.09199468987387e-07,0,0,1,0
1.414,0.523598775598299,0.524000560533183,-0.00223923734869095,2.03247641871843e-05,0.524000560533183,0.524000560533183,-0.000401784934884297,-0.000154562020984346,-0.000154562020984346,0,0,0,0,0,0,0,0,0,0,0,0,0,1,1415,0,0,0,0,0,0,8.07122469859145e-07,-1.90677936074421e-07,8.07122469859145e-07,0,0,1,0
1.415,0.523598775598299,0.523998327458753,-0.00222692286777256,2.0215149376587e-05,0.523998327458753,0.523998327458753,-0.000399551860454594,-0.000153709475551461,-0.000153709475551461,0,0,0,0,0,0,0,0,0,0,0,0,0,1,1416,0,0,0,0,0,0,8.05035616391336e-07,-1.90862894908152e-07,8.05035616391336e-07,0,0,1,0
1.416,0.523598775598299,0.523996106665486,-0.00221467496500452,2.01061071923369e-05,0.523996106665486,0.523996106665486,-0.000397331067186868,-0.000152861563125608,-0.000152861563125608,0,0,0,0,0,0,0,0,0,0,0,0,0,1,1417,0,0,0,0,0,0,8.02939184141316e-07,-1.91035424945392e-07,8.02939184141316e-07,0,0,1,0
1.417,0.523598775598299,0.523993898086977,-0.00220249329104595,1.99976347733672e-05,0.523993898086977,0.523993898086977,-0.00039512248867779,-0.000152018259214176,-0.000152018259214176,0,0,0,0,0,0,0,0,0,0,0,0,0,1,1418,0,0,0,0,0,0,8.00833444669635e-07,-1.91195786312373e-07,8.00833444669635e-07,0,0,1,0
1.418,0.523598775598299,0.523991701657171,-0.00219037749831166,1.98897292759303e-05,0.523991701657171,0.523991701657171,-0.000392926058872534,-0.000151179539444834,-0.000151179539444834,0,0,0,0,0,0,0,0,0,0,0,0,0,1,1419,0,0,0,0,0,0,7.9871866487391e-07,-1.91344231407781e-07,7.9871866487391e-07,0,0,1,0
1.419,0.523598775598299,0.523989517310362,-0.00217832724096185,1.97823878732626e-05,0.523989517310362,0.523989517310362,-0.000390741712062992,-0.000150345379564993,-0.000150345379564993,0,0,0,0,0,0,0,0,0,0,0,0,0,1,1420,0,0,0,0,0,0,7.96595107543929e-07,-1.91481006441463e-07,7.96595107543929e-07,0,0,1,0
1.42,0.523598775598299,0.523987344981185,-0.00216634217489197,1.9675607755289e-05,0.523987344981185,0.523987344981185,-0.000388569382886006,-0.000149515755441245,-0.000149515755441245,0,0,0,0,0,0,0,0,0,0,0,0,0,1,1421,0,0,0,0,0,0,7.94463031028592e-07,-1.9160635056283e-07,7.94463031028592e-07,0,0,1,0
1.421,0.523598775598299,0.52398518460462,-0.00215442195772272,1.95693861283625e-05,0.52398518460462,0.52398518460462,-0.000386409006321475,-0.000148690643058476,-0.000148690643058476,0,0,0,0,0,0,0,0,0,0,0,0,0,1,1422,0,0,0,0,0,0,7.92322689235903e-07,-1.9172049589458e-07,7.92322689235903e-07,0,0,1,0
1.422,0.523598775598299,0.52398303611599,-0.00214256624879016,1.94637202151318e-05,0.52398303611599,0.52398303611599,-0.000384260517691026,-0.000147870018520464,-0.000147870018520464,0,0,0,0,0,0,0,0,0,0,0,0,0,1,1423,0,0,0,0,0,0,7.90174332188087e-07,-1.91823669058711e-07,7.90174332188087e-07,0,0,1,0
1.423,0.523598775598299,0.523980899450955,-0.00213077470913602,1.93586072540216e-05,0.523980899450955,0.523980899450955,-0.000382123852656235,-0.000147053858049234,-0.000147053858049234,0,0,0,0,0,0,0,0,0,0,0,0,0,1,1424,0,0,0,0,0,0,7.88018205910568e-07,-1.91916090888557e-07,7.88018205910568e-07,0,0,1,0
1.424,0.523598775598299,0.523978774545515,-0.00211904700149825,1.92540444988719e-05,0.523978774545515,0.523978774545515,-0.000379998947216409,-0.000146242137983207,-0.000146242137983207,0,0,0,0,0,0,0,0,0,0,0,0,0,1,1425,0,0,0,0,0,0,7.85854551987875e-07,-1.91997975248527e-07,7.85854551987875e-07,0,0,1,0
1.425,0.523598775598299,0.523976661336006,-0.00210738279030159,1.91500292190634e-05,0.523976661336006,0.523976661336006,-0.000377885737707473,-0.00014543483477833,-0.00014543483477833,0,0,0,0,0,0,0,0,0,0,0,0,0,1,1426,0,0,0,0,0,0,7.83683608118757e-07,-1.92069530554804e-07,7.83683608118757e-07,0,0,1,0
1.426,0.523598775598299,0.523974559759099,-0.00209578174164834,1.9046558699e-05,0.523974559759099,0.523974559759099,-0.000375784160800197,-0.000144631925007368,-0.000144631925007368,0,0,0,0,0,0,0,0,0,0,0,0,0,1,1427,0,0,0,0,0,0,7.8150560789414e-07,-1.92130959187384e-07,7.8150560789414e-07,0,0,1,0
1.427,0.523598775598299,0.523972469751797,-0.00208424352330929,1.89436302377796e-05,0.523972469751797,0.523972469751797,-0.000373694153498194,-0.000143833385358582,-0.000143833385358582,0,0,0,0,0,0,0,0,0,0,0,0,0,1,1428,0,0,0,0,0,0,7.79320781130188e-07,-1.92182458396469e-07,7.79320781130188e-07,0,0,1,0
1.428,0.523598775598299,0.523970391251435,-0.00207276780471477,1.88412411491831e-05,0.523970391251435,0.523970391251435,-0.000371615653136592,-0.000143039192636185,-0.000143039192636185,0,0,0,0,0,0,0,0,0,0,0,0,0,1,1429,0,0,0,0,0,0,7.77129353646266e-07,-1.92224219709844e-07,7.77129353646266e-07,0,0,1,0
1.429,0.523598775598299,0.523968324195679,-0.0020613542569458,1.87393887612949e-05,0.523968324195679,0.523968324195679,-0.000369548597380143,-0.000142249323759279,-0.000142249323759279,0,0,0,0,0,0,0,0,0,0,0,0,0,1,1430,0,0,0,0,0,0,7.74931547264934e-07,-1.9225642893981e-07,7.74931547264934e-07,0,0,1,0
1.43,0.523598775598299,0.523966268522521,-0.0020500025527254,1.86380704163853e-05,0.523966268522521,0.523966268522521,-0.000367492924221891,-0.000141463755762259,-0.000141463755762259,0,0,0,0,0,0,0,0,0,0,0,0,0,1,1431,0,0,0,0,0,0,7.72727580256038e-07,-1.92279267384053e-07,7.72727580256038e-07,0,0,1,0
1.431,0.523598775598299,0.52396422417028,-0.00203871236641005,1.85372834704883e-05,0.52396422417028,0.52396422417028,-0.000365448571981397,-0.000140682465794001,-0.000140682465794001,0,0,0,0,0,0,0,0,0,0,0,0,0,1,1432,0,0,0,0,0,0,7.7051766722569e-07,-1.92292911519679e-07,7.7051766722569e-07,0,0,1,0
1.432,0.523598775598299,0.523962191077601,-0.00202748337398127,1.8437025293184e-05,0.523962191077601,0.523962191077601,-0.000363415479302631,-0.000139905431116135,-0.000139905431116135,0,0,0,0,0,0,0,0,0,0,0,0,0,1,1433,0,0,0,0,0,0,7.68302018783196e-07,-1.92297532100941e-07,7.68302018783196e-07,0,0,1,0
1.433,0.523598775598299,0.523960169183452,-0.00201631525303732,1.83372932678009e-05,0.523960169183452,0.523960169183452,-0.000361393585153191,-0.000139132629104891,-0.000139132629104891,0,0,0,0,0,0,0,0,0,0,0,0,0,1,1434,0,0,0,0,0,0,7.66080842096173e-07,-1.92293295658255e-07,7.66080842096173e-07,0,0,1,0
1.434,0.523598775598299,0.523958158427121,-0.00200520768278489,1.82380847907428e-05,0.523958158427121,0.523958158427121,-0.000359382828822197,-0.000138364037249315,-0.000138364037249315,0,0,0,0,0,0,0,0,0,0,0,0,0,1,1435,0,0,0,0,0,0,7.63854340890546e-07,-1.92280364482811e-07,7.63854340890546e-07,0,0,1,0
1.435,0.523598775598299,0.523956158748217,-0.00199416034403112,1.81393972714316e-05,0.523956158748217,0.523956158748217,-0.000357383149918511,-0.000137599633150381,-0.000137599633150381,0,0,0,0,0,0,0,0,0,0,0,0,0,1,1436,0,0,0,0,0,0,7.61622714895438e-07,-1.92258895121366e-07,7.61622714895438e-07,0,0,1,0
1.436,0.523598775598299,0.523954170086669,-0.00198317291917556,1.80412281323524e-05,0.523954170086669,0.523954170086669,-0.000355394488369742,-0.00013683939452217,-0.00013683939452217,0,0,0,0,0,0,0,0,0,0,0,0,0,1,1437,0,0,0,0,0,0,7.59386161064413e-07,-1.92229041661384e-07,7.59386161064413e-07,0,0,1,0
1.437,0.523598775598299,0.523952192382719,-0.00197224509220227,1.7943574808502e-05,0.523952192382719,0.523952192382719,-0.000353416784420024,-0.000136083299189731,-0.000136083299189731,0,0,0,0,0,0,0,0,0,0,0,0,0,1,1438,0,0,0,0,0,0,7.57144872243209e-07,-1.921909521137e-07,7.57144872243209e-07,0,0,1,0
1.438,0.523598775598299,0.523950225576928,-0.00196137654867206,1.7846434747531e-05,0.523950225576928,0.523950225576928,-0.000351449978628793,-0.000135331325089623,-0.000135331325089623,0,0,0,0,0,0,0,0,0,0,0,0,0,1,1439,0,0,0,0,0,0,7.54899038390988e-07,-1.92144771702209e-07,7.54899038390988e-07,0,0,1,0
1.439,0.523598775598299,0.523948269610168,-0.00195056697571475,1.77498054094603e-05,0.523948269610168,0.523948269610168,-0.000349494011869345,-0.000134583450269834,-0.000134583450269834,0,0,0,0,0,0,0,0,0,0,0,0,0,1,1440,0,0,0,0,0,0,7.52648846136239e-07,-1.92090641635786e-07,7.52648846136239e-07,0,0,1,0
1.44,0.523598775598299,0.523946324423626,-0.00193981606202163,1.76536842663388e-05,0.523946324423626,0.523946324423626,-0.000347548825326727,-0.000133839652887878,-0.000133839652887878,0,0,0,0,0,0,0,0,0,0,0,0,0,1,1441,0,0,0,0,0,0,7.50394478665761e-07,-1.92028698790835e-07,7.50394478665761e-07,0,0,1,0
1.441,0.523598775598299,0.523944389958796,-0.00192912349783793,1.75580688024441e-05,0.523944389958796,0.523944389958796,-0.000345614360496738,-0.000133099911211881,-0.000133099911211881,0,0,0,0,0,0,0,0,0,0,0,0,0,1,1442,0,0,0,0,0,0,7.48136116057729e-07,-1.91959076591554e-07,7.48136116057729e-07,0,0,1,0
1.442,0.523598775598299,0.523942466157483,-0.00191848897495539,1.7462956513872e-05,0.523942466157483,0.523942466157483,-0.000343690559184151,-0.000132364203619533,-0.000132364203619533,0,0,0,0,0,0,0,0,0,0,0,0,0,1,1443,0,0,0,0,0,0,7.45873935281693e-07,-1.91881904984125e-07,7.45873935281693e-07,0,0,1,0
1.443,0.523598775598299,0.5239405529618,-0.0019079121867049,1.73683449084268e-05,0.5239405529618,0.5239405529618,-0.00034177736350105,-0.000131632508597332,-0.000131632508597332,0,0,0,0,0,0,0,0,0,0,0,0,0,1,1444,0,0,0,0,0,0,7.43608110198579e-07,-1.91797310409832e-07,7.43608110198579e-07,0,0,1,0
1.444,0.523598775598299,0.523938650314164,-0.0018973928279493,1.72742315056102e-05,0.523938650314164,0.523938650314164,-0.000339874715865607,-0.000130904804741003,-0.000130904804741003,0,0,0,0,0,0,0,0,0,0,0,0,0,1,1445,0,0,0,0,0,0,7.4133881167171e-07,-1.91705416078061e-07,7.4133881167171e-07,0,0,1,0
1.445,0.523598775598299,0.523936758157299,-0.00188693059507613,1.71806138362962e-05,0.523936758157299,0.523936758157299,-0.000337982559000194,-0.000130181070754094,-0.000130181070754094,0,0,0,0,0,0,0,0,0,0,0,0,0,1,1446,0,0,0,0,0,0,7.39066207788852e-07,-1.91606342533337e-07,7.39066207788852e-07,0,0,1,0
1.446,0.523598775598299,0.523934876434229,-0.00187652518599058,1.70874894427953e-05,0.523934876434229,0.523934876434229,-0.000336100835930053,-0.000129461285448063,-0.000129461285448063,0,0,0,0,0,0,0,0,0,0,0,0,0,1,1447,0,0,0,0,0,0,7.3679046319608e-07,-1.91500205829202e-07,7.3679046319608e-07,0,0,1,0
1.447,0.523598775598299,0.523933005088281,-0.00186617630010839,1.69948558786864e-05,0.523933005088281,0.523933005088281,-0.000334229489981963,-0.000128745427742333,-0.000128745427742333,0,0,0,0,0,0,0,0,0,0,0,0,0,1,1448,0,0,0,0,0,0,7.34511740207999e-07,-1.91387120498281e-07,7.34511740207999e-07,0,0,1,0
1.448,0.523598775598299,0.523931144063081,-0.00185588363834891,1.69027107085167e-05,0.523931144063081,0.523931144063081,-0.00033236846478224,-0.000128033476662538,-0.000128033476662538,0,0,0,0,0,0,0,0,0,0,0,0,0,1,1449,0,0,0,0,0,0,7.32230198030592e-07,-1.91267197413255e-07,7.32230198030592e-07,0,0,1,0
1.449,0.523598775598299,0.523929293302555,-0.00184564690312821,1.68110515079988e-05,0.523929293302555,0.523929293302555,-0.000330517704255739,-0.000127325411341446,-0.000127325411341446,0,0,0,0,0,0,0,0,0,0,0,0,0,1,1450,0,0,0,0,0,0,7.29945993094283e-07,-1.91140544658999e-07,7.29945993094283e-07,0,0,1,0
1.45,0.523598775598299,0.523927452750923,-0.00183546579835218,1.67198758636632e-05,0.523927452750923,0.523927452750923,-0.000328677152624191,-0.000126621211018056,-0.000126621211018056,0,0,0,0,0,0,0,0,0,0,0,0,0,1,1451,0,0,0,0,0,0,7.27659279498027e-07,-1.91007268690829e-07,7.27659279498027e-07,0,0,1,0
1.451,0.523598775598299,0.523925622352703,-0.00182534002940983,1.66291813727569e-05,0.523925622352703,0.523925622352703,-0.00032684675440442,-0.000125920855036393,-0.000125920855036393,0,0,0,0,0,0,0,0,0,0,0,0,0,1,1452,0,0,0,0,0,0,7.25370208121134e-07,-1.90867471898956e-07,7.25370208121134e-07,0,0,1,0
1.452,0.523598775598299,0.523923802052706,-0.00181526930316651,1.65389656433942e-05,0.523923802052706,0.523923802052706,-0.000325026454407351,-0.000125224322846368,-0.000125224322846368,0,0,0,0,0,0,0,0,0,0,0,0,0,1,1453,0,0,0,0,0,0,7.23078927622467e-07,-1.90721255277355e-07,7.23078927622467e-07,0,0,1,0
1.453,0.523598775598299,0.523921991796035,-0.00180525332795723,1.64492262942031e-05,0.523921991796035,0.523921991796035,-0.000323216197736231,-0.000124531594002531,-0.000124531594002531,0,0,0,0,0,0,0,0,0,0,0,0,0,1,1454,0,0,0,0,0,0,7.20785584107375e-07,-1.90568717476172e-07,7.20785584107375e-07,0,0,1,0
1.454,0.523598775598299,0.523920191528084,-0.00179529181358005,1.63599609543368e-05,0.523920191528084,0.523920191528084,-0.000321415929785296,-0.000123842648163994,-0.000123842648163994,0,0,0,0,0,0,0,0,0,0,0,0,0,1,1455,0,0,0,0,0,0,7.18490321127696e-07,-1.90409954763235e-07,7.18490321127696e-07,0,0,1,0
1.455,0.523598775598299,0.523918401194537,-0.00178538447128957,1.62711672633359e-05,0.523918401194537,0.523918401194537,-0.000319625596238104,-0.00012315746509345,-0.00012315746509345,0,0,0,0,0,0,0,0,0,0,0,0,0,1,1456,0,0,0,0,0,0,7.16193279348687e-07,-1.90245060090665e-07,7.16193279348687e-07,0,0,1,0
1.456,0.523598775598299,0.523916620741365,-0.00177553101379033,1.61828428711903e-05,0.523916620741365,0.523916620741365,-0.000317845143066431,-0.000122476024657663,-0.000122476024657663,0,0,0,0,0,0,0,0,0,0,0,0,0,1,1457,0,0,0,0,0,0,7.13894597659248e-07,-1.90074126055076e-07,7.13894597659248e-07,0,0,1,0
1.457,0.523598775598299,0.523914850114827,-0.00176573115523039,1.60949854380555e-05,0.523914850114827,0.523914850114827,-0.000316074516528486,-0.000121798306826139,-0.000121798306826139,0,0,0,0,0,0,0,0,0,0,0,0,0,1,1458,0,0,0,0,0,0,7.11594412172722e-07,-1.89897242145647e-07,7.11594412172722e-07,0,0,1,0
1.458,0.523598775598299,0.523913089261467,-0.0017559846111949,1.60075926343351e-05,0.523913089261467,0.523913089261467,-0.000314313663167809,-0.000121124291671593,-0.000121124291671593,0,0,0,0,0,0,0,0,0,0,0,0,0,1,1459,0,0,0,0,0,0,7.09292857004051e-07,-1.89714496807904e-07,7.09292857004051e-07,0,0,1,0
1.459,0.523598775598299,0.52391133812811,-0.00174629109869974,1.59206621404238e-05,0.52391133812811,0.52391133812811,-0.000312562529811267,-0.000120453959367979,-0.000120453959367979,0,0,0,0,0,0,0,0,0,0,0,0,0,1,1460,0,0,0,0,0,0,7.06990063714663e-07,-1.8952597589765e-07,7.06990063714663e-07,0,0,1,0
1.46,0.523598775598299,0.523909596661867,-0.00173665033618516,1.58341916470093e-05,0.523909596661867,0.523909596661867,-0.000310821063568389,-0.000119787290192124,-0.000119787290192124,0,0,0,0,0,0,0,0,0,0,0,0,0,1,1461,0,0,0,0,0,0,7.04686161756563e-07,-1.8933176384084e-07,7.04686161756563e-07,0,0,1,0
1.461,0.523598775598299,0.523907864810128,-0.00172706204350945,1.57481788545812e-05,0.523907864810128,0.523907864810128,-0.000309089211829372,-0.000119124264521721,-0.000119124264521721,0,0,0,0,0,0,0,0,0,0,0,0,0,1,1462,0,0,0,0,0,0,7.02381278361308e-07,-1.89131943287941e-07,7.02381278361308e-07,0,0,1,0
1.462,0.523598775598299,0.523906142520563,-0.00171752594194273,1.56626214736041e-05,0.523906142520563,0.523906142520563,-0.000307366922263741,-0.000118464862835128,-0.000118464862835128,0,0,0,0,0,0,0,0,0,0,0,0,0,1,1463,0,0,0,0,0,0,7.0007553842899e-07,-1.88926594774357e-07,7.0007553842899e-07,0,0,1,0
1.463,0.523598775598299,0.523904429741118,-0.00170804175416068,1.55775172245311e-05,0.523904429741118,0.523904429741118,-0.000305654142819245,-0.000117809065711732,-0.000117809065711732,0,0,0,0,0,0,0,0,0,0,0,0,0,1,1464,0,0,0,0,0,0,6.97769065194365e-07,-1.88715798470551e-07,6.97769065194365e-07,0,0,1,0
1.464,0.523598775598299,0.523902726420019,-0.00169860920423833,1.54928638375364e-05,0.523902726420019,0.523902726420019,-0.0003039508217203,-0.000117156853831104,-0.000117156853831104,0,0,0,0,0,0,0,0,0,0,0,0,0,1,1465,0,0,0,0,0,0,6.95461979671741e-07,-1.884996326325e-07,6.95461979671741e-07,0,0,1,0
1.465,0.523598775598299,0.523901032505765,-0.00168922801764396,1.54086590524638e-05,0.523901032505765,0.523901032505765,-0.000302256907466325,-0.000116508207971832,-0.000116508207971832,0,0,0,0,0,0,0,0,0,0,0,0,0,1,1466,0,0,0,0,0,0,6.9315440054396e-07,-1.88278173263428e-07,6.9315440054396e-07,0,0,1,0
1.466,0.523598775598299,0.523899347947129,-0.00167989792123295,1.53249006190081e-05,0.523899347947129,0.523899347947129,-0.000300572348830519,-0.000115863109011552,-0.000115863109011552,0,0,0,0,0,0,0,0,0,0,0,0,0,1,1467,0,0,0,0,0,0,6.90846444717508e-07,-1.88051495571512e-07,6.90846444717508e-07,0,0,1,0
1.467,0.523598775598299,0.523897672693158,-0.00167061864324163,1.52415862966629e-05,0.523897672693158,0.523897672693158,-0.000298897094858863,-0.000115221537927544,-0.000115221537927544,0,0,0,0,0,0,0,0,0,0,0,0,0,1,1468,0,0,0,0,0,0,6.88538227211488e-07,-1.87819673619686e-07,6.88538227211488e-07,0,0,1,0
1.468,0.523598775598299,0.523896006693167,-0.00166138991328121,1.51587138543419e-05,0.523896006693167,0.523896006693167,-0.000297231094868344,-0.000114583475795214,-0.000114583475795214,0,0,0,0,0,0,0,0,0,0,0,0,0,1,1469,0,0,0,0,0,0,6.8622986126865e-07,-1.87582780575659e-07,6.8622986126865e-07,0,0,1,0
1.469,0.523598775598299,0.523894349896744,-0.00165221146233181,1.50762810704755e-05,0.523894349896744,0.523894349896744,-0.0002955742984454,-0.000113948903787171,-0.000113948903787171,0,0,0,0,0,0,0,0,0,0,0,0,0,1,1470,0,0,0,0,0,0,6.83921457911296e-07,-1.87340887469528e-07,6.83921457911296e-07,0,0,1,0
1.47,0.523598775598299,0.523892702253744,-0.00164308302273642,1.49942857332111e-05,0.523892702253744,0.523892702253744,-0.00029392665544492,-0.000113317803173781,-0.000113317803173781,0,0,0,0,0,0,0,0,0,0,0,0,0,1,1471,0,0,0,0,0,0,6.81613126496394e-07,-1.87094064652352e-07,6.81613126496394e-07,0,0,1,0
1.471,0.523598775598299,0.523891063714288,-0.00163400432819485,1.4912725640206e-05,0.523891063714288,0.523891063714288,-0.000292288115989026,-0.0001126901553231,-0.0001126901553231,0,0,0,0,0,0,0,0,0,0,0,0,0,1,1472,0,0,0,0,0,0,6.79304974937622e-07,-1.86842382340641e-07,6.79304974937622e-07,0,0,1,0
1.472,0.523598775598299,0.523889434228764,-0.00162497511375784,1.48315985983698e-05,0.523889434228764,0.523889434228764,-0.000290658630465068,-0.000112065941698698,-0.000112065941698698,0,0,0,0,0,0,0,0,0,0,0,0,0,1,1473,0,0,0,0,0,0,6.76997108706168e-07,-1.86585907874736e-07,6.76997108706168e-07,0,0,1,0
1.473,0.523598775598299,0.523887813747824,-0.00161599511582106,1.47509024242457e-05,0.523887813747824,0.523887813747824,-0.000289038149524856,-0.000111445143860766,-0.000111445143860766,0,0,0,0,0,0,0,0,0,0,0,0,0,1,1474,0,0,0,0,0,0,6.74689632051972e-07,-1.86324708977155e-07,6.74689632051972e-07,0,0,1,0
1.474,0.523598775598299,0.523886202222382,-0.00160706407211923,1.46706349437428e-05,0.523886202222382,0.523886202222382,-0.00028742662408332,-0.000110827743465703,-0.000110827743465703,0,0,0,0,0,0,0,0,0,0,0,0,0,1,1475,0,0,0,0,0,0,6.72382647448622e-07,-1.86058852199374e-07,6.72382647448622e-07,0,0,1,0
1.475,0.523598775598299,0.523884599603615,-0.00159818172172019,1.45907939919521e-05,0.523884599603615,0.523884599603615,-0.000285824005316626,-0.000110213722264188,-0.000110213722264188,0,0,0,0,0,0,0,0,0,0,0,0,0,1,1476,0,0,0,0,0,0,6.70076255593344e-07,-1.85788402878775e-07,6.70076255593344e-07,0,0,1,0
1.476,0.523598775598299,0.52388300584296,-0.00158934780501906,1.45113774134961e-05,0.52388300584296,0.52388300584296,-0.00028423024466151,-0.000109603062102542,-0.000109603062102542,0,0,0,0,0,0,0,0,0,0,0,0,0,1,1477,0,0,0,0,0,0,6.67770555518032e-07,-1.85513425395175e-07,6.67770555518032e-07,0,0,1,0
1.477,0.523598775598299,0.523881420892112,-0.00158056206373236,1.44323830621622e-05,0.523881420892112,0.523881420892112,-0.000282645293813388,-0.00010899574492077,-0.00010899574492077,0,0,0,0,0,0,0,0,0,0,0,0,0,1,1478,0,0,0,0,0,0,6.65465644811292e-07,-1.852339837242e-07,6.65465644811292e-07,0,0,1,0
1.478,0.523598775598299,0.523879844703024,-0.00157182424089216,1.43538088011509e-05,0.523879844703024,0.523879844703024,-0.000281069104725473,-0.000108391752753286,-0.000108391752753286,0,0,0,0,0,0,0,0,0,0,0,0,0,1,1479,0,0,0,0,0,0,6.63161619507413e-07,-1.84950141088607e-07,6.63161619507413e-07,0,0,1,0
1.479,0.523598775598299,0.523878277227906,-0.00156313408084024,1.42756525028479e-05,0.523878277227906,0.523878277227906,-0.000279501629607437,-0.000107791067728422,-0.000107791067728422,0,0,0,0,0,0,0,0,0,0,0,0,0,1,1480,0,0,0,0,0,0,6.60858574197398e-07,-1.8466196021155e-07,6.60858574197398e-07,0,0,1,0
1.48,0.523598775598299,0.523876718419222,-0.00155449132922236,1.41979120486936e-05,0.523876718419222,0.523876718419222,-0.000277942820923638,-0.000107193672066727,-0.000107193672066727,0,0,0,0,0,0,0,0,0,0,0,0,0,1,1481,0,0,0,0,0,0,6.5855660158487e-07,-1.84369502074524e-07,6.5855660158487e-07,0,0,1,0
1.481,0.523598775598299,0.523875168229691,-0.00154589573298244,1.41205853294972e-05,0.523875168229691,0.523875168229691,-0.00027639263139223,-0.000106599548081649,-0.000106599548081649,0,0,0,0,0,0,0,0,0,0,0,0,0,1,1482,0,0,0,0,0,0,6.56255793041183e-07,-1.84072827378754e-07,6.56255793041183e-07,0,0,1,0
1.482,0.523598775598299,0.523873626612283,-0.00153734704035678,1.40436702452646e-05,0.523873626612283,0.523873626612283,-0.000274851013983946,-0.000106008678179297,-0.000106008678179297,0,0,0,0,0,0,0,0,0,0,0,0,0,1,1483,0,0,0,0,0,0,6.53956238716447e-07,-1.83771996795112e-07,6.53956238716447e-07,0,0,1,0
1.483,0.523598775598299,0.523872093520219,-0.00152884500086829,1.39671647050215e-05,0.523872093520219,0.523872093520219,-0.000273317921920424,-0.000105421044856994,-0.000105421044856994,0,0,0,0,0,0,0,0,0,0,0,0,0,1,1484,0,0,0,0,0,0,6.51658027095436e-07,-1.83467069716733e-07,6.51658027095436e-07,0,0,1,0
1.484,0.523598775598299,0.523870568906972,-0.00152038936532082,1.38910666270191e-05,0.523870568906972,0.523870568906972,-0.000271793308673218,-0.000104836630703613,-0.000104836630703613,0,0,0,0,0,0,0,0,0,0,0,0,0,1,1485,0,0,0,0,0,0,6.4936124533066e-07,-1.83158105120746e-07,6.4936124533066e-07,0,0,1,0
1.485,0.523598775598299,0.523869052726261,-0.00151197988579335,1.38153739386079e-05,0.523869052726261,0.523869052726261,-0.00027027712796257,-0.000104255418399296,-0.000104255418399296,0,0,0,0,0,0,0,0,0,0,0,0,0,1,1486,0,0,0,0,0,0,6.47065979353378e-07,-1.82845161819916e-07,6.47065979353378e-07,0,0,1,0
1.486,0.523598775598299,0.523867544932055,-0.00150361631563434,1.37400845761046e-05,0.523867544932055,0.523867544932055,-0.000268769333755747,-0.000103677390713958,-0.000103677390713958,0,0,0,0,0,0,0,0,0,0,0,0,0,1,1487,0,0,0,0,0,0,6.44772313318498e-07,-1.82528296923832e-07,6.44772313318498e-07,0,0,1,0
1.487,0.523598775598299,0.523866045478565,-0.00149529840945607,1.3665196485039e-05,0.523866045478565,0.523866045478565,-0.000267269880266263,-0.000103102530508181,-0.000103102530508181,0,0,0,0,0,0,0,0,0,0,0,0,0,1,1488,0,0,0,0,0,0,6.42480330492745e-07,-1.82207568197486e-07,6.42480330492745e-07,0,0,1,0
1.488,0.523598775598299,0.523864554320251,-0.00148702592312887,1.35907076198794e-05,0.523864554320251,0.523864554320251,-0.000265778721952437,-0.000102530820732289,-0.000102530820732289,0,0,0,0,0,0,0,0,0,0,0,0,0,1,1489,0,0,0,0,0,0,6.40190112810579e-07,-1.81883032810424e-07,6.40190112810579e-07,0,0,1,0
1.489,0.523598775598299,0.523863071411815,-0.00147879861377561,1.35166159440129e-05,0.523863071411815,0.523863071411815,-0.000264295813515725,-0.000101962244424808,-0.000101962244424808,0,0,0,0,0,0,0,0,0,0,0,0,0,1,1490,0,0,0,0,0,0,6.37901740541125e-07,-1.81554746400648e-07,6.37901740541125e-07,0,0,1,0
1.49,0.523598775598299,0.523861596708199,-0.00147061623976593,1.34429194300788e-05,0.523861596708199,0.523861596708199,-0.00026282110990028,-0.000101396784714218,-0.000101396784714218,0,0,0,0,0,0,0,0,0,0,0,0,0,1,1491,0,0,0,0,0,0,6.35615293287373e-07,-1.81222765733517e-07,6.35615293287373e-07,0,0,1,0
1.491,0.523598775598299,0.52386013016459,-0.00146247856071064,1.33696160594736e-05,0.52386013016459,0.52386013016459,-0.00026135456629095,-0.00010083442481648,-0.00010083442481648,0,0,0,0,0,0,0,0,0,0,0,0,0,1,1492,0,0,0,0,0,0,6.33330848764935e-07,-1.8088714535654e-07,6.33330848764935e-07,0,0,1,0
1.492,0.523598775598299,0.523858671736411,-0.00145438533745614,1.32967038226887e-05,0.523858671736411,0.523858671736411,-0.000259896138112392,-0.000100275148035562,-0.000100275148035562,0,0,0,0,0,0,0,0,0,0,0,0,0,1,1493,0,0,0,0,0,0,6.31048483801244e-07,-1.80547940267718e-07,6.31048483801244e-07,0,0,1,0
1.493,0.523598775598299,0.523857221379327,-0.00144633633207871,1.32241807192092e-05,0.523857221379327,0.523857221379327,-0.000258445781028072,-9.97189377636374e-05,-9.97189377636374e-05,0,0,0,0,0,0,0,0,0,0,0,0,0,1,1494,0,0,0,0,0,0,6.28768274335556e-07,-1.80205205864144e-07,6.28768274335556e-07,0,0,1,0
1.494,0.523598775598299,0.523855779049237,-0.00143833130787903,1.31520447572453e-05,0.523855779049237,0.523855779049237,-0.000257003450938376,-9.91657774788738e-05,-9.91657774788738e-05,0,0,0,0,0,0,0,0,0,0,0,0,0,1,1495,0,0,0,0,0,0,6.26490294530768e-07,-1.79858995504067e-07,6.26490294530768e-07,0,0,1,0
1.495,0.523598775598299,0.523854344702279,-0.00143037002937657,1.30802939541275e-05,0.523854344702279,0.523854344702279,-0.000255569103980058,-9.86156507468156e-05,-9.86156507468156e-05,0,0,0,0,0,0,0,0,0,0,0,0,0,1,1496,0,0,0,0,0,0,6.24214617772623e-07,-1.79509363174794e-07,6.24214617772623e-07,0,0,1,0
1.496,0.523598775598299,0.523852918294823,-0.00142245226230396,1.30089263359702e-05,0.523852918294823,0.523852918294823,-0.000254142696524684,-9.80685412190399e-05,-9.80685412190399e-05,0,0,0,0,0,0,0,0,0,0,0,0,0,1,1497,0,0,0,0,0,0,6.21941316336638e-07,-1.79156362545632e-07,6.21941316336638e-07,0,0,1,0
1.497,0.523598775598299,0.523851499783476,-0.00141457777360154,1.29379399377487e-05,0.523851499783476,0.523851499783476,-0.000252724185177411,-9.75244326327064e-05,-9.75244326327064e-05,0,0,0,0,0,0,0,0,0,0,0,0,0,1,1498,0,0,0,0,0,0,6.19670461055044e-07,-1.78800046032879e-07,6.19670461055044e-07,0,0,1,0
1.498,0.523598775598299,0.523850089125075,-0.00140674633141176,1.286733280335e-05,0.523850089125075,0.523850089125075,-0.000251313526775765,-9.69833088100948e-05,-9.69833088100948e-05,0,0,0,0,0,0,0,0,0,0,0,0,0,1,1499,0,0,0,0,0,0,6.17402121649846e-07,-1.7844046566913e-07,6.17402121649846e-07,0,0,1,0
1.499,0.523598775598299,0.523848686276688,-0.0013989577050736,1.27971029856091e-05,0.523848686276688,0.523848686276688,-0.000249910678388976,-9.64451536596204e-05,-9.64451536596204e-05,0,0,0,0,0,0,0,0,0,0,0,0,0,1,1500,0,0,0,0,0,0,6.15136367509983e-07,-1.78077675155029e-07,6.15136367509983e-07,0,0,1,0
1.5,0.523598775598299,0.523847291195615,-0.00139121166511719,1.27272485458689e-05,0.523847291195615,0.523847291195615,-0.000248515597315757,-9.59099511726389e-05,-9.59099511726389e-05,0,0,0,0,0,0,0,0,0,0,0,0,0,1,1501,0,0,0,0,0,0,6.12873266137015e-07,-1.77711725617429e-07,6.12873266137015e-07,0,0,1,0
