modelName,regime,runName,runIndex,seed,horizonSamples,horizonSeconds,forecastCount,truthRMSE,measurementRMSE,posteriorTruthRMSE,peakAbsoluteError,catastrophicForecastCount,catastrophicFraction,nonfiniteForecastCount
Nominal physics,nominal,nominal_seed_130101,1,130101,1,0.001,128,0.000128273009658633,0.00048983988334491,0.000128273009658633,0.000680173461888756,0,0,0
Nominal physics,nominal,nominal_seed_130101,1,130101,20,0.02,128,9.78314106957545e-05,0.000448633034325196,9.78314106957545e-05,0.000512705405313452,0,0,0
Nominal physics,nominal,nominal_seed_130101,1,130101,50,0.05,128,0.000102942665874295,0.000463245279661486,0.000102942665874295,0.000529137262289148,0,0,0
Nominal physics,nominal,nominal_seed_130101,1,130101,100,0.1,128,0.000104917982626972,0.000459918135700826,0.000104917982626972,0.000535408054856856,0,0,0
Nominal physics,nominal,nominal_seed_130101,1,130101,250,0.25,128,0.000105238722141315,0.000474635980543014,0.000105238722141315,0.000536421394284836,0,0,0
Persistent innovation,nominal,nominal_seed_130101,1,130101,1,0.001,128,0.000194345039971053,0.000512702359851772,0.000125855894659851,0.000988846596700343,0,0,0
Persistent innovation,nominal,nominal_seed_130101,1,130101,20,0.02,128,0.000263804388639331,0.000510813788912973,0.000128205925373445,0.000982268701677169,0,0,0
Persistent innovation,nominal,nominal_seed_130101,1,130101,50,0.05,128,0.000473366355155252,0.000652596576918203,0.00032826860714248,0.0015201586951844,0,0,0
Persistent innovation,nominal,nominal_seed_130101,1,130101,100,0.1,128,0.000837793256303876,0.000968160826824204,0.000690787179644077,0.00290673417680265,0,0,0
Persistent innovation,nominal,nominal_seed_130101,1,130101,250,0.25,128,0.00194548870742622,0.00194178476134792,0.00179788861637139,0.00711212105264869,0,0,0
Linear hybrid,nominal,nominal_seed_130101,1,130101,1,0.001,128,0.000243993222369997,0.000542902172621159,0.000177948295571716,0.000789729584276588,0,0,0
Linear hybrid,nominal,nominal_seed_130101,1,130101,20,0.02,128,0.000751238458673779,0.000924626713253104,0.000167690115050054,0.00206019334187896,0,0,0
Linear hybrid,nominal,nominal_seed_130101,1,130101,50,0.05,128,0.00265790055881393,0.0026896319619482,0.00109056798847068,0.00673230447938244,0,0,0
Linear hybrid,nominal,nominal_seed_130101,1,130101,100,0.1,128,0.00856897045976884,0.00866522352475417,0.00566130033491389,0.0188172923504284,0,0,0
Linear hybrid,nominal,nominal_seed_130101,1,130101,250,0.25,128,0.038926213629089,0.0389932488666392,0.0344195196404146,0.0894526389890691,0,0,0
EDMD hybrid,nominal,nominal_seed_130101,1,130101,1,0.001,128,0.000243856531190248,0.000543028121252264,0.000177913659818195,0.000784539824447594,0,0,0
EDMD hybrid,nominal,nominal_seed_130101,1,130101,20,0.02,128,0.00075550519150756,0.000929706705157352,0.000168034468136722,0.00224372477637058,0,0,0
EDMD hybrid,nominal,nominal_seed_130101,1,130101,50,0.05,128,0.00268252207464474,0.00271733260115756,0.00109778033378693,0.00743780068036057,0,0,0
EDMD hybrid,nominal,nominal_seed_130101,1,130101,100,0.1,128,0.008656170649232,0.00875095667318401,0.00571717852479413,0.0206201359828827,0,0,0
EDMD hybrid,nominal,nominal_seed_130101,1,130101,250,0.25,128,0.0393947426335303,0.0394656164290251,0.0348179867821303,0.0909251044525011,0,0,0
Nominal physics,nominal,nominal_seed_130102,2,130102,1,0.001,128,0.000148716440489802,0.000507730548625276,0.000148716440489802,0.000546163863918925,0,0,0
Nominal physics,nominal,nominal_seed_130102,2,130102,20,0.02,128,0.000117652436964497,0.00046872113543544,0.000117652436964497,0.00049338859531467,0,0,0
Nominal physics,nominal,nominal_seed_130102,2,130102,50,0.05,128,0.000123300346117669,0.000472533697060351,0.000123300346117669,0.000507851166831719,0,0,0
Nominal physics,nominal,nominal_seed_130102,2,130102,100,0.1,128,0.000125489159097795,0.000494110826715338,0.000125489159097795,0.000513345965795164,0,0,0
Nominal physics,nominal,nominal_seed_130102,2,130102,250,0.25,128,0.000125844853614465,0.000471475669280832,0.000125844853614465,0.000514233944421127,0,0,0
Persistent innovation,nominal,nominal_seed_130102,2,130102,1,0.001,128,0.000221424889936307,0.000541580963799915,0.000144946823084425,0.000752225620534896,0,0,0
Persistent innovation,nominal,nominal_seed_130102,2,130102,20,0.02,128,0.000289183192601449,0.000499971629529342,0.000147572603320708,0.0010633713639836,0,0,0
Persistent innovation,nominal,nominal_seed_130102,2,130102,50,0.05,128,0.000514094738700694,0.000708360883652592,0.000358377597247546,0.00199933938121077,0,0,0
Persistent innovation,nominal,nominal_seed_130102,2,130102,100,0.1,128,0.000907251896903728,0.00106537656583781,0.000748550362508722,0.00360532394937296,0,0,0
Persistent innovation,nominal,nominal_seed_130102,2,130102,250,0.25,128,0.00210480598040732,0.00214736441034543,0.00194516734218494,0.00846189431492206,0,0,0
Linear hybrid,nominal,nominal_seed_130102,2,130102,1,0.001,128,0.000261782127053145,0.000540265439403357,0.000201374956938039,0.00081251918135386,0,0,0
Linear hybrid,nominal,nominal_seed_130102,2,130102,20,0.02,128,0.000925262852152747,0.00101957204906263,0.000169857576709484,0.00303662776661744,0,0,0
Linear hybrid,nominal,nominal_seed_130102,2,130102,50,0.05,128,0.00310845104349541,0.00318019282203943,0.00133517607208532,0.00892033191398727,0,0,0
Linear hybrid,nominal,nominal_seed_130102,2,130102,100,0.1,128,0.0095689220914013,0.00955728618302123,0.00642898938398689,0.0237147395940969,0,0,0
Linear hybrid,nominal,nominal_seed_130102,2,130102,250,0.25,128,0.0414643556275222,0.0414626328051971,0.0367786130366988,0.0920302323370716,0,0,0
EDMD hybrid,nominal,nominal_seed_130102,2,130102,1,0.001,128,0.000262824893370787,0.000540113356886398,0.000201549208332365,0.000825130957166964,0,0,0
EDMD hybrid,nominal,nominal_seed_130102,2,130102,20,0.02,128,0.000936710293634936,0.00103225994403469,0.000170168008756688,0.00323831059382093,0,0,0
EDMD hybrid,nominal,nominal_seed_130102,2,130102,50,0.05,128,0.00315187694267404,0.00322757678808661,0.00135307372256692,0.00969534701490521,0,0,0
EDMD hybrid,nominal,nominal_seed_130102,2,130102,100,0.1,128,0.00968143979706975,0.00966657200809628,0.00651307089912445,0.0260422134882659,0,0,0
EDMD hybrid,nominal,nominal_seed_130102,2,130102,250,0.25,128,0.0415265446261995,0.0415253413632863,0.0368965580734187,0.0951926145049365,0,0,0
Nominal physics,nominal,nominal_seed_130103,3,130103,1,0.001,128,0.000123377305983527,0.000468168420037491,0.000123377305983527,0.000482541224059219,0,0,0
Nominal physics,nominal,nominal_seed_130103,3,130103,20,0.02,128,9.06659729888426e-05,0.000457257736974611,9.06659729888426e-05,0.000303426928164815,0,0,0
Nominal physics,nominal,nominal_seed_130103,3,130103,50,0.05,128,9.45977777044686e-05,0.000411900578616653,9.45977777044686e-05,0.000319460204932495,0,0,0
Nominal physics,nominal,nominal_seed_130103,3,130103,100,0.1,128,9.61394505503432e-05,0.000460265519146995,9.61394505503432e-05,0.000325546692123729,0,0,0
Nominal physics,nominal,nominal_seed_130103,3,130103,250,0.25,128,9.63909351467235e-05,0.000435018901773172,9.63909351467235e-05,0.000326530289267352,0,0,0
Persistent innovation,nominal,nominal_seed_130103,3,130103,1,0.001,128,0.000146251228062785,0.000474504587653452,0.000127251990380991,0.000420548382041065,0,0,0
Persistent innovation,nominal,nominal_seed_130103,3,130103,20,0.02,128,0.000208631643135325,0.000474477621575091,0.000110197187122146,0.000607652349103063,0,0,0
Persistent innovation,nominal,nominal_seed_130103,3,130103,50,0.05,128,0.000369683080393997,0.000530356080339412,0.000258313973059182,0.00110008776337303,0,0,0
Persistent innovation,nominal,nominal_seed_130103,3,130103,100,0.1,128,0.000652372594919308,0.00076745044739189,0.000538237096266392,0.00206542099434542,0,0,0
Persistent innovation,nominal,nominal_seed_130103,3,130103,250,0.25,128,0.00151476505673666,0.00158450733571512,0.00139976647475295,0.00498698158198249,0,0,0
Linear hybrid,nominal,nominal_seed_130103,3,130103,1,0.001,128,0.00024488442522938,0.000487693289050706,0.000174812597137356,0.00060402001566752,0,0,0
Linear hybrid,nominal,nominal_seed_130103,3,130103,20,0.02,128,0.000833738516734123,0.000922384333769911,0.000179416103835065,0.00213379407688274,0,0,0
Linear hybrid,nominal,nominal_seed_130103,3,130103,50,0.05,128,0.00301425624319393,0.00309859242389501,0.00122022380819693,0.0067980298309236,0,0,0
Linear hybrid,nominal,nominal_seed_130103,3,130103,100,0.1,128,0.00987066016815094,0.00986352877313726,0.00646615107513865,0.0207474570594093,0,0,0
Linear hybrid,nominal,nominal_seed_130103,3,130103,250,0.25,128,0.0489321231874763,0.04901940337892,0.0425862783511285,0.108791540254,0,0,0
EDMD hybrid,nominal,nominal_seed_130103,3,130103,1,0.001,128,0.000245546724928361,0.000488271756589849,0.000174847046017875,0.000606951146984773,0,0,0
EDMD hybrid,nominal,nominal_seed_130103,3,130103,20,0.02,128,0.000833693934320603,0.000916216845458102,0.000178892268473163,0.0021508500487508,0,0,0
EDMD hybrid,nominal,nominal_seed_130103,3,130103,50,0.05,128,0.00300509373787334,0.00309091507133479,0.00121949173178225,0.00752671908709229,0,0,0
EDMD hybrid,nominal,nominal_seed_130103,3,130103,100,0.1,128,0.00982470175279259,0.00981345695002674,0.00643941286473626,0.0223149674439053,0,0,0
EDMD hybrid,nominal,nominal_seed_130103,3,130103,250,0.25,128,0.0486494013304107,0.0487364539209062,0.04234461167662,0.114122031535413,0,0,0
Nominal physics,nominal,nominal_seed_130104,4,130104,1,0.001,128,0.000120252848066653,0.000437408696016431,0.000120252848066653,0.000614815419782394,0,0,0
Nominal physics,nominal,nominal_seed_130104,4,130104,20,0.02,128,8.97393896872273e-05,0.000474720024998332,8.97393896872273e-05,0.000299997198938085,0,0,0
Nominal physics,nominal,nominal_seed_130104,4,130104,50,0.05,128,9.47671730099965e-05,0.00046578427367575,9.47671730099965e-05,0.000307401668139265,0,0,0
Nominal physics,nominal,nominal_seed_130104,4,130104,100,0.1,128,9.67115728072164e-05,0.000487999915869876,9.67115728072164e-05,0.000310248180798889,0,0,0
Nominal physics,nominal,nominal_seed_130104,4,130104,250,0.25,128,9.70273853203071e-05,0.000481735489289837,9.70273853203071e-05,0.000310708184659947,0,0,0
Persistent innovation,nominal,nominal_seed_130104,4,130104,1,0.001,128,0.000169550370695858,0.000459011999311681,0.00012060527631948,0.000830710047574151,0,0,0
Persistent innovation,nominal,nominal_seed_130104,4,130104,20,0.02,128,0.000237244892530852,0.000487856834910046,0.000116382100078214,0.000708118651354016,0,0,0
Persistent innovation,nominal,nominal_seed_130104,4,130104,50,0.05,128,0.000425691095792901,0.000643085279360423,0.000295516122530596,0.00127660632097548,0,0,0
Persistent innovation,nominal,nominal_seed_130104,4,130104,100,0.1,128,0.0007531901562045,0.000862688605763888,0.000621123894603719,0.00224541599657729,0,0,0
Persistent innovation,nominal,nominal_seed_130104,4,130104,250,0.25,128,0.00174867426139217,0.00180401015296835,0.00161601700629058,0.00516976968459115,0,0,0
Linear hybrid,nominal,nominal_seed_130104,4,130104,1,0.001,128,0.000264072666406967,0.000557103496330832,0.00017809667520356,0.00068925497656902,0,0,0
Linear hybrid,nominal,nominal_seed_130104,4,130104,20,0.02,128,0.00119726834980088,0.00128604689781732,0.000159722567412293,0.00307477104864595,0,0,0
Linear hybrid,nominal,nominal_seed_130104,4,130104,50,0.05,128,0.00431524045360209,0.00437789845358867,0.00175945825403514,0.00997809129339222,0,0,0
Linear hybrid,nominal,nominal_seed_130104,4,130104,100,0.1,128,0.013615939830706,0.0136465529489437,0.00908015231447609,0.0300692119398171,0,0,0
Linear hybrid,nominal,nominal_seed_130104,4,130104,250,0.25,128,0.0608172674024922,0.0607687441783364,0.0537020993128256,0.135570147989168,0,0,0
EDMD hybrid,nominal,nominal_seed_130104,4,130104,1,0.001,128,0.000266449607982628,0.000559036267232539,0.000178427325453633,0.000690163182191728,0,0,0
EDMD hybrid,nominal,nominal_seed_130104,4,130104,20,0.02,128,0.00124797694118623,0.00133997325105757,0.000162365550299,0.00359512772424303,0,0,0
EDMD hybrid,nominal,nominal_seed_130104,4,130104,50,0.05,128,0.00452742840839837,0.00459517394943733,0.00183895132018316,0.011955439932693,0,0,0
EDMD hybrid,nominal,nominal_seed_130104,4,130104,100,0.1,128,0.0142444475967009,0.0142702037240392,0.00952066142306079,0.035754476911302,0,0,0
EDMD hybrid,nominal,nominal_seed_130104,4,130104,250,0.25,128,0.0623239409624095,0.0622709919013284,0.0552102348390791,0.146542457415313,0,0,0
Nominal physics,nominal,nominal_seed_130105,5,130105,1,0.001,128,0.000137043598285932,0.000466555928976136,0.000137043598285932,0.000474011609175817,0,0,0
Nominal physics,nominal,nominal_seed_130105,5,130105,20,0.02,128,0.000110475358289454,0.000500730672654478,0.000110475358289454,0.000493764028143384,0,0,0
Nominal physics,nominal,nominal_seed_130105,5,130105,50,0.05,128,0.000116671182200253,0.000475195684993185,0.000116671182200253,0.000523494547521458,0,0,0
Nominal physics,nominal,nominal_seed_130105,5,130105,100,0.1,128,0.000119070272563393,0.000490375249405934,0.000119070272563393,0.000534795752224065,0,0,0
Nominal physics,nominal,nominal_seed_130105,5,130105,250,0.25,128,0.000119460085885607,0.000503639165335333,0.000119460085885607,0.000536622053294258,0,0,0
Persistent innovation,nominal,nominal_seed_130105,5,130105,1,0.001,128,0.000196508260023124,0.000491965267280385,0.000139518477145829,0.000801840618745775,0,0,0
Persistent innovation,nominal,nominal_seed_130105,5,130105,20,0.02,128,0.000297598250548816,0.000600048875851334,0.000144571503753236,0.0012815905083291,0,0,0
Persistent innovation,nominal,nominal_seed_130105,5,130105,50,0.05,128,0.000535078525203492,0.00070632346997207,0.000371050368333109,0.00218621591716955,0,0,0
Persistent innovation,nominal,nominal_seed_130105,5,130105,100,0.1,128,0.000947359490339921,0.00102326511950311,0.000781135594791765,0.0037297939052905,0,0,0
Persistent innovation,nominal,nominal_seed_130105,5,130105,250,0.25,128,0.00219996385392388,0.00234363608894581,0.00203305707924904,0.00839063635694344,0,0,0
Linear hybrid,nominal,nominal_seed_130105,5,130105,1,0.001,128,0.000274665074152549,0.000522947833313269,0.000195030680118092,0.000642000916756175,0,0,0
Linear hybrid,nominal,nominal_seed_130105,5,130105,20,0.02,128,0.00105797000642936,0.00113650204679929,0.000185383996322209,0.00224030244444559,0,0,0
Linear hybrid,nominal,nominal_seed_130105,5,130105,50,0.05,128,0.00373872727962858,0.00374764257401738,0.00154663173106767,0.00738494509959942,0,0,0
Linear hybrid,nominal,nominal_seed_130105,5,130105,100,0.1,128,0.0117587303902921,0.0117379787357685,0.00784671782262339,0.0221205738223555,0,0,0
Linear hybrid,nominal,nominal_seed_130105,5,130105,250,0.25,128,0.0525308839101683,0.0524874734146736,0.0464037493543483,0.100177932609711,0,0,0
EDMD hybrid,nominal,nominal_seed_130105,5,130105,1,0.001,128,0.000273884647253595,0.00052224361342974,0.000194861145133229,0.000642842833155327,0,0,0
EDMD hybrid,nominal,nominal_seed_130105,5,130105,20,0.02,128,0.00105314736812279,0.00113452921654385,0.000186225751744877,0.00212702301425405,0,0,0
EDMD hybrid,nominal,nominal_seed_130105,5,130105,50,0.05,128,0.00372772578813389,0.00374233605096675,0.00154026001466359,0.00787631619624907,0,0,0
EDMD hybrid,nominal,nominal_seed_130105,5,130105,100,0.1,128,0.0117224357756327,0.0117009109495199,0.00782588003551678,0.0243585832151101,0,0,0
EDMD hybrid,nominal,nominal_seed_130105,5,130105,250,0.25,128,0.0520324211699495,0.0519885528629926,0.0460173464615997,0.103351151209727,0,0,0
Nominal physics,nominal,nominal_seed_130106,6,130106,1,0.001,128,0.000124634614684603,0.000473253415442012,0.000124634614684603,0.000513095930032792,0,0,0
Nominal physics,nominal,nominal_seed_130106,6,130106,20,0.02,128,0.00011597139413755,0.000446331645107155,0.00011597139413755,0.000530445818106448,0,0,0
Nominal physics,nominal,nominal_seed_130106,6,130106,50,0.05,128,0.000122428496826806,0.000490483253908645,0.000122428496826806,0.000560315206079978,0,0,0
Nominal physics,nominal,nominal_seed_130106,6,130106,100,0.1,128,0.00012491623559918,0.000441541976107282,0.00012491623559918,0.000571666208118438,0,0,0
Nominal physics,nominal,nominal_seed_130106,6,130106,250,0.25,128,0.000125319865102229,0.000497848608694085,0.000125319865102229,0.000573500521251658,0,0,0
Persistent innovation,nominal,nominal_seed_130106,6,130106,1,0.001,128,0.000195185673238999,0.000493737286657309,0.000124544002222382,0.000897409290024687,0,0,0
Persistent innovation,nominal,nominal_seed_130106,6,130106,20,0.02,128,0.000295121340888264,0.000513285034415914,0.000147787355872435,0.00121883143457964,0,0,0
Persistent innovation,nominal,nominal_seed_130106,6,130106,50,0.05,128,0.000527190407506642,0.000751062460570031,0.000366923699847608,0.00201316491836498,0,0,0
Persistent innovation,nominal,nominal_seed_130106,6,130106,100,0.1,128,0.000931230035478258,0.00100174129519019,0.000768255529204011,0.00336338599482927,0,0,0
Persistent innovation,nominal,nominal_seed_130106,6,130106,250,0.25,128,0.0021604141877093,0.00223464536895615,0.00199658695375525,0.0074361671289162,0,0,0
Linear hybrid,nominal,nominal_seed_130106,6,130106,1,0.001,128,0.000257826021606414,0.000535639336437672,0.000171542509913299,0.000787319948764489,0,0,0
Linear hybrid,nominal,nominal_seed_130106,6,130106,20,0.02,128,0.00105839452377788,0.00115995255684718,0.000184241568035141,0.00258145330413945,0,0,0
Linear hybrid,nominal,nominal_seed_130106,6,130106,50,0.05,128,0.00384087636556939,0.00389521340377355,0.00155419080975195,0.00931131841894006,0,0,0
Linear hybrid,nominal,nominal_seed_130106,6,130106,100,0.1,128,0.0122737840899645,0.0122726741862922,0.00814010653745744,0.0286937856898093,0,0,0
Linear hybrid,nominal,nominal_seed_130106,6,130106,250,0.25,128,0.0562316258262907,0.0562459750157868,0.0495090007491663,0.126048876460943,0,0,0
EDMD hybrid,nominal,nominal_seed_130106,6,130106,1,0.001,128,0.000259193471650092,0.000534290228641038,0.000171918800572337,0.000781587012314681,0,0,0
EDMD hybrid,nominal,nominal_seed_130106,6,130106,20,0.02,128,0.00107696775354709,0.00117693446432716,0.000184400370693902,0.00297953372833198,0,0,0
EDMD hybrid,nominal,nominal_seed_130106,6,130106,50,0.05,128,0.00390890926385813,0.00396035328557896,0.00158265694387852,0.0109178600190162,0,0,0
EDMD hybrid,nominal,nominal_seed_130106,6,130106,100,0.1,128,0.0124578621638126,0.0124619755914516,0.00827341823165144,0.0335404657326256,0,0,0
EDMD hybrid,nominal,nominal_seed_130106,6,130106,250,0.25,128,0.0566594634138979,0.0566738974834517,0.0499289492023356,0.134678917801763,0,0,0
Nominal physics,nominal,nominal_seed_130107,7,130107,1,0.001,128,0.000117033637325839,0.000448369205835298,0.000117033637325839,0.000476949310770663,0,0,0
Nominal physics,nominal,nominal_seed_130107,7,130107,20,0.02,128,0.000101639753818913,0.000473121974485696,0.000101639753818913,0.000331395622773012,0,0,0
Nominal physics,nominal,nominal_seed_130107,7,130107,50,0.05,128,0.000106542662118248,0.000471121764003381,0.000106542662118248,0.000346963375218057,0,0,0
Nominal physics,nominal,nominal_seed_130107,7,130107,100,0.1,128,0.000108440567567511,0.000480829974860812,0.000108440567567511,0.000352876279989645,0,0,0
Nominal physics,nominal,nominal_seed_130107,7,130107,250,0.25,128,0.00010874892886032,0.000449684716375602,0.00010874892886032,0.000353831798726278,0,0,0
Persistent innovation,nominal,nominal_seed_130107,7,130107,1,0.001,128,0.000183775120744659,0.000476141318048954,0.000113333323764516,0.000582605761525343,0,0,0
Persistent innovation,nominal,nominal_seed_130107,7,130107,20,0.02,128,0.00024930522133927,0.000505684564239427,0.000127450883275887,0.000745788131680789,0,0,0
Persistent innovation,nominal,nominal_seed_130107,7,130107,50,0.05,128,0.000442762546311367,0.000687932836886615,0.000308839826270702,0.00131142484614636,0,0,0
Persistent innovation,nominal,nominal_seed_130107,7,130107,100,0.1,128,0.000780897394631343,0.000891434680339873,0.000644408405077913,0.00227611735100919,0,0,0
Persistent innovation,nominal,nominal_seed_130107,7,130107,250,0.25,128,0.00181084734149975,0.00183454565095103,0.00167355061650699,0.00518862861378186,0,0,0
Linear hybrid,nominal,nominal_seed_130107,7,130107,1,0.001,128,0.00024118826396049,0.000495159138377808,0.000161408437752695,0.000559389066928657,0,0,0
Linear hybrid,nominal,nominal_seed_130107,7,130107,20,0.02,128,0.000925489403521971,0.00101994459628156,0.000159685022420679,0.00246507168062055,0,0,0
Linear hybrid,nominal,nominal_seed_130107,7,130107,50,0.05,128,0.00329604911308549,0.00333938137571567,0.00135319152177315,0.0082579964398948,0,0,0
Linear hybrid,nominal,nominal_seed_130107,7,130107,100,0.1,128,0.0105157643099123,0.010482156758667,0.00696968450686938,0.0242130222593887,0,0,0
Linear hybrid,nominal,nominal_seed_130107,7,130107,250,0.25,128,0.0486330044242466,0.048628767880296,0.0427905963968935,0.0975053246636395,0,0,0
EDMD hybrid,nominal,nominal_seed_130107,7,130107,1,0.001,128,0.000240736673690046,0.000494251306624486,0.000161527668161759,0.000555038141665895,0,0,0
EDMD hybrid,nominal,nominal_seed_130107,7,130107,20,0.02,128,0.000883723165367697,0.000989329048711594,0.000158913875879524,0.00213227564988828,0,0,0
EDMD hybrid,nominal,nominal_seed_130107,7,130107,50,0.05,128,0.00312065238343755,0.00316742894521674,0.00128747987510204,0.00701544995075903,0,0,0
EDMD hybrid,nominal,nominal_seed_130107,7,130107,100,0.1,128,0.00998807776473507,0.00996068717489546,0.00660501040743423,0.0224851968402247,0,0,0
EDMD hybrid,nominal,nominal_seed_130107,7,130107,250,0.25,128,0.0467769976844197,0.0467709568939089,0.0411138195005678,0.0954407829340164,0,0,0
Nominal physics,nominal,nominal_seed_130108,8,130108,1,0.001,128,0.000130404681970576,0.000493952270229573,0.000130404681970576,0.00044150013506844,0,0,0
Nominal physics,nominal,nominal_seed_130108,8,130108,20,0.02,128,9.35063992213567e-05,0.000476354739072583,9.35063992213567e-05,0.000339155462519114,0,0,0
Nominal physics,nominal,nominal_seed_130108,8,130108,50,0.05,128,9.90278309575632e-05,0.000475462639291821,9.90278309575632e-05,0.000360233311990893,0,0,0
Nominal physics,nominal,nominal_seed_130108,8,130108,100,0.1,128,0.000101154523475773,0.000468025888053526,0.000101154523475773,0.000368303006438808,0,0,0
Nominal physics,nominal,nominal_seed_130108,8,130108,250,0.25,128,0.000101499585790466,0.000471768390554942,0.000101499585790466,0.0003696070386289,0,0,0
Persistent innovation,nominal,nominal_seed_130108,8,130108,1,0.001,128,0.000185955889547374,0.000538248891531873,0.000130500050532593,0.000749181495130091,0,0,0
Persistent innovation,nominal,nominal_seed_130108,8,130108,20,0.02,128,0.000258614218509393,0.000532118550856489,0.000123996414201502,0.000973276503415332,0,0,0
Persistent innovation,nominal,nominal_seed_130108,8,130108,50,0.05,128,0.00046575144200303,0.000640097039934127,0.000322516756381067,0.00169730061800644,0,0,0
Persistent innovation,nominal,nominal_seed_130108,8,130108,100,0.1,128,0.000825241617886901,0.000904308991435915,0.000680273244426828,0.0029381704677186,0,0,0
Persistent innovation,nominal,nominal_seed_130108,8,130108,250,0.25,128,0.0019173379300052,0.00193292700671329,0.0017718271795661,0.00668942836680681,0,0,0
Linear hybrid,nominal,nominal_seed_130108,8,130108,1,0.001,128,0.000278083324430226,0.000531038423714383,0.000193728851384885,0.000664358380927797,0,0,0
Linear hybrid,nominal,nominal_seed_130108,8,130108,20,0.02,128,0.000836572046872072,0.000953475778945929,0.00018506193263166,0.00244008122055966,0,0,0
Linear hybrid,nominal,nominal_seed_130108,8,130108,50,0.05,128,0.00278848465697769,0.00279828664487161,0.00119814590729097,0.00733109251859437,0,0,0
Linear hybrid,nominal,nominal_seed_130108,8,130108,100,0.1,128,0.00874036762390799,0.00872585309203029,0.00581697410786647,0.019894103229717,0,0,0
Linear hybrid,nominal,nominal_seed_130108,8,130108,250,0.25,128,0.0406420534495557,0.0405698025489847,0.0356332510600795,0.0883489227675502,0,0,0
EDMD hybrid,nominal,nominal_seed_130108,8,130108,1,0.001,128,0.000278971323842304,0.000532063057775415,0.000193760793576142,0.000660432698186417,0,0,0
EDMD hybrid,nominal,nominal_seed_130108,8,130108,20,0.02,128,0.000837053016136803,0.000949617615753821,0.000184255293063064,0.00225081193613696,0,0,0
EDMD hybrid,nominal,nominal_seed_130108,8,130108,50,0.05,128,0.00277214244829065,0.00278380171241949,0.00119725994520812,0.00691739243208128,0,0,0
EDMD hybrid,nominal,nominal_seed_130108,8,130108,100,0.1,128,0.0086497299511656,0.00863802864738183,0.00576608722039648,0.0208721006207953,0,0,0
EDMD hybrid,nominal,nominal_seed_130108,8,130108,250,0.25,128,0.0399656260913806,0.0398933609342812,0.0350693181761485,0.0904552617944642,0,0,0
Nominal physics,nominal,nominal_seed_130109,9,130109,1,0.001,128,0.00012552947426864,0.000450545961727856,0.00012552947426864,0.000641253622435108,0,0,0
Nominal physics,nominal,nominal_seed_130109,9,130109,20,0.02,128,9.49329969292116e-05,0.000459230946673957,9.49329969292116e-05,0.00039652773855769,0,0,0
Nominal physics,nominal,nominal_seed_130109,9,130109,50,0.05,128,9.98296451338524e-05,0.000457326113625261,9.98296451338524e-05,0.000425596272990506,0,0,0
Nominal physics,nominal,nominal_seed_130109,9,130109,100,0.1,128,0.000101725371226562,0.000460221219308754,0.000101725371226562,0.000436625583253497,0,0,0
Nominal physics,nominal,nominal_seed_130109,9,130109,250,0.25,128,0.00010203340485306,0.000457018324522798,0.00010203340485306,0.000438407877930924,0,0,0
Persistent innovation,nominal,nominal_seed_130109,9,130109,1,0.001,128,0.000153194763196012,0.000454903024947165,0.000129220892586246,0.000502228260315894,0,0,0
Persistent innovation,nominal,nominal_seed_130109,9,130109,20,0.02,128,0.000222861282485585,0.000515642732465317,0.000116717272145879,0.000982243989951937,0,0,0
Persistent innovation,nominal,nominal_seed_130109,9,130109,50,0.05,128,0.000394591983939549,0.000592787485820977,0.000276125037033555,0.00166176052011467,0,0,0
Persistent innovation,nominal,nominal_seed_130109,9,130109,100,0.1,128,0.000694839375773574,0.000812378042158521,0.000573684174507597,0.00281197394801541,0,0,0
Persistent innovation,nominal,nominal_seed_130109,9,130109,250,0.25,128,0.00160990570321939,0.00167489222765207,0.00148789828231973,0.00627754115413948,0,0,0
Linear hybrid,nominal,nominal_seed_130109,9,130109,1,0.001,128,0.000247275801974221,0.000465873663740551,0.000180001189920922,0.00084963492823853,0,0,0
Linear hybrid,nominal,nominal_seed_130109,9,130109,20,0.02,128,0.000805423597015267,0.000960384216126039,0.000171938520919817,0.00225680065708722,0,0,0
Linear hybrid,nominal,nominal_seed_130109,9,130109,50,0.05,128,0.00276040270976085,0.00275691791758757,0.00116210188773172,0.00678806379244817,0,0,0
Linear hybrid,nominal,nominal_seed_130109,9,130109,100,0.1,128,0.00870432112229912,0.00875743227903802,0.0057886767520334,0.0200394235103433,0,0,0
Linear hybrid,nominal,nominal_seed_130109,9,130109,250,0.25,128,0.0399539289331832,0.0399422232629374,0.0351246386574573,0.0979878279600839,0,0,0
EDMD hybrid,nominal,nominal_seed_130109,9,130109,1,0.001,128,0.000247677211974336,0.000465124324889537,0.000179736240029412,0.00085313274865044,0,0,0
EDMD hybrid,nominal,nominal_seed_130109,9,130109,20,0.02,128,0.000821077406390468,0.000973675641451196,0.000172383889015075,0.00229846756755214,0,0,0
EDMD hybrid,nominal,nominal_seed_130109,9,130109,50,0.05,128,0.00283510913865495,0.00283363270468014,0.00118744493119339,0.00694861278560033,0,0,0
EDMD hybrid,nominal,nominal_seed_130109,9,130109,100,0.1,128,0.00894356140098183,0.00899818969588055,0.00595035969429971,0.0215902623938253,0,0,0
EDMD hybrid,nominal,nominal_seed_130109,9,130109,250,0.25,128,0.0407230915270007,0.0407096592294714,0.0358527838123942,0.0991929800548209,0,0,0
Nominal physics,nominal,nominal_seed_130110,10,130110,1,0.001,128,0.000117187231870989,0.000477175818182472,0.000117187231870989,0.000468471544466442,0,0,0
Nominal physics,nominal,nominal_seed_130110,10,130110,20,0.02,128,9.14544705172003e-05,0.000426044807913221,9.14544705172003e-05,0.000359175240434328,0,0,0
Nominal physics,nominal,nominal_seed_130110,10,130110,50,0.05,128,9.60209719303526e-05,0.000431803573100405,9.60209719303526e-05,0.000382948028061658,0,0,0
Nominal physics,nominal,nominal_seed_130110,10,130110,100,0.1,128,9.77863669275756e-05,0.000444553815612352,9.77863669275756e-05,0.000391971469959229,0,0,0
Nominal physics,nominal,nominal_seed_130110,10,130110,250,0.25,128,9.80731028179973e-05,0.000448405094477556,9.80731028179973e-05,0.000393429640381138,0,0,0
Persistent innovation,nominal,nominal_seed_130110,10,130110,1,0.001,128,0.000162206272067901,0.000508408573249123,0.000117065339132271,0.000646635505686999,0,0,0
Persistent innovation,nominal,nominal_seed_130110,10,130110,20,0.02,128,0.000221719356560588,0.000461870981233187,0.000114074245958858,0.000910426759899996,0,0,0
Persistent innovation,nominal,nominal_seed_130110,10,130110,50,0.05,128,0.000393357045446933,0.000557631186987977,0.00027460790757451,0.00154637386423012,0,0,0
Persistent innovation,nominal,nominal_seed_130110,10,130110,100,0.1,128,0.000693459362804375,0.000799592456704368,0.000572317628537644,0.00262754952028105,0,0,0
Persistent innovation,nominal,nominal_seed_130110,10,130110,250,0.25,128,0.00160783169921292,0.00170176504578684,0.00148593357314825,0.00588897647420306,0,0,0
Linear hybrid,nominal,nominal_seed_130110,10,130110,1,0.001,128,0.000237051851075902,0.000538238241590773,0.000166617775070188,0.000871753090718186,0,0,0
Linear hybrid,nominal,nominal_seed_130110,10,130110,20,0.02,128,0.000788286172508281,0.00089465850487773,0.000155954842073068,0.00279457472061873,0,0,0
Linear hybrid,nominal,nominal_seed_130110,10,130110,50,0.05,128,0.00263602738250625,0.00262627060053366,0.00113159067523387,0.00827113978689864,0,0,0
Linear hybrid,nominal,nominal_seed_130110,10,130110,100,0.1,128,0.00817911113680213,0.00816583253433158,0.00547494846901008,0.0230018181050972,0,0,0
Linear hybrid,nominal,nominal_seed_130110,10,130110,250,0.25,128,0.0365689712413718,0.0365801254617953,0.0322687518301637,0.0947472824336967,0,0,0
EDMD hybrid,nominal,nominal_seed_130110,10,130110,1,0.001,128,0.000237580930534725,0.000538021437744925,0.000166663119788762,0.000887093151260399,0,0,0
EDMD hybrid,nominal,nominal_seed_130110,10,130110,20,0.02,128,0.000807887932369011,0.000913327562249045,0.000156590773645472,0.00299424325882927,0,0,0
EDMD hybrid,nominal,nominal_seed_130110,10,130110,50,0.05,128,0.00272437449821353,0.00271729715762158,0.00116292977160905,0.0090401088228752,0,0,0
EDMD hybrid,nominal,nominal_seed_130110,10,130110,100,0.1,128,0.00845037890519889,0.00844029627005431,0.00566212891132546,0.0253202868762751,0,0,0
EDMD hybrid,nominal,nominal_seed_130110,10,130110,250,0.25,128,0.0373733120899449,0.0373823948341649,0.0330318530995615,0.0975601974169705,0,0,0
Nominal physics,varied,varied_seed_130201,11,130201,1,0.001,128,0.00653145637063758,0.00649453445157404,0.00653145637063758,0.0121299979910147,0,0,0
Nominal physics,varied,varied_seed_130201,11,130201,20,0.02,128,0.0099387135001481,0.00987840018276165,0.0099387135001481,0.0181643803703536,0,0,0
Nominal physics,varied,varied_seed_130201,11,130201,50,0.05,128,0.0208717564454418,0.0208380219571635,0.0208717564454418,0.0382151830588239,0,0,0
Nominal physics,varied,varied_seed_130201,11,130201,100,0.1,128,0.0396594672898351,0.0395999977414216,0.0396594672898351,0.0728417816314698,0,0,0
Nominal physics,varied,varied_seed_130201,11,130201,250,0.25,128,0.0928033945392827,0.0927756242010195,0.0928033945392827,0.168820727142145,0,0,0
Persistent innovation,varied,varied_seed_130201,11,130201,1,0.001,128,0.000400285812232801,0.000594379794133526,0.00782822843609207,0.00111099166952133,0,0,0
Persistent innovation,varied,varied_seed_130201,11,130201,20,0.02,128,0.0012133439261169,0.00128368298233892,0.00783869320443119,0.00268649867039239,0,0,0
Persistent innovation,varied,varied_seed_130201,11,130201,50,0.05,128,0.00399595351966887,0.00401615848184037,0.00829675328003105,0.00818327757702519,0,0,0
Persistent innovation,varied,varied_seed_130201,11,130201,100,0.1,128,0.0122734597691711,0.0122324426817842,0.0130615839160443,0.0238598887322978,0,0,0
Persistent innovation,varied,varied_seed_130201,11,130201,250,0.25,128,0.0612840154214432,0.0612736940115384,0.0584766468820209,0.118933169412331,0,0,0
Linear hybrid,varied,varied_seed_130201,11,130201,1,0.001,128,0.000264875253920932,0.000543082014364948,0.00781732313591119,0.000684401361404019,0,0,0
Linear hybrid,varied,varied_seed_130201,11,130201,20,0.02,128,0.000953776739439586,0.00106019554354397,0.00785708808478048,0.00231880047915731,0,0,0
Linear hybrid,varied,varied_seed_130201,11,130201,50,0.05,128,0.00331482921978182,0.00340067714003073,0.00806493182602858,0.00820993554453875,0,0,0
Linear hybrid,varied,varied_seed_130201,11,130201,100,0.1,128,0.0104283949556839,0.010403303285142,0.0111135749710041,0.0253002730077991,0,0,0
Linear hybrid,varied,varied_seed_130201,11,130201,250,0.25,128,0.0477006572234009,0.0477012729522347,0.0450126319822765,0.113348621503576,0,0,0
EDMD hybrid,varied,varied_seed_130201,11,130201,1,0.001,128,0.000264776591375297,0.000542220860744211,0.00781714790829106,0.000685871618606004,0,0,0
EDMD hybrid,varied,varied_seed_130201,11,130201,20,0.02,128,0.000947573597328695,0.00105283224601121,0.00785679543612831,0.0022688755948323,0,0,0
EDMD hybrid,varied,varied_seed_130201,11,130201,50,0.05,128,0.00328547745240079,0.00337112327025527,0.00807071854932423,0.00801678335602629,0,0,0
EDMD hybrid,varied,varied_seed_130201,11,130201,100,0.1,128,0.0103139944527853,0.0102884287422054,0.0111025010198106,0.0246964771101505,0,0,0
EDMD hybrid,varied,varied_seed_130201,11,130201,250,0.25,128,0.046954264777915,0.0469574300253075,0.044389080914497,0.110038508593927,0,0,0
Nominal physics,varied,varied_seed_130202,12,130202,1,0.001,128,0.0092096248563824,0.00924957211070424,0.0092096248563824,0.0182707581777195,0,0,0
Nominal physics,varied,varied_seed_130202,12,130202,20,0.02,128,0.013971726431788,0.0139916385609127,0.013971726431788,0.0278490067992079,0,0,0
Nominal physics,varied,varied_seed_130202,12,130202,50,0.05,128,0.0293183217464579,0.0292746679697015,0.0293183217464579,0.0580207223670507,0,0,0
Nominal physics,varied,varied_seed_130202,12,130202,100,0.1,128,0.0554181651906523,0.0554217106042646,0.0554181651906523,0.109033524707544,0,0,0
Nominal physics,varied,varied_seed_130202,12,130202,250,0.25,128,0.124210136896498,0.124178863443798,0.124210136896498,0.235201997173782,22,0.171875,0
Persistent innovation,varied,varied_seed_130202,12,130202,1,0.001,128,0.000661458873083906,0.000844209332755614,0.0110246299107181,0.00144736013216999,0,0,0
Persistent innovation,varied,varied_seed_130202,12,130202,20,0.02,128,0.00216288623788511,0.00224112880053481,0.011047815136915,0.00415705172102729,0,0,0
Persistent innovation,varied,varied_seed_130202,12,130202,50,0.05,128,0.00722855945621406,0.00725951163563225,0.0122496061639716,0.0139045812871796,0,0,0
Persistent innovation,varied,varied_seed_130202,12,130202,100,0.1,128,0.0219907333477193,0.022014309500594,0.0219896532321715,0.041869932654456,0,0,0
Persistent innovation,varied,varied_seed_130202,12,130202,250,0.25,128,0.103973918669035,0.103935090513294,0.0988100232244662,0.195930891512494,9,0.0703125,0
Linear hybrid,varied,varied_seed_130202,12,130202,1,0.001,128,0.000278868664595842,0.00051088706201031,0.0110264435805254,0.00083300166934857,0,0,0
Linear hybrid,varied,varied_seed_130202,12,130202,20,0.02,128,0.0015821071582625,0.00166608876672252,0.0109657367103759,0.00445399090761611,0,0,0
Linear hybrid,varied,varied_seed_130202,12,130202,50,0.05,128,0.00616235073908408,0.00619365091779433,0.0124159826672257,0.0158268266712975,0,0,0
Linear hybrid,varied,varied_seed_130202,12,130202,100,0.1,128,0.0200981083505175,0.0201053196868624,0.0222378343547072,0.0500459112593403,0,0,0
Linear hybrid,varied,varied_seed_130202,12,130202,250,0.25,128,0.0942137639422727,0.0941583848275598,0.0922913413013619,0.220651423986758,8,0.0625,0
EDMD hybrid,varied,varied_seed_130202,12,130202,1,0.001,128,0.000279194910028343,0.000510519923828132,0.0110265753394121,0.000837538605449762,0,0,0
EDMD hybrid,varied,varied_seed_130202,12,130202,20,0.02,128,0.00159695101835568,0.00168242051794467,0.0109646891894777,0.00469117184325452,0,0,0
EDMD hybrid,varied,varied_seed_130202,12,130202,50,0.05,128,0.00622631687258321,0.00625378230457507,0.0124367156763055,0.016806653711328,0,0,0
EDMD hybrid,varied,varied_seed_130202,12,130202,100,0.1,128,0.0202882195004598,0.0202974029081985,0.0223920386777338,0.0514446939378462,0,0,0
EDMD hybrid,varied,varied_seed_130202,12,130202,250,0.25,128,0.0946562735029059,0.0946039087227332,0.0927122835341185,0.218626113348363,7,0.0546875,0
Nominal physics,varied,varied_seed_130203,13,130203,1,0.001,128,0.00965170491283059,0.00968872610545904,0.00965170491283059,0.0188821754922553,0,0,0
Nominal physics,varied,varied_seed_130203,13,130203,20,0.02,128,0.0146467015878811,0.014735577598514,0.0146467015878811,0.028682566024082,0,0,0
Nominal physics,varied,varied_seed_130203,13,130203,50,0.05,128,0.0307555369571712,0.030775302135954,0.0307555369571712,0.0601263968882034,0,0,0
Nominal physics,varied,varied_seed_130203,13,130203,100,0.1,128,0.0582536247166955,0.0583414630538792,0.0582536247166955,0.113965394491381,0,0,0
Nominal physics,varied,varied_seed_130203,13,130203,250,0.25,128,0.131432564955887,0.131425107116878,0.131432564955887,0.255181826031277,32,0.25,0
Persistent innovation,varied,varied_seed_130203,13,130203,1,0.001,128,0.000605213155550789,0.000792024792516514,0.011559003985256,0.00145312334296122,0,0,0
Persistent innovation,varied,varied_seed_130203,13,130203,20,0.02,128,0.00198309652211174,0.00200844152835818,0.0115645242966374,0.00443410850038278,0,0,0
Persistent innovation,varied,varied_seed_130203,13,130203,50,0.05,128,0.00668511274912512,0.0067165055997121,0.0125118038399622,0.0142621064885712,0,0,0
Persistent innovation,varied,varied_seed_130203,13,130203,100,0.1,128,0.020501874715439,0.0204966333275779,0.0210551612890439,0.0433604564812343,0,0,0
Persistent innovation,varied,varied_seed_130203,13,130203,250,0.25,128,0.0989584726364228,0.0989429777012848,0.0939480959460954,0.201856359212373,6,0.046875,0
Linear hybrid,varied,varied_seed_130203,13,130203,1,0.001,128,0.000231395923277366,0.000546842252177315,0.0115675897561908,0.000568700944616418,0,0,0
Linear hybrid,varied,varied_seed_130203,13,130203,20,0.02,128,0.00146215141509518,0.00149518437351212,0.0115339905996563,0.00282240301435521,0,0,0
Linear hybrid,varied,varied_seed_130203,13,130203,50,0.05,128,0.00579160124887624,0.00584059661947079,0.0120291747978794,0.0105777237640304,0,0,0
Linear hybrid,varied,varied_seed_130203,13,130203,100,0.1,128,0.0188314156080101,0.0188324105913498,0.0193846784238977,0.0329307928988476,0,0,0
Linear hybrid,varied,varied_seed_130203,13,130203,250,0.25,128,0.0843548565778286,0.0843626159423435,0.0821295524656811,0.149608677529461,0,0,0
EDMD hybrid,varied,varied_seed_130203,13,130203,1,0.001,128,0.000231781644944043,0.00054612197430449,0.0115679804379832,0.00056747365790405,0,0,0
EDMD hybrid,varied,varied_seed_130203,13,130203,20,0.02,128,0.00147121708878837,0.00150290320624977,0.0115353794950631,0.00287385012313593,0,0,0
EDMD hybrid,varied,varied_seed_130203,13,130203,50,0.05,128,0.00583325535322502,0.00588125199521736,0.0120019942053383,0.0104982043078887,0,0,0
EDMD hybrid,varied,varied_seed_130203,13,130203,100,0.1,128,0.018981171479833,0.0189807296202227,0.0193922669616579,0.0328176271373424,0,0,0
EDMD hybrid,varied,varied_seed_130203,13,130203,250,0.25,128,0.0848552481992075,0.0848611034961084,0.0825994355262771,0.150087240349867,0,0,0
Nominal physics,varied,varied_seed_130204,14,130204,1,0.001,128,0.00829582450651495,0.00832664321245349,0.00829582450651495,0.0152474656643266,0,0,0
Nominal physics,varied,varied_seed_130204,14,130204,20,0.02,128,0.0125697776362865,0.0125703226363999,0.0125697776362865,0.0232722553393219,0,0,0
Nominal physics,varied,varied_seed_130204,14,130204,50,0.05,128,0.0263459379721228,0.0263205785365579,0.0263459379721228,0.0486732433133885,0,0,0
Nominal physics,varied,varied_seed_130204,14,130204,100,0.1,128,0.0497922611088598,0.0497832257477673,0.0497922611088598,0.0921980830920384,0,0,0
Nominal physics,varied,varied_seed_130204,14,130204,250,0.25,128,0.112567630848405,0.112578978171864,0.112567630848405,0.207892871658538,17,0.1328125,0
Persistent innovation,varied,varied_seed_130204,14,130204,1,0.001,128,0.00051244938977575,0.000719830379195822,0.00993294411361281,0.00118885466962684,0,0,0
Persistent innovation,varied,varied_seed_130204,14,130204,20,0.02,128,0.00165734750231523,0.00172786774659196,0.00992272736264663,0.0034146141671727,0,0,0
Persistent innovation,varied,varied_seed_130204,14,130204,50,0.05,128,0.00557912339241944,0.0054943932331031,0.0106386950005032,0.0113036481062991,0,0,0
Persistent innovation,varied,varied_seed_130204,14,130204,100,0.1,128,0.0172063934669606,0.0172156764900299,0.0176529032927613,0.034856303707875,0,0,0
Persistent innovation,varied,varied_seed_130204,14,130204,250,0.25,128,0.0850022816427426,0.0849329611559912,0.0806732494389177,0.166592594146973,0,0,0
Linear hybrid,varied,varied_seed_130204,14,130204,1,0.001,128,0.000262832786408174,0.000536266115866895,0.00992957342740324,0.000742836579251931,0,0,0
Linear hybrid,varied,varied_seed_130204,14,130204,20,0.02,128,0.00131440393806141,0.00141905313143178,0.00987112443473692,0.00318935214253044,0,0,0
Linear hybrid,varied,varied_seed_130204,14,130204,50,0.05,128,0.00506787198514766,0.00496940366242408,0.0108996331711269,0.0113410845294146,0,0,0
Linear hybrid,varied,varied_seed_130204,14,130204,100,0.1,128,0.0166536463100484,0.0166787713565271,0.0184909007131939,0.0364843302474466,0,0,0
Linear hybrid,varied,varied_seed_130204,14,130204,250,0.25,128,0.080648226166437,0.0805896528944177,0.0781681068263349,0.173112142901968,0,0,0
EDMD hybrid,varied,varied_seed_130204,14,130204,1,0.001,128,0.000263139576104476,0.000536994841057269,0.00992893450679441,0.000746560456213543,0,0,0
EDMD hybrid,varied,varied_seed_130204,14,130204,20,0.02,128,0.00129449979958306,0.00139992470499675,0.00986982739802792,0.00301804085347065,0,0,0
EDMD hybrid,varied,varied_seed_130204,14,130204,50,0.05,128,0.00498114292764774,0.00488232740193066,0.0109092038051056,0.0108845365826452,0,0,0
EDMD hybrid,varied,varied_seed_130204,14,130204,100,0.1,128,0.0163688432597705,0.0163934377762987,0.018412225598916,0.0356357846277181,0,0,0
EDMD hybrid,varied,varied_seed_130204,14,130204,250,0.25,128,0.0790862115201753,0.0790297628110364,0.0769017088420747,0.175566029209633,1,0.0078125,0
Nominal physics,varied,varied_seed_130205,15,130205,1,0.001,128,0.00780141810380701,0.00777385019857727,0.00780141810380701,0.0173329796435025,0,0,0
Nominal physics,varied,varied_seed_130205,15,130205,20,0.02,128,0.011854309500117,0.0118452815127839,0.011854309500117,0.0261230609451629,0,0,0
Nominal physics,varied,varied_seed_130205,15,130205,50,0.05,128,0.0249694157565975,0.0249234113681512,0.0249694157565975,0.0551175231260898,0,0,0
Nominal physics,varied,varied_seed_130205,15,130205,100,0.1,128,0.047693317560135,0.0476761880505118,0.047693317560135,0.104496518169212,0,0,0
Nominal physics,varied,varied_seed_130205,15,130205,250,0.25,128,0.113861839066447,0.113820971736287,0.113861839066447,0.233509846098955,25,0.1953125,0
Persistent innovation,varied,varied_seed_130205,15,130205,1,0.001,128,0.000460781368253518,0.000630240237663526,0.00934150893867939,0.00117468491576503,0,0,0
Persistent innovation,varied,varied_seed_130205,15,130205,20,0.02,128,0.00154799440571862,0.00158934989500008,0.0093640165316549,0.00358953167364767,0,0,0
Persistent innovation,varied,varied_seed_130205,15,130205,50,0.05,128,0.00524865054191622,0.00528633869212671,0.0101802908957162,0.0116731115677812,0,0,0
Persistent innovation,varied,varied_seed_130205,15,130205,100,0.1,128,0.0162666872039256,0.0162243037642148,0.0171352736854193,0.0348282678651118,0,0,0
Persistent innovation,varied,varied_seed_130205,15,130205,250,0.25,128,0.0803815417119959,0.0803859663168365,0.0771994551102413,0.151572340767674,0,0,0
Linear hybrid,varied,varied_seed_130205,15,130205,1,0.001,128,0.000235684669902841,0.000527507420590291,0.00934600480247454,0.000644047172473322,0,0,0
Linear hybrid,varied,varied_seed_130205,15,130205,20,0.02,128,0.00157707656283848,0.00162515148979076,0.00932611123504126,0.00393340832953096,0,0,0
Linear hybrid,varied,varied_seed_130205,15,130205,50,0.05,128,0.00628966212165156,0.00632294481133198,0.0103924165950718,0.0158148392562329,0,0,0
Linear hybrid,varied,varied_seed_130205,15,130205,100,0.1,128,0.0207804055594481,0.0207222535600544,0.0200369250503063,0.0510195910309278,0,0,0
Linear hybrid,varied,varied_seed_130205,15,130205,250,0.25,128,0.0976999846473189,0.0977104907478043,0.0937389747242875,0.217883035684111,13,0.1015625,0
EDMD hybrid,varied,varied_seed_130205,15,130205,1,0.001,128,0.000234319983638985,0.000528780952921178,0.00934658105647611,0.00063823763644491,0,0,0
EDMD hybrid,varied,varied_seed_130205,15,130205,20,0.02,128,0.00153965680940015,0.00158833213749047,0.00932689227816891,0.00373097496227903,0,0,0
EDMD hybrid,varied,varied_seed_130205,15,130205,50,0.05,128,0.00614063891773347,0.00617214121835773,0.0103507916534003,0.0147409275270845,0,0,0
EDMD hybrid,varied,varied_seed_130205,15,130205,100,0.1,128,0.0203337141123246,0.0202764455776051,0.0197117505416056,0.0476964591641222,0,0,0
EDMD hybrid,varied,varied_seed_130205,15,130205,250,0.25,128,0.0962893467677043,0.0962974899875852,0.0923786930686132,0.214838850237567,12,0.09375,0
Nominal physics,varied,varied_seed_130206,16,130206,1,0.001,128,0.00960899531758578,0.00964331351276177,0.00960899531758578,0.0181269144130898,0,0,0
Nominal physics,varied,varied_seed_130206,16,130206,20,0.02,128,0.0146115001159731,0.0145832435327609,0.0146115001159731,0.0275838155911841,0,0,0
Nominal physics,varied,varied_seed_130206,16,130206,50,0.05,128,0.0307085472580099,0.0307202012176301,0.0307085472580099,0.0581409718709225,0,0,0
Nominal physics,varied,varied_seed_130206,16,130206,100,0.1,128,0.058277203207897,0.0582341742016265,0.058277203207897,0.110025224293295,0,0,0
Nominal physics,varied,varied_seed_130206,16,130206,250,0.25,128,0.132835112303327,0.132869107313811,0.132835112303327,0.247321840514325,32,0.25,0
Persistent innovation,varied,varied_seed_130206,16,130206,1,0.001,128,0.000606969496535384,0.000784929803976194,0.0115107263763211,0.00170581547911314,0,0,0
Persistent innovation,varied,varied_seed_130206,16,130206,20,0.02,128,0.00193743364153235,0.00202192411252165,0.0115367986606583,0.00412207222038188,0,0,0
Persistent innovation,varied,varied_seed_130206,16,130206,50,0.05,128,0.00650078546987636,0.00650222865683527,0.0124596582718693,0.0132423973734238,0,0,0
Persistent innovation,varied,varied_seed_130206,16,130206,100,0.1,128,0.0199711871036618,0.0199854530123296,0.0207305277196092,0.0414037854513488,0,0,0
Persistent innovation,varied,varied_seed_130206,16,130206,250,0.25,128,0.0982527275568076,0.098225083400767,0.0934684686446455,0.203647659325326,12,0.09375,0
Linear hybrid,varied,varied_seed_130206,16,130206,1,0.001,128,0.000276214887464445,0.000548744876171829,0.0115019539478626,0.000654954088363913,0,0,0
Linear hybrid,varied,varied_seed_130206,16,130206,20,0.02,128,0.00171452607975636,0.00180827318471947,0.0114874443697141,0.00435046310099635,0,0,0
Linear hybrid,varied,varied_seed_130206,16,130206,50,0.05,128,0.00669896422729992,0.00673874632732109,0.0128594547978567,0.0164572936009402,0,0,0
Linear hybrid,varied,varied_seed_130206,16,130206,100,0.1,128,0.0217837635585364,0.0218015648200694,0.0229440063726572,0.05175361059143,0,0,0
Linear hybrid,varied,varied_seed_130206,16,130206,250,0.25,128,0.0984909750722093,0.098507948029135,0.0964037171725511,0.228572650393775,14,0.109375,0
EDMD hybrid,varied,varied_seed_130206,16,130206,1,0.001,128,0.000281996894497567,0.000550255627312336,0.0115011876707328,0.000694583720745712,0,0,0
EDMD hybrid,varied,varied_seed_130206,16,130206,20,0.02,128,0.0018030799170276,0.00189431284270149,0.0114818955651051,0.00494616206152776,0,0,0
EDMD hybrid,varied,varied_seed_130206,16,130206,50,0.05,128,0.00705224809265555,0.00708833069039405,0.0129844207165138,0.018825065559985,0,0,0
EDMD hybrid,varied,varied_seed_130206,16,130206,100,0.1,128,0.0228496229984634,0.0228706355135213,0.0237368877813475,0.0592225713843138,0,0,0
EDMD hybrid,varied,varied_seed_130206,16,130206,250,0.25,128,0.101379655906451,0.101396331716527,0.0992458329426304,0.241082131137178,15,0.1171875,0
Nominal physics,varied,varied_seed_130207,17,130207,1,0.001,128,0.006949869973024,0.00693523682265326,0.006949869973024,0.0136713935160475,0,0,0
Nominal physics,varied,varied_seed_130207,17,130207,20,0.02,128,0.010625105270071,0.0105411980985807,0.010625105270071,0.0206515392140474,0,0,0
Nominal physics,varied,varied_seed_130207,17,130207,50,0.05,128,0.0224898201327009,0.022361089404261,0.0224898201327009,0.0433886861398319,0,0,0
Nominal physics,varied,varied_seed_130207,17,130207,100,0.1,128,0.0431856411381328,0.0430966310098615,0.0431856411381328,0.0817016523390266,0,0,0
Nominal physics,varied,varied_seed_130207,17,130207,250,0.25,128,0.101695572825097,0.101554371929625,0.101695572825097,0.180159528626287,4,0.03125,0
Persistent innovation,varied,varied_seed_130207,17,130207,1,0.001,128,0.000482531540156741,0.000671824232935513,0.0083166026595086,0.00101731314660747,0,0,0
Persistent innovation,varied,varied_seed_130207,17,130207,20,0.02,128,0.00154950274081979,0.00162537185039846,0.0084199337577781,0.00300107227742194,0,0,0
Persistent innovation,varied,varied_seed_130207,17,130207,50,0.05,128,0.00522762723554116,0.00521076354693177,0.00951512215455174,0.00998663152061895,0,0,0
Persistent innovation,varied,varied_seed_130207,17,130207,100,0.1,128,0.0159337119535762,0.015887246459359,0.0167891230648996,0.0305150657754358,0,0,0
Persistent innovation,varied,varied_seed_130207,17,130207,250,0.25,128,0.0725023865929673,0.0724212346507862,0.0696989086797933,0.142889955345725,0,0,0
Linear hybrid,varied,varied_seed_130207,17,130207,1,0.001,128,0.000255799755647203,0.000571512829420191,0.00832402169666156,0.00081090827334121,0,0,0
Linear hybrid,varied,varied_seed_130207,17,130207,20,0.02,128,0.000926167617483376,0.00105787706920503,0.00838871685363202,0.00282965889433071,0,0,0
Linear hybrid,varied,varied_seed_130207,17,130207,50,0.05,128,0.0032185706432019,0.00319330943115487,0.00903130803040352,0.00813810366763193,0,0,0
Linear hybrid,varied,varied_seed_130207,17,130207,100,0.1,128,0.0102086491083721,0.0101885527094402,0.0130534125818388,0.0227883373020908,0,0,0
Linear hybrid,varied,varied_seed_130207,17,130207,250,0.25,128,0.0457074596790132,0.0456836502047225,0.0446109232176607,0.0959504741540579,0,0,0
EDMD hybrid,varied,varied_seed_130207,17,130207,1,0.001,128,0.000255432914596344,0.000571774044410651,0.00832371335366391,0.00080869335272532,0,0,0
EDMD hybrid,varied,varied_seed_130207,17,130207,20,0.02,128,0.000935999028188914,0.00106487678435742,0.00838552801900834,0.00282873266864833,0,0,0
EDMD hybrid,varied,varied_seed_130207,17,130207,50,0.05,128,0.00327993411881046,0.00324421659065201,0.00909972243892267,0.00814986019934003,0,0,0
EDMD hybrid,varied,varied_seed_130207,17,130207,100,0.1,128,0.0104218081750464,0.0103973324255551,0.013408562831673,0.0236111933990603,0,0,0
EDMD hybrid,varied,varied_seed_130207,17,130207,250,0.25,128,0.0465522435684261,0.04652056741685,0.0457056926921232,0.100294547543031,0,0,0
Nominal physics,varied,varied_seed_130208,18,130208,1,0.001,128,0.00744206012591749,0.00749374398388359,0.00744206012591749,0.0147426622896366,0,0,0
Nominal physics,varied,varied_seed_130208,18,130208,20,0.02,128,0.0112826731144155,0.0112853862986226,0.0112826731144155,0.0224085563512217,0,0,0
Nominal physics,varied,varied_seed_130208,18,130208,50,0.05,128,0.0236475368265756,0.0236367799040262,0.0236475368265756,0.0470908517707707,0,0,0
Nominal physics,varied,varied_seed_130208,18,130208,100,0.1,128,0.04472806327463,0.0447142895121395,0.04472806327463,0.0893383902127197,0,0,0
Nominal physics,varied,varied_seed_130208,18,130208,250,0.25,128,0.101835041848934,0.101819417930255,0.101835041848934,0.199063093402355,13,0.1015625,0
Persistent innovation,varied,varied_seed_130208,18,130208,1,0.001,128,0.000494152572081339,0.000696316905106318,0.00891535269186699,0.00117108061851376,0,0,0
Persistent innovation,varied,varied_seed_130208,18,130208,20,0.02,128,0.00156760979873891,0.00166023305081264,0.00890276871969212,0.00338643284259171,0,0,0
Persistent innovation,varied,varied_seed_130208,18,130208,50,0.05,128,0.00526813666599942,0.00528273048960941,0.00959679938243445,0.0110207565182488,0,0,0
Persistent innovation,varied,varied_seed_130208,18,130208,100,0.1,128,0.0162179094505392,0.016254453016137,0.0164175229292768,0.0329553557770344,0,0,0
Persistent innovation,varied,varied_seed_130208,18,130208,250,0.25,128,0.0793015875351117,0.0793190574975178,0.0753753900537104,0.161627346058459,0,0,0
Linear hybrid,varied,varied_seed_130208,18,130208,1,0.001,128,0.00025392832315228,0.000558676084037727,0.00890789261997726,0.000685803689760997,0,0,0
Linear hybrid,varied,varied_seed_130208,18,130208,20,0.02,128,0.00139108969166933,0.00147916248670574,0.00884759219076454,0.00289422756204649,0,0,0
Linear hybrid,varied,varied_seed_130208,18,130208,50,0.05,128,0.00540426121915798,0.00540120842648545,0.0100609253799396,0.0108326653307088,0,0,0
Linear hybrid,varied,varied_seed_130208,18,130208,100,0.1,128,0.0177240469614547,0.0177215150887225,0.0184996613088859,0.0347749573584527,0,0,0
Linear hybrid,varied,varied_seed_130208,18,130208,250,0.25,128,0.0831580524753491,0.0831636026695828,0.0796260239396886,0.164267375467622,0,0,0
EDMD hybrid,varied,varied_seed_130208,18,130208,1,0.001,128,0.000252842251975848,0.000556670567703531,0.00890831861409618,0.000687246582157616,0,0,0
EDMD hybrid,varied,varied_seed_130208,18,130208,20,0.02,128,0.00137958080487152,0.00146625569454282,0.00885111716326719,0.00290946784099627,0,0,0
EDMD hybrid,varied,varied_seed_130208,18,130208,50,0.05,128,0.00535616859381729,0.00535227173229107,0.0100075869864096,0.0106444519982004,0,0,0
EDMD hybrid,varied,varied_seed_130208,18,130208,100,0.1,128,0.0175881535691191,0.0175864562648035,0.0183080080427476,0.0347039895054324,0,0,0
EDMD hybrid,varied,varied_seed_130208,18,130208,250,0.25,128,0.0829956969451009,0.0830033378885425,0.0794140756716454,0.164329524908,0,0,0
Nominal physics,varied,varied_seed_130209,19,130209,1,0.001,128,0.0077576932531636,0.00774052260192191,0.0077576932531636,0.0152702534381956,0,0,0
Nominal physics,varied,varied_seed_130209,19,130209,20,0.02,128,0.0117995857978056,0.0117592596101348,0.0117995857978056,0.0230472740966883,0,0,0
Nominal physics,varied,varied_seed_130209,19,130209,50,0.05,128,0.0247750202606234,0.0248178942988323,0.0247750202606234,0.0484429750426987,0,0,0
Nominal physics,varied,varied_seed_130209,19,130209,100,0.1,128,0.0469738663291752,0.0469277234066287,0.0469738663291752,0.0908097085831823,0,0,0
Nominal physics,varied,varied_seed_130209,19,130209,250,0.25,128,0.107593449994598,0.107641922517261,0.107593449994598,0.195629913999609,12,0.09375,0
Persistent innovation,varied,varied_seed_130209,19,130209,1,0.001,128,0.000552211775484374,0.000713087584641562,0.00929083837801294,0.00113192849751778,0,0,0
Persistent innovation,varied,varied_seed_130209,19,130209,20,0.02,128,0.00181074701545556,0.0018436643699176,0.00932918358843716,0.003835595567798,0,0,0
Persistent innovation,varied,varied_seed_130209,19,130209,50,0.05,128,0.0060917627073551,0.0060823945965501,0.0103512790606242,0.0129548274957457,0,0,0
Persistent innovation,varied,varied_seed_130209,19,130209,100,0.1,128,0.0185749347832057,0.0185627633353538,0.0186541539272621,0.0394742269907754,0,0,0
Persistent innovation,varied,varied_seed_130209,19,130209,250,0.25,128,0.086185184207414,0.0862052642341623,0.0821476453706357,0.180410240041535,2,0.015625,0
Linear hybrid,varied,varied_seed_130209,19,130209,1,0.001,128,0.000274392701100077,0.00055183176026396,0.00927732718815042,0.000666234378830177,0,0,0
Linear hybrid,varied,varied_seed_130209,19,130209,20,0.02,128,0.00131170673060414,0.00133329264394572,0.00927390600472973,0.00321497357731182,0,0,0
Linear hybrid,varied,varied_seed_130209,19,130209,50,0.05,128,0.00486050741893186,0.00489064430045578,0.0106368605514377,0.0109401259803645,0,0,0
Linear hybrid,varied,varied_seed_130209,19,130209,100,0.1,128,0.0155537763559755,0.0155282911300853,0.0183828443741056,0.0335927924981818,0,0,0
Linear hybrid,varied,varied_seed_130209,19,130209,250,0.25,128,0.0703447222239239,0.0703811449619358,0.0698288646935393,0.147204090803888,0,0,0
EDMD hybrid,varied,varied_seed_130209,19,130209,1,0.001,128,0.000274043544839525,0.000552313237353881,0.00927748673576903,0.00067284900796194,0,0,0
EDMD hybrid,varied,varied_seed_130209,19,130209,20,0.02,128,0.00131814194486369,0.00134012240355218,0.00927315112295532,0.00326157524095272,0,0,0
EDMD hybrid,varied,varied_seed_130209,19,130209,50,0.05,128,0.00489862508514859,0.00492695692594786,0.0106489624380492,0.0111887830466417,0,0,0
EDMD hybrid,varied,varied_seed_130209,19,130209,100,0.1,128,0.0157290299025096,0.0157011350497927,0.0184924574700876,0.034236201939452,0,0,0
EDMD hybrid,varied,varied_seed_130209,19,130209,250,0.25,128,0.0717013985618903,0.0717375529807463,0.071014761720203,0.144602950226174,0,0,0
Nominal physics,varied,varied_seed_130210,20,130210,1,0.001,128,0.00839937650044847,0.008467194749116,0.00839937650044847,0.0160848650230671,0,0,0
Nominal physics,varied,varied_seed_130210,20,130210,20,0.02,128,0.012752026520831,0.0127792873524871,0.012752026520831,0.0243396329181503,0,0,0
Nominal physics,varied,varied_seed_130210,20,130210,50,0.05,128,0.0268282025780585,0.0268596570422599,0.0268282025780585,0.0511847683680035,0,0,0
Nominal physics,varied,varied_seed_130210,20,130210,100,0.1,128,0.0511318530608398,0.051141824267202,0.0511318530608398,0.0975525334104224,0,0,0
Nominal physics,varied,varied_seed_130210,20,130210,250,0.25,128,0.119774978305387,0.119800535085356,0.119774978305387,0.225199783197068,23,0.1796875,0
Persistent innovation,varied,varied_seed_130210,20,130210,1,0.001,128,0.000427933342072985,0.00064688982483709,0.0100591488936552,0.000915224523071106,0,0,0
Persistent innovation,varied,varied_seed_130210,20,130210,20,0.02,128,0.00139173474057468,0.00151000644565723,0.0100603573195971,0.00288487703296533,0,0,0
Persistent innovation,varied,varied_seed_130210,20,130210,50,0.05,128,0.00468367285543908,0.00469724113835781,0.0106092718978972,0.00910003050457468,0,0,0
Persistent innovation,varied,varied_seed_130210,20,130210,100,0.1,128,0.0144822673683265,0.0145600301372822,0.0160426672399182,0.0278728064768419,0,0,0
Persistent innovation,varied,varied_seed_130210,20,130210,250,0.25,128,0.0729386682129794,0.0729484322492909,0.0696768641006495,0.138924309000005,0,0,0
Linear hybrid,varied,varied_seed_130210,20,130210,1,0.001,128,0.000235217548635719,0.000533925182239178,0.010059295023988,0.000690267053049254,0,0,0
Linear hybrid,varied,varied_seed_130210,20,130210,20,0.02,128,0.00132396789279519,0.00143167284631431,0.0100213115980899,0.00348044377453832,0,0,0
Linear hybrid,varied,varied_seed_130210,20,130210,50,0.05,128,0.0051076586869055,0.00510982016594782,0.010843613983953,0.0125619244798138,0,0,0
Linear hybrid,varied,varied_seed_130210,20,130210,100,0.1,128,0.016654614276949,0.0167034408921908,0.0178542088277702,0.0395584600952885,0,0,0
Linear hybrid,varied,varied_seed_130210,20,130210,250,0.25,128,0.0790767973581559,0.0790855332178221,0.0760404319474049,0.177860881788125,3,0.0234375,0
EDMD hybrid,varied,varied_seed_130210,20,130210,1,0.001,128,0.000234802917827709,0.000535409626695923,0.0100596292654286,0.000683721922049019,0,0,0
EDMD hybrid,varied,varied_seed_130210,20,130210,20,0.02,128,0.00134030600792505,0.00144638308258222,0.0100231812711515,0.00357573519476523,0,0,0
EDMD hybrid,varied,varied_seed_130210,20,130210,50,0.05,128,0.00517430134169324,0.00517455102462059,0.0108203593888316,0.0129494172533039,0,0,0
EDMD hybrid,varied,varied_seed_130210,20,130210,100,0.1,128,0.0168582657005342,0.0169074493478412,0.0178703050752699,0.0407805589752903,0,0,0
EDMD hybrid,varied,varied_seed_130210,20,130210,250,0.25,128,0.0797288460570516,0.0797381019447218,0.0765737977543314,0.181448852959985,4,0.03125,0
Nominal physics,nonlinear,nonlinear_seed_130301,21,130301,1,0.001,128,0.0118531934504249,0.0118320008946463,0.0118531934504249,0.0211787962153093,0,0,0
Nominal physics,nonlinear,nonlinear_seed_130301,21,130301,20,0.02,128,0.017947189244683,0.0179471898166919,0.017947189244683,0.032127287499039,0,0,0
Nominal physics,nonlinear,nonlinear_seed_130301,21,130301,50,0.05,128,0.0372960023563437,0.0372380611191293,0.0372960023563437,0.0675816689283796,0,0,0
Nominal physics,nonlinear,nonlinear_seed_130301,21,130301,100,0.1,128,0.069043810577954,0.0690208397429081,0.069043810577954,0.126985216803222,0,0,0
Nominal physics,nonlinear,nonlinear_seed_130301,21,130301,250,0.25,128,0.145450194550715,0.145490690558671,0.145450194550715,0.289140523685776,34,0.265625,0
Persistent innovation,nonlinear,nonlinear_seed_130301,21,130301,1,0.001,128,0.00140818051645834,0.0015303928523595,0.0141840778425728,0.00459434895319122,0,0,0
Persistent innovation,nonlinear,nonlinear_seed_130301,21,130301,20,0.02,128,0.00467804277190267,0.00473490132341368,0.0142836387905657,0.0130073260059856,0,0,0
Persistent innovation,nonlinear,nonlinear_seed_130301,21,130301,50,0.05,128,0.0147364866790786,0.0147073002684223,0.0178076283734859,0.0412082836665807,0,0,0
Persistent innovation,nonlinear,nonlinear_seed_130301,21,130301,100,0.1,128,0.0399637695022246,0.03999156121224,0.0371163778155664,0.104270717410657,0,0,0
Persistent innovation,nonlinear,nonlinear_seed_130301,21,130301,250,0.25,128,0.146713985711047,0.146640779392658,0.138382228677545,0.346715815533572,33,0.2578125,0
Linear hybrid,nonlinear,nonlinear_seed_130301,21,130301,1,0.001,128,0.000323759141056544,0.000601557129259289,0.014196788923641,0.000831669684725478,0,0,0
Linear hybrid,nonlinear,nonlinear_seed_130301,21,130301,20,0.02,128,0.00260648948232025,0.00267599711213564,0.0141825822627456,0.00806510108829916,0,0,0
Linear hybrid,nonlinear,nonlinear_seed_130301,21,130301,50,0.05,128,0.0095650757124831,0.0095567740516169,0.0159172176745144,0.0279599979081427,0,0,0
Linear hybrid,nonlinear,nonlinear_seed_130301,21,130301,100,0.1,128,0.0267625403044492,0.0267930816655919,0.0280387177054554,0.0701296528110051,0,0,0
Linear hybrid,nonlinear,nonlinear_seed_130301,21,130301,250,0.25,128,0.0908087006558391,0.0907392962205013,0.0893216632738388,0.22480355855072,8,0.0625,0
EDMD hybrid,nonlinear,nonlinear_seed_130301,21,130301,1,0.001,128,0.000323491971672175,0.000601049386613247,0.0141967849860786,0.000842069004426182,0,0,0
EDMD hybrid,nonlinear,nonlinear_seed_130301,21,130301,20,0.02,128,0.00261018223051347,0.00268035560369751,0.0141834432537557,0.00809284217162443,0,0,0
EDMD hybrid,nonlinear,nonlinear_seed_130301,21,130301,50,0.05,128,0.00957242782103403,0.00956339905153566,0.0159010150408866,0.0278843718586952,0,0,0
EDMD hybrid,nonlinear,nonlinear_seed_130301,21,130301,100,0.1,128,0.0267513696051251,0.0267821171208965,0.0279845235687531,0.0704305926277753,0,0,0
EDMD hybrid,nonlinear,nonlinear_seed_130301,21,130301,250,0.25,128,0.0907538554510071,0.090685386098774,0.0892864471401539,0.225991487715128,8,0.0625,0
Nominal physics,nonlinear,nonlinear_seed_130302,22,130302,1,0.001,128,0.0135405744621634,0.01349536696699,0.0135405744621634,0.0258499004560674,0,0,0
Nominal physics,nonlinear,nonlinear_seed_130302,22,130302,20,0.02,128,0.020432491615831,0.0204421433232216,0.020432491615831,0.0389783175634811,0,0,0
Nominal physics,nonlinear,nonlinear_seed_130302,22,130302,50,0.05,128,0.0420957820750398,0.0421129727280885,0.0420957820750398,0.0797513473699289,0,0,0
Nominal physics,nonlinear,nonlinear_seed_130302,22,130302,100,0.1,128,0.076491484390428,0.0765385307819705,0.076491484390428,0.14585936489659,0,0,0
Nominal physics,nonlinear,nonlinear_seed_130302,22,130302,250,0.25,128,0.147484801847831,0.147463773960699,0.147484801847831,0.308306730632284,38,0.296875,0
Persistent innovation,nonlinear,nonlinear_seed_130302,22,130302,1,0.001,128,0.00196369143465835,0.00198291272545416,0.0162014767476535,0.00636701575985378,0,0,0
Persistent innovation,nonlinear,nonlinear_seed_130302,22,130302,20,0.02,128,0.00648402365699338,0.00643082195517872,0.0163263997492951,0.0197896400363742,0,0,0
Persistent innovation,nonlinear,nonlinear_seed_130302,22,130302,50,0.05,128,0.0201162237090796,0.0201670134205221,0.0217204116324004,0.0558506715474411,0,0,0
Persistent innovation,nonlinear,nonlinear_seed_130302,22,130302,100,0.1,128,0.0536890776078144,0.0536270385942471,0.0486250289645277,0.13996805144442,0,0,0
Persistent innovation,nonlinear,nonlinear_seed_130302,22,130302,250,0.25,128,0.195161042632155,0.195140325871854,0.183635567371639,0.447736886348598,64,0.5,0
Linear hybrid,nonlinear,nonlinear_seed_130302,22,130302,1,0.001,128,0.00042678565416213,0.000589336412343915,0.0162208357945577,0.00126180005014269,0,0,0
Linear hybrid,nonlinear,nonlinear_seed_130302,22,130302,20,0.02,128,0.00383294177136725,0.00381552412353417,0.0161686817695548,0.0115299999495468,0,0,0
Linear hybrid,nonlinear,nonlinear_seed_130302,22,130302,50,0.05,128,0.0141524304970691,0.014218719584968,0.0191051310811787,0.0418936802817794,0,0,0
Linear hybrid,nonlinear,nonlinear_seed_130302,22,130302,100,0.1,128,0.0397401424341228,0.0396778828380078,0.0386569731917999,0.0995488544894051,0,0,0
Linear hybrid,nonlinear,nonlinear_seed_130302,22,130302,250,0.25,128,0.135512780642616,0.135495683282477,0.13304597339519,0.277252321248614,31,0.2421875,0
EDMD hybrid,nonlinear,nonlinear_seed_130302,22,130302,1,0.001,128,0.000425659494305757,0.000587634864731712,0.0162206605565627,0.00122202404030784,0,0,0
EDMD hybrid,nonlinear,nonlinear_seed_130302,22,130302,20,0.02,128,0.00382974226362113,0.00381263567264874,0.0161682877617989,0.0114913885176508,0,0,0
EDMD hybrid,nonlinear,nonlinear_seed_130302,22,130302,50,0.05,128,0.0141463039170617,0.0142121344934283,0.0191110827870746,0.0417310761302269,0,0,0
EDMD hybrid,nonlinear,nonlinear_seed_130302,22,130302,100,0.1,128,0.0397472581371256,0.039685645503783,0.0386756173900501,0.100475086800503,0,0,0
EDMD hybrid,nonlinear,nonlinear_seed_130302,22,130302,250,0.25,128,0.135764795007193,0.135748283745218,0.133285767785058,0.281170358272253,31,0.2421875,0
Nominal physics,nonlinear,nonlinear_seed_130303,23,130303,1,0.001,128,0.018891084130067,0.0189214139830135,0.018891084130067,0.0303699994085659,0,0,0
Nominal physics,nonlinear,nonlinear_seed_130303,23,130303,20,0.02,128,0.0286787000704981,0.0286512114761258,0.0286787000704981,0.0459316952026007,0,0,0
Nominal physics,nonlinear,nonlinear_seed_130303,23,130303,50,0.05,128,0.0597394133136485,0.0598037410631714,0.0597394133136485,0.0952838239845881,0,0,0
Nominal physics,nonlinear,nonlinear_seed_130303,23,130303,100,0.1,128,0.110947437314023,0.110906802016197,0.110947437314023,0.177422184725747,2,0.015625,0
Nominal physics,nonlinear,nonlinear_seed_130303,23,130303,250,0.25,128,0.234379513505544,0.234469344561299,0.234379513505544,0.414001388262142,65,0.5078125,0
Persistent innovation,nonlinear,nonlinear_seed_130303,23,130303,1,0.001,128,0.00228899632288314,0.00231898739441035,0.0225964256606407,0.00753573289809695,0,0,0
Persistent innovation,nonlinear,nonlinear_seed_130303,23,130303,20,0.02,128,0.00750759380458781,0.00756898427952755,0.0228566327024719,0.0254223973202481,0,0,0
Persistent innovation,nonlinear,nonlinear_seed_130303,23,130303,50,0.05,128,0.0239127058083063,0.0239060112304428,0.0289032563271859,0.0727676065367047,0,0,0
Persistent innovation,nonlinear,nonlinear_seed_130303,23,130303,100,0.1,128,0.0662373464107819,0.0662360700742946,0.0617614089600487,0.171550657569092,0,0,0
Persistent innovation,nonlinear,nonlinear_seed_130303,23,130303,250,0.25,128,0.261639409670112,0.261637712297915,0.24790142612354,0.534309377416232,67,0.5234375,0
Linear hybrid,nonlinear,nonlinear_seed_130303,23,130303,1,0.001,128,0.000418322671309917,0.00057914287314321,0.0226232166284883,0.00156916646693778,0,0,0
Linear hybrid,nonlinear,nonlinear_seed_130303,23,130303,20,0.02,128,0.00427973010200622,0.00434983669060612,0.0226561044060725,0.015996466777491,0,0,0
Linear hybrid,nonlinear,nonlinear_seed_130303,23,130303,50,0.05,128,0.0164151754528805,0.0164206259660999,0.0261850533699601,0.0521409384760333,0,0,0
Linear hybrid,nonlinear,nonlinear_seed_130303,23,130303,100,0.1,128,0.0483309675547466,0.048329330705692,0.0499038144922978,0.134852638889843,0,0,0
Linear hybrid,nonlinear,nonlinear_seed_130303,23,130303,250,0.25,128,0.177002596054066,0.177002178103079,0.176169705964805,0.360228086481029,47,0.3671875,0
EDMD hybrid,nonlinear,nonlinear_seed_130303,23,130303,1,0.001,128,0.000418623187331247,0.000580674065569215,0.0226225192902908,0.00155696951195866,0,0,0
EDMD hybrid,nonlinear,nonlinear_seed_130303,23,130303,20,0.02,128,0.0042795205348664,0.0043486384756686,0.0226559301647659,0.0159660085993475,0,0,0
EDMD hybrid,nonlinear,nonlinear_seed_130303,23,130303,50,0.05,128,0.0164184089579785,0.016423209760416,0.0261985383963194,0.0520483872798051,0,0,0
EDMD hybrid,nonlinear,nonlinear_seed_130303,23,130303,100,0.1,128,0.0483551914244696,0.048354571084945,0.0499474054001859,0.134804905723177,0,0,0
EDMD hybrid,nonlinear,nonlinear_seed_130303,23,130303,250,0.25,128,0.177185539206543,0.177185361377592,0.176346957395814,0.359894075307099,48,0.375,0
Nominal physics,nonlinear,nonlinear_seed_130304,24,130304,1,0.001,128,0.0129298638439909,0.0128904475472679,0.0129298638439909,0.0269697637970013,0,0,0
Nominal physics,nonlinear,nonlinear_seed_130304,24,130304,20,0.02,128,0.0196430466897421,0.0196285655232873,0.0196430466897421,0.0410019121692851,0,0,0
Nominal physics,nonlinear,nonlinear_seed_130304,24,130304,50,0.05,128,0.0408888487022381,0.0408299009589274,0.0408888487022381,0.0863673680651605,0,0,0
Nominal physics,nonlinear,nonlinear_seed_130304,24,130304,100,0.1,128,0.0757240061659566,0.0757177599788318,0.0757240061659566,0.164071751399682,0,0,0
Nominal physics,nonlinear,nonlinear_seed_130304,24,130304,250,0.25,128,0.162701577070963,0.162660400775173,0.162701577070963,0.375521947969844,31,0.2421875,0
Persistent innovation,nonlinear,nonlinear_seed_130304,24,130304,1,0.001,128,0.00167926961477781,0.00166398253317803,0.0154592421515006,0.00524733569817193,0,0,0
Persistent innovation,nonlinear,nonlinear_seed_130304,24,130304,20,0.02,128,0.00554477550497547,0.00553400223060296,0.0156944639498454,0.0176542938313763,0,0,0
Persistent innovation,nonlinear,nonlinear_seed_130304,24,130304,50,0.05,128,0.017407004496903,0.0173727949481777,0.0203658539763061,0.0498246797928075,0,0,0
Persistent innovation,nonlinear,nonlinear_seed_130304,24,130304,100,0.1,128,0.0473218161690609,0.0473221783592364,0.0439584828670266,0.122394156122292,0,0,0
Persistent innovation,nonlinear,nonlinear_seed_130304,24,130304,250,0.25,128,0.175810871314944,0.175786786950289,0.166702040155062,0.405954640465959,46,0.359375,0
Linear hybrid,nonlinear,nonlinear_seed_130304,24,130304,1,0.001,128,0.000356611472741426,0.000540883344127742,0.0154865896383624,0.00118342458256837,0,0,0
Linear hybrid,nonlinear,nonlinear_seed_130304,24,130304,20,0.02,128,0.00323317828636451,0.00323337777965047,0.0155596698886832,0.0104396479145986,0,0,0
Linear hybrid,nonlinear,nonlinear_seed_130304,24,130304,50,0.05,128,0.0119788513159115,0.0119662846218021,0.0180342663611628,0.0369506406519587,0,0,0
Linear hybrid,nonlinear,nonlinear_seed_130304,24,130304,100,0.1,128,0.0339383948159396,0.0339477746534672,0.0342157223019114,0.0917536556441084,0,0,0
Linear hybrid,nonlinear,nonlinear_seed_130304,24,130304,250,0.25,128,0.114417440180685,0.114383227200381,0.113777895032594,0.240552092580524,21,0.1640625,0
EDMD hybrid,nonlinear,nonlinear_seed_130304,24,130304,1,0.001,128,0.000357362363822565,0.000540198405620042,0.0154866983714807,0.00117878381484859,0,0,0
EDMD hybrid,nonlinear,nonlinear_seed_130304,24,130304,20,0.02,128,0.00325303012914542,0.00325388389280903,0.0155592366659513,0.0104607392633058,0,0,0
EDMD hybrid,nonlinear,nonlinear_seed_130304,24,130304,50,0.05,128,0.0120653023601824,0.0120531790941454,0.0180497828135238,0.0371263621745338,0,0,0
EDMD hybrid,nonlinear,nonlinear_seed_130304,24,130304,100,0.1,128,0.0342395251342324,0.0342508286435279,0.0343928528492538,0.0923447283492234,0,0,0
EDMD hybrid,nonlinear,nonlinear_seed_130304,24,130304,250,0.25,128,0.11610454181629,0.116070786677401,0.115297690329244,0.243793309560131,21,0.1640625,0
Nominal physics,nonlinear,nonlinear_seed_130305,25,130305,1,0.001,128,0.0103495829628561,0.0103448973014116,0.0103495829628561,0.0187791131584364,0,0,0
Nominal physics,nonlinear,nonlinear_seed_130305,25,130305,20,0.02,128,0.0156962767525765,0.015689042596246,0.0156962767525765,0.0284937024815466,0,0,0
Nominal physics,nonlinear,nonlinear_seed_130305,25,130305,50,0.05,128,0.032782600385133,0.032684019881026,0.032782600385133,0.0597985667446692,0,0,0
Nominal physics,nonlinear,nonlinear_seed_130305,25,130305,100,0.1,128,0.0614514757177753,0.0614285074951362,0.0614514757177753,0.111772797664175,0,0,0
Nominal physics,nonlinear,nonlinear_seed_130305,25,130305,250,0.25,128,0.135835127808469,0.135743486128093,0.135835127808469,0.25106764576183,33,0.2578125,0
Persistent innovation,nonlinear,nonlinear_seed_130305,25,130305,1,0.001,128,0.000945770268655758,0.0010747360717266,0.0123867752215713,0.00405667213186156,0,0,0
Persistent innovation,nonlinear,nonlinear_seed_130305,25,130305,20,0.02,128,0.00320674318849024,0.00323506661595507,0.0124474400150363,0.0118722382435294,0,0,0
Persistent innovation,nonlinear,nonlinear_seed_130305,25,130305,50,0.05,128,0.0103260996656009,0.0103757952990038,0.0145213171628018,0.0356663452677454,0,0,0
Persistent innovation,nonlinear,nonlinear_seed_130305,25,130305,100,0.1,128,0.0290794984460081,0.0291003657264433,0.027927170172062,0.0917482896680817,0,0,0
Persistent innovation,nonlinear,nonlinear_seed_130305,25,130305,250,0.25,128,0.121704086037315,0.121619593331909,0.115394225326837,0.301474450356185,22,0.171875,0
Linear hybrid,nonlinear,nonlinear_seed_130305,25,130305,1,0.001,128,0.000270657919690564,0.00057806832372497,0.0123930026194184,0.000751964911599165,0,0,0
Linear hybrid,nonlinear,nonlinear_seed_130305,25,130305,20,0.02,128,0.00191027821333015,0.00194508747528784,0.0123890225470448,0.00657879992054022,0,0,0
Linear hybrid,nonlinear,nonlinear_seed_130305,25,130305,50,0.05,128,0.00713014442774336,0.00717401345350749,0.0135187236375218,0.0249930487901268,0,0,0
Linear hybrid,nonlinear,nonlinear_seed_130305,25,130305,100,0.1,128,0.0209700100847978,0.0209623477113312,0.0225172902629056,0.0707057084419987,0,0,0
Linear hybrid,nonlinear,nonlinear_seed_130305,25,130305,250,0.25,128,0.0817214146177524,0.081647368613913,0.0806393051906639,0.22456348334513,4,0.03125,0
EDMD hybrid,nonlinear,nonlinear_seed_130305,25,130305,1,0.001,128,0.000271640958027637,0.000578284586323958,0.0123931154794241,0.000759934506758042,0,0,0
EDMD hybrid,nonlinear,nonlinear_seed_130305,25,130305,20,0.02,128,0.00190832593978192,0.00194228948801617,0.0123905345361654,0.00658617818262452,0,0,0
EDMD hybrid,nonlinear,nonlinear_seed_130305,25,130305,50,0.05,128,0.00712591469139365,0.00717063432753465,0.013487991044391,0.0249141305946262,0,0,0
EDMD hybrid,nonlinear,nonlinear_seed_130305,25,130305,100,0.1,128,0.0209661067571855,0.020956870074436,0.022397424981819,0.0700854726167681,0,0,0
EDMD hybrid,nonlinear,nonlinear_seed_130305,25,130305,250,0.25,128,0.0816820844309392,0.0816099934097884,0.0804401624648541,0.222277262094037,4,0.03125,0
Nominal physics,nonlinear,nonlinear_seed_130306,26,130306,1,0.001,128,0.0194248624526191,0.0194323183526705,0.0194248624526191,0.0313209855149365,0,0,0
Nominal physics,nonlinear,nonlinear_seed_130306,26,130306,20,0.02,128,0.0295511096738212,0.0295295238621791,0.0295511096738212,0.0472391434122958,0,0,0
Nominal physics,nonlinear,nonlinear_seed_130306,26,130306,50,0.05,128,0.0616725405960361,0.0617256865942381,0.0616725405960361,0.0959574068247115,0,0,0
Nominal physics,nonlinear,nonlinear_seed_130306,26,130306,100,0.1,128,0.114916870836645,0.114883268162631,0.114916870836645,0.184105722202572,6,0.046875,0
Nominal physics,nonlinear,nonlinear_seed_130306,26,130306,250,0.25,128,0.2441007382263,0.244122301541274,0.2441007382263,0.431508007125864,73,0.5703125,0
Persistent innovation,nonlinear,nonlinear_seed_130306,26,130306,1,0.001,128,0.00247577948364892,0.00249195880347712,0.0232283797506446,0.00804694734752878,0,0,0
Persistent innovation,nonlinear,nonlinear_seed_130306,26,130306,20,0.02,128,0.0082873676826459,0.00827767431929688,0.0236111505545631,0.0267486887136969,0,0,0
Persistent innovation,nonlinear,nonlinear_seed_130306,26,130306,50,0.05,128,0.0264599544426872,0.0264615577615199,0.0309243987255329,0.0799250588976703,0,0,0
Persistent innovation,nonlinear,nonlinear_seed_130306,26,130306,100,0.1,128,0.0735145376673523,0.0735028140624172,0.0684964338531617,0.192641960805705,4,0.03125,0
Persistent innovation,nonlinear,nonlinear_seed_130306,26,130306,250,0.25,128,0.285896297908646,0.285946380608145,0.271529120828994,0.634490880989649,67,0.5234375,0
Linear hybrid,nonlinear,nonlinear_seed_130306,26,130306,1,0.001,128,0.00046756600673683,0.000641409796267646,0.0232586080649394,0.00138871310143548,0,0,0
Linear hybrid,nonlinear,nonlinear_seed_130306,26,130306,20,0.02,128,0.00478893957303368,0.00478447785764082,0.0233895165320837,0.0167001342192125,0,0,0
Linear hybrid,nonlinear,nonlinear_seed_130306,26,130306,50,0.05,128,0.0180924283191181,0.0181060038022048,0.0277627952594582,0.0545051112557517,0,0,0
Linear hybrid,nonlinear,nonlinear_seed_130306,26,130306,100,0.1,128,0.0527642674468374,0.0527569009602373,0.0545765356838527,0.147231178753757,0,0,0
Linear hybrid,nonlinear,nonlinear_seed_130306,26,130306,250,0.25,128,0.190245749958263,0.19029606463575,0.189744527446566,0.423941880731333,48,0.375,0
EDMD hybrid,nonlinear,nonlinear_seed_130306,26,130306,1,0.001,128,0.000468622283824855,0.000643663261868374,0.0232586293992804,0.00138203902089662,0,0,0
EDMD hybrid,nonlinear,nonlinear_seed_130306,26,130306,20,0.02,128,0.00480480622869752,0.00480035169094857,0.0233892178076319,0.0168898786346968,0,0,0
EDMD hybrid,nonlinear,nonlinear_seed_130306,26,130306,50,0.05,128,0.0181457167995222,0.018158986375219,0.0277780303389769,0.0552925368753488,0,0,0
EDMD hybrid,nonlinear,nonlinear_seed_130306,26,130306,100,0.1,128,0.0529006972502647,0.0528930522951726,0.0546868201144794,0.147929020148115,0,0,0
EDMD hybrid,nonlinear,nonlinear_seed_130306,26,130306,250,0.25,128,0.190699549774361,0.190750022115113,0.190229025076259,0.430667036277212,48,0.375,0
Nominal physics,nonlinear,nonlinear_seed_130307,27,130307,1,0.001,128,0.0176396975841974,0.0175964552495289,0.0176396975841974,0.0363569157919599,0,0,0
Nominal physics,nonlinear,nonlinear_seed_130307,27,130307,20,0.02,128,0.0266047472868013,0.0265746308000033,0.0266047472868013,0.0552242236884129,0,0,0
Nominal physics,nonlinear,nonlinear_seed_130307,27,130307,50,0.05,128,0.0552001692584492,0.0552304777046933,0.0552001692584492,0.116064159817871,0,0,0
Nominal physics,nonlinear,nonlinear_seed_130307,27,130307,100,0.1,128,0.101877589670568,0.101829471113649,0.101877589670568,0.21934377622496,8,0.0625,0
Nominal physics,nonlinear,nonlinear_seed_130307,27,130307,250,0.25,128,0.211338289856729,0.211365495270168,0.211338289856729,0.477495787470056,62,0.484375,0
Persistent innovation,nonlinear,nonlinear_seed_130307,27,130307,1,0.001,128,0.00215854576995138,0.00216858789375215,0.0211224583588436,0.00907830678743859,0,0,0
Persistent innovation,nonlinear,nonlinear_seed_130307,27,130307,20,0.02,128,0.00742333928837762,0.00746492484281309,0.0211622766314547,0.0275947054264053,0,0,0
Persistent innovation,nonlinear,nonlinear_seed_130307,27,130307,50,0.05,128,0.0236821333692303,0.0237100009769503,0.0270799787991951,0.0841994909258167,0,0,0
Persistent innovation,nonlinear,nonlinear_seed_130307,27,130307,100,0.1,128,0.0645474733976919,0.0645955999145524,0.0592223758664056,0.187540777968485,4,0.03125,0
Persistent innovation,nonlinear,nonlinear_seed_130307,27,130307,250,0.25,128,0.247075340483607,0.247136565453782,0.233475127913201,0.54033548149224,61,0.4765625,0
Linear hybrid,nonlinear,nonlinear_seed_130307,27,130307,1,0.001,128,0.000444152646947305,0.000646411138363146,0.0211402741069848,0.00136315876904569,0,0,0
Linear hybrid,nonlinear,nonlinear_seed_130307,27,130307,20,0.02,128,0.00450100918775483,0.00455190285802123,0.0210133216531021,0.0174744238019395,0,0,0
Linear hybrid,nonlinear,nonlinear_seed_130307,27,130307,50,0.05,128,0.0169870913967301,0.0170120583494005,0.0242963783042662,0.0582409121708168,0,0,0
Linear hybrid,nonlinear,nonlinear_seed_130307,27,130307,100,0.1,128,0.0483030159327664,0.0483759164843099,0.0476619298484279,0.147566611933909,0,0,0
Linear hybrid,nonlinear,nonlinear_seed_130307,27,130307,250,0.25,128,0.169020651019198,0.169066951144641,0.166768653778696,0.364276250351593,44,0.34375,0
EDMD hybrid,nonlinear,nonlinear_seed_130307,27,130307,1,0.001,128,0.000442875140310974,0.000647167027497089,0.0211403975357295,0.00132795992818024,0,0,0
EDMD hybrid,nonlinear,nonlinear_seed_130307,27,130307,20,0.02,128,0.00448616085634575,0.00453794338651101,0.021014515016831,0.0173827879089941,0,0,0
EDMD hybrid,nonlinear,nonlinear_seed_130307,27,130307,50,0.05,128,0.0169399151625683,0.0169642372736156,0.0242649757707313,0.057918534370069,0,0,0
EDMD hybrid,nonlinear,nonlinear_seed_130307,27,130307,100,0.1,128,0.0481944157454377,0.0482686975994316,0.0475585599311071,0.147700938853257,0,0,0
EDMD hybrid,nonlinear,nonlinear_seed_130307,27,130307,250,0.25,128,0.16859579044674,0.168641661396474,0.166477497261162,0.364848755288655,42,0.328125,0
Nominal physics,nonlinear,nonlinear_seed_130308,28,130308,1,0.001,128,0.0247739934809318,0.0247525347580406,0.0247739934809318,0.0407615697670305,0,0,0
Nominal physics,nonlinear,nonlinear_seed_130308,28,130308,20,0.02,128,0.0376261060716329,0.0376310399252324,0.0376261060716329,0.0618630694409259,0,0,0
Nominal physics,nonlinear,nonlinear_seed_130308,28,130308,50,0.05,128,0.0785949710578051,0.0785867362795368,0.0785949710578051,0.129447002707085,0,0,0
Nominal physics,nonlinear,nonlinear_seed_130308,28,130308,100,0.1,128,0.147014013054141,0.14703990921893,0.147014013054141,0.243028843118321,38,0.296875,0
Nominal physics,nonlinear,nonlinear_seed_130308,28,130308,250,0.25,128,0.312990239654266,0.313026119973541,0.312990239654266,0.510759125510121,97,0.7578125,0
Persistent innovation,nonlinear,nonlinear_seed_130308,28,130308,1,0.001,128,0.00282783132154174,0.00286437191910538,0.029636770902634,0.0101517676983796,0,0,0
Persistent innovation,nonlinear,nonlinear_seed_130308,28,130308,20,0.02,128,0.00943541782294309,0.00946571443704865,0.0299624985176834,0.0299838747604602,0,0,0
Persistent innovation,nonlinear,nonlinear_seed_130308,28,130308,50,0.05,128,0.0300552038775027,0.0300496466313842,0.0374322086534142,0.0868395740131105,0,0,0
Persistent innovation,nonlinear,nonlinear_seed_130308,28,130308,100,0.1,128,0.0828763085795718,0.0828901260602829,0.0781058803768771,0.20996257555584,7,0.0546875,0
Persistent innovation,nonlinear,nonlinear_seed_130308,28,130308,250,0.25,128,0.325826426241855,0.325807435851342,0.30872754632576,0.70469436259392,81,0.6328125,0
Linear hybrid,nonlinear,nonlinear_seed_130308,28,130308,1,0.001,128,0.000491198206521173,0.000677363283274891,0.0296711047132484,0.00153497718875423,0,0,0
Linear hybrid,nonlinear,nonlinear_seed_130308,28,130308,20,0.02,128,0.00546748191284461,0.00551316091981249,0.0297231571170593,0.0175229478629677,0,0,0
Linear hybrid,nonlinear,nonlinear_seed_130308,28,130308,50,0.05,128,0.0209584832783751,0.0209580313286629,0.0341899010167567,0.0641428251524775,0,0,0
Linear hybrid,nonlinear,nonlinear_seed_130308,28,130308,100,0.1,128,0.0612929279639073,0.0613076453983827,0.0640308298841174,0.148171238989134,0,0,0
Linear hybrid,nonlinear,nonlinear_seed_130308,28,130308,250,0.25,128,0.224712899951346,0.224699942611995,0.223619923196446,0.441890619905378,64,0.5,0
EDMD hybrid,nonlinear,nonlinear_seed_130308,28,130308,1,0.001,128,0.000494197489238362,0.000679756403453499,0.0296716514338974,0.00150460245014333,0,0,0
EDMD hybrid,nonlinear,nonlinear_seed_130308,28,130308,20,0.02,128,0.00548497726812351,0.00553177329311892,0.0297219492777143,0.0177387178979398,0,0,0
EDMD hybrid,nonlinear,nonlinear_seed_130308,28,130308,50,0.05,128,0.021020527360639,0.0210199992729729,0.0342152601089816,0.064622751685828,0,0,0
EDMD hybrid,nonlinear,nonlinear_seed_130308,28,130308,100,0.1,128,0.0614661054862463,0.0614814880789633,0.0641718599599358,0.149660806672315,0,0,0
EDMD hybrid,nonlinear,nonlinear_seed_130308,28,130308,250,0.25,128,0.225237260844885,0.22522393275549,0.224111237659171,0.455072405063978,63,0.4921875,0
Nominal physics,nonlinear,nonlinear_seed_130309,29,130309,1,0.001,128,0.017913172824104,0.0179164791921432,0.017913172824104,0.0303222067548222,0,0,0
Nominal physics,nonlinear,nonlinear_seed_130309,29,130309,20,0.02,128,0.027155495094193,0.0271979552702851,0.027155495094193,0.0459979460178006,0,0,0
Nominal physics,nonlinear,nonlinear_seed_130309,29,130309,50,0.05,128,0.0565252997836509,0.0565101208050689,0.0565252997836509,0.0970247167612515,0,0,0
Nominal physics,nonlinear,nonlinear_seed_130309,29,130309,100,0.1,128,0.104964137341479,0.104967229078134,0.104964137341479,0.185633470193667,11,0.0859375,0
Nominal physics,nonlinear,nonlinear_seed_130309,29,130309,250,0.25,128,0.218703794407882,0.21865479197364,0.218703794407882,0.443701057705874,50,0.390625,0
Persistent innovation,nonlinear,nonlinear_seed_130309,29,130309,1,0.001,128,0.00227719258983018,0.00232588932428671,0.0214237111398583,0.00810820941492313,0,0,0
Persistent innovation,nonlinear,nonlinear_seed_130309,29,130309,20,0.02,128,0.00750451003108941,0.00758209437894477,0.0216642228575843,0.0270069719917737,0,0,0
Persistent innovation,nonlinear,nonlinear_seed_130309,29,130309,50,0.05,128,0.0233975695717731,0.0234198341962988,0.0276989288747978,0.0798891674171981,0,0,0
Persistent innovation,nonlinear,nonlinear_seed_130309,29,130309,100,0.1,128,0.0626815863959455,0.062814622092858,0.0583781202745763,0.186150020913604,2,0.015625,0
Persistent innovation,nonlinear,nonlinear_seed_130309,29,130309,250,0.25,128,0.238485701673047,0.238482252080666,0.225454484351322,0.598818015552511,56,0.4375,0
Linear hybrid,nonlinear,nonlinear_seed_130309,29,130309,1,0.001,128,0.000428203509260493,0.000645903450519974,0.0214609845554508,0.00129051773388456,0,0,0
Linear hybrid,nonlinear,nonlinear_seed_130309,29,130309,20,0.02,128,0.00433413749775594,0.00441534253423279,0.0214686168902469,0.0163051921929421,0,0,0
Linear hybrid,nonlinear,nonlinear_seed_130309,29,130309,50,0.05,128,0.0161208672373329,0.0161299522276365,0.0247304287403259,0.0535582366670041,0,0,0
Linear hybrid,nonlinear,nonlinear_seed_130309,29,130309,100,0.1,128,0.045081438596914,0.0452064296509891,0.046068274914619,0.139618936373897,0,0,0
Linear hybrid,nonlinear,nonlinear_seed_130309,29,130309,250,0.25,128,0.157416350428662,0.157404737970336,0.156111429273345,0.400853183595927,33,0.2578125,0
EDMD hybrid,nonlinear,nonlinear_seed_130309,29,130309,1,0.001,128,0.000429546548044269,0.000646530214737253,0.0214607615017181,0.00132368291445678,0,0,0
EDMD hybrid,nonlinear,nonlinear_seed_130309,29,130309,20,0.02,128,0.00433395125657945,0.00441642368566902,0.0214663136450939,0.0164970103712584,0,0,0
EDMD hybrid,nonlinear,nonlinear_seed_130309,29,130309,50,0.05,128,0.0161149161543228,0.0161242074322395,0.0247674569050192,0.0543147066302746,0,0,0
EDMD hybrid,nonlinear,nonlinear_seed_130309,29,130309,100,0.1,128,0.0450505891337358,0.0451752708716229,0.0461694707543974,0.140908016166589,0,0,0
EDMD hybrid,nonlinear,nonlinear_seed_130309,29,130309,250,0.25,128,0.157163305584584,0.157151898412958,0.156005791418819,0.409562987756081,33,0.2578125,0
Nominal physics,nonlinear,nonlinear_seed_130310,30,130310,1,0.001,128,0.0114826602302883,0.0115172341479566,0.0114826602302883,0.0228957161145821,0,0,0
Nominal physics,nonlinear,nonlinear_seed_130310,30,130310,20,0.02,128,0.0173405800112273,0.0173831316830031,0.0173405800112273,0.0346818911540364,0,0,0
Nominal physics,nonlinear,nonlinear_seed_130310,30,130310,50,0.05,128,0.0360596855932521,0.036070577352274,0.0360596855932521,0.0728244522258524,0,0,0
Nominal physics,nonlinear,nonlinear_seed_130310,30,130310,100,0.1,128,0.066841016291948,0.0669025849831374,0.066841016291948,0.13788678383848,0,0,0
Nominal physics,nonlinear,nonlinear_seed_130310,30,130310,250,0.25,128,0.140118187880864,0.140114921612719,0.140118187880864,0.298129136027606,27,0.2109375,0
Persistent innovation,nonlinear,nonlinear_seed_130310,30,130310,1,0.001,128,0.00107634636387346,0.00116665748451841,0.0137507328822839,0.00452029820811595,0,0,0
Persistent innovation,nonlinear,nonlinear_seed_130310,30,130310,20,0.02,128,0.0035669238327962,0.00359402683886828,0.0137235328761431,0.014492077867531,0,0,0
Persistent innovation,nonlinear,nonlinear_seed_130310,30,130310,50,0.05,128,0.0114611763946253,0.011464087950484,0.0157763584753019,0.0403911649634463,0,0,0
Persistent innovation,nonlinear,nonlinear_seed_130310,30,130310,100,0.1,128,0.0322589348855188,0.0322316473934319,0.0303156850283894,0.104277231875701,0,0,0
Persistent innovation,nonlinear,nonlinear_seed_130310,30,130310,250,0.25,128,0.130388428988925,0.130407621443137,0.122464619560206,0.331314755384291,24,0.1875,0
Linear hybrid,nonlinear,nonlinear_seed_130310,30,130310,1,0.001,128,0.000269926004803403,0.000571128699796274,0.0137604335946896,0.000711265875591061,0,0,0
Linear hybrid,nonlinear,nonlinear_seed_130310,30,130310,20,0.02,128,0.00214660909126296,0.00221306311403847,0.0136501329914353,0.00760391462793338,0,0,0
Linear hybrid,nonlinear,nonlinear_seed_130310,30,130310,50,0.05,128,0.00830883031820914,0.00832631450726731,0.0147232991909757,0.0274931375281963,0,0,0
Linear hybrid,nonlinear,nonlinear_seed_130310,30,130310,100,0.1,128,0.0249555133890403,0.0249308625956093,0.0253804381380145,0.0700130955688198,0,0,0
Linear hybrid,nonlinear,nonlinear_seed_130310,30,130310,250,0.25,128,0.0987784118351196,0.0987996162119353,0.0955008086218806,0.209123031251344,9,0.0703125,0
EDMD hybrid,nonlinear,nonlinear_seed_130310,30,130310,1,0.001,128,0.000267322089878815,0.000568337902892424,0.0137610371498311,0.000699127406146874,0,0,0
EDMD hybrid,nonlinear,nonlinear_seed_130310,30,130310,20,0.02,128,0.00212955521644871,0.00219668880311894,0.0136507850361225,0.00765552666461096,0,0,0
EDMD hybrid,nonlinear,nonlinear_seed_130310,30,130310,50,0.05,128,0.00825267958211966,0.00826803991061258,0.0146940912323851,0.0276734119042727,0,0,0
EDMD hybrid,nonlinear,nonlinear_seed_130310,30,130310,100,0.1,128,0.0248262652360362,0.0248011567896595,0.0252618084344392,0.0707750389365386,0,0,0
EDMD hybrid,nonlinear,nonlinear_seed_130310,30,130310,250,0.25,128,0.0987002429701316,0.0987214130043513,0.0954045433758445,0.211309373365798,9,0.0703125,0
Nominal physics,stress,stress_seed_130401,31,130401,1,0.001,128,0.0353912627188209,0.0352723633038117,0.0353912627188209,0.0707075798940406,0,0,0
Nominal physics,stress,stress_seed_130401,31,130401,20,0.02,128,0.0530618501856742,0.0530803818437028,0.0530618501856742,0.107177555856641,0,0,0
Nominal physics,stress,stress_seed_130401,31,130401,50,0.05,128,0.108286581197121,0.108276478254705,0.108286581197121,0.225818293452294,15,0.1171875,0
Nominal physics,stress,stress_seed_130401,31,130401,100,0.1,128,0.194345076124153,0.194344297980502,0.194345076124153,0.430262377877025,45,0.3515625,0
Nominal physics,stress,stress_seed_130401,31,130401,250,0.25,128,0.373881825723197,0.373879820238918,0.373881825723197,0.73747203356552,99,0.7734375,0
Persistent innovation,stress,stress_seed_130401,31,130401,1,0.001,128,0.00567316067076021,0.00564008772863198,0.0423381235321115,0.0182222298956465,0,0,0
Persistent innovation,stress,stress_seed_130401,31,130401,20,0.02,128,0.0187741237922942,0.0188520117095396,0.0424885746938807,0.0546907652741614,0,0,0
Persistent innovation,stress,stress_seed_130401,31,130401,50,0.05,128,0.0588698544145716,0.0588718407332449,0.0592948483548617,0.162957140549518,0,0,0
Persistent innovation,stress,stress_seed_130401,31,130401,100,0.1,128,0.15866763605907,0.158652098408346,0.141885763234207,0.410414403566284,34,0.265625,0
Persistent innovation,stress,stress_seed_130401,31,130401,250,0.25,128,0.548045800932838,0.548039639830367,0.516359395692669,1.17773823404372,90,0.703125,0
Linear hybrid,stress,stress_seed_130401,31,130401,1,0.001,128,0.000919212475223682,0.000982380249492938,0.0423940101557914,0.00294809288402886,0,0,0
Linear hybrid,stress,stress_seed_130401,31,130401,20,0.02,128,0.0108225081649715,0.0109120736506689,0.0419136080597551,0.0319981132693232,0,0,0
Linear hybrid,stress,stress_seed_130401,31,130401,50,0.05,128,0.0405386887070844,0.0405414255003995,0.051362780052866,0.118579970397273,0,0,0
Linear hybrid,stress,stress_seed_130401,31,130401,100,0.1,128,0.115076522452738,0.115060001668279,0.111490360554073,0.298397336306551,25,0.1953125,0
Linear hybrid,stress,stress_seed_130401,31,130401,250,0.25,128,0.371884806078734,0.371878862338698,0.364504811826271,0.812770387328151,78,0.609375,0
EDMD hybrid,stress,stress_seed_130401,31,130401,1,0.001,128,0.000921756441795971,0.000984594134543789,0.0423944905695349,0.00311197283313619,0,0,0
EDMD hybrid,stress,stress_seed_130401,31,130401,20,0.02,128,0.010870468619797,0.0109603988761494,0.0419154131719882,0.0329440041419968,0,0,0
EDMD hybrid,stress,stress_seed_130401,31,130401,50,0.05,128,0.0407661682861912,0.0407701781137931,0.0513827881244312,0.122659622308283,0,0,0
EDMD hybrid,stress,stress_seed_130401,31,130401,100,0.1,128,0.115971162521055,0.115953714222357,0.111934855327047,0.312921436253503,23,0.1796875,0
EDMD hybrid,stress,stress_seed_130401,31,130401,250,0.25,128,0.376479360812037,0.376475431650345,0.368098678003899,0.872206728630603,77,0.6015625,0
Nominal physics,stress,stress_seed_130402,32,130402,1,0.001,128,0.0403747839483476,0.0403424598466088,0.0403747839483476,0.0747874191717072,0,0,0
Nominal physics,stress,stress_seed_130402,32,130402,20,0.02,128,0.0611915515051123,0.061210965304608,0.0611915515051123,0.11412170055423,0,0,0
Nominal physics,stress,stress_seed_130402,32,130402,50,0.05,128,0.126302244474635,0.126248266912503,0.126302244474635,0.236684281431368,28,0.21875,0
Nominal physics,stress,stress_seed_130402,32,130402,100,0.1,128,0.229748410290245,0.229779989733744,0.229748410290245,0.44138067088201,68,0.53125,0
Nominal physics,stress,stress_seed_130402,32,130402,250,0.25,128,0.445836737259442,0.44576583639006,0.445836737259442,0.962711462315829,96,0.75,0
Persistent innovation,stress,stress_seed_130402,32,130402,1,0.001,128,0.00679037190404937,0.00675746857395943,0.0482227038799729,0.0196050376856192,0,0,0
Persistent innovation,stress,stress_seed_130402,32,130402,20,0.02,128,0.0224059843352139,0.0223626097776243,0.0493208674935418,0.057821795579135,0,0,0
Persistent innovation,stress,stress_seed_130402,32,130402,50,0.05,128,0.0691684896099989,0.0692131179185067,0.0712223994089078,0.170522861457091,0,0,0
Persistent innovation,stress,stress_seed_130402,32,130402,100,0.1,128,0.182725016575949,0.182759419561033,0.166052767017412,0.364784358146346,48,0.375,0
Persistent innovation,stress,stress_seed_130402,32,130402,250,0.25,128,0.603887913716287,0.603855435769637,0.569784249965228,0.901601876356067,121,0.9453125,0
Linear hybrid,stress,stress_seed_130402,32,130402,1,0.001,128,0.00113318217820936,0.00117984038677806,0.0483574295808008,0.00312679791007895,0,0,0
Linear hybrid,stress,stress_seed_130402,32,130402,20,0.02,128,0.0132289582067194,0.0131937705556248,0.0485551669500772,0.0376346998541189,0,0,0
Linear hybrid,stress,stress_seed_130402,32,130402,50,0.05,128,0.0488691328027938,0.048923205557911,0.0617727078175085,0.121604713414034,0,0,0
Linear hybrid,stress,stress_seed_130402,32,130402,100,0.1,128,0.136162250156258,0.136199336153556,0.133322109202804,0.288007249789226,34,0.265625,0
Linear hybrid,stress,stress_seed_130402,32,130402,250,0.25,128,0.423232613065781,0.423188620892089,0.416007693605558,0.687178525188923,108,0.84375,0
EDMD hybrid,stress,stress_seed_130402,32,130402,1,0.001,128,0.00113460554991459,0.0011828984041381,0.0483576959607581,0.00337477470293983,0,0,0
EDMD hybrid,stress,stress_seed_130402,32,130402,20,0.02,128,0.0132478137691369,0.0132125520981208,0.0485541022977194,0.0386822981474459,0,0,0
EDMD hybrid,stress,stress_seed_130402,32,130402,50,0.05,128,0.0489278408806418,0.0489820257917732,0.0618012505083108,0.123892413254115,0,0,0
EDMD hybrid,stress,stress_seed_130402,32,130402,100,0.1,128,0.136285636892316,0.136320727185605,0.133415412439188,0.289267419824409,34,0.265625,0
EDMD hybrid,stress,stress_seed_130402,32,130402,250,0.25,128,0.425350154811449,0.425302910678069,0.417761614376289,0.690176253301132,107,0.8359375,0
Nominal physics,stress,stress_seed_130403,33,130403,1,0.001,128,0.0341819391639686,0.0341474822960363,0.0341819391639686,0.0651333171460378,0,0,0
Nominal physics,stress,stress_seed_130403,33,130403,20,0.02,128,0.0514681523431092,0.0514407887831666,0.0514681523431092,0.0970422352229197,0,0,0
Nominal physics,stress,stress_seed_130403,33,130403,50,0.05,128,0.105520152504389,0.105567326681685,0.105520152504389,0.199249722135596,4,0.03125,0
Nominal physics,stress,stress_seed_130403,33,130403,100,0.1,128,0.188823763851422,0.188787296385255,0.188823763851422,0.351300641638163,64,0.5,0
Nominal physics,stress,stress_seed_130403,33,130403,250,0.25,128,0.372560840584645,0.372583999410133,0.372560840584645,0.681930023853607,100,0.78125,0
Persistent innovation,stress,stress_seed_130403,33,130403,1,0.001,128,0.00529929698765777,0.0052958409706625,0.0408723344930675,0.0146482683374042,0,0,0
Persistent innovation,stress,stress_seed_130403,33,130403,20,0.02,128,0.0175358070061423,0.0175605154093551,0.0412361025010026,0.0421067676387896,0,0,0
Persistent innovation,stress,stress_seed_130403,33,130403,50,0.05,128,0.055807072701226,0.0558080457368658,0.0574320705821245,0.127410880488362,0,0,0
Persistent innovation,stress,stress_seed_130403,33,130403,100,0.1,128,0.152217607487392,0.152197270087212,0.136590064837841,0.32909843334975,38,0.296875,0
Persistent innovation,stress,stress_seed_130403,33,130403,250,0.25,128,0.492301839747554,0.492313477337494,0.463344348523574,1.11490977136588,99,0.7734375,0
Linear hybrid,stress,stress_seed_130403,33,130403,1,0.001,128,0.000850255411640448,0.000945586820555911,0.0409373860908394,0.00230306797051727,0,0,0
Linear hybrid,stress,stress_seed_130403,33,130403,20,0.02,128,0.00999479534498859,0.0100007277743006,0.0406834488827982,0.0238313605412176,0,0,0
Linear hybrid,stress,stress_seed_130403,33,130403,50,0.05,128,0.0376953648707106,0.0376868226097771,0.0499088721073036,0.0904383458067408,0,0,0
Linear hybrid,stress,stress_seed_130403,33,130403,100,0.1,128,0.108156266560256,0.108141505557359,0.106213909113614,0.248926328764687,18,0.140625,0
Linear hybrid,stress,stress_seed_130403,33,130403,250,0.25,128,0.319771599140161,0.319785724234931,0.314189565545122,0.729771813671702,76,0.59375,0
EDMD hybrid,stress,stress_seed_130403,33,130403,1,0.001,128,0.000859075419178303,0.000955562569824845,0.040938737219468,0.00221854139335789,0,0,0
EDMD hybrid,stress,stress_seed_130403,33,130403,20,0.02,128,0.0100690951976718,0.010075466773282,0.0406860698126494,0.0239204645728399,0,0,0
EDMD hybrid,stress,stress_seed_130403,33,130403,50,0.05,128,0.0379889199400543,0.0379808379238529,0.0499221358924472,0.089702158029061,0,0,0
EDMD hybrid,stress,stress_seed_130403,33,130403,100,0.1,128,0.109104961400995,0.109091639673484,0.106679244668561,0.249454449670368,20,0.15625,0
EDMD hybrid,stress,stress_seed_130403,33,130403,250,0.25,128,0.32512648873374,0.325135912266038,0.318745933160261,0.774861834939578,75,0.5859375,0
Nominal physics,stress,stress_seed_130404,34,130404,1,0.001,128,0.0301235286283359,0.030109723122963,0.0301235286283359,0.0570367423548362,0,0,0
Nominal physics,stress,stress_seed_130404,34,130404,20,0.02,128,0.0455317907597308,0.0455382196593925,0.0455317907597308,0.0868789792104706,0,0,0
Nominal physics,stress,stress_seed_130404,34,130404,50,0.05,128,0.0942415805833012,0.0942140769071791,0.0942415805833012,0.180379086621227,6,0.046875,0
Nominal physics,stress,stress_seed_130404,34,130404,100,0.1,128,0.173324766916746,0.173336570350681,0.173324766916746,0.336761527520057,50,0.390625,0
Nominal physics,stress,stress_seed_130404,34,130404,250,0.25,128,0.363358044157333,0.363299519411736,0.363358044157333,0.738755697499212,76,0.59375,0
Persistent innovation,stress,stress_seed_130404,34,130404,1,0.001,128,0.00436415252002605,0.00441332849284068,0.0360271275722594,0.0146973663838182,0,0,0
Persistent innovation,stress,stress_seed_130404,34,130404,20,0.02,128,0.0144914254734314,0.0144806583022112,0.0364276652262938,0.0434904900597059,0,0,0
Persistent innovation,stress,stress_seed_130404,34,130404,50,0.05,128,0.0449196286054576,0.0449757003025074,0.0489660107666222,0.125493702466731,0,0,0
Persistent innovation,stress,stress_seed_130404,34,130404,100,0.1,128,0.117400273260655,0.117409263399868,0.107480811410087,0.297769106353151,25,0.1953125,0
Persistent innovation,stress,stress_seed_130404,34,130404,250,0.25,128,0.415871926514754,0.415824590140858,0.393164948864694,0.82168257021355,98,0.765625,0
Linear hybrid,stress,stress_seed_130404,34,130404,1,0.001,128,0.00079107092854551,0.000905565224796634,0.0360811367946653,0.00251202072675039,0,0,0
Linear hybrid,stress,stress_seed_130404,34,130404,20,0.02,128,0.00865469546456702,0.0086420705654213,0.0360367196231286,0.0278114485481187,0,0,0
Linear hybrid,stress,stress_seed_130404,34,130404,50,0.05,128,0.0318109263699205,0.031858350676252,0.0433882341734843,0.0982419091505071,0,0,0
Linear hybrid,stress,stress_seed_130404,34,130404,100,0.1,128,0.0870449166678266,0.0870542060303539,0.0863998891469137,0.228951335073479,13,0.1015625,0
Linear hybrid,stress,stress_seed_130404,34,130404,250,0.25,128,0.285216371582488,0.285180441190056,0.282502736287108,0.561898839409197,87,0.6796875,0
EDMD hybrid,stress,stress_seed_130404,34,130404,1,0.001,128,0.000794709872342358,0.000910361290985447,0.0360798093706748,0.00242028507415926,0,0,0
EDMD hybrid,stress,stress_seed_130404,34,130404,20,0.02,128,0.00864698202721597,0.00863337197687957,0.0360360319199403,0.0275785823088368,0,0,0
EDMD hybrid,stress,stress_seed_130404,34,130404,50,0.05,128,0.0317591937458281,0.0318062983982228,0.0434064851543658,0.0974266279481385,0,0,0
EDMD hybrid,stress,stress_seed_130404,34,130404,100,0.1,128,0.0868294436111852,0.0868416707326295,0.0863415246856387,0.228769188478075,13,0.1015625,0
EDMD hybrid,stress,stress_seed_130404,34,130404,250,0.25,128,0.283656682963627,0.283622459225584,0.281174870616947,0.561473095201241,87,0.6796875,0
Nominal physics,stress,stress_seed_130405,35,130405,1,0.001,128,0.0365481257485779,0.0365686028914876,0.0365481257485779,0.0590801157096878,0,0,0
Nominal physics,stress,stress_seed_130405,35,130405,20,0.02,128,0.0552744436908176,0.0552692133666374,0.0552744436908176,0.0899884751920251,0,0,0
Nominal physics,stress,stress_seed_130405,35,130405,50,0.05,128,0.113900664316553,0.113903311174851,0.113900664316553,0.188286265919223,9,0.0703125,0
Nominal physics,stress,stress_seed_130405,35,130405,100,0.1,128,0.20679285367779,0.206817752350774,0.20679285367779,0.355145312164052,65,0.5078125,0
Nominal physics,stress,stress_seed_130405,35,130405,250,0.25,128,0.411897934840844,0.411832342096792,0.411897934840844,0.806299050696782,92,0.71875,0
Persistent innovation,stress,stress_seed_130405,35,130405,1,0.001,128,0.00586290201446233,0.00589807851756063,0.0436850777590654,0.0182988979007356,0,0,0
Persistent innovation,stress,stress_seed_130405,35,130405,20,0.02,128,0.0193259144833888,0.0192949482526456,0.044400741906667,0.0564379419664513,0,0,0
Persistent innovation,stress,stress_seed_130405,35,130405,50,0.05,128,0.0591038480916422,0.059195676496344,0.0618864229562322,0.1699644418206,0,0,0
Persistent innovation,stress,stress_seed_130405,35,130405,100,0.1,128,0.154391686105195,0.154329623537174,0.140020747771057,0.410086364993197,36,0.28125,0
Persistent innovation,stress,stress_seed_130405,35,130405,250,0.25,128,0.561598032055284,0.561495161657431,0.530722304956678,1.21959844739696,107,0.8359375,0
Linear hybrid,stress,stress_seed_130405,35,130405,1,0.001,128,0.00100639804205432,0.00112775340142377,0.0437741702538301,0.0030784068158447,0,0,0
Linear hybrid,stress,stress_seed_130405,35,130405,20,0.02,128,0.0112628260269809,0.0112321977635384,0.0438220144514603,0.0368063228984271,0,0,0
Linear hybrid,stress,stress_seed_130405,35,130405,50,0.05,128,0.0407186960063014,0.0408119684372252,0.0538487359396482,0.12173547511289,0,0,0
Linear hybrid,stress,stress_seed_130405,35,130405,100,0.1,128,0.110157433675885,0.110096353325996,0.109237163635801,0.288436326282211,22,0.171875,0
Linear hybrid,stress,stress_seed_130405,35,130405,250,0.25,128,0.377131742562132,0.377040921510274,0.37279768772914,0.851942068648442,90,0.703125,0
EDMD hybrid,stress,stress_seed_130405,35,130405,1,0.001,128,0.00100706032344552,0.00112673440538314,0.0437744427098122,0.00325586829198332,0,0,0
EDMD hybrid,stress,stress_seed_130405,35,130405,20,0.02,128,0.0112875163448275,0.0112575768087639,0.0438203950915037,0.0380670573753581,0,0,0
EDMD hybrid,stress,stress_seed_130405,35,130405,50,0.05,128,0.0408200469738575,0.0409108638945413,0.0538838387941811,0.126772496104981,0,0,0
EDMD hybrid,stress,stress_seed_130405,35,130405,100,0.1,128,0.110508247756026,0.11044648026019,0.109453950579171,0.305027713563569,24,0.1875,0
EDMD hybrid,stress,stress_seed_130405,35,130405,250,0.25,128,0.378720077822799,0.378628238566257,0.373838297887276,0.890129978036105,93,0.7265625,0
Nominal physics,stress,stress_seed_130406,36,130406,1,0.001,128,0.0272180487176408,0.0272080498274798,0.0272180487176408,0.0599357005668799,0,0,0
Nominal physics,stress,stress_seed_130406,36,130406,20,0.02,128,0.0411814051849493,0.0411356866981296,0.0411814051849493,0.0897196953877155,0,0,0
Nominal physics,stress,stress_seed_130406,36,130406,50,0.05,128,0.0851843677871049,0.0852038039477754,0.0851843677871049,0.183780969045898,2,0.015625,0
Nominal physics,stress,stress_seed_130406,36,130406,100,0.1,128,0.15518744377453,0.155166969548034,0.15518744377453,0.326385282382093,38,0.296875,0
Nominal physics,stress,stress_seed_130406,36,130406,250,0.25,128,0.303143164861657,0.303243189135142,0.303143164861657,0.665426870264619,76,0.59375,0
Persistent innovation,stress,stress_seed_130406,36,130406,1,0.001,128,0.00405135104596255,0.00409845414765844,0.032533955549804,0.0113063094979888,0,0,0
Persistent innovation,stress,stress_seed_130406,36,130406,20,0.02,128,0.0132278058719278,0.0131863107073968,0.0329913226742264,0.0329338920286309,0,0,0
Persistent innovation,stress,stress_seed_130406,36,130406,50,0.05,128,0.0421737054943194,0.0420962690261011,0.0453011268854221,0.100514100940798,0,0,0
Persistent innovation,stress,stress_seed_130406,36,130406,100,0.1,128,0.116200949797312,0.116086005433647,0.105755014136012,0.261717988209361,22,0.171875,0
Persistent innovation,stress,stress_seed_130406,36,130406,250,0.25,128,0.407104648664406,0.407108547748261,0.384205998183586,1.02844340471883,86,0.671875,0
Linear hybrid,stress,stress_seed_130406,36,130406,1,0.001,128,0.000704430946831163,0.000876839642072666,0.0325939342233058,0.00192137544913085,0,0,0
Linear hybrid,stress,stress_seed_130406,36,130406,20,0.02,128,0.00750725194375369,0.00747461504233276,0.0325726175888675,0.0201491479259088,0,0,0
Linear hybrid,stress,stress_seed_130406,36,130406,50,0.05,128,0.0280013035988976,0.0279207936416936,0.0396828652547136,0.0733748160500156,0,0,0
Linear hybrid,stress,stress_seed_130406,36,130406,100,0.1,128,0.0807338416785213,0.0806195634593874,0.0816878869755997,0.205838788813053,2,0.015625,0
Linear hybrid,stress,stress_seed_130406,36,130406,250,0.25,128,0.257774472803259,0.257777375774572,0.254833979779353,0.578977256086148,66,0.515625,0
EDMD hybrid,stress,stress_seed_130406,36,130406,1,0.001,128,0.000697714381544495,0.0008754563959356,0.0325942024552701,0.00194658771229594,0,0,0
EDMD hybrid,stress,stress_seed_130406,36,130406,20,0.02,128,0.00745695321457089,0.00742465055055285,0.0325714917642075,0.0205548408657399,0,0,0
EDMD hybrid,stress,stress_seed_130406,36,130406,50,0.05,128,0.027784920181936,0.0277043528907921,0.0396263152988955,0.0752036496411448,0,0,0
EDMD hybrid,stress,stress_seed_130406,36,130406,100,0.1,128,0.0799510522690865,0.0798381505664123,0.0811570911943383,0.206933303753417,2,0.015625,0
EDMD hybrid,stress,stress_seed_130406,36,130406,250,0.25,128,0.25428202990228,0.254282316668412,0.251803242225364,0.565429966598473,66,0.515625,0
Nominal physics,stress,stress_seed_130407,37,130407,1,0.001,128,0.0380232537253101,0.0380346856656312,0.0380232537253101,0.0763577911331406,0,0,0
Nominal physics,stress,stress_seed_130407,37,130407,20,0.02,128,0.0575932869900067,0.0575975368972936,0.0575932869900067,0.116026871234474,0,0,0
Nominal physics,stress,stress_seed_130407,37,130407,50,0.05,128,0.119606289752426,0.119623191377116,0.119606289752426,0.244640665465496,18,0.140625,0
Nominal physics,stress,stress_seed_130407,37,130407,100,0.1,128,0.221035797271014,0.221026929102969,0.221035797271014,0.46295769123325,66,0.515625,0
Nominal physics,stress,stress_seed_130407,37,130407,250,0.25,128,0.457532314610764,0.457520055185162,0.457532314610764,0.988527523058391,96,0.75,0
Persistent innovation,stress,stress_seed_130407,37,130407,1,0.001,128,0.00496386365669826,0.00493003606752992,0.045480902097966,0.0176405353813682,0,0,0
Persistent innovation,stress,stress_seed_130407,37,130407,20,0.02,128,0.016775728487285,0.0168212054273161,0.0459876445337416,0.051632569465199,0,0,0
Persistent innovation,stress,stress_seed_130407,37,130407,50,0.05,128,0.0535389809771777,0.0535469446758375,0.0605447356457799,0.16179866531957,0,0,0
Persistent innovation,stress,stress_seed_130407,37,130407,100,0.1,128,0.147796906324922,0.147878417820317,0.136088556438526,0.412857990350688,31,0.2421875,0
Persistent innovation,stress,stress_seed_130407,37,130407,250,0.25,128,0.580951397533306,0.580957909632535,0.550729158490618,1.24949536565996,95,0.7421875,0
Linear hybrid,stress,stress_seed_130407,37,130407,1,0.001,128,0.000849982470511433,0.000898402268714152,0.0455431055604482,0.00285079976536298,0,0,0
Linear hybrid,stress,stress_seed_130407,37,130407,20,0.02,128,0.00978465620306665,0.00984287128273964,0.0455222814939953,0.0344227331566848,0,0,0
Linear hybrid,stress,stress_seed_130407,37,130407,50,0.05,128,0.0369896350844829,0.0369995843046464,0.0543189827455845,0.123650681777435,0,0,0
Linear hybrid,stress,stress_seed_130407,37,130407,100,0.1,128,0.106709175092974,0.106785861408032,0.10903812022135,0.315247098648191,19,0.1484375,0
Linear hybrid,stress,stress_seed_130407,37,130407,250,0.25,128,0.391457543880372,0.391468994698841,0.389767804947552,0.923898289721325,82,0.640625,0
EDMD hybrid,stress,stress_seed_130407,37,130407,1,0.001,128,0.000844132368760023,0.000888671758972741,0.0455433090238142,0.00277897856648618,0,0,0
EDMD hybrid,stress,stress_seed_130407,37,130407,20,0.02,128,0.00976081293534532,0.00981957190056795,0.0455249897575137,0.0338379129449536,0,0,0
EDMD hybrid,stress,stress_seed_130407,37,130407,50,0.05,128,0.0369381591699298,0.0369489068153736,0.0542696633764889,0.121391303904565,0,0,0
EDMD hybrid,stress,stress_seed_130407,37,130407,100,0.1,128,0.10668150974144,0.106758981931196,0.108864407418907,0.308079791974757,18,0.140625,0
EDMD hybrid,stress,stress_seed_130407,37,130407,250,0.25,128,0.392814004849978,0.392826013400253,0.39055425969548,0.911990216126933,84,0.65625,0
Nominal physics,stress,stress_seed_130408,38,130408,1,0.001,128,0.0586411169020565,0.0586742788731343,0.0586411169020565,0.0955257805014929,0,0,0
Nominal physics,stress,stress_seed_130408,38,130408,20,0.02,128,0.0891278726746885,0.0891524331751516,0.0891278726746885,0.145039385954685,0,0,0
Nominal physics,stress,stress_seed_130408,38,130408,50,0.05,128,0.185930460151159,0.185908206462518,0.185930460151159,0.30506314429292,54,0.421875,0
Nominal physics,stress,stress_seed_130408,38,130408,100,0.1,128,0.346297277420069,0.346326425521402,0.346297277420069,0.58149881835155,102,0.796875,0
Nominal physics,stress,stress_seed_130408,38,130408,250,0.25,128,0.73619725418563,0.736170738217238,0.73619725418563,1.3710700967006,112,0.875,0
Persistent innovation,stress,stress_seed_130408,38,130408,1,0.001,128,0.00757691445709853,0.00764175998303639,0.0701114030192759,0.0247553332616844,0,0,0
Persistent innovation,stress,stress_seed_130408,38,130408,20,0.02,128,0.025217341884701,0.0252525497955292,0.0712278281820234,0.0759645697429793,0,0,0
Persistent innovation,stress,stress_seed_130408,38,130408,50,0.05,128,0.0799389316475601,0.0799130146795118,0.0932773812341415,0.220790395198927,10,0.078125,0
Persistent innovation,stress,stress_seed_130408,38,130408,100,0.1,128,0.222588263562932,0.222592605604358,0.207232225006814,0.522947414282707,47,0.3671875,0
Persistent innovation,stress,stress_seed_130408,38,130408,250,0.25,128,0.914370994920259,0.914338843037602,0.869425332639875,1.52423496891244,117,0.9140625,0
Linear hybrid,stress,stress_seed_130408,38,130408,1,0.001,128,0.00127022357113938,0.00138473332281669,0.0702313782750311,0.00412801274501323,0,0,0
Linear hybrid,stress,stress_seed_130408,38,130408,20,0.02,128,0.0148144227693206,0.0148662137257818,0.070488947643393,0.0464493445078563,0,0,0
Linear hybrid,stress,stress_seed_130408,38,130408,50,0.05,128,0.0561030836614098,0.0560836110821398,0.0841407603085183,0.16198859702738,0,0,0
Linear hybrid,stress,stress_seed_130408,38,130408,100,0.1,128,0.164910508580576,0.164909667039984,0.169059433654872,0.385783910851198,35,0.2734375,0
Linear hybrid,stress,stress_seed_130408,38,130408,250,0.25,128,0.643130770851538,0.643099115401002,0.640308249243479,1.13393234685498,110,0.859375,0
EDMD hybrid,stress,stress_seed_130408,38,130408,1,0.001,128,0.00126925077286487,0.00138937756768041,0.070231229805214,0.00435778392527747,0,0,0
EDMD hybrid,stress,stress_seed_130408,38,130408,20,0.02,128,0.0147816255542937,0.0148332254138358,0.0704907371335448,0.0478063939232606,0,0,0
EDMD hybrid,stress,stress_seed_130408,38,130408,50,0.05,128,0.0560259024260548,0.0560060189452226,0.0840869811451214,0.156528018135762,0,0,0
EDMD hybrid,stress,stress_seed_130408,38,130408,100,0.1,128,0.164890492178735,0.164888110731068,0.168960191475184,0.39108148500439,35,0.2734375,0
EDMD hybrid,stress,stress_seed_130408,38,130408,250,0.25,128,0.646335288398311,0.646302939574277,0.643021121732173,1.13951996646566,108,0.84375,0
Nominal physics,stress,stress_seed_130409,39,130409,1,0.001,128,0.0470525995144536,0.0471507117862241,0.0470525995144536,0.0846993402230088,0,0,0
Nominal physics,stress,stress_seed_130409,39,130409,20,0.02,128,0.070907316057551,0.0710345949561367,0.070907316057551,0.128512221196281,0,0,0
Nominal physics,stress,stress_seed_130409,39,130409,50,0.05,128,0.146038278527871,0.146005725314712,0.146038278527871,0.266680655936858,38,0.296875,0
Nominal physics,stress,stress_seed_130409,39,130409,100,0.1,128,0.265585008087725,0.265726454909918,0.265585008087725,0.495466099347544,78,0.609375,0
Nominal physics,stress,stress_seed_130409,39,130409,250,0.25,128,0.522468118843295,0.52248262010835,0.522468118843295,1.04620292043957,96,0.75,0
Persistent innovation,stress,stress_seed_130409,39,130409,1,0.001,128,0.00661308923886288,0.00665392887471649,0.0562934520406477,0.0218383293545158,0,0,0
Persistent innovation,stress,stress_seed_130409,39,130409,20,0.02,128,0.0218704656051377,0.0218375965838118,0.0566023638498024,0.0712758393401752,0,0,0
Persistent innovation,stress,stress_seed_130409,39,130409,50,0.05,128,0.0680793762364819,0.0680522660009809,0.0743291410050342,0.194302666986989,5,0.0390625,0
Persistent innovation,stress,stress_seed_130409,39,130409,100,0.1,128,0.184335019603277,0.184393477423181,0.167006275213227,0.49796898047976,36,0.28125,0
Persistent innovation,stress,stress_seed_130409,39,130409,250,0.25,128,0.695332296660278,0.695340182670931,0.65559606798716,1.57166041465053,110,0.859375,0
Linear hybrid,stress,stress_seed_130409,39,130409,1,0.001,128,0.00109610742296936,0.00119606648494778,0.0563665702986951,0.00379411899902016,0,0,0
Linear hybrid,stress,stress_seed_130409,39,130409,20,0.02,128,0.0125456928198361,0.0125331333179976,0.0559750448721211,0.040528137081581,0,0,0
Linear hybrid,stress,stress_seed_130409,39,130409,50,0.05,128,0.0463152088000072,0.0462964995598481,0.0660175969958544,0.144634199656937,0,0,0
Linear hybrid,stress,stress_seed_130409,39,130409,100,0.1,128,0.130386399404598,0.130440657913801,0.13131087085125,0.364748775874854,24,0.1875,0
Linear hybrid,stress,stress_seed_130409,39,130409,250,0.25,128,0.448958752840007,0.448965642555201,0.445117581767923,1.02672569262568,102,0.796875,0
EDMD hybrid,stress,stress_seed_130409,39,130409,1,0.001,128,0.00110048101861607,0.00119962396153988,0.0563680464572811,0.00359464858181913,0,0,0
EDMD hybrid,stress,stress_seed_130409,39,130409,20,0.02,128,0.0126042463635015,0.0125927914628212,0.0559757992029182,0.0391229107635844,0,0,0
EDMD hybrid,stress,stress_seed_130409,39,130409,50,0.05,128,0.0465043464467476,0.0464875137249947,0.066001309714385,0.140294906908788,0,0,0
EDMD hybrid,stress,stress_seed_130409,39,130409,100,0.1,128,0.130775220435847,0.130830274244596,0.131410114526338,0.349233126251088,27,0.2109375,0
EDMD hybrid,stress,stress_seed_130409,39,130409,250,0.25,128,0.44740935046578,0.447417013393247,0.443387543727784,0.96998372409441,101,0.7890625,0
Nominal physics,stress,stress_seed_130410,40,130410,1,0.001,128,0.0473052236646596,0.0472808750478419,0.0473052236646596,0.080450792253348,0,0,0
Nominal physics,stress,stress_seed_130410,40,130410,20,0.02,128,0.072003833613921,0.0719930310227966,0.072003833613921,0.1220535958432,0,0,0
Nominal physics,stress,stress_seed_130410,40,130410,50,0.05,128,0.150127178492199,0.15018264930465,0.150127178492199,0.257104312137899,43,0.3359375,0
Nominal physics,stress,stress_seed_130410,40,130410,100,0.1,128,0.278526090232191,0.278522272966403,0.278526090232191,0.490198964643944,70,0.546875,0
Nominal physics,stress,stress_seed_130410,40,130410,250,0.25,128,0.599515047397137,0.59957410384756,0.599515047397137,1.15511816114925,96,0.75,0
Persistent innovation,stress,stress_seed_130410,40,130410,1,0.001,128,0.00636975659877318,0.00639780499217619,0.0565425502945371,0.0176436904521352,0,0,0
Persistent innovation,stress,stress_seed_130410,40,130410,20,0.02,128,0.0213754473381263,0.0213368716964683,0.0576579936482933,0.0607061066985551,0,0,0
Persistent innovation,stress,stress_seed_130410,40,130410,50,0.05,128,0.0677704545231777,0.0678024418166761,0.0772095907320325,0.17454070910581,1,0.0078125,0
Persistent innovation,stress,stress_seed_130410,40,130410,100,0.1,128,0.18483305494795,0.18483334632426,0.171562290971031,0.395456647130861,44,0.34375,0
Persistent innovation,stress,stress_seed_130410,40,130410,250,0.25,128,0.66520273445261,0.665211669881202,0.63163029700061,1.23970050198016,106,0.828125,0
Linear hybrid,stress,stress_seed_130410,40,130410,1,0.001,128,0.00111960961817191,0.00120374785909742,0.056642189003566,0.00322285131779512,0,0,0
Linear hybrid,stress,stress_seed_130410,40,130410,20,0.02,128,0.0126364564705742,0.0126000291647887,0.0569931594336188,0.0373606185626081,0,0,0
Linear hybrid,stress,stress_seed_130410,40,130410,50,0.05,128,0.0477068460042496,0.0477368722580848,0.0695543061596948,0.122514018145058,0,0,0
Linear hybrid,stress,stress_seed_130410,40,130410,100,0.1,128,0.137426971565486,0.137428721295309,0.140531102177436,0.326025404167609,33,0.2578125,0
Linear hybrid,stress,stress_seed_130410,40,130410,250,0.25,128,0.462498093119995,0.462517114534839,0.46016530523307,0.830679475240292,103,0.8046875,0
EDMD hybrid,stress,stress_seed_130410,40,130410,1,0.001,128,0.00111563950648504,0.00119945540325879,0.0566426630630696,0.00334363048415112,0,0,0
EDMD hybrid,stress,stress_seed_130410,40,130410,20,0.02,128,0.012617505007439,0.0125812566160932,0.0569926626345702,0.0365743260762935,0,0,0
EDMD hybrid,stress,stress_seed_130410,40,130410,50,0.05,128,0.0476402981605089,0.047671948979234,0.0695270141512807,0.123963938639097,0,0,0
EDMD hybrid,stress,stress_seed_130410,40,130410,100,0.1,128,0.13724181791827,0.137243279195424,0.140412340159647,0.324607774770474,33,0.2578125,0
EDMD hybrid,stress,stress_seed_130410,40,130410,250,0.25,128,0.461850393481749,0.461871631777322,0.459623301999051,0.889215358416949,104,0.8125,0
