time_s,reference_rad,position_rad,velocity_rad_s,current_A,sensor_side_measurement_rad,received_measurement_rad,tracking_error_rad,command_V,unsaturated_command_V,capacitive_current_A,capacitive_voltage_V,inductive_voltage_V,shared_impedance_voltage_V,ground_common_mode_voltage_V,ground_differential_voltage_V,receiver_differential_voltage_V,equivalent_encoder_error_rad,physical_source_window_active,ground_window_active,communication_channel_enabled,transmit_delay_samples,packet_dropped,sample_received,accepted_source_index,accepted_delay_samples,held_last,measurement_age_samples,measurement_age_s,collision_discard_count,out_of_order_discard_count,delta_position_rad
0,0,0,0,0,0,0,0,0,0,0,0,0,0,0,0,0,0,0,0,0,0,0,1,1,0,0,0,0,0,0,0
0.001,0,0,0,0,0,0,0,0,0,0,0,0,0,0,0,0,0,0,0,0,0,0,1,2,0,0,0,0,0,0,0
0.002,0,0,0,0,0,0,0,0,0,0,0,0,0,0,0,0,0,0,0,0,0,0,1,3,0,0,0,0,0,0,0
0.003,0,0,0,0,0,0,0,0,0,0,0,0,0,0,0,0,0,0,0,0,0,0,1,4,0,0,0,0,0,0,0
0.004,0,0,0,0,0,0,0,0,0,0,0,0,0,0,0,0,0,0,0,0,0,0,1,5,0,0,0,0,0,0,0
0.005,0,0,0,0,0,0,0,0,0,0,0,0,0,0,0,0,0,0,0,0,0,0,1,6,0,0,0,0,0,0,0
0.006,0,0,0,0,0,0,0,0,0,0,0,0,0,0,0,0,0,0,0,0,0,0,1,7,0,0,0,0,0,0,0
0.007,0,0,0,0,0,0,0,0,0,0,0,0,0,0,0,0,0,0,0,0,0,0,1,8,0,0,0,0,0,0,0
0.008,0,0,0,0,0,0,0,0,0,0,0,0,0,0,0,0,0,0,0,0,0,0,1,9,0,0,0,0,0,0,0
0.009,0,0,0,0,0,0,0,0,0,0,0,0,0,0,0,0,0,0,0,0,0,0,1,10,0,0,0,0,0,0,0
0.01,0,0,0,0,0,0,0,0,0,0,0,0,0,0,0,0,0,0,0,0,0,0,1,11,0,0,0,0,0,0,0
0.011,0,0,0,0,0,0,0,0,0,0,0,0,0,0,0,0,0,0,0,0,0,0,1,12,0,0,0,0,0,0,0
0.012,0,0,0,0,0,0,0,0,0,0,0,0,0,0,0,0,0,0,0,0,0,0,1,13,0,0,0,0,0,0,0
0.013,0,0,0,0,0,0,0,0,0,0,0,0,0,0,0,0,0,0,0,0,0,0,1,14,0,0,0,0,0,0,0
0.014,0,0,0,0,0,0,0,0,0,0,0,0,0,0,0,0,0,0,0,0,0,0,1,15,0,0,0,0,0,0,0
0.015,0,0,0,0,0,0,0,0,0,0,0,0,0,0,0,0,0,0,0,0,0,0,1,16,0,0,0,0,0,0,0
0.016,0,0,0,0,0,0,0,0,0,0,0,0,0,0,0,0,0,0,0,0,0,0,1,17,0,0,0,0,0,0,0
0.017,0,0,0,0,0,0,0,0,0,0,0,0,0,0,0,0,0,0,0,0,0,0,1,18,0,0,0,0,0,0,0
0.018,0,0,0,0,0,0,0,0,0,0,0,0,0,0,0,0,0,0,0,0,0,0,1,19,0,0,0,0,0,0,0
0.019,0,0,0,0,0,0,0,0,0,0,0,0,0,0,0,0,0,0,0,0,0,0,1,20,0,0,0,0,0,0,0
0.02,0,0,0,0,0,0,0,0,0,0,0,0,0,0,0,0,0,0,0,0,0,0,1,21,0,0,0,0,0,0,0
0.021,0,0,0,0,0,0,0,0,0,0,0,0,0,0,0,0,0,0,0,0,0,0,1,22,0,0,0,0,0,0,0
0.022,0,0,0,0,0,0,0,0,0,0,0,0,0,0,0,0,0,0,0,0,0,0,1,23,0,0,0,0,0,0,0
0.023,0,0,0,0,0,0,0,0,0,0,0,0,0,0,0,0,0,0,0,0,0,0,1,24,0,0,0,0,0,0,0
0.024,0,0,0,0,0,0,0,0,0,0,0,0,0,0,0,0,0,0,0,0,0,0,1,25,0,0,0,0,0,0,0
0.025,0,0,0,0,0,0,0,0,0,0,0,0,0,0,0,0,0,0,0,0,0,0,1,26,0,0,0,0,0,0,0
0.026,0,0,0,0,0,0,0,0,0,0,0,0,0,0,0,0,0,0,0,0,0,0,1,27,0,0,0,0,0,0,0
0.027,0,0,0,0,0,0,0,0,0,0,0,0,0,0,0,0,0,0,0,0,0,0,1,28,0,0,0,0,0,0,0
0.028,0,0,0,0,0,0,0,0,0,0,0,0,0,0,0,0,0,0,0,0,0,0,1,29,0,0,0,0,0,0,0
0.029,0,0,0,0,0,0,0,0,0,0,0,0,0,0,0,0,0,0,0,0,0,0,1,30,0,0,0,0,0,0,0
0.03,0,0,0,0,0,0,0,0,0,0,0,0,0,0,0,0,0,0,0,0,0,0,1,31,0,0,0,0,0,0,0
0.031,0,0,0,0,0,0,0,0,0,0,0,0,0,0,0,0,0,0,0,0,0,0,1,32,0,0,0,0,0,0,0
0.032,0,0,0,0,0,0,0,0,0,0,0,0,0,0,0,0,0,0,0,0,0,0,1,33,0,0,0,0,0,0,0
0.033,0,0,0,0,0,0,0,0,0,0,0,0,0,0,0,0,0,0,0,0,0,0,1,34,0,0,0,0,0,0,0
0.034,0,0,0,0,0,0,0,0,0,0,0,0,0,0,0,0,0,0,0,0,0,0,1,35,0,0,0,0,0,0,0
0.035,0,0,0,0,0,0,0,0,0,0,0,0,0,0,0,0,0,0,0,0,0,0,1,36,0,0,0,0,0,0,0
0.036,0,0,0,0,0,0,0,0,0,0,0,0,0,0,0,0,0,0,0,0,0,0,1,37,0,0,0,0,0,0,0
0.037,0,0,0,0,0,0,0,0,0,0,0,0,0,0,0,0,0,0,0,0,0,0,1,38,0,0,0,0,0,0,0
0.038,0,0,0,0,0,0,0,0,0,0,0,0,0,0,0,0,0,0,0,0,0,0,1,39,0,0,0,0,0,0,0
0.039,0,0,0,0,0,0,0,0,0,0,0,0,0,0,0,0,0,0,0,0,0,0,1,40,0,0,0,0,0,0,0
0.04,0,0,0,0,0,0,0,0,0,0,0,0,0,0,0,0,0,0,0,0,0,0,1,41,0,0,0,0,0,0,0
0.041,0,0,0,0,0,0,0,0,0,0,0,0,0,0,0,0,0,0,0,0,0,0,1,42,0,0,0,0,0,0,0
0.042,0,0,0,0,0,0,0,0,0,0,0,0,0,0,0,0,0,0,0,0,0,0,1,43,0,0,0,0,0,0,0
0.043,0,0,0,0,0,0,0,0,0,0,0,0,0,0,0,0,0,0,0,0,0,0,1,44,0,0,0,0,0,0,0
0.044,0,0,0,0,0,0,0,0,0,0,0,0,0,0,0,0,0,0,0,0,0,0,1,45,0,0,0,0,0,0,0
0.045,0,0,0,0,0,0,0,0,0,0,0,0,0,0,0,0,0,0,0,0,0,0,1,46,0,0,0,0,0,0,0
0.046,0,0,0,0,0,0,0,0,0,0,0,0,0,0,0,0,0,0,0,0,0,0,1,47,0,0,0,0,0,0,0
0.047,0,0,0,0,0,0,0,0,0,0,0,0,0,0,0,0,0,0,0,0,0,0,1,48,0,0,0,0,0,0,0
0.048,0,0,0,0,0,0,0,0,0,0,0,0,0,0,0,0,0,0,0,0,0,0,1,49,0,0,0,0,0,0,0
0.049,0,0,0,0,0,0,0,0,0,0,0,0,0,0,0,0,0,0,0,0,0,0,1,50,0,0,0,0,0,0,0
0.05,0,0,0,0,0,0,0,0,0,0,0,0,0,0,0,0,0,0,0,0,0,0,1,51,0,0,0,0,0,0,0
0.051,0,0,0,0,0,0,0,0,0,0,0,0,0,0,0,0,0,0,0,0,0,0,1,52,0,0,0,0,0,0,0
0.052,0,0,0,0,0,0,0,0,0,0,0,0,0,0,0,0,0,0,0,0,0,0,1,53,0,0,0,0,0,0,0
0.053,0,0,0,0,0,0,0,0,0,0,0,0,0,0,0,0,0,0,0,0,0,0,1,54,0,0,0,0,0,0,0
0.054,0,0,0,0,0,0,0,0,0,0,0,0,0,0,0,0,0,0,0,0,0,0,1,55,0,0,0,0,0,0,0
0.055,0,0,0,0,0,0,0,0,0,0,0,0,0,0,0,0,0,0,0,0,0,0,1,56,0,0,0,0,0,0,0
0.056,0,0,0,0,0,0,0,0,0,0,0,0,0,0,0,0,0,0,0,0,0,0,1,57,0,0,0,0,0,0,0
0.057,0,0,0,0,0,0,0,0,0,0,0,0,0,0,0,0,0,0,0,0,0,0,1,58,0,0,0,0,0,0,0
0.058,0,0,0,0,0,0,0,0,0,0,0,0,0,0,0,0,0,0,0,0,0,0,1,59,0,0,0,0,0,0,0
0.059,0,0,0,0,0,0,0,0,0,0,0,0,0,0,0,0,0,0,0,0,0,0,1,60,0,0,0,0,0,0,0
0.06,0,0,0,0,0,0,0,0,0,0,0,0,0,0,0,0,0,0,0,0,0,0,1,61,0,0,0,0,0,0,0
0.061,0,0,0,0,0,0,0,0,0,0,0,0,0,0,0,0,0,0,0,0,0,0,1,62,0,0,0,0,0,0,0
0.062,0,0,0,0,0,0,0,0,0,0,0,0,0,0,0,0,0,0,0,0,0,0,1,63,0,0,0,0,0,0,0
0.063,0,0,0,0,0,0,0,0,0,0,0,0,0,0,0,0,0,0,0,0,0,0,1,64,0,0,0,0,0,0,0
0.064,0,0,0,0,0,0,0,0,0,0,0,0,0,0,0,0,0,0,0,0,0,0,1,65,0,0,0,0,0,0,0
0.065,0,0,0,0,0,0,0,0,0,0,0,0,0,0,0,0,0,0,0,0,0,0,1,66,0,0,0,0,0,0,0
0.066,0,0,0,0,0,0,0,0,0,0,0,0,0,0,0,0,0,0,0,0,0,0,1,67,0,0,0,0,0,0,0
0.067,0,0,0,0,0,0,0,0,0,0,0,0,0,0,0,0,0,0,0,0,0,0,1,68,0,0,0,0,0,0,0
0.068,0,0,0,0,0,0,0,0,0,0,0,0,0,0,0,0,0,0,0,0,0,0,1,69,0,0,0,0,0,0,0
0.069,0,0,0,0,0,0,0,0,0,0,0,0,0,0,0,0,0,0,0,0,0,0,1,70,0,0,0,0,0,0,0
0.07,0,0,0,0,0,0,0,0,0,0,0,0,0,0,0,0,0,0,0,0,0,0,1,71,0,0,0,0,0,0,0
0.071,0,0,0,0,0,0,0,0,0,0,0,0,0,0,0,0,0,0,0,0,0,0,1,72,0,0,0,0,0,0,0
0.072,0,0,0,0,0,0,0,0,0,0,0,0,0,0,0,0,0,0,0,0,0,0,1,73,0,0,0,0,0,0,0
0.073,0,0,0,0,0,0,0,0,0,0,0,0,0,0,0,0,0,0,0,0,0,0,1,74,0,0,0,0,0,0,0
0.074,0,0,0,0,0,0,0,0,0,0,0,0,0,0,0,0,0,0,0,0,0,0,1,75,0,0,0,0,0,0,0
0.075,0,0,0,0,0,0,0,0,0,0,0,0,0,0,0,0,0,0,0,0,0,0,1,76,0,0,0,0,0,0,0
0.076,0,0,0,0,0,0,0,0,0,0,0,0,0,0,0,0,0,0,0,0,0,0,1,77,0,0,0,0,0,0,0
0.077,0,0,0,0,0,0,0,0,0,0,0,0,0,0,0,0,0,0,0,0,0,0,1,78,0,0,0,0,0,0,0
0.078,0,0,0,0,0,0,0,0,0,0,0,0,0,0,0,0,0,0,0,0,0,0,1,79,0,0,0,0,0,0,0
0.079,0,0,0,0,0,0,0,0,0,0,0,0,0,0,0,0,0,0,0,0,0,0,1,80,0,0,0,0,0,0,0
0.08,0,0,0,0,0,0,0,0,0,0,0,0,0,0,0,0,0,0,0,0,0,0,1,81,0,0,0,0,0,0,0
0.081,0,0,0,0,0,0,0,0,0,0,0,0,0,0,0,0,0,0,0,0,0,0,1,82,0,0,0,0,0,0,0
0.082,0,0,0,0,0,0,0,0,0,0,0,0,0,0,0,0,0,0,0,0,0,0,1,83,0,0,0,0,0,0,0
0.083,0,0,0,0,0,0,0,0,0,0,0,0,0,0,0,0,0,0,0,0,0,0,1,84,0,0,0,0,0,0,0
0.084,0,0,0,0,0,0,0,0,0,0,0,0,0,0,0,0,0,0,0,0,0,0,1,85,0,0,0,0,0,0,0
0.085,0,0,0,0,0,0,0,0,0,0,0,0,0,0,0,0,0,0,0,0,0,0,1,86,0,0,0,0,0,0,0
0.086,0,0,0,0,0,0,0,0,0,0,0,0,0,0,0,0,0,0,0,0,0,0,1,87,0,0,0,0,0,0,0
0.087,0,0,0,0,0,0,0,0,0,0,0,0,0,0,0,0,0,0,0,0,0,0,1,88,0,0,0,0,0,0,0
0.088,0,0,0,0,0,0,0,0,0,0,0,0,0,0,0,0,0,0,0,0,0,0,1,89,0,0,0,0,0,0,0
0.089,0,0,0,0,0,0,0,0,0,0,0,0,0,0,0,0,0,0,0,0,0,0,1,90,0,0,0,0,0,0,0
0.09,0,0,0,0,0,0,0,0,0,0,0,0,0,0,0,0,0,0,0,0,0,0,1,91,0,0,0,0,0,0,0
0.091,0,0,0,0,0,0,0,0,0,0,0,0,0,0,0,0,0,0,0,0,0,0,1,92,0,0,0,0,0,0,0
0.092,0,0,0,0,0,0,0,0,0,0,0,0,0,0,0,0,0,0,0,0,0,0,1,93,0,0,0,0,0,0,0
0.093,0,0,0,0,0,0,0,0,0,0,0,0,0,0,0,0,0,0,0,0,0,0,1,94,0,0,0,0,0,0,0
0.094,0,0,0,0,0,0,0,0,0,0,0,0,0,0,0,0,0,0,0,0,0,0,1,95,0,0,0,0,0,0,0
0.095,0,0,0,0,0,0,0,0,0,0,0,0,0,0,0,0,0,0,0,0,0,0,1,96,0,0,0,0,0,0,0
0.096,0,0,0,0,0,0,0,0,0,0,0,0,0,0,0,0,0,0,0,0,0,0,1,97,0,0,0,0,0,0,0
0.097,0,0,0,0,0,0,0,0,0,0,0,0,0,0,0,0,0,0,0,0,0,0,1,98,0,0,0,0,0,0,0
0.098,0,0,0,0,0,0,0,0,0,0,0,0,0,0,0,0,0,0,0,0,0,0,1,99,0,0,0,0,0,0,0
0.099,0,0,0,0,0,0,0,0,0,0,0,0,0,0,0,0,0,0,0,0,0,0,1,100,0,0,0,0,0,0,0
0.1,0.523598775598299,0,0,0,0,0,0.523598775598299,1.4072926446309,1.4072926446309,0,0,0,0,0,0,0,0,0,0,0,0,0,1,101,0,0,0,0,0,0,0
0.101,0.523598775598299,4.45218265702949e-05,0.128513015071065,0.445803932742211,4.45218265702949e-05,4.45218265702949e-05,0.523554253771728,1.38892542072261,1.38892542072261,0,0,0,0,0,0,0,0,0,0,0,0,0,1,102,0,0,0,0,0,0,0
0.102,0.523598775598299,0.00031838385052,0.442553049219617,0.709810168316796,0.00031838385052,0.00031838385052,0.523280391747779,1.37064920251435,1.37064920251435,0,0,0,0,0,0,0,0,0,0,0,0,0,1,103,0,0,0,0,0,0,0
0.103,0.523598775598299,0.000965080559626825,0.863890571767915,0.857783766312187,0.000965080559626825,0.000965080559626825,0.522633695038672,1.35206237097213,1.35206237097213,0,0,0,0,0,0,0,0,0,0,0,0,0,1,104,0,0,0,0,0,0,0
0.104,0.523598775598299,0.00206510228706424,1.34265039784167,0.931864162920198,0.00206510228706424,0.00206510228706424,0.521533673311235,1.33293814664519,1.33293814664519,0,0,0,0,0,0,0,0,0,0,0,0,0,1,105,0,0,0,0,0,0,0
0.105,0.523598775598299,0.00365882019882503,1.84712638475507,0.959055829432812,0.00365882019882503,0.00365882019882503,0.519939955399474,1.3131606748891,1.3131606748891,0,0,0,0,0,0,0,0,0,0,0,0,0,1,106,0,0,0,0,0,0,0
0.106,0.523598775598299,0.00576115152665334,2.35725642139455,0.95666706512572,0.00576115152665334,0.00576115152665334,0.517837624071645,1.29268409317719,1.29268409317719,0,0,0,0,0,0,0,0,0,0,0,0,0,1,107,0,0,0,0,0,0,0
0.107,0.523598775598299,0.0083709588486258,2.86044206838806,0.935793901406138,0.0083709588486258,0.0083709588486258,0.515227816749673,1.27150632104951,1.27150632104951,0,0,0,0,0,0,0,0,0,0,0,0,0,1,108,0,0,0,0,0,0,0
0.108,0.523598775598299,0.0114770755216481,3.34887010732695,0.903551791240415,0.0114770755216481,0.0114770755216481,0.512121700076651,1.24965228197709,1.24965228197709,0,0,0,0,0,0,0,0,0,0,0,0,0,1,109,0,0,0,0,0,0,0
0.109,0.523598775598299,0.0150621692937141,3.81779617606732,0.864505185195562,0.0150621692937141,0.0150621692937141,0.508536606304585,1.22716316805648,1.22716316805648,0,0,0,0,0,0,0,0,0,0,0,0,0,1,110,0,0,0,0,0,0,0
0.11,0.523598775598299,0.0191052204968749,4.26444470325191,0.821583308728979,0.0191052204968749,0.0191052204968749,0.504493555101424,1.20408957655543,1.20408957655543,0,0,0,0,0,0,0,0,0,0,0,0,0,1,111,0,0,0,0,0,0,0
0.111,0.523598775598299,0.0235831121783154,4.68730364598261,0.776666822078567,0.0235831121783154,0.0235831121783154,0.500015663419983,1.18048712759693,1.18048712759693,0,0,0,0,0,0,0,0,0,0,0,0,0,1,112,0,0,0,0,0,0,0
0.112,0.523598775598299,0.0284716507836206,5.08567214964507,0.730963661288177,0.0284716507836206,0.0284716507836206,0.495127124814678,1.15641367207565,1.15641367207565,0,0,0,0,0,0,0,0,0,0,0,0,0,1,113,0,0,0,0,0,0,0
0.113,0.523598775598299,0.0337462215107945,5.45937024670473,0.685249837058868,0.0337462215107945,0.0337462215107945,0.489852554087504,1.13192751905639,1.13192751905639,0,0,0,0,0,0,0,0,0,0,0,0,0,1,114,0,0,0,0,0,0,0
0.114,0.523598775598299,0.0393822091123181,5.80855237818639,0.640023730538261,0.0393822091123181,0.0393822091123181,0.484216566485981,1.10708631698504,1.10708631698504,0,0,0,0,0,0,0,0,0,0,0,0,0,1,115,0,0,0,0,0,0,0
0.115,0.523598775598299,0.0453552679427882,6.13358744647892,0.59560497799568,0.0453552679427882,0.0453552679427882,0.478243507655511,1.08194635441002,1.08194635441002,0,0,0,0,0,0,0,0,0,0,0,0,0,1,116,0,0,0,0,0,0,0
0.116,0.523598775598299,0.0516414949559411,6.43498151166334,0.552197860464924,0.0516414949559411,0.0516414949559411,0.471957280642358,1.05656213006334,1.05656213006334,0,0,0,0,0,0,0,0,0,0,0,0,0,1,117,0,0,0,0,0,0,0
0.117,0.523598775598299,0.0582175400775308,6.71332782926786,0.50993195568237,0.0582175400775308,0.0582175400775308,0.465381235520768,1.03098609605619,1.03098609605619,0,0,0,0,0,0,0,0,0,0,0,0,0,1,118,0,0,0,0,0,0,0
0.118,0.523598775598299,0.0650606760316851,6.96927442696146,0.468888224075176,0.0650606760316851,0.0650606760316851,0.458538099566614,1.00526851247641,1.00526851247641,0,0,0,0,0,0,0,0,0,0,0,0,0,1,119,0,0,0,0,0,0,0
0.119,0.523598775598299,0.0721488417875956,7.20350294049228,0.429115763245315,0.0721488417875956,0.0721488417875956,0.451449933810703,0.979457373797389,0.979457373797389,0,0,0,0,0,0,0,0,0,0,0,0,0,1,120,0,0,0,0,0,0,0
0.12,0.523598775598299,0.0794606687254459,7.4167146857151,0.390642583889821,0.0794606687254459,0.0794606687254459,0.444138106872853,0.953598381680952,0.953598381680952,0,0,0,0,0,0,0,0,0,0,0,0,0,1,121,0,0,0,0,0,0,0
0.121,0.523598775598299,0.0869754953735181,7.60962138898456,0.353482554892528,0.0869754953735181,0.0869754953735181,0.436623280224781,0.927734947838143,0.927734947838143,0,0,0,0,0,0,0,0,0,0,0,0,0,1,122,0,0,0,0,0,0,0
0.122,0.523598775598299,0.0946733744878818,7.78293892406754,0.317639893324848,0.0946733744878818,0.0946733744878818,0.428925401110417,0.901908216430822,0.901908216430822,0,0,0,0,0,0,0,0,0,0,0,0,0,1,123,0,0,0,0,0,0,0
0.123,0.523598775598299,0.102535074912699,7.93738299680053,0.283112080588452,0.102535074912699,0.102535074912699,0.4210637006856,0.876157099227207,0.876157099227207,0,0,0,0,0,0,0,0,0,0,0,0,0,1,124,0,0,0,0,0,0,0
0.124,0.523598775598299,0.110542079804407,8.07366609861401,0.249891769177506,0.110542079804407,0.110542079804407,0.413056695793892,0.850518319115961,0.850518319115961,0,0,0,0,0,0,0,0,0,0,0,0,0,1,125,0,0,0,0,0,0,0
0.125,0.523598775598299,0.118676582254839,8.19249529339039,0.217968041641061,0.118676582254839,0.118676582254839,0.404922193343459,0.825026459117694,0.825026459117694,0,0,0,0,0,0,0,0,0,0,0,0,0,1,126,0,0,0,0,0,0,0
0.126,0.523598775598299,0.126921478996508,8.29457055799957,0.187327253361473,0.126921478996508,0.126921478996508,0.396677296601791,0.799714015017708,0.799714015017708,0,0,0,0,0,0,0,0,0,0,0,0,0,1,127,0,0,0,0,0,0,0
0.127,0.523598775598299,0.135260362647249,8.38058349670773,0.157953607517076,0.135260362647249,0.135260362647249,0.38833841295105,0.774611450376941,0.774611450376941,0,0,0,0,0,0,0,0,0,0,0,0,0,1,128,0,0,0,0,0,0,0
0.128,0.523598775598299,0.143677512805954,8.45121631361853,0.129829557274348,0.143677512805954,0.143677512805954,0.379921262792345,0.749747253085782,0.749747253085782,0,0,0,0,0,0,0,0,0,0,0,0,0,1,129,0,0,0,0,0,0,0
0.129,0.523598775598299,0.152157886217305,8.50714096828339,0.102936096100235,0.152157886217305,0.152157886217305,0.371440889380994,0.725147992888616,0.725147992888616,0,0,0,0,0,0,0,0,0,0,0,0,0,1,130,0,0,0,0,0,0,0
0.13,0.523598775598299,0.160687106162626,8.5490184658715,0.0772529752089061,0.160687106162626,0.160687106162626,0.362911669435672,0.700838379477654,0.700838379477654,0,0,0,0,0,0,0,0,0,0,0,0,0,1,131,0,0,0,0,0,0,0
0.131,0.523598775598299,0.169251451194423,8.57749825011337,0.0527588731457079,0.169251451194423,0.169251451194423,0.354347324403876,0.676841320865872,0.676841320865872,0,0,0,0,0,0,0,0,0,0,0,0,0,1,132,0,0,0,0,0,0,0
0.132,0.523598775598299,0.177837843306165,8.59321767801564,0.0294315335372202,0.177837843306165,0.177837843306165,0.345760932292134,0.65317798182212,0.65317798182212,0,0,0,0,0,0,0,0,0,0,0,0,0,1,133,0,0,0,0,0,0,0
0.133,0.523598775598299,0.186433835611586,8.59680156226003,0.00724788128940621,0.186433835611586,0.186433835611586,0.337164939986713,0.629867842200258,0.629867842200258,0,0,0,0,0,0,0,0,0,0,0,0,0,1,134,0,0,0,0,0,0,0
0.134,0.523598775598299,0.195027599596064,8.58886177163757,-0.0138158761642524,0.195027599596064,0.195027599596064,0.328571176002235,0.606928755027222,0.606928755027222,0,0,0,0,0,0,0,0,0,0,0,0,0,1,135,0,0,0,0,0,0,0
0.135,0.523598775598299,0.203607911994534,8.56999688272142,-0.0337841583189498,0.203607911994534,0.203607911994534,0.319990863603765,0.584377004237936,0.584377004237936,0,0,0,0,0,0,0,0,0,0,0,0,0,1,136,0,0,0,0,0,0,0
0.136,0.523598775598299,0.21216414134457,8.54079187781778,-0.0526819290216796,0.21216414134457,0.21216414134457,0.311434634253729,0.562227361961358,0.562227361961358,0,0,0,0,0,0,0,0,0,0,0,0,0,1,137,0,0,0,0,0,0,0
0.137,0.523598775598299,0.220686234258944,8.50181788542155,-0.0705346200891286,0.220686234258944,0.220686234258944,0.302912541339355,0.540493145274213,0.540493145274213,0,0,0,0,0,0,0,0,0,0,0,0,0,1,138,0,0,0,0,0,0,0
0.138,0.523598775598299,0.229164701458619,8.45363196017353,-0.087368059965637,0.229164701458619,0.229164701458619,0.294434074139679,0.51918627234832,0.51918627234832,0,0,0,0,0,0,0,0,0,0,0,0,0,1,139,0,0,0,0,0,0,0
0.139,0.523598775598299,0.237590603604395,8.39677689982097,-0.103208406661289,0.237590603604395,0.237590603604395,0.286008171993904,0.498317317925084,0.498317317925084,0,0,0,0,0,0,0,0,0,0,0,0,0,1,140,0,0,0,0,0,0,0
0.14,0.523598775598299,0.245955536963099,8.33178109701805,-0.118082084462391,0.245955536963099,0.245955536963099,0.2776432386352,0.477895568057069,0.477895568057069,0,0,0,0,0,0,0,0,0,0,0,0,0,1,141,0,0,0,0,0,0,0
0.141,0.523598775598299,0.254251618942189,8.25915842402875,-0.132015724067534,0.254251618942189,0.254251618942189,0.269347156656109,0.457929074062119,0.457929074062119,0,0,0,0,0,0,0,0,0,0,0,0,0,1,142,0,0,0,0,0,0,0
0.142,0.523598775598299,0.262471473524758,8.17940814855164,-0.145036105905011,0.262471473524758,0.262471473524758,0.261127302073541,0.438424705640471,0.438424705640471,0,0,0,0,0,0,0,0,0,0,0,0,0,1,143,0,0,0,0,0,0,0
0.143,0.523598775598299,0.270608216635225,8.09301487899886,-0.157170106452551,0.270608216635225,0.270608216635225,0.252990558963074,0.419388203109803,0.419388203109803,0,0,0,0,0,0,0,0,0,0,0,0,0,1,144,0,0,0,0,0,0,0
0.144,0.523598775598299,0.278655441464376,8.00044853764641,-0.168444647421755,0.278655441464376,0.278655441464376,0.244943334133923,0.4008242287174,0.4008242287174,0,0,0,0,0,0,0,0,0,0,0,0,0,1,145,0,0,0,0,0,0,0
0.145,0.523598775598299,0.286607203780849,7.90216436013967,-0.17888664769574,0.286607203780849,0.286607203780849,0.23699157181745,0.382736416992539,0.382736416992539,0,0,0,0,0,0,0,0,0,0,0,0,0,1,146,0,0,0,0,0,0,0
0.146,0.523598775598299,0.294458007254695,7.79860291989398,-0.188522977924989,0.294458007254695,0.294458007254695,0.229140768343604,0.365127424105951,0.365127424105951,0,0,0,0,0,0,0,0,0,0,0,0,0,1,147,0,0,0,0,0,0,0
0.147,0.523598775598299,0.302202788817197,7.69019017597904,-0.197380417696722,0.302202788817197,0.302202788817197,0.221395986781102,0.347998976206747,0.347998976206747,0,0,0,0,0,0,0,0,0,0,0,0,0,1,148,0,0,0,0,0,0,0
0.148,0.523598775598299,0.309836904079742,7.57733754311964,-0.205485615199539,0.309836904079742,0.309836904079742,0.213761871518557,0.331351916710576,0.331351916710576,0,0,0,0,0,0,0,0,0,0,0,0,0,1,149,0,0,0,0,0,0,0
0.149,0.523598775598299,0.317356112833201,7.46044198248739,-0.212865049309063,0.317356112833201,0.317356112833201,0.206242662765097,0.315186252516008,0.315186252516008,0,0,0,0,0,0,0,0,0,0,0,0,0,1,150,0,0,0,0,0,0,0
0.15,0.523598775598299,0.324756564647956,7.33988611199759,-0.219544994022825,0.324756564647956,0.324756564647956,0.198842210950343,0.299501199129202,0.299501199129202,0,0,0,0,0,0,0,0,0,0,0,0,0,1,151,0,0,0,0,0,0,0
0.151,0.523598775598299,0.332034784593451,7.21603833486407,-0.225551485174134,0.332034784593451,0.332034784593451,0.191563991004848,0.284295224679868,0.284295224679868,0,0,0,0,0,0,0,0,0,0,0,0,0,1,152,0,0,0,0,0,0,0
0.152,0.523598775598299,0.339187659094934,7.08925298520318,-0.230910289355735,0.339187659094934,0.339187659094934,0.184411116503364,0.269566092814312,0.269566092814312,0,0,0,0,0,0,0,0,0,0,0,0,0,1,153,0,0,0,0,0,0,0
0.153,0.523598775598299,0.346212421943824,6.95987048951525,-0.235646874984695,0.346212421943824,0.346212421943824,0.177386353654474,0.255310904454038,0.255310904454038,0,0,0,0,0,0,0,0,0,0,0,0,0,1,154,0,0,0,0,0,0,0
0.154,0.523598775598299,0.353106640477031,6.8282175429096,-0.239786385440538,0.353106640477031,0.353106640477031,0.170492135121268,0.241526138410923,0.241526138410923,0,0,0,0,0,0,0,0,0,0,0,0,0,1,155,0,0,0,0,0,0,0
0.155,0.523598775598299,0.359868201939412,6.69460729897545,-0.243353614209058,0.359868201939412,0.359868201939412,0.163730573658886,0.228207690852388,0.228207690852388,0,0,0,0,0,0,0,0,0,0,0,0,0,1,156,0,0,0,0,0,0,0
0.156,0.523598775598299,0.36649530004248,6.55933957223839,-0.246372981964737,0.36649530004248,0.36649530004248,0.157103475555819,0.215350913612295,0.215350913612295,0,0,0,0,0,0,0,0,0,0,0,0,0,1,157,0,0,0,0,0,0,0
0.157,0.523598775598299,0.372986421731426,6.42270105217802,-0.248868515525155,0.372986421731426,0.372986421731426,0.150612353866872,0.202950651345481,0.202950651345481,0,0,0,0,0,0,0,0,0,0,0,0,0,1,158,0,0,0,0,0,0,0
0.158,0.523598775598299,0.37934033417154,6.28496552781871,-0.250863828611288,0.37934033417154,0.37934033417154,0.144258441426759,0.191001277525903,0.191001277525903,0,0,0,0,0,0,0,0,0,0,0,0,0,1,159,0,0,0,0,0,0,0
0.159,0.523598775598299,0.385556071964093,6.14639412194099,-0.252382104348206,0.385556071964093,0.385556071964093,0.138042703634206,0.179496729290311,0.179496729290311,0,0,0,0,0,0,0,0,0,0,0,0,0,1,160,0,0,0,0,0,0,0
0.16,0.523598775598299,0.391632924600873,6.00723553399676,-0.253446079441286,0.391632924600873,0.391632924600873,0.131965850997426,0.168430541131233,0.168430541131233,0,0,0,0,0,0,0,0,0,0,0,0,0,1,161,0,0,0,0,0,0,0
0.161,0.523598775598299,0.397570424165607,5.86772629084638,-0.254078029963802,0.397570424165607,0.397570424165607,0.126028351432692,0.157795877444771,0.157795877444771,0,0,0,0,0,0,0,0,0,0,0,0,0,1,162,0,0,0,0,0,0,0
0.162,0.523598775598299,0.403368333289688,5.72809100447035,-0.254299758692499,0.403368333289688,0.403368333289688,0.120230442308611,0.147585563940343,0.147585563940343,0,0,0,0,0,0,0,0,0,0,0,0,0,1,163,0,0,0,0,0,0,0
0.163,0.523598775598299,0.409026633368747,5.58854263584245,-0.254132583928592,0.409026633368747,0.409026633368747,0.114572142229551,0.137792117921064,0.137792117921064,0,0,0,0,0,0,0,0,0,0,0,0,0,1,164,0,0,0,0,0,0,0
0.164,0.523598775598299,0.414545513045867,5.44928276418499,-0.253597329742536,0.414545513045867,0.414545513045867,0.109053262552432,0.12840777744486,0.12840777744486,0,0,0,0,0,0,0,0,0,0,0,0,0,1,165,0,0,0,0,0,0,0
0.165,0.523598775598299,0.419925356966416,5.3105018608598,-0.252714317581835,0.419925356966416,0.419925356966416,0.103673418631883,0.119424529377771,0.119424529377771,0,0,0,0,0,0,0,0,0,0,0,0,0,1,166,0,0,0,0,0,0,0
0.166,0.523598775598299,0.425166734808806,5.17237956718151,-0.251503359182174,0.425166734808806,0.425166734808806,0.0984320407894929,0.11083413635214,0.11083413635214,0,0,0,0,0,0,0,0,0,0,0,0,0,1,167,0,0,0,0,0,0,0
0.167,0.523598775598299,0.430270390594726,5.03508497547135,-0.249983750723175,0.430270390594726,0.430270390594726,0.0933283850035725,0.102628162643558,0.102628162643558,0,0,0,0,0,0,0,0,0,0,0,0,0,1,168,0,0,0,0,0,0,0
0.168,0.523598775598299,0.435237232281788,4.89877691270157,-0.248174268171176,0.435237232281788,0.435237232281788,0.0883615433165104,0.0947979989814731,0.0947979989814731,0,0,0,0,0,0,0,0,0,0,0,0,0,1,169,0,0,0,0,0,0,0
0.169,0.523598775598299,0.440068321640847,4.76360422611119,-0.246093163752551,0.440068321640847,0.440068321640847,0.0835304539574521,0.087334886309418,0.087334886309418,0,0,0,0,0,0,0,0,0,0,0,0,0,1,170,0,0,0,0,0,0,0
0.17,0.523598775598299,0.444764864419675,4.62970607020414,-0.243758163502229,0.444764864419675,0.444764864419675,0.078833911178624,0.0802299385116552,0.0802299385116552,0,0,0,0,0,0,0,0,0,0,0,0,0,1,171,0,0,0,0,0,0,0
0.171,0.523598775598299,0.449328200794098,4.49721219457029,-0.241186465833282,0.449328200794098,0.449328200794098,0.0742705748042013,0.0734741641239259,0.0734741641239259,0,0,0,0,0,0,0,0,0,0,0,0,0,1,172,0,0,0,0,0,0,0
0.172,0.523598775598299,0.453759796107132,4.36624323199917,-0.238394741074629,0.453759796107132,0.453759796107132,0.0698389794911668,0.0670584870467105,0.0670584870467105,0,0,0,0,0,0,0,0,0,0,0,0,0,1,173,0,0,0,0,0,0,0
0.173,0.523598775598299,0.458061231896179,4.23691098638395,-0.235399131925176,0.458061231896179,0.458061231896179,0.06553754370212,0.0609737662801109,0.0609737662801109,0,0,0,0,0,0,0,0,0,0,0,0,0,1,174,0,0,0,0,0,0,0
0.174,0.523598775598299,0.462234197207813,4.1093187199412,-0.232215254773934,0.462234197207813,0.462234197207813,0.0613645783904855,0.0552108147000697,0.0552108147000697,0,0,0,0,0,0,0,0,0,0,0,0,0,1,175,0,0,0,0,0,0,0
0.175,0.523598775598299,0.466280480199266,3.98356143929862,-0.228858201836961,0.466280480199266,0.466280480199266,0.0573182953990324,0.0497604168961997,0.0497604168961997,0,0,0,0,0,0,0,0,0,0,0,0,0,1,176,0,0,0,0,0,0,0
0.176,0.523598775598299,0.470201960025251,3.85972618002935,-0.225342544063238,0.470201960025251,0.470201960025251,0.0533968155730478,0.044613346091973,0.044613346091973,0,0,0,0,0,0,0,0,0,0,0,0,0,1,177,0,0,0,0,0,0,0
0.177,0.523598775598299,0.474000599008379,3.73789228923654,-0.221682334762887,0.474000599008379,0.474000599008379,0.0495981765899197,0.0397603801684505,0.0397603801684505,0,0,0,0,0,0,0,0,0,0,0,0,0,1,178,0,0,0,0,0,0,0
0.178,0.523598775598299,0.477678435091033,3.61813170581705,-0.217891113912479,0.477678435091033,0.477678435091033,0.0459203405072661,0.0351923168130888,0.0351923168130888,0,0,0,0,0,0,0,0,0,0,0,0,0,1,179,0,0,0,0,0,0,0
0.179,0.523598775598299,0.481237574566193,3.500509238057,-0.213981913093432,0.481237574566193,0.481237574566193,0.0423612010321056,0.0308999878154796,0.0308999878154796,0,0,0,0,0,0,0,0,0,0,0,0,0,1,180,0,0,0,0,0,0,0
0.18,0.523598775598299,0.484680185084395,3.38508283823505,-0.209967261020874,0.484680185084395,0.484680185084395,0.0389185905139035,0.0268742725321228,0.0268742725321228,0,0,0,0,0,0,0,0,0,0,0,0,0,1,181,0,0,0,0,0,0,0
0.181,0.523598775598299,0.488008488933662,3.2719038739323,-0.205859189621627,0.488008488933662,0.488008488933662,0.0355902866646372,0.0231061105425472,0.0231061105425472,0,0,0,0,0,0,0,0,0,0,0,0,0,1,182,0,0,0,0,0,0,0
0.182,0.523598775598299,0.491224756588983,3.16101739576918,-0.201669240621289,0.491224756588983,0.491224756588983,0.0323740190093155,0.0195865135192382,0.0195865135192382,0,0,0,0,0,0,0,0,0,0,0,0,0,1,183,0,0,0,0,0,0,0
0.183,0.523598775598299,0.494331300527643,3.05246240131119,-0.1974084726017,0.494331300527643,0.494331300527643,0.0292674750706562,0.0163065763339516,0.0163065763339516,0,0,0,0,0,0,0,0,0,0,0,0,0,1,184,0,0,0,0,0,0,0
0.184,0.523598775598299,0.497330469306425,2.9462720949056,-0.193087468491398,0.497330469306425,0.497330469306425,0.0262683062918735,0.0132574874230475,0.0132574874230475,0,0,0,0,0,0,0,0,0,0,0,0,0,1,185,0,0,0,0,0,0,0
0.185,0.523598775598299,0.500224641896544,2.84247414323104,-0.188716343452936,0.500224641896544,0.500224641896544,0.0233741337017552,0.0104305384345091,0.0104305384345091,0,0,0,0,0,0,0,0,0,0,0,0,0,1,186,0,0,0,0,0,0,0
0.186,0.523598775598299,0.503016222271882,2.74109092636115,-0.18430475313226,0.503016222271882,0.503016222271882,0.0205825533264171,0.00781713317928982,0.00781713317928982,0,0,0,0,0,0,0,0,0,0,0,0,0,1,187,0,0,0,0,0,0,0
0.187,0.523598775598299,0.505707634245985,2.64213978416144,-0.179861902236584,0.505707634245985,0.505707634245985,0.0178911413523134,0.00540879590958355,0.00540879590958355,0,0,0,0,0,0,0,0,0,0,0,0,0,1,188,0,0,0,0,0,0,0
0.188,0.523598775598299,0.508301316553047,2.5456332578565,-0.175396553408495,0.508301316553047,0.508301316553047,0.0152974590452523,0.00319717894651906,0.00319717894651906,0,0,0,0,0,0,0,0,0,0,0,0,0,1,189,0,0,0,0,0,0,0
0.189,0.523598775598299,0.510799718167979,2.45157932662156,-0.170917036365241,0.510799718167979,0.510799718167979,0.0127990574303198,0.0011740696796578,0.0011740696796578,0,0,0,0,0,0,0,0,0,0,0,0,0,1,190,0,0,0,0,0,0,0
0.19,0.523598775598299,0.513205293860543,2.35998163906875,-0.166431257273423,0.513205293860543,0.513205293860543,0.0103934817377562,-0.000668603039470878,-0.000668603039470878,0,0,0,0,0,0,0,0,0,0,0,0,0,1,191,0,0,0,0,0,0,0
0.191,0.523598775598299,0.515520499978353,2.27083973951392,-0.161946708330499,0.515520499978353,0.515520499978353,0.00807827561994556,-0.00233876308775706,-0.00233876308775706,0,0,0,0,0,0,0,0,0,0,0,0,0,1,192,0,0,0,0,0,0,0
0.192,0.523598775598299,0.517747790453508,2.18414928892513,-0.157470477525727,0.517747790453508,0.517747790453508,0.00585098514479099,-0.00384418182298074,-0.00384418182298074,0,0,0,0,0,0,0,0,0,0,0,0,0,1,193,0,0,0,0,0,0,0
0.193,0.523598775598299,0.519889613027463,2.09990228046792,-0.153009258554348,0.519889613027463,0.519889613027463,0.00370916257083631,-0.00519247337676596,-0.00519247337676596,0,0,0,0,0,0,0,0,0,0,0,0,0,1,194,0,0,0,0,0,0,0
0.194,0.523598775598299,0.521948405688725,2.01808724957655,-0.14856936085997,0.521948405688725,0.521948405688725,0.00165036990957423,-0.00639109046667464,-0.00639109046667464,0,0,0,0,0,0,0,0,0,0,0,0,0,1,195,0,0,0,0,0,0,0
0.195,0.523598775598299,0.523926593317854,1.93868947849322,-0.144156719781267,0.523926593317854,0.523926593317854,-0.000327817719555257,-0.00744732070638134,-0.00744732070638134,0,0,0,0,0,0,0,0,0,0,0,0,0,1,196,0,0,0,0,0,0,0
0.196,0.523598775598299,0.525826584534219,1.86169119522978,-0.139776906780203,0.525826584534219,0.525826584534219,-0.00222780893591978,-0.00836828339316562,-0.00836828339316562,0,0,0,0,0,0,0,0,0,0,0,0,0,1,197,0,0,0,0,0,0,0
0.197,0.523598775598299,0.527650768738907,1.78707176691845,-0.135435139730117,0.527650768738907,0.527650768738907,-0.00405199314060833,-0.0091609267522838,-0.0091609267522838,0,0,0,0,0,0,0,0,0,0,0,0,0,1,198,0,0,0,0,0,0,0
0.198,0.523598775598299,0.529401513348179,1.71480788752929,-0.131136293243047,0.529401513348179,0.529401513348179,-0.00580273774988005,-0.00983202561811463,-0.00983202561811463,0,0,0,0,0,0,0,0,0,0,0,0,0,1,199,0,0,0,0,0,0,0
0.199,0.523598775598299,0.531081161211808,1.64487375994281,-0.12688490901676,0.531081161211808,0.531081161211808,-0.007482385613509,-0.01038817953233,-0.01038817953233,0,0,0,0,0,0,0,0,0,0,0,0,0,1,200,0,0,0,0,0,0,0
0.2,0.523598775598299,0.532692028210677,1.57724127237627,-0.122685206182933,0.532692028210677,0.532692028210677,-0.00909325261237781,-0.0108358112397049,-0.0108358112397049,0,0,0,0,0,0,0,0,0,0,0,0,0,1,201,0,0,0,0,0,0,0
0.201,0.523598775598299,0.534236401027976,1.51188016917205,-0.118541091638991,0.534236401027976,0.534236401027976,-0.0106376254296775,-0.011181165562563,-0.011181165562563,0,0,0,0,0,0,0,0,0,0,0,0,0,1,202,0,0,0,0,0,0,0
0.202,0.523598775598299,0.535716535088383,1.44875821596512,-0.114456170347023,0.535716535088383,0.535716535088383,-0.0121177594900838,-0.0114303086352447,-0.0114303086352447,0,0,0,0,0,0,0,0,0,0,0,0,0,1,203,0,0,0,0,0,0,0
0.203,0.523598775598299,0.537134652659599,1.38784135925559,-0.110433755584205,0.537134652659599,0.537134652659599,-0.0135358770613003,-0.0115891274803853,-0.0115891274803853,0,0,0,0,0,0,0,0,0,0,0,0,0,1,204,0,0,0,0,0,0,0
0.204,0.523598775598299,0.53849294111069,1.32909388042019,-0.106476879130049,0.53849294111069,0.53849294111069,-0.0148941655123909,-0.0116633299092,-0.0116633299092,0,0,0,0,0,0,0,0,0,0,0,0,0,1,205,0,0,0,0,0,0,0
0.205,0.523598775598299,0.539793551321659,1.27247854420397,-0.102588301376714,0.539793551321659,0.539793551321659,-0.0161947757233598,-0.011658444728398,-0.011658444728398,0,0,0,0,0,0,0,0,0,0,0,0,0,1,206,0,0,0,0,0,0,0
0.206,0.523598775598299,0.541038596238783,1.21795674174081,-0.0987705213494892,0.541038596238783,0.541038596238783,-0.0174398206404841,-0.0115798222367602,-0.0115798222367602,0,0,0,0,0,0,0,0,0,0,0,0,0,1,207,0,0,0,0,0,0,0
0.207,0.523598775598299,0.542230149570251,1.16548862815786,-0.0950257866254077,0.542230149570251,0.542230149570251,-0.0186313739719525,-0.0114326349948553,-0.0114326349948553,0,0,0,0,0,0,0,0,0,0,0,0,0,1,208,0,0,0,0,0,0,0
0.208,0.523598775598299,0.543370244616726,1.11503325482494,-0.091356103138779,0.543370244616726,0.543370244616726,-0.0197714690184267,-0.0112218788518016,-0.0112218788518016,0,0,0,0,0,0,0,0,0,0,0,0,0,1,209,0,0,0,0,0,0,0
0.209,0.523598775598299,0.544460873231501,1.06654869631608,-0.0877632448632171,0.544460873231501,0.544460873231501,-0.0208620976332025,-0.0109523742134184,-0.0109523742134184,0,0,0,0,0,0,0,0,0,0,0,0,0,1,210,0,0,0,0,0,0,0
0.21,0.523598775598299,0.545503984905016,1.01999217215537,-0.0842487633605247,0.545503984905016,0.545503984905016,-0.0219052093067172,-0.0106287675365541,-0.0106287675365541,0,0,0,0,0,0,0,0,0,0,0,0,0,1,211,0,0,0,0,0,0,0
0.211,0.523598775598299,0.546501485968527,0.975320163424174,-0.080813997187535,0.546501485968527,0.546501485968527,-0.0229027103702284,-0.010255533034818,-0.010255533034818,0,0,0,0,0,0,0,0,0,0,0,0,0,1,212,0,0,0,0,0,0,0
0.212,0.523598775598299,0.547455238911862,0.932488524311464,-0.0774600811527368,0.547455238911862,0.547455238911862,-0.0238564633135632,-0.00983697458139363,-0.00983697458139363,0,0,0,0,0,0,0,0,0,0,0,0,0,1,213,0,0,0,0,0,0,0
0.213,0.523598775598299,0.548367061810225,0.89145258869289,-0.0741879554152043,0.548367061810225,0.548367061810225,-0.0247682862119259,-0.00937722779504559,-0.00937722779504559,0,0,0,0,0,0,0,0,0,0,0,0,0,1,214,0,0,0,0,0,0,0
0.214,0.523598775598299,0.549238727855135,0.85216727182815,-0.0709983744190262,0.549238727855135,0.549238727855135,-0.025639952256836,-0.00888026229588307,-0.00888026229588307,0,0,0,0,0,0,0,0,0,0,0,0,0,1,215,0,0,0,0,0,0,0
0.215,0.523598775598299,0.550071964984659,0.814587167269476,-0.0678919156570714,0.550071964984659,0.550071964984659,-0.0264731893863606,-0.00834988411788173,-0.00834988411788173,0,0,0,0,0,0,0,0,0,0,0,0,0,1,216,0,0,0,0,0,0,0
0.216,0.523598775598299,0.5508684556082,0.778666639077152,-0.0648689882585555,0.5508684556082,0.5508684556082,-0.0272696800099013,-0.00778973826560528,-0.00778973826560528,0,0,0,0,0,0,0,0,0,0,0,0,0,1,217,0,0,0,0,0,0,0
0.217,0.523598775598299,0.55162983642119,0.744359909440708,-0.0619298413954653,0.55162983642119,0.55162983642119,-0.028031060822891,-0.00720331140300733,-0.00720331140300733,0,0,0,0,0,0,0,0,0,0,0,0,0,1,218,0,0,0,0,0,0,0
0.218,0.523598775598299,0.552357698305156,0.711621141806824,-0.0590745725034743,0.552357698305156,0.552357698305156,-0.0287589227068573,-0.0065939346626291,-0.0065939346626291,0,0,0,0,0,0,0,0,0,0,0,0,0,1,219,0,0,0,0,0,0,0
0.219,0.523598775598299,0.553053586308707,0.680404519617081,-0.0563031353135329,0.553053586308707,0.553053586308707,-0.0294548107104087,-0.00596478656392987,-0.00596478656392987,0,0,0,0,0,0,0,0,0,0,0,0,0,1,220,0,0,0,0,0,0,0
0.22,0.523598775598299,0.553718999705107,0.650664320760533,-0.0536153476908394,0.553718999705107,0.553718999705107,-0.0301202241068083,-0.00531889602992895,-0.00531889602992895,0,0,0,0,0,0,0,0,0,0,0,0,0,1,221,0,0,0,0,0,0,0
0.221,0.523598775598299,0.5543553921222,0.622354987847598,-0.0510108992784066,0.5543553921222,0.5543553921222,-0.0307566165239015,-0.00465914549174255,-0.00465914549174255,0,0,0,0,0,0,0,0,0,0,0,0,0,1,222,0,0,0,0,0,0,0
0.222,0.523598775598299,0.554964171740572,0.595431194413052,-0.0484893589429146,0.554964171740572,0.554964171740572,-0.0313653961422727,-0.00398827407102523,-0.00398827407102523,0,0,0,0,0,0,0,0,0,0,0,0,0,1,223,0,0,0,0,0,0,0
0.223,0.523598775598299,0.555546701555915,0.569847907156935,-0.0460501820210026,0.555546701555915,0.555546701555915,-0.0319479259576158,-0.00330888083073422,-0.00330888083073422,0,0,0,0,0,0,0,0,0,0,0,0,0,1,224,0,0,0,0,0,0,0
0.224,0.523598775598299,0.556104299701708,0.545560444332978,-0.0436927173645881,0.556104299701708,0.556104299701708,-0.0325055241034089,-0.00262342808503391,-0.00262342808503391,0,0,0,0,0,0,0,0,0,0,0,0,0,1,225,0,0,0,0,0,0,0
0.225,0.523598775598299,0.556638239828397,0.522524530394696,-0.0414162141842178,0.556638239828397,0.556638239828397,-0.0330394642300981,-0.00193424475955942,-0.00193424475955942,0,0,0,0,0,0,0,0,0,0,0,0,0,1,226,0,0,0,0,0,0,0
0.226,0.523598775598299,0.557149751535401,0.500696347009665,-0.0392198286898471,0.557149751535401,0.557149751535401,-0.0335509759371021,-0.00124352979365411,-0.00124352979365411,0,0,0,0,0,0,0,0,0,0,0,0,0,1,227,0,0,0,0,0,0,0
0.227,0.523598775598299,0.55764002085236,0.480032580552615,-0.0371026305288252,0.55764002085236,0.55764002085236,-0.0340412452540612,-0.000553355576565995,-0.000553355576565995,0,0,0,0,0,0,0,0,0,0,0,0,0,1,228,0,0,0,0,0,0,0
0.228,0.523598775598299,0.558110190766163,0.460490466187942,-0.0350636090212093,0.558110190766163,0.558110190766163,-0.0345114151678637,0.000134328590022936,0.000134328590022936,0,0,0,0,0,0,0,0,0,0,0,0,0,1,229,0,0,0,0,0,0,0
0.229,0.523598775598299,0.558561361790397,0.442027828651971,-0.0331016791928732,0.558561361790397,0.558561361790397,-0.0349625861920984,0.000817693010391057,0.000817693010391057,0,0,0,0,0,0,0,0,0,0,0,0,0,1,230,0,0,0,0,0,0,0
0.23,0.523598775598299,0.55899459257398,0.424603119844929,-0.0312156876071893,0.55899459257398,0.55899459257398,-0.0353958169756816,0.00149502410100469,0.00149502410100469,0,0,0,0,0,0,0,0,0,0,0,0,0,1,231,0,0,0,0,0,0,0
0.231,0.523598775598299,0.559410900545828,0.408175453341968,-0.0294044179963584,0.559410900545828,0.559410900545828,-0.0358121249475294,0.00216472089111645,0.00216472089111645,0,0,0,0,0,0,0,0,0,0,0,0,0,1,232,0,0,0,0,0,0,0
0.232,0.523598775598299,0.559811262592543,0.392704635931899,-0.0276665966937458,0.559811262592543,0.559811262592543,-0.0362124869942441,0.00282529152393955,0.00282529152393955,0,0,0,0,0,0,0,0,0,0,0,0,0,1,233,0,0,0,0,0,0,0
0.233,0.523598775598299,0.560196615766198,0.378151196291374,-0.026000897868841,0.560196615766198,0.560196615766198,-0.0365978401678988,0.00347534976426202,0.00347534976426202,0,0,0,0,0,0,0,0,0,0,0,0,0,1,234,0,0,0,0,0,0,0
0.234,0.523598775598299,0.560567858019407,0.364476410901297,-0.0244059485667044,0.560567858019407,0.560567858019407,-0.0369690824211085,0.00411361151803526,0.00411361151803526,0,0,0,0,0,0,0,0,0,0,0,0,0,1,235,0,0,0,0,0,0,0
0.235,0.523598775598299,0.560925848964982,0.35164232731106,-0.0228803335539948,0.560925848964982,0.560925848964982,-0.0373270733666827,0.0047388913691517,0.0047388913691517,0,0,0,0,0,0,0,0,0,0,0,0,0,1,236,0,0,0,0,0,0,0
0.236,0.523598775598299,0.561271410657558,0.339611784855007,-0.0214225999738828,0.561271410657558,0.561271410657558,-0.0376726350592592,0.0053500991383184,0.0053500991383184,0,0,0,0,0,0,0,0,0,0,0,0,0,1,237,0,0,0,0,0,0,0
0.237,0.523598775598299,0.561605328394724,0.328348432924123,-0.0200312618123517,0.561605328394724,0.561605328394724,-0.0380065527964247,0.00594623646862101,0.00594623646862101,0,0,0,0,0,0,0,0,0,0,0,0,0,1,238,0,0,0,0,0,0,0
0.238,0.523598775598299,0.561928351535224,0.317816746894515,-0.0187048041785746,0.561928351535224,0.561928351535224,-0.0383295759369253,0.0065263934420938,0.0065263934420938,0,0,0,0,0,0,0,0,0,0,0,0,0,1,239,0,0,0,0,0,0,0
0.239,0.523598775598299,0.562241194331976,0.307982041812692,-0.0174416874022185,0.562241194331976,0.562241194331976,-0.0386424187336776,0.00708974523130479,0.00708974523130479,0,0,0,0,0,0,0,0,0,0,0,0,0,1,240,0,0,0,0,0,0,0
0.24,0.523598775598299,0.562544536777682,0.298810483936022,-0.0162403509506849,0.562544536777682,0.562544536777682,-0.0389457611793829,0.00763554878971055,0.00763554878971055,0,0,0,0,0,0,0,0,0,0,0,0,0,1,241,0,0,0,0,0,0,0
0.241,0.523598775598299,0.56283902546095,0.290269100225021,-0.0150992171694359,0.56283902546095,0.56283902546095,-0.0392402498626508,0.008163139584249,0.008163139584249,0,0,0,0,0,0,0,0,0,0,0,0,0,1,242,0,0,0,0,0,0,0
0.242,0.523598775598299,0.563125274430929,0.28232578588236,-0.0140166948486812,0.563125274430929,0.563125274430929,-0.0395264988326306,0.00867192837338893,0.00867192837338893,0,0,0,0,0,0,0,0,0,0,0,0,0,1,243,0,0,0,0,0,0,0
0.243,0.523598775598299,0.563403866068542,0.274949310031621,-0.0129911826198195,0.563403866068542,0.563403866068542,-0.0398050904702428,0.00916139803360135,0.00916139803360135,0,0,0,0,0,0,0,0,0,0,0,0,0,1,244,0,0,0,0,0,0,0
0.244,0.523598775598299,0.563675351962498,0.268109319626928,-0.0120210721851283,0.563675351962498,0.563675351962498,-0.0400765763641991,0.00963110043697345,0.00963110043697345,0,0,0,0,0,0,0,0,0,0,0,0,0,1,245,0,0,0,0,0,0,0
0.245,0.523598775598299,0.563940253788382,0.261776341682642,-0.0111047513842906,0.563940253788382,0.563940253788382,-0.0403414781900828,0.0100806533824573,0.0100806533824573,0,0,0,0,0,0,0,0,0,0,0,0,0,1,246,0,0,0,0,0,0,0
0.246,0.523598775598299,0.564199064189156,0.255921783910281,-0.0102406071014255,0.564199064189156,0.564199064189156,-0.0406002885908571,0.010509737583011,0.010509737583011,0,0,0,0,0,0,0,0,0,0,0,0,0,1,247,0,0,0,0,0,0,0
0.247,0.523598775598299,0.564452247655547,0.250517933847827,-0.00942702801636246,0.564452247655547,0.564452247655547,-0.0408534720572482,0.0109180937106862,0.0109180937106862,0,0,0,0,0,0,0,0,0,0,0,0,0,1,248,0,0,0,0,0,0,0
0.248,0.523598775598299,0.564700241404838,0.245537956564471,-0.00866240720395735,0.564700241404838,0.564700241404838,-0.0411014658065393,0.0113055195014942,0.0113055195014942,0,0,0,0,0,0,0,0,0,0,0,0,0,1,249,0,0,0,0,0,0,0
0.249,0.523598775598299,0.564943456256689,0.240955891021789,-0.00794514458529826,0.564943456256689,0.564943456256689,-0.0413446806583906,0.0116718669216901,0.0116718669216901,0,0,0,0,0,0,0,0,0,0,0,0,0,1,250,0,0,0,0,0,0,0
0.25,0.523598775598299,0.565182277504681,0.236746645170185,-0.00727364923469377,0.565182277504681,0.565182277504681,-0.0415835019063819,0.0120170393969204,0.0120170393969204,0,0,0,0,0,0,0,0,0,0,0,0,0,1,251,0,0,0,0,0,0,0
0.251,0.523598775598299,0.56541706578235,0.232885989857328,-0.00664634154636476,0.56541706578235,0.56541706578235,-0.0418182901840509,0.0123409891054957,0.0123409891054957,0,0,0,0,0,0,0,0,0,0,0,0,0,1,252,0,0,0,0,0,0,0
0.252,0.523598775598299,0.565648157922577,0.229350551623132,-0.00606165526478733,0.565648157922577,0.565648157922577,-0.0420493823242778,0.0126437143368691,0.0126437143368691,0,0,0,0,0,0,0,0,0,0,0,0,0,1,253,0,0,0,0,0,0,0
0.253,0.523598775598299,0.565875867809236,0.226117804453685,-0.00551803938265054,0.565875867809236,0.565875867809236,-0.0422770922109377,0.0129252569162413,0.0129252569162413,0,0,0,0,0,0,0,0,0,0,0,0,0,1,254,0,0,0,0,0,0,0
0.254,0.523598775598299,0.566100487220115,0.223166060564357,-0.00501395991039965,0.566100487220115,0.566100487220115,-0.0425017116218163,0.0131856996960428,0.0131856996960428,0,0,0,0,0,0,0,0,0,0,0,0,0,1,255,0,0,0,0,0,0,0
0.255,0.523598775598299,0.56632228666015,0.220474460280156,-0.0045479015213387,0.56632228666015,0.56632228666015,-0.0427235110618511,0.0134251641148966,0.0134251641148966,0,0,0,0,0,0,0,0,0,0,0,0,0,1,256,0,0,0,0,0,0,0
0.256,0.523598775598299,0.566541516184129,0.218022961079219,-0.00411836907625957,0.566541516184129,0.566541516184129,-0.0429427405858304,0.013643807824513,0.013643807824513,0,0,0,0,0,0,0,0,0,0,0,0,0,1,257,0,0,0,0,0,0,0
0.257,0.523598775598299,0.566758406208041,0.215792325863192,-0.00372388903155425,0.566758406208041,0.566758406208041,-0.0431596306097422,0.0138418223848347,0.0138418223848347,0,0,0,0,0,0,0,0,0,0,0,0,0,1,258,0,0,0,0,0,0,0
0.258,0.523598775598299,0.566973168308333,0.213764110516083,-0.00336301073474765,0.566973168308333,0.566973168308333,-0.0433743927100344,0.0140194310276138,0.0140194310276138,0,0,0,0,0,0,0,0,0,0,0,0,0,1,259,0,0,0,0,0,0,0
0.259,0.523598775598299,0.567185996008401,0.21192065081104,-0.00303430761136609,0.567185996008401,0.567185996008401,-0.043587220410102,0.0141768864884792,0.0141768864884792,0,0,0,0,0,0,0,0,0,0,0,0,0,1,260,0,0,0,0,0,0,0
0.26,0.523598775598299,0.567397065551678,0.210245048722391,-0.00273637824702683,0.567397065551678,0.567397065551678,-0.0437982899533792,0.0143144689074311,0.0143144689074311,0,0,0,0,0,0,0,0,0,0,0,0,0,1,261,0,0,0,0,0,0,0
0.261,0.523598775598299,0.567606536660768,0.208721158198174,-0.00246784736860126,0.567606536660768,0.567606536660768,-0.0440077610624694,0.0144324837975943,0.0144324837975943,0,0,0,0,0,0,0,0,0,0,0,0,0,1,262,0,0,0,0,0,0,0
0.262,0.523598775598299,0.567814553282099,0.207333570446299,-0.00222736672826443,0.567814553282099,0.567814553282099,-0.0442157776838003,0.0145312600819464,0.0145312600819464,0,0,0,0,0,0,0,0,0,0,0,0,0,1,263,0,0,0,0,0,0,0
0.263,0.523598775598299,0.568021244315642,0.206067598785437,-0.00201361589420241,0.568021244315642,0.568021244315642,-0.044422468717343,0.0146111481976466,0.0146111481976466,0,0,0,0,0,0,0,0,0,0,0,0,0,1,264,0,0,0,0,0,0,0
0.264,0.523598775598299,0.568226724329284,0.204909263109681,-0.00182530295170066,0.568226724329284,0.568226724329284,-0.0446279487309853,0.0146725182674914,0.0146725182674914,0,0,0,0,0,0,0,0,0,0,0,0,0,1,265,0,0,0,0,0,0,0
0.265,0.523598775598299,0.568431094257495,0.20384527401404,-0.00166116511828657,0.568431094257495,0.568431094257495,-0.0448323186591958,0.0147157583379383,0.0147157583379383,0,0,0,0,0,0,0,0,0,0,0,0,0,1,266,0,0,0,0,0,0,0
0.266,0.523598775598299,0.568634442083962,0.202863016625819,-0.00151996927654574,0.568634442083962,0.568634442083962,-0.045035666485663,0.0147412726830564,0.0147412726830564,0,0,0,0,0,0,0,0,0,0,0,0,0,1,267,0,0,0,0,0,0,0
0.267,0.523598775598299,0.568836843507936,0.201950534185023,-0.00140051242817331,0.568836843507936,0.568836843507936,-0.0452380679096375,0.0147494801736844,0.0147494801736844,0,0,0,0,0,0,0,0,0,0,0,0,0,1,268,0,0,0,0,0,0,0
0.268,0.523598775598299,0.569038362594044,0.201096511414989,-0.00130162207276278,0.569038362594044,0.569038362594044,-0.0454395869957447,0.0147408127110113,0.0147408127110113,0,0,0,0,0,0,0,0,0,0,0,0,0,1,269,0,0,0,0,0,0,0
0.269,0.523598775598299,0.56923905240538,0.200290257722588,-0.00122215651477015,0.56923905240538,0.56923905240538,-0.0456402768070812,0.0147157137237211,0.0147157137237211,0,0,0,0,0,0,0,0,0,0,0,0,0,1,270,0,0,0,0,0,0,0
0.27,0.523598775598299,0.56943895561974,0.199521690265472,-0.00116100510202766,0.56943895561974,0.56943895561974,-0.0458401800214416,0.0146746367277861,0.0146746367277861,0,0,0,0,0,0,0,0,0,0,0,0,0,1,271,0,0,0,0,0,0,0
0.271,0.523598775598299,0.569638105128859,0.198781316922059,-0.00111708839911409,0.569638105128859,0.569638105128859,-0.0460393295305604,0.0146180439479419,0.0146180439479419,0,0,0,0,0,0,0,0,0,0,0,0,0,1,272,0,0,0,0,0,0,0
0.272,0.523598775598299,0.569836524620589,0.198060219198165,-0.00108935829881702,0.569836524620589,0.569836524620589,-0.0462377490222901,0.0145464049998141,0.0145464049998141,0,0,0,0,0,0,0,0,0,0,0,0,0,1,273,0,0,0,0,0,0,0
0.273,0.523598775598299,0.570034229143966,0.197350035102468,-0.0010767980748548,0.570034229143966,0.570034229143966,-0.046435453545667,0.0144601956316334,0.0144601956316334,0,0,0,0,0,0,0,0,0,0,0,0,0,1,274,0,0,0,0,0,0,0
0.274,0.523598775598299,0.57023122565715,0.196642942021289,-0.00107842237895072,0.57023122565715,0.57023122565715,-0.0466324500588513,0.0143598965244216,0.0143598965244216,0,0,0,0,0,0,0,0,0,0,0,0,0,1,275,0,0,0,0,0,0,0
0.275,0.523598775598299,0.570427513558251,0.19593163962154,-0.00109327718527982,0.570427513558251,0.570427513558251,-0.0468287379599518,0.0142459921495013,0.0142459921495013,0,0,0,0,0,0,0,0,0,0,0,0,0,1,276,0,0,0,0,0,0,0
0.276,0.523598775598299,0.570623085199078,0.195209332809064,-0.00112043968523299,0.570623085199078,0.570623085199078,-0.0470243096007795,0.014118969682146,0.014118969682146,0,0,0,0,0,0,0,0,0,0,0,0,0,1,277,0,0,0,0,0,0,0
0.277,0.523598775598299,0.570817926381898,0.194469714768027,-0.00115901813536662,0.570817926381898,0.570817926381898,-0.0472191507835993,0.0139793179701472,0.0139793179701472,0,0,0,0,0,0,0,0,0,0,0,0,0,1,278,0,0,0,0,0,0,0
0.278,0.523598775598299,0.571012016839269,0.193706950105507,-0.0012081516613324,0.571012016839269,0.571012016839269,-0.0474132412409702,0.0138275265560658,0.0138275265560658,0,0,0,0,0,0,0,0,0,0,0,0,0,1,279,0,0,0,0,0,0,0
0.279,0.523598775598299,0.571205330697092,0.192915658123916,-0.00126701002050121,0.571205330697092,0.571205330697092,-0.0476065550987932,0.0136640847518982,0.0136640847518982,0,0,0,0,0,0,0,0,0,0,0,0,0,1,280,0,0,0,0,0,0,0
0.28,0.523598775598299,0.571397836921002,0.192090896242477,-0.00133479332591937,0.571397836921002,0.571397836921002,-0.0477990613227034,0.0134894807648707,0.0134894807648707,0,0,0,0,0,0,0,0,0,0,0,0,0,1,281,0,0,0,0,0,0,0
0.281,0.523598775598299,0.571589499746266,0.191228143587556,-0.00141073173415807,0.571589499746266,0.571589499746266,-0.0479907241479677,0.0133042008730639,0.0133042008730639,0,0,0,0,0,0,0,0,0,0,0,0,0,1,282,0,0,0,0,0,0,0
0.282,0.523598775598299,0.571780279091363,0.190323284770293,-0.00149408509953806,0.571780279091363,0.571780279091363,-0.048181503493064,0.0131087286495489,0.0131087286495489,0,0,0,0,0,0,0,0,0,0,0,0,0,1,283,0,0,0,0,0,0,0
0.283,0.523598775598299,0.571970130955438,0.189372593868686,-0.00158414259713449,0.571970130955438,0.571970130955438,-0.0483713553571397,0.012903544233712,0.012903544233712,0,0,0,0,0,0,0,0,0,0,0,0,0,1,284,0,0,0,0,0,0,0
0.284,0.523598775598299,0.572159007799858,0.18837271862996,-0.00168022231688861,0.572159007799858,0.572159007799858,-0.0485602322015596,0.0126891236484333,0.0126891236484333,0,0,0,0,0,0,0,0,0,0,0,0,0,1,285,0,0,0,0,0,0,0
0.285,0.523598775598299,0.572346858914074,0.187320664907886,-0.00178167083107613,0.572346858914074,0.572346858914074,-0.0487480833157752,0.0124659381617797,0.0124659381617797,0,0,0,0,0,0,0,0,0,0,0,0,0,1,286,0,0,0,0,0,0,0
0.286,0.523598775598299,0.57253363076605,0.186213781348459,-0.0018878627373053,0.57253363076605,0.57253363076605,-0.0489348551677513,0.0122344536918755,0.0122344536918755,0,0,0,0,0,0,0,0,0,0,0,0,0,1,287,0,0,0,0,0,0,0
0.287,0.523598775598299,0.572719267337509,0.185049744336255,-0.00199820017913985,0.572719267337509,0.572719267337509,-0.0491204917392104,0.0119951302536029,0.0119951302536029,0,0,0,0,0,0,0,0,0,0,0,0,0,1,288,0,0,0,0,0,0,0
0.288,0.523598775598299,0.572903710444255,0.183826543212644,-0.00211211234636854,0.572903710444255,0.572903710444255,-0.0493049348459563,0.011748421445801,0.011748421445801,0,0,0,0,0,0,0,0,0,0,0,0,0,1,289,0,0,0,0,0,0,0
0.289,0.523598775598299,0.573086900041857,0.182542465775986,-0.00222905495686523,0.573086900041857,0.573086900041857,-0.0494881244435579,0.011494773977622,0.011494773977622,0,0,0,0,0,0,0,0,0,0,0,0,0,1,290,0,0,0,0,0,0,0
0.29,0.523598775598299,0.573268774516975,0.181196084072916,-0.00234850972191115,0.573268774516975,0.573268774516975,-0.0496699989186761,0.0112346272327221,0.0112346272327221,0,0,0,0,0,0,0,0,0,0,0,0,0,1,291,0,0,0,0,0,0,0
0.291,0.523598775598299,0.573449270964632,0.17978624048883,-0.00246998379677586,0.573449270964632,0.573449270964632,-0.0498504953663335,0.0109684128699603,0.0109684128699603,0,0,0,0,0,0,0,0,0,0,0,0,0,1,292,0,0,0,0,0,0,0
0.292,0.523598775598299,0.573628325451723,0.178312034144746,-0.00259300921828327,0.573628325451723,0.573628325451723,-0.0500295498534244,0.010696554459303,0.010696554459303,0,0,0,0,0,0,0,0,0,0,0,0,0,1,293,0,0,0,0,0,0,0
0.293,0.523598775598299,0.573805873267079,0.176772807606811,-0.00271714233101377,0.573805873267079,0.573805873267079,-0.0502070976687801,0.010419467151629,0.010419467151629,0,0,0,0,0,0,0,0,0,0,0,0,0,1,294,0,0,0,0,0,0,0
0.294,0.523598775598299,0.573981849158399,0.175168133913857,-0.00284196320372731,0.573981849158399,0.573981849158399,-0.0503830735600997,0.0101375573811538,0.0101375573811538,0,0,0,0,0,0,0,0,0,0,0,0,0,1,295,0,0,0,0,0,0,0
0.295,0.523598775598299,0.574156187556371,0.173497803927572,-0.0029670750375198,0.574156187556371,0.574156187556371,-0.0505574119580725,0.00985122259919982,0.00985122259919982,0,0,0,0,0,0,0,0,0,0,0,0,0,1,296,0,0,0,0,0,0,0
0.296,0.523598775598299,0.574328822786309,0.171761814009075,-0.00309210356715908,0.574328822786309,0.574328822786309,-0.0507300471880101,0.0095608510380622,0.0095608510380622,0,0,0,0,0,0,0,0,0,0,0,0,0,1,297,0,0,0,0,0,0,0
0.297,0.523598775598299,0.574499689267621,0.169960354024919,-0.00321669645697813,0.574499689267621,0.574499689267621,-0.0509009136693225,0.00926682150372704,0.00926682150372704,0,0,0,0,0,0,0,0,0,0,0,0,0,1,298,0,0,0,0,0,0,0
0.298,0.523598775598299,0.574668721701463,0.168093795684823,-0.00334052269263982,0.574668721701463,0.574668721701463,-0.0510699461031643,0.00896950319622777,0.00896950319622777,0,0,0,0,0,0,0,0,0,0,0,0,0,1,299,0,0,0,0,0,0,0
0.299,0.523598775598299,0.574835855246884,0.166162681212769,-0.00346327197002158,0.574835855246884,0.574835855246884,-0.0512370796485851,0.00866925555644091,0.00866925555644091,0,0,0,0,0,0,0,0,0,0,0,0,0,1,300,0,0,0,0,0,0,0
0.3,0.523598775598299,0.575001025685819,0.164167712352429,-0.00358465408240521,0.575001025685819,0.575001025685819,-0.0514022500875198,0.00836642813813543,0.00836642813813543,0,0,0,0,0,0,0,0,0,0,0,0,0,1,301,0,0,0,0,0,0,0
0.301,0.523598775598299,0.575164169577248,0.162109739707272,-0.00370439830709858,0.575164169577248,0.575164169577248,-0.0515653939789489,0.0080613605041279,0.0080613605041279,0,0,0,0,0,0,0,0,0,0,0,0,0,1,302,0,0,0,0,0,0,0
0.302,0.523598775598299,0.575325224400868,0.159989752415143,-0.00382225279255171,0.575325224400868,0.575325224400868,-0.0517264488025692,0.00775438214539947,0.00775438214539947,0,0,0,0,0,0,0,0,0,0,0,0,0,1,303,0,0,0,0,0,0,0
0.303,0.523598775598299,0.575484128690602,0.157808868156524,-0.00393798394697488,0.575484128690602,0.575484128690602,-0.0518853530923035,0.0074458124220679,0.0074458124220679,0,0,0,0,0,0,0,0,0,0,0,0,0,1,304,0,0,0,0,0,0,0
0.304,0.523598775598299,0.575640822158285,0.155568323495175,-0.00405137582940695,0.575640822158285,0.575640822158285,-0.0520420465599867,0.00713596052512058,0.00713596052512058,0,0,0,0,0,0,0,0,0,0,0,0,0,1,305,0,0,0,0,0,0,0
0.305,0.523598775598299,0.575795245807856,0.153269464549378,-0.00416222954412826,0.575795245807856,0.575795245807856,-0.0521964702095569,0.00682512545784822,0.00682512545784822,0,0,0,0,0,0,0,0,0,0,0,0,0,1,306,0,0,0,0,0,0,0
0.306,0.523598775598299,0.575947342040381,0.150913737991534,-0.00427036263925669,0.575947342040381,0.575947342040381,-0.0523485664420822,0.00651359603593549,0.00651359603593549,0,0,0,0,0,0,0,0,0,0,0,0,0,1,307,0,0,0,0,0,0,0
0.307,0.523598775598299,0.57609705475025,0.148502682373427,-0.00437560851031421,0.57609705475025,0.57609705475025,-0.0524982791519513,0.00620165090519206,0.00620165090519206,0,0,0,0,0,0,0,0,0,0,0,0,0,1,308,0,0,0,0,0,0,0
0.308,0.523598775598299,0.576244329412848,0.146037919774071,-0.00447781580950021,0.576244329412848,0.576244329412848,-0.0526455538145489,0.00588955857593906,0.00588955857593906,0,0,0,0,0,0,0,0,0,0,0,0,0,1,309,0,0,0,0,0,0,0
0.309,0.523598775598299,0.57638911316404,0.143521147766696,-0.00457684786135687,0.57638911316404,0.57638911316404,-0.0527903375657413,0.00557757747307852,0.00557757747307852,0,0,0,0,0,0,0,0,0,0,0,0,0,1,310,0,0,0,0,0,0,0
0.31,0.523598775598299,0.576531354871783,0.14095413170104,-0.00467258208546626,0.576531354871783,0.576531354871783,-0.0529325792734846,0.00526595600091315,0.00526595600091315,0,0,0,0,0,0,0,0,0,0,0,0,0,1,311,0,0,0,0,0,0,0
0.311,0.523598775598299,0.576671005200172,0.138338697296832,-0.00476490942677043,0.576671005200172,0.576671005200172,-0.0530722296018729,0.00495493262180263,0.00495493262180263,0,0,0,0,0,0,0,0,0,0,0,0,0,1,312,0,0,0,0,0,0,0
0.312,0.523598775598299,0.576808016666231,0.135676723544012,-0.00485373379406098,0.576808016666231,0.576808016666231,-0.0532092410679327,0.00464473594776538,0.00464473594776538,0,0,0,0,0,0,0,0,0,0,0,0,0,1,313,0,0,0,0,0,0,0
0.313,0.523598775598299,0.576942343689768,0.132970135904997,-0.00493897150714309,0.576942343689768,0.576942343689768,-0.0533435680914695,0.00433558484417224,0.00433558484417224,0,0,0,0,0,0,0,0,0,0,0,0,0,1,314,0,0,0,0,0,0,0
0.314,0.523598775598299,0.577073942636564,0.130220899814011,-0.0050205507531341,0.577073942636564,0.577073942636564,-0.0534751670382653,0.0040276885446916,0.0040276885446916,0,0,0,0,0,0,0,0,0,0,0,0,0,1,315,0,0,0,0,0,0,0
0.315,0.523598775598299,0.577202771855221,0.127431014468282,-0.00509841105231914,0.577202771855221,0.577202771855221,-0.0536039962569222,0.00372124677668226,0.00372124677668226,0,0,0,0,0,0,0,0,0,0,0,0,0,1,316,0,0,0,0,0,0,0
0.316,0.523598775598299,0.577328791707939,0.124602506905713,-0.0051725027339454,0.577328791707939,0.577328791707939,-0.0537300161096403,0.00341644989625195,0.00341644989625195,0,0,0,0,0,0,0,0,0,0,0,0,0,1,317,0,0,0,0,0,0,0
0.317,0.523598775598299,0.577451964595514,0.121737426363418,-0.00524278642229958,0.577451964595514,0.577451964595514,-0.0538531889972147,0.00311347903222256,0.00311347903222256,0,0,0,0,0,0,0,0,0,0,0,0,0,1,318,0,0,0,0,0,0,0
0.318,0.523598775598299,0.577572254976827,0.118837838911353,-0.00530923253337831,0.577572254976827,0.577572254976827,-0.0539734793785284,0.00281250623827789,0.00281250623827789,0,0,0,0,0,0,0,0,0,0,0,0,0,1,319,0,0,0,0,0,0,0
0.319,0.523598775598299,0.577689629383114,0.115905822355136,-0.00537182078242445,0.577689629383114,0.577689629383114,-0.0540908537848152,0.00251369465258372,0.00251369465258372,0,0,0,0,0,0,0,0,0,0,0,0,0,1,320,0,0,0,0,0,0,0
0.32,0.523598775598299,0.577804056427255,0.112943461402002,-0.00543053970257158,0.577804056427255,0.577804056427255,-0.0542052808289563,0.00221719866420794,0.00221719866420794,0,0,0,0,0,0,0,0,0,0,0,0,0,1,321,0,0,0,0,0,0,0
0.321,0.523598775598299,0.577915506808371,0.10995284308371,-0.00548538617480485,0.577915506808371,0.577915506808371,-0.0543167312100722,0.00192316408568485,0.00192316408568485,0,0,0,0,0,0,0,0,0,0,0,0,0,1,322,0,0,0,0,0,0,0
0.322,0.523598775598299,0.578023953311962,0.106936052430166,-0.00553636496941705,0.578023953311962,0.578023953311962,-0.0544251777136635,0.00163172833109532,0.00163172833109532,0,0,0,0,0,0,0,0,0,0,0,0,0,1,323,0,0,0,0,0,0,0
0.323,0.523598775598299,0.578129370805847,0.10389516838739,-0.00558348829911014,0.578129370805847,0.578129370805847,-0.0545305952075478,0.00134302059906127,0.00134302059906127,0,0,0,0,0,0,0,0,0,0,0,0,0,1,324,0,0,0,0,0,0,0
0.324,0.523598775598299,0.578231736232133,0.100832259973421,-0.0056267753838635,0.578231736232133,0.578231736232133,-0.0546329606338346,0.00105716206007331,0.00105716206007331,0,0,0,0,0,0,0,0,0,0,0,0,0,1,325,0,0,0,0,0,0,0
0.325,0.523598775598299,0.578331028595471,0.0977493826656874,-0.00566625202766534,0.578331028595471,0.578331028595471,-0.0547322529971718,0.000774266047601335,0.000774266047601335,0,0,0,0,0,0,0,0,0,0,0,0,0,1,326,0,0,0,0,0,0,0
0.326,0.523598775598299,0.578427228947791,0.0946485750133452,-0.00570195020717625,0.578427228947791,0.578427228947791,-0.0548284533494926,0.000494438252452378,0.000494438252452378,0,0,0,0,0,0,0,0,0,0,0,0,0,1,327,0,0,0,0,0,0,0
0.327,0.523598775598299,0.578520320369784,0.0915318554680311,-0.00573390767237226,0.578520320369784,0.578520320369784,-0.0549215447714853,0.000217776919870571,0.000217776919870571,0,0,0,0,0,0,0,0,0,0,0,0,0,1,328,0,0,0,0,0,0,0
0.328,0.523598775598299,0.578610287949298,0.0884012194264982,-0.00576216755919084,0.578610287949298,0.578610287949298,-0.055011512350999,-5.56269511051422e-05,-5.56269511051422e-05,0,0,0,0,0,0,0,0,0,0,0,0,0,1,329,0,0,0,0,0,0,0
0.329,0.523598775598299,0.578697118756895,0.085258636478576,-0.00578677801418162,0.578697118756895,0.578697118756895,-0.0550983431585966,-0.000325689406488749,-0.000325689406488749,0,0,0,0,0,0,0,0,0,0,0,0,0,1,330,0,0,0,0,0,0,0
0.33,0.523598775598299,0.578780801818753,0.0821060478539151,-0.00580779183114399,0.578780801818753,0.578780801818753,-0.0551820262204543,-0.000592333334839351,-0.000592333334839351,0,0,0,0,0,0,0,0,0,0,0,0,0,1,331,0,0,0,0,0,0,0
0.331,0.523598775598299,0.578861328087105,0.0789453640609949,-0.00582526609971357,0.578861328087105,0.578861328087105,-0.0552625524888058,-0.000855488263819121,-0.000855488263819121,0,0,0,0,0,0,0,0,0,0,0,0,0,1,332,0,0,0,0,0,0,0
0.332,0.523598775598299,0.578938690408417,0.0757784627119024,-0.00583926186584301,0.578938690408417,0.578938690408417,-0.0553399148101182,-0.00111509015620986,-0.00111509015620986,0,0,0,0,0,0,0,0,0,0,0,0,0,1,333,0,0,0,0,0,0,0
0.333,0.523598775598299,0.579012883489482,0.0726071865264281,-0.00584984380410327,0.579012883489482,0.579012883489482,-0.0554141078911827,-0.00137108120576795,-0.00137108120576795,0,0,0,0,0,0,0,0,0,0,0,0,0,1,334,0,0,0,0,0,0,0
0.334,0.523598775598299,0.579083903861596,0.0694333415090745,-0.00585707990171718,0.579083903861596,0.579083903861596,-0.055485128263297,-0.0016234096332744,-0.0016234096332744,0,0,0,0,0,0,0,0,0,0,0,0,0,1,335,0,0,0,0,0,0,0
0.335,0.523598775598299,0.579151749843007,0.0662586952926272,-0.00586104115422203,0.579151749843007,0.579151749843007,-0.055552974244708,-0.00187202948311496,-0.00187202948311496,0,0,0,0,0,0,0,0,0,0,0,0,0,1,336,0,0,0,0,0,0,0
0.336,0.523598775598299,0.579216421499778,0.0630849756420023,-0.00586180127264302,0.579216421499778,0.579216421499778,-0.0556176459014791,-0.0021169004207103,-0.0021169004207103,0,0,0,0,0,0,0,0,0,0,0,0,0,1,337,0,0,0,0,0,0,0
0.337,0.523598775598299,0.579277920605238,0.0599138691121555,-0.00585943640204734,0.579277920605238,0.579277920605238,-0.0556791450069387,-0.0023579875310922,-0.0023579875310922,0,0,0,0,0,0,0,0,0,0,0,0,0,1,338,0,0,0,0,0,0,0
0.338,0.523598775598299,0.57933625059816,0.0567470198539144,-0.00585402485133568,0.57933625059816,0.57933625059816,-0.055737474999861,-0.0025952611189102,-0.0025952611189102,0,0,0,0,0,0,0,0,0,0,0,0,0,1,339,0,0,0,0,0,0,0
0.339,0.523598775598299,0.579391416539823,0.0535860285616811,-0.00584564683411759,0.579391416539823,0.579391416539823,-0.0557926409415245,-0.0028286965101294,-0.0028286965101294,0,0,0,0,0,0,0,0,0,0,0,0,0,1,340,0,0,0,0,0,0,0
0.34,0.523598775598299,0.579443425070085,0.0504324515570378,-0.00583438422050629,0.579443425070085,0.579443425070085,-0.0558446494717857,-0.00305827385566509,-0.00305827385566509,0,0,0,0,0,0,0,0,0,0,0,0,0,1,341,0,0,0,0,0,0,0
0.341,0.523598775598299,0.579492284362602,0.047287800002387,-0.0058203202996586,0.579492284362602,0.579492284362602,-0.0558935087643033,-0.00328397793718635,-0.00328397793718635,0,0,0,0,0,0,0,0,0,0,0,0,0,1,342,0,0,0,0,0,0,0
0.342,0.523598775598299,0.579538004079336,0.044153539238854,-0.00580353955287822,0.579538004079336,0.579538004079336,-0.0559392284810372,-0.00350579797529771,-0.00350579797529771,0,0,0,0,0,0,0,0,0,0,0,0,0,1,343,0,0,0,0,0,0,0
0.343,0.523598775598299,0.579580595324445,0.0410310882427844,-0.00578412743709096,0.579580595324445,0.579580595324445,-0.0559818197261462,-0.00372372744030236,-0.00372372744030236,0,0,0,0,0,0,0,0,0,0,0,0,0,1,344,0,0,0,0,0,0,0
0.344,0.523598775598299,0.579620070597698,0.0379218191952754,-0.00576217017849552,0.579620070597698,0.579620070597698,-0.0560212949993991,-0.00393776386572259,-0.00393776386572259,0,0,0,0,0,0,0,0,0,0,0,0,0,1,345,0,0,0,0,0,0,0
0.345,0.523598775598299,0.579656443747507,0.0348270571592939,-0.00573775457618448,0.579656443747507,0.579656443747507,-0.0560576681492084,-0.00414790866475048,-0.00414790866475048,0,0,0,0,0,0,0,0,0,0,0,0,0,1,346,0,0,0,0,0,0,0
0.346,0.523598775598299,0.579689729923693,0.0317480798590439,-0.00571096781552621,0.579689729923693,0.579689729923693,-0.0560909543253946,-0.00435416694978194,-0.00435416694978194,0,0,0,0,0,0,0,0,0,0,0,0,0,1,347,0,0,0,0,0,0,0
0.347,0.523598775598299,0.579719945530076,0.028686117556368,-0.00568189729109312,0.579719945530076,0.579719945530076,-0.056121169931777,-0.00455654735517216,-0.00455654735517216,0,0,0,0,0,0,0,0,0,0,0,0,0,1,348,0,0,0,0,0,0,0
0.348,0.523598775598299,0.579747108176987,0.0256423530190829,-0.00565063043891621,0.579747108176987,0.579747108176987,-0.0561483325786883,-0.0047550618633419,-0.0047550618633419,0,0,0,0,0,0,0,0,0,0,0,0,0,1,349,0,0,0,0,0,0,0
0.349,0.523598775598299,0.579771236633801,0.0226179215762736,-0.00561725457784297,0.579771236633801,0.579771236633801,-0.0561724610355018,-0.00494972563434964,-0.00494972563434964,0,0,0,0,0,0,0,0,0,0,0,0,0,1,350,0,0,0,0,0,0,0
0.35,0.523598775598299,0.579792350781553,0.0196139112556921,-0.0055818567597725,0.579792350781553,0.579792350781553,-0.0561935751832537,-0.00514055683903011,-0.00514055683903011,0,0,0,0,0,0,0,0,0,0,0,0,0,1,351,0,0,0,0,0,0,0
0.351,0.523598775598299,0.579810471565743,0.0166313629985331,-0.00554452362853823,0.579810471565743,0.579810471565743,-0.0562116959674439,-0.00532757649579135,-0.00532757649579135,0,0,0,0,0,0,0,0,0,0,0,0,0,1,352,0,0,0,0,0,0,0
0.352,0.523598775598299,0.579825620949385,0.0136712709469844,-0.00550534128720682,0.579825620949385,0.579825620949385,-0.0562268453510865,-0.00551080831115069,-0.00551080831115069,0,0,0,0,0,0,0,0,0,0,0,0,0,1,353,0,0,0,0,0,0,0
0.353,0.523598775598299,0.579837821866383,0.0107345828000769,-0.00546439517356066,0.579837821866383,0.579837821866383,-0.0562390462680837,-0.0056902785240788,-0.0056902785240788,0,0,0,0,0,0,0,0,0,0,0,0,0,1,354,0,0,0,0,0,0,0
0.354,0.523598775598299,0.579847098175286,0.00782220023348659,-0.00542176994352978,0.579847098175286,0.579847098175286,-0.0562483225769876,-0.00586601575420925,-0.00586601575420925,0,0,0,0,0,0,0,0,0,0,0,0,0,1,355,0,0,0,0,0,0,0
0.355,0.523598775598299,0.57985347461351,0.00493497937907064,-0.00537754936233789,0.57985347461351,0.57985347461351,-0.0562546990152115,-0.00603805085396536,-0.00603805085396536,0,0,0,0,0,0,0,0,0,0,0,0,0,1,356,0,0,0,0,0,0,0
0.356,0.523598775598299,0.579856976752048,0.00207373136004463,-0.00533181620312792,0.579856976752048,0.579856976752048,-0.0562582011537491,-0.00620641676464137,-0.00620641676464137,0,0,0,0,0,0,0,0,0,0,0,0,0,1,357,0,0,0,0,0,0,0
0.357,0.523598775598299,0.579857630950754,-0.000760777122159858,-0.00528465215283153,0.579857630950754,0.579857630950754,-0.0562588553524556,-0.0063711483764719,-0.0063711483764719,0,0,0,0,0,0,0,0,0,0,0,0,0,1,358,0,0,0,0,0,0,0
0.358,0.523598775598299,0.579855464314238,-0.00356782315319292,-0.0052361377250484,0.579855464314238,0.579855464314238,-0.0562566887159389,-0.00653228239271053,-0.00653228239271053,0,0,0,0,0,0,0,0,0,0,0,0,0,1,359,0,0,0,0,0,0,0
0.359,0.523598775598299,0.579850504648408,-0.00634672692694612,-0.00518635217970179,0.579850504648408,0.579850504648408,-0.056251729050109,-0.00668985719773227,-0.00668985719773227,0,0,0,0,0,0,0,0,0,0,0,0,0,1,360,0,0,0,0,0,0,0
0.36,0.523598775598299,0.579842780417725,-0.00909685102615486,-0.00513537344923746,0.579842780417725,0.579842780417725,-0.0562440048194258,-0.00684391272916862,-0.00684391272916862,0,0,0,0,0,0,0,0,0,0,0,0,0,1,361,0,0,0,0,0,0,0
0.361,0.523598775598299,0.579832320703185,-0.0118175996658974,-0.00508327807113602,0.579832320703185,0.579832320703185,-0.056233545104886,-0.00699449035407276,-0.00699449035407276,0,0,0,0,0,0,0,0,0,0,0,0,0,1,362,0,0,0,0,0,0,0
0.362,0.523598775598299,0.579819155161081,-0.0145084179033203,-0.00503014112650895,0.579819155161081,0.579819155161081,-0.0562203795627825,-0.00714163274910815,-0.00714163274910815,0,0,0,0,0,0,0,0,0,0,0,0,0,1,363,0,0,0,0,0,0,0
0.363,0.523598775598299,0.57980331398257,-0.0171687908167951,-0.00497603618455154,0.57980331398257,0.57980331398257,-0.0562045383842711,-0.00728538378474997,-0.00728538378474997,0,0,0,0,0,0,0,0,0,0,0,0,0,1,364,0,0,0,0,0,0,0
0.364,0.523598775598299,0.57978482785407,-0.0197982426575895,-0.00492103525262903,0.57978482785407,0.57978482785407,-0.0561860522557708,-0.00742578841347619,-0.00742578841347619,0,0,0,0,0,0,0,0,0,0,0,0,0,1,365,0,0,0,0,0,0,0
0.365,0.523598775598299,0.579763727918525,-0.0223963359770152,-0.00486520873177365,0.579763727918525,0.579763727918525,-0.056164952320226,-0.0075628925619266,-0.0075628925619266,0,0,0,0,0,0,0,0,0,0,0,0,0,1,366,0,0,0,0,0,0,0
0.366,0.523598775598299,0.57974004573755,-0.0249626707318942,-0.00480862537737419,0.57974004573755,0.57974004573755,-0.0561412701392512,-0.0076967430269935,-0.0076967430269935,0,0,0,0,0,0,0,0,0,0,0,0,0,1,367,0,0,0,0,0,0,0
0.367,0.523598775598299,0.57971381325448,-0.027496883371068,-0.00475135226484128,0.57971381325448,0.57971381325448,-0.0561150376561814,-0.00782738737581759,-0.00782738737581759,0,0,0,0,0,0,0,0,0,0,0,0,0,1,368,0,0,0,0,0,0,0
0.368,0.523598775598299,0.579685062758343,-0.0299986459055589,-0.00469345476003772,0.579685062758343,0.579685062758343,-0.0560862871600438,-0.00795487384964014,-0.00795487384964014,0,0,0,0,0,0,0,0,0,0,0,0,0,1,369,0,0,0,0,0,0,0
0.369,0.523598775598299,0.579653826848765,-0.0324676649648768,-0.00463499649426347,0.579653826848765,0.579653826848765,-0.0560550512504658,-0.00807925127147058,-0.00807925127147058,0,0,0,0,0,0,0,0,0,0,0,0,0,1,370,0,0,0,0,0,0,0
0.37,0.523598775598299,0.579620138401833,-0.0349036808418541,-0.00457603934359037,0.579620138401833,0.579620138401833,-0.0560213628035339,-0.00820056895752277,-0.00820056895752277,0,0,0,0,0,0,0,0,0,0,0,0,0,1,371,0,0,0,0,0,0,0
0.371,0.523598775598299,0.57958403053691,-0.0373064665282803,-0.00451664341234562,0.57958403053691,0.57958403053691,-0.0559852549386115,-0.00831887663236405,-0.00831887663236405,0,0,0,0,0,0,0,0,0,0,0,0,0,1,372,0,0,0,0,0,0,0
0.372,0.523598775598299,0.579545536584424,-0.0396758267435012,-0.00445686702054591,0.579545536584424,0.579545536584424,-0.0559467609861254,-0.00843422434772229,-0.00843422434772229,0,0,0,0,0,0,0,0,0,0,0,0,0,1,373,0,0,0,0,0,0,0
0.373,0.523598775598299,0.579504690054625,-0.0420115969580403,-0.0043967666950886,0.579504690054625,0.579504690054625,-0.0559059144563259,-0.0085466624048941,-0.0085466624048941,0,0,0,0,0,0,0,0,0,0,0,0,0,1,374,0,0,0,0,0,0,0
0.374,0.523598775598299,0.579461524607324,-0.0443136424141965,-0.00433639716451115,0.579461524607324,0.579461524607324,-0.0558627490090254,-0.00865624128068981,-0.00865624128068981,0,0,0,0,0,0,0,0,0,0,0,0,0,1,375,0,0,0,0,0,0,0
0.375,0.523598775598299,0.579416074022616,-0.046581857145474,-0.00427581135713322,0.579416074022616,0.579416074022616,-0.0558172984243168,-0.00876301155685069,-0.00876301155685069,0,0,0,0,0,0,0,0,0,0,0,0,0,1,376,0,0,0,0,0,0,0
0.376,0.523598775598299,0.579368372172571,-0.0488161629965962,-0.00421506040240054,0.579368372172571,0.579368372172571,-0.0557695965742719,-0.00886702385287333,-0.00886702385287333,0,0,0,0,0,0,0,0,0,0,0,0,0,1,377,0,0,0,0,0,0,0
0.377,0.523598775598299,0.579318452993919,-0.0510165086457646,-0.00415419363525437,0.579318452993919,0.579318452993919,-0.0557196773956203,-0.00896832876217252,-0.00896832876217252,0,0,0,0,0,0,0,0,0,0,0,0,0,1,378,0,0,0,0,0,0,0
0.378,0.523598775598299,0.579266350461701,-0.053182868630725,-0.00409325860335524,0.579266350461701,0.579266350461701,-0.0556675748634025,-0.0090669767915075,-0.0090669767915075,0,0,0,0,0,0,0,0,0,0,0,0,0,1,379,0,0,0,0,0,0,0
0.379,0.523598775598299,0.579212098563894,-0.0553152423801149,-0.00403230107699221,0.579212098563894,0.579212098563894,-0.0556133229655953,-0.0091630183036045,-0.0091630183036045,0,0,0,0,0,0,0,0,0,0,0,0,0,1,380,0,0,0,0,0,0,0
0.38,0.523598775598299,0.579155731277002,-0.0574136532514762,-0.00397136506151598,0.579155731277002,0.579155731277002,-0.0555569556787028,-0.00925650346289664,-0.00925650346289664,0,0,0,0,0,0,0,0,0,0,0,0,0,1,381,0,0,0,0,0,0,0
0.381,0.523598775598299,0.579097282542604,-0.0594781475772293,-0.00391049281213673,0.579097282542604,0.579097282542604,-0.0554985069443052,-0.00934748218431108,-0.00934748218431108,0,0,0,0,0,0,0,0,0,0,0,0,0,1,382,0,0,0,0,0,0,0
0.382,0.523598775598299,0.579036786244856,-0.0615087937198218,-0.00384972485093405,0.579036786244856,0.579036786244856,-0.0554380106465571,-0.00943600408501988,-0.00943600408501988,0,0,0,0,0,0,0,0,0,0,0,0,0,1,383,0,0,0,0,0,0,0
0.383,0.523598775598299,0.578974276188924,-0.0635056811371852,-0.00378909998592825,0.578974276188924,0.578974276188924,-0.0553755005906249,-0.00952211843908363,-0.00952211843908363,0,0,0,0,0,0,0,0,0,0,0,0,0,1,384,0,0,0,0,0,0,0
0.384,0.523598775598299,0.578909786080354,-0.0654689194595494,-0.00372865533206984,0.578909786080354,0.578909786080354,-0.0553110104820556,-0.00960587413490929,-0.00960587413490929,0,0,0,0,0,0,0,0,0,0,0,0,0,1,385,0,0,0,0,0,0,0
0.385,0.523598775598299,0.578843349505358,-0.067398637578593,-0.00366842633400752,0.578843349505358,0.578843349505358,-0.0552445739070589,-0.00968731963543656,-0.00968731963543656,0,0,0,0,0,0,0,0,0,0,0,0,0,1,386,0,0,0,0,0,0,0
0.386,0.523598775598299,0.578774999911997,-0.0692949827498312,-0.00360844679049757,0.578774999911997,0.578774999911997,-0.055176224313698,-0.00976650294098591,-0.00976650294098591,0,0,0,0,0,0,0,0,0,0,0,0,0,1,387,0,0,0,0,0,0,0
0.387,0.523598775598299,0.578704770592265,-0.0711581197090707,-0.00354874888032652,0.578704770592265,0.578704770592265,-0.0551059949939664,-0.00984347155467602,-0.00984347155467602,0,0,0,0,0,0,0,0,0,0,0,0,0,1,388,0,0,0,0,0,0,0
0.388,0.523598775598299,0.578632694665044,-0.0729882298036941,-0.00348936318961828,0.578632694665044,0.578632694665044,-0.055033919066745,-0.00991827245034202,-0.00991827245034202,0,0,0,0,0,0,0,0,0,0,0,0,0,1,389,0,0,0,0,0,0,0
0.389,0.523598775598299,0.578558805059917,-0.0747855101394686,-0.00343031874040595,0.578558805059917,0.578558805059917,-0.0549600294616177,-0.00999095204286951,-0.00999095204286951,0,0,0,0,0,0,0,0,0,0,0,0,0,1,390,0,0,0,0,0,0,0
0.39,0.523598775598299,0.578483134501832,-0.076550172743509,-0.00337164302035021,0.578483134501832,0.578483134501832,-0.0548843589035328,-0.0100615561608671,-0.0100615561608671,0,0,0,0,0,0,0,0,0,0,0,0,0,1,391,0,0,0,0,0,0,0
0.391,0.523598775598299,0.578405715496593,-0.0782824437439647,-0.0033133620134917,0.578405715496593,0.578405715496593,-0.0548069398982938,-0.010130130021599,-0.010130130021599,0,0,0,0,0,0,0,0,0,0,0,0,0,1,392,0,0,0,0,0,0,0
0.392,0.523598775598299,0.578326580317159,-0.0799825625669396,-0.00325550023192905,0.578326580317159,0.578326580317159,-0.0547278047188605,-0.0101967182080983,-0.0101967182080983,0,0,0,0,0,0,0,0,0,0,0,0,0,1,393,0,0,0,0,0,0,0
0.393,0.523598775598299,0.578245760990745,-0.0816507811510987,-0.00319808074831801,0.578245760990745,0.578245760990745,-0.0546469853924463,-0.0102613646483857,-0.0102613646483857,0,0,0,0,0,0,0,0,0,0,0,0,0,1,394,0,0,0,0,0,0,0
0.394,0.523598775598299,0.578163289286688,-0.0832873631803583,-0.00314112522909269,0.578163289286688,0.578163289286688,-0.0545645136883897,-0.010324112596713,-0.010324112596713,0,0,0,0,0,0,0,0,0,0,0,0,0,1,395,0,0,0,0,0,0,0
0.395,0.523598775598299,0.578079196705085,-0.0848925833350053,-0.00308465396831217,0.578079196705085,0.578079196705085,-0.054480421106786,-0.0103850046167596,-0.0103850046167596,0,0,0,0,0,0,0,0,0,0,0,0,0,1,396,0,0,0,0,0,0,0
0.396,0.523598775598299,0.577993514466156,-0.0864667265615427,-0.0030286859220422,0.577993514466156,0.577993514466156,-0.0543947388678567,-0.0104440825667008,-0.0104440825667008,0,0,0,0,0,0,0,0,0,0,0,0,0,1,397,0,0,0,0,0,0,0
0.397,0.523598775598299,0.57790627350034,-0.0880100873615071,-0.00297323874318308,0.57790627350034,0.57790627350034,-0.0543074979020416,-0.010501387586081,-0.010501387586081,0,0,0,0,0,0,0,0,0,0,0,0,0,1,398,0,0,0,0,0,0,0
0.398,0.523598775598299,0.577817504439089,-0.089522969099461,-0.00291832881666212,0.577817504439089,0.577817504439089,-0.0542187288407902,-0.0105569600844091,-0.0105569600844091,0,0,0,0,0,0,0,0,0,0,0,0,0,1,399,0,0,0,0,0,0,0
0.399,0.523598775598299,0.577727237606336,-0.0910056833303183,-0.00286397129490907,0.577727237606336,0.577727237606336,-0.0541284620080371,-0.0106108397314113,-0.0106108397314113,0,0,0,0,0,0,0,0,0,0,0,0,0,1,400,0,0,0,0,0,0,0
0.4,0.523598775598299,0.577635503010639,-0.09245854914612,-0.00281018013354031,0.577635503010639,0.577635503010639,-0.0540367274123403,-0.0106630654488669,-0.0106630654488669,0,0,0,0,0,0,0,0,0,0,0,0,0,1,401,0,0,0,0,0,0,0
0.401,0.523598775598299,0.577542330337961,-0.0938818925423368,-0.00275696812717939,0.577542330337961,0.577542330337961,-0.0539435547396621,-0.0107136754039555,-0.0107136754039555,0,0,0,0,0,0,0,0,0,0,0,0,0,1,402,0,0,0,0,0,0,0
0.402,0.523598775598299,0.577447748945073,-0.0952760458037394,-0.00270434694534555,0.577447748945073,0.577447748945073,-0.0538489733467739,-0.0107627070040477,-0.0107627070040477,0,0,0,0,0,0,0,0,0,0,0,0,0,1,403,0,0,0,0,0,0,0
0.403,0.523598775598299,0.577351787853566,-0.0966413469098413,-0.00265232716834516,0.577351787853566,0.577351787853566,-0.0537530122552669,-0.0108101968928751,-0.0108101968928751,0,0,0,0,0,0,0,0,0,0,0,0,0,1,404,0,0,0,0,0,0,0
0.404,0.523598775598299,0.577254475744445,-0.0979781389598841,-0.00260091832310613,0.577254475744445,0.577254475744445,-0.0536557001461457,-0.0108561809480065,-0.0108561809480065,0,0,0,0,0,0,0,0,0,0,0,0,0,1,405,0,0,0,0,0,0,0
0.405,0.523598775598299,0.577155840953287,-0.099286769617306,-0.00255012891889611,0.577155840953287,0.577155840953287,-0.0535570653549883,-0.0109006942795705,-0.0109006942795705,0,0,0,0,0,0,0,0,0,0,0,0,0,1,406,0,0,0,0,0,0,0
0.406,0.523598775598299,0.57705591146595,-0.100567590573602,-0.00249996648287071,0.57705591146595,0.57705591146595,-0.0534571358676512,-0.0109437712301599,-0.0109437712301599,0,0,0,0,0,0,0,0,0,0,0,0,0,1,407,0,0,0,0,0,0,0
0.407,0.523598775598299,0.576954714914801,-0.101820957031459,-0.00245043759540079,0.576954714914801,0.576954714914801,-0.0533559393165021,-0.010985445375854,-0.010985445375854,0,0,0,0,0,0,0,0,0,0,0,0,0,1,408,0,0,0,0,0,0,0
0.408,0.523598775598299,0.576852278575457,-0.103047227207018,-0.00240154792513028,0.576852278575457,0.576852278575457,-0.0532535029771583,-0.0110257495282998,-0.0110257495282998,0,0,0,0,0,0,0,0,0,0,0,0,0,1,409,0,0,0,0,0,0,0
0.409,0.523598775598299,0.576748629364013,-0.104246761851095,-0.00235330226371961,0.576748629364013,0.576748629364013,-0.0531498537657147,-0.0110647157377925,-0.0110647157377925,0,0,0,0,0,0,0,0,0,0,0,0,0,1,410,0,0,0,0,0,0,0
0.41,0.523598775598299,0.57664379383474,-0.105419923789176,-0.00230570456023299,0.57664379383474,0.57664379383474,-0.0530450182364407,-0.0111023752972975,-0.0111023752972975,0,0,0,0,0,0,0,0,0,0,0,0,0,1,411,0,0,0,0,0,0,0
0.411,0.523598775598299,0.576537798178226,-0.106567077479952,-0.00225875795513036,0.576537798178226,0.576537798178226,-0.0529390225799277,-0.011138758747358,-0.011138758747358,0,0,0,0,0,0,0,0,0,0,0,0,0,1,412,0,0,0,0,0,0,0
0.412,0.523598775598299,0.576430668219968,-0.107688588592184,-0.00221246481382748,0.576430668219968,0.576430668219968,-0.0528318926216688,-0.0111738958818327,-0.0111738958818327,0,0,0,0,0,0,0,0,0,0,0,0,0,1,413,0,0,0,0,0,0,0
0.413,0.523598775598299,0.576322429419352,-0.108784823599631,-0.00216682675979075,0.576322429419352,0.576322429419352,-0.0527236538210533,-0.0112078157544126,-0.0112078157544126,0,0,0,0,0,0,0,0,0,0,0,0,0,1,414,0,0,0,0,0,0,0
0.414,0.523598775598299,0.576213106869055,-0.109856149393771,-0.00212184470713569,0.576213106869055,0.576213106869055,-0.0526143312707559,-0.0112405466858609,-0.0112405466858609,0,0,0,0,0,0,0,0,0,0,0,0,0,1,415,0,0,0,0,0,0,0
0.415,0.523598775598299,0.576102725294805,-0.110902932914039,-0.00207751889270006,0.576102725294805,0.576102725294805,-0.0525039496965063,-0.0112721162719336,-0.0112721162719336,0,0,0,0,0,0,0,0,0,0,0,0,0,1,416,0,0,0,0,0,0,0
0.416,0.523598775598299,0.575991309055517,-0.111925540795278,-0.0020338489075667,0.575991309055517,0.575991309055517,-0.0523925334572182,-0.0113025513919234,-0.0113025513919234,0,0,0,0,0,0,0,0,0,0,0,0,0,1,417,0,0,0,0,0,0,0
0.417,0.523598775598299,0.575878882143762,-0.112924339032081,-0.00199083372801112,0.575878882143762,0.575878882143762,-0.0522801065454636,-0.0113318782177881,-0.0113318782177881,0,0,0,0,0,0,0,0,0,0,0,0,0,1,418,0,0,0,0,0,0,0
0.418,0.523598775598299,0.575765468186572,-0.113899692659722,-0.00194847174585351,0.575765468186572,0.575765468186572,-0.0521666925882734,-0.0113601222238113,-0.0113601222238113,0,0,0,0,0,0,0,0,0,0,0,0,0,1,419,0,0,0,0,0,0,0
0.419,0.523598775598299,0.575651090446549,-0.114851965451316,-0.00190676079819459,0.575651090446549,0.575651090446549,-0.0520523148482505,-0.0113873081967583,-0.0113873081967583,0,0,0,0,0,0,0,0,0,0,0,0,0,1,420,0,0,0,0,0,0,0
0.42,0.523598775598299,0.575535771823274,-0.115781519630879,-0.00186569819651965,0.575535771823274,0.575535771823274,-0.0519369962249752,-0.011413460246478,-0.011413460246478,0,0,0,0,0,0,0,0,0,0,0,0,0,1,421,0,0,0,0,0,0,0
0.421,0.523598775598299,0.575419534854992,-0.116688715601939,-0.00182528075515395,0.575419534854992,0.575419534854992,-0.0518207592566928,-0.0114386018169167,-0.0114386018169167,0,0,0,0,0,0,0,0,0,0,0,0,0,1,422,0,0,0,0,0,0,0
0.422,0.523598775598299,0.575302401720561,-0.117573911691316,-0.00178550481905779,0.575302401720561,0.575302401720561,-0.0517036261222626,-0.0114627556974992,-0.0114627556974992,0,0,0,0,0,0,0,0,0,0,0,0,0,1,423,0,0,0,0,0,0,0
0.423,0.523598775598299,0.575184394241655,-0.11843746390773,-0.00174636629094833,0.575184394241655,0.575184394241655,-0.0515856186433566,-0.0114859440348424,-0.0114859440348424,0,0,0,0,0,0,0,0,0,0,0,0,0,1,424,0,0,0,0,0,0,0
0.424,0.523598775598299,0.575065533885191,-0.119279725714854,-0.00170786065773953,0.575065533885191,0.575065533885191,-0.0514667582868924,-0.0115081883447651,-0.0115081883447651,0,0,0,0,0,0,0,0,0,0,0,0,0,1,425,0,0,0,0,0,0,0
0.425,0.523598775598299,0.574945841765985,-0.120101047818429,-0.00166998301629184,0.574945841765985,0.574945841765985,-0.0513470661676858,-0.0115295095245581,-0.0115295095245581,0,0,0,0,0,0,0,0,0,0,0,0,0,1,426,0,0,0,0,0,0,0
0.426,0.523598775598299,0.574825338649608,-0.120901777967072,-0.00163272809846527,0.574825338649608,0.574825338649608,-0.0512265630513093,-0.0115499278654803,-0.0115499278654803,0,0,0,0,0,0,0,0,0,0,0,0,0,1,427,0,0,0,0,0,0,0
0.427,0.523598775598299,0.574704044955443,-0.121682260766396,-0.00159609029547066,0.574704044955443,0.574704044955443,-0.0511052693571439,-0.0115694630654535,-0.0115694630654535,0,0,0,0,0,0,0,0,0,0,0,0,0,1,428,0,0,0,0,0,0,0
0.428,0.523598775598299,0.574581980759907,-0.122442837506043,-0.00156006368151665,0.574581980759907,0.574581980759907,-0.0509832051616085,-0.0115881342419171,-0.0115881342419171,0,0,0,0,0,0,0,0,0,0,0,0,0,1,429,0,0,0,0,0,0,0
0.429,0.523598775598299,0.574459165799857,-0.123183845999263,-0.0015246420367488,0.574459165799857,0.574459165799857,-0.0508603902015582,-0.0116059599448237,-0.0116059599448237,0,0,0,0,0,0,0,0,0,0,0,0,0,1,430,0,0,0,0,0,0,0
0.43,0.523598775598299,0.574335619476134,-0.123905620434633,-0.00148981886948179,0.574335619476134,0.574335619476134,-0.0507368438778353,-0.0116229581697381,-0.0116229581697381,0,0,0,0,0,0,0,0,0,0,0,0,0,1,431,0,0,0,0,0,0,0
0.431,0.523598775598299,0.574211360857262,-0.124608491239553,-0.00145558743772383,0.574211360857262,0.574211360857262,-0.0506125852589633,-0.0116391463710198,-0.0116391463710198,0,0,0,0,0,0,0,0,0,0,0,0,0,1,432,0,0,0,0,0,0,0
0.432,0.523598775598299,0.57408640868327,-0.125292784955113,-0.00142194076999595,0.57408640868327,0.57408640868327,-0.0504876330849715,-0.0116545414750606,-0.0116545414750606,0,0,0,0,0,0,0,0,0,0,0,0,0,1,433,0,0,0,0,0,0,0
0.433,0.523598775598299,0.573960781369638,-0.125958824121963,-0.00138887168544804,0.573960781369638,0.573960781369638,-0.0503620057713393,-0.0116691598935536,-0.0116691598935536,0,0,0,0,0,0,0,0,0,0,0,0,0,1,434,0,0,0,0,0,0,0
0.434,0.523598775598299,0.573834497011348,-0.126606927176788,-0.0013563728132762,0.573834497011348,0.573834497011348,-0.0502357214130494,-0.0116830175367731,-0.0116830175367731,0,0,0,0,0,0,0,0,0,0,0,0,0,1,435,0,0,0,0,0,0,0
0.435,0.523598775598299,0.573707573387038,-0.127237408359034,-0.00132443661144596,0.573707573387038,0.573707573387038,-0.050108797788739,-0.0116961298268391,-0.0116961298268391,0,0,0,0,0,0,0,0,0,0,0,0,0,1,436,0,0,0,0,0,0,0
0.436,0.523598775598299,0.573580027963239,-0.127850577627479,-0.00129305538472663,0.573580027963239,0.573580027963239,-0.0499812523649398,-0.0117085117109525,-0.0117085117109525,0,0,0,0,0,0,0,0,0,0,0,0,0,1,437,0,0,0,0,0,0,0
0.437,0.523598775598299,0.573451877898695,-0.128446740586303,-0.00126222130204427,0.573451877898695,0.573451877898695,-0.0498531023003962,-0.0117201776745749,-0.0117201776745749,0,0,0,0,0,0,0,0,0,0,0,0,0,1,438,0,0,0,0,0,0,0
0.438,0.523598775598299,0.573323140048752,-0.129026198420272,-0.00123192641315956,0.573323140048752,0.573323140048752,-0.0497243644504531,-0.0117311417545402,-0.0117311417545402,0,0,0,0,0,0,0,0,0,0,0,0,0,1,439,0,0,0,0,0,0,0
0.439,0.523598775598299,0.573193830969803,-0.129589247838681,-0.00120216266467934,0.573193830969803,0.573193830969803,-0.0495950553715044,-0.0117414175520789,-0.0117414175520789,0,0,0,0,0,0,0,0,0,0,0,0,0,1,440,0,0,0,0,0,0,0
0.44,0.523598775598299,0.573063966923791,-0.13013618102769,-0.00117292191541069,0.573063966923791,0.573063966923791,-0.0494651913254924,-0.0117510182457382,-0.0117510182457382,0,0,0,0,0,0,0,0,0,0,0,0,0,1,441,0,0,0,0,0,0,0
0.441,0.523598775598299,0.572933563882751,-0.130667285610705,-0.00114419595106633,0.572933563882751,0.572933563882751,-0.0493347882844518,-0.0117599566041844,-0.0117599566041844,0,0,0,0,0,0,0,0,0,0,0,0,0,1,442,0,0,0,0,0,0,0
0.442,0.523598775598299,0.572802637533388,-0.131182844616453,-0.00111597649833203,0.572802637533388,0.572802637533388,-0.0492038619350887,-0.0117682449988737,-0.0117682449988737,0,0,0,0,0,0,0,0,0,0,0,0,0,1,443,0,0,0,0,0,0,0
0.443,0.523598775598299,0.572671203281688,-0.131683136454406,-0.00108825523830594,0.572671203281688,0.572671203281688,-0.0490724276833888,-0.0117758954165778,-0.0117758954165778,0,0,0,0,0,0,0,0,0,0,0,0,0,1,444,0,0,0,0,0,0,0
0.444,0.523598775598299,0.572539276257544,-0.132168434897224,-0.00106102381932185,0.572539276257544,0.572539276257544,-0.0489405006592454,-0.0117829194717519,-0.0117829194717519,0,0,0,0,0,0,0,0,0,0,0,0,0,1,445,0,0,0,0,0,0,0
0.445,0.523598775598299,0.572406871319401,-0.132639009069875,-0.0010342738691666,0.572406871319401,0.572406871319401,-0.0488080957211021,-0.0117893284187342,-0.0117893284187342,0,0,0,0,0,0,0,0,0,0,0,0,0,1,446,0,0,0,0,0,0,0
0.446,0.523598775598299,0.572274003058903,-0.133095123445117,-0.00100799700670426,0.572274003058903,0.572274003058903,-0.048675227460604,-0.0117951331637688,-0.0117951331637688,0,0,0,0,0,0,0,0,0,0,0,0,0,1,447,0,0,0,0,0,0,0
0.447,0.523598775598299,0.572140685805548,-0.133537037845027,-0.0009821848529196,0.572140685805548,0.572140685805548,-0.0485419102072491,-0.0118003442768383,-0.0118003442768383,0,0,0,0,0,0,0,0,0,0,0,0,0,1,448,0,0,0,0,0,0,0
0.448,0.523598775598299,0.572006933631334,-0.133965007448252,-0.000956829041392617,0.572006933631334,0.572006933631334,-0.0484081580330356,-0.0118049720033012,-0.0118049720033012,0,0,0,0,0,0,0,0,0,0,0,0,0,1,449,0,0,0,0,0,0,0
0.449,0.523598775598299,0.571872760355399,-0.134379282802692,-0.000931921228217468,0.571872760355399,0.571872760355399,-0.0482739847571,-0.0118090262753254,-0.0118090262753254,0,0,0,0,0,0,0,0,0,0,0,0,0,1,450,0,0,0,0,0,0,0
0.45,0.523598775598299,0.571738179548638,-0.134780109843318,-0.00090745310137894,0.571738179548638,0.571738179548638,-0.0481394039503391,-0.0118125167231091,-0.0118125167231091,0,0,0,0,0,0,0,0,0,0,0,0,0,1,451,0,0,0,0,0,0,0
0.451,0.523598775598299,0.571603204538311,-0.135167729914824,-0.000883416389599413,0.571603204538311,0.571603204538311,-0.0480044289400119,-0.0118154526858849,-0.0118154526858849,0,0,0,0,0,0,0,0,0,0,0,0,0,1,452,0,0,0,0,0,0,0
0.452,0.523598775598299,0.571467848412615,-0.135542379798846,-0.000859802870670041,0.571467848412615,0.571467848412615,-0.0478690728143166,-0.0118178432227001,-0.0118178432227001,0,0,0,0,0,0,0,0,0,0,0,0,0,1,453,0,0,0,0,0,0,0
0.453,0.523598775598299,0.571332124025238,-0.135904291745457,-0.000836604379279712,0.571332124025238,0.571332124025238,-0.0477333484269388,-0.0118196971229703,-0.0118196971229703,0,0,0,0,0,0,0,0,0,0,0,0,0,1,454,0,0,0,0,0,0,0
0.454,0.523598775598299,0.571196043999863,-0.136253693508691,-0.000813812814355696,0.571196043999863,0.571196043999863,-0.0475972684015645,-0.011821022916797,-0.011821022916797,0,0,0,0,0,0,0,0,0,0,0,0,0,1,455,0,0,0,0,0,0,0
0.455,0.523598775598299,0.571059620734657,-0.136590808385821,-0.000791420145929019,0.571059620734657,0.571059620734657,-0.0474608451363582,-0.0118218288850532,-0.0118218288850532,0,0,0,0,0,0,0,0,0,0,0,0,0,1,456,0,0,0,0,0,0,0
0.456,0.523598775598299,0.570922866406696,-0.136915855260137,-0.000769418421539713,0.570922866406696,0.570922866406696,-0.0473240908083973,-0.0118221230692265,-0.0118221230692265,0,0,0,0,0,0,0,0,0,0,0,0,0,1,457,0,0,0,0,0,0,0
0.457,0.523598775598299,0.570785792976363,-0.137229048646998,-0.000747799772194567,0.570785792976363,0.570785792976363,-0.0471870173780641,-0.0118219132810213,-0.0118219132810213,0,0,0,0,0,0,0,0,0,0,0,0,0,1,458,0,0,0,0,0,0,0
0.458,0.523598775598299,0.570648412191688,-0.1375305987429,-0.000726556417892121,0.570648412191688,0.570648412191688,-0.0470496365933893,-0.0118212071117187,-0.0118212071117187,0,0,0,0,0,0,0,0,0,0,0,0,0,1,459,0,0,0,0,0,0,0
0.459,0.523598775598299,0.570510735592644,-0.137820711477347,-0.000705680672728561,0.570510735592644,0.570510735592644,-0.0469119599943449,-0.0118200119412868,-0.0118200119412868,0,0,0,0,0,0,0,0,0,0,0,0,0,1,460,0,0,0,0,0,0,0
0.46,0.523598775598299,0.570372774515383,-0.138099588567293,-0.000685164949597772,0.570372774515383,0.570372774515383,-0.0467739989170843,-0.0118183349472498,-0.0118183349472498,0,0,0,0,0,0,0,0,0,0,0,0,0,1,461,0,0,0,0,0,0,0
0.461,0.523598775598299,0.570234540096426,-0.138367427573943,-0.000665001764500332,0.570234540096426,0.570234540096426,-0.046635764498127,-0.011816183113307,-0.011816183113307,0,0,0,0,0,0,0,0,0,0,0,0,0,1,462,0,0,0,0,0,0,0
0.462,0.523598775598299,0.570096043276783,-0.138624421961709,-0.000645183740474672,0.570096043276783,0.570096043276783,-0.0464972676784841,-0.0118135632377037,-0.0118135632377037,0,0,0,0,0,0,0,0,0,0,0,0,0,1,463,0,0,0,0,0,0,0
0.463,0.523598775598299,0.569957294806025,-0.138870761159125,-0.00062570361116309,0.569957294806025,0.569957294806025,-0.0463585192077257,-0.0118104819413592,-0.0118104819413592,0,0,0,0,0,0,0,0,0,0,0,0,0,1,464,0,0,0,0,0,0,0
0.464,0.523598775598299,0.569818305246285,-0.139106630621518,-0.000606554224028048,0.569818305246285,0.569818305246285,-0.0462195296479857,-0.0118069456757462,-0.0118069456757462,0,0,0,0,0,0,0,0,0,0,0,0,0,1,465,0,0,0,0,0,0,0
0.465,0.523598775598299,0.569679084976201,-0.139332211895259,-0.000587728543230435,0.569679084976201,0.569679084976201,-0.046080309377902,-0.0118029607305239,-0.0118029607305239,0,0,0,0,0,0,0,0,0,0,0,0,0,1,466,0,0,0,0,0,0,0
0.466,0.523598775598299,0.569539644194792,-0.139547682683412,-0.000569219652183159,0.569539644194792,0.569539644194792,-0.0459408685964934,-0.0117985332409302,-0.0117985332409302,0,0,0,0,0,0,0,0,0,0,0,0,0,1,467,0,0,0,0,0,0,0
0.467,0.523598775598299,0.569399992925269,-0.139753216912624,-0.000551020755793851,0.569399992925269,0.569399992925269,-0.0458012173269697,-0.0117936691949315,-0.0117936691949315,0,0,0,0,0,0,0,0,0,0,0,0,0,1,468,0,0,0,0,0,0,0
0.468,0.523598775598299,0.569260141018773,-0.139948984801064,-0.000533125182409201,0.569260141018773,0.569260141018773,-0.0456613654204739,-0.0117883744401306,-0.0117883744401306,0,0,0,0,0,0,0,0,0,0,0,0,0,1,469,0,0,0,0,0,0,0
0.469,0.523598775598299,0.569120098158055,-0.140135152927287,-0.000515526385472947,0.569120098158055,0.569120098158055,-0.0455213225597565,-0.0117826546904397,-0.0117826546904397,0,0,0,0,0,0,0,0,0,0,0,0,0,1,470,0,0,0,0,0,0,0
0.47,0.523598775598299,0.568979873861079,-0.140311884299851,-0.000498217944910973,0.568979873861079,0.568979873861079,-0.0453810982627801,-0.0117765155325169,-0.0117765155325169,0,0,0,0,0,0,0,0,0,0,0,0,0,1,471,0,0,0,0,0,0,0
0.471,0.523598775598299,0.568839477484554,-0.140479338427554,-0.00048119356825496,0.568839477484554,0.568839477484554,-0.0452407018862547,-0.0117699624319708,-0.0117699624319708,0,0,0,0,0,0,0,0,0,0,0,0,0,1,472,0,0,0,0,0,0,0
0.472,0.523598775598299,0.568698918227401,-0.140637671390153,-0.000464447091516866,0.568698918227401,0.568698918227401,-0.0451001426291018,-0.0117630007393363,-0.0117630007393363,0,0,0,0,0,0,0,0,0,0,0,0,0,1,473,0,0,0,0,0,0,0
0.473,0.523598775598299,0.568558205134147,-0.140787035909435,-0.000447972479826184,0.568558205134147,0.568558205134147,-0.0449594295358481,-0.0117556356958251,-0.0117556356958251,0,0,0,0,0,0,0,0,0,0,0,0,0,1,474,0,0,0,0,0,0,0
0.474,0.523598775598299,0.568417347098247,-0.140927581420507,-0.000431763827841421,0.568417347098247,0.568417347098247,-0.0448185714999478,-0.0117478724388528,-0.0117478724388528,0,0,0,0,0,0,0,0,0,0,0,0,0,1,475,0,0,0,0,0,0,0
0.475,0.523598775598299,0.568276352865333,-0.141059454143213,-0.000415815359946888,0.568276352865333,0.568276352865333,-0.0446775772670337,-0.0117397160073482,-0.0117397160073482,0,0,0,0,0,0,0,0,0,0,0,0,0,1,476,0,0,0,0,0,0,0
0.476,0.523598775598299,0.568135231036395,-0.141182797153533,-0.000400121430246096,0.568135231036395,0.568135231036395,-0.0445364554380966,-0.0117311713468481,-0.0117311713468481,0,0,0,0,0,0,0,0,0,0,0,0,0,1,477,0,0,0,0,0,0,0
0.477,0.523598775598299,0.567993990070892,-0.141297750454885,-0.000384676522362784,0.567993990070892,0.567993990070892,-0.0443952144725933,-0.0117222433143795,-0.0117222433143795,0,0,0,0,0,0,0,0,0,0,0,0,0,1,478,0,0,0,0,0,0,0
0.478,0.523598775598299,0.567852638289783,-0.141404451049218,-0.000369475249059207,0.567852638289783,0.567852638289783,-0.0442538626914843,-0.0117129366831377,-0.0117129366831377,0,0,0,0,0,0,0,0,0,0,0,0,0,1,479,0,0,0,0,0,0,0
0.479,0.523598775598299,0.567711183878498,-0.141503033007805,-0.000354512351683446,0.567711183878498,0.567711183878498,-0.044112408280199,-0.0117032561469586,-0.0117032561469586,0,0,0,0,0,0,0,0,0,0,0,0,0,1,480,0,0,0,0,0,0,0
0.48,0.523598775598299,0.56756963488983,-0.141593627541645,-0.00033978269945401,0.56756963488983,0.56756963488983,-0.0439708592915315,-0.011693206324596,-0.011693206324596,0,0,0,0,0,0,0,0,0,0,0,0,0,1,481,0,0,0,0,0,0,0
0.481,0.523598775598299,0.567427999246765,-0.141676363071392,-0.00032528128859307,0.567427999246765,0.567427999246765,-0.0438292236484663,-0.0116827917638033,-0.0116827917638033,0,0,0,0,0,0,0,0,0,0,0,0,0,1,482,0,0,0,0,0,0,0
0.482,0.523598775598299,0.567286284745232,-0.141751365296741,-0.000311003241317009,0.567286284745232,0.567286284745232,-0.0436875091469331,-0.0116720169452254,-0.0116720169452254,0,0,0,0,0,0,0,0,0,0,0,0,0,1,483,0,0,0,0,0,0,0
0.483,0.523598775598299,0.567144499056793,-0.141818757265176,-0.000296943804693278,0.567144499056793,0.567144499056793,-0.0435457234584937,-0.0116608862861068,-0.0116608862861068,0,0,0,0,0,0,0,0,0,0,0,0,0,1,484,0,0,0,0,0,0,0
0.484,0.523598775598299,0.567002649731259,-0.141878659440042,-0.000283098349372964,0.567002649731259,0.567002649731259,-0.0434038741329605,-0.0116494041438201,-0.0116494041438201,0,0,0,0,0,0,0,0,0,0,0,0,0,1,485,0,0,0,0,0,0,0
0.485,0.523598775598299,0.566860744199245,-0.141931189767847,-0.000269462368207906,0.566860744199245,0.566860744199245,-0.0432619686009462,-0.0116375748192165,-0.0116375748192165,0,0,0,0,0,0,0,0,0,0,0,0,0,1,486,0,0,0,0,0,0,0
0.486,0.523598775598299,0.566718789774647,-0.141976463744763,-0.000256031474759858,0.566718789774647,0.566718789774647,-0.0431200141763477,-0.0116254025598082,-0.0116254025598082,0,0,0,0,0,0,0,0,0,0,0,0,0,1,487,0,0,0,0,0,0,0
0.487,0.523598775598299,0.566576793657063,-0.142014594482245,-0.000242801401710826,0.566576793657063,0.566576793657063,-0.0429780180587638,-0.0116128915627844,-0.0116128915627844,0,0,0,0,0,0,0,0,0,0,0,0,0,1,488,0,0,0,0,0,0,0
0.488,0.523598775598299,0.566434762934146,-0.142045692771743,-0.000229767999182096,0.566434762934146,0.566434762934146,-0.0428359873358468,-0.0116000459778626,-0.0116000459778626,0,0,0,0,0,0,0,0,0,0,0,0,0,1,489,0,0,0,0,0,0,0
0.489,0.523598775598299,0.56629270458389,-0.14206986714844,-0.000216927232968825,0.56629270458389,0.56629270458389,-0.0426939289855913,-0.0115868699099881,-0.0115868699099881,0,0,0,0,0,0,0,0,0,0,0,0,0,1,490,0,0,0,0,0,0,0
0.49,0.523598775598299,0.566150625476857,-0.14208722395399,-0.000204275182698731,0.566150625476857,0.566150625476857,-0.0425518498785585,-0.0115733674218787,-0.0115733674218787,0,0,0,0,0,0,0,0,0,0,0,0,0,1,491,0,0,0,0,0,0,0
0.491,0.523598775598299,0.566008532378338,-0.142097867398204,-0.000191808039921043,0.566008532378338,0.566008532378338,-0.0424097567800389,-0.0115595425364219,-0.0115595425364219,0,0,0,0,0,0,0,0,0,0,0,0,0,1,492,0,0,0,0,0,0,0
0.492,0.523598775598299,0.565866431950453,-0.142101899619662,-0.000179522106132605,0.565866431950453,0.565866431950453,-0.042267656352154,-0.0115453992389327,-0.0115453992389327,0,0,0,0,0,0,0,0,0,0,0,0,0,1,493,0,0,0,0,0,0,0
0.493,0.523598775598299,0.565724330754196,-0.142099420745213,-0.000167413790748429,0.565724330754196,0.565724330754196,-0.0421255551558976,-0.0115309414792701,-0.0115309414792701,0,0,0,0,0,0,0,0,0,0,0,0,0,1,494,0,0,0,0,0,0,0
0.494,0.523598775598299,0.565582235251416,-0.142090528948336,-0.00015547960902164,0.565582235251416,0.565582235251416,-0.0419834596531177,-0.011516173173822,-0.011516173173822,0,0,0,0,0,0,0,0,0,0,0,0,0,1,495,0,0,0,0,0,0,0
0.495,0.523598775598299,0.565440151806741,-0.14207532050634,-0.000143716179919718,0.565440151806741,0.565440151806741,-0.041841376208442,-0.0115010982073629,-0.0115010982073629,0,0,0,0,0,0,0,0,0,0,0,0,0,1,496,0,0,0,0,0,0,0
0.496,0.523598775598299,0.565298086689444,-0.14205388985638,-0.000132120223962862,0.565298086689444,0.565298086689444,-0.0416993110911456,-0.0114857204347862,-0.0114857204347862,0,0,0,0,0,0,0,0,0,0,0,0,0,1,497,0,0,0,0,0,0,0
0.497,0.523598775598299,0.565156046075262,-0.142026329650275,-0.000120688561029684,0.565156046075262,0.565156046075262,-0.0415572704769632,-0.011470043682717,-0.011470043682717,0,0,0,0,0,0,0,0,0,0,0,0,0,1,498,0,0,0,0,0,0,0
0.498,0.523598775598299,0.565014036048147,-0.141992730808103,-0.000109418108135154,0.565014036048147,0.565014036048147,-0.0414152604498486,-0.0114540717510119,-0.0114540717510119,0,0,0,0,0,0,0,0,0,0,0,0,0,1,499,0,0,0,0,0,0,0
0.499,0.523598775598299,0.564872062601978,-0.141953182570578,-9.83058771869181e-05,0.564872062601978,0.564872062601978,-0.041273287003679,-0.0114378084141476,-0.0114378084141476,0,0,0,0,0,0,0,0,0,0,0,0,0,1,500,0,0,0,0,0,0,0
0.5,0.523598775598299,0.564730131642209,-0.141907772550179,-8.73489727237489e-05,0.564730131642209,0.564730131642209,-0.0411313560439097,-0.0114212574225018,-0.0114212574225018,0,0,0,0,0,0,0,0,0,0,0,0,0,1,501,0,0,0,0,0,0,0
0.501,0.523598775598299,0.564588248987475,-0.141856586781038,-7.65445896409676e-05,0.564588248987475,0.564588248987475,-0.0409894733891762,-0.0114044225035348,-0.0114044225035348,0,0,0,0,0,0,0,0,0,0,0,0,0,1,502,0,0,0,0,0,0,0
0.502,0.523598775598299,0.564446420371148,-0.14179970976758,-6.58900109073621e-05,0.564446420371148,0.564446420371148,-0.0408476447728492,-0.0113873073628734,-0.0113873073628734,0,0,0,0,0,0,0,0,0,0,0,0,0,1,503,0,0,0,0,0,0,0
0.503,0.523598775598299,0.564304651442839,-0.141737224531909,-5.53826052779077e-05,0.564304651442839,0.564304651442839,-0.0407058758445399,-0.0113699156853003,-0.0113699156853003,0,0,0,0,0,0,0,0,0,0,0,0,0,1,504,0,0,0,0,0,0,0
0.504,0.523598775598299,0.564162947769858,-0.141669212659934,-4.50198250058465e-05,0.564162947769858,0.564162947769858,-0.0405641721715593,-0.0113522511356553,-0.0113522511356553,0,0,0,0,0,0,0,0,0,0,0,0,0,1,505,0,0,0,0,0,0,0
0.505,0.523598775598299,0.56402131483863,-0.141595754346255,-3.47992035577291e-05,0.56402131483863,0.56402131483863,-0.0404225392403316,-0.0113343173596498,-0.0113343173596498,0,0,0,0,0,0,0,0,0,0,0,0,0,1,506,0,0,0,0,0,0,0
0.506,0.523598775598299,0.563879758056063,-0.141516928437795,-2.47183533351207e-05,0.563879758056063,0.563879758056063,-0.0402809824577641,-0.0113161179846039,-0.0113161179846039,0,0,0,0,0,0,0,0,0,0,0,0,0,1,507,0,0,0,0,0,0,0
0.507,0.523598775598299,0.563738282750872,-0.141432812476188,-1.47749634067966e-05,0.563738282750872,0.563738282750872,-0.0401395071525734,-0.0112976566201014,-0.0112976566201014,0,0,0,0,0,0,0,0,0,0,0,0,0,1,508,0,0,0,0,0,0,0
0.508,0.523598775598299,0.563596894174868,-0.141343482738935,-4.96679725356516e-06,0.563596894174868,0.563596894174868,-0.0399981185765697,-0.0112789368585742,-0.0112789368585742,0,0,0,0,0,0,0,0,0,0,0,0,0,1,509,0,0,0,0,0,0,0
0.509,0.523598775598299,0.5634555975042,-0.141249014279329,4.70830947091935e-06,0.5634555975042,0.5634555975042,-0.039856821905901,-0.0112599622758162,-0.0112599622758162,0,0,0,0,0,0,0,0,0,0,0,0,0,1,510,0,0,0,0,0,0,0
0.51,0.523598775598299,0.563314397840557,-0.141149480965172,1.4252451160338e-05,0.563314397840557,0.563314397840557,-0.0397156222422581,-0.0112407364314299,-0.0112407364314299,0,0,0,0,0,0,0,0,0,0,0,0,0,1,511,0,0,0,0,0,0,0
0.511,0.523598775598299,0.56317330021234,-0.141044955516274,2.36676544549713e-05,0.56317330021234,0.56317330021234,-0.039574524614041,-0.0112212628692117,-0.0112212628692117,0,0,0,0,0,0,0,0,0,0,0,0,0,1,512,0,0,0,0,0,0,0
0.512,0.523598775598299,0.563032309575788,-0.140935509540771,3.29558804168482e-05,0.563032309575788,0.563032309575788,-0.0394335339774888,-0.0112015451174775,-0.0112015451174775,0,0,0,0,0,0,0,0,0,0,0,0,0,1,513,0,0,0,0,0,0,0
0.513,0.523598775598299,0.562891430816073,-0.140821213570256,4.21190266791157e-05,0.562891430816073,0.562891430816073,-0.0392926552177737,-0.0111815866893305,-0.0111815866893305,0,0,0,0,0,0,0,0,0,0,0,0,0,1,514,0,0,0,0,0,0,0
0.514,0.523598775598299,0.562750668748359,-0.140702137093758,5.1158929567756e-05,0.562750668748359,0.562750668748359,-0.0391518931500598,-0.0111613910828776,-0.0111613910828776,0,0,0,0,0,0,0,0,0,0,0,0,0,1,515,0,0,0,0,0,0,0
0.515,0.523598775598299,0.562610028118829,-0.140578348590561,6.00773661934896e-05,0.562610028118829,0.562610028118829,-0.0390112525205306,-0.0111409617813976,-0.0111409617813976,0,0,0,0,0,0,0,0,0,0,0,0,0,1,516,0,0,0,0,0,0,0
0.516,0.523598775598299,0.56246951360568,-0.140449915561903,6.88760565112734e-05,0.56246951360568,0.56246951360568,-0.0388707380073813,-0.0111203022534592,-0.0111203022534592,0,0,0,0,0,0,0,0,0,0,0,0,0,1,517,0,0,0,0,0,0,0
0.517,0.523598775598299,0.562329129820081,-0.140316904561558,7.75566653477e-05,0.562329129820081,0.562329129820081,-0.0387303542217822,-0.011099415952998,-0.011099415952998,0,0,0,0,0,0,0,0,0,0,0,0,0,1,518,0,0,0,0,0,0,0
0.518,0.523598775598299,0.56218888130711,-0.140179381225333,8.61208043931362e-05,0.56218888130711,0.56218888130711,-0.0385901057088115,-0.0110783063193522,-0.0110783063193522,0,0,0,0,0,0,0,0,0,0,0,0,0,1,519,0,0,0,0,0,0,0
0.519,0.523598775598299,0.562048772546657,-0.14003741029948,9.4570034157835e-05,0.562048772546657,0.562048772546657,-0.0384499969483584,-0.0110569767772588,-0.0110569767772588,0,0,0,0,0,0,0,0,0,0,0,0,0,1,520,0,0,0,0,0,0,0
0.52,0.523598775598299,0.561908807954298,-0.139891055668067,0.000102905865891429,0.561908807954298,0.561908807954298,-0.0383100323559992,-0.0110354307368163,-0.0110354307368163,0,0,0,0,0,0,0,0,0,0,0,0,0,1,521,0,0,0,0,0,0,0
0.521,0.523598775598299,0.561768991882145,-0.13974038037931,0.000111129763463701,0.561768991882145,0.561768991882145,-0.0381702162838464,-0.0110136715934144,-0.0110136715934144,0,0,0,0,0,0,0,0,0,0,0,0,0,1,522,0,0,0,0,0,0,0
0.522,0.523598775598299,0.56162932861967,-0.139585446670898,0.000119243145206173,0.56162932861967,0.56162932861967,-0.0380305530213716,-0.0109917027276313,-0.0109917027276313,0,0,0,0,0,0,0,0,0,0,0,0,0,1,523,0,0,0,0,0,0,0
0.523,0.523598775598299,0.561489822394502,-0.139426315994325,0.000127247385714139,0.561489822394502,0.561489822394502,-0.0378910467962036,-0.0109695275051056,-0.0109695275051056,0,0,0,0,0,0,0,0,0,0,0,0,0,1,524,0,0,0,0,0,0,0
0.524,0.523598775598299,0.561350477373202,-0.139263049038261,0.000135143817607662,0.561350477373202,0.561350477373202,-0.0377517017749032,-0.0109471492763813,-0.0109471492763813,0,0,0,0,0,0,0,0,0,0,0,0,0,1,525,0,0,0,0,0,0,0
0.525,0.523598775598299,0.561211297662013,-0.139095705750978,0.00014293373325129,0.561211297662013,0.561211297662013,-0.0376125220637145,-0.01092457137673,-0.01092457137673,0,0,0,0,0,0,0,0,0,0,0,0,0,1,526,0,0,0,0,0,0,0
0.526,0.523598775598299,0.561072287307593,-0.138924345361848,0.000150618386432021,0.561072287307593,0.561072287307593,-0.0374735117092946,-0.0109017971259518,-0.0109017971259518,0,0,0,0,0,0,0,0,0,0,0,0,0,1,527,0,0,0,0,0,0,0
0.527,0.523598775598299,0.560933450297721,-0.138749026401952,0.000158198993994919,0.560933450297721,0.560933450297721,-0.037334674699422,-0.010878829828156,-0.010878829828156,0,0,0,0,0,0,0,0,0,0,0,0,0,1,528,0,0,0,0,0,0,0
0.528,0.523598775598299,0.560794790561984,-0.138569806723812,0.0001656767374364,0.560794790561984,0.560794790561984,-0.0371960149636849,-0.0108556727715262,-0.0108556727715262,0,0,0,0,0,0,0,0,0,0,0,0,0,1,529,0,0,0,0,0,0,0
0.529,0.523598775598299,0.560656311972449,-0.138386743520264,0.000173052764454581,0.560656311972449,0.560656311972449,-0.0370575363741504,-0.0108323292280701,-0.0108323292280701,0,0,0,0,0,0,0,0,0,0,0,0,0,1,530,0,0,0,0,0,0,0
0.53,0.523598775598299,0.560518018344314,-0.138199893342516,0.000180328190456509,0.560518018344314,0.560518018344314,-0.0369192427460153,-0.0108088024533541,-0.0108088024533541,0,0,0,0,0,0,0,0,0,0,0,0,0,1,531,0,0,0,0,0,0,0
0.531,0.523598775598299,0.560379913436537,-0.138009312117392,0.000187504100022628,0.560379913436537,0.560379913436537,-0.0367811378382387,-0.0107850956862283,-0.0107850956862283,0,0,0,0,0,0,0,0,0,0,0,0,0,1,532,0,0,0,0,0,0,0
0.532,0.523598775598299,0.560242000952457,-0.137815055163793,0.000194581548328038,0.560242000952457,0.560242000952457,-0.0366432253541578,-0.0107612121485389,-0.0107612121485389,0,0,0,0,0,0,0,0,0,0,0,0,0,1,533,0,0,0,0,0,0,0
0.533,0.523598775598299,0.560104284540388,-0.137617177208415,0.000201561562521291,0.560104284540388,0.560104284540388,-0.0365055089420888,-0.0107371550448356,-0.0107371550448356,0,0,0,0,0,0,0,0,0,0,0,0,0,1,534,0,0,0,0,0,0,0
0.534,0.523598775598299,0.55996676779421,-0.137415732400713,0.000208445143059574,0.55996676779421,0.55996676779421,-0.0363679921959108,-0.0107129275620675,-0.0107129275620675,0,0,0,0,0,0,0,0,0,0,0,0,0,1,535,0,0,0,0,0,0,0
0.535,0.523598775598299,0.559829454253935,-0.137210774327171,0.000215233265002274,0.559829454253935,0.559829454253935,-0.0362306786556361,-0.0106885328692778,-0.0106885328692778,0,0,0,0,0,0,0,0,0,0,0,0,0,1,536,0,0,0,0,0,0,0
0.536,0.523598775598299,0.559692347406265,-0.137002356024873,0.000221926879261429,0.559692347406265,0.559692347406265,-0.0360935718079662,-0.0106639741172908,-0.0106639741172908,0,0,0,0,0,0,0,0,0,0,0,0,0,1,537,0,0,0,0,0,0,0
0.537,0.523598775598299,0.559555450685134,-0.136790529994419,0.000228526913810786,0.559555450685134,0.559555450685134,-0.0359566750868351,-0.0106392544383986,-0.0106392544383986,0,0,0,0,0,0,0,0,0,0,0,0,0,1,538,0,0,0,0,0,0,0
0.538,0.523598775598299,0.559418767472238,-0.136575348212187,0.000235034274852698,0.559418767472238,0.559418767472238,-0.035819991873939,-0.0106143769460437,-0.0106143769460437,0,0,0,0,0,0,0,0,0,0,0,0,0,1,539,0,0,0,0,0,0,0
0.539,0.523598775598299,0.559282301097554,-0.136356862141987,0.000241449847944201,0.559282301097554,0.559282301097554,-0.0356835254992554,-0.010589344734503,-0.010589344734503,0,0,0,0,0,0,0,0,0,0,0,0,0,1,540,0,0,0,0,0,0,0
0.54,0.523598775598299,0.559146054839848,-0.136135122746112,0.000247774499082186,0.559146054839848,0.559146054839848,-0.035547279241549,-0.0105641608785701,-0.0105641608785701,0,0,0,0,0,0,0,0,0,0,0,0,0,1,541,0,0,0,0,0,0,0
0.541,0.523598775598299,0.559010031927168,-0.135910180495815,0.000254009075748639,0.559010031927168,0.559010031927168,-0.0354112563288693,-0.0105388284332418,-0.0105388284332418,0,0,0,0,0,0,0,0,0,0,0,0,0,1,542,0,0,0,0,0,0,0
0.542,0.523598775598299,0.558874235537334,-0.135682085381231,0.000260154407915651,0.558874235537334,0.558874235537334,-0.0352754599390352,-0.010513350433403,-0.010513350433403,0,0,0,0,0,0,0,0,0,0,0,0,0,1,543,0,0,0,0,0,0,0
0.543,0.523598775598299,0.558738668798412,-0.135450886920768,0.000266211309012255,0.558738668798412,0.558738668798412,-0.0351398932001128,-0.0104877298935204,-0.0104877298935204,0,0,0,0,0,0,0,0,0,0,0,0,0,1,544,0,0,0,0,0,0,0
0.544,0.523598775598299,0.55860333478918,-0.135216634169989,0.000272180576851588,0.55860333478918,0.55860333478918,-0.0350045591908812,-0.0104619698073345,-0.0104619698073345,0,0,0,0,0,0,0,0,0,0,0,0,0,1,545,0,0,0,0,0,0,0
0.545,0.523598775598299,0.558468236539591,-0.134979375730002,0.000278062994521441,0.558468236539591,0.558468236539591,-0.0348694609412924,-0.0104360731475613,-0.0104360731475613,0,0,0,0,0,0,0,0,0,0,0,0,0,1,546,0,0,0,0,0,0,0
0.546,0.523598775598299,0.55833337703122,-0.134739159755377,0.000283859331236713,0.55833337703122,0.55833337703122,-0.0347346014329212,-0.0104100428655968,-0.0104100428655968,0,0,0,0,0,0,0,0,0,0,0,0,0,1,547,0,0,0,0,0,0,0
0.547,0.523598775598299,0.558198759197706,-0.134496033961616,0.000289570343155868,0.558198759197706,0.558198759197706,-0.0345999835994076,-0.0103838818912278,-0.0103838818912278,0,0,0,0,0,0,0,0,0,0,0,0,0,1,548,0,0,0,0,0,0,0
0.548,0.523598775598299,0.558064385925192,-0.134250045632194,0.000295196774161901,0.558064385925192,0.558064385925192,-0.034465610326893,-0.0103575931323513,-0.0103575931323513,0,0,0,0,0,0,0,0,0,0,0,0,0,1,549,0,0,0,0,0,0,0
0.549,0.523598775598299,0.557930260052747,-0.134001241625185,0.000300739356607965,0.557930260052747,0.557930260052747,-0.0343314844544484,-0.0103311794747006,-0.0103311794747006,0,0,0,0,0,0,0,0,0,0,0,0,0,1,550,0,0,0,0,0,0,0
0.55,0.523598775598299,0.557796384372796,-0.133749668379498,0.000306198812028701,0.557796384372796,0.557796384372796,-0.0341976087744968,-0.0103046437815778,-0.0103046437815778,0,0,0,0,0,0,0,0,0,0,0,0,0,1,551,0,0,0,0,0,0,0
0.551,0.523598775598299,0.557662761631529,-0.133495371920733,0.000311575851818663,0.557662761631529,0.557662761631529,-0.0340639860332297,-0.0102779888935984,-0.0102779888935984,0,0,0,0,0,0,0,0,0,0,0,0,0,1,552,0,0,0,0,0,0,0
0.552,0.523598775598299,0.557529394529316,-0.133238397866692,0.000316871177877331,0.557529394529316,0.557529394529316,-0.0339306189310169,-0.0102512176284407,-0.0102512176284407,0,0,0,0,0,0,0,0,0,0,0,0,0,1,553,0,0,0,0,0,0,0
0.553,0.523598775598299,0.557396285721111,-0.132978791432536,0.000322085483223036,0.557396285721111,0.557396285721111,-0.0337975101228126,-0.0102243327806072,-0.0102243327806072,0,0,0,0,0,0,0,0,0,0,0,0,0,1,554,0,0,0,0,0,0,0
0.554,0.523598775598299,0.557263437816854,-0.132716597435635,0.000327219452575256,0.557263437816854,0.557263437816854,-0.0336646622185548,-0.0101973371211943,-0.0101973371211943,0,0,0,0,0,0,0,0,0,0,0,0,0,1,555,0,0,0,0,0,0,0
0.555,0.523598775598299,0.55713085338186,-0.1324518603001,0.000332273762907262,0.55713085338186,0.55713085338186,-0.0335320777835612,-0.0101702333976725,-0.0101702333976725,0,0,0,0,0,0,0,0,0,0,0,0,0,1,556,0,0,0,0,0,0,0
0.556,0.523598775598299,0.556998534937219,-0.13218462406103,0.000337249083968871,0.556998534937219,0.556998534937219,-0.0333997593389203,-0.0101430243336776,-0.0101430243336776,0,0,0,0,0,0,0,0,0,0,0,0,0,1,557,0,0,0,0,0,0,0
0.557,0.523598775598299,0.556866484960177,-0.131914932368491,0.000342146078780723,0.556866484960177,0.556866484960177,-0.0332677093618784,-0.0101157126288102,-0.0101157126288102,0,0,0,0,0,0,0,0,0,0,0,0,0,1,558,0,0,0,0,0,0,0
0.558,0.523598775598299,0.556734705884521,-0.131642828491226,0.000346965404100974,0.556734705884521,0.556734705884521,-0.0331359302862224,-0.0100883009584467,-0.0100883009584467,0,0,0,0,0,0,0,0,0,0,0,0,0,1,559,0,0,0,0,0,0,0
0.559,0.523598775598299,0.556603200100959,-0.131368355320128,0.000351707710865329,0.556603200100959,0.556603200100959,-0.0330044245026602,-0.0100607919735636,-0.0100607919735636,0,0,0,0,0,0,0,0,0,0,0,0,0,1,560,0,0,0,0,0,0,0
0.56,0.523598775598299,0.556471969957495,-0.131091555371485,0.000356373644600125,0.556471969957495,0.556471969957495,-0.0328731943591958,-0.0100331883005683,-0.0100331883005683,0,0,0,0,0,0,0,0,0,0,0,0,0,1,561,0,0,0,0,0,0,0
0.561,0.523598775598299,0.556341017759802,-0.130812470789998,0.000360963845811154,0.556341017759802,0.556341017759802,-0.0327422421615033,-0.0100054925411442,-0.0100054925411442,0,0,0,0,0,0,0,0,0,0,0,0,0,1,562,0,0,0,0,0,0,0
0.562,0.523598775598299,0.556210345771595,-0.130531143351616,0.000365478950347403,0.556210345771595,0.556210345771595,-0.0326115701732966,-0.00997770727210552,-0.00997770727210552,0,0,0,0,0,0,0,0,0,0,0,0,0,1,563,0,0,0,0,0,0,0
0.563,0.523598775598299,0.556079956214996,-0.130247614466158,0.000369919589741626,0.556079956214996,0.556079956214996,-0.032481180616697,-0.00994983504526431,-0.00994983504526431,0,0,0,0,0,0,0,0,0,0,0,0,0,1,564,0,0,0,0,0,0,0
0.564,0.523598775598299,0.555949851270897,-0.12996192517978,0.000374286391527621,0.555949851270897,0.555949851270897,-0.0323510756725979,-0.00992187838730703,-0.00992187838730703,0,0,0,0,0,0,0,0,0,0,0,0,0,1,565,0,0,0,0,0,0,0
0.565,0.523598775598299,0.555820033079326,-0.129674116177263,0.000378579979536043,0.555820033079326,0.555820033079326,-0.0322212574810274,-0.00989383979968421,-0.00989383979968421,0,0,0,0,0,0,0,0,0,0,0,0,0,1,566,0,0,0,0,0,0,0
0.566,0.523598775598299,0.555690503739808,-0.129384227784153,0.0003828009741686,0.555690503739808,0.555690503739808,-0.032091728141509,-0.00986572175850969,-0.00986572175850969,0,0,0,0,0,0,0,0,0,0,0,0,0,1,567,0,0,0,0,0,0,0
0.567,0.523598775598299,0.555561265311718,-0.12909229996876,0.000386949992652144,0.555561265311718,0.555561265311718,-0.0319624897134188,-0.00983752671447154,-0.00983752671447154,0,0,0,0,0,0,0,0,0,0,0,0,0,1,568,0,0,0,0,0,0,0
0.568,0.523598775598299,0.555432319814642,-0.128798372344019,0.000391027649273118,0.555432319814642,0.555432319814642,-0.0318335442163428,-0.00980925709275447,-0.00980925709275447,0,0,0,0,0,0,0,0,0,0,0,0,0,1,569,0,0,0,0,0,0,0
0.569,0.523598775598299,0.55530366922873,-0.128502484169241,0.000395034555593019,0.55530366922873,0.55530366922873,-0.0317048936304311,-0.00978091529297294,-0.00978091529297294,0,0,0,0,0,0,0,0,0,0,0,0,0,1,570,0,0,0,0,0,0,0
0.57,0.523598775598299,0.555175315495049,-0.128204674351744,0.000398971320645791,0.555175315495049,0.555175315495049,-0.0315765398967504,-0.0097525036891145,-0.0097525036891145,0,0,0,0,0,0,0,0,0,0,0,0,0,1,571,0,0,0,0,0,0,0
0.571,0.523598775598299,0.555047260515934,-0.127904981448385,0.000402838551118066,0.555047260515934,0.555047260515934,-0.0314484849176356,-0.00972402462949519,-0.00972402462949519,0,0,0,0,0,0,0,0,0,0,0,0,0,1,572,0,0,0,0,0,0,0
0.572,0.523598775598299,0.554919506155338,-0.127603443667002,0.000406636851512528,0.554919506155338,0.554919506155338,-0.0313207305570394,-0.00969548043672386,-0.00969548043672386,0,0,0,0,0,0,0,0,0,0,0,0,0,1,573,0,0,0,0,0,0,0
0.573,0.523598775598299,0.554792054239179,-0.127300098867768,0.000410366824295774,0.554792054239179,0.554792054239179,-0.0311932786408805,-0.00966687340767856,-0.00966687340767856,0,0,0,0,0,0,0,0,0,0,0,0,0,1,574,0,0,0,0,0,0,0
0.574,0.523598775598299,0.554664906555689,-0.126994984564474,0.000414029070030715,0.554664906555689,0.554664906555689,-0.0310661309573906,-0.00963820581349221,-0.00963820581349221,0,0,0,0,0,0,0,0,0,0,0,0,0,1,575,0,0,0,0,0,0,0
0.575,0.523598775598299,0.554538064855759,-0.126688137925741,0.000417624187494683,0.554538064855759,0.554538064855759,-0.0309392892574606,-0.00960947989954918,-0.00960947989954918,0,0,0,0,0,0,0,0,0,0,0,0,0,1,576,0,0,0,0,0,0,0
0.576,0.523598775598299,0.554411530853283,-0.126379595776175,0.000421152773783594,0.554411530853283,0.554411530853283,-0.0308127552549845,-0.00958069788549087,-0.00958069788549087,0,0,0,0,0,0,0,0,0,0,0,0,0,1,577,0,0,0,0,0,0,0
0.577,0.523598775598299,0.554285306225503,-0.126069394597466,0.000424615424403208,0.554285306225503,0.554285306225503,-0.0306865306272037,-0.00955186196523271,-0.00955186196523271,0,0,0,0,0,0,0,0,0,0,0,0,0,1,578,0,0,0,0,0,0,0
0.578,0.523598775598299,0.554159392613347,-0.125757570529447,0.000428012733347564,0.554159392613347,0.554159392613347,-0.0305606170150486,-0.00952297430698808,-0.00952297430698808,0,0,0,0,0,0,0,0,0,0,0,0,0,1,579,0,0,0,0,0,0,0
0.579,0.523598775598299,0.554033791621779,-0.125444159371106,0.000431345293166145,0.554033791621779,0.554033791621779,-0.0304350160234806,-0.0094940370533048,-0.0094940370533048,0,0,0,0,0,0,0,0,0,0,0,0,0,1,580,0,0,0,0,0,0,0
0.58,0.523598775598299,0.55390850482013,-0.125129196581569,0.000434613695019224,0.55390850482013,0.55390850482013,-0.0303097292218316,-0.00946505232110685,-0.00946505232110685,0,0,0,0,0,0,0,0,0,0,0,0,0,1,581,0,0,0,0,0,0,0
0.581,0.523598775598299,0.553783533742443,-0.12481271728106,0.000437818528723446,0.553783533742443,0.553783533742443,-0.0301847581441445,-0.00943602220175009,-0.00943602220175009,0,0,0,0,0,0,0,0,0,0,0,0,0,1,582,0,0,0,0,0,0,0
0.582,0.523598775598299,0.553658879887809,-0.124494756251828,0.000440960382786285,0.553658879887809,0.553658879887809,-0.0300601042895103,-0.00940694876108086,-0.00940694876108086,0,0,0,0,0,0,0,0,0,0,0,0,0,1,583,0,0,0,0,0,0,0
0.583,0.523598775598299,0.553534544720706,-0.12417534793907,0.000444039844432255,0.553534544720706,0.553534544720706,-0.0299357691224073,-0.00937783403950855,-0.00937783403950855,0,0,0,0,0,0,0,0,0,0,0,0,0,1,584,0,0,0,0,0,0,0
0.584,0.523598775598299,0.553410529671335,-0.123854526451831,0.000447057499619206,0.553410529671335,0.553410529671335,-0.0298117540730359,-0.00934868005208206,-0.00934868005208206,0,0,0,0,0,0,0,0,0,0,0,0,0,1,585,0,0,0,0,0,0,0
0.585,0.523598775598299,0.553286836135955,-0.123532325563908,0.000450013933047008,0.553286836135955,0.553286836135955,-0.0296880605376558,-0.00931948878857651,-0.00931948878857651,0,0,0,0,0,0,0,0,0,0,0,0,0,1,586,0,0,0,0,0,0,0
0.586,0.523598775598299,0.553163465477219,-0.123208778714738,0.000452909728158163,0.553163465477219,0.553163465477219,-0.0295646898789197,-0.00929026221358666,-0.00929026221358666,0,0,0,0,0,0,0,0,0,0,0,0,0,1,587,0,0,0,0,0,0,0
0.587,0.523598775598299,0.553040419024507,-0.122883919010302,0.000455745467131269,0.553040419024507,0.553040419024507,-0.0294416434262079,-0.00926100226662914,-0.00926100226662914,0,0,0,0,0,0,0,0,0,0,0,0,0,1,588,0,0,0,0,0,0,0
0.588,0.523598775598299,0.55291769807426,-0.122557779224019,0.000458521730867322,0.55291769807426,0.55291769807426,-0.0293189224759614,-0.00923171086225046,-0.00923171086225046,0,0,0,0,0,0,0,0,0,0,0,0,0,1,589,0,0,0,0,0,0,0
0.589,0.523598775598299,0.552795303890312,-0.122230391797663,0.00046123909896997,0.552795303890312,0.552795303890312,-0.0291965282920128,-0.00920238989014079,-0.00920238989014079,0,0,0,0,0,0,0,0,0,0,0,0,0,1,590,0,0,0,0,0,0,0
0.59,0.523598775598299,0.552673237704218,-0.121901788842277,0.00046389814972039,0.552673237704218,0.552673237704218,-0.0290744621059191,-0.00917304121525846,-0.00917304121525846,0,0,0,0,0,0,0,0,0,0,0,0,0,1,591,0,0,0,0,0,0,0
0.591,0.523598775598299,0.55255150071559,-0.121572002139115,0.000466499460045827,0.55255150071559,0.55255150071559,-0.0289527251172911,-0.0091436666779573,-0.0091436666779573,0,0,0,0,0,0,0,0,0,0,0,0,0,1,592,0,0,0,0,0,0,0
0.592,0.523598775598299,0.552430094092421,-0.121241063140592,0.000469043605483673,0.552430094092421,0.552430094092421,-0.0288313184941227,-0.00911426809412152,-0.00911426809412152,0,0,0,0,0,0,0,0,0,0,0,0,0,1,593,0,0,0,0,0,0,0
0.593,0.523598775598299,0.552309018971418,-0.120909002971257,0.00047153116014089,0.552309018971418,0.552309018971418,-0.0287102433731194,-0.00908484725530591,-0.00908484725530591,0,0,0,0,0,0,0,0,0,0,0,0,0,1,594,0,0,0,0,0,0,0
0.594,0.523598775598299,0.552188276458325,-0.120575852428792,0.000473962696649414,0.552188276458325,0.552188276458325,-0.0285895008600259,-0.00905540592888246,-0.00905540592888246,0,0,0,0,0,0,0,0,0,0,0,0,0,1,595,0,0,0,0,0,0,0
0.595,0.523598775598299,0.552067867628251,-0.120241641985027,0.000476338786117574,0.552067867628251,0.552067867628251,-0.028469092029952,-0.00902594585819237,-0.00902594585819237,0,0,0,0,0,0,0,0,0,0,0,0,0,1,596,0,0,0,0,0,0,0
0.596,0.523598775598299,0.551947793525997,-0.119906401786987,0.000478659998078047,0.551947793525997,0.551947793525997,-0.0283490179276982,-0.0089964687627019,-0.0089964687627019,0,0,0,0,0,0,0,0,0,0,0,0,0,1,597,0,0,0,0,0,0,0
0.597,0.523598775598299,0.551828055166379,-0.11957016165797,0.000480926900433081,0.551828055166379,0.551828055166379,-0.0282292795680801,-0.00896697633816504,-0.00896697633816504,0,0,0,0,0,0,0,0,0,0,0,0,0,1,598,0,0,0,0,0,0,0
0.598,0.523598775598299,0.55170865353455,-0.119232951098645,0.000483140059396619,0.55170865353455,0.55170865353455,-0.0281098779362511,-0.00893747025678876,-0.00893747025678876,0,0,0,0,0,0,0,0,0,0,0,0,0,1,599,0,0,0,0,0,0,0
0.599,0.523598775598299,0.551589589586324,-0.118894799288189,0.000485300039434455,0.551589589586324,0.551589589586324,-0.0279908139880252,-0.0089079521674055,-0.0089079521674055,0,0,0,0,0,0,0,0,0,0,0,0,0,1,600,0,0,0,0,0,0,0
0.6,0.523598775598299,0.551470864248496,-0.118555735085451,0.000487407403201655,0.551470864248496,0.551470864248496,-0.0278720886501971,-0.00887842369564629,-0.00887842369564629,0,0,0,0,0,0,0,0,0,0,0,0,0,1,601,0,0,0,0,0,0,0
0.601,0.523598775598299,0.551352478419161,-0.118215787030152,0.000489462711478923,0.551352478419161,0.551352478419161,-0.0277537028208625,-0.00884888644412071,-0.00884888644412071,0,0,0,0,0,0,0,0,0,0,0,0,0,1,602,0,0,0,0,0,0,0
0.602,0.523598775598299,0.551234432968035,-0.117874983344119,0.000491466523106977,0.551234432968035,0.551234432968035,-0.0276356573697366,-0.00881934199259936,-0.00881934199259936,0,0,0,0,0,0,0,0,0,0,0,0,0,1,603,0,0,0,0,0,0,0
0.603,0.523598775598299,0.55111672873677,-0.117533351932549,0.000493419394919796,0.55111672873677,0.55111672873677,-0.0275179531384708,-0.00878979189819928,-0.00878979189819928,0,0,0,0,0,0,0,0,0,0,0,0,0,1,604,0,0,0,0,0,0,0
0.604,0.523598775598299,0.550999366539268,-0.117190920385315,0.000495321881677062,0.550999366539268,0.550999366539268,-0.0274005909409692,-0.00876023769557358,-0.00876023769557358,0,0,0,0,0,0,0,0,0,0,0,0,0,1,605,0,0,0,0,0,0,0
0.605,0.523598775598299,0.550882347162002,-0.1168477159783,0.000497174535995736,0.550882347162002,0.550882347162002,-0.0272835715637035,-0.00873068089710481,-0.00873068089710481,0,0,0,0,0,0,0,0,0,0,0,0,0,1,606,0,0,0,0,0,0,0
0.606,0.523598775598299,0.550765671364324,-0.116503765674772,0.000498977908280728,0.550765671364324,0.550765671364324,-0.0271668957660256,-0.00870112299309835,-0.00870112299309835,0,0,0,0,0,0,0,0,0,0,0,0,0,1,607,0,0,0,0,0,0,0
0.607,0.523598775598299,0.550649339878779,-0.116159096126796,0.000500732546656014,0.550649339878779,0.550649339878779,-0.0270505642804797,-0.00867156545198043,-0.00867156545198043,0,0,0,0,0,0,0,0,0,0,0,0,0,1,608,0,0,0,0,0,0,0
0.608,0.523598775598299,0.550533353411412,-0.115813733676674,0.000502438996895372,0.550533353411412,0.550533353411412,-0.0269345778131134,-0.00864200972049965,-0.00864200972049965,0,0,0,0,0,0,0,0,0,0,0,0,0,1,609,0,0,0,0,0,0,0
0.609,0.523598775598299,0.550417712642085,-0.115467704358432,0.000504097802352776,0.550417712642085,0.550417712642085,-0.0268189370437859,-0.00861245722392749,-0.00861245722392749,0,0,0,0,0,0,0,0,0,0,0,0,0,1,610,0,0,0,0,0,0,0
0.61,0.523598775598299,0.550302418224775,-0.115121033899335,0.000505709503893746,0.550302418224775,0.550302418224775,-0.0267036426264761,-0.00858290936626314,-0.00858290936626314,0,0,0,0,0,0,0,0,0,0,0,0,0,1,611,0,0,0,0,0,0,0
0.611,0.523598775598299,0.550187470787887,-0.114773747721439,0.000507274639826867,0.550187470787887,0.550187470787887,-0.0265886951895883,-0.00855336753044009,-0.00855336753044009,0,0,0,0,0,0,0,0,0,0,0,0,0,1,612,0,0,0,0,0,0,0
0.612,0.523598775598299,0.550072870934555,-0.114425870943184,0.000508793745835738,0.550072870934555,0.550072870934555,-0.0264740953362566,-0.00852383307853219,-0.00852383307853219,0,0,0,0,0,0,0,0,0,0,0,0,0,1,613,0,0,0,0,0,0,0
0.613,0.523598775598299,0.549958619242947,-0.114077428381011,0.000510267354912249,0.549958619242947,0.549958619242947,-0.0263598436446477,-0.00849430735196396,-0.00849430735196396,0,0,0,0,0,0,0,0,0,0,0,0,0,1,614,0,0,0,0,0,0,0
0.614,0.523598775598299,0.549844716266562,-0.113728444551024,0.000511695997290216,0.549844716266562,0.549844716266562,-0.0262459406682627,-0.00846479167172093,-0.00846479167172093,0,0,0,0,0,0,0,0,0,0,0,0,0,1,615,0,0,0,0,0,0,0
0.615,0.523598775598299,0.549731162534534,-0.113378943670682,0.000513080200380107,0.549731162534534,0.549731162534534,-0.0261323869362355,-0.00843528733855969,-0.00843528733855969,0,0,0,0,0,0,0,0,0,0,0,0,0,1,616,0,0,0,0,0,0,0
0.616,0.523598775598299,0.54961795855193,-0.113028949660522,0.000514420488705346,0.54961795855193,0.54961795855193,-0.0260191829536314,-0.00840579563322039,-0.00840579563322039,0,0,0,0,0,0,0,0,0,0,0,0,0,1,617,0,0,0,0,0,0,0
0.617,0.523598775598299,0.549505104800042,-0.112678486145918,0.00051571738383972,0.549505104800042,0.549505104800042,-0.0259063292017429,-0.00837631781664076,-0.00837631781664076,0,0,0,0,0,0,0,0,0,0,0,0,0,1,618,0,0,0,0,0,0,0
0.618,0.523598775598299,0.549392601736683,-0.11232757645887,0.000516971404345735,0.549392601736683,0.549392601736683,-0.0257938261383838,-0.00834685513016768,-0.00834685513016768,0,0,0,0,0,0,0,0,0,0,0,0,0,1,619,0,0,0,0,0,0,0
0.619,0.523598775598299,0.549280449796481,-0.111976243639825,0.000518183065715192,0.549280449796481,0.549280449796481,-0.025681674198182,-0.00831740879577229,-0.00831740879577229,0,0,0,0,0,0,0,0,0,0,0,0,0,1,620,0,0,0,0,0,0,0
0.62,0.523598775598299,0.549168649391169,-0.111624510439528,0.000519352880310758,0.549168649391169,0.549168649391169,-0.02556987379287,-0.00828798001626355,-0.00828798001626355,0,0,0,0,0,0,0,0,0,0,0,0,0,1,621,0,0,0,0,0,0,0
0.621,0.523598775598299,0.549057200909872,-0.111272399320901,0.000520481357309418,0.549057200909872,0.549057200909872,-0.0254584253115734,-0.00825856997550214,-0.00825856997550214,0,0,0,0,0,0,0,0,0,0,0,0,0,1,622,0,0,0,0,0,0,0
0.622,0.523598775598299,0.548946104719397,-0.110919932460955,0.000521569002647699,0.548946104719397,0.548946104719397,-0.0253473291210983,-0.00822917983861586,-0.00822917983861586,0,0,0,0,0,0,0,0,0,0,0,0,0,1,623,0,0,0,0,0,0,0
0.623,0.523598775598299,0.548835361164514,-0.110567131752723,0.000522616318968254,0.548835361164514,0.548835361164514,-0.0252365855662156,-0.00819981075221164,-0.00819981075221164,0,0,0,0,0,0,0,0,0,0,0,0,0,1,624,0,0,0,0,0,0,0
0.624,0.523598775598299,0.548724970568243,-0.110214018807224,0.000523623805569029,0.548724970568243,0.548724970568243,-0.0251261949699446,-0.00817046384459133,-0.00817046384459133,0,0,0,0,0,0,0,0,0,0,0,0,0,1,625,0,0,0,0,0,0,0
0.625,0.523598775598299,0.548614933232133,-0.109860614955452,0.000524591958353482,0.548614933232133,0.548614933232133,-0.0250161576338337,-0.00814114022596319,-0.00814114022596319,0,0,0,0,0,0,0,0,0,0,0,0,0,1,626,0,0,0,0,0,0,0
0.626,0.523598775598299,0.548505249436538,-0.109506941250387,0.000525521269783479,0.548505249436538,0.548505249436538,-0.0249064738382394,-0.00811184098865615,-0.00811184098865615,0,0,0,0,0,0,0,0,0,0,0,0,0,1,627,0,0,0,0,0,0,0
0.627,0.523598775598299,0.548395919440902,-0.109153018469034,0.000526412228833547,0.548395919440902,0.548395919440902,-0.0247971438426035,-0.00808256720733107,-0.00808256720733107,0,0,0,0,0,0,0,0,0,0,0,0,0,1,628,0,0,0,0,0,0,0
0.628,0.523598775598299,0.548286943484027,-0.108798867114479,0.000527265320947524,0.548286943484027,0.548286943484027,-0.0246881678857279,-0.00805331993919316,-0.00805331993919316,0,0,0,0,0,0,0,0,0,0,0,0,0,1,629,0,0,0,0,0,0,0
0.629,0.523598775598299,0.548178321784346,-0.10844450741797,0.000528081027996848,0.548178321784346,0.548178321784346,-0.0245795461860474,-0.00802410022420064,-0.00802410022420064,0,0,0,0,0,0,0,0,0,0,0,0,0,1,630,0,0,0,0,0,0,0
0.63,0.523598775598299,0.5480700545402,-0.108089959341019,0.000528859828241617,0.5480700545402,0.5480700545402,-0.0244712789419007,-0.0079949090852767,-0.0079949090852767,0,0,0,0,0,0,0,0,0,0,0,0,0,1,631,0,0,0,0,0,0,0
0.631,0.523598775598299,0.547962141930098,-0.107735242577515,0.000529602196292781,0.547962141930098,0.547962141930098,-0.024363366331799,-0.00796574752851696,-0.00796574752851696,0,0,0,0,0,0,0,0,0,0,0,0,0,1,632,0,0,0,0,0,0,0
0.632,0.523598775598299,0.547854584112991,-0.107380376555869,0.000530308603076949,0.547854584112991,0.547854584112991,-0.0242558085146926,-0.00793661654339702,-0.00793661654339702,0,0,0,0,0,0,0,0,0,0,0,0,0,1,633,0,0,0,0,0,0,0
0.633,0.523598775598299,0.547747381228534,-0.107025380441162,0.000530979515803223,0.547747381228534,0.547747381228534,-0.0241486056302349,-0.00790751710297888,-0.00790751710297888,0,0,0,0,0,0,0,0,0,0,0,0,0,1,634,0,0,0,0,0,0,0
0.634,0.523598775598299,0.547640533397344,-0.106670273137317,0.000531615397932047,0.547640533397344,0.547640533397344,-0.0240417577990454,-0.00787845016411605,-0.00787845016411605,0,0,0,0,0,0,0,0,0,0,0,0,0,1,635,0,0,0,0,0,0,0
0.635,0.523598775598299,0.547534040721268,-0.106315073289282,0.000532216709146131,0.547534040721268,0.547534040721268,-0.0239352651229688,-0.00784941666765672,-0.00784941666765672,0,0,0,0,0,0,0,0,0,0,0,0,0,1,636,0,0,0,0,0,0,0
0.636,0.523598775598299,0.547427903283633,-0.10595979928523,0.000532783905323593,0.547427903283633,0.547427903283633,-0.0238291276853343,-0.00782041753864801,-0.00782041753864801,0,0,0,0,0,0,0,0,0,0,0,0,0,1,637,0,0,0,0,0,0,0
0.637,0.523598775598299,0.547322121149508,-0.105604469258765,0.000533317438512486,0.547322121149508,0.547322121149508,-0.0237233455512096,-0.00779145368653403,-0.00779145368653403,0,0,0,0,0,0,0,0,0,0,0,0,0,1,638,0,0,0,0,0,0,0
0.638,0.523598775598299,0.547216694365954,-0.105249101091147,0.000533817756908439,0.547216694365954,0.547216694365954,-0.0236179187676554,-0.00776252600535667,-0.00776252600535667,0,0,0,0,0,0,0,0,0,0,0,0,0,1,639,0,0,0,0,0,0,0
0.639,0.523598775598299,0.547111622962275,-0.104893712413521,0.000534285304833617,0.547111622962275,0.547111622962275,-0.0235128473639766,-0.00773363537395361,-0.00773363537395361,0,0,0,0,0,0,0,0,0,0,0,0,0,1,640,0,0,0,0,0,0,0
0.64,0.523598775598299,0.54700690695027,-0.104538320609159,0.000534720522717649,0.54700690695027,0.54700690695027,-0.0234081313519707,-0.00770478265615256,-0.00770478265615256,0,0,0,0,0,0,0,0,0,0,0,0,0,1,641,0,0,0,0,0,0,0
0.641,0.523598775598299,0.546902546324474,-0.104182942815708,0.000535123847081165,0.546902546324474,0.546902546324474,-0.0233037707261753,-0.00767596870096784,-0.00767596870096784,0,0,0,0,0,0,0,0,0,0,0,0,0,1,642,0,0,0,0,0,0,0
0.642,0.523598775598299,0.546798541062411,-0.103827595927443,0.000535495710520399,0.546798541062411,0.546798541062411,-0.023199765464112,-0.00764719434279128,-0.00764719434279128,0,0,0,0,0,0,0,0,0,0,0,0,0,1,643,0,0,0,0,0,0,0
0.643,0.523598775598299,0.546694891124828,-0.103472296597533,0.000535836541694426,0.546694891124828,0.546694891124828,-0.0230961155265288,-0.00761846040158331,-0.00761846040158331,0,0,0,0,0,0,0,0,0,0,0,0,0,1,644,0,0,0,0,0,0,0
0.644,0.523598775598299,0.546591596455939,-0.103117061240305,0.000536146765314092,0.546591596455939,0.546591596455939,-0.0229928208576405,-0.00758976768306262,-0.00758976768306262,0,0,0,0,0,0,0,0,0,0,0,0,0,1,645,0,0,0,0,0,0,0
0.645,0.523598775598299,0.546488656983665,-0.102761906033511,0.000536426802132566,0.546488656983665,0.546488656983665,-0.0228898813853659,-0.00756111697889196,-0.00756111697889196,0,0,0,0,0,0,0,0,0,0,0,0,0,1,646,0,0,0,0,0,0,0
0.646,0.523598775598299,0.546386072619862,-0.102406846920608,0.000536677068938207,0.546386072619862,0.546386072619862,-0.0227872970215629,-0.00753250906686371,-0.00753250906686371,0,0,0,0,0,0,0,0,0,0,0,0,0,1,647,0,0,0,0,0,0,0
0.647,0.523598775598299,0.546283843260562,-0.102051899613025,0.000536897978548992,0.546283843260562,0.546283843260562,-0.0226850676622629,-0.00750394471108393,-0.00750394471108393,0,0,0,0,0,0,0,0,0,0,0,0,0,1,648,0,0,0,0,0,0,0
0.648,0.523598775598299,0.546181968786199,-0.101697079592444,0.000537089939808425,0.546181968786199,0.546181968786199,-0.0225831931879005,-0.00747542466215277,-0.00747542466215277,0,0,0,0,0,0,0,0,0,0,0,0,0,1,649,0,0,0,0,0,0,0
0.649,0.523598775598299,0.546080449061841,-0.101342402113076,0.000537253357583532,0.546080449061841,0.546080449061841,-0.0224816734635426,-0.00744694965734347,-0.00744694965734347,0,0,0,0,0,0,0,0,0,0,0,0,0,1,650,0,0,0,0,0,0,0
0.65,0.523598775598299,0.545979283937414,-0.100987882203933,0.000537388632764605,0.545979283937414,0.545979283937414,-0.0223805083391148,-0.00741852042078055,-0.00741852042078055,0,0,0,0,0,0,0,0,0,0,0,0,0,1,651,0,0,0,0,0,0,0
0.651,0.523598775598299,0.545878473247924,-0.100633534671103,0.000537496162266201,0.545878473247924,0.545878473247924,-0.0222796976496251,-0.00739013766361414,-0.00739013766361414,0,0,0,0,0,0,0,0,0,0,0,0,0,1,652,0,0,0,0,0,0,0
0.652,0.523598775598299,0.545778016813685,-0.100279374100019,0.000537576339030147,0.545778016813685,0.545778016813685,-0.0221792412153863,-0.00736180208419387,-0.00736180208419387,0,0,0,0,0,0,0,0,0,0,0,0,0,1,653,0,0,0,0,0,0,0
0.653,0.523598775598299,0.545677914440534,-0.0999254148577305,0.000537629552029796,0.545677914440534,0.545677914440534,-0.0220791388422349,-0.00733351436823999,-0.00733351436823999,0,0,0,0,0,0,0,0,0,0,0,0,0,1,654,0,0,0,0,0,0,0
0.654,0.523598775598299,0.545578165920047,-0.0995716710951611,0.000537656186275878,0.545578165920047,0.545578165920047,-0.0219793903217486,-0.00730527518901155,-0.00730527518901155,0,0,0,0,0,0,0,0,0,0,0,0,0,1,655,0,0,0,0,0,0,0
0.655,0.523598775598299,0.54547877102976,-0.0992181567493691,0.000537656622824119,0.54547877102976,0.54547877102976,-0.0218799954314612,-0.00727708520747453,-0.00727708520747453,0,0,0,0,0,0,0,0,0,0,0,0,0,1,656,0,0,0,0,0,0,0
0.656,0.523598775598299,0.545379729533375,-0.0988648855457987,0.000537631238783852,0.545379729533375,0.545379729533375,-0.021780953935076,-0.00724894507246674,-0.00724894507246674,0,0,0,0,0,0,0,0,0,0,0,0,0,1,657,0,0,0,0,0,0,0
0.657,0.523598775598299,0.545281041180974,-0.0985118710005255,0.000537580407328096,0.545281041180974,0.545281041180974,-0.0216822655826748,-0.00722085542085957,-0.00722085542085957,0,0,0,0,0,0,0,0,0,0,0,0,0,1,658,0,0,0,0,0,0,0
0.658,0.523598775598299,0.545182705709227,-0.0981591264224943,0.000537504497705385,0.545182705709227,0.545182705709227,-0.021583930110928,-0.00719281687772037,-0.00719281687772037,0,0,0,0,0,0,0,0,0,0,0,0,0,1,659,0,0,0,0,0,0,0
0.659,0.523598775598299,0.545084722841598,-0.0978066649157493,0.000537403875252259,0.545084722841598,0.545084722841598,-0.0214859472432989,-0.00716483005646977,-0.00716483005646977,0,0,0,0,0,0,0,0,0,0,0,0,0,1,660,0,0,0,0,0,0,0
0.66,0.523598775598299,0.544987092288548,-0.097454499381655,0.000537278901407569,0.544987092288548,0.544987092288548,-0.021388316690249,-0.00713689555904008,-0.00713689555904008,0,0,0,0,0,0,0,0,0,0,0,0,0,1,661,0,0,0,0,0,0,0
0.661,0.523598775598299,0.544889813747737,-0.0971026425211086,0.000537129933727351,0.544889813747737,0.544889813747737,-0.0212910381494383,-0.00710901397602783,-0.00710901397602783,0,0,0,0,0,0,0,0,0,0,0,0,0,1,662,0,0,0,0,0,0,0
0.662,0.523598775598299,0.544792886904224,-0.0967511068367418,0.000536957325901631,0.544792886904224,0.544792886904224,-0.0211941113059255,-0.00708118588684767,-0.00708118588684767,0,0,0,0,0,0,0,0,0,0,0,0,0,1,663,0,0,0,0,0,0,0
0.663,0.523598775598299,0.544696311430664,-0.0963999046351123,0.000536761427771772,0.544696311430664,0.544696311430664,-0.0210975358323648,-0.00705341185988285,-0.00705341185988285,0,0,0,0,0,0,0,0,0,0,0,0,0,1,664,0,0,0,0,0,0,0
0.664,0.523598775598299,0.5446000869875,-0.0960490480288841,0.000536542585348931,0.5446000869875,0.5446000869875,-0.0210013113892012,-0.0070256924526336,-0.0070256924526336,0,0,0,0,0,0,0,0,0,0,0,0,0,1,665,0,0,0,0,0,0,0
0.665,0.523598775598299,0.544504213223162,-0.0956985489389965,0.000536301140833606,0.544504213223162,0.544504213223162,-0.0209054376248627,-0.00699802821186246,-0.00699802821186246,0,0,0,0,0,0,0,0,0,0,0,0,0,1,666,0,0,0,0,0,0,0
0.666,0.523598775598299,0.54440868977425,-0.0953484190968202,0.000536037432636509,0.54440868977425,0.54440868977425,-0.0208099141759515,-0.00697041967373985,-0.00697041967373985,0,0,0,0,0,0,0,0,0,0,0,0,0,1,667,0,0,0,0,0,0,0
0.667,0.523598775598299,0.544313516265731,-0.0949986700463016,0.000535751795399878,0.544313516265731,0.544313516265731,-0.0207147406674323,-0.0069428673639868,-0.0069428673639868,0,0,0,0,0,0,0,0,0,0,0,0,0,1,668,0,0,0,0,0,0,0
0.668,0.523598775598299,0.544218692311118,-0.0946493131460929,0.000535444560019616,0.544218692311118,0.544218692311118,-0.0206199167128187,-0.00691537179801393,-0.00691537179801393,0,0,0,0,0,0,0,0,0,0,0,0,0,1,669,0,0,0,0,0,0,0
0.669,0.523598775598299,0.544124217512656,-0.0943003595716699,0.000535116053668808,0.544124217512656,0.544124217512656,-0.0205254419143575,-0.00688793348106104,-0.00688793348106104,0,0,0,0,0,0,0,0,0,0,0,0,0,1,670,0,0,0,0,0,0,0
0.67,0.523598775598299,0.544030091461509,-0.0939518203174343,0.000534766599821546,0.544030091461509,0.544030091461509,-0.0204313158632105,-0.006860552908333,-0.006860552908333,0,0,0,0,0,0,0,0,0,0,0,0,0,1,671,0,0,0,0,0,0,0
0.671,0.523598775598299,0.543936313737934,-0.0936037061988031,0.000534396518277744,0.543936313737934,0.543936313737934,-0.020337538139635,-0.00683323056513489,-0.00683323056513489,0,0,0,0,0,0,0,0,0,0,0,0,0,1,672,0,0,0,0,0,0,0
0.672,0.523598775598299,0.54384288391146,-0.0932560278542819,0.000534006125188455,0.54384288391146,0.54384288391146,-0.0202441083131616,-0.00680596692700385,-0.00680596692700385,0,0,0,0,0,0,0,0,0,0,0,0,0,1,673,0,0,0,0,0,0,0
0.673,0.523598775598299,0.543749801541069,-0.0929087957475237,0.00053359573308213,0.543749801541069,0.543749801541069,-0.0201510259427697,-0.00677876245984012,-0.00677876245984012,0,0,0,0,0,0,0,0,0,0,0,0,0,1,674,0,0,0,0,0,0,0
0.674,0.523598775598299,0.543657066175361,-0.0925620201693719,0.000533165650891357,0.543657066175361,0.543657066175361,-0.0200582905770618,-0.00675161762003527,-0.00675161762003527,0,0,0,0,0,0,0,0,0,0,0,0,0,1,675,0,0,0,0,0,0,0
0.675,0.523598775598299,0.543564677352734,-0.0922157112398881,0.000532716183980374,0.543564677352734,0.543564677352734,-0.0199659017544347,-0.00672453285459966,-0.00672453285459966,0,0,0,0,0,0,0,0,0,0,0,0,0,1,676,0,0,0,0,0,0,0
0.676,0.523598775598299,0.543472634601549,-0.0918698789103627,0.000532247634172916,0.543472634601549,0.543472634601549,-0.0198738590032504,-0.00669750860128861,-0.00669750860128861,0,0,0,0,0,0,0,0,0,0,0,0,0,1,677,0,0,0,0,0,0,0
0.677,0.523598775598299,0.543380937440302,-0.0915245329653098,0.00053176029978023,0.543380937440302,0.543380937440302,-0.0197821618420029,-0.00667054528872354,-0.00667054528872354,0,0,0,0,0,0,0,0,0,0,0,0,0,1,678,0,0,0,0,0,0,0
0.678,0.523598775598299,0.543289585377783,-0.0911796830244458,0.000531254475630418,0.543289585377783,0.543289585377783,-0.0196908097794839,-0.00664364333651454,-0.00664364333651454,0,0,0,0,0,0,0,0,0,0,0,0,0,1,679,0,0,0,0,0,0,0
0.679,0.523598775598299,0.543198577913246,-0.0908353385446503,0.000530730453097688,0.543198577913246,0.543198577913246,-0.0195998023149474,-0.00661680315538019,-0.00661680315538019,0,0,0,0,0,0,0,0,0,0,0,0,0,1,680,0,0,0,0,0,0,0
0.68,0.523598775598299,0.54310791453657,-0.0904915088219104,0.000530188520132002,0.54310791453657,0.54310791453657,-0.019509138938271,-0.00659002514726524,-0.00659002514726524,0,0,0,0,0,0,0,0,0,0,0,0,0,1,681,0,0,0,0,0,0,0
0.681,0.523598775598299,0.543017594728415,-0.0901482029932476,0.000529628961289219,0.543017594728415,0.543017594728415,-0.0194188191301158,-0.00656330970545633,-0.00656330970545633,0,0,0,0,0,0,0,0,0,0,0,0,0,1,682,0,0,0,0,0,0,0
0.682,0.523598775598299,0.542927617960384,-0.0898054300386274,0.000529052057761704,0.542927617960384,0.542927617960384,-0.0193288423620848,-0.00653665721469759,-0.00653665721469759,0,0,0,0,0,0,0,0,0,0,0,0,0,1,683,0,0,0,0,0,0,0
0.683,0.523598775598299,0.542837983695177,-0.0894631987828508,0.000528458087408835,0.542837983695177,0.542837983695177,-0.0192392080968785,-0.00651006805130229,-0.00651006805130229,0,0,0,0,0,0,0,0,0,0,0,0,0,1,684,0,0,0,0,0,0,0
0.684,0.523598775598299,0.542748691386749,-0.0891215178974287,0.000527847324788255,0.542748691386749,0.542748691386749,-0.0191499157884497,-0.00648354258326481,-0.00648354258326481,0,0,0,0,0,0,0,0,0,0,0,0,0,1,685,0,0,0,0,0,0,0
0.685,0.523598775598299,0.542659740480454,-0.0887803959024379,0.000527220041187017,0.542659740480454,0.542659740480454,-0.0190609648821553,-0.00645708117036942,-0.00645708117036942,0,0,0,0,0,0,0,0,0,0,0,0,0,1,686,0,0,0,0,0,0,0
0.686,0.523598775598299,0.542571130413206,-0.0884398411683593,0.000526576504653214,0.542571130413206,0.542571130413206,-0.0189723548149071,-0.00643068416429926,-0.00643068416429926,0,0,0,0,0,0,0,0,0,0,0,0,0,1,687,0,0,0,0,0,0,0
0.687,0.523598775598299,0.54248286061362,-0.088099861917898,0.000525916980027428,0.54248286061362,0.54248286061362,-0.018884085015321,-0.00640435190874255,-0.00640435190874255,0,0,0,0,0,0,0,0,0,0,0,0,0,1,688,0,0,0,0,0,0,0
0.688,0.523598775598299,0.542394930502161,-0.0877604662277851,0.000525241728974421,0.542394930502161,0.542394930502161,-0.0187961549038627,-0.0063780847394956,-0.0063780847394956,0,0,0,0,0,0,0,0,0,0,0,0,0,1,689,0,0,0,0,0,0,0
0.689,0.523598775598299,0.542307339491292,-0.0874216620305617,0.000524551010015598,0.542307339491292,0.542307339491292,-0.0187085638929934,-0.0063518829845676,-0.0063518829845676,0,0,0,0,0,0,0,0,0,0,0,0,0,1,690,0,0,0,0,0,0,0
0.69,0.523598775598299,0.542220086985612,-0.0870834571163441,0.000523845078560859,0.542220086985612,0.542220086985612,-0.0186213113873134,-0.00632574696428249,-0.00632574696428249,0,0,0,0,0,0,0,0,0,0,0,0,0,1,691,0,0,0,0,0,0,0
0.691,0.523598775598299,0.542133172382002,-0.0867458591345709,0.000523124186940584,0.542133172382002,0.542133172382002,-0.0185343967837033,-0.00629967699137856,-0.00629967699137856,0,0,0,0,0,0,0,0,0,0,0,0,0,1,692,0,0,0,0,0,0,0
0.692,0.523598775598299,0.542046595069763,-0.0864088755957317,0.000522388584437916,0.542046595069763,0.542046595069763,-0.0184478194714639,-0.00627367337110774,-0.00627367337110774,0,0,0,0,0,0,0,0,0,0,0,0,0,1,693,0,0,0,0,0,0,0
0.693,0.523598775598299,0.541960354430753,-0.0860725138730776,0.000521638517320889,0.541960354430753,0.541960354430753,-0.0183615788324543,-0.00624773640133251,-0.00624773640133251,0,0,0,0,0,0,0,0,0,0,0,0,0,1,694,0,0,0,0,0,0,0
0.694,0.523598775598299,0.541874449839527,-0.0857367812043134,0.000520874228874734,0.541874449839527,0.541874449839527,-0.018275674241228,-0.00622186637262191,-0.00622186637262191,0,0,0,0,0,0,0,0,0,0,0,0,0,1,695,0,0,0,0,0,0,0
0.695,0.523598775598299,0.541788880663467,-0.0854016846932709,0.000520095959434127,0.541788880663467,0.541788880663467,-0.0181901050651683,-0.00619606356834666,-0.00619606356834666,0,0,0,0,0,0,0,0,0,0,0,0,0,1,696,0,0,0,0,0,0,0
0.696,0.523598775598299,0.541703646262919,-0.0850672313115649,0.000519303946415201,0.541703646262919,0.541703646262919,-0.0181048706646205,-0.0061703282647717,-0.0061703282647717,0,0,0,0,0,0,0,0,0,0,0,0,0,1,697,0,0,0,0,0,0,0
0.697,0.523598775598299,0.541618745991323,-0.08473342790023,0.000518498424347789,0.541618745991323,0.541618745991323,-0.0180199703930241,-0.00614466073114847,-0.00614466073114847,0,0,0,0,0,0,0,0,0,0,0,0,0,1,698,0,0,0,0,0,0,0
0.698,0.523598775598299,0.541534179195341,-0.0844002811713398,0.000517679624907413,0.541534179195341,0.541534179195341,-0.0179354035970418,-0.00611906122980558,-0.00611906122980558,0,0,0,0,0,0,0,0,0,0,0,0,0,1,699,0,0,0,0,0,0,0
0.699,0.523598775598299,0.541449945214987,-0.0840677977096076,0.000516847776947169,0.541449945214987,0.541449945214987,-0.0178511696166884,-0.00609353001623769,-0.00609353001623769,0,0,0,0,0,0,0,0,0,0,0,0,0,1,700,0,0,0,0,0,0,0
0.7,0.523598775598299,0.541366043383756,-0.0837359839739691,0.000516003106529657,0.541366043383756,0.541366043383756,-0.0177672677854568,-0.00606806733919384,-0.00606806733919384,0,0,0,0,0,0,0,0,0,0,0,0,0,1,701,0,0,0,0,0,0,0
0.701,0.523598775598299,0.541282473028742,-0.083404846299147,0.000515145836958665,0.541282473028742,0.541282473028742,-0.0176836974304431,-0.00604267344076396,-0.00604267344076396,0,0,0,0,0,0,0,0,0,0,0,0,0,1,702,0,0,0,0,0,0,0
0.702,0.523598775598299,0.541199233470769,-0.0830743908971981,0.000514276188810787,0.541199233470769,0.541199233470769,-0.0176004578724703,-0.00601734855646521,-0.00601734855646521,0,0,0,0,0,0,0,0,0,0,0,0,0,1,703,0,0,0,0,0,0,0
0.703,0.523598775598299,0.541116324024509,-0.082744623859042,0.000513394379966653,0.541116324024509,0.541116324024509,-0.0175175484262101,-0.00599209291532539,-0.00599209291532539,0,0,0,0,0,0,0,0,0,0,0,0,0,1,704,0,0,0,0,0,0,0
0.704,0.523598775598299,0.541033743998602,-0.0824155511559722,0.000512500625642353,0.541033743998602,0.541033743998602,-0.0174349684003031,-0.00596690673996701,-0.00596690673996701,0,0,0,0,0,0,0,0,0,0,0,0,0,1,705,0,0,0,0,0,0,0
0.705,0.523598775598299,0.540951492695777,-0.0820871786411497,0.000511595138420337,0.540951492695777,0.540951492695777,-0.0173527170974779,-0.00594179024668885,-0.00594179024668885,0,0,0,0,0,0,0,0,0,0,0,0,0,1,706,0,0,0,0,0,0,0
0.706,0.523598775598299,0.540869569412967,-0.0817595120510794,0.000510678128280349,0.540869569412967,0.540869569412967,-0.0172707938146681,-0.00591674364554685,-0.00591674364554685,0,0,0,0,0,0,0,0,0,0,0,0,0,1,707,0,0,0,0,0,0,0
0.707,0.523598775598299,0.540787973441428,-0.0814325570070681,0.000509749802630146,0.540787973441428,0.540787973441428,-0.0171891978431289,-0.00589176714043448,-0.00589176714043448,0,0,0,0,0,0,0,0,0,0,0,0,0,1,708,0,0,0,0,0,0,0
0.708,0.523598775598299,0.54070670406685,-0.0811063190166666,0.000508810366335806,0.54070670406685,0.54070670406685,-0.017107928468551,-0.00586686092916146,-0.00586686092916146,0,0,0,0,0,0,0,0,0,0,0,0,0,1,709,0,0,0,0,0,0,0
0.709,0.523598775598299,0.540625760569473,-0.0807808034750933,0.000507860021751856,0.540625760569473,0.540625760569473,-0.0170269849711738,-0.00584202520353061,-0.00584202520353061,0,0,0,0,0,0,0,0,0,0,0,0,0,1,710,0,0,0,0,0,0,0
0.71,0.523598775598299,0.540545142224196,-0.0804560156666417,0.000506898968751498,0.540545142224196,0.540545142224196,-0.0169463666258972,-0.00581726014941583,-0.00581726014941583,0,0,0,0,0,0,0,0,0,0,0,0,0,1,711,0,0,0,0,0,0,0
0.711,0.523598775598299,0.54046484830069,-0.0801319607660707,0.00050592740475603,0.54046484830069,0.54046484830069,-0.0168660727023916,-0.00579256594683696,-0.00579256594683696,0,0,0,0,0,0,0,0,0,0,0,0,0,1,712,0,0,0,0,0,0,0
0.712,0.523598775598299,0.540384878063506,-0.0798086438399786,0.000504945524764412,0.540384878063506,0.540384878063506,-0.0167861024652067,-0.0057679427700343,-0.0057679427700343,0,0,0,0,0,0,0,0,0,0,0,0,0,1,713,0,0,0,0,0,0,0
0.713,0.523598775598299,0.540305230772178,-0.0794860698481595,0.00050395352138254,0.540305230772178,0.540305230772178,-0.0167064551738796,-0.00574339078754347,-0.00574339078754347,0,0,0,0,0,0,0,0,0,0,0,0,0,1,714,0,0,0,0,0,0,0
0.714,0.523598775598299,0.540225905681339,-0.0791642436449446,0.000502951584851868,0.540225905681339,0.540225905681339,-0.0166271300830397,-0.0057189101622661,-0.0057189101622661,0,0,0,0,0,0,0,0,0,0,0,0,0,1,715,0,0,0,0,0,0,0
0.715,0.523598775598299,0.540146902040814,-0.0788431699805262,0.000501939903078495,0.540146902040814,0.540146902040814,-0.0165481264425148,-0.00569450105154343,-0.00569450105154343,0,0,0,0,0,0,0,0,0,0,0,0,0,1,716,0,0,0,0,0,0,0
0.716,0.523598775598299,0.540068219095733,-0.0785228535022666,0.000500918661661231,0.540068219095733,0.540068219095733,-0.016469443497434,-0.00567016360722709,-0.00567016360722709,0,0,0,0,0,0,0,0,0,0,0,0,0,1,717,0,0,0,0,0,0,0
0.717,0.523598775598299,0.539989856086629,-0.0782032987559897,0.000499888043919498,0.539989856086629,0.539989856086629,-0.0163910804883297,-0.00564589797574816,-0.00564589797574816,0,0,0,0,0,0,0,0,0,0,0,0,0,1,718,0,0,0,0,0,0,0
0.718,0.523598775598299,0.539911812249538,-0.0778845101872583,0.000498848230921301,0.539911812249538,0.539911812249538,-0.016313036651239,-0.00562170429818651,-0.00562170429818651,0,0,0,0,0,0,0,0,0,0,0,0,0,1,719,0,0,0,0,0,0,0
0.719,0.523598775598299,0.539834086816101,-0.0775664921426351,0.000497799401510723,0.539834086816101,0.539834086816101,-0.0162353112178026,-0.0055975827103393,-0.0055975827103393,0,0,0,0,0,0,0,0,0,0,0,0,0,1,720,0,0,0,0,0,0,0
0.72,0.523598775598299,0.539756679013663,-0.0772492488709282,0.000496741732335025,0.539756679013663,0.539756679013663,-0.016157903415364,-0.00557353334278794,-0.00557353334278794,0,0,0,0,0,0,0,0,0,0,0,0,0,1,721,0,0,0,0,0,0,0
0.721,0.523598775598299,0.539679588065365,-0.0769327845244212,0.000495675397871598,0.539679588065365,0.539679588065365,-0.0160808124670663,-0.00554955632096561,-0.00554955632096561,0,0,0,0,0,0,0,0,0,0,0,0,0,1,722,0,0,0,0,0,0,0
0.722,0.523598775598299,0.539602813190246,-0.0766171031600894,0.000494600570454233,0.539602813190246,0.539602813190246,-0.0160040375919476,-0.00552565176522141,-0.00552565176522141,0,0,0,0,0,0,0,0,0,0,0,0,0,1,723,0,0,0,0,0,0,0
0.723,0.523598775598299,0.539526353603335,-0.0763022087407993,0.000493517420299693,0.539526353603335,0.539526353603335,-0.0159275780050366,-0.00550181979088686,-0.00550181979088686,0,0,0,0,0,0,0,0,0,0,0,0,0,1,724,0,0,0,0,0,0,0
0.724,0.523598775598299,0.539450208515745,-0.075988105136495,0.00049242611553334,0.539450208515745,0.539450208515745,-0.0158514329174457,-0.00547806050833893,-0.00547806050833893,0,0,0,0,0,0,0,0,0,0,0,0,0,1,725,0,0,0,0,0,0,0
0.725,0.523598775598299,0.539374377134762,-0.075674796125369,0.000491326822214894,0.539374377134762,0.539374377134762,-0.0157756015364632,-0.00545437402306389,-0.00545437402306389,0,0,0,0,0,0,0,0,0,0,0,0,0,1,726,0,0,0,0,0,0,0
0.726,0.523598775598299,0.539298858663943,-0.0753622853950193,0.000490219704363662,0.539298858663943,0.539298858663943,-0.0157000830656444,-0.00543076043571944,-0.00543076043571944,0,0,0,0,0,0,0,0,0,0,0,0,0,1,727,0,0,0,0,0,0,0
0.727,0.523598775598299,0.539223652303201,-0.0750505765435918,0.000489104923983613,0.539223652303201,0.539223652303201,-0.0156248767049023,-0.00540721984219759,-0.00540721984219759,0,0,0,0,0,0,0,0,0,0,0,0,0,1,728,0,0,0,0,0,0,0
0.728,0.523598775598299,0.539148757248894,-0.0747396730809092,0.00048798264108777,0.539148757248894,0.539148757248894,-0.0155499816505955,-0.00538375233368408,-0.00538375233368408,0,0,0,0,0,0,0,0,0,0,0,0,0,1,729,0,0,0,0,0,0,0
0.729,0.523598775598299,0.539074172693916,-0.0744295784295857,0.000486853013722927,0.539074172693916,0.539074172693916,-0.015475397095617,-0.00536035799672101,-0.00536035799672101,0,0,0,0,0,0,0,0,0,0,0,0,0,1,730,0,0,0,0,0,0,0
0.73,0.523598775598299,0.538999897827779,-0.0741202959261283,0.000485716197993168,0.538999897827779,0.538999897827779,-0.0154011222294798,-0.00533703691326427,-0.00533703691326427,0,0,0,0,0,0,0,0,0,0,0,0,0,1,731,0,0,0,0,0,0,0
0.731,0.523598775598299,0.538925931836702,-0.0738118288220244,0.000484572348084009,0.538925931836702,0.538925931836702,-0.0153271562384034,-0.00531378916074455,-0.00531378916074455,0,0,0,0,0,0,0,0,0,0,0,0,0,1,732,0,0,0,0,0,0,0
0.732,0.523598775598299,0.538852273903696,-0.0735041802848163,0.000483421616285398,0.538852273903696,0.538852273903696,-0.0152534983053977,-0.00529061481212378,-0.00529061481212378,0,0,0,0,0,0,0,0,0,0,0,0,0,1,733,0,0,0,0,0,0,0
0.733,0.523598775598299,0.538778923208645,-0.0731973533991626,0.000482264153015141,0.538778923208645,0.538778923208645,-0.0151801476103465,-0.00526751393595428,-0.00526751393595428,0,0,0,0,0,0,0,0,0,0,0,0,0,1,734,0,0,0,0,0,0,0
0.734,0.523598775598299,0.538705878928389,-0.0728913511678866,0.00048110010684142,0.538705878928389,0.538705878928389,-0.0151071033300901,-0.00524448659643553,-0.00524448659643553,0,0,0,0,0,0,0,0,0,0,0,0,0,1,735,0,0,0,0,0,0,0
0.735,0.523598775598299,0.538633140236805,-0.072586176513012,0.000479929624505141,0.538633140236805,0.538633140236805,-0.0150343646385066,-0.00522153285347009,-0.00522153285347009,0,0,0,0,0,0,0,0,0,0,0,0,0,1,736,0,0,0,0,0,0,0
0.736,0.523598775598299,0.53856070630489,-0.0722818322767858,0.000478752850942154,0.53856070630489,0.53856070630489,-0.0149619307065916,-0.00519865276271907,-0.00519865276271907,0,0,0,0,0,0,0,0,0,0,0,0,0,1,737,0,0,0,0,0,0,0
0.737,0.523598775598299,0.538488576300837,-0.0719783212226894,0.000477569929305229,0.538488576300837,0.538488576300837,-0.0148898007025383,-0.00517584637565868,-0.00517584637565868,0,0,0,0,0,0,0,0,0,0,0,0,0,1,738,0,0,0,0,0,0,0
0.738,0.523598775598299,0.538416749390114,-0.0716756460364366,0.00047638100098517,0.538416749390114,0.538416749390114,-0.0148179737918153,-0.00515311373963304,-0.00515311373963304,0,0,0,0,0,0,0,0,0,0,0,0,0,1,739,0,0,0,0,0,0,0
0.739,0.523598775598299,0.538345224735543,-0.0713738093269604,0.000475186205632352,0.538345224735543,0.538345224735543,-0.0147464491372439,-0.00513045489790957,-0.00513045489790957,0,0,0,0,0,0,0,0,0,0,0,0,0,1,740,0,0,0,0,0,0,0
0.74,0.523598775598299,0.538274001497373,-0.0710728136273874,0.000473985681177336,0.538274001497373,0.538274001497373,-0.0146752258990743,-0.00510786988973076,-0.00510786988973076,0,0,0,0,0,0,0,0,0,0,0,0,0,1,741,0,0,0,0,0,0,0
0.741,0.523598775598299,0.53820307883336,-0.0707726613960003,0.000472779563851784,0.53820307883336,0.53820307883336,-0.0146043032350617,-0.00508535875036924,-0.00508535875036924,0,0,0,0,0,0,0,0,0,0,0,0,0,1,742,0,0,0,0,0,0,0
0.742,0.523598775598299,0.538132455898838,-0.0704733550171899,0.000471567988208227,0.538132455898838,0.538132455898838,-0.0145336803005391,-0.00506292151117697,-0.00506292151117697,0,0,0,0,0,0,0,0,0,0,0,0,0,1,743,0,0,0,0,0,0,0
0.743,0.523598775598299,0.538062131846791,-0.0701748968023944,0.000470351087140685,0.538062131846791,0.538062131846791,-0.0144633562484925,-0.00504055819963955,-0.00504055819963955,0,0,0,0,0,0,0,0,0,0,0,0,0,1,744,0,0,0,0,0,0,0
0.744,0.523598775598299,0.537992105827931,-0.0698772889910281,0.000469128991903911,0.537992105827931,0.537992105827931,-0.0143933302296321,-0.00501826883942603,-0.00501826883942603,0,0,0,0,0,0,0,0,0,0,0,0,0,1,745,0,0,0,0,0,0,0
0.745,0.523598775598299,0.537922376990763,-0.0695805337513994,0.000467901832132907,0.537922376990763,0.537922376990763,-0.0143236013924645,-0.00499605345043965,-0.00499605345043965,0,0,0,0,0,0,0,0,0,0,0,0,0,1,746,0,0,0,0,0,0,0
0.746,0.523598775598299,0.537852944481662,-0.0692846331816171,0.000466669735862079,0.537852944481662,0.537852944481662,-0.0142541688833629,-0.00497391204886741,-0.00497391204886741,0,0,0,0,0,0,0,0,0,0,0,0,0,1,747,0,0,0,0,0,0,0
0.747,0.523598775598299,0.537783807444936,-0.0689895893104867,0.000465432829544218,0.537783807444936,0.537783807444936,-0.0141850318466377,-0.00495184464723065,-0.00495184464723065,0,0,0,0,0,0,0,0,0,0,0,0,0,1,748,0,0,0,0,0,0,0
0.748,0.523598775598299,0.537714965022903,-0.0686954040983957,0.000464191238068812,0.537714965022903,0.537714965022903,-0.0141161894246039,-0.00492985125443251,-0.00492985125443251,0,0,0,0,0,0,0,0,0,0,0,0,0,1,749,0,0,0,0,0,0,0
0.749,0.523598775598299,0.53764641635595,-0.0684020794381885,0.000462945084780655,0.53764641635595,0.53764641635595,-0.0140476407576509,-0.00490793187580829,-0.00490793187580829,0,0,0,0,0,0,0,0,0,0,0,0,0,1,750,0,0,0,0,0,0,0
0.75,0.523598775598299,0.537578160582607,-0.0681096171560313,0.000461694491497456,0.537578160582607,0.537578160582607,-0.0139793849843078,-0.00488608651317125,-0.00488608651317125,0,0,0,0,0,0,0,0,0,0,0,0,0,1,751,0,0,0,0,0,0,0
0.751,0.523598775598299,0.53751019683961,-0.0678180190122664,0.000460439578528034,0.53751019683961,0.53751019683961,-0.0139114212413113,-0.00486431516486191,-0.00486431516486191,0,0,0,0,0,0,0,0,0,0,0,0,0,1,752,0,0,0,0,0,0,0
0.752,0.523598775598299,0.537442524261968,-0.067527286702257,0.000459180464689488,0.537442524261968,0.537442524261968,-0.0138437486636697,-0.00484261782579376,-0.00484261782579376,0,0,0,0,0,0,0,0,0,0,0,0,0,1,753,0,0,0,0,0,0,0
0.753,0.523598775598299,0.537375141983027,-0.0672374218572221,0.000457917267324629,0.537375141983027,0.537375141983027,-0.0137763663847285,-0.00482099448750084,-0.00482099448750084,0,0,0,0,0,0,0,0,0,0,0,0,0,1,754,0,0,0,0,0,0,0
0.754,0.523598775598299,0.537308049134532,-0.0669484260450614,0.000456650102318736,0.537308049134532,0.537308049134532,-0.0137092735362334,-0.0047994451381825,-0.0047994451381825,0,0,0,0,0,0,0,0,0,0,0,0,0,1,755,0,0,0,0,0,0,0
0.755,0.523598775598299,0.537241244846693,-0.0666603007711709,0.00045537908411655,0.537241244846693,0.537241244846693,-0.0136424692483937,-0.00477796976274968,-0.00477796976274968,0,0,0,0,0,0,0,0,0,0,0,0,0,1,756,0,0,0,0,0,0,0
0.756,0.523598775598299,0.537174728248243,-0.0663730474792489,0.000454104325738672,0.537174728248243,0.537174728248243,-0.0135759526499444,-0.00475656834287042,-0.00475656834287042,0,0,0,0,0,0,0,0,0,0,0,0,0,1,757,0,0,0,0,0,0,0
0.757,0.523598775598299,0.537108498466506,-0.0660866675520933,0.000452825938797628,0.537108498466506,0.537108498466506,-0.0135097228682067,-0.00473524085701302,-0.00473524085701302,0,0,0,0,0,0,0,0,0,0,0,0,0,1,758,0,0,0,0,0,0,0
0.758,0.523598775598299,0.537042554627449,-0.065801162312389,0.000451544033514206,0.537042554627449,0.537042554627449,-0.0134437790291498,-0.00471398728049192,-0.00471398728049192,0,0,0,0,0,0,0,0,0,0,0,0,0,1,759,0,0,0,0,0,0,0
0.759,0.523598775598299,0.536976895855748,-0.0655165330234865,0.0004502587187329,0.536976895855748,0.536976895855748,-0.0133781202574497,-0.00469280758551033,-0.00469280758551033,0,0,0,0,0,0,0,0,0,0,0,0,0,1,760,0,0,0,0,0,0,0
0.76,0.523598775598299,0.536911521274847,-0.0652327808901724,0.000448970101937595,0.536911521274847,0.536911521274847,-0.0133127456765481,-0.00467170174120345,-0.00467170174120345,0,0,0,0,0,0,0,0,0,0,0,0,0,1,761,0,0,0,0,0,0,0
0.761,0.523598775598299,0.53684643000701,-0.0649499070594296,0.00044767828926698,0.53684643000701,0.53684643000701,-0.0132476544087112,-0.00465066971368221,-0.00465066971368221,0,0,0,0,0,0,0,0,0,0,0,0,0,1,762,0,0,0,0,0,0,0
0.762,0.523598775598299,0.536781621173386,-0.0646679126211906,0.000446383385529405,0.536781621173386,0.536781621173386,-0.013182845575087,-0.00462971146607507,-0.00462971146607507,0,0,0,0,0,0,0,0,0,0,0,0,0,1,763,0,0,0,0,0,0,0
0.763,0.523598775598299,0.53671709389406,-0.0643867986090812,0.000445085494217837,0.53671709389406,0.53671709389406,-0.0131183182957613,-0.00460882695856975,-0.00460882695856975,0,0,0,0,0,0,0,0,0,0,0,0,0,1,764,0,0,0,0,0,0,0
0.764,0.523598775598299,0.536652847288113,-0.0641065660011562,0.000443784717524612,0.536652847288113,0.536652847288113,-0.0130540716898144,-0.00458801614845554,-0.00458801614845554,0,0,0,0,0,0,0,0,0,0,0,0,0,1,765,0,0,0,0,0,0,0
0.765,0.523598775598299,0.536588880473675,-0.0638272157206267,0.000442481156355731,0.536588880473675,0.536588880473675,-0.0129901048753761,-0.00456727899016371,-0.00456727899016371,0,0,0,0,0,0,0,0,0,0,0,0,0,1,766,0,0,0,0,0,0,0
0.766,0.523598775598299,0.536525192567979,-0.0635487486365794,0.000441174910345233,0.536525192567979,0.536525192567979,-0.0129264169696799,-0.00454661543530869,-0.00454661543530869,0,0,0,0,0,0,0,0,0,0,0,0,0,1,767,0,0,0,0,0,0,0
0.767,0.523598775598299,0.536461782687416,-0.0632711655646877,0.000439866077869177,0.536461782687416,0.536461782687416,-0.0128630070891169,-0.00452602543272797,-0.00452602543272797,0,0,0,0,0,0,0,0,0,0,0,0,0,1,768,0,0,0,0,0,0,0
0.768,0.523598775598299,0.536398649947588,-0.0629944672679154,0.00043855475605958,0.536398649947588,0.536398649947588,-0.0127998743492894,-0.00450550892852326,-0.00450550892852326,0,0,0,0,0,0,0,0,0,0,0,0,0,1,769,0,0,0,0,0,0,0
0.769,0.523598775598299,0.536335793463361,-0.0627186544572117,0.000437241040817745,0.536335793463361,0.536335793463361,-0.0127370178650623,-0.00448506586609807,-0.00448506586609807,0,0,0,0,0,0,0,0,0,0,0,0,0,1,770,0,0,0,0,0,0,0
0.77,0.523598775598299,0.536273212348914,-0.0624437277921993,0.000435925026828127,0.536273212348914,0.536273212348914,-0.0126744367506155,-0.00446469618619848,-0.00446469618619848,0,0,0,0,0,0,0,0,0,0,0,0,0,1,771,0,0,0,0,0,0,0
0.771,0.523598775598299,0.536210905717794,-0.0621696878818545,0.000434606807571342,0.536210905717794,0.536210905717794,-0.0126121301194948,-0.00444439982695156,-0.00444439982695156,0,0,0,0,0,0,0,0,0,0,0,0,0,1,772,0,0,0,0,0,0,0
0.772,0.523598775598299,0.536148872682961,-0.0618965352851801,0.000433286475337195,0.536148872682961,0.536148872682961,-0.0125500970846619,-0.00442417672390338,-0.00442417672390338,0,0,0,0,0,0,0,0,0,0,0,0,0,1,773,0,0,0,0,0,0,0
0.773,0.523598775598299,0.536087112356843,-0.0616242705118708,0.000431964121237673,0.536087112356843,0.536087112356843,-0.0124883367585441,-0.00440402681005633,-0.00440402681005633,0,0,0,0,0,0,0,0,0,0,0,0,0,1,774,0,0,0,0,0,0,0
0.774,0.523598775598299,0.536025623851382,-0.0613528940229709,0.000430639835219921,0.536025623851382,0.536025623851382,-0.0124268482530835,-0.00438395001590824,-0.00438395001590824,0,0,0,0,0,0,0,0,0,0,0,0,0,1,775,0,0,0,0,0,0,0
0.775,0.523598775598299,0.535964406278084,-0.0610824062315257,0.000429313706078485,0.535964406278084,0.535964406278084,-0.0123656306797852,-0.00436394626948883,-0.00436394626948883,0,0,0,0,0,0,0,0,0,0,0,0,0,1,776,0,0,0,0,0,0,0
0.776,0.523598775598299,0.535903458748064,-0.0608128075032249,0.000427985821467736,0.535903458748064,0.535903458748064,-0.0123046831497652,-0.00434401549639654,-0.00434401549639654,0,0,0,0,0,0,0,0,0,0,0,0,0,1,777,0,0,0,0,0,0,0
0.777,0.523598775598299,0.535842780372096,-0.0605440981570394,0.000426656267914144,0.535842780372096,0.535842780372096,-0.0122440047737967,-0.00432415761983476,-0.00432415761983476,0,0,0,0,0,0,0,0,0,0,0,0,0,1,778,0,0,0,0,0,0,0
0.778,0.523598775598299,0.535782370260656,-0.0602762784658517,0.000425325130828437,0.535782370260656,0.535782370260656,-0.0121835946623575,-0.00430437256064855,-0.00430437256064855,0,0,0,0,0,0,0,0,0,0,0,0,0,1,779,0,0,0,0,0,0,0
0.779,0.523598775598299,0.535722227523974,-0.0600093486570784,0.000423992494517377,0.535722227523974,0.535722227523974,-0.0121234519256752,-0.00428466023736035,-0.00428466023736035,0,0,0,0,0,0,0,0,0,0,0,0,0,1,780,0,0,0,0,0,0,0
0.78,0.523598775598299,0.535662351272071,-0.0597433089132867,0.000422658442195451,0.535662351272071,0.535662351272071,-0.0120635756737723,-0.00426502056620454,-0.00426502056620454,0,0,0,0,0,0,0,0,0,0,0,0,0,1,781,0,0,0,0,0,0,0
0.781,0.523598775598299,0.53560274061481,-0.0594781593728044,0.000421323055996695,0.53560274061481,0.53560274061481,-0.012003965016511,-0.00424545346116391,-0.00424545346116391,0,0,0,0,0,0,0,0,0,0,0,0,0,1,782,0,0,0,0,0,0,0
0.782,0.523598775598299,0.535543394661936,-0.0592139001303229,0.000419986416985834,0.535543394661936,0.535543394661936,-0.0119446190636372,-0.00422595883400293,-0.00422595883400293,0,0,0,0,0,0,0,0,0,0,0,0,0,1,783,0,0,0,0,0,0,0
0.783,0.523598775598299,0.535484312523122,-0.0589505312374937,0.000418648605169833,0.535484312523122,0.535484312523122,-0.0118855369248233,-0.00420653659430261,-0.00420653659430261,0,0,0,0,0,0,0,0,0,0,0,0,0,1,784,0,0,0,0,0,0,0
0.784,0.523598775598299,0.535425493308011,-0.0586880527035191,0.000417309699509073,0.535425493308011,0.535425493308011,-0.0118267177097118,-0.00418718664949537,-0.00418718664949537,0,0,0,0,0,0,0,0,0,0,0,0,0,1,785,0,0,0,0,0,0,0
0.785,0.523598775598299,0.535366936126255,-0.0584264644957358,0.000415969777928075,0.535366936126255,0.535366936126255,-0.0117681605279565,-0.00416790890489699,-0.00416790890489699,0,0,0,0,0,0,0,0,0,0,0,0,0,1,786,0,0,0,0,0,0,0
0.786,0.523598775598299,0.535308640087564,-0.0581657665401929,0.000414628917326766,0.535308640087564,0.535308640087564,-0.0117098644892649,-0.00414870326374158,-0.00414870326374158,0,0,0,0,0,0,0,0,0,0,0,0,0,1,787,0,0,0,0,0,0,0
0.787,0.523598775598299,0.535250604301738,-0.0579059587222233,0.000413287193590919,0.535250604301738,0.535250604301738,-0.0116518287034388,-0.00412956962721355,-0.00412956962721355,0,0,0,0,0,0,0,0,0,0,0,0,0,1,788,0,0,0,0,0,0,0
0.788,0.523598775598299,0.535192827878713,-0.0576470408870096,0.00041194468160292,0.535192827878713,0.535192827878713,-0.0115940522804147,-0.0041105078944802,-0.0041105078944802,0,0,0,0,0,0,0,0,0,0,0,0,0,1,789,0,0,0,0,0,0,0
0.789,0.523598775598299,0.535135309928602,-0.057389012840143,0.000410601455252355,0.535135309928602,0.535135309928602,-0.0115365343303035,-0.00409151796272459,-0.00409151796272459,0,0,0,0,0,0,0,0,0,0,0,0,0,1,790,0,0,0,0,0,0,0
0.79,0.523598775598299,0.53507804956173,-0.0571318743481773,0.000409257587446253,0.53507804956173,0.53507804956173,-0.0114792739634307,-0.0040725997271775,-0.0040725997271775,0,0,0,0,0,0,0,0,0,0,0,0,0,1,791,0,0,0,0,0,0,0
0.791,0.523598775598299,0.535021045888673,-0.0568756251391767,0.000407913150119274,0.535021045888673,0.535021045888673,-0.011422270290374,-0.00405375308114836,-0.00405375308114836,0,0,0,0,0,0,0,0,0,0,0,0,0,1,792,0,0,0,0,0,0,0
0.792,0.523598775598299,0.534964298020301,-0.056620264903257,0.000406568214244005,0.534964298020301,0.534964298020301,-0.0113655224220025,-0.0040349779160581,-0.0040349779160581,0,0,0,0,0,0,0,0,0,0,0,0,0,1,793,0,0,0,0,0,0,0
0.793,0.523598775598299,0.534907805067812,-0.0563657932931226,0.000405222849840609,0.534907805067812,0.534907805067812,-0.0113090294695135,-0.00401627412146786,-0.00401627412146786,0,0,0,0,0,0,0,0,0,0,0,0,0,1,794,0,0,0,0,0,0,0
0.794,0.523598775598299,0.534851566142769,-0.0561122099245965,0.000403877125987214,0.534851566142769,0.534851566142769,-0.0112527905444704,-0.00399764158511163,-0.00399764158511163,0,0,0,0,0,0,0,0,0,0,0,0,0,1,795,0,0,0,0,0,0,0
0.795,0.523598775598299,0.534795580357137,-0.0558595143771454,0.00040253111082938,0.534795580357137,0.534795580357137,-0.0111968047588387,-0.00397908019292543,-0.00397908019292543,0,0,0,0,0,0,0,0,0,0,0,0,0,1,796,0,0,0,0,0,0,0
0.796,0.523598775598299,0.534739846823322,-0.0556077061943987,0.000401184871589943,0.534739846823322,0.534739846823322,-0.0111410712250227,-0.00396058982907856,-0.00396058982907856,0,0,0,0,0,0,0,0,0,0,0,0,0,1,797,0,0,0,0,0,0,0
0.797,0.523598775598299,0.534684364654199,-0.0553567848846629,0.000399838474578312,0.534684364654199,0.534684364654199,-0.0110855890559006,-0.00394217037600166,-0.00394217037600166,0,0,0,0,0,0,0,0,0,0,0,0,0,1,798,0,0,0,0,0,0,0
0.798,0.523598775598299,0.534629132963159,-0.0551067499214295,0.000398491985200291,0.534629132963159,0.534629132963159,-0.0110303573648597,-0.00392382171441739,-0.00392382171441739,0,0,0,0,0,0,0,0,0,0,0,0,0,1,799,0,0,0,0,0,0,0
0.799,0.523598775598299,0.53457415086413,-0.0548576007438784,0.000397145467967257,0.53457415086413,0.53457415086413,-0.0109753752658311,-0.00390554372336973,-0.00390554372336973,0,0,0,0,0,0,0,0,0,0,0,0,0,1,800,0,0,0,0,0,0,0
0.8,0.523598775598299,0.534519417471623,-0.0546093367573757,0.000395798986505235,0.534519417471623,0.534519417471623,-0.0109206418733239,-0.00388733628025197,-0.00388733628025197,0,0,0,0,0,0,0,0,0,0,0,0,0,1,801,0,0,0,0,0,0,0
0.801,0.523598775598299,0.534464931900757,-0.0543619573339659,0.000394452603564214,0.534464931900757,0.534464931900757,-0.0108661563024579,-0.00386919926083506,-0.00386919926083506,0,0,0,0,0,0,0,0,0,0,0,0,0,1,802,0,0,0,0,0,0,0
0.802,0.523598775598299,0.534410693267297,-0.0541154618128599,0.000393106381027347,0.534410693267297,0.534410693267297,-0.010811917668998,-0.00385113253929713,-0.00385113253929713,0,0,0,0,0,0,0,0,0,0,0,0,0,1,803,0,0,0,0,0,0,0
0.803,0.523598775598299,0.534356700687685,-0.0538698495009165,0.000391760379919585,0.534356700687685,0.534356700687685,-0.0107579250893858,-0.00383313598824992,-0.00383313598824992,0,0,0,0,0,0,0,0,0,0,0,0,0,1,804,0,0,0,0,0,0,0
0.804,0.523598775598299,0.534302953279071,-0.0536251196731201,0.000390414660416793,0.534302953279071,0.534302953279071,-0.0107041776807718,-0.00381520947876697,-0.00381520947876697,0,0,0,0,0,0,0,0,0,0,0,0,0,1,805,0,0,0,0,0,0,0
0.805,0.523598775598299,0.534249450159347,-0.0533812715730525,0.000389069281854518,0.534249450159347,0.534249450159347,-0.0106506745610477,-0.00379735288041155,-0.00379735288041155,0,0,0,0,0,0,0,0,0,0,0,0,0,1,806,0,0,0,0,0,0,0
0.806,0.523598775598299,0.534196190447176,-0.0531383044133603,0.000387724302736453,0.534196190447176,0.534196190447176,-0.0105974148488769,-0.0037795660612625,-0.0037795660612625,0,0,0,0,0,0,0,0,0,0,0,0,0,1,807,0,0,0,0,0,0,0
0.807,0.523598775598299,0.534143173262024,-0.0528962173762168,0.000386379780743272,0.534143173262024,0.534143173262024,-0.0105443976637254,-0.00376184888794207,-0.00376184888794207,0,0,0,0,0,0,0,0,0,0,0,0,0,1,808,0,0,0,0,0,0,0
0.808,0.523598775598299,0.534090397724191,-0.0526550096137798,0.000385035772740945,0.534090397724191,0.534090397724191,-0.0104916221258919,-0.00374420122564097,-0.00374420122564097,0,0,0,0,0,0,0,0,0,0,0,0,0,1,809,0,0,0,0,0,0,0
0.809,0.523598775598299,0.534037862954837,-0.0524146802486436,0.000383692334789466,0.534037862954837,0.534037862954837,-0.0104390873565383,-0.0037266229381466,-0.0037266229381466,0,0,0,0,0,0,0,0,0,0,0,0,0,1,810,0,0,0,0,0,0,0
0.81,0.523598775598299,0.533985568076017,-0.0521752283742872,0.00038234952215074,0.533985568076017,0.533985568076017,-0.010386792477718,-0.00370911388786698,-0.00370911388786698,0,0,0,0,0,0,0,0,0,0,0,0,0,1,811,0,0,0,0,0,0,0
0.811,0.523598775598299,0.533933512210704,-0.0519366530555172,0.000381007389297155,0.533933512210704,0.533933512210704,-0.0103347366124056,-0.00369167393585751,-0.00369167393585751,0,0,0,0,0,0,0,0,0,0,0,0,0,1,812,0,0,0,0,0,0,0
0.812,0.523598775598299,0.533881694482824,-0.0516989533289062,0.000379665989919599,0.533881694482824,0.533881694482824,-0.0102829188845248,-0.00367430294184558,-0.00367430294184558,0,0,0,0,0,0,0,0,0,0,0,0,0,1,813,0,0,0,0,0,0,0
0.813,0.523598775598299,0.533830114017276,-0.0514621282032263,0.000378325376935669,0.533830114017276,0.533830114017276,-0.0102313384189767,-0.00365700076425549,-0.00365700076425549,0,0,0,0,0,0,0,0,0,0,0,0,0,1,814,0,0,0,0,0,0,0
0.814,0.523598775598299,0.533778769939966,-0.0512261766598786,0.000376985602497795,0.533778769939966,0.533778769939966,-0.0101799943416675,-0.00363976726023431,-0.00363976726023431,0,0,0,0,0,0,0,0,0,0,0,0,0,1,815,0,0,0,0,0,0,0
0.815,0.523598775598299,0.533727661377834,-0.0509910976533174,0.000375646718000893,0.533727661377834,0.533727661377834,-0.0101288857795354,-0.00362260228567554,-0.00362260228567554,0,0,0,0,0,0,0,0,0,0,0,0,0,1,816,0,0,0,0,0,0,0
0.816,0.523598775598299,0.533676787458876,-0.0507568901114706,0.000374308774090326,0.533676787458876,0.533676787458876,-0.0100780118605777,-0.00360550569524372,-0.00360550569524372,0,0,0,0,0,0,0,0,0,0,0,0,0,1,817,0,0,0,0,0,0,0
0.817,0.523598775598299,0.533626147312175,-0.0505235529361552,0.000372971820669616,0.533626147312175,0.533626147312175,-0.0100273717138765,-0.00358847734239769,-0.00358847734239769,0,0,0,0,0,0,0,0,0,0,0,0,0,1,818,0,0,0,0,0,0,0
0.818,0.523598775598299,0.533575740067924,-0.0502910850034888,0.000371635906908324,0.533575740067924,0.533575740067924,-0.00997696446962504,-0.00357151707941458,-0.00357151707941458,0,0,0,0,0,0,0,0,0,0,0,0,0,1,819,0,0,0,0,0,0,0
0.819,0.523598775598299,0.533525564857452,-0.0500594851642958,0.000370301081249719,0.533525564857452,0.533525564857452,-0.00992678925915313,-0.00355462475741323,-0.00355462475741323,0,0,0,0,0,0,0,0,0,0,0,0,0,1,820,0,0,0,0,0,0,0
0.82,0.523598775598299,0.533475620813251,-0.0498287522445108,0.000368967391418335,0.533475620813251,0.533475620813251,-0.00987684521495247,-0.00353780022637834,-0.00353780022637834,0,0,0,0,0,0,0,0,0,0,0,0,0,1,821,0,0,0,0,0,0,0
0.821,0.523598775598299,0.533425907069,-0.0495988850455761,0.000367634884427168,0.533425907069,0.533425907069,-0.0098271314707008,-0.00352104333518164,-0.00352104333518164,0,0,0,0,0,0,0,0,0,0,0,0,0,1,822,0,0,0,0,0,0,0
0.822,0.523598775598299,0.533376422759586,-0.049369882344836,0.000366303606585452,0.533376422759586,0.533376422759586,-0.00977764716128682,-0.0035043539316062,-0.0035043539316062,0,0,0,0,0,0,0,0,0,0,0,0,0,1,823,0,0,0,0,0,0,0
0.823,0.523598775598299,0.533327167021132,-0.0491417428959265,0.000364973603505719,0.533327167021132,0.533327167021132,-0.00972839142283344,-0.00348773186236711,-0.00348773186236711,0,0,0,0,0,0,0,0,0,0,0,0,0,1,824,0,0,0,0,0,0,0
0.824,0.523598775598299,0.533278138991021,-0.0489144654291612,0.000363644920111431,0.533278138991021,0.533278138991021,-0.0096793633927218,-0.00347117697313492,-0.00347117697313492,0,0,0,0,0,0,0,0,0,0,0,0,0,1,825,0,0,0,0,0,0,0
0.825,0.523598775598299,0.533229337807913,-0.0486880486519124,0.000362317600644003,0.533229337807913,0.533229337807913,-0.00963056220961411,-0.00345468910855682,-0.00345468910855682,0,0,0,0,0,0,0,0,0,0,0,0,0,1,826,0,0,0,0,0,0,0
0.826,0.523598775598299,0.533180762611775,-0.0484624912489884,0.000360991688670066,0.533180762611775,0.533180762611775,-0.00958198701347657,-0.00343826811227856,-0.00343826811227856,0,0,0,0,0,0,0,0,0,0,0,0,0,1,827,0,0,0,0,0,0,0
0.827,0.523598775598299,0.533132412543901,-0.0482377918830074,0.00035966722708853,0.533132412543901,0.533132412543901,-0.00953363694560194,-0.00342191382696658,-0.00342191382696658,0,0,0,0,0,0,0,0,0,0,0,0,0,1,828,0,0,0,0,0,0,0
0.828,0.523598775598299,0.53308428674693,-0.048013949194766,0.00035834425813735,0.53308428674693,0.53308428674693,-0.00948551114863105,-0.00340562609432754,-0.00340562609432754,0,0,0,0,0,0,0,0,0,0,0,0,0,1,829,0,0,0,0,0,0,0
0.829,0.523598775598299,0.533036384364873,-0.0477909618036052,0.000357022823400843,0.533036384364873,0.533036384364873,-0.00943760876657451,-0.00338940475512958,-0.00338940475512958,0,0,0,0,0,0,0,0,0,0,0,0,0,1,830,0,0,0,0,0,0,0
0.83,0.523598775598299,0.532988704543134,-0.0475688283077716,0.000355702963816697,0.532988704543134,0.532988704543134,-0.0093899289448347,-0.00337324964922488,-0.00337324964922488,0,0,0,0,0,0,0,0,0,0,0,0,0,1,831,0,0,0,0,0,0,0
0.831,0.523598775598299,0.532941246428525,-0.0473475472847747,0.000354384719682272,0.532941246428525,0.532941246428525,-0.00934247083022577,-0.00335716061556749,-0.00335716061556749,0,0,0,0,0,0,0,0,0,0,0,0,0,1,832,0,0,0,0,0,0,0
0.832,0.523598775598299,0.532894009169293,-0.0471271172917403,0.000353068130661849,0.532894009169293,0.532894009169293,-0.0092952335709946,-0.00334113749223472,-0.00334113749223472,0,0,0,0,0,0,0,0,0,0,0,0,0,1,833,0,0,0,0,0,0,0
0.833,0.523598775598299,0.53284699191514,-0.0469075368657611,0.000351753235793279,0.53284699191514,0.53284699191514,-0.00924821631684114,-0.00332518011644731,-0.00332518011644731,0,0,0,0,0,0,0,0,0,0,0,0,0,1,834,0,0,0,0,0,0,0
0.834,0.523598775598299,0.532800193817237,-0.0466888045242415,0.000350440073494509,0.532800193817237,0.532800193817237,-0.00920141821893783,-0.003309288324588,-0.003309288324588,0,0,0,0,0,0,0,0,0,0,0,0,0,1,835,0,0,0,0,0,0,0
0.835,0.523598775598299,0.532753614028249,-0.0464709187652406,0.00034912868157047,0.532753614028249,0.532753614028249,-0.0091548384299498,-0.00329346195222281,-0.00329346195222281,0,0,0,0,0,0,0,0,0,0,0,0,0,1,836,0,0,0,0,0,0,0
0.836,0.523598775598299,0.532707251702352,-0.0462538780678103,0.000347819097219202,0.532707251702352,0.532707251702352,-0.00910847610405341,-0.00327770083411863,-0.00327770083411863,0,0,0,0,0,0,0,0,0,0,0,0,0,1,837,0,0,0,0,0,0,0
0.837,0.523598775598299,0.532661105995254,-0.0460376808923299,0.000346511357038647,0.532661105995254,0.532661105995254,-0.00906233039695536,-0.00326200480426284,-0.00326200480426284,0,0,0,0,0,0,0,0,0,0,0,0,0,1,838,0,0,0,0,0,0,0
0.838,0.523598775598299,0.53261517606421,-0.0458223256808375,0.000345205497033029,0.53261517606421,0.53261517606421,-0.00901640046591112,-0.003246373695882,-0.003246373695882,0,0,0,0,0,0,0,0,0,0,0,0,0,1,839,0,0,0,0,0,0,0
0.839,0.523598775598299,0.532569461068042,-0.045607810857357,0.000343901552619268,0.532569461068042,0.532569461068042,-0.00897068546974333,-0.00323080734146095,-0.00323080734146095,0,0,0,0,0,0,0,0,0,0,0,0,0,1,840,0,0,0,0,0,0,0
0.84,0.523598775598299,0.532523960167158,-0.0453941348282223,0.000342599558633123,0.532523960167158,0.532523960167158,-0.00892518456885938,-0.00321530557276043,-0.00321530557276043,0,0,0,0,0,0,0,0,0,0,0,0,0,1,841,0,0,0,0,0,0,0
0.841,0.523598775598299,0.532478672523568,-0.0451812959823973,0.000341299549335589,0.532478672523568,0.532478672523568,-0.00887989692526892,-0.00319986822083517,-0.00319986822083517,0,0,0,0,0,0,0,0,0,0,0,0,0,1,842,0,0,0,0,0,0,0
0.842,0.523598775598299,0.5324335973009,-0.0449692926917925,0.000340001558419205,0.5324335973009,0.5324335973009,-0.00883482170260141,-0.00318449511605268,-0.00318449511605268,0,0,0,0,0,0,0,0,0,0,0,0,0,1,843,0,0,0,0,0,0,0
0.843,0.523598775598299,0.532388733664421,-0.0447581233115783,0.000338705619013966,0.532388733664421,0.532388733664421,-0.00878995806612259,-0.00316918608810974,-0.00316918608810974,0,0,0,0,0,0,0,0,0,0,0,0,0,1,844,0,0,0,0,0,0,0
0.844,0.523598775598299,0.53234408078105,-0.0445477861804949,0.000337411763693682,0.53234408078105,0.53234408078105,-0.00874530518275152,-0.00315394096605116,-0.00315394096605116,0,0,0,0,0,0,0,0,0,0,0,0,0,1,845,0,0,0,0,0,0,0
0.845,0.523598775598299,0.532299637819375,-0.0443382796211579,0.000336120024481751,0.532299637819375,0.532299637819375,-0.00870086222107636,-0.00313875957828574,-0.00313875957828574,0,0,0,0,0,0,0,0,0,0,0,0,0,1,846,0,0,0,0,0,0,0
0.846,0.523598775598299,0.532255403949669,-0.044129601940362,0.000334830432857419,0.532255403949669,0.532255403949669,-0.0086566283513706,-0.0031236417526039,-0.0031236417526039,0,0,0,0,0,0,0,0,0,0,0,0,0,1,847,0,0,0,0,0,0,0
0.847,0.523598775598299,0.532211378343908,-0.0439217514293798,0.000333543019761675,0.532211378343908,0.532211378343908,-0.00861260274560904,-0.00310858731619544,-0.00310858731619544,0,0,0,0,0,0,0,0,0,0,0,0,0,1,848,0,0,0,0,0,0,0
0.848,0.523598775598299,0.532167560175781,-0.0437147263642579,0.000332257815602856,0.532167560175781,0.532167560175781,-0.00856878457748245,-0.00309359609566415,-0.00309359609566415,0,0,0,0,0,0,0,0,0,0,0,0,0,1,849,0,0,0,0,0,0,0
0.849,0.523598775598299,0.532123948620712,-0.0435085250061099,0.000330974850262921,0.532123948620712,0.532123948620712,-0.00852517302241318,-0.00307866791704588,-0.00307866791704588,0,0,0,0,0,0,0,0,0,0,0,0,0,1,850,0,0,0,0,0,0,0
0.85,0.523598775598299,0.532080542855869,-0.043303145601406,0.000329694153103009,0.781104079130811,0.781104079130811,-0.257505303532512,-0.672372073121271,-0.672372073121271,-0,-0,0.250080145784762,0.0632248815684469,-0.0129946130931253,-0.00182484138941212,0.311480185963797,0.249023536274942,1,1,0,0,0,1,851,0,0,0,0,0,0,0
0.851,0.523598775598299,0.532016167482984,-0.104219366188863,-0.211695899410656,0.782326670565069,0.782326670565069,-0.25872789496677,-0.667080840807796,-0.667080840807796,-6.32181510355384e-06,-0.0003339178289386,0.249939544270661,0.0653091469877591,-0.0129946130931253,-0.00182484138941212,0.31308993204007,0.250310503082085,1,1,0,0,0,1,852,0,0,0,0,0,0,-2.11745771966365e-05
0.852,0.523598775598299,0.531842812648884,-0.253688916206943,-0.338354273125834,0.783157179985638,0.783157179985638,-0.259558404387339,-0.661026904548205,-0.661026904548205,-1.26365216317936e-05,-0.000667460183429305,0.24951789782796,0.0673199754301188,-0.0129946130931253,-0.00182484138941212,0.314345571685238,0.251314367336754,1,1,0,0,0,1,853,0,0,0,0,0,0,-0.000151532765468421
0.853,0.523598775598299,0.53149169194022,-0.454892361660715,-0.410235398934282,0.783525692182369,0.783525692182369,-0.25992691658407,-0.654026374870412,-0.654026374870412,-1.89370190026545e-05,-0.00100025201122707,0.24881568057769,0.0692551058162012,-0.0129946130931253,-0.00182484138941212,0.315245692993252,0.252034000242149,1,1,0,0,0,1,854,0,0,0,0,0,0,-0.000459860160656578
0.854,0.523598775598299,0.530923755114655,-0.684202721877379,-0.446951884174028,0.78339234772053,0.78339234772053,-0.259793572122231,-0.645978378246141,-0.645978378246141,-2.52162226115818e-05,-0.00133191910401783,0.247833682129184,0.0711123621854845,-0.0129946130931253,-0.00182484138941212,0.315789283821238,0.252468592605875,1,1,0,0,0,1,855,0,0,0,0,0,0,-0.000985206189394572
0.855,0.523598775598299,0.530119036914899,-0.926453008876391,-0.461084163861345,0.782736692664739,0.782736692664739,-0.25913791706644,-0.636835297158564,-0.636835297158564,-3.14670717978261e-05,-0.00166208851819762,0.246573006692201,0.0728896561430121,-0.0129946130931253,-0.00182484138941212,0.315975732927603,0.252617655749839,1,1,0,0,0,1,856,0,0,0,0,0,0,-0.0017475352950832
0.856,0.523598775598299,0.529069825051559,-1.17190451840275,-0.460707617406162,0.781550847111305,0.781550847111305,-0.257952071513006,-0.626583688739119,-0.626583688739119,-3.7682537783815e-05,-0.00199038899422964,0.245035071835294,0.0745849892076919,-0.0129946130931253,-0.00182484138941212,0.315804830659344,0.252481022059746,1,1,0,0,0,1,857,0,0,0,0,0,0,-0.00275455895505705
0.857,0.523598775598299,0.527776274880081,-1.41430454842529,-0.451011330291325,0.779835120053651,0.779835120053651,-0.256236344455352,-0.615232044214379,-0.615232044214379,-4.38556315786733e-05,-0.00231645137410764,0.243221606891824,0.0761964550594916,-0.0129946130931253,-0.00182484138941212,0.315276769187796,0.25205884517357,1,1,0,0,0,1,858,0,0,0,0,0,0,-0.00400612100365272
0.858,0.523598775598299,0.526243591623677,-1.64964195851438,-0.435335004738138,0.777595191432479,0.777595191432479,-0.25399641583418,-0.602802930848802,-0.602802930848802,-4.99794118370054e-05,-0.00263990901645624,0.241134651015407,0.0777222416830032,-0.0129946130931253,-0.00182484138941212,0.314392142292542,0.251351599808802,1,1,0,0,0,1,859,0,0,0,0,0,0,-0.00549701540929382
0.859,0.523598775598299,0.52448021699676,-1.87534973753189,-0.415833163124386,0.774840298225405,0.774840298225405,-0.251241522627107,-0.589327941679895,-0.589327941679895,-5.60469926641023e-05,-0.00296039820880145,0.238776550886985,0.0791606334049671,-0.0129946130931253,-0.00182484138941212,0.313151944693739,0.250360081228646,1,1,0,0,0,1,860,0,0,0,0,0,0,-0.00721879965107286
0.86,0.523598775598299,0.522496659500284,-2.0897939077457,-0.393900612218832,0.771582063848072,0.771582063848072,-0.247983288249774,-0.5748444443441,-0.5748444443441,-6.20515513587972e-05,-0.00327755857654769,0.236149958076099,0.0805100128234631,-0.0129946130931253,-0.00182484138941212,0.311557570933602,0.249085404347788,1,1,0,0,0,1,861,0,0,0,0,0,0,-0.00916096442341607
0.861,0.523598775598299,0.520304737319424,-2.29194584634322,-0.370444982122662,0.767833739798153,0.767833739798153,-0.244234964199854,-0.559393482847356,-0.559393482847356,-6.79863360852629e-05,-0.00359103348820168,0.233257826059321,0.0817688626266012,-0.0129946130931253,-0.00182484138941212,0.309610813808308,0.247529002478729,1,1,0,0,0,1,862,0,0,0,0,0,0,-0.011311690738424
0.862,0.523598775598299,0.517917085807536,-2.48117209919087,-0.346061308411173,0.763609711527626,0.763609711527626,-0.240010935929327,-0.543018418371591,-0.543018418371591,-7.38446734651247e-05,-0.00390047045638723,0.23010340689922,0.0829357672986651,-0.0129946130931253,-0.00182484138941212,0.307313862352085,0.24569262572009,1,1,0,0,0,1,863,0,0,0,0,0,0,-0.0136583424419147
0.863,0.523598775598299,0.515346834740644,-2.6570994582835,-0.321143867795742,0.758925173729359,0.758925173729359,-0.23532639813106,-0.525764043969656,-0.525764043969656,-7.96199760813518e-05,-0.00420552153420029,0.22669024758757,0.0840094147117911,-0.0129946130931253,-0.00182484138941212,0.304669299375749,0.243578338988715,1,1,0,0,0,1,864,0,0,0,0,0,0,-0.0161877889589537
0.864,0.523598775598299,0.512607394604197,-2.81952825328952,-0.295957821430009,0.75379591430197,0.75379591430197,-0.230197138703671,-0.507676003291442,-0.507676003291442,-8.53057498854887e-05,-0.00450584370645839,0.223022186056932,0.0849885976013929,-0.0129946130931253,-0.00182484138941212,0.301680098562454,0.241188519697773,1,1,0,0,0,1,865,0,0,0,0,0,0,-0.0188866190071043
0.865,0.523598775598299,0.509712313002321,-2.96837653054527,-0.270685112995262,0.748238168085787,0.748238168085787,-0.224639392487488,-0.488800404523053,-0.488800404523053,-9.08956014998988e-05,-0.00480109927540463,0.219103346865081,0.0858722149236716,-0.0129946130931253,-0.00182484138941212,0.298349621123936,0.238525855083466,1,1,0,0,0,1,866,0,0,0,0,0,0,-0.0217412841871889
0.866,0.523598775598299,0.506675176261974,-3.10364402092355,-0.245453875728722,0.74226851544534,0.74226851544534,-0.218669739847041,-0.469183559820364,-0.469183559820364,-9.63832454068086e-05,-0.0050909562404325,0.214938136557146,0.0866592730936865,-0.0129946130931253,-0.00182484138941212,0.294681612020988,0.235593339183366,1,1,0,0,0,1,867,0,0,0,0,0,0,-0.0247381973791446
0.867,0.523598775598299,0.503509540260713,-3.22538878741254,-0.220357276175673,0.735903809730479,0.735903809730479,-0.21230503413218,-0.448871805564146,-0.448871805564146,-0.000101762511016068,-0.00537508867140445,0.210531238710656,0.0873488871025936,-0.0129946130931253,-0.00182484138941212,0.290680195752433,0.232394269469766,1,1,0,0,0,1,868,0,0,0,0,0,0,-0.0278638019142649
0.868,0.523598775598299,0.500228880243698,-3.33371199866837,-0.195465591716392,0.729161123385524,0.729161123385524,-0.205562347787225,-0.427911374807705,-0.427911374807705,-0.00010702734960368,-0.0056531770751446,0.205887608669091,0.0879402815127946,-0.0129946130931253,-0.00182484138941212,0.286349871717329,0.228932243141826,1,1,0,0,0,1,869,0,0,0,0,0,0,-0.0311046217582064
0.869,0.523598775598299,0.496846553070295,-3.42874791168654,-0.170833954070173,0.722057706150999,0.722057706150999,-0.1984589305527,-0.406348303565491,-0.406348303565491,-0.000112171841113301,-0.00592490875469338,0.20101246796983,0.0884327913298795,-0.0129946130931253,-0.00182484138941212,0.281695509155604,0.225211153080704,1,1,0,0,0,1,870,0,0,0,0,0,0,-0.0344472992643964
0.87,0.523598775598299,0.493375767684454,-3.51065719524076,-0.146507316719162,0.714610951156648,0.714610951156648,-0.191012175558349,-0.384228359174899,-0.384228359174899,-0.000117190200813052,-0.00618997816092008,0.195911298472793,0.0888258627503803,-0.0129946130931253,-0.00182484138941212,0.276722341672842,0.221235183472194,1,1,0,0,0,1,871,0,0,0,0,0,0,-0.0378786247036624
0.871,0.523598775598299,0.489829561110745,-3.57962239735381,-0.122523644184474,0.706838366212558,0.706838366212558,-0.18323959061426,-0.361596983181392,-0.361596983181392,-0.000122076785800178,-0.00644808723609814,0.190589836196349,0.0891190537844967,-0.0129946130931253,-0.00182484138941212,0.271435961355335,0.217008805101813,1,1,0,0,0,1,872,0,0,0,0,0,0,-0.0413855602682084
0.872,0.523598775598299,0.486220778243639,-3.63584479026339,-0.0989159623707455,0.698757548571259,0.698757548571259,-0.17515877297296,-0.33849924389933,-0.33849924389933,-0.000126826101346211,-0.00669894574905659,0.185054064867442,0.0893120347530916,-0.0129946130931253,-0.00182484138941212,0.265842312482064,0.21253677032762,1,1,0,0,0,1,873,0,0,0,0,0,0,-0.0449552602823425
0.873,0.523598775598299,0.482562054316198,-3.6795421019047,-0.0757136794187265,0.690386162052615,0.690386162052615,-0.166787386454316,-0.314979795532467,-0.314979795532467,-0.000131432807075533,-0.00694227162153099,0.179310209193179,0.0894045886583999,-0.0129946130931253,-0.00182484138941212,0.259947684840636,0.207824107736417,1,1,0,0,0,1,874,0,0,0,0,0,0,-0.0485750887337927
0.874,0.523598775598299,0.478865799330536,-3.71094681943481,-0.0529434393220441,0.681741915819885,0.681741915819885,-0.158143140221586,-0.291082841847736,-0.291082841847736,-0.000135891722970364,-0.00717779124534677,0.173364727861453,0.0893966114280316,-0.0129946130931253,-0.00182484138941212,0.253758706654725,0.202876116489349,1,1,0,0,0,1,875,0,0,0,0,0,0,-0.0522326348432582
0.875,0.523598775598299,0.475144183986163,-3.73030486337762,-0.0306296762860544,0.672842544349415,0.672842544349415,-0.149243768751116,-0.266852103107316,-0.266852103107316,-0.000140197835195448,-0.00740523979007845,0.167224306278451,0.0892881120319964,-0.0129946130931253,-0.00182484138941212,0.247282337130957,0.197698360363252,1,1,0,0,0,1,876,0,0,0,0,0,0,-0.0559157271360728
0.876,0.523598775598299,0.471409126804875,-3.73787450337952,-0.00879497741728259,0.663705788299329,0.663705788299329,-0.14010701270103,-0.24233078542017,-0.24233078542017,-0.000144346301735864,-0.00762436150083857,0.160895849051249,0.0890792124726174,-0.0129946130931253,-0.00182484138941212,0.240525858633616,0.192296661494454,1,1,0,0,0,1,877,0,0,0,0,0,0,-0.0596124463173228
0.877,0.523598775598299,0.467672282254953,-3.73392543294375,0.0125396773499381,0.65434937608702,0.65434937608702,-0.130750600488721,-0.217561551967025,-0.217561551967025,-0.000148332457841636,-0.00783490998586174,0.154386472223907,0.0887701476473451,-0.0129946130931253,-0.00182484138941212,0.233496868495978,0.186677093832067,1,1,0,0,0,1,878,0,0,0,0,0,0,-0.0633111371476571
0.878,0.523598775598299,0.463945029744108,-3.71873795021417,0.0333547539600296,0.644791006052233,0.644791006052233,-0.121192230453934,-0.192586495740799,-0.192586495740799,-0.000152151821273024,-0.00803664849356023,0.147703495275825,0.0883612650846268,-0.0129946130931253,-0.00182484138941212,0.226203270477479,0.180845976308124,1,1,0,0,0,1,879,0,0,0,0,0,0,-0.0670004194503458
0.879,0.523598775598299,0.460238463393348,-3.69260221090093,0.0536320533165689,0.635048329125593,0.635048329125593,-0.111449553527294,-0.167447113565474,-0.167447113565474,-0.000155800097340583,-0.00822935017873971,0.140854432891343,0.0878530245531278,-0.0129946130931253,-0.00182484138941212,0.218653265876319,0.174809865732245,1,1,0,0,0,1,880,0,0,0,0,0,0,-0.0706691983374294
0.88,0.523598775598299,0.456563382531263,-3.6558175316207,0.0733546326421407,0.625138931950083,0.625138931950083,-0.101540156351784,-0.142184281234429,-0.142184281234429,-0.000159273183734332,-0.00841279835767568,0.133846986509841,0.0872459975447435,-0.0129946130931253,-0.00182484138941212,0.210855344307497,0.16857554941882,1,1,0,0,0,1,881,0,0,0,0,0,0,-0.0743066737154329
0.881,0.523598775598299,0.45293028286582,-3.60869172972283,0.0925067475337401,0.615080320420826,0.615080320420826,-0.0914815448225276,-0.11683822965971,-0.11683822965971,-0.000162567175136606,-0.00858678675176384,0.126689035665843,0.0865408666319843,-0.0129946130931253,-0.00182484138941212,0.202818274156651,0.162150037555006,1,1,0,0,0,1,882,0,0,0,0,0,0,-0.0779023491135826
0.882,0.523598775598299,0.449349348301961,-3.55154049066482,0.111073807299446,0.60488990362007,0.60488990362007,-0.0812911280217716,-0.0914485219565159,-0.0914485219565159,-0.000165678367613394,-0.00875111971947041,0.119388629128861,0.0857384247004565,-0.0129946130931253,-0.00182484138941212,0.194551092720435,0.155540555318109,1,1,0,0,0,1,883,0,0,0,0,0,0,-0.0814460398662128
0.883,0.523598775598299,0.445830443380546,-3.48468675719516,0.129042338832282,0.594584978131766,0.594584978131766,-0.0709862025334677,-0.066054031408718,-0.066054031408718,-0.000168603262779237,-0.00890561247632157,0.111953975852945,0.0848395740572998,-0.0129946130931253,-0.00182484138941212,0.186063096044511,0.148754534751221,1,1,0,0,0,1,884,0,0,0,0,0,0,-0.0849278806738322
0.884,0.523598775598299,0.44238310631881,-3.40846013664577,0.146399955986956,0.584182712725055,0.584182712725055,-0.0605839371267561,-0.0406929202754383,-0.0406929202754383,-0.000171338571730991,-0.00905009130268466,0.104393435746107,0.0838453254165875,-0.0129946130931253,-0.00182484138941212,0.177363828470598,0.141799606406245,1,1,0,0,0,1,885,0,0,0,0,0,0,-0.088338332562671
0.885,0.523598775598299,0.439016542635511,-3.32319632394295,0.163135332519767,0.573700133399227,0.573700133399227,-0.0501013578009281,-0.0154026194082896,-0.0154026194082896,-0.000173881218746039,-0.00918439373910749,0.096715510270015,0.0827567967628268,-0.0129946130931253,-0.00182484138941212,0.168463071904322,0.134683590763716,1,1,0,0,0,1,886,0,0,0,0,0,0,-0.09166818925954
0.886,0.523598775598299,0.435739619345885,-3.22923653878106,0.179238177352559,0.563154108784923,0.563154108784923,-0.0395553331866246,0.00978019134454162,0.00978019134454162,-0.000176228344740793,-0.00930836876899618,0.0889288328805044,0.0815752120938395,-0.0129946130931253,-0.00182484138941212,0.159370834815936,0.127414489439038,1,1,0,0,0,1,887,0,0,0,0,0,0,-0.0949085829968845
0.887,0.523598775598299,0.432560859712781,-3.1269269759369,0.194699211369815,0.552561335897846,0.552561335897846,-0.0289625602995474,0.0348196019665646,0.0348196019665646,-0.000178377310485598,-0.00942187698842597,0.0810421593196782,0.0803019000444357,-0.0129946130931253,-0.00182484138941212,0.150097340986276,0.120000476185065,1,1,0,0,0,1,888,0,0,0,0,0,0,-0.0980509897616516
0.888,0.523598775598299,0.429488438541213,-3.0166182680425,0.209510145244609,0.541938326242316,0.541938326242316,-0.018339550644017,0.0596804903494317,0.0596804903494317,-0.000180325699572414,-0.0095247907628942,0.0730643577704978,0.0789382923924281,-0.0129946130931253,-0.00182484138941212,0.14065301801062,0.112449887701103,1,1,0,0,0,1,889,0,0,0,0,0,0,-0.101087234000746
0.889,0.523598775598299,0.426530178004105,-2.89866496035155,0.223663657972249,0.531301392262805,0.531301392262805,-0.007702616664506,0.0843285396308337,0.0843285396308337,-0.00018207132113195,-0.00961699437083917,0.0650043988849393,0.0774859224486672,-0.0129946130931253,-0.00182484138941212,0.131048485573355,0.1047712142587,1,1,0,0,0,1,890,0,0,0,0,0,0,-0.104009492795291
0.89,0.523598775598299,0.423693543987418,-2.77342499717235,0.23715337590729,0.520666634142162,0.520666634142162,0.00293214145613652,0.108730254805107,0.108730254805107,-0.000183612212297194,-0.00969838413376339,0.0568713456969302,0.0759464233329073,-0.0129946130931253,-0.00182484138941212,0.121294543506662,0.0969730901547441,1,1,0,0,0,1,891,0,0,0,0,0,0,-0.106810299515506
0.891,0.523598775598299,0.42098564294311,-2.64125921972821,0.249973852174059,0.510049926945725,0.510049926945725,0.0135488486525733,0.132852978616179,0.132852978616179,-0.00018494664041056,-0.00976886853281507,0.0486743434314053,0.0743215261374426,-0.0129946130931253,-0.00182484138941212,0.111402159646621,0.0890642840026156,1,1,0,0,0,1,892,0,0,0,0,0,0,-0.109482546967753
0.892,0.523598775598299,0.418413219238598,-2.50253087526212,0.262120546368125,0.499466908110902,0.499466908110902,0.0241318674873969,0.156664906741086,0.156664906741086,-0.000186073104972177,-0.00982836831169662,0.0404226092209446,0.0726130579805772,-0.0129946130931253,-0.00182484138941212,0.101382457500413,0.0810536888723036,1,1,0,0,0,1,893,0,0,0,0,0,0,-0.112019490045078
0.893,0.523598775598299,0.415982652991563,-2.35760513723792,0.273589804496125,0.488932965282144,0.488932965282144,0.0346658103161551,0.180135102271073,0.180135102271073,-0.00018699033932713,-0.00987681656578454,0.0321254217415525,0.0708229399521193,-0.0129946130931253,-0.00182484138941212,0.0912467037384752,0.0729503122905804,1,1,0,0,0,1,894,0,0,0,0,0,0,-0.114414747892414
0.894,0.523598775598299,0.413699958379049,-2.2068486365131,0.284378839120172,0.478463224491522,0.478463224491522,0.045135551106777,0.20323350949624,0.20323350949624,-0.000187697312089751,-0.00991415881736042,0.0237921107792359,0.0689531849532086,-0.0129946130931253,-0.00182484138941212,0.081006295525672,0.0647632661124726,1,1,0,0,0,1,895,0,0,0,0,0,0,-0.116662305597483
0.895,0.523598775598299,0.411570782409956,-2.05062900337292,0.294485709684929,0.468072538685378,0.468072538685378,0.0555262369129212,0.225930966998678,0.225930966998678,-0.000188193228303363,-0.00994035307686852,0.0154320467391112,0.067005895432906,-0.0129946130931253,-0.00182484138941212,0.0706727477057366,0.0565017562754212,1,1,0,0,0,1,896,0,0,0,0,0,0,-0.118756515418312
0.896,0.523598775598299,0.40960040415011,-1.88931442032543,0.30390930301266,0.45777547659776,0.45777547659776,0.0658232990005392,0.248199220058197,0.248199220058197,-0.00018847753033417,-0.00995536989013097,0.00705463010883684,0.0649832610240917,-0.0129946130931253,-0.00182484138941212,0.0602576798533855,0.0481750724476499,1,1,0,0,0,1,897,0,0,0,0,0,0,-0.120692097558164
0.897,0.523598775598299,0.407793734389191,-1.72327318556334,0.31264931395603,0.447586311971573,0.447586311971573,0.0760124636267254,0.270010932373885,0.270010932373885,-0.000188549898498288,-0.00995919237146758,-0.00133071911178066,0.062887556081329,-0.0129946130931253,-0.00182484138941212,0.0497728032086686,0.0397925775823829,1,1,0,0,0,1,898,0,0,0,0,0,0,-0.122464140498614
0.898,0.523598775598299,0.406155315738911,-1.55287328700373,0.320706226201037,0.437519013128568,0.437519013128568,0.0860797624697311,0.291339697104027,0.291339697104027,-0.000188410251421219,-0.00995181622268297,-0.00971457200312048,0.0607211371234619,-0.0129946130931253,-0.00182484138941212,0.0392299075082464,0.0313636973896563,1,1,0,0,0,1,899,0,0,0,0,0,0,-0.124068100901379
0.899,0.523598775598299,0.404689323151896,-1.37848198681996,0.32808129321394,0.42758723288946,0.42758723288946,0.0960115427088386,0.312160047226186,0.312160047226186,-0.000188058746129345,-0.00993324973789969,-0.0180875013281116,0.0584864401838246,-0.0129946130931253,-0.00182484138941212,0.0286408477284012,0.0228979097375638,1,1,0,0,0,1,900,0,0,0,0,0,0,-0.125499803089439
0.9,0.523598775598299,0.40339956485082,-1.20046541638367,0.334776519326841,0.417804298845672,0.417804298845672,0.105794476752627,0.332447465218654,0.332447465218654,-0.000187495777873367,-0.00990351379423185,-0.0264400921327051,0.0561859780710392,-0.0129946130931253,-0.00182484138941212,0.0180175307546901,0.0144047339948518,1,1,0,0,0,1,901,0,0,0,0,0,0,-0.126755438117903
0.901,0.523598775598299,0.402289483657429,-1.01918818153713,0.340794640956952,0.408183203984279,0.408183203984279,0.11541557161402,0.352178392063864,0.352178392063864,-0.000186721979683858,-0.00986264182830987,-0.0347629523325346,0.0538223375434839,-0.0129946130931253,-0.00182484138941212,0.00737190199322736,0.00589372032684975,1,1,0,0,0,1,902,0,0,0,0,0,0,-0.12783156244499
0.902,0.523598775598299,0.401362158711164,-0.835012978119231,0.346139107954645,0.398736597667936,0.398736597667936,0.124862177930363,0.371330235573858,0.371330235573858,-0.000185738221659455,-0.00981067979868255,-0.0430467232738606,0.051398176400609,-0.0129946130931253,-0.00182484138941212,-0.00328406806134634,-0.00262556104322832,1,1,0,0,0,1,903,0,0,0,0,0,0,-0.128725096213416
0.903,0.523598775598299,0.40062030756715,-0.648300217670754,0.350814065075416,0.389476776971612,0.389476776971612,0.134121998626687,0.38988137803745,0.38988137803745,-0.000184545609988477,-0.00974768613413893,-0.0512820902569244,0.048916220494369,-0.0129946130931253,-0.00182484138941212,-0.0139383972861065,-0.0111435305955375,1,1,0,0,0,1,904,0,0,0,0,0,0,-0.129433321152399
0.904,0.523598775598299,0.400066288663433,-0.459407663247604,0.354824333570728,0.380415678378125,0.380415678378125,0.143183097220174,0.407811183188255,0.407811183188255,-0.000183145485705062,-0.00967373166800796,-0.0594597930098769,0.0463792606641348,-0.0129946130931253,-0.00182484138941212,-0.0245791054031623,-0.0196506102853085,1,1,0,0,0,1,905,0,0,0,0,0,0,-0.12995387811043
0.905,0.523598775598299,0.399702104147371,-0.26869007527312,0.35817539289262,0.371564869834475,0.371564869834475,0.152033905763824,0.425100002492458,0.425100002492458,-0.000181539423181248,-0.00958889955850981,-0.067570636101507,0.0437901495985291,-0.0129946130931253,-0.00182484138941212,-0.0351942274508999,-0.0281372343128958,1,1,0,0,0,1,906,0,0,0,0,0,0,-0.130284764228887
0.906,0.523598775598299,0.399529403051181,-0.0764988673635949,0.360873362506837,0.362935543171124,0.362935543171124,0.160663232427175,0.441729180754833,0.441729180754833,-0.000179729228356661,-0.00949328519524851,-0.0756054992810587,0.0411517986277167,-0.0129946130931253,-0.00182484138941212,-0.0457718272380025,-0.0365938598800564,1,1,0,0,0,1,907,0,0,0,0,0,0,-0.130424329766486
0.907,0.523598775598299,0.399549484806701,0.116818227936044,0.362924983809112,0.354538506886336,0.354538506886336,0.169060268711963,0.457681061041297,0.457681061041297,-0.000177716936707827,-0.00938699609195091,-0.0835553477335121,0.0384671744497541,-0.0129946130931253,-0.00182484138941212,-0.056300010765121,-0.0450109779203653,1,1,0,0,0,1,908,0,0,0,0,0,0,-0.130371274584525
0.908,0.523598775598299,0.399763303089492,0.310917483566547,0.364337602139196,0.346384179297792,0.346384179297792,0.177214596300507,0.472938988916041,0.472938988916041,-0.000175504810959375,-0.00927015176557275,-0.0914112422387963,0.0357392957946808,-0.0129946130931253,-0.00182484138941212,-0.0667669395991004,-0.0533791237917005,1,1,0,0,0,1,909,0,0,0,0,0,0,-0.130124644302785
0.909,0.523598775598299,0.400171469982441,0.505459492575806,0.365119148887157,0.338482582063666,0.338482582063666,0.185116193534633,0.487487315991144,0.487487315991144,-0.000173095338539716,-0.00914288360190757,-0.0991643492235094,0.0329712300301042,-0.0129946130931253,-0.00182484138941212,-0.0771608441847249,-0.0616888879187753,1,1,0,0,0,1,910,0,0,0,0,0,0,-0.129683826135928
0.91,0.523598775598299,0.400774260449121,0.700109473001722,0.365278123686507,0.33084333407537,0.33084333407537,0.192755441522928,0.501311402786456,0.501311402786456,-0.000170491228784045,-0.0090053347078498,-0.106805950693845,0.0301660897120922,-0.0129946130931253,-0.00182484138941212,-0.0874700370790147,-0.0699309263737509,1,1,0,0,0,1,911,0,0,0,0,0,0,-0.129048544420139
0.911,0.523598775598299,0.401571617107187,0.894537563067747,0.364823576688722,0.323475645724157,0.323475645724157,0.200123129874142,0.514397620897462,0.514397620897462,-0.000167695409887828,-0.0088576597504779,-0.114327454038554,0.0273270290852552,-0.0129946130931253,-0.00182484138941212,-0.097682926093189,-0.0780959713830305,1,1,0,0,0,1,912,0,0,0,0,0,0,-0.128218855839735
0.912,0.523598775598299,0.402563155292135,1.0884191067395,0.363765090913812,0.316388313543712,0.316388313543712,0.207210462054587,0.526733354468823,0.526733354468823,-0.000164711025614187,-0.00870002478313879,-0.121720401690922,0.0244572405359497,-0.0129946130931253,-0.00182484138941212,-0.107788027327523,-0.0861748417484238,1,1,0,0,0,1,913,0,0,0,0,0,0,-0.127195144363404
0.913,0.523598775598299,0.403748168401828,1.28143492968798,0.362112764671728,0.309589715230869,0.309589715230869,0.214009060367429,0.538307000971326,0.538307000971326,-0.000161541431758891,-0.00853260705872884,-0.12897648063889,0.0215599510025954,-0.0129946130931253,-0.00182484138941212,-0.117773978084436,-0.0941584531709588,1,1,0,0,0,1,914,0,0,0,0,0,0,-0.125978115899685
0.914,0.523598775598299,0.405125633512196,1.47327160570214,0.359877194049515,0.303087805046459,0.303087805046459,0.22051097055184,0.549107971280043,0.549107971280043,-0.000158190192376926,-0.00835559483038159,-0.136087531772641,0.018638418347138,-0.0129946130931253,-0.00182484138941212,-0.127629549645296,-0.102037828465738,1,1,0,0,0,1,915,0,0,0,0,0,0,-0.124568792681266
0.915,0.523598775598299,0.4066942172546,1.66362171359086,0.357069455459322,0.296890109598254,0.296890109598254,0.226708666000045,0.559126689051594,0.559126689051594,-0.000154661075774885,-0.00816918713978619,-0.143045559059116,0.0156959276917415,-0.0129946130931253,-0.00182484138941212,-0.137343659896573,-0.109804107656346,1,1,0,0,0,1,916,0,0,0,0,0,0,-0.122968507387628
0.916,0.523598775598299,0.408452281945349,1.8521840846119,0.353701088242609,0.291003724007879,0.291003724007879,0.23259505159042,0.568354589398595,0.568354589398595,-0.000150958050273694,-0.00797359359337465,-0.149842738533175,0.0127357877248273,-0.0129946130931253,-0.00182484138941212,-0.146905385791135,-0.11744855793747,1,1,0,0,0,1,917,0,0,0,0,0,0,-0.12117889701552
0.917,0.523598775598299,0.410397891957931,2.03866404046274,0.349784077326109,0.285435308463421,0.285435308463421,0.238163467134878,0.576784116859551,0.576784116859551,-0.000147085279746422,-0.00776903412662955,-0.156471427095261,0.00976132698061374,-0.0129946130931253,-0.00182484138941212,-0.156303975630689,-0.12496258349451,1,1,0,0,0,1,918,0,0,0,0,0,0,-0.119201896506737
0.918,0.523598775598299,0.412528820328528,2.22277362186617,0.345330835925409,0.280191085159365,0.280191085159365,0.243407690438933,0.584408722662699,0.584408722662699,-0.000143047118936211,-0.00755573875677724,-0.162924171105699,0.00677589009634076,-0.0129946130931253,-0.00182484138941212,-0.165528861155547,-0.132337735169162,1,1,0,0,0,1,919,0,0,0,0,0,0,-0.117039732142606
0.919,0.523598775598299,0.414842555585419,2.40423180778118,0.340354188292301,0.275276835625335,0.275276835625335,0.248321939972964,0.591222861282566,0.591222861282566,-0.000138848108559578,-0.00733394732414456,-0.169193714765951,0.00378283405138684,-0.0129946130931253,-0.00182484138941212,-0.174569669428121,-0.139565719960084,1,1,0,0,0,1,920,0,0,0,0,0,0,-0.114694914714579
0.92,0.523598775598299,0.417336308792935,2.58276472526776,0.334867352502386,0.270697898444957,0.270697898444957,0.252900877153342,0.597221986288346,0.597221986288346,-0.000134492970200595,-0.00710390922247003,-0.175273008277413,0.000785524392508037,-0.0129946130931253,-0.00182484138941212,-0.183416234496787,-0.146638410347978,1,1,0,0,0,1,921,0,0,0,0,0,0,-0.112170232480285
0.921,0.523598775598299,0.420007020800598,2.75810585003237,0.32888392327976,0.266459167366007,0.266459167366007,0.257139608232292,0.60240254548352,0.60240254548352,-0.0001299866010017,-0.00686588311847264,-0.181155215768571,-0.00221266855055635,-0.0129946130931253,-0.00182484138941212,-0.192058608827012,-0.153547853434591,1,1,0,0,0,1,922,0,0,0,0,0,0,-0.109468743914388
0.922,0.523598775598299,0.42285136968817,2.92999619767944,0.32241785485599,0.262565089802806,0.262565089802806,0.261033685795493,0.606761975336539,0.606761975336539,-0.000125334068157096,-0.00662013666099362,-0.186833722981609,-0.00520837345485667,-0.0129946130931253,-0.00182484138941212,-0.200487074486871,-0.160286279885364,1,1,0,0,0,1,923,0,0,0,0,0,0,-0.106593770263542
0.923,0.523598775598299,0.425865778397307,3.09818450569251,0.315483443860957,0.259019665731634,0.259019665731634,0.264579109866665,0.610298694702804,0.610298694702804,-0.000120540603214935,-0.00636694618003828,-0.19230214470982,-0.00819822179512266,-0.0129946130931253,-0.00182484138941212,-0.208692154074393,-0.166846112665673,1,1,0,0,0,1,924,0,0,0,0,0,0,-0.10354888791473
0.924,0.523598775598299,0.42904642254058,3.26242740616785,0.308095312243571,0.255826446979741,0.255826446979741,0.267772328618558,0.613012097838605,0.613012097838605,-0.000115611596194698,-0.00610659637605627,-0.197554331977465,-0.0111788516315069,-0.0129946130931253,-0.00182484138941212,-0.21666462137444,-0.173219975560839,1,1,0,0,0,1,925,0,0,0,0,0,0,-0.100337920586259
0.925,0.523598775598299,0.432389238378601,3.42248958932206,0.300268390220757,0.252988536908277,0.252988536908277,0.270610238690022,0.614902546708179,0.614902546708179,-0.000110552589526375,-0.00583937999980975,-0.202584378953996,-0.0141469113899238,-0.0129946130931253,-0.00182484138941212,-0.224395511733141,-0.179400701470324,1,1,0,0,0,1,926,0,0,0,0,0,0,-0.0969649313506164
0.926,0.523598775598299,0.435889930956061,3.57814395779458,0.292017899253562,0.250508590489273,0.250508590489273,0.273090185109026,0.615971362585522,0.615971362585522,-0.000105369271818274,-0.00556559752318921,-0.207386629594877,-0.0170990636307324,-0.0129946130931253,-0.00182484138941212,-0.231876132138211,-0.185381340466788,1,1,0,0,0,1,927,0,0,0,0,0,0,-0.0934342144984456
0.927,0.523598775598299,0.439543982387475,3.7291717717657,0.283359335049658,0.248388814776527,0.248388814776527,0.275209960821772,0.616220816953143,0.616220816953143,-0.000100067471460454,-0.00528555680134746,-0.211955684001537,-0.020031988801526,-0.0129946130931253,-0.00182484138941212,-0.239098070993822,-0.191155167610948,1,1,0,0,0,1,928,0,0,0,0,0,0,-0.0897502872527949
0.928,0.523598775598299,0.44334666028346,3.87536278490994,0.274308450591977,0.246630969770015,0.246630969770015,0.276967805828284,0.615654121700465,0.615654121700465,-9.46531500709824e-05,-0.00499957272653139,-0.216286404493287,-0.0229423889698079,-0.0129946130931253,-0.00182484138941212,-0.246053207579039,-0.196715690513445,1,1,0,0,0,1,929,0,0,0,0,0,0,-0.085917881342842
0.929,0.523598775598299,0.447293026308393,4.01651537120514,0.264881239193662,0.245236369673169,0.245236369673169,0.27836240592513,0.614275418625195,0.614275418625195,-8.91323957923851e-05,-0.00470796687400078,-0.220373921384402,-0.0258269915313576,-0.0129946130931253,-0.00182484138941212,-0.252733721179172,-0.202056656635224,1,1,0,0,0,1,930,0,0,0,0,0,0,-0.0819419344462358
0.93,0.523598775598299,0.451377944860313,4.15243664261756,0.255093917579987,0.244205884542103,0.244205884542103,0.279392891056196,0.612089768241529,0.612089768241529,-8.3511416445824e-05,-0.00441106714043261,-0.224213638459839,-0.0286825528901153,-0.0129946130931253,-0.00182484138941212,-0.259132099879799,-0.20717206031821,1,1,0,0,0,1,931,0,0,0,0,0,0,-0.0778275815091939
0.931,0.523598775598299,0.455596091863955,4.28294255768367,0.244962908998367,0.243539942325575,0.243539942325575,0.280058833272724,0.609103137899721,0.609103137899721,-7.77965325507017e-05,-0.00410920737521697,-0.227801238143464,-0.0315058621054494,-0.0129946130931253,-0.00182484138941212,-0.265241149013543,-0.21205614953838,1,1,0,0,0,1,932,0,0,0,0,0,0,-0.0735801459534672
0.932,0.523598775598299,0.459941963667826,4.40785802101036,0.234504826358025,0.24323853129419,0.24323853129419,0.280360244304109,0.605322389222144,0.605322389222144,-7.19941702175441e-05,-0.00380272700505968,-0.231132686352957,-0.0342937445027034,-0.0129946130931253,-0.00182484138941212,-0.271053999250132,-0.216703432373636,1,1,0,0,0,1,933,0,0,0,0,0,0,-0.0692051307792662
0.933,0.523598775598299,0.464409886036246,4.52701697371591,0.223736455401391,0.243301202857038,0.243301202857038,0.280297572741261,0.600755264861617,0.600755264861617,-6.61108539221496e-05,-0.00349197065231333,-0.234204237035939,-0.0370430652429641,-0.0129946130931253,-0.00182484138941212,-0.276564114320628,-0.221108683179209,1,1,0,0,0,1,934,0,0,0,0,0,0,-0.0647082095732185
0.934,0.523598775598299,0.468994023227312,4.64026247483544,0.212674737909733,0.243727074763676,0.243727074763676,0.279871700834623,0.595410374588459,0.595410374588459,-6.01531991691314e-05,-0.00317728774746607,-0.237012436382229,-0.0397507328480369,-0.0129946130931253,-0.00182484138941212,-0.281765298367144,-0.225266948463636,1,1,0,0,0,1,935,0,0,0,0,0,0,-0.0600952174304047
0.935,0.523598775598299,0.473688387147755,4.74744677371614,0.201336754946017,0.244514834689024,0.244514834689024,0.279083940909275,0.589297180713389,0.589297180713389,-5.41279050531029e-05,-0.00285903213622402,-0.23955412670749,-0.0424137026766627,-0.0129946130931253,-0.00182484138941212,-0.286651702909788,-0.229173552458731,1,1,0,0,0,1,936,0,0,0,0,0,0,-0.0553721417994971
0.936,0.523598775598299,0.478486846575712,4.84843137342898,0.189739710138439,0.245662744198458,0.245662744198458,0.277936031399841,0.58242598285405,0.58242598285405,-4.80417467258697e-05,-0.00253756168162881,-0.241826450003884,-0.0450289803480702,-0.0129946130931253,-0.00182484138941212,-0.291217833422995,-0.232824102377254,1,1,0,0,0,1,937,0,0,0,0,0,0,-0.0505451132599959
0.937,0.523598775598299,0.483383136442409,4.94308708522587,0.177900913008517,0.247168643090021,0.247168643090021,0.276430132508278,0.574807902053695,0.574807902053695,-4.19015677780987e-05,-0.00221323786165794,-0.243826851153771,-0.0475936251090121,-0.0129946130931253,-0.00182484138941212,-0.295458555513853,-0.236214493352388,1,1,0,0,0,1,938,0,0,0,0,0,0,-0.0456203962405339
0.938,0.523598775598299,0.488370867163858,5.03129407407325,0.16583776234812,0.249029954110391,0.249029954110391,0.274568821487908,0.56645486426119,0.56645486426119,-3.57142725440323e-05,-0.00188642536276024,-0.245553080802814,-0.0501047531405001,-0.0129946130931253,-0.00182484138941212,-0.299369100695486,-0.239340913053468,1,1,0,0,0,1,939,0,0,0,0,0,0,-0.0406043796871897
0.939,0.523598775598299,0.493443534013623,5.11294189529555,0.153567729650205,0.251243688040868,0.251243688040868,0.272355087557431,0.557379583182273,0.557379583182273,-2.94868183378976e-05,-0.00155749166978367,-0.247003197889263,-0.0525595408005194,-0.0129946130931253,-0.00182484138941212,-0.302945071748979,-0.242199845972755,1,1,0,0,0,1,940,0,0,0,0,0,0,-0.0355035676907132
0.94,0.523598775598299,0.498594526527807,5.18792952236469,0.141108342598496,0.253806449149345,0.253806449149345,0.269792326448953,0.547595542512659,0.547595542512659,-2.32262076307433e-05,-0.00122680665275628,-0.248175571826596,-0.0549552277990783,-0.0129946130931253,-0.00182484138941212,-0.306182447667842,-0.244788077378461,1,1,0,0,0,1,941,0,0,0,0,0,0,-0.0303245700815393
0.941,0.523598775598299,0.503817137933418,5.25616536587455,0.128477168621752,0.256714441003861,0.256714441003861,0.266884334594438,0.537116977564336,0.537116977564336,-1.69394801765002e-05,-0.000894742150985345,-0.249068884337022,-0.0572891203020201,-0.0129946130931253,-0.00182484138941212,-0.30907758817944,-0.247102696929557,1,1,0,0,0,1,942,0,0,0,0,0,0,-0.0250740930014222
0.942,0.523598775598299,0.509104574591318,5.31756728374261,0.115691798518688,0.259963472643008,0.259963472643008,0.26363530295529,0.525958856297089,0.525958856297089,-1.06337050961177e-05,-0.000561671554942007,-0.249682130933833,-0.0595585939601094,-0.0129946130931253,-0.00182484138941212,-0.311627237838296,-0.24914110194831,1,1,0,0,0,1,943,0,0,0,0,0,0,-0.019758929460486
0.943,0.523598775598299,0.514449965445004,5.37206258268414,0.102769830160005,0.263548965098135,0.263548965098135,0.260049810500163,0.514136859768001,0.514136859768001,-4.31597292867945e-06,-0.000227969386401739,-0.25001462205089,-0.0617610968599865,-0.0129946130931253,-0.00182484138941212,-0.31382852968669,-0.250901000346868,1,1,0,0,0,1,944,0,0,0,0,0,0,-0.01438594988844
0.944,0.523598775598299,0.519846371466519,5.41958801100794,0.0897288522743828,0.267465958261915,0.267465958261915,0.256132817336384,0.50166736201241,0.50166736201241,2.00661234156449e-06,0.00010598912268724,-0.250065983818014,-0.0638941523936697,-0.0129946130931253,-0.00182484138941212,-0.315678988478409,-0.252380413204604,1,1,0,0,0,1,945,0,0,0,0,0,0,-0.00896209268866488
0.945,0.523598775598299,0.52528679509085,5.4600897427863,0.0765864283256427,0.271709118097534,0.271709118097534,0.251889657500765,0.488567409370494,0.488567409370494,8.32694127328511e-06,0.000439828452134184,-0.249836158481384,-0.065955362043382,-0.0129946130931253,-0.00182484138941212,-0.317176533462044,-0.253577676993315,1,1,0,0,0,1,946,0,0,0,0,0,0,-0.00349435480381954
0.946,0.523598775598299,0.530764189630193,5.49352335345583,0.0633600804886737,0.276272744182413,0.276272744182413,0.247326031415886,0.474854699274346,0.474854699274346,1.46379069622966e-05,0.000773173215760072,-0.249325404468472,-0.0679424080785676,-0.0129946130931253,-0.00182484138941212,-0.318319480720692,-0.25449144544778,1,1,0,0,0,1,947,0,0,0,0,0,0,0.00201021769843313
0.947,0.523598775598299,0.536271468659572,5.51985378690987,0.0500672737320303,0.281150777580005,0.281150777580005,0.242447998018294,0.460547558511135,0.460547558511135,2.09324130329268e-05,0.00110564858350123,-0.248534296097464,-0.0698530561620681,-0.0129946130931253,-0.00182484138941212,-0.319106545065443,-0.255120691079566,1,1,0,0,0,1,948,0,0,0,0,0,0,0.00754453901104002
0.948,0.523598775598299,0.541801515365312,5.53905531414754,0.0367254000154532,0.286336809032914,0.286336809032914,0.237261966565385,0.445664920978592,0.445664920978592,2.72033816175485e-05,0.00143688070288762,-0.247463722931458,-0.0716851578625269,-0.0129946130931253,-0.00182484138941212,-0.31953684148051,-0.255464706332398,1,1,0,0,0,1,949,0,0,0,0,0,0,0.0131014929360386
0.949,0.523598775598299,0.547347191847978,5.55111148354877,0.0233517626108653,0.291824087470216,0.291824087470216,0.231774688128082,0.430226304949759,0.430226304949759,3.34437613152988e-05,0.00176649711942184,-0.246114888778199,-0.0734366530701959,-0.0129946130931253,-0.00182484138941212,-0.319609886118385,-0.255523104377761,1,1,0,0,0,1,950,0,0,0,0,0,0,0.0186739421874931
0.95,0.523598775598299,0.552901348371425,5.55601506284955,0.00996356055568792,0.297605528821546,0.297605528821546,0.225993246776753,0.414251789864611,0.414251789864611,3.96465351210386e-05,0.00209412719538618,-0.244489310336453,-0.0751055723134292,-0.0129946130931253,-0.00182484138941212,-0.319325596843908,-0.255295819549879,1,1,0,0,0,1,951,0,0,0,0,0,0,0.0242547376405486
0.951,0.523598775598299,0.558456832549711,5.55376797289601,-0.00342212675240347,0.303673725130163,0.303673725130163,0.219925050468136,0.397761992666796,0.397761992666796,4.58047283156357e-05,0.00241940252660685,-0.242588815490552,-0.0766900389732593,-0.0129946130931253,-0.00182484138941212,-0.318684293326616,-0.254783107419548,1,1,0,0,0,1,952,0,0,0,0,0,0,0.0298367275183452
0.952,0.523598775598299,0.564006498463684,5.54438121326125,-0.0167883548099161,0.310020953956925,0.310020953956925,0.213577821641373,0.380778043704391,0.380778043704391,5.19114163086987e-05,0.00274195735670663,-0.240415541255028,-0.0781882713935637,-0.0129946130931253,-0.00182484138941212,-0.317686696681297,-0.253985544506759,1,1,0,0,0,1,953,0,0,0,0,0,0,0.0354127665086083
0.953,0.523598775598299,0.569543215699157,5.52787477981343,-0.0301183291015615,0.316639188066726,0.316639188066726,0.206959587531572,0.363321562214189,0.363321562214189,5.7959732424944e-05,0.0030614289883802,-0.237971931371643,-0.0795985848844515,-0.0129946130931253,-0.00182484138941212,-0.316333928657127,-0.252904027632431,1,1,0,0,0,1,954,0,0,0,0,0,0,0.0409757248018245
0.954,0.523598775598299,0.575059878298667,5.50427757432916,-0.043395420024045,0.323520105388687,0.323520105388687,0.200078670209612,0.345414631409647,0.345414631409647,6.39428756254406e-05,0.00337745819122979,-0.235260733561521,-0.0809193936166153,-0.0129946130931253,-0.00182484138941212,-0.314627510376319,-0.25153977290998,1,1,0,0,0,1,955,0,0,0,0,0,0,0.0465184970430016
0.955,0.523598775598299,0.580549413618903,5.47362730625107,-0.0566031776296095,0.330655099241047,0.330655099241047,0.192943676357252,0.327079773193204,0.327079773193204,6.98541181550487e-05,0.00368968960570229,-0.232284996435465,-0.08214921240452,-0.0129946130931253,-0.00182484138941212,-0.312569360623695,-0.249894314377856,1,1,0,0,0,1,956,0,0,0,0,0,0,0.0520340111891032
0.956,0.523598775598299,0.586004791086018,5.43597038669425,-0.0697253461791491,0.338035288811427,0.338035288811427,0.185563486786872,0.308339922514266,0.308339922514266,7.56868131074552e-05,0.00399777214267396,-0.229048066065945,-0.0832866583764217,-0.0129946130931253,-0.00182484138941212,-0.310161793689105,-0.247969502274591,1,1,0,0,0,1,957,0,0,0,0,0,0,0.0575152372643585
0.957,0.523598775598299,0.59141903084111,5.39136181481104,-0.0827458784945535,0.345651529882813,0.345651529882813,0.177947245715486,0.289218401394683,0.289218401394683,8.14344018992987e-05,0.00430135937823315,-0.225553582224598,-0.0843304525293404,-0.0129946130931253,-0.00182484138941212,-0.307407516765118,-0.245767500958297,1,1,0,0,0,1,958,0,0,0,0,0,0,0.0629551960057471
0.958,0.523598775598299,0.596785212268297,5.33986505662978,-0.0956489500998176,0.353494425795347,0.353494425795347,0.170104349802952,0.269738892644103,0.269738892644103,8.70904216449788e-05,0.00460010994321719,-0.221805474289487,-0.0852794211672367,-0.0129946130931253,-0.00182484138941212,-0.304309626902918,-0.24329078647295,1,1,0,0,0,1,959,0,0,0,0,0,0,0.0683469673910766
0.959,0.523598775598299,0.602096482397914,5.28155191648824,-0.108418973140337,0.361554338633719,0.361554338633719,0.16204443696458,0.249925413288066,0.249925413288066,9.26485124238587e-05,0.00489368790706556,-0.217807956826696,-0.0861324972207765,-0.0129946130931253,-0.00182484138941212,-0.300871607529819,-0.240542143764196,1,1,0,0,0,1,960,0,0,0,0,0,0,0.0736836990421854
0.96,0.523598775598299,0.607346064177505,5.21650240118819,-0.121040610069724,0.36982140062969,0.36982140062969,0.153777374968609,0.22980228773221,0.22980228773221,9.81024244316873e-05,0.00518176315555749,-0.213565524851265,-0.0868887214471987,-0.0129946130931253,-0.00182484138941212,-0.297097324532318,-0.237524663547816,1,1,0,0,0,1,961,0,0,0,0,0,0,0.0789586144959296
0.961,0.523598775598299,0.612527264603368,5.14480457700314,-0.133498787093419,0.378285525769003,0.378285525769003,0.145313249829296,0.209394120686405,0.209394120686405,0.000103446025008205,0.00546401176200957,-0.209082948772752,-0.0875472435089373,-0.0129946130931253,-0.00182484138941212,-0.292991021909092,-0.234241738834365,1,1,0,0,0,1,962,0,0,0,0,0,0,0.0841650213357387
0.962,0.523598775598299,0.617633482705605,5.06655441967709,-0.145778707358321,0.386936421591707,0.386936421591707,0.136662354006591,0.188725769873083,0.188725769873083,0.000108673305533019,0.00574011635151546,-0.204365269031149,-0.0881073229297849,-0.0129946130931253,-0.00182484138941212,-0.28855731699883,-0.230697061113897,1,1,0,0,0,1,963,0,0,0,0,0,0,0.0892963191766638
0.963,0.523598775598299,0.622658217379719,4.98185565755754,-0.15786586387763,0.395763601174656,0.395763601174656,0.127835174423642,0.167822318544426,0.167822318544426,0.000113778388182008,0.00600976645781871,-0.199417790429141,-0.0885683299275224,-0.0129946130931253,-0.00182484138941212,-0.283801195288257,-0.226894616205063,1,1,0,0,0,1,964,0,0,0,0,0,0,0.0943460074969797
0.964,0.523598775598299,0.627595075057978,4.89081960801203,-0.169746052180134,0.404756395284731,0.404756395284731,0.118842380313567,0.146709047833469,0.146709047833469,0.000118755532536655,0.00627265887241708,-0.194246076167122,-0.0889297461220785,-0.0129946130931253,-0.00182484138941212,-0.278728004806195,-0.222838679773246,1,1,0,0,0,1,965,0,0,0,0,0,0,0.0993076933095481
0.965,0.523598775598299,0.632437777213893,4.79356500728263,-0.181405382673138,0.413903964691102,0.413903964691102,0.109694810907197,0.125411408964531,0.125411408964531,0.000123599142038864,0.00652849798550578,-0.188855941587635,-0.0891911651184231,-0.0129946130931253,-0.00182484138941212,-0.273343450109965,-0.218533812522791,1,1,0,0,0,1,966,0,0,0,0,0,0,0.104175098666304
0.966,0.523598775598299,0.637180167693349,4.69021783393903,-0.192830292708324,0.423195312624644,0.423195312624644,0.100403462973655,0.103954995348702,0.103954995348702,0.000128303770284023,0.00677699611837642,-0.183253447636309,-0.0893522929635392,-0.0129946130931253,-0.00182484138941212,-0.267653585870884,-0.213984855068705,1,1,0,0,0,1,967,0,0,0,0,0,0,0.108942067989385
0.967,0.523598775598299,0.641816219866041,4.58091112609599,-0.204007558339873,0.432619297372419,0.432619297372419,0.0909794782258803,0.0823655145904346,0.0823655145904346,0.00013286412714522,0.0070178738468978,-0.177444894046613,-0.0894129484769581,-0.0129946130931253,-0.00182484138941212,-0.261664810066085,-0.209196922493622,1,1,0,0,0,1,968,0,0,0,0,0,0,0.113602575222573
0.968,0.523598775598299,0.646340043591098,4.46578479256679,-0.214924305764276,0.442164644994952,0.442164644994952,0.0814341306033464,0.0606687604315361,0.0606687604315361,0.000137275084721738,0.00725086031571483,-0.171436812256114,-0.0893730634544888,-0.0129946130931253,-0.00182484138941212,-0.2553838567843,-0.204175398596145,1,1,0,0,0,1,969,0,0,0,0,0,0,0.118150730796919
0.969,0.523598775598299,0.650745891990888,4.34498541812961,-0.225568022431366,0.45181996215387,0.45181996215387,0.0717788134444284,0.0388905846591158,0.0388905846591158,0.000141531683105129,0.00747569354281229,-0.165235958062191,-0.0892326827449099,-0.0129946130931253,-0.00182484138941212,-0.2488177886537,-0.198925929837018,1,1,0,0,0,1,970,0,0,0,0,0,0,0.122580788404556
0.97,0.523598775598299,0.655028168027232,4.21866606308929,-0.235926567816237,0.461573749037275,0.461573749037275,0.0620250265610234,0.0170568690042373,0.0170568690042373,0.000145629135956391,0.00769212071410091,-0.158849304025464,-0.0889919641995396,-0.0129946130931253,-0.00182484138941212,-0.241973988900315,-0.193454418989957,1,1,0,0,0,1,971,0,0,0,0,0,0,0.126887151574909
0.971,0.523598775598299,0.659181430874396,4.08698605732236,-0.245988183841858,0.47141441237013,0.47141441237013,0.0521843632281683,-0.00480650294179333,-0.00480650294179333,0.000149562835887977,0.0078998984676946,-0.152284031629493,-0.0886511784947391,-0.0129946130931253,-0.00182484138941212,-0.234860153045949,-0.187767018504266,1,1,0,0,0,1,972,0,0,0,0,0,0,0.131064380047698
0.972,0.523598775598299,0.66320040208346,3.9501107889983,-0.255741504942385,0.481330278496753,0.481330278496753,0.0422684971015462,-0.0266736737664131,-0.0266736737664131,0.000153328359644576,0.00809879316755912,-0.145547523205541,-0.0882107088275505,-0.0129946130931253,-0.00182484138941212,-0.227484280254944,-0.181870123586707,1,1,0,0,0,1,973,0,0,0,0,0,0,0.135107195937303
0.973,0.523598775598299,0.667079971532818,3.80821148817529,-0.265175567757328,0.491309606522421,0.491309606522421,0.032289169075878,-0.0485188402028835,-0.0485188402028835,0.000156921473076853,0.00828858116622449,-0.138647353631503,-0.0876710504848102,-0.0129946130931253,-0.00182484138941212,-0.219854664339501,-0.175770365010397,1,1,0,0,0,1,974,0,0,0,0,0,0,0.139010489683275
0.974,0.523598775598299,0.670815203159808,3.66146500547377,-0.274279820446985,0.501340601500982,0.501340601500982,0.0222581740973167,-0.070316280998176,-0.070316280998176,0.000160338135902543,0.00846904905626578,-0.131591281814323,-0.0870328102862227,-0.0129946130931253,-0.00182484138941212,-0.211979884433692,-0.169474601658826,1,1,0,0,0,1,975,0,0,0,0,0,0,0.142769325781962
0.975,0.523598775598299,0.674401340468628,3.51005358603595,-0.283044131619751,0.511411427655256,0.511411427655256,0.0121873479430428,-0.0920403846543424,-0.0920403846543424,0.000163574506249553,0.00863999391026939,-0.124387241965473,-0.0862967059020214,-0.0129946130931253,-0.00182484138941212,-0.203868795346638,-0.162989912813372,1,1,0,0,0,1,976,0,0,0,0,0,0,0.146378948294434
0.976,0.523598775598299,0.677833811809953,3.35416463898427,-0.291458798862184,0.521510221616959,0.521510221616959,0.00208855398134011,-0.113665677016031,-0.113665677016031,0.000166626944975963,0.00880122350901517,-0.117043334679325,-0.0854635650459828,-0.0129946130931253,-0.00182484138941212,-0.195530517605704,-0.156323590192994,1,1,0,0,0,1,977,0,0,0,0,0,0,0.149834786126101
0.977,0.523598775598299,0.681108235427846,3.19399050259656,-0.299514556862972,0.531625105672799,0.531625105672799,-0.00802633007450049,-0.135166848676808,-0.135166848676808,0.000169492019762064,0.00895255655761759,-0.109567817824413,-0.0845343245447026,-0.0129946130931253,-0.00182484138941212,-0.186974427200911,-0.149483129755047,1,1,0,0,0,1,978,0,0,0,0,0,0,0.153132458073627
0.978,0.523598775598299,0.684220424269796,3.02972820541987,-0.307202585122226,0.541744201003359,0.541744201003359,-0.0181454254050599,-0.156518782177018,-0.156518782177018,0.000172166508969835,0.00909382288938307,-0.101969097257872,-0.0835100292841795,-0.0129946130931253,-0.00182484138941212,-0.178210145042081,-0.142476223266437,1,1,0,0,0,1,979,0,0,0,0,0,0,0.156267777634975
0.979,0.523598775598299,0.687166390555931,2.86157922354967,-0.314514515237847,0.551855640901326,0.551855640901326,-0.0282568653030271,-0.177696578965976,-0.177696578965976,0.000174647405265521,0.00922486365715425,-0.0942557173734474,-0.0823918310348915,-0.0129946130931253,-0.00182484138941212,-0.169247526140597,-0.135310749654605,1,1,0,0,0,1,980,0,0,0,0,0,0,0.159236757578621
0.98,0.523598775598299,0.689942350103694,2.68974923430489,-0.321442437761018,0.561947583955643,0.561947583955643,-0.0383488083573442,-0.198675586101423,-0.198675586101423,0.000176931919001231,0.00934553151192587,-0.0864363514937422,-0.0811809871566855,-0.0129946130931253,-0.00182484138941212,-0.160096648527914,-0.127994766148051,1,1,0,0,0,1,981,0,0,0,0,0,0,0.162035614268234
0.981,0.523598775598299,0.692544726404487,2.51444786653356,-0.327978908613231,0.572008227188113,0.572008227188113,-0.0484094515898142,-0.219431422659282,-0.219431422659282,0.000179017481351765,0.00945569076853162,-0.0785197921174863,-0.0798788591849372,-0.0129946130931253,-0.00182484138941212,-0.150767801923304,-0.120536499216374,1,1,0,0,0,1,982,0,0,0,0,0,0,0.164660771739322
0.982,0.523598775598299,0.694970154449031,2.33588844778745,-0.3341169550576,0.582025819129031,0.582025819129031,-0.0584270435307319,-0.239940005827001,-0.239940005827001,0.000180901747203134,0.00955521755821558,-0.0705149410327946,-0.0784869112995702,-0.0129946130931253,-0.00182484138941212,-0.141271476163561,-0.11294433532,1,1,0,0,0,1,983,0,0,0,0,0,0,0.167108865524602
0.983,0.523598775598299,0.697215484298446,2.15428774860776,-0.339850081217589,0.591988672818427,0.591988672818427,-0.0683898972201278,-0.260177576653912,-0.260177576653912,0.000182582597789525,0.00964399996791661,-0.0624307993075373,-0.0770067086786566,-0.0129946130931253,-0.00182484138941212,-0.131618349407689,-0.105226811480019,1,1,0,0,0,1,984,0,0,0,0,0,0,0.169376746225077
0.984,0.523598775598299,0.699277784398261,1.96986572416726,-0.345172273136681,0.60188517871955,0.60188517871955,-0.0782864031212509,-0.280120725432325,-0.280120725432325,0.000184058143075752,0.00972193816610916,-0.0542764571680761,-0.0754399157384502,-0.0129946130931253,-0.00182484138941212,-0.121819276129829,-0.0973926056787111,1,1,0,0,0,1,985,0,0,0,0,0,0,0.171461482824054
0.985,0.523598775598299,0.701154344632862,1.78284525351758,-0.350078003372883,0.611703817531282,0.611703817531282,-0.0881050419329832,-0.299746416683348,-0.299746416683348,0.000185326723882509,0.00978894451505904,-0.0460610837777418,-0.0737882942618304,-0.0129946130931253,-0.00182484138941212,-0.111885274913925,-0.0894505271015797,1,1,0,0,0,1,986,0,0,0,0,0,0,0.173360365741595
0.986,0.523598775598299,0.702842679118083,1.59345187669312,-0.354562235122427,0.621433172886236,0.621433172886236,-0.0978343972879376,-0.319032013721724,-0.319032013721724,0.000186386913752036,0.00984494366936778,-0.0377939169265552,-0.072053701417263,-0.0129946130931253,-0.00182484138941212,-0.101827516063863,-0.0814095062318467,1,1,0,0,0,1,987,0,0,0,0,0,0,0.17507090962711
0.987,0.523598775598299,0.704340528729944,1.40191352992604,-0.358620425867406,0.631061943921387,0.631061943921387,-0.107463168323088,-0.337955302774338,-0.337955302774338,0.000187237520552104,0.0098898726606949,-0.0294842526437795,-0.0702380876705039,-0.0129946130931253,-0.00182484138941212,-0.0916573090430006,-0.0732785848085571,1,1,0,0,0,1,988,0,0,0,0,0,0,0.176590855888103
0.988,0.523598775598299,0.705645863367758,1.20846027922899,-0.362248530542545,0.640578957708179,0.640578957708179,-0.11698018210988,-0.356494516627406,-0.356494516627406,0.000187877587816508,0.00992368096856275,-0.0211414347449832,-0.0683434945913948,-0.0129946130931253,-0.00182484138941212,-0.0813860897572274,-0.0650669056595793,1,1,0,0,0,1,989,0,0,0,0,0,0,0.17791817495328
0.989,0.523598775598299,0.706756883950123,1.01332405260476,-0.365443004216778,0.649973181529184,0.649973181529184,-0.126374405930885,-0.374628357777769,-0.374628357777769,0.000188306395820568,0.00994633057716435,-0.0127748443253727,-0.0663720525582166,-0.0129946130931253,-0.00182484138941212,-0.0710254076958371,-0.0567837024209385,1,1,0,0,0,1,990,0,0,0,0,0,0,0.179051068268546
0.99,0.523598775598299,0.707672024142533,0.816738371143951,-0.368200804285728,0.659233734988493,0.659233734988493,-0.135634959390194,-0.392336021064158,-0.392336021064158,0.000188523462390424,0.00995779601811033,-0.00439388921120493,-0.064325978362182,-0.0129946130931253,-0.00182484138941212,-0.0605869129446887,-0.0484382891540396,1,1,0,0,0,1,991,0,0,0,0,0,0,0.179987970024622
0.991,0.523598775598299,0.708389951815654,0.618938079273454,-0.370519392171681,0.668349901943199,0.668349901943199,-0.1447511263449,-0.409597215754776,-0.409597215754776,0.000188528543445215,0.00995806439906691,0.00399200661885976,-0.0622075727147611,-0.0129946130931253,-0.00182484138941212,-0.0500823430862466,-0.0400400498724551,1,1,0,0,0,1,992,0,0,0,0,0,0,0.180727548615322
0.992,0.523598775598299,0.708909570233523,0.420159074420144,-0.372396734528141,0.677311142243467,0.677311142243467,-0.153712366645168,-0.426392187067996,-0.426392187067996,0.000188321633271543,0.00994713541825267,0.0123734136305646,-0.0600192176606426,-0.0129946130931253,-0.00182484138941212,-0.0395235100012374,-0.0315984279900556,1,1,0,0,0,1,993,0,0,0,0,0,0,0.181268707825759
0.993,0.523598775598299,0.709230018971235,0.220638036355409,-0.373831303946505,0.686107103268887,0.686107103268887,-0.162508327670588,-0.442701737103561,-0.442701737103561,0.00018790296452989,0.00992502136477795,0.0207409073371123,-0.0577633738992397,-0.0129946130931253,-0.00182484138941212,-0.0289222865867616,-0.0231229157023484,1,1,0,0,0,1,994,0,0,0,0,0,0,0.181610587750035
0.994,0.523598775598299,0.709350674561926,0.0206121564870691,-0.374822079162944,0.694727631248963,0.694727631248963,-0.171128855650664,-0.458507245162188,-0.458507245162188,0.000187273007993006,0.00989174710482626,0.0290850788965435,-0.0554425780177529,-0.0129946130931253,-0.00182484138941212,-0.0182905934057952,-0.0146230433129627,1,1,0,0,0,1,995,0,0,0,0,0,0,0.181752565438226
0.995,0.523598775598299,0.709271150873128,-0.179681132633987,-0.375368544764052,0.703162782355845,0.703162782355845,-0.179564006757546,-0.473790687432071,-0.473790687432071,0.000186432472016546,0.00984735005369354,0.0373965456915259,-0.0530594396388998,-0.0129946130931253,-0.00182484138941212,-0.00764038528309254,-0.00610836851728305,1,1,0,0,0,1,996,0,0,0,0,0,0,0.181694255272749
0.996,0.523598775598299,0.708991299212856,-0.380004427324741,-0.375470690390342,0.711402833557572,0.711402833557572,-0.187804057959273,-0.488534656021401,-0.488534656021401,0.000185382301742563,0.0097918801337164,0.045665961879653,-0.0506166384865213,-0.0129946130931253,-0.00182484138941212,0.00301636213743603,0.0024115343447158,1,1,0,0,0,1,997,0,0,0,0,0,0,0.181435509074444
0.997,0.523598775598299,0.708511208166034,-0.580120622030637,-0.375129009437206,0.719438293220385,0.719438293220385,-0.195839517622086,-0.502722377316647,-0.502722377316647,0.000184123678036735,0.00972539971813694,0.0538840289023913,-0.0481169213723612,-0.0129946130931253,-0.00182484138941212,0.0136676658587549,0.0109270850543509,1,1,0,0,0,1,998,0,0,0,0,0,0,0.180976415939011
0.998,0.523598775598299,0.707831203162147,-0.779793177568078,-0.374344497253454,0.727259911448872,0.727259911448872,-0.203661135850573,-0.516337729647016,-0.516337729647016,0.000182658016160543,0.00964798356096698,0.0620415059408606,-0.0455630991074095,-0.0129946130931253,-0.00182484138941212,0.0243015490050059,0.0194287082867247,1,1,0,0,0,1,999,0,0,0,0,0,0,0.180317301804664
0.999,0.523598775598299,0.706951845775272,-0.978786388081426,-0.373118648838108,0.734858690152986,0.734858690152986,-0.211259914554687,-0.529365260236189,-0.529365260236189,0.000180986964179876,0.00955971871293084,0.0701292203066875,-0.0429580433412813,-0.0129946130931253,-0.00182484138941212,0.0349060542889249,0.0279068443777143,1,1,0,0,0,1,1000,0,0,0,0,0,0,0.179458728752166
1,0.523598775598299,0.705873932757904,-1.17686564644784,-0.371453456036626,0.742225892831255,0.742225892831255,-0.218627117232956,-0.541790201423158,-0.541790201423158,0.000179112401111863,0.009460704423581,0.0781380777562492,-0.0403046833331858,-0.0129946130931253,-0.00182484138941212,0.0454692574572323,0.0363519600733505,1,1,0,0,0,1,1001,0,0,0,0,0,0,0.178401494038663
1.001,0.523598775598299,0.70459849481027,-1.3737977078642,-0.369351404238283,0.749353054059773,0.749353054059773,-0.225754278461475,-0.553598486134729,-0.553598486134729,0.000177036434812005,0.00935105202969674,0.0860590727167127,-0.0376060026581156,-0.0129946130931253,-0.00182484138941212,0.0559792806988817,0.0447545592495035,1,1,0,0,0,1,1002,0,0,0,0,0,0,0.177146628866996
1.002,0.523598775598299,0.703126795087066,-1.56935095135168,-0.366815468576993,0.756231988676874,0.756231988676874,-0.232633213078576,-0.56477676259297,-0.56477676259297,0.000174761399603997,0.00923088483009142,0.0938832984123601,-0.0348650358519625,-0.0129946130931253,-0.00182484138941212,0.0664243060010769,0.0531051935898086,1,1,0,0,0,1,1003,0,0,0,0,0,0,0.175695396892452
1.003,0.523598775598299,0.70146032744385,-1.76329563891501,-0.36384910963834,0.762854800653702,0.762854800653702,-0.239256025055404,-0.575312408241792,-0.575312408241792,0.000172289853654894,0.00910033794696878,0.101601956879838,-0.0320848649993253,-0.0129946130931253,-0.00182484138941212,0.0767925884380693,0.0613944732098526,1,1,0,0,0,1,1004,0,0,0,0,0,0,0.174049292469151
1.004,0.523598775598299,0.69960081442555,-1.95540417209533,-0.360456268676196,0.76921389164118,0.76921389164118,-0.245615116042882,-0.585193542877434,-0.585193542877434,0.000169624576098573,0.00895955817398472,0.109206368861028,-0.0292686162678593,-0.0129946130931253,-0.00182484138941212,0.0870724693777412,0.0696130772156304,1,1,0,0,0,1,1005,0,0,0,0,0,0,0.172210038638567
1.005,0.523598775598299,0.697550204999836,-2.14545134565769,-0.356641362342772,0.77530196918429,0.77530196918429,-0.251703193585991,-0.594409040968739,-0.594409040968739,0.000166768563910732,0.00880870381118474,0.116687983562466,-0.026419456393047,-0.0129946130931253,-0.00182484138941212,0.097252389591192,0.0777517641844539,1,1,0,0,0,1,1006,0,0,0,0,0,0,0.170179584862902
1.006,0.523598775598299,0.69531067203834,-2.33321459815651,-0.352409276936544,0.78111205459481,0.78111205459481,-0.257513278996511,-0.602948543153639,-0.602948543153639,0.000163725028538941,0.00864794448700345,0.124038388270284,-0.0235405891173626,-0.0129946130931253,-0.00182484138941212,0.107320902250513,0.08580138255647,1,1,0,0,0,1,1007,0,0,0,0,0,0,0.167960104506308
1.007,0.523598775598299,0.692884609548978,-2.51847425912522,-0.347765362172987,0.786637490474141,0.786637490474141,-0.263038714875842,-0.610802466899427,-0.610802466899427,0.000160497392291515,0.0084774609675253,0.131249317809912,-0.0206352515878127,-0.0129946130931253,-0.00182484138941212,0.117266685800212,0.0937528809251625,1,1,0,0,0,1,1008,0,0,0,0,0,0,0.165553992067221
1.008,0.523598775598299,0.690274629662883,-2.70101379263902,-0.342715424483622,0.791871947878089,0.791871947878089,-0.26827317227979,-0.617962016314987,-0.617962016314987,0.000157089284489304,0.00829744495322216,0.138312663839852,-0.0177067107159269,-0.0129946130931253,-0.00182484138941212,0.127078556687735,0.101597318215206,1,1,0,0,0,1,1009,0,0,0,0,0,0,0.162963860165287
1.009,0.523598775598299,0.687483559379676,-2.88062003700314,-0.337265719849365,0.796809433115962,0.796809433115962,-0.273210657517664,-0.624419191104329,-0.624419191104329,0.000153504537384688,0.00810809886339514,0.145220483969133,-0.0147582595042684,-0.0129946130931253,-0.00182484138941212,0.136745481938848,0.109325873736286,1,1,0,0,0,1,1010,0,0,0,0,0,0,0.160192536286652
1.01,0.523598775598299,0.684514437075107,-3.05708344032246,-0.331422946174749,0.801444294176633,0.801444294176633,-0.277845518578335,-0.630166794651407,-0.630166794651407,0.000149747181852403,0.00790963560856415,0.15196501068813,-0.0117932133436171,-0.0129946130931253,-0.00182484138941212,0.146256591563665,0.116929857101527,1,1,0,0,0,1,1011,0,0,0,0,0,0,0.157243059291596
1.011,0.523598775598299,0.68137050877527,-3.23019829171199,-0.325194235210044,0.805771226774691,0.805771226774691,-0.282172451176392,-0.635198441227387,-0.635198441227387,0.000145821442857009,0.00770227835105998,0.158538660102767,-0.00881490628496756,-0.0129946130931253,-0.00182484138941212,0.155601190779447,0.124400717999422,1,1,0,0,0,1,1012,0,0,0,0,0,0,0.154118675688761
1.012,0.523598775598299,0.678055224201896,-3.39976294791214,-0.318587144028886,0.809785280010131,0.809785280010131,-0.286186504411832,-0.639508562312219,-0.639508562312219,0.000141731734702132,0.00748626025408947,0.164934040462223,-0.00582668729055558,-0.0129946130931253,-0.00182484138941212,0.164768772036345,0.131730055808235,1,1,0,0,0,1,1013,0,0,0,0,0,0,0.150822835680443
1.013,0.523598775598299,0.674572232593423,-3.56558005507668,-0.311609646069462,0.813481861635526,0.813481861635526,-0.289883086037228,-0.64309241202355,-0.64309241202355,0.00013748265606678,0.00726182421955433,0.171143960470615,-0.00283191646810661,-0.0129946130931253,-0.00182484138941212,0.173749026832651,0.138909629042104,1,1,0,0,0,1,1014,0,0,0,0,0,0,0.14735918898367
1.014,0.523598775598299,0.670925378306782,-3.72745676550614,-0.304270121747874,0.816856742924964,0.816856742924964,-0.293257967326665,-0.64594607164674,-0.64594607164674,0.000133078984834365,0.00702922261492009,0.177161437373251,0.000166038707437682,-0.0129946130931253,-0.00182484138941212,0.182531857306196,0.145931364618182,1,1,0,0,0,1,1015,0,0,0,0,0,0,0.143731580431994
1.015,0.523598775598299,0.667118696205077,-3.88520494910422,-0.296577348652722,0.819906063139518,0.819906063139518,-0.296307287541219,-0.648066453260955,-0.648066453260955,0.00012852567272019,0.00678871698944073,0.182979704808403,0.00316380718048688,-0.0129946130931253,-0.00182484138941212,0.191107387588919,0.152787366934441,1,1,0,0,0,1,1016,0,0,0,0,0,0,0.139944045363173
1.016,0.523598775598299,0.663156406836533,-4.03864139933985,-0.288540491330504,0.822626333584412,0.822626333584412,-0.299027557986113,-0.649451302457022,-0.649451302457022,0.000123827839703498,0.00654057778005955,0.188592220415755,0.0061580181053862,-0.0129946130931253,-0.00182484138941212,0.199465974911788,0.159469926747879,1,1,0,0,0,1,1017,0,0,0,0,0,0,0.136000804798126
1.017,0.523598775598299,0.65904291141032,-4.1875880335031,-0.280169090671843,0.825014441253528,0.825014441253528,-0.301415665655229,-0.650099200143996,-0.650099200143996,0.000118990768270292,0.00628508400731555,0.19399267319297,0.00914530463677421,-0.0129946130931253,-0.00182484138941212,0.207598220447648,0.165971529843208,1,1,0,0,0,1,1018,0,0,0,0,0,0,0.131906260416762
1.018,0.523598775598299,0.65478278657506,-4.33187208704851,-0.271473052909084,0.82706765205727,0.82706765205727,-0.303468876458971,-0.650009563442081,-0.650009563442081,0.000114019897473445,0.00602252296159872,0.199174990592105,0.0121223077154323,-0.0129946130931253,-0.00182484138941212,0.215494979879724,0.17228486548221,1,1,0,0,0,1,1019,0,0,0,0,0,0,0.127664989336489
1.019,0.523598775598299,0.650380779006029,-4.47132630182555,-0.262462638236172,0.82878361363035,0.82878361363035,-0.305184838032051,-0.649182645660853,-0.649182645660853,0.000108920816816737,0.00575318988010544,0.204133345347902,0.0150856798453898,-0.0129946130931253,-0.00182484138941212,0.223147373683985,0.178402834624321,1,1,0,0,0,1,1020,0,0,0,0,0,0,0.123281738699428
1.02,0.523598775598299,0.645841799807271,-4.6057891080019,-0.253148449062283,0.830160357716419,0.830160357716419,-0.306561582118121,-0.647619535362409,-0.647619535362409,0.000103699259969738,0.00547738761485903,0.208862162030259,0.0180320888580161,-0.0129946130931253,-0.00182484138941212,0.230546797113722,0.184318557909149,1,1,0,0,0,1,1021,0,0,0,0,0,0,0.118761420074523
1.021,0.523598775598299,0.641170918735015,-4.73510479949161,-0.243541417910985,0.831196302127006,0.831196302127006,-0.307597526528708,-0.645322154510368,-0.645322154510368,9.8361098320569e-05,0.00519542629216677,0.213356123313538,0.0209582216588879,-0.0129946130931253,-0.00182484138941212,0.237684929875181,0.190025383391991,1,1,0,0,0,1,1022,0,0,0,0,0,0,0.114109103680973
1.022,0.523598775598299,0.636373358248995,-4.85912370270674,-0.233652794977248,0.831890252272608,0.831890252272608,-0.308291476674309,-0.642293255706388,-0.642293255706388,9.29123343738127e-05,0.00490762296389844,0.217610175955637,0.0238607879531989,-0.0129946130931253,-0.00182484138941212,0.244553745483323,0.195516894023613,1,1,0,0,0,1,1023,0,0,0,0,0,0,0.109330012439546
1.023,0.523598775598299,0.631454487398418,-4.97770233845794,-0.223494135354928,0.832241402264342,0.832241402264342,-0.308642626666043,-0.638536418517094,-0.638536418517094,8.73590950009821e-05,0.00461430125097623,0.221619536480119,0.026736523945542,-0.0129946130931253,-0.00182484138941212,0.251145520287225,0.200786914865924,1,1,0,0,0,1,1024,0,0,0,0,0,0,0.104429515858563
1.024,0.523598775598299,0.626419815549543,-5.09070357683636,-0.213077285947835,0.832249335584922,0.832249335584922,-0.308650559986623,-0.634056044895091,-0.634056044895091,8.17076245511588e-05,0.00431579097947924,0.225379696554995,0.0295821960098845,-0.0129946130931253,-0.00182484138941212,0.257452842154946,0.20582952003538,1,1,0,0,0,1,1025,0,0,0,0,0,0,0.0994131237614744
1.025,0.523598775598299,0.621274985961937,-5.19799678491652,-0.202414372077788,0.831914025328304,0.831914025328304,-0.308315249730006,-0.628857353698943,-0.628857353698943,7.59642778295152e-05,0.00401242780976952,0.22888642806213,0.0323946043256286,-0.0129946130931253,-0.00182484138941212,0.263468618808116,0.210639039366367,1,1,0,0,0,1,1026,0,0,0,0,0,0,0.0942864798631268
1.026,0.523598775598299,0.6160257692207,-5.2994579671271,-0.191517783803519,0.831235834007724,0.831235834007724,-0.307637058409425,-0.622946374317817,-0.622946374317817,7.01355129516476e-05,0.00370455285905845,0.232135787851557,0.0351705864756528,-0.0129946130931253,-0.00182484138941212,0.269186085796856,0.215210064787024,1,1,0,0,0,1,1027,0,0,0,0,0,0,0.0890553552019874
1.027,0.523598775598299,0.61067805653203,-5.39496989814427,-0.180400161964554,0.830215512932381,0.830215512932381,-0.306616737334082,-0.616329939407583,-0.616329939407583,6.42278840817412e-05,0.00339251231783712,0.235124122175355,0.0379070210022952,-0.0129946130931253,-0.00182484138941212,0.274598814106075,0.219537456400351,1,1,0,0,0,1,1028,0,0,0,0,0,0,0.0837256414357197
1.028,0.523598775598299,0.605237852889703,-5.48442224816997,-0.169074383964599,0.828854201153488,0.828854201153488,-0.30525542555519,-0.609015676746148,-0.609015676746148,5.82480340627212e-05,0.0030766570606014,0.237848070796116,0.0406008309172862,-0.0129946130931253,-0.00182484138941212,0.279700717384591,0.223616348263785,1,1,0,0,0,1,1029,0,0,0,0,0,0,0.0783033440076648
1.029,0.523598775598299,0.599711270120129,-5.5677117004652,-0.157553549309254,0.82715342398084,0.82715342398084,-0.303554648382541,-0.601012000216659,-0.601012000216659,5.22026869467064e-05,0.00275734225131109,0.240304570765365,0.0432489871616677,-0.0129946130931253,-0.00182484138941212,0.284486058788931,0.227442153860711,1,1,0,0,0,1,1030,0,0,0,0,0,0,0.0727945751919057
1.03,0.523598775598299,0.594104519813805,-5.64474206101694,-0.14585096491317,0.825115091071585,0.825115091071585,-0.301516315473286,-0.592328099928368,-0.592328099928368,4.60986404341281e-05,0.00243492694402465,0.242490859867702,0.0458485120118287,-0.0129946130931253,-0.00182484138941212,0.288949457434143,0.23101057125778,1,1,0,0,0,1,1031,0,0,0,0,0,0,0.067205547024722
1.031,0.523598775598299,0.588423906151074,-5.71542436022514,-0.133980130192093,0.822741494093296,0.822741494093296,-0.299142718494997,-0.58297393148571,-0.58297393148571,3.99427582300557e-05,0.00210977367916088,0.244404479726776,0.0483964824278063,-0.0129946130931253,-0.00182484138941212,0.293085894444331,0.234317587942222,1,1,0,0,0,1,1032,0,0,0,0,0,0,0.0615425641303587
1.032,0.523598775598299,0.582675818630239,-5.7796769465048,-0.121954721955462,0.820035303963969,0.820035303963969,-0.29643652836567,-0.572960204417256,-0.572960204417256,3.37419623262806e-05,0.00178224807583914,0.246043278569613,0.0508900333401077,-0.0129946130931253,-0.00182484138941212,0.296890718596148,0.23735948533373,1,1,0,0,0,1,1033,0,0,0,0,0,0,0.0558120164491426
1.033,0.523598775598299,0.576866724706154,-5.83742557170668,-0.109788579115516,0.816999567671969,0.816999567671969,-0.29340079207367,-0.562298369777023,-0.562298369777023,2.75032252178828e-05,0.00145271842075895,0.247405413646179,0.0533263608713374,-0.0129946130931253,-0.00182484138941212,0.300359651548863,0.240132842965815,1,1,0,0,0,1,1034,0,0,0,0,0,0,0.0500203718760781
1.034,0.523598775598299,0.571003162347523,-5.88860346826876,-0.0974956872290857,0.813637704679483,0.813637704679483,-0.290038929081184,-0.551000606931631,-0.551000606931631,2.12335620629863e-05,0.00112155525407878,0.248489353301462,0.0557027254890267,-0.0129946130931253,-0.00182484138941212,0.303488792655156,0.242634542331959,1,1,0,0,0,1,1035,0,0,0,0,0,0,0.0441741688181526
1.035,0.523598775598299,0.565091732521215,-5.93315141801942,-0.0850901628884729,0.809953502913442,0.809953502913442,-0.286354727315143,-0.539079809547618,-0.539079809547618,1.49400227945641e-05,0.000789130952762221,0.249293878697749,0.0580164550861005,-0.0129946130931253,-0.00182484138941212,0.306274623347199,0.244861770392227,1,1,0,0,0,1,1036,0,0,0,0,0,0,0.0382800086786566
1.036,0.523598775598299,0.559139091611977,-5.97101781256205,-0.072586237978005,0.805951114348367,0.805951114348367,-0.282352338750068,-0.526549570794234,-0.526549570794234,8.62968419311836e-06,0.000455819311857433,0.249818085185142,0.0602649479855371,-0.0129946130931253,-0.00182484138941212,0.308714011093125,0.24681202273639,1,1,0,0,0,1,1037,0,0,0,0,0,0,0.0323445482769048
1.037,0.523598775598299,0.553151943786007,-6.00215870517987,-0.0599982438130514,0.801635050186022,0.801635050186022,-0.278036274587723,-0.513424167777768,-0.513424167777768,2.30964192919458e-06,0.000121995124183348,0.250061383318803,0.0624456758658238,-0.0129946130931253,-0.00182484138941212,0.310804212919398,0.248483106400015,1,1,0,0,0,1,1038,0,0,0,0,0,0,0.0263744922118093
1.038,0.523598775598299,0.547137033306874,-6.02653785420873,-0.0473405951784343,0.797010175637222,0.797010175637222,-0.273411400038923,-0.49971854522448,-0.49971854522448,-4.01299741536847e-06,-0.000211966241107362,0.250023499521747,0.0645561866039364,-0.0129946130931253,-0.00182484138941212,0.312542878495164,0.249873142330348,1,1,0,0,0,1,1039,0,0,0,0,0,0,0.0203765851778074
1.039,0.523598775598299,0.541101136812352,-6.04412675783483,-0.0346277742833224,0.792081704311571,0.792081704311571,-0.268482928713273,-0.485448298429904,-0.485448298429904,-1.0331124338435e-05,-0.000545689260612138,0.249704476392472,0.066594107032629,-0.0129946130931253,-0.00182484138941212,0.313928052775077,0.250980567499219,1,1,0,0,0,1,1040,0,0,0,0,0,0,0.0143576042417036
1.04,0.523598775598299,0.535051055560764,-6.05490468028339,-0.0218743146498068,0.786855192221353,0.786855192221353,-0.263256416623054,-0.470629655493232,-0.470629655493232,-1.66376344118743e-05,-0.000878798678937019,0.249104672657056,0.0685571456089494,-0.0129946130931253,-0.00182484138941212,0.314958178197656,0.251804136660589,1,1,0,0,0,1,1041,0,0,0,0,0,0,0.00832435108901497
1.041,0.523598775598299,0.528993607655446,-6.05885866937367,-0.00909478495247551,0.781336531406215,0.781336531406215,-0.257737755807916,-0.455279458856218,-0.455279458856218,-2.29254362701355e-05,-0.00121091993065259,0.248224762765789,0.0704430949909647,-0.0129946130931253,-0.00182484138941212,0.315632096436689,0.252342923750769,1,1,0,0,0,1,1042,0,0,0,0,0,0,0.00228364424844274
1.042,0.523598775598299,0.522935620255983,-6.0559835654249,0.00369622717362653,0.775531943185719,0.775531943185719,-0.251933167587421,-0.439415146166856,-0.439415146166856,-2.91874595841567e-05,-0.00154167956147529,0.247065736134785,0.0722498345198143,-0.0129946130931253,-0.00182484138941212,0.315949049703711,0.252596322929736,1,1,0,0,0,1,1043,0,0,0,0,0,0,-0.00375768869688653
1.043,0.523598775598299,0.516883921784867,-6.04628200150703,0.0164841313391877,0.769447971047237,0.769447971047237,-0.245849195448938,-0.423054730488827,-0.423054730488827,-3.54166630115964e-05,-0.00187070564819811,0.245628896033431,0.0739753326042844,-0.0129946130931253,-0.00182484138941212,0.315908681600105,0.25256404926237,1,1,0,0,0,1,1044,0,0,0,0,0,0,-0.00979281890275885
1.044,0.523598775598299,0.510845334138227,-6.02976439503966,0.0292543506034725,0.763091473177076,0.763091473177076,-0.239492697578778,-0.406216779878489,-0.406216779878489,-4.16060421144937e-05,-0.00219762821690082,0.243915858118924,0.0756176490052377,-0.0129946130931253,-0.00182484138941212,0.315511037517849,0.252246139038849,1,1,0,0,0,1,1045,0,0,0,0,0,0,-0.0158149240531344
1.045,0.523598775598299,0.504826664909288,-6.00644893075164,0.0419923376562866,0.75646961464313,0.75646961464313,-0.232870839044831,-0.38892039635183,-0.38892039635183,-4.7748637235409e-05,-0.00252207965896718,0.241928548619545,0.0771749370173154,-0.0129946130931253,-0.00182484138941212,0.314756564588481,0.251642949733843,1,1,0,0,0,1,1046,0,0,0,0,0,0,-0.0218171961366873
1.046,0.523598775598299,0.498834699633172,-5.97636153502344,0.054683590961535,0.749589859237721,0.749589859237721,-0.225991083639423,-0.371185194264563,-0.371185194264563,-5.38375413232333e-05,-0.0028436951444436,0.239669202168704,0.0786454455454704,-0.0129946130931253,-0.00182484138941212,0.313646111180319,0.250755159604549,1,1,0,0,0,1,1047,0,0,0,0,0,0,-0.0277928492019932
1.047,0.523598775598299,0.492876194061665,-5.93953584164346,0.0673136708448568,0.742459960989695,0.742459960989695,-0.218861185391396,-0.353031278129163,-0.353031278129163,-5.98659076998214e-05,-0.00316211303227223,0.237140359292207,0.080027521073987,-0.0129946130931253,-0.00182484138941212,0.31218092594451,0.249583766928029,1,1,0,0,0,1,1048,0,0,0,0,0,0,-0.0337351270827643
1.048,0.523598775598299,0.486957866476491,-5.89601314901899,0.0798682155078568,0.735087955355181,0.735087955355181,-0.211489179756883,-0.334479219893301,-0.334479219893301,-6.58269577587622e-05,-0.0034769752769394,0.234344863551554,0.0813196095257813,-0.0129946130931253,-0.00182484138941212,0.310362656410984,0.248130088878691,1,1,0,0,0,1,1049,0,0,0,0,0,0,-0.0396373110845636
1.049,0.523598775598299,0.481086390049636,-5.84584236889177,0.0923329569515115,0.727482150096825,0.727482150096825,-0.203883374498526,-0.315550035704734,-0.315550035704734,-7.17139885875826e-05,-0.00378792783107995,0.231285858346496,0.0825202580098838,-0.0129946130931253,-0.00182484138941212,0.308193347135888,0.246395760047189,1,1,0,0,0,1,1050,0,0,0,0,0,0,-0.0454927276244775
1.05,0.523598775598299,0.475268385259178,-5.78907996661716,0.104693736791399,0.719651115861588,0.719651115861588,-0.196052340263289,-0.296265162188297,-0.296265162188297,-7.75203805048584e-05,-0.00409462104358682,0.227966783380428,0.0836281164551469,-0.0129946130931253,-0.00182484138941212,0.305675437402576,0.24438273060241,1,1,0,0,0,1,1051,0,0,0,0,0,0,-0.051294755815281
1.051,0.523598775598299,0.469510412369027,-5.7257898930755,0.116936521947505,0.711603676467627,0.711603676467627,-0.188004900869328,-0.276646432261203,-0.276646432261203,-8.32396045037164e-05,-0.00439671005277638,0.224391370792616,0.0846419391283326,-0.0129946130931253,-0.00182484138941212,0.30281175847876,0.2420932640986,1,1,0,0,0,1,1052,0,0,0,0,0,0,-0.0570368349856919
1.052,0.523598775598299,0.463818963980906,-5.65604350829296,0.129047420191467,0.703348898911012,0.703348898911012,-0.179750123312713,-0.256716050513372,-0.256716050513372,-8.88652295933968e-05,-0.00469385517416922,0.22056364096158,0.0855605860348814,-0.0129946130931253,-0.00182484138941212,0.29960553043288,0.239529934930106,1,1,0,0,0,1,1053,0,0,0,0,0,0,-0.0627124721283837
1.053,0.523598775598299,0.458200457666822,-5.5799194968585,0.141012695534252,0.694896083103419,0.694896083103419,-0.17129730750512,-0.236496568180018,-0.236496568180018,-9.43909300305805e-05,-0.00498572228244833,0.216487897984379,0.0863830242007791,-0.0129946130931253,-0.00182484138941212,0.296060358513297,0.236695625436597,1,1,0,0,0,1,1054,0,0,0,0,0,0,-0.0683152492675108
1.054,0.523598775598299,0.452661228690178,-5.4975037752325,0.152818783437436,0.686254751352187,0.686254751352187,-0.162655975753889,-0.216010857734171,-0.216010857734171,-9.98104924323922e-05,-0.00527198318716744,0.212168724836855,0.0871083288340877,-0.0129946130931253,-0.00182484138941212,0.292180229094363,0.233593522662009,1,1,0,0,0,1,1055,0,0,0,0,0,0,-0.0738388307375865
1.055,0.523598775598299,0.447207522823596,-5.40888939105144,0.164452305831397,0.677434637594469,0.677434637594469,-0.153835861996171,-0.195282087127289,-0.195282087127289,-0.000105117822763039,-0.00555231600178478,0.207610978220309,0.0877356843648278,-0.0129946130931253,-0.00182484138941212,0.28796950519394,0.230227114770874,1,1,0,0,0,1,1056,0,0,0,0,0,0,-0.0792769703656608
1.056,0.523598775598299,0.44184548927138,-5.31417641454171,0.17590008592396,0.668445676397418,0.668445676397418,-0.144846900799119,-0.174333693706439,-0.174333693706439,-0.000110306953186269,-0.00582640550560939,0.202819783100362,0.088264385362049,-0.0129946130931253,-0.00182484138941212,0.283432921567389,0.226600187126038,1,1,0,0,0,1,1057,0,0,0,0,0,0,-0.0846235185488459
1.057,0.523598775598299,0.436581173704471,-5.21347182216461,0.187149162783228,0.659297991736686,0.659297991736686,-0.135699216138387,-0.153189357837014,-0.153189357837014,-0.000115372048775902,-0.00609394349825112,0.19780052694419,0.0886938373270515,-0.0129946130931253,-0.00182484138941212,0.278575579383578,0.222716818032215,1,1,0,0,0,1,1058,0,0,0,0,0,0,-0.0898724292193609
1.058,0.523598775598299,0.431420511415577,-5.10688937262262,0.198186805678558,0.650001885565697,0.650001885565697,-0.126403109967398,-0.131872976260157,-0.131872976260157,-0.000120307414076938,-0.0063546291461775,0.19255885366257,0.0890235573618724,-0.0129946130931253,-0.00182484138941212,0.273402940488853,0.21858137415012,1,1,0,0,0,1,1059,0,0,0,0,0,0,-0.0950177666893913
1.059,0.523598775598299,0.426369320602069,-4.99454947536599,0.20900052816392,0.640567826188448,0.640567826188448,-0.116969050590149,-0.110408635214515,-0.110408635214515,-0.000125107499509803,-0.00660816932098598,0.187100657263584,0.0892531747122801,-0.0129946130931253,-0.00182484138941212,0.267920821265466,0.21419850558638,1,1,0,0,0,1,1060,0,0,0,0,0,0,-0.100053712368193
1.06,0.523598775598299,0.421433295784046,-4.87657905174651,0.219578101888109,0.631006436448751,0.631006436448751,-0.107407660850452,-0.088820583352067,-0.088820583352067,-0.000129766907610597,-0.00685427892901321,0.181432075225081,0.0893824311846702,-0.0129946130931253,-0.00182484138941212,0.262135386091326,0.209573140664705,1,1,0,0,0,1,1061,0,0,0,0,0,0,-0.104974571344014
1.061,0.523598775598299,0.416618001364877,-4.75311138897363,0.229907570116597,0.621328481749111,0.621328481749111,-0.0977297061508124,-0.0671332044781734,-0.0671332044781734,-0.000134280399100274,-0.00709268123190854,0.175559481593391,0.0894111814363912,-0.0129946130931253,-0.00182484138941212,0.256053140408462,0.204710480384234,1,1,0,0,0,1,1062,0,0,0,0,0,0,-0.109774778823555
1.062,0.523598775598299,0.411928865341299,-4.62428598703599,0.2399772609501,0.611544857912555,0.611544857912555,-0.0879460823142563,-0.0453709901460391,-0.0453709901460391,-0.000138642898775961,-0.00732310815781338,0.169489479816008,0.0893393931391757,-0.0129946130931253,-0.00182484138941212,0.249680923407958,0.199615992571256,1,1,0,0,0,1,1063,0,0,0,0,0,0,-0.114448906421863
1.063,0.523598775598299,0.407371173170051,-4.49024839875919,0.249775800225271,0.601666578900963,0.601666578900963,-0.0780678033026638,-0.0235585121361143,-0.0235585121361143,-0.000142849501217773,-0.00754530060279459,0.163228895316343,0.0891671470154916,-0.0129946130931253,-0.00182484138941212,0.243025900339628,0.194295405730912,1,1,0,0,0,1,1064,0,0,0,0,0,0,-0.118991668295687
1.064,0.523598775598299,0.402950061797805,-4.3511500631783,0.259292124083238,0.591704764403563,0.591704764403563,-0.0681059888052643,-0.00172039485093264,-0.00172039485093264,-0.000146895476304729,-0.00775900872219477,0.156784767818855,0.0888946367477739,-0.0129946130931253,-0.00182484138941212,0.236095554455022,0.188754702605758,1,1,0,0,0,1,1065,0,0,0,0,0,0,-0.123397927113548
1.065,0.523598775598299,0.398670513860992,-4.20714813241069,0.268515491192117,0.581670627309464,0.581670627309464,-0.0580718517111652,0.0201187123438283,0.0201187123438283,-0.000150776274533536,-0.00796399221157007,0.150164343433232,0.0885221687606381,-0.0129946130931253,-0.00182484138941212,0.228897678592888,0.183000113448472,1,1,0,0,0,1,1066,0,0,0,0,0,0,-0.127662699855905
1.066,0.523598775598299,0.394537352061921,-4.05840529222246,0.277435494609936,0.571575461078145,0.571575461078145,-0.0479766854798465,0.0419341628014056,0.0419341628014056,-0.000154487532134291,-0.00816002057690131,0.14337506650648,0.0880501618763203,-0.0129946130931253,-0.00182484138941212,0.221440366416487,0.177038109016224,1,1,0,0,0,1,1067,0,0,0,0,0,0,-0.131781163439028
1.067,0.523598775598299,0.390555233727407,-3.9050895764882,0.286042073274845,0.56143062702204,0.56143062702204,-0.0378318514237409,0.0637013402682292,0.0637013402682292,-0.000158025075977325,-0.00834687339377297,0.136424571252125,0.0874791468437324,-0.0129946130931253,-0.00182484138941212,0.213732003312672,0.170875393294633,1,1,0,0,0,1,1068,0,0,0,0,0,0,-0.135748660156372
1.068,0.523598775598299,0.386728645555897,-3.74737417575101,0.294325523109869,0.551247541515348,0.551247541515348,-0.0276487659170496,0.085395686519726,0.085395686519726,-0.000161384928265688,-0.00852434055523015,0.129320673165901,0.0868097657416597,-0.0129946130931253,-0.00182484138941212,0.205781256962918,0.164518895959451,1,1,0,0,0,1,1069,0,0,0,0,0,0,-0.139560702931433
1.069,0.523598775598299,0.383061898558913,-3.58543724009593,0.302276507729878,0.5410376631434,0.5410376631434,-0.0174388875451011,0.106992728926776,0.106992728926776,-0.00016456331100799,-0.00869222250803334,0.122071360237611,0.0860427712567755,-0.0129946130931253,-0.00182484138941212,0.197597067596941,0.157975764584487,1,1,0,0,0,1,1070,0,0,0,0,0,0,-0.143212980376312
1.07,0.523598775598299,0.379559123202356,-3.4194616765565,0.309886068738872,0.53081247980685,0.53081247980685,-0.00721370420855161,0.128468107922244,0.128468107922244,-0.000167556650266568,-0.00885033047704671,0.11468478396901,0.0851790258372802,-0.0129946130931253,-0.00182484138941212,0.189188637939832,0.151253356604495,1,1,0,0,0,1,1071,0,0,0,0,0,0,-0.146701361650396
1.071,0.523598775598299,0.376224264753056,-3.24963494128008,0.317145635606171,0.520583495795161,0.520583495795161,0.00301527980313809,0.149797604336862,0.149797604336862,-0.000170361580176204,-0.00899848667750631,0.107169250207846,0.0842195007231213,-0.0129946130931253,-0.00182484138941212,0.180565422864048,0.144359231042105,1,1,0,0,0,1,1072,0,0,0,0,0,0,-0.15002190111381
1.072,0.523598775598299,0.373061078835675,-3.07614882668336,0.324047035110476,0.510362218843734,0.510362218843734,0.013236556754565,0.170957166574143,0.170957166574143,-0.000172974946728884,-0.00913652451493072,0.0995332098083214,0.0831652748538795,-0.0129946130931253,-0.00182484138941212,0.171737118757858,0.137301140008059,1,1,0,0,0,1,1073,0,0,0,0,0,0,-0.153170842770501
1.073,0.523598775598299,0.370073127204863,-2.89919924383529,0.330582500341338,0.500160147189208,0.500160147189208,0.0234386284090905,0.191922937593899,0.191922937593899,-0.000175393811320319,-0.00926428877244823,0.0917852491285345,0.0820175336555549,-0.0129946130931253,-0.00182484138941212,0.162713652622229,0.130087019984345,1,1,0,0,0,1,1074,0,0,0,0,0,0,-0.156144624496083
1.074,0.523598775598299,0.367263773737315,-2.71898600030973,0.336744679247964,0.489988756637314,0.489988756637314,0.0336100189609851,0.212671281674428,0.212671281674428,-0.000177615454054272,-0.00938163578533095,0.0839340803755169,0.0807775677076114,-0.0129946130931253,-0.00182484138941212,0.153505170908385,0.122724982899999,1,1,0,0,0,1,1075,0,0,0,0,0,0,-0.158939882045772
1.075,0.523598775598299,0.364636180648137,-2.5357125737552,0.342526642725867,0.479859487657779,0.479859487657779,0.0437392879405198,0.233178810923374,0.233178810923374,-0.000179637376800943,-0.0094884336025386,0.0759885318087943,0.0794467712917839,-0.0129946130931253,-0.00182484138941212,0.144122028108628,0.115223307009642,1,1,0,0,0,1,1076,0,0,0,0,0,0,-0.16155345283801
1.076,0.523598775598299,0.362193304935682,-2.34958588143416,0.347921892232309,0.469783732520656,0.469783732520656,0.0538150430776431,0.253422411507856,0.253422411507856,-0.000181457306005999,-0.00958456213509133,0.0679575378134207,0.0780266408242744,-0.0129946130931253,-0.00182484138941212,0.134574775113192,0.107590427584974,1,1,0,0,0,1,1077,0,0,0,0,0,0,-0.163982379509631
1.077,0.523598775598299,0.359937895058752,-2.16081604598826,0.352924366922048,0.459772822488479,0.459772822488479,0.0638259531098196,0.273379269574439,0.273379269574439,-0.000183073195247074,-0.00966991329110373,0.0598501288537085,0.076518773173106,-0.0129946130931253,-0.00182484138941212,0.124874147346299,0.0998349274297267,1,1,0,0,0,1,1078,0,0,0,0,0,0,-0.166223913238648
1.078,0.523598775598299,0.357872487849816,-1.96961615769075,0.357528450295404,0.449838015078525,0.449838015078525,0.0737607605197739,0.293026896830178,0.293026896830178,-0.000184483227534873,-0.00974439109732911,0.0516754213188955,0.0749248638625202,-0.0129946130931253,-0.00182484138941212,0.115031052694675,0.0919655272287094,1,1,0,0,0,1,1079,0,0,0,0,0,0,-0.168275516831033
1.079,0.523598775598299,0.355999405667614,-1.77620203345073,0.361728976351227,0.439990481409442,0.439990481409442,0.0836082941888567,0.312343155756043,0.312343155756043,-0.000185685817356288,-0.00980791180707664,0.0434426072722183,0.0732467051664442,-0.0129946130931253,-0.00182484138941212,0.105056559242174,0.0839910757418282,1,1,0,0,0,1,1080,0,0,0,0,0,0,-0.170134867568104
1.08,0.523598775598299,0.354320753792283,-1.58079197283785,0.365521235237839,0.430241293646356,0.430241293646356,0.0933574819519427,0.331306284424713,0.331306284424713,-0.00018667961245723,-0.00986040399438058,0.0351609441148685,0.0714861840931626,-0.0129946130931253,-0.00182484138941212,0.0949618828242384,0.075920539854073,1,1,0,0,0,1,1081,0,0,0,0,0,0,-0.171799859811395
1.081,0.523598775598299,0.352838418065822,-1.38360651139929,0.368900978395659,0.420601412558524,0.420601412558524,0.102997363039775,0.349894920894892,0.349894920894892,-0.000187463495363177,-0.00990180863431517,0.0268397441765079,0.0696452802634714,-0.0129946130931253,-0.00182484138941212,0.084758374416252,0.0677629944927022,1,1,0,0,0,1,1082,0,0,0,0,0,0,-0.173268607362187
1.082,0.523598775598299,0.351554062780483,-1.18486817154378,0.371864423185705,0.411081675203395,0.411081675203395,0.112517100394904,0.368088127155046,0.368088127155046,-0.000188036584635714,-0.00993207916936548,0.0184883642439883,0.0677260636846864,-0.0129946130931253,-0.00182484138941212,0.0744575073698971,0.0595276124229116,1,1,0,0,0,1,1083,0,0,0,0,0,0,-0.174539445573108
1.083,0.523598775598299,0.350469128817384,-0.984801211270494,0.374408256998789,0.401692782750902,0.401692782750902,0.121905992847397,0.385865412589668,0.385865412589668,-0.000188398235863674,-0.00995118156177893,0.0101161950401126,0.0657306924230236,-0.0129946130931253,-0.00182484138941212,0.0640708645119452,0.0512236539335177,1,1,0,0,0,1,1084,0,0,0,0,0,0,-0.175610933209517
1.084,0.523598775598299,0.349584832037347,-0.783631371022597,0.376529640840771,0.392445288461544,0.392445288461544,0.131153487136755,0.403206756942001,0.403206756942001,-0.000188548042387743,-0.0099590943318392,0.00173265066420696,0.0636614101769552,-0.0129946130931253,-0.00182484138941212,0.0536101251199109,0.0428604564241976,1,1,0,0,0,1,1085,0,0,0,0,0,0,-0.176481854058661
1.085,0.523598775598299,0.348902161925704,-0.581585618947846,0.378226212389831,0.383349585831752,0.383349585831752,0.140249189766547,0.420092632747419,0.420092632747419,-0.000188485835757731,-0.00995580858201907,-0.00665284199356493,0.0615205437542818,-0.0129946130931253,-0.00182484138941212,0.0430870517892857,0.0344474239060477,1,1,0,0,0,1,1086,0,0,0,0,0,0,-0.17715121828486
1.086,0.523598775598299,0.348421880492528,-0.378891894850018,0.379496088522292,0.374415896919742,0.374415896919742,0.149182878678557,0.43650402721253,0.43650402721253,-0.000188211685921983,-0.00994132800698529,-0.0150308538522979,0.0593105004557464,-0.0129946130931253,-0.00182484138941212,0.0325134772070511,0.025994016427214,1,1,0,0,0,1,1087,0,0,0,0,0,0,-0.177618263529274
1.087,0.523598775598299,0.348144521429435,-0.175778853116704,0.380337867304153,0.365654260864976,0.365654260864976,0.157944514733323,0.452422463515405,0.452422463515405,-0.000187725901148731,-0.0099156688894441,-0.0233919642428757,0.0570337653681454,-0.0129946130931253,-0.00182484138941212,0.0219012908464135,0.0175097394355409,1,1,0,0,0,1,1088,0,0,0,0,0,0,-0.177882455753093
1.088,0.523598775598299,0.348070389523862,0.0275243950899506,0.380750629446016,0.357074522614001,0.357074522614001,0.166524252984298,0.467830021503271,0.467830021503271,-0.000187029027679456,-0.0098788600818321,-0.0317267715010732,0.0546928985699638,-0.0129946130931253,-0.00182484138941212,0.0112624255976464,0.0090041330901392,1,1,0,0,0,1,1089,0,0,0,0,0,0,-0.177943489823257
1.089,0.523598775598299,0.348199560331396,0.230788540092089,0.380733939219782,0.34868632186535,0.34868632186535,0.174912453732949,0.482709357764362,0.482709357764362,-0.000186121849114668,-0.00983094297387312,-0.0400259035392582,0.0522905322526955,-0.0129946130931253,-0.00182484138941212,0.000608844350152019,0.000486761533953549,1,1,0,0,0,1,1090,0,0,0,0,0,0,-0.177801289840114
1.09,0.523598775598299,0.348531880106472,0.433784332116586,0.380287844835994,0.340499082245804,0.340499082245804,0.183099693352494,0.497043725051645,0.497043725051645,-0.000185005385532784,-0.00977197144603741,-0.048280028384865,0.0498293677610669,-0.0129946130931253,-0.00182484138941212,-0.0100474734592477,-0.00803279786066806,1,1,0,0,0,1,1091,0,0,0,0,0,0,-0.177456009206726
1.091,0.523598775598299,0.349066965991447,0.636282839588883,0.379412878281403,0.332522000730195,0.332522000730195,0.191076774868104,0.51081699103654,0.51081699103654,-0.000183680892343104,-0.00970201180895574,-0.0564798646737324,0.0473121725555098,-0.0129946130931253,-0.00182484138941212,-0.0206945453165905,-0.0165449652612522,1,1,0,0,0,1,1092,0,0,0,0,0,0,-0.176908030439784
1.092,0.523598775598299,0.349804206463787,0.838055707012136,0.378110054616827,0.324764037316515,0.324764037316515,0.198834738281784,0.524013656371793,0.524013656371793,-0.000182149858874156,-0.00962114272885623,-0.0646161920865612,0.0447417771002814,-0.0129946130931253,-0.00182484138941212,-0.0313203991045481,-0.0250401691472716,1,1,0,0,0,1,1093,0,0,0,0,0,0,-0.176157964722414
1.093,0.523598775598299,0.350742762040804,1.03887541214402,0.376380870736095,0.317233904967959,0.317233904967959,0.206364870630339,0.536618872043173,0.536618872043173,-0.000180414006699023,-0.00952945513910804,-0.0726798617167058,0.0421210716807489,-0.0129946130931253,-0.00182484138941212,-0.041913086564477,-0.0335088570728442,1,1,0,0,0,1,1094,0,0,0,0,0,0,-0.175206651199438
1.094,0.523598775598299,0.351881566241103,1.23851552218431,0.374227303587363,0.309940059833093,0.309940059833093,0.213658715765206,0.548618455990695,0.548618455990695,-0.000178475287699518,-0.00942705213797111,-0.0806618063576894,0.0394530031533987,-0.0129946130931253,-0.00182484138941212,-0.0524606967316739,-0.04194150640801,1,1,0,0,0,1,1095,0,0,0,0,0,0,-0.17405515601592
1.095,0.523598775598299,0.353219326801598,1.43675094868735,0.371651807858761,0.302890691755144,0.302890691755144,0.220708083843155,0.559998908980632,0.559998908980632,-0.000176335881871386,-0.0093140488726673,-0.088553050698826,0.0367405716322432,-0.0129946130931253,-0.00182484138941212,-0.0629513693286622,-0.0503286350464534,1,1,0,0,0,1,1096,0,0,0,0,0,0,-0.172704771100145
1.096,0.523598775598299,0.354754527148686,1.63335820091518,0.368657313130891,0.296093715080998,0.296093715080998,0.227505060517301,0.570747429710705,0.570747429710705,-0.000173998194873002,-0.00919057240990272,-0.0963447214175366,0.0339868271153336,-0.0129946130931253,-0.00182484138941212,-0.0733733081015179,-0.0586608120676881,1,1,0,0,0,1,1097,0,0,0,0,0,0,-0.171157012692439
1.097,0.523598775598299,0.356485428121879,1.82811563734826,0.365247220499321,0.289556759780222,0.289556759780222,0.234042015818077,0.580851929131387,0.580851929131387,-0.000171464855320328,-0.00905676159298755,-0.104028057156958,0.0311948660551884,-0.0129946130931253,-0.00182484138941212,-0.0837147940841694,-0.0669286683416565,1,1,0,0,0,1,1098,0,0,0,0,0,0,-0.169413619621532
1.098,0.523598775598299,0.358410069947901,2.02080371507357,0.361425398670777,0.283287162884025,0.283287162884025,0.240311612714274,0.590301043967431,0.590301043967431,-0.000168738711831159,-0.00891276688571329,-0.111594418377677,0.0283678278769791,-0.0129946130931253,-0.00182484138941212,-0.0939641987758233,-0.0751229070638759,1,1,0,0,0,1,1099,0,0,0,0,0,0,-0.167476551330453
1.099,0.523598775598299,0.360526274463006,2.2112052367713,0.357196179537363,0.277291960253771,0.277291960253771,0.246306815344528,0.59908414942436,0.59908414942436,-0.000165822829821994,-0.00875875020316366,-0.119035297072463,0.0255088914484017,-0.0129946130931253,-0.00182484138941212,-0.104109997216638,-0.0832343142092344,1,1,0,0,0,1,1100,0,0,0,0,0,0,-0.165347985654212
1.1,0.523598775598299,0.362831647580957,2.39910559502485,0.352564353233689,0.273036810833547,0.273036810833547,0.250561964764752,0.60327015395681,0.60327015395681,-0.000162720488061117,-0.00859488472964874,-0.126342326333124,0.0226212715051893,0,0,-0.112315939557584,-0.0897948367474103,1,0,0,0,0,1,1101,0,0,0,0,0,0,-0.163030316351807
1.101,0.523598775598299,0.365323457950251,2.58393493077956,0.346292994598189,0.267610136470126,0.267610136470126,0.255988639128173,0.610743556348192,0.610743556348192,-0.000159435174981787,-0.00842135472396782,-0.133507289758675,0.0197082150363026,0,0,-0.12222042944634,-0.0977133214801254,1,0,0,0,0,1,1102,0,0,0,0,0,0,-0.160526274449005
1.102,0.523598775598299,0.36799837304235,2.76532567602334,0.340136514415648,0.262476440733371,0.262476440733371,0.261122334864928,0.617523366835685,0.617523366835685,-0.000155970584759658,-0.008238355312219,-0.140522130694298,0.0167729976328426,0,0,-0.131987488373674,-0.105521932308979,1,0,0,0,0,1,1103,0,0,0,0,0,0,-0.157839192150094
1.103,0.523598775598299,0.370852968397731,2.94329040332474,0.333917797993252,0.257641079568956,0.257641079568956,0.265957696029343,0.623603143888306,0.623603143888306,-0.000152330613158864,-0.00804609226838967,-0.147378961290647,0.0138189198048117,0,0,-0.141606133754225,-0.113211888828775,1,0,0,0,0,1,1104,0,0,0,0,0,0,-0.154972493591835
1.104,0.523598775598299,0.373883791454662,3.11776621494549,0.327525993433932,0.253109247399311,0.253109247399311,0.270489528198988,0.628976748133322,0.628976748133322,-0.000148519353151411,-0.00784478178297325,-0.154070071373367,0.0108493032698454,0,0,-0.151065549886495,-0.120774544055352,1,0,0,0,0,1,1105,0,0,0,0,0,0,-0.151929631014675
1.105,0.523598775598299,0.377087301432268,3.28864334961855,0.32089284621157,0.248885907283578,0.248885907283578,0.274712868314721,0.633638527996272,0.633638527996272,-0.000144541090314838,-0.00763465021987383,-0.160587937112799,0.00786748721810555,0,0,-0.160355100114568,-0.12820139414869,1,0,0,0,0,1,1106,0,0,0,0,0,0,-0.148714144879684
1.106,0.523598775598299,0.380459832341544,3.45578358619165,0.313977536851893,0.244975744366462,0.244975744366462,0.278623031231837,0.637583440410186,0.637583440410186,-0.000140400298013287,-0.0074159338618705,-0.166925229484175,0.00487682455751845,0,0,-0.169464338788527,-0.135484087975081,1,0,0,0,0,1,1107,0,0,0,0,0,0,-0.145329700857526
1.107,0.523598775598299,0.383997570889602,3.61903210973448,0.306756965160722,0.241383134392042,0.241383134392042,0.282215641206256,0.640807129600165,0.640807129600165,-0.000136101632367421,-0.00718887864492917,-0.173074822508737,0.0018806781435965,0,0,-0.17838302301007,-0.14261443649756,1,0,0,0,0,1,1108,0,0,0,0,0,0,-0.141780111924212
1.108,0.523598775598299,0.387696544000439,3.77822518804336,0.299219523109513,0.238112122016348,0.238112122016348,0.285486653581951,0.643305978678842,0.643305978678842,-0.000131649927018843,-0.00695373988165912,-0.179029801266574,-0.001117583001935,0,0,-0.187101124150168,-0.149584421984091,1,0,0,0,0,1,1109,0,0,0,0,0,0,-0.138069350840332
1.109,0.523598775598299,0.391552612570215,3.93319516244385,0.291361102245903,0.235166405547102,0.235166405547102,0.288432370051197,0.645077143490354,0.645077143490354,-0.000127050187694901,-0.00671078197422669,-0.184783469672095,-0.0041145874794348,0,0,-0.195608839125757,-0.156386207023113,1,0,0,0,0,1,1110,0,0,0,0,0,0,-0.134201556395757
1.11,0.523598775598299,0.395561469288618,4.0837737161433,0.283182532292589,0.23254932595228,0.23254932595228,0.291049449646018,0.646118574747679,0.646118574747679,-0.000122307586579986,-0.00646027811704743,-0.190329358003473,-0.00710696530232694,0,0,-0.203896601422847,-0.163012143336338,1,0,0,0,0,1,1111,0,0,0,0,0,0,-0.130181035588285
1.111,0.523598775598299,0.399718639135152,4.22979403707338,0.27468793635761,0.230263858756295,0.230263858756295,0.293334916842004,0.646429032334833,0.646429032334833,-0.000117427456499665,-0.00620250998959263,-0.195661230177515,-0.0100913516864813,0,0,-0.211955091853589,-0.169454780378857,1,0,0,0,0,1,1112,0,0,0,0,0,0,-0.126012263127337
1.112,0.523598775598299,0.404019481657023,4.37109227033225,0.265883673145547,0.22831260794009,0.22831260794009,0.295286167658208,0.646008094254123,0.646008094254123,-0.000112415284924174,-0.00593776743965392,-0.200773090761853,-0.0130643908337575,0,0,-0.219775249035265,-0.175706873716933,1,0,0,0,0,1,1113,0,0,0,0,0,0,-0.121699879156065
1.113,0.523598775598299,0.40845919445411,4.50750851324495,0.256777655040727,0.226697801280109,0.226697801280109,0.29690097431819,0.644856161807304,0.644856161807304,-0.000107276707798024,-0.00566634815742391,-0.205659191716507,-0.0160227397054315,0,0,-0.227348279579362,-0.181761393174002,1,0,0,0,0,1,1114,0,0,0,0,0,0,-0.117248685766385
1.114,0.523598775598299,0.413032817500616,4.63888751504514,0.247378906827408,0.225421286764837,0.225421286764837,0.298177488833462,0.642974462029402,0.642974462029402,-0.000102017503202653,-0.00538855734075748,-0.210314038857282,-0.018963071781286,0,0,-0.234665667979325,-0.187611530735779,1,0,0,0,0,1,1115,0,0,0,0,0,0,-0.112663642677312
1.115,0.523598775598299,0.417735238063736,4.76507918488399,0.23769727842646,0.224484529858208,0.224484529858208,0.299114245740091,0.640365048028688,0.640365048028688,-9.66435848592551e-05,-0.00510470735199208,-0.214732398033709,-0.0218820808001168,0,0,-0.241719186185818,-0.193250708205528,1,0,0,0,0,1,1116,0,0,0,0,0,0,-0.107949862316286
1.116,0.523598775598299,0.422561196063318,4.88593897453204,0.227743256168345,0.223888611462376,0.223888611462376,0.299710164135923,0.63703079765311,0.63703079765311,-9.11609954790831e-05,-0.00481511736671084,-0.218909301014602,-0.0247764844774684,0,0,-0.248500902858781,-0.198672584600942,1,0,0,0,0,1,1117,0,0,0,0,0,0,-0.103112604459516
1.117,0.523598775598299,0.427505289769981,5.00132817822412,0.217527837069493,0.22363422648573,0.22363422648573,0.299964549112569,0.632975410754073,0.632975410754073,-8.55758999687189e-05,-0.00452011301484565,-0.222840051074582,-0.0276430281963992,0,0,-0.255003192285827,-0.203871063284252,1,0,0,0,0,1,1118,0,0,0,0,0,0,-0.098157270533842
1.118,0.523598775598299,0.432561981773452,5.11111417678124,0.207062443356556,0.223721682955834,0.223721682955834,0.299877092642464,0.628203405223514,0.628203405223514,-7.98945784979248e-05,-0.00422002601452142,-0.22652022827533,-0.030478488667146,0,0,-0.261218742956997,-0.208840298817618,1,0,0,0,0,1,1119,0,0,0,0,0,0,-0.0930893976484055
1.119,0.523598775598299,0.437725605174671,5.21517064333501,0.196358862667839,0.224150901638641,0.224150901638641,0.299447873959658,0.62272011191938,0.62272011191938,-7.4123419437906e-05,-0.00391519379905573,-0.229945694435581,-0.0332796775515519,0,0,-0.267140565786189,-0.21357470353603,1,0,0,0,0,1,1120,0,0,0,0,0,0,-0.0879146524025315
1.12,0.523598775598299,0.442990369969225,5.31337772170065,0.185429204604064,0.224921416138849,0.224921416138849,0.29867735945945,0.616531668556346,0.616531668556346,-6.8268912177887e-05,-0.00360595913753077,-0.233112597784322,-0.036043445048204,0,0,-0.272762001970056,-0.218068953830376,1,0,0,0,0,1,1121,0,0,0,0,0,0,-0.0826388245022907
1.121,0.523598775598299,0.448350369598532,5.40562218442515,0.17428586765914,0.22603237346496,0.22603237346496,0.297566402133339,0.609645012614157,0.609645012614157,-6.23376398281168e-05,-0.00329266974936669,-0.236017377291909,-0.0387666834342275,0,0,-0.278076730475503,-0.222317996133572,1,0,0,0,0,1,1122,0,0,0,0,0,0,-0.0772678202093117
1.122,0.523598775598299,0.453799587650845,5.49179757496559,0.162941512712988,0.227482535047779,0.227482535047779,0.29611624055052,0.602067873300919,0.602067873300919,-5.63362718174694e-05,-0.00297567791332733,-0.238656766674286,-0.0414463305597748,0,0,-0.283078775147388,-0.226317052603067,1,0,0,0,0,1,1123,0,0,0,0,0,0,-0.0718076556397709
1.123,0.523598775598299,0.459331904697722,5.57180433680839,0.151409040646642,0.229270278204441,0.229270278204441,0.294328497393858,0.593808762599129,0.593808762599129,-5.02715563940054e-05,-0.00265534007140039,-0.24102779806575,-0.044079373291259,0,0,-0.287762511428409,-0.230061626493281,1,0,0,0,0,1,1124,0,0,0,0,0,0,-0.0662644499279171
1.124,0.523598775598299,0.464941105253851,5.64554993129034,0.139701572522758,0.231393598041857,0.231393598041857,0.292205177556441,0.584876965416703,0.584876965416703,-4.41503130368807e-05,-0.00233201642799505,-0.243127805356183,-0.0466628508994836,0,0,-0.292122672683662,-0.233547507211993,1,0,0,0,0,1,1125,0,0,0,0,0,0,-0.0606444182662415
1.125,0.523598775598299,0.47062088484952,5.71294894521295,0.127832431340264,0.233850109794584,0.233850109794584,0.289748665803715,0.575282528861819,0.575282528861819,-3.79794247881844e-05,-0.00200607054491014,-0.244954427188959,-0.0491938583888332,0,0,-0.296154356122703,-0.236770775054936,1,0,0,0,0,1,1126,0,0,0,0,0,0,-0.054953864832999
1.126,0.523598775598299,0.476364857205898,5.77392318891602,0.115815124734293,0.236637051592575,0.236637051592575,0.286961724005724,0.565036250658759,0.565036250658759,-3.17658305132794e-05,-0.00167786893252587,-0.246505609616177,-0.0516695497638053,0,0,-0.299853028312508,-0.239727805613324,1,0,0,0,0,1,1127,0,0,0,0,0,0,-0.0491991756169289
1.127,0.523598775598299,0.482166561503781,5.82840178520727,0.103663328224718,0.239751287654465,0.239751287654465,0.283847487943834,0.554149666720987,0.554149666720987,-2.5516517098395e-05,-0.00134778063768125,-0.247779608408223,-0.0540871412291906,0,0,-0.303214530275095,-0.242415273849315,1,0,0,0,0,1,1128,0,0,0,0,0,0,-0.0433868111484988
1.128,0.523598775598299,0.488019469736798,5.87632124937539,0.0913908687654278,0.243189311901932,0.243189311901932,0.280409463696367,0.542635037897631,0.542635037897631,-1.92385115942001e-05,-0.00101617682869815,-0.248774991015075,-0.0564439143203199,0,0,-0.306235082164094,-0.244830157834866,1,0,0,0,0,1,1129,0,0,0,0,0,0,-0.0375232991466906
1.129,0.523598775598299,0.493916994140236,5.91762556040933,0.0790117084418559,0.2469472519905,0.2469472519905,0.276651523607799,0.530505335909597,0.530505335909597,-1.29388733142364e-05,-0.000683430378021116,-0.249490638177137,-0.0587372189598424,0,0,-0.308911287515001,-0.246969742149736,1,0,0,0,0,1,1130,0,0,0,0,0,0,-0.0316152270901781
1.13,0.523598775598299,0.4998524946867,5.95226622348221,0.0665399282253869,0.25102087375185,0.25102087375185,0.272577901846449,0.517774228492111,0.517774228492111,-6.62468589704948e-06,-0.0003499154429397,-0.249925745183789,-0.0609644764376131,0,0,-0.311240137064342,-0.24883162093485,1,0,0,0,0,1,1131,0,0,0,0,0,0,-0.0256692347216559
1.131,0.523598775598299,0.505819286639905,5.98020232372135,0.0539897117325132,0.255405586042339,0.255405586042339,0.26819318955596,0.504456063760935,0.504456063760935,-3.030493409917e-07,-1.6007044867278e-05,-0.250079822778246,-0.0631231823103241,0,0,-0.313219012133438,-0.250413700597567,1,0,0,0,0,1,1132,0,0,0,0,0,0,-0.0196920064940421
1.132,0.523598775598299,0.511810648157886,6.00140057126467,0.0413753289617293,0.260096445992058,0.260096445992058,0.263502329606241,0.490565853820282,0.490565853820282,6.01892797939365e-06,0.000317919352352948,-0.249952697707707,-0.0652109092176333,0,0,-0.314845687572987,-0.251714202165828,1,0,0,0,0,1,1133,0,0,0,0,0,0,-0.0136902639672675
1.133,0.523598775598299,0.517819827936894,6.01583533759452,0.0287111199973161,0.265088164648373,0.265088164648373,0.258510610949926,0.476119257631069,0.476119257631069,1.23341373063849e-05,0.000651488264638324,-0.249544512918164,-0.0672253096116107,0,0,-0.316118334265136,-0.252731663288521,1,0,0,0,0,1,1134,0,0,0,0,0,0,-0.00767075816436813
1.134,0.523598775598299,0.52384005288727,6.0234886831367,0.0160114786795085,0.270375113007443,0.270375113007443,0.253223662590856,0.461132563158992,0.461132563158992,1.86354774925472e-05,0.000984324609881012,-0.248855727393669,-0.0691641183964456,0,0,-0.317035521180234,-0.253464939879827,1,0,0,0,0,1,1135,0,0,0,0,0,0,-0.00164026189561195
1.135,0.523598775598299,0.529864535832539,6.02435037611464,0.00329083624720772,0.275951328426855,0.275951328426855,0.247647447171444,0.445622668822549,0.445622668822549,2.49158629856176e-05,0.00131605412970905,-0.247887115640232,-0.0710251554754334,0,0,-0.317596216985956,-0.253913207405684,1,0,0,0,0,1,1136,0,0,0,0,0,0,0.00439443794060346
1.136,0.523598775598299,0.535886483222983,6.0184179026525,-0.00943635503634283,0.281810521412042,0.281810521412042,0.241788254186257,0.429607064261961,0.429607064261961,3.11682317958781e-05,0.00164630381032245,-0.246639766814919,-0.0728063282023935,0,0,-0.31779979120699,-0.254075961810942,1,0,0,0,0,1,1137,0,0,0,0,0,0,0.0104265480713305
1.137,0.523598775598299,0.541899102854949,6.00569646812819,-0.0221556382617581,0.287946082768806,0.287946082768806,0.235652692829493,0.413103810450621,0.413103810450621,3.738555343701e-05,0.00197470230192855,-0.245115083501153,-0.0745056337347442,0,0,-0.317646014933968,-0.253953020086143,1,0,0,0,0,1,1138,0,0,0,0,0,0,0.0164492765683796
1.138,0.523598775598299,0.547895611587127,5.98619898978396,-0.0348525682406857,0.294351091113815,0.294351091113815,0.229247684484484,0.396131519171442,0.396131519171442,4.35608368315462e-05,0.00230088033630746,-0.243314780131575,-0.0761211612856062,0,0,-0.317135061080874,-0.253544520473312,1,0,0,0,0,1,1139,0,0,0,0,0,0,0.0224558405646077
1.139,0.523598775598299,0.553869243045081,5.95994608061122,-0.047512727845944,0.301018320734577,0.301018320734577,0.222580454863722,0.378709331881163,0.378709331881163,4.96871381719896e-05,0.00262447114203579,-0.241240881060249,-0.0776510942723869,0,0,-0.3162675041906,-0.252850922310504,1,0,0,0,0,1,1140,0,0,0,0,0,0,0.0284394739584531
1.14,0.523598775598299,0.559813255305312,5.92696602453444,-0.0601217443079261,0.307940249790006,0.307940249790006,0.215658525808292,0.360856897986332,0.360856897986332,5.57575687287992e-05,0.0029451108569039,-0.238895718286371,-0.0790937123594421,0,0,-0.315044319788909,-0.251873005515305,1,0,0,0,0,1,1141,0,0,0,0,0,0,0.0343934350980017
1.141,0.523598775598299,0.565720938550165,5.88729474292838,-0.0726653054501622,0.315109068842311,0.315109068842311,0.208489706755988,0.342594352555354,0.342594352555354,6.17653025964217e-05,0.00326243893706076,-0.236281928832051,-0.0804473933925081,0,0,-0.313466883287498,-0.250611869707854,1,0,0,0,0,1,1142,0,0,0,0,0,0,0.0403110144359
1.142,0.523598775598299,0.57158562268494,5.84097575251176,-0.0851291758466983,0.322516689710572,0.322516689710572,0.201082085887727,0.323942293491595,0.323942293491595,6.77035843687045e-05,0.00357609856242874,-0.233402451777108,-0.0817106152227378,0,0,-0.311536968437417,-0.249068932974368,1,0,0,0,0,1,1143,0,0,0,0,0,0,0.0461855421464707
1.143,0.523598775598299,0.577400684908601,5.78806011467001,-0.0974992128838499,0.330154754636026,0.330154754636026,0.193444020962273,0.304921758193156,0.304921758193156,7.35657367350114e-05,0.00388573703792988,-0.230260524954217,-0.0828819574182813,0,0,-0.309256745334569,-0.247245930272575,1,0,0,0,0,1,1144,0,0,0,0,0,0,0.0520103956964314
1.144,0.523598775598299,0.583159557229558,5.72860637626897,-0.109761382708863,0.33801464574872,0.33801464574872,0.185584129849579,0.285554199725451,0.285554199725451,7.93451679885464e-05,0.00419100619007503,-0.226859681308124,-0.0839601028614952,0,0,-0.306628777979544,-0.245144911480839,1,0,0,0,0,1,1145,0,0,0,0,0,0,0.0577790073606747
1.145,0.523598775598299,0.588855733918029,5.66268050203036,-0.121901776048064,0.346087494824857,0.346087494824857,0.177511280773441,0.265861462533335,0.265861462533335,8.50353794383986e-05,0.00449156275846756,-0.22320374492302,-0.0849438392299751,0,0,-0.303656021394527,-0.242768239093171,1,0,0,0,0,1,1146,0,0,0,0,0,0,0.0634848716746379
1.146,0.523598775598299,0.59448277888659,5.59035579854965,-0.13390662387717,0.354364193323871,0.354364193323871,0.169234582274427,0.245865757719951,0.245865757719951,9.06299727170159e-05,0.00478706878178359,-0.219296826722539,-0.085832060359756,0,0,-0.300341818300511,-0.240118585562718,1,0,0,0,0,1,1147,0,0,0,0,0,0,0.0691215528148622
1.147,0.523598775598299,0.600034332990609,5.51171283004557,-0.145762312926555,0.362835402693891,0.362835402693891,0.160763372904407,0.225589637920038,0.225589637920038,9.61226569748505e-05,0.00507719197779264,-0.215143319847232,-0.0866237674891379,0,0,-0.296689895358577,-0.237198930296718,1,0,0,0,0,1,1148,0,0,0,0,0,0,0.0746826918994268
1.148,0.523598775598299,0.605504121240332,5.42683932593993,-0.157455401004429,0.371491564934032,0.371491564934032,0.152107210664267,0.205055971795802,0.205055971795802,0.000101507255954123,0.00536160611699342,-0.210747894714685,-0.0873180703817471,0,0,-0.292704358979438,-0.2340125563063,1,0,0,0,0,1,1149,0,0,0,0,0,0,0.0801620142000394
1.149,0.523598775598299,0.610885959916504,5.33583008037523,-0.168972632121068,0.380322913401603,0.380322913401603,0.143275862196696,0.184287918183956,0.184287918183956,0.000106777714933719,0.00563999138944266,-0.206115493767865,-0.0879141883275621,0,0,-0.288389690705984,-0.230563046514901,1,0,0,0,0,1,1150,0,0,0,0,0,0,0.0855533362576674
1.15,0.523598775598299,0.616173763581531,5.23878684378643,-0.180300951397449,0.616173763581531,0.616173763581531,-0.0925749879832317,-0.446414373210259,-0.446414373210259,0,0,0,0,0,0,0,0,0,0,0,0,0,1,1151,0,0,0,0,0,0,0.0908505728937006
1.151,0.523598775598299,0.621342262462406,5.0801386886157,-0.38457642454444,0.621342262462406,0.621342262462406,-0.0977434868641074,-0.448969145049186,-0.448969145049186,0,0,0,0,0,0,0,0,0,0,0,0,0,1,1152,0,0,0,0,0,0,0.0960284545928844
1.152,0.523598775598299,0.626305850946393,4.83627194301391,-0.506496996100481,0.626305850946393,0.626305850946393,-0.102707075348094,-0.45119220167617,-0.45119220167617,0,0,0,0,0,0,0,0,0,0,0,0,0,1,1153,0,0,0,0,0,0,0.101001375999006
1.153,0.523598775598299,0.630998366467132,4.54266823501327,-0.575706545546456,0.630998366467132,0.630998366467132,-0.107399590868833,-0.452906322621679,-0.452906322621679,0,0,0,0,0,0,0,0,0,0,0,0,0,1,1154,0,0,0,0,0,0,0.105703174801008
1.154,0.523598775598299,0.63538226443478,4.22202625485226,-0.611206366195551,0.63538226443478,0.63538226443478,-0.111783488836481,-0.454013455424583,-0.454013455424583,0,0,0,0,0,0,0,0,0,0,0,0,0,1,1155,0,0,0,0,0,0,0.110096306663132
1.155,0.523598775598299,0.639438299085211,3.88884995194127,-0.625179805349544,0.639438299085211,0.639438299085211,-0.115839523486913,-0.454465895860601,-0.454465895860601,0,0,0,0,0,0,0,0,0,0,0,0,0,1,1156,0,0,0,0,0,0,0.114161526074126
1.156,0.523598775598299,0.643158907139599,3.55238794399256,-0.625442179112986,0.643158907139599,0.643158907139599,-0.1195601315413,-0.454247821487732,-0.454247821487732,0,0,0,0,0,0,0,0,0,0,0,0,0,1,1157,0,0,0,0,0,0,0.117891270006829
1.157,0.523598775598299,0.646543963728194,3.21851677459379,-0.617010100037384,0.646543963728194,0.646543963728194,-0.122945188129895,-0.45336345799842,-0.45336345799842,0,0,0,0,0,0,0,0,0,0,0,0,0,1,1158,0,0,0,0,0,0,0.121285413841953
1.158,0.523598775598299,0.64959805827802,2.89094763535952,-0.603106740250228,0.64959805827802,0.64959805827802,-0.125999282679721,-0.45182949514424,-0.45182949514424,0,0,0,0,0,0,0,0,0,0,0,0,0,1,1159,0,0,0,0,0,0,0.124348547255789
1.159,0.523598775598299,0.652328744407029,2.57199971769009,-0.585805780211133,0.652328744407029,0.652328744407029,-0.12872996880873,-0.449670225598646,-0.449670225598646,0,0,0,0,0,0,0,0,0,0,0,0,0,1,1160,0,0,0,0,0,0,0.127088224114362
1.16,0.523598775598299,0.654745414096706,2.2630959547446,-0.566443915683117,0.654745414096706,0.654745414096706,-0.131146638498407,-0.446914428823406,-0.446914428823406,0,0,0,0,0,0,0,0,0,0,0,0,0,1,1161,0,0,0,0,0,0,0.129513836646044
1.161,0.523598775598299,0.656858572110901,1.96508092691037,-0.545885113424442,0.656858572110901,0.656858572110901,-0.133259796512602,-0.443593373477806,-0.443593373477806,0,0,0,0,0,0,0,0,0,0,0,0,0,1,1162,0,0,0,0,0,0,0.131635889860386
1.162,0.523598775598299,0.658679367143802,1.67842484110712,-0.524689903665222,0.658679367143802,0.658679367143802,-0.135080591545503,-0.439739537048688,-0.439739537048688,0,0,0,0,0,0,0,0,0,0,0,0,0,1,1163,0,0,0,0,0,0,0.133465532696104
1.163,0.523598775598299,0.660219287754381,1.40335452209153,-0.503223843275529,0.660219287754381,0.660219287754381,-0.136620512156082,-0.435385785594171,-0.435385785594171,0,0,0,0,0,0,0,0,0,0,0,0,0,1,1164,0,0,0,0,0,0,0.13501425395552
1.164,0.523598775598299,0.661489964181013,1.13993763900282,-0.481727014241551,0.661489964181013,0.661489964181013,-0.137891188582714,-0.430564848872329,-0.430564848872329,0,0,0,0,0,0,0,0,0,0,0,0,0,1,1165,0,0,0,0,0,0,0.136293684119195
1.165,0.523598775598299,0.662503038291656,0.888136964686331,-0.460358562912621,0.662503038291656,0.662503038291656,-0.138904262693357,-0.425308985300487,-0.425308985300487,0,0,0,0,0,0,0,0,0,0,0,0,0,1,1166,0,0,0,0,0,0,0.137315465296109
1.166,0.523598775598299,0.663270077480338,0.647845427663334,-0.439225251263161,0.663270077480338,0.663270077480338,-0.13967130188204,-0.419649769096172,-0.419649769096172,0,0,0,0,0,0,0,0,0,0,0,0,0,1,1167,0,0,0,0,0,0,0.138091165120153
1.167,0.523598775598299,0.663802517003756,0.418908849170175,-0.418399766721215,0.663802517003756,0.663802517003756,-0.140203741405458,-0.413617956232184,-0.413617956232184,0,0,0,0,0,0,0,0,0,0,0,0,0,1,1168,0,0,0,0,0,0,0.138632219086734
1.168,0.523598775598299,0.664111620813944,0.201140780389911,-0.397932471523969,0.664111620813944,0.664111620813944,-0.140512845215645,-0.407243401392806,-0.407243401392806,0,0,0,0,0,0,0,0,0,0,0,0,0,1,1169,0,0,0,0,0,0,0.138949891385446
1.169,0.523598775598299,0.664208454505949,-0.00566773183568085,-0.377858949437412,0.664208454505949,0.664208454505949,-0.14060967890765,-0.400555008082648,-0.400555008082648,0,0,0,0,0,0,0,0,0,0,0,0,0,1,1170,0,0,0,0,0,0,0.139055247847755
1.17,0.523598775598299,0.664103866281929,-0.201741638970948,-0.358204860145695,0.664103866281929,0.664103866281929,-0.14050509068363,-0.393580700423394,-0.393580700423394,0,0,0,0,0,0,0,0,0,0,0,0,0,1,1171,0,0,0,0,0,0,0.138959136911097
1.171,0.523598775598299,0.6638084732953,-0.387317483664697,-0.338989068726567,0.6638084732953,0.6638084732953,-0.140209697697001,-0.386347409263847,-0.386347409263847,0,0,0,0,0,0,0,0,0,0,0,0,0,1,1172,0,0,0,0,0,0,0.138672175963031
1.172,0.523598775598299,0.663332651675362,-0.562640347822113,-0.32022566988045,0.663332651675362,0.663332651675362,-0.139733876077063,-0.378881067849543,-0.378881067849543,0,0,0,0,0,0,0,0,0,0,0,0,0,1,1173,0,0,0,0,0,0,0.138204741365874
1.173,0.523598775598299,0.66268652913313,-0.727961679281716,-0.301925303829856,0.66268652913313,0.66268652913313,-0.139087753534831,-0.37120661397803,-0.37120661397803,0,0,0,0,0,0,0,0,0,0,0,0,0,1,1174,0,0,0,0,0,0,0.137566961062529
1.174,0.523598775598299,0.661879979433774,-0.883537691613933,-0.284096018123058,0.661879979433774,0.661879979433774,-0.138281203835475,-0.363347996642835,-0.363347996642835,0,0,0,0,0,0,0,0,0,0,0,0,0,1,1175,0,0,0,0,0,0,0.136768709048937
1.175,0.523598775598299,0.66092261826772,-1.02962814115364,-0.266743838181094,0.66092261826772,0.66092261826772,-0.137323842669421,-0.355328185859956,-0.355328185859956,0,0,0,0,0,0,0,0,0,0,0,0,0,1,1176,0,0,0,0,0,0,0.135819601245179
1.176,0.523598775598299,0.659823800210652,-1.16649535557547,-0.249873150885026,0.659823800210652,0.659823800210652,-0.136225024612353,-0.347169184814166,-0.347169184814166,0,0,0,0,0,0,0,0,0,0,0,0,0,1,1177,0,0,0,0,0,0,0.134728992455482
1.177,0.523598775598299,0.658592616564198,-1.29440343328006,-0.233486968002167,0.658592616564198,0.658592616564198,-0.1349938409659,-0.338892043747363,-0.338892043747363,0,0,0,0,0,0,0,0,0,0,0,0,0,1,1178,0,0,0,0,0,0,0.133505974208914
1.178,0.523598775598299,0.65723789393436,-1.41361756165444,-0.217587112231455,0.65723789393436,0.65723789393436,-0.133639118336061,-0.330516875194733,-0.330516875194733,0,0,0,0,0,0,0,0,0,0,0,0,0,1,1179,0,0,0,0,0,0,0.132159373337813
1.179,0.523598775598299,0.655768193446772,-1.52440342070983,-0.202174353264132,0.655768193446772,0.655768193446772,-0.132169417848474,-0.322062870292891,-0.322062870292891,0,0,0,0,0,0,0,0,0,0,0,0,0,1,1180,0,0,0,0,0,0,0.130697751193054
1.18,0.523598775598299,0.654191810525039,-1.62702665040999,-0.187248511402632,0.654191810525039,0.654191810525039,-0.13059303492674,-0.313548315960986,-0.313548315960986,0,0,0,0,0,0,0,0,0,0,0,0,0,1,1181,0,0,0,0,0,0,0.12912940342239
1.181,0.523598775598299,0.652516775176017,-1.72175236756426,-0.172808539970074,0.652516775176017,0.652516775176017,-0.128917999577718,-0.304990612805795,-0.304990612805795,0,0,0,0,0,0,0,0,0,0,0,0,0,1,1182,0,0,0,0,0,0,0.12746236025574
1.182,0.523598775598299,0.650750852737443,-1.80884472300134,-0.158852593701494,0.650750852737443,0.650750852737443,-0.127152077139144,-0.296406293634842,-0.296406293634842,0,0,0,0,0,0,0,0,0,0,0,0,0,1,1183,0,0,0,0,0,0,0.12570438725282
1.183,0.523598775598299,0.648901545050914,-1.88856649283951,-0.145378087720252,0.648901545050914,0.648901545050914,-0.125302769452616,-0.287811042483527,-0.287811042483527,0,0,0,0,0,0,0,0,0,0,0,0,0,1,1184,0,0,0,0,0,0,0.123862986476128
1.184,0.523598775598299,0.646976092028373,-1.9611786996533,-0.13238175004639,0.646976092028373,0.646976092028373,-0.123377316430074,-0.279219714077209,-0.279219714077209,0,0,0,0,0,0,0,0,0,0,0,0,0,1,1185,0,0,0,0,0,0,0.121945398057434
1.185,0.523598775598299,0.644981473583722,-2.026940260607,-0.119859669523327,0.644981473583722,0.644981473583722,-0.121382697985423,-0.270646353659601,-0.270646353659601,0,0,0,0,0,0,0,0,0,0,0,0,0,1,1186,0,0,0,0,0,0,0.119958602129401
1.186,0.523598775598299,0.642924411903744,-2.08610766043917,-0.107807340370929,0.642924411903744,0.642924411903744,-0.119325636305445,-0.262104217126335,-0.262104217126335,0,0,0,0,0,0,0,0,0,0,0,0,0,1,1187,0,0,0,0,0,0,0.117909321096506
1.187,0.523598775598299,0.640811374034281,-2.13893464770346,-0.0962197041391293,0.640811374034281,0.640811374034281,-0.117212598435982,-0.253605791408153,-0.253605791408153,0,0,0,0,0,0,0,0,0,0,0,0,0,1,1188,0,0,0,0,0,0,0.115804022221227
1.188,0.523598775598299,0.638648574759088,-2.1856719530056,-0.0850911895591749,0.638648574759088,0.638648574759088,-0.11504979916079,-0.245162815052604,-0.245162815052604,0,0,0,0,0,0,0,0,0,0,0,0,0,1,1189,0,0,0,0,0,0,0.113648920502899
1.189,0.523598775598299,0.636441979749887,-2.22656702819179,-0.0744157506126831,0.636441979749887,0.636441979749887,-0.112843204151588,-0.236786298956693,-0.236786298956693,0,0,0,0,0,0,0,0,0,0,0,0,0,1,1190,0,0,0,0,0,0,0.111449981827773
1.19,0.523598775598299,0.634197308967143,-2.26186380558272,-0.0641869030260568,0.634197308967143,0.634197308967143,-0.110598533368844,-0.228486547205992,-0.228486547205992,0,0,0,0,0,0,0,0,0,0,0,0,0,1,1191,0,0,0,0,0,0,0.109212926369798
1.191,0.523598775598299,0.631920040291924,-2.29180247643834,-0.0543977593262477,0.631920040291924,0.631920040291924,-0.108321264693625,-0.220273177978456,-0.220273177978456,0,0,0,0,0,0,0,0,0,0,0,0,0,1,1192,0,0,0,0,0,0,0.106943232222487
1.192,0.523598775598299,0.629615413369999,-2.31661928789869,-0.0450410625485748,0.629615413369999,0.629615413369999,-0.1060166377717,-0.212155144473599,-0.212155144473599,0,0,0,0,0,0,0,0,0,0,0,0,0,1,1193,0,0,0,0,0,0,0.104646139243013
1.193,0.523598775598299,0.627288433650055,-2.33654635768648,-0.0361092186588306,0.627288433650055,0.627288433650055,-0.103689658051756,-0.204140755830017,-0.204140755830017,0,0,0,0,0,0,0,0,0,0,0,0,0,1,1194,0,0,0,0,0,0,0.102326653090435
1.194,0.523598775598299,0.624943876598615,-2.35181150588619,-0.0275943277341514,0.624943876598615,0.624943876598615,-0.101345101000316,-0.196237697996368,-0.196237697996368,0,0,0,0,0,0,0,0,0,0,0,0,0,1,1195,0,0,0,0,0,0,0.0999895494406218
1.195,0.523598775598299,0.622586292074919,-2.36263810313509,-0.0194882139362135,0.622586292074919,0.622586292074919,-0.0989875164766205,-0.188453054522961,-0.188453054522961,0,0,0,0,0,0,0,0,0,0,0,0,0,1,1196,0,0,0,0,0,0,0.0976393783611356
1.196,0.523598775598299,0.62022000884968,-2.36924493457827,-0.0117824543037427,0.62022000884968,0.62022000884968,-0.0966212332513815,-0.180793327243105,-0.180793327243105,0,0,0,0,0,0,0,0,0,0,0,0,0,1,1197,0,0,0,0,0,0,0.0952804688299906
1.197,0.523598775598299,0.617849139252263,-2.37184607895346,-0.00446840638750606,0.617849139252263,0.617849139252263,-0.0942503636539641,-0.173264456815226,-0.173264456815226,0,0,0,0,0,0,0,0,0,0,0,0,0,1,1198,0,0,0,0,0,0,0.0929169333828396
1.198,0.523598775598299,0.615477583931477,-2.37065080218357,0.00246276525113508,0.615477583931477,0.615477583931477,-0.0918788083331781,-0.165871843098606,-0.165871843098606,0,0,0,0,0,0,0,0,0,0,0,0,0,1,1199,0,0,0,0,0,0,0.0905526728737694
1.199,0.523598775598299,0.613109036715777,-2.36586346486639,0.00902006365804169,0.613109036715777,0.613109036715777,-0.0895102611174783,-0.158620365337354,-0.158620365337354,0,0,0,0,0,0,0,0,0,0,0,0,0,1,1200,0,0,0,0,0,0,0.0881913813355067
1.2,0.523598775598299,0.610746989559276,-2.35768344306165,0.015212635200761,0.610746989559276,0.610746989559276,-0.0871482139609773,-0.15151440212894,-0.15151440212894,0,0,0,0,0,0,0,0,0,0,0,0,0,1,1201,0,0,0,0,0,0,0.0858365509254341
1.201,0.523598775598299,0.608394737560566,-2.34630506178691,0.0210497463598669,0.608394737560566,0.608394737560566,-0.0847959619622674,-0.144557851155258,-0.144557851155258,0,0,0,0,0,0,0,0,0,0,0,0,0,1,1202,0,0,0,0,0,0,0.0834914769444164
1.202,0.523598775598299,0.606055384041933,-2.3319175406446,0.0265407615771299,0.606055384041933,0.606055384041933,-0.0824566084436341,-0.137754148655796,-0.137754148655796,0,0,0,0,0,0,0,0,0,0,0,0,0,1,1203,0,0,0,0,0,0,0.0811592629160195
1.203,0.523598775598299,0.603731845677112,-2.31470495101361,0.0316951221400725,0.603731845677112,0.603731845677112,-0.0801330700788134,-0.131106288624029,-0.131106288624029,0,0,0,0,0,0,0,0,0,0,0,0,0,1,1204,0,0,0,0,0,0,0.0788428257142708
1.204,0.523598775598299,0.601426857656306,-2.29484618425059,0.0365223260820211,0.601426857656306,0.601426857656306,-0.0778280820580074,-0.124616841709647,-0.124616841709647,0,0,0,0,0,0,0,0,0,0,0,0,0,1,1205,0,0,0,0,0,0,0.0765449007286803
1.205,0.523598775598299,0.599142978877718,-2.27251493035745,0.0410319090763007,0.599142978877718,0.599142978877718,-0.0755442032794194,-0.118287973810659,-0.118287973810659,0,0,0,0,0,0,0,0,0,0,0,0,0,1,1206,0,0,0,0,0,0,0.0742680470557788
1.206,0.523598775598299,0.596882597155411,-2.2478796665836,0.0452334263027884,0.596882597155411,0.596882597155411,-0.0732838215571122,-0.112121464340827,-0.112121464340827,0,0,0,0,0,0,0,0,0,0,0,0,0,1,1207,0,0,0,0,0,0,0.0720146527069819
1.207,0.523598775598299,0.594647934433812,-2.22110365544364,0.0491364352646209,0.594647934433812,0.594647934433812,-0.071049158835513,-0.106118724159188,-0.106118724159188,0,0,0,0,0,0,0,0,0,0,0,0,0,1,1208,0,0,0,0,0,0,0.0697869398230977
1.208,0.523598775598299,0.592441051999703,-2.19234495164319,0.0527504795324924,0.592441051999703,0.592441051999703,-0.0688422764014041,-0.100280813149734,-0.100280813149734,0,0,0,0,0,0,0,0,0,0,0,0,0,1,1209,0,0,0,0,0,0,0.0675869698863227
1.209,0.523598775598299,0.59026385568304,-2.16175641741856,0.056085073393655,0.59026385568304,0.59026385568304,-0.0666650800847409,-0.0946084574405519,-0.0946084574405519,0,0,0,0,0,0,0,0,0,0,0,0,0,1,1210,0,0,0,0,0,0,0.0654166489210641
1.21,0.523598775598299,0.588118101038424,-2.12948574580807,0.0591496873824605,0.588118101038424,0.588118101038424,-0.0645193254401254,-0.0891020662529101,-0.0891020662529101,0,0,0,0,0,0,0,0,0,0,0,0,0,1,1211,0,0,0,0,0,0,0.0632777326754169
1.211,0.523598775598299,0.586005398499536,-2.09567549138587,0.0619537346690598,0.586005398499536,0.586005398499536,-0.0624066229012374,-0.0837617483719169,-0.0837617483719169,0,0,0,0,0,0,0,0,0,0,0,0,0,1,1212,0,0,0,0,0,0,0.0611718317756001
1.212,0.523598775598299,0.583927218499291,-2.0604631080019,0.0645065582827016,0.583927218499291,0.583927218499291,-0.0603284429009926,-0.0785873282314759,-0.0785873282314759,0,0,0,0,0,0,0,0,0,0,0,0,0,1,1213,0,0,0,0,0,0,0.0591004168461184
1.213,0.523598775598299,0.581884896548941,-2.02398099308457,0.0668174191459435,0.581884896548941,0.581884896548941,-0.0582861209506418,-0.0735783616073003,-0.0735783616073003,0,0,0,0,0,0,0,0,0,0,0,0,0,1,1214,0,0,0,0,0,0,0.0570648235888661
1.214,0.523598775598299,0.579879638269766,-1.98635653807556,0.0688954848960076,0.579879638269766,0.579879638269766,-0.0562808626714673,-0.0687341509127558,-0.0687341509127558,0,0,0,0,0,0,0,0,0,0,0,0,0,1,1215,0,0,0,0,0,0,0.0550662578148271
1.215,0.523598775598299,0.577912524371451,-1.94771218457943,0.0707498194694717,0.577912524371451,0.577912524371451,-0.0543137487731518,-0.0640537600932456,-0.0640537600932456,0,0,0,0,0,0,0,0,0,0,0,0,0,1,1216,0,0,0,0,0,0,0.0531058004224487
1.216,0.523598775598299,0.575984515571609,-1.90816548582332,0.0723893734264961,0.575984515571609,0.575984515571609,-0.0523857399733106,-0.0595360291157723,-0.0595360291157723,0,0,0,0,0,0,0,0,0,0,0,0,0,1,1217,0,0,0,0,0,0,0.0511844123171774
1.217,0.523598775598299,0.574096457451371,-1.86782917303537,0.073822974990821,0.574096457451371,0.574096457451371,-0.0504976818530718,-0.0551795880511641,-0.0551795880511641,0,0,0,0,0,0,0,0,0,0,0,0,0,1,1218,0,0,0,0,0,0,0.0493029392670433
1.218,0.523598775598299,0.572249085242276,-1.82681122636317,0.0750593217818591,0.572249085242276,0.572249085242276,-0.0486503096439773,-0.0509828707472897,-0.0509828707472897,0,0,0,0,0,0,0,0,0,0,0,0,0,1,1219,0,0,0,0,0,0,0.0474621166895655
1.219,0.523598775598299,0.570443028540148,-1.7852149499665,0.0761069732153158,0.570443028540148,0.570443028540148,-0.0468442529418494,-0.0469441280923553,-0.0469441280923553,0,0,0,0,0,0,0,0,0,0,0,0,0,1,1220,0,0,0,0,0,0,0.0456625743656226
1.22,0.523598775598299,0.568678815941922,-1.74313905093136,0.0769743435489242,0.568678815941922,0.568678815941922,-0.0450800403436231,-0.0430614408681236,-0.0430614408681236,0,0,0,0,0,0,0,0,0,0,0,0,0,1,1221,0,0,0,0,0,0,0.0439048410762896
1.221,0.523598775598299,0.566956879601797,-1.70067772166505,0.077669695550062,0.566956879601797,0.566956879601797,-0.0433581040034984,-0.0393327321935977,-0.0393327321935977,0,0,0,0,0,0,0,0,0,0,0,0,0,1,1222,0,0,0,0,0,0,0.0421893491589932
1.222,0.523598775598299,0.565277559703391,-1.65792072544456,0.0782011347622249,0.565277559703391,0.565277559703391,-0.0416787841050921,-0.0357557795603679,-0.0357557795603679,0,0,0,0,0,0,0,0,0,0,0,0,0,1,1223,0,0,0,0,0,0,0.0405164389796689
1.223,0.523598775598299,0.563641108844897,-1.61495348480299,0.0785766043475718,0.563641108844897,0.563641108844897,-0.0400423332465979,-0.0323282264614484,-0.0323282264614484,0,0,0,0,0,0,0,0,0,0,0,0,0,1,1224,0,0,0,0,0,0,0.0388863633179246
1.224,0.523598775598299,0.562047696334566,-1.57185717245105,0.078803880483018,0.562047696334566,0.562047696334566,-0.0384489207362674,-0.0290475936160159,-0.0290475936160159,0,0,0,0,0,0,0,0,0,0,0,0,0,1,1225,0,0,0,0,0,0,0.0372992916625253
1.225,0.523598775598299,0.560497412394122,-1.52870880444277,0.0788905682876415,0.560497412394122,0.560497412394122,-0.0368986367958234,-0.0259112897930131,-0.0259112897930131,0,0,0,0,0,0,0,0,0,0,0,0,0,1,1226,0,0,0,0,0,0,0.0357553144148112
1.226,0.523598775598299,0.558990272268001,-1.48558133530666,0.0788440982594742,0.558990272268001,0.558990272268001,-0.0353914966697024,-0.0229166222370964,-0.0229166222370964,0,0,0,0,0,0,0,0,0,0,0,0,0,1,1227,0,0,0,0,0,0,0.0342544469979434
1.227,0.523598775598299,0.557526220236595,-1.4425437548751,0.0786717232000803,0.557526220236595,0.557526220236595,-0.033927444638296,-0.020060806700893,-0.020060806700893,0,0,0,0,0,0,0,0,0,0,0,0,0,1,1228,0,0,0,0,0,0,0.0327966338701504
1.228,0.523598775598299,0.556105133531917,-1.39966118655672,0.078380515605671,0.556105133531917,0.556105133531917,-0.0325063579336184,-0.0173409770879709,-0.0173409770879709,0,0,0,0,0,0,0,0,0,0,0,0,0,1,1229,0,0,0,0,0,0,0.0313817524403985
1.229,0.523598775598299,0.554726826154384,-1.35699498680761,0.0779773655038704,0.554726826154384,0.554726826154384,-0.0311280505560851,-0.0147541947113616,-0.0147541947113616,0,0,0,0,0,0,0,0,0,0,0,0,0,1,1230,0,0,0,0,0,0,0.0300096168851748
1.23,0.523598775598299,0.553391052589615,-1.31460284556853,0.0774689787156263,0.553391052589615,0.553391052589615,-0.0297922769913161,-0.012297457172841,-0.012297457172841,0,0,0,0,0,0,0,0,0,0,0,0,0,1,1231,0,0,0,0,0,0,0.0286799818652949
1.231,0.523598775598299,0.552097511424412,-1.27253888744637,0.0768618755221551,0.552097511424412,0.552097511424412,-0.0284987358261133,-0.00996770686855004,-0.00996770686855004,0,0,0,0,0,0,0,0,0,0,0,0,0,1,1232,0,0,0,0,0,0,0.0273925461418834
1.232,0.523598775598299,0.550845848861271,-1.23085377342867,0.0761623897172147,0.550845848861271,0.550845848861271,-0.0272470732629718,-0.00776183912685066,-0.00776183912685066,0,0,0,0,0,0,0,0,0,0,0,0,0,1,1233,0,0,0,0,0,0,0.02614695609089
1.233,0.523598775598299,0.549635662130994,-1.18959480293082,0.0753766680254198,0.549635662130994,0.549635662130994,-0.0260368865326954,-0.00567670998462394,-0.00567670998462394,0,0,0,0,0,0,0,0,0,0,0,0,0,1,1234,0,0,0,0,0,0,0.0249428091157083
1.234,0.523598775598299,0.548466502803175,-1.14880601598556,0.0745106698677406,0.548466502803175,0.548466502803175,-0.0248677272048764,-0.00370914360848079,-0.00370914360848079,0,0,0,0,0,0,0,0,0,0,0,0,0,1,1235,0,0,0,0,0,0,0.0237796569576597
1.235,0.523598775598299,0.547337879994491,-1.10852829539481,0.0735701674557608,0.547337879994491,0.547337879994491,-0.0237391043961924,-0.00185593936761762,-0.00185593936761762,0,0,0,0,0,0,0,0,0,0,0,0,0,1,1236,0,0,0,0,0,0,0.0226570089042941
1.236,0.523598775598299,0.546249263474939,-1.06879946867325,0.0725607461967175,0.546249263474939,0.546249263474939,-0.0226504878766401,-0.000113878565255084,-0.000113878565255084,0,0,0,0,0,0,0,0,0,0,0,0,0,1,1237,0,0,0,0,0,0,0.0215743348956277
1.237,0.523598775598299,0.545200086672296,-1.02965440962327,0.0714878053917936,0.545200086672296,0.545200086672296,-0.0216013110739972,0.00152026916418718,0.00152026916418718,0,0,0,0,0,0,0,0,0,0,0,0,0,1,1238,0,0,0,0,0,0,0.0205310685286084
1.238,0.523598775598299,0.544189749575257,-0.991125139389532,0.0703565592105901,0.544189749575257,0.544189749575257,-0.0205909739769577,0.00304973978485657,0.00304973978485657,0,0,0,0,0,0,0,0,0,0,0,0,0,1,1239,0,0,0,0,0,0,0.0195266099602558
1.239,0.523598775598299,0.543217621535831,-0.953240926851043,0.0691720379251632,0.543217621535831,0.543217621535831,-0.0196188459375323,0.00447776910869958,0.00447776910869958,0,0,0,0,0,0,0,0,0,0,0,0,0,1,1240,0,0,0,0,0,0,0.0185603287100641
1.24,0.523598775598299,0.542283043971742,-0.916028388217198,0.0679390893874763,0.542283043971742,0.542283043971742,-0.0186842683734435,0.00580758735654398,0.00580758735654398,0,0,0,0,0,0,0,0,0,0,0,0,0,1,1241,0,0,0,0,0,0,0.0176315663624024
1.241,0.523598775598299,0.541385332969675,-0.879511585702856,0.0666623807345789,0.541385332969675,0.541385332969675,-0.0177865573713762,0.00704241402330828,0.00704241402330828,0,0,0,0,0,0,0,0,0,0,0,0,0,1,1242,0,0,0,0,0,0,0.0167396391697683
1.242,0.523598775598299,0.540523781790361,-0.843712125165895,0.0653464003062927,0.540523781790361,0.540523781790361,-0.0169250061920617,0.0081854530395177,0.0081854530395177,0,0,0,0,0,0,0,0,0,0,0,0,0,1,1243,0,0,0,0,0,0,0.0158838405578757
1.243,0.523598775598299,0.539697663276587,-0.808649252598718,0.063995459760651,0.539697663276587,0.539697663276587,-0.0160988876782884,0.00923988822123133,0.00923988822123133,0,0,0,0,0,0,0,0,0,0,0,0,0,1,1244,0,0,0,0,0,0,0.0150634435336697
1.244,0.523598775598299,0.538906232165336,-0.774339949373022,0.0626136963728024,0.538906232165336,0.538906232165336,-0.0153074565670372,0.0102088790004236,0.0102088790004236,0,0,0,0,0,0,0,0,0,0,0,0,0,1,1245,0,0,0,0,0,0,0.0142777029974657
1.245,0.523598775598299,0.538148727305333,-0.740799026144678,0.0612050755035562,0.538148727305333,0.538148727305333,-0.0145499517070343,0.0110955564278269,0.0110955564278269,0,0,0,0,0,0,0,0,0,0,0,0,0,1,1246,0,0,0,0,0,0,0.0135258579605053
1.246,0.523598775598299,0.537424373781403,-0.70803921533291,0.0597733932242093,0.537424373781403,0.537424373781403,-0.0138255981831045,0.01190301944021,0.01190301944021,0,0,0,0,0,0,0,0,0,0,0,0,0,1,1247,0,0,0,0,0,0,0.0128071336693144
1.247,0.523598775598299,0.536732384947091,-0.67607126209499,0.0583222790847553,0.536732384947091,0.536732384947091,-0.0131336093487919,0.0126343313840584,0.0126343313840584,0,0,0,0,0,0,0,0,0,0,0,0,0,1,1248,0,0,0,0,0,0,0.012120743638327
1.248,0.523598775598299,0.536071964367088,-0.64490401372449,0.0568551990130325,0.536071964367088,0.536071964367088,-0.0124731887687888,0.0132925167876265,0.0132925167876265,0,0,0,0,0,0,0,0,0,0,0,0,0,1,1249,0,0,0,0,0,0,0.0114658915923178
1.249,0.523598775598299,0.53544230767108,-0.614544507407696,0.0553754583328228,0.53544230767108,0.53544230767108,-0.0118435320727809,0.0138805583733445,0.0138805583733445,0,0,0,0,0,0,0,0,0,0,0,0,0,1,1250,0,0,0,0,0,0,0.0108417733202512
1.25,0.523598775598299,0.534842604320682,-0.584998056279087,0.0538862048893613,0.534842604320682,0.534842604320682,-0.0112438287223836,0.0144013943025944,0.0144013943025944,0,0,0,0,0,0,0,0,0,0,0,0,0,1,1251,0,0,0,0,0,0,0.0102475784422214
1.251,0.523598775598299,0.534272039291193,-0.556268333722868,0.0523904322711604,0.534272039291193,0.534272039291193,-0.0106732636928941,0.0148579156449121,0.0148579156449121,0,0,0,0,0,0,0,0,0,0,0,0,0,1,1252,0,0,0,0,0,0,0.00968249209120786
1.252,0.523598775598299,0.533729794669938,-0.528357455873384,0.0508909831174934,0.533729794669938,0.533729794669938,-0.0101310190716394,0.0152529640637192,0.0152529640637192,0,0,0,0,0,0,0,0,0,0,0,0,0,1,1253,0,0,0,0,0,0,0.00914569651142738
1.253,0.523598775598299,0.533215051173041,-0.501266062272819,0.0493905525013132,0.533215051173041,0.533215051173041,-0.00961627557474243,0.0155893297107532,0.0155893297107532,0,0,0,0,0,0,0,0,0,0,0,0,0,1,1254,0,0,0,0,0,0,0.00863637257510375
1.254,0.523598775598299,0.532726989582466,-0.474993394649958,0.0478916913778083,0.532726989582466,0.532726989582466,-0.00912821398416674,0.0158697493214411,0.0158697493214411,0,0,0,0,0,0,0,0,0,0,0,0,0,1,1255,0,0,0,0,0,0,0.00815370121951575
1.255,0.523598775598299,0.532264792105234,-0.449537373788939,0.0463968100892218,0.532264792105234,0.532264792105234,-0.00866601650693499,0.0160969045035363,0.0160969045035363,0,0,0,0,0,0,0,0,0,0,0,0,0,1,1256,0,0,0,0,0,0,0.00769686480621967
1.256,0.523598775598299,0.531827643656744,-0.424894674461791,0.044908181916969,0.531827643656744,0.531827643656744,-0.00822886805844525,0.0162734202114316,0.0162734202114316,0,0,0,0,0,0,0,0,0,0,0,0,0,1,1257,0,0,0,0,0,0,0.00726504840436915
1.257,0.523598775598299,0.53141473307013,-0.401060798403289,0.0434279466724961,0.53141473307013,0.53141473307013,-0.0078159574718315,0.0164018633986618,0.0164018633986618,0,0,0,0,0,0,0,0,0,0,0,0,0,1,1258,0,0,0,0,0,0,0.00685744100007912
1.258,0.523598775598299,0.531025254233635,-0.378030145311082,0.0419581143187232,0.531025254233635,0.531025254233635,-0.00742647863533619,0.0164847418412081,0.0164847418412081,0,0,0,0,0,0,0,0,0,0,0,0,0,1,1259,0,0,0,0,0,0,0.00647323663380195
1.259,0.523598775598299,0.530658407157973,-0.35579608185832,0.0405005686143009,0.530658407157973,0.530658407157973,-0.00705963155967426,0.0165245031243385,0.0165245031243385,0,0,0,0,0,0,0,0,0,0,0,0,0,1,1260,0,0,0,0,0,0,0.00611163546769522
1.26,0.523598775598299,0.530313398975682,-0.334351008710077,0.039057070773298,0.530313398975682,0.530313398975682,-0.0067146233773836,0.0165235337858222,0.0165235337858222,0,0,0,0,0,0,0,0,0,0,0,0,0,1,1261,0,0,0,0,0,0,0.0057718447849755
1.261,0.523598775598299,0.529989444874457,-0.313686425538661,0.0376292631333066,0.529989444874457,0.529989444874457,-0.00639066927615795,0.0164841586084975,0.0164841586084975,0,0,0,0,0,0,0,0,0,0,0,0,0,1,1262,0,0,0,0,0,0,0.00545307992325494
1.262,0.523598775598299,0.529685768966466,-0.293792994036577,0.0362186728253203,0.529685768966466,0.529685768966466,-0.00608699336816743,0.0164086400552833,0.0164086400552833,0,0,0,0,0,0,0,0,0,0,0,0,0,1,1263,0,0,0,0,0,0,0.00515456514386514
1.263,0.523598775598299,0.529401605095663,-0.274660598929346,0.0348267154390975,0.529401605095663,0.529401605095663,-0.00580282949736455,0.0162991778398769,0.0162991778398769,0,0,0,0,0,0,0,0,0,0,0,0,0,1,1264,0,0,0,0,0,0,0.00487553443916711
1.264,0.523598775598299,0.529136197585076,-0.256278406993641,0.0334546986780697,0.529136197585076,0.529136197585076,-0.00553742198677698,0.0161579086265002,0.0161579086265002,0,0,0,0,0,0,0,0,0,0,0,0,0,1,1265,0,0,0,0,0,0,0.00461523227984717
1.265,0.523598775598299,0.528888801926074,-0.238634924089262,0.0321038259981947,0.528888801926074,0.528888801926074,-0.00529002632777498,0.0159869058522129,0.0159869058522129,0,0,0,0,0,0,0,0,0,0,0,0,0,1,1266,0,0,0,0,0,0,0.00437291430418785
1.266,0.523598775598299,0.528658685411595,-0.221718050216362,0.0307752002254854,0.528658685411595,0.528658685411595,-0.00505990981329607,0.015788179665446,0.015788179665446,0,0,0,0,0,0,0,0,0,0,0,0,0,1,1267,0,0,0,0,0,0,0.00414784795129619
1.267,0.523598775598299,0.528445127715292,-0.20551513261207,0.0294698271472661,0.528445127715292,0.528445127715292,-0.00484635211699347,0.0155636769745639,0.0155636769745639,0,0,0,0,0,0,0,0,0,0,0,0,0,1,1268,0,0,0,0,0,0,0.00393931304025541
1.268,0.523598775598299,0.528247421418561,-0.190013016903165,0.0281886190725211,0.528247421418561,0.528247421418561,-0.00464864582026203,0.0153152816004067,0.0153152816004067,0,0,0,0,0,0,0,0,0,0,0,0,0,1,1269,0,0,0,0,0,0,0.00374660229715473
1.269,0.523598775598299,0.528064872487374,-0.175198096333864,0.0269323983570029,0.528064872487374,0.528064872487374,-0.00446609688907518,0.0150448145269227,0.0150448145269227,0,0,0,0,0,0,0,0,0,0,0,0,0,1,1270,0,0,0,0,0,0,0.00356902183192942
1.27,0.523598775598299,0.527896800700847,-0.161056359089973,0.0257019008890638,0.527896800700847,0.527896800700847,-0.00429802510254784,0.014754034244152,0.014754034244152,0,0,0,0,0,0,0,0,0,0,0,0,0,1,1271,0,0,0,0,0,0,0.00340589156692694
1.271,0.523598775598299,0.527742540033416,-0.14757343374274,0.0244977795324561,0.527742540033416,0.527742540033416,-0.0041437644351171,0.0144446371779771,0.0144446371779771,0,0,0,0,0,0,0,0,0,0,0,0,0,1,1272,0,0,0,0,0,0,0.00325654561909172
1.272,0.523598775598299,0.527601438992508,-0.134734632837624,0.0233206075226271,0.527601438992508,0.527601438992508,-0.00400266339420963,0.0141182582012109,0.0141182582012109,0,0,0,0,0,0,0,0,0,0,0,0,0,1,1273,0,0,0,0,0,0,0.00312033263763511
1.273,0.523598775598299,0.527472860913535,-0.122524994654992,0.0221708818132962,0.527472860913535,0.527472860913535,-0.0038740853152357,0.0137764712207572,0.0137764712207572,0,0,0,0,0,0,0,0,0,0,0,0,0,1,1274,0,0,0,0,0,0,0.00299661609903334
1.274,0.523598775598299,0.527356184214024,-0.110929323171348,0.0210490263703644,0.527356184214024,0.527356184214024,-0.00375740861572516,0.0134207898357256,0.0134207898357256,0,0,0,0,0,0,0,0,0,0,0,0,0,1,1275,0,0,0,0,0,0,0.00288477456116665
1.275,0.523598775598299,0.527250802608688,-0.0999322262511869,0.0199553954104528,0.527250802608688,0.527250802608688,-0.00365202701038947,0.0130526680615466,0.0130526680615466,0,0,0,0,0,0,0,0,0,0,0,0,0,1,1276,0,0,0,0,0,0,0.00278420187838491
1.276,0.523598775598299,0.527156125287162,-0.0895181521009541,0.0188902765816059,0.527156125287162,0.527156125287162,-0.00355734968886356,0.0126735011152897,0.0126735011152897,0,0,0,0,0,0,0,0,0,0,0,0,0,1,1277,0,0,0,0,0,0,0.00269430737925247
1.277,0.523598775598299,0.527071577056148,-0.0796714240177612,0.0178538940839295,0.527071577056148,0.527071577056148,-0.00347280145784878,0.0122846262575415,0.0122846262575415,0,0,0,0,0,0,0,0,0,0,0,0,0,1,1278,0,0,0,0,0,0,0.00261451600869478
1.278,0.523598775598299,0.526996598447645,-0.0703762734666669,0.0168464117281518,0.526996598447645,0.526996598447645,-0.00339782284934609,0.0118873236863591,0.0118873236863591,0,0,0,0,0,0,0,0,0,0,0,0,0,1,1279,0,0,0,0,0,0,0.00254426843623468
1.279,0.523598775598299,0.526930645794932,-0.061616871521291,0.0158679359303138,0.526930645794932,0.526930645794932,-0.00333187019663272,0.011482817478969,0.011482817478969,0,0,0,0,0,0,0,0,0,0,0,0,0,1,1280,0,0,0,0,0,0,0.00248302113197219
1.28,0.523598775598299,0.526873191277901,-0.0533773587034145,0.0149185186409958,0.526873191277901,0.526873191277901,-0.00327441567960263,0.0110722765770326,0.0110722765770326,0,0,0,0,0,0,0,0,0,0,0,0,0,1,1281,0,0,0,0,0,0,0.00243024641192879
1.281,0.523598775598299,0.526823722939351,-0.0456418732579896,0.0139981602076878,0.526823722939351,0.526823722939351,-0.00322494734105172,0.01065681581146,0.01065681581146,0,0,0,0,0,0,0,0,0,0,0,0,0,1,1282,0,0,0,0,0,0,0.00238543245433553
1.282,0.523598775598299,0.526781744673754,-0.0383945779006463,0.0131068121690963,0.526781744673754,0.526781744673754,-0.00318296907545557,0.0102374969628957,0.0102374969628957,0,0,0,0,0,0,0,0,0,0,0,0,0,1,1283,0,0,0,0,0,0,0.00234808328841385
1.283,0.523598775598299,0.526746776190047,-0.0316196850753494,0.0122443799803638,0.526746776190047,0.526746776190047,-0.00314800059174769,0.0098153298541558,0.0098153298541558,0,0,0,0,0,0,0,0,0,0,0,0,0,1,1284,0,0,0,0,0,0,0.00231771875715758
1.284,0.523598775598299,0.526718352949868,-0.0253014807603344,0.0114107256683453,0.526718352949868,0.526718352949868,-0.00311957735156887,0.00939127347104336,0.00939127347104336,0,0,0,0,0,0,0,0,0,0,0,0,0,1,1285,0,0,0,0,0,0,0.00229387445558515
1.285,0.523598775598299,0.526696026082719,-0.0194243468608325,0.0106056704162548,0.526696026082719,0.526696026082719,-0.00309725048442022,0.00896623710811269,0.00896623710811269,0,0,0,0,0,0,0,0,0,0,0,0,0,1,1286,0,0,0,0,0,0,0.00227610164589609
1.286,0.523598775598299,0.526679362279414,-0.0139727822273913,0.0098289970771479,0.526679362279414,0.526679362279414,-0.00308058668111522,0.00854108153609415,0.00854108153609415,0,0,0,0,0,0,0,0,0,0,0,0,0,1,1287,0,0,0,0,0,0,0.00226396715092603
1.287,0.523598775598299,0.526667943665181,-0.00893142233881565,0.00908045261585641,0.526667943665181,0.526667943665181,-0.0030691680668824,0.00811662018784463,0.00811662018784463,0,0,0,0,0,0,0,0,0,0,0,0,0,1,1288,0,0,0,0,0,0,0.00225705322725289
1.288,0.523598775598299,0.526661367653737,-0.00428505768888784,0.0083597504791342,0.526661367653737,0.526661367653737,-0.00306259205543846,0.00769362035980923,0.00769362035980923,0,0,0,0,0,0,0,0,0,0,0,0,0,1,1289,0,0,0,0,0,0,0.00225495741927273
1.289,0.523598775598299,0.526659246783604,-1.86509160945653e-05,0.00766657289390482,0.526659246783604,0.526659246783604,-0.00306047118530473,0.00727280442613611,0.00727280442613611,0,0,0,0,0,0,0,0,0,0,0,0,0,1,1290,0,0,0,0,0,0,0.00225729239551986
1.29,0.523598775598299,0.526661208537906,0.00388264728442038,0.00700057309363148,0.526661208537906,0.526661208537906,-0.00306243293960728,0.00685485106270336,0.00685485106270336,0,0,0,0,0,0,0,0,0,0,0,0,0,1,1291,0,0,0,0,0,0,0.00226368576847025
1.291,0.523598775598299,0.526666895148856,0.00743348342752788,0.00636137747294757,0.526666895148856,0.526666895148856,-0.0030681195505573,0.00644039647846052,0.00644039647846052,0,0,0,0,0,0,0,0,0,0,0,0,0,1,1292,0,0,0,0,0,0,0.00227377989902411
1.292,0.523598775598299,0.526675963388069,0.0106482876443938,0.00574858767080129,0.526675963388069,0.526675963388069,-0.00307718778977051,0.0060300356516114,0.0060300356516114,0,0,0,0,0,0,0,0,0,0,0,0,0,1,1293,0,0,0,0,0,0,0.00228723168682932
1.293,0.523598775598299,0.526688084343847,0.013541261189544,0.00516178258247466,0.526688084343847,0.526688084343847,-0.00308930874554769,0.00562432356828651,0.00562432356828651,0,0,0,0,0,0,0,0,0,0,0,0,0,1,1294,0,0,0,0,0,0,0.00230371234756499
1.294,0.523598775598299,0.526702943186494,0.0161263650101367,0.00460052030093605,0.526702943186494,0.526702943186494,-0.00310416758819554,0.00522377646148638,0.00522377646148638,0,0,0,0,0,0,0,0,0,0,0,0,0,1,1295,0,0,0,0,0,0,0.00232290717826489
1.295,0.523598775598299,0.526720238922731,0.0184173093391642,0.00406433998808203,0.526720238922731,0.526720238922731,-0.00312146332443242,0.00482887304818727,0.00482887304818727,0,0,0,0,0,0,0,0,0,0,0,0,0,1,1296,0,0,0,0,0,0,0.00234451531172686
1.296,0.523598775598299,0.526739684140182,0.0204275442746525,0.00355276367651067,0.526739684140182,0.526739684140182,-0.00314090854188354,0.00444005576262344,0.00444005576262344,0,0,0,0,0,0,0,0,0,0,0,0,0,1,1297,0,0,0,0,0,0,0.00236824946101077
1.297,0.523598775598299,0.526761004742931,0.0221702513073199,0.00306529800255169,0.526761004742931,0.526761004742931,-0.00316222914463227,0.00405773198387408,0.00405773198387408,0,0,0,0,0,0,0,0,0,0,0,0,0,1,1298,0,0,0,0,0,0,0.00239383565499307
1.298,0.523598775598299,0.526783939679057,0.02365833575959,0.00260143587135554,0.526783939679057,0.526783939679057,-0.0031851640807582,0.00368227525599115,0.00368227525599115,0,0,0,0,0,0,0,0,0,0,0,0,0,1,1299,0,0,0,0,0,0,0.0024210129659078
1.299,0.523598775598299,0.526808240661053,0.0249044200993277,0.00216065805491419,0.526808240661053,0.526808240661053,-0.00320946506275421,0.00331402649901622,0.00331402649901622,0,0,0,0,0,0,0,0,0,0,0,0,0,1,1300,0,0,0,0,0,0,0.00244953322976682
1.3,0.523598775598299,0.52683367187998,0.0259208380921771,0.00174243472395287,0.52683367187998,0.52683367187998,-0.00323489628168072,0.00295329520933347,0.00295329520933347,0,0,0,0,0,0,0,0,0,0,0,0,0,1,1301,0,0,0,0,0,0,0.00247916076051691
1.301,0.523598775598299,0.526860009714174,0.0267196297569221,0.00134622691469139,0.526860009714174,0.526860009714174,-0.00326123411587476,0.00260036064792015,0.00260036064792015,0,0,0,0,0,0,0,0,0,0,0,0,0,1,1302,0,0,0,0,0,0,0.00250967205875186
1.302,0.523598775598299,0.526887042433302,0.0273125370888644,0.00097148793153203,0.526887042433302,0.526887042433302,-0.00328826683500294,0.00225547301513709,0.00225547301513709,0,0,0,0,0,0,0,0,0,0,0,0,0,1,1303,0,0,0,0,0,0,0.00254085551576877
1.303,0.523598775598299,0.526914569898506,0.0277110005168155,0.000617664686778733,0.526914569898506,0.526914569898506,-0.00331579430020701,0.00191885461081242,0.00191885461081242,0,0,0,0,0,0,0,0,0,0,0,0,0,1,1304,0,0,0,0,0,0,0.00257251111371626
1.304,0.523598775598299,0.526942403259357,0.0279261560599256,0.000284198978540417,0.526942403259357,0.526942403259357,-0.00334362766105867,0.00159070097845887,0.00159070097845887,0,0,0,0,0,0,0,0,0,0,0,0,0,1,1305,0,0,0,0,0,0,0.00260445012255239
1.305,0.523598775598299,0.526970364648307,0.0279688331512228,-2.94712919867378e-05,0.526970364648307,0.526970364648307,-0.00337158905000789,0.00127118203255211,0.00127118203255211,0,0,0,0,0,0,0,0,0,0,0,0,0,1,1306,0,0,0,0,0,0,0.00263649479449601
1.306,0.523598775598299,0.526998286873273,0.0278495530954052,-0.000323910962626833,0.526998286873273,0.526998286873273,-0.00339951127497407,0.000960443167889695,0.000960443167889695,0,0,0,0,0,0,0,0,0,0,0,0,0,1,1307,0,0,0,0,0,0,0.00266847805662085
1.307,0.523598775598299,0.527026013108998,0.0275785281291205,-0.000599686510455773,0.527026013108998,0.527026013108998,-0.00342723751069918,0.000658606350128073,0.000658606350128073,0,0,0,0,0,0,0,0,0,0,0,0,0,1,1308,0,0,0,0,0,0,0.00270024320221141
1.308,0.523598775598299,0.527053396587749,0.0271656610526689,-0.00085736500886244,0.527053396587749,0.527053396587749,-0.00345462098944971,0.000365771186679398,0.000365771186679398,0,0,0,0,0,0,0,0,0,0,0,0,0,1,1309,0,0,0,0,0,0,0.00273164358146816
1.309,0.523598775598299,0.527080300289921,0.0266205454027879,-0.00109751314011906,0.527080300289921,0.527080300289921,-0.00348152469162211,8.20159772295208e-05,8.20159772295208e-05,0,0,0,0,0,0,0,0,0,0,0,0,0,1,1310,0,0,0,0,0,0,0.0027625422921157
1.31,0.523598775598299,0.52710659663508,0.0259524661369086,-0.00132069626211711,0.52710659663508,0.52710659663508,-0.00350782103678104,-0.000192601256797889,-0.000192601256797889,0,0,0,0,0,0,0,0,0,0,0,0,0,1,1311,0,0,0,0,0,0,0.00279281187044389
1.311,0.523598775598299,0.527132167173923,0.0251704008000122,-0.00152747752790952,0.527132167173923,0.527132167173923,-0.00353339157562405,-0.000458041764417516,-0.000458041764417516,0,0,0,0,0,0,0,0,0,0,0,0,0,1,1312,0,0,0,0,0,0,0.00282233398327558
1.312,0.523598775598299,0.527156902281642,0.0242830211459708,-0.00171841705668082,0.527156902281642,0.527156902281642,-0.0035581266833431,-0.000714285079431377,-0.000714285079431377,0,0,0,0,0,0,0,0,0,0,0,0,0,1,1313,0,0,0,0,0,0,0.00285099912133102
1.313,0.523598775598299,0.527180700853123,0.0232986951860089,-0.00189407115475737,0.527180700853123,0.527180700853123,-0.0035819252548237,-0.000961328057410534,-0.000961328057410534,0,0,0,0,0,0,0,0,0,0,0,0,0,1,1314,0,0,0,0,0,0,0.00287870629442977
1.314,0.523598775598299,0.527203470000393,0.0222254896376883,-0.00205499158526016,0.527203470000393,0.527203470000393,-0.00360469440209454,-0.00119918393570572,-0.00119918393570572,0,0,0,0,0,0,0,0,0,0,0,0,0,1,1315,0,0,0,0,0,0,0.00290536272894304
1.315,0.523598775598299,0.527225124752714,0.0210711727485817,-0.00220172488499544,0.527225124752714,0.527225124752714,-0.00362634915441507,-0.00142788141682332,-0.00142788141682332,0,0,0,0,0,0,0,0,0,0,0,0,0,1,1316,0,0,0,0,0,0,0.00293088356788451
1.316,0.523598775598299,0.527245587759664,0.019843217469571,-0.00233481172717529,0.527245587759664,0.527245587759664,-0.00364681216136475,-0.00164746377545077,-0.00164746377545077,0,0,0,0,0,0,0,0,0,0,0,0,0,1,1317,0,0,0,0,0,0,0.00295519157400215
1.317,0.523598775598299,0.527264788997568,0.0185488049534728,-0.00245478632856037,0.527264788997568,0.527264788997568,-0.00366601339926942,-0.00185798798935033,-0.00185798798935033,0,0,0,0,0,0,0,0,0,0,0,0,0,1,1318,0,0,0,0,0,0,0.00297821683620747
1.318,0.523598775598299,0.527282665479578,0.0171948283554633,-0.00256217589961647,0.527282665479578,0.527282665479578,-0.00368388988127932,-0.00205952389429672,-0.00205952389429672,0,0,0,0,0,0,0,0,0,0,0,0,0,1,1319,0,0,0,0,0,0,0.00299989647965626
1.319,0.523598775598299,0.527299160969688,0.0157878969125392,-0.00265750013628176,0.527299160969688,0.527299160969688,-0.00370038537138906,-0.00225215336317954,-0.00225215336317954,0,0,0,0,0,0,0,0,0,0,0,0,0,1,1320,0,0,0,0,0,0,0.00302017437977142
1.32,0.523598775598299,0.527314225700966,0.0143343402800155,-0.00274127075194684,0.527314225700966,0.527314225700966,-0.00371545010266716,-0.00243596950934546,-0.00243596950934546,0,0,0,0,0,0,0,0,0,0,0,0,0,1,1321,0,0,0,0,0,0,0.00303900088047571
1.321,0.523598775598299,0.52732781609824,0.0128402131038195,-0.00281399104825761,0.52732781609824,0.52732781609824,-0.0037290404999416,-0.00261107591420924,-0.00261107591420924,0,0,0,0,0,0,0,0,0,0,0,0,0,1,1322,0,0,0,0,0,0,0.0030563325168792
1.322,0.523598775598299,0.527339894505467,0.011311299808092,-0.00287615552336096,0.527339894505467,0.527339894505467,-0.00374111890716788,-0.00277758587912422,-0.00277758587912422,0,0,0,0,0,0,0,0,0,0,0,0,0,1,1323,0,0,0,0,0,0,0.00307213174265097
1.323,0.523598775598299,0.527350428917981,0.00975311957835749,-0.00292824951622551,0.527350428917981,0.527350428917981,-0.00375165331968241,-0.00293562170145206,-0.00293562170145206,0,0,0,0,0,0,0,0,0,0,0,0,0,1,1324,0,0,0,0,0,0,0.0030863666622748
1.324,0.523598775598299,0.52735939271983,0.00817093152126043,-0.00297074888568082,0.52735939271983,0.52735939271983,-0.00376061712153097,-0.00308531397475106,-0.00308531397475106,0,0,0,0,0,0,0,0,0,0,0,0,0,1,1325,0,0,0,0,0,0,0.00309901076838015
1.325,0.523598775598299,0.527366764426334,0.00656973998260116,-0.00300411972283686,0.527366764426334,0.527366764426334,-0.00376798882803553,-0.00322680091294509,-0.00322680091294509,0,0,0,0,0,0,0,0,0,0,0,0,0,1,1326,0,0,0,0,0,0,0.00311004268431236
1.326,0.523598775598299,0.527372527432051,0.00495430000612432,-0.00302881809555777,0.527372527432051,0.527372527432051,-0.00377375183375239,-0.00336022769832273,-0.00336022769832273,0,0,0,0,0,0,0,0,0,0,0,0,0,1,1327,0,0,0,0,0,0,0.0031194459120929
1.327,0.523598775598299,0.527376669764251,0.00332912291622864,-0.00304528982368526,0.527376669764251,0.527376669764251,-0.00377789416595187,-0.00348574585316867,-0.00348574585316867,0,0,0,0,0,0,0,0,0,0,0,0,0,1,1328,0,0,0,0,0,0,0.00312720858590243
1.328,0.523598775598299,0.527379183842035,0.00169848200846874,-0.00305397028372364,0.527379183842035,0.527379183842035,-0.00378040824373582,-0.00360351263480806,-0.00360351263480806,0,0,0,0,0,0,0,0,0,0,0,0,0,1,1329,0,0,0,0,0,0,0.0031333232312003
1.329,0.523598775598299,0.527380066241192,6.64183324125147e-05,-0.00305528424171923,0.527380066241192,0.527380066241192,-0.00378129064289301,-0.00371369045381444,-0.00371369045381444,0,0,0,0,0,0,0,0,0,0,0,0,0,1,1330,0,0,0,0,0,0,0.00313778652958285
1.33,0.523598775598299,0.527379317464877,-0.00156325344790165,-0.00304964571308794,0.527379317464877,0.527379317464877,-0.00378054186657784,-0.00381644631510898,-0.00381644631510898,0,0,0,0,0,0,0,0,0,0,0,0,0,1,1331,0,0,0,0,0,0,0.00314059908946507
1.331,0.523598775598299,0.527376941720181,-0.00318693912999478,-0.00303745784816747,0.527376941720181,0.527376941720181,-0.00377816612188209,-0.00391195128165029,-0.00391195128165029,0,0,0,0,0,0,0,0,0,0,0,0,0,1,1332,0,0,0,0,0,0,0.00314176522265486
1.332,0.523598775598299,0.527372946700656,-0.00480125899889523,-0.00301911284229268,0.527372946700656,0.527372946700656,-0.00377417110235678,-0.00400037996039566,-0.00400037996039566,0,0,0,0,0,0,0,0,0,0,0,0,0,1,1333,0,0,0,0,0,0,0.00314129272687724
1.333,0.523598775598299,0.527367343374827,-0.00640304181579155,-0.00299499186921659,0.527367343374827,0.527367343374827,-0.00376856777652779,-0.00408191001019382,-0.00408191001019382,0,0,0,0,0,0,0,0,0,0,0,0,0,1,1334,0,0,0,0,0,0,0.00313919267429308
1.334,0.523598775598299,0.527360145780735,-0.00798931878154766,-0.00296546503672432,0.527360145780735,0.527360145780735,-0.00376137018243605,-0.00415672167124915,-0.00415672167124915,0,0,0,0,0,0,0,0,0,0,0,0,0,1,1335,0,0,0,0,0,0,0.00313547920604162
1.335,0.523598775598299,0.527351370826522,-0.00955731748662078,-0.00293089136331165,0.527351370826522,0.527351370826522,-0.00375259522822291,-0.00422499731578483,-0.00422499731578483,0,0,0,0,0,0,0,0,0,0,0,0,0,1,1336,0,0,0,0,0,0,0.00313016933282873
1.336,0.523598775598299,0.527341038097066,-0.0111044558583204,-0.0028916187748268,0.527341038097066,0.527341038097066,-0.00374226249876686,-0.00428692101950915,-0.00428692101950915,0,0,0,0,0,0,0,0,0,0,0,0,0,1,1337,0,0,0,0,0,0,0.0031232827415657
1.337,0.523598775598299,0.527329169666669,-0.0126283361157579,-0.00284798411999819,0.527329169666669,0.527329169666669,-0.00373039406836995,-0.00434267815348185,-0.00434267815348185,0,0,0,0,0,0,0,0,0,0,0,0,0,1,1338,0,0,0,0,0,0,0.00311484160805897
1.338,0.523598775598299,0.527315789917781,-0.0141267387422632,-0.00280031320379846,0.527315789917781,0.527315789917781,-0.00371701431948224,-0.0043924549959658,-0.0043924549959658,0,0,0,0,0,0,0,0,0,0,0,0,0,1,1339,0,0,0,0,0,0,0.00310487041573648
1.339,0.523598775598299,0.527300925365739,-0.0155976164844843,-0.00274892083762277,0.527300925365739,0.527300925365739,-0.00370214976744043,-0.0044364383638306,-0.0044364383638306,0,0,0,0,0,0,0,0,0,0,0,0,0,1,1340,0,0,0,0,0,0,0.00309339578038936
1.34,0.523598775598299,0.527284604489489,-0.0170390883868421,-0.00269411090528437,0.527284604489489,0.527284604489489,-0.00368582889119051,-0.00447481526307225,-0.00447481526307225,0,0,0,0,0,0,0,0,0,0,0,0,0,1,1341,0,0,0,0,0,0,0.00308044628089699
1.341,0.523598775598299,0.527266857568254,-0.0184494338694838,-0.00263617644385925,0.527266857568254,0.527266857568254,-0.00366808196995516,-0.00450777255800261,-0.00450777255800261,0,0,0,0,0,0,0,0,0,0,0,0,0,1,1342,0,0,0,0,0,0,0.00306605229589685
1.342,0.523598775598299,0.527247716524097,-0.0198270868573605,-0.00257539973843891,0.527247716524097,0.527247716524097,-0.00364894092579782,-0.00453549665865234,-0.00453549665865234,0,0,0,0,0,0,0,0,0,0,0,0,0,1,1343,0,0,0,0,0,0,0.00305024584635138
1.343,0.523598775598299,0.527227214770328,-0.0211706299675601,-0.00251205242987708,0.527227214770328,0.527227214770328,-0.00362843917202949,-0.00455817322592943,-0.00455817322592943,0,0,0,0,0,0,0,0,0,0,0,0,0,1,1344,0,0,0,0,0,0,0.00303306044395668
1.344,0.523598775598299,0.527205387065696,-0.0224787887615359,-0.00244639563464505,0.527205387065696,0.527205387065696,-0.00360661146739683,-0.00457598689406839,-0.00457598689406839,0,0,0,0,0,0,0,0,0,0,0,0,0,1,1345,0,0,0,0,0,0,0.0030145309453341
1.345,0.523598775598299,0.52718226937428,-0.0237504260684075,-0.00237868007593729,0.52718226937428,0.52718226937428,-0.00358349377598122,-0.00458912100989472,-0.00458912100989472,0,0,0,0,0,0,0,0,0,0,0,0,0,1,1346,0,0,0,0,0,0,0.00299469341193115
1.346,0.523598775598299,0.527157898731037,-0.0249845363850514,-0.00230914622519496,0.527157898731037,0.527157898731037,-0.00355912313273821,-0.00459775738844178,-0.00459775738844178,0,0,0,0,0,0,0,0,0,0,0,0,0,1,1347,0,0,0,0,0,0,0.00297358497556333
1.347,0.523598775598299,0.527132313112895,-0.0261802403582636,-0.00223802445324562,0.527132313112895,0.527132313112895,-0.00353353751459606,-0.00460207608444069,-0.00460207608444069,0,0,0,0,0,0,0,0,0,0,0,0,0,1,1348,0,0,0,0,0,0,0.00295124370951572
1.348,0.523598775598299,0.527105551315327,-0.0273367793538465,-0.00216553519028271,0.527105551315327,0.527105551315327,-0.00350677571702818,-0.00460225517920652,-0.00460225517920652,0,0,0,0,0,0,0,0,0,0,0,0,0,1,1349,0,0,0,0,0,0,0.00292770850511737
1.349,0.523598775598299,0.527077652834311,-0.0284535101170687,-0.00209188909393482,0.527077652834311,0.527077652834311,-0.00347887723601192,-0.00459847058244975,-0.00459847058244975,0,0,0,0,0,0,0,0,0,0,0,0,0,1,1350,0,0,0,0,0,0,0.00290301895370282
1.35,0.523598775598299,0.527048657753578,-0.0295298995285466,-0.00201728722470394,0.527048657753578,0.527048657753578,-0.0034498821552793,-0.00459089584853516,-0.00459089584853516,0,0,0,0,0,0,0,0,0,0,0,0,0,1,1351,0,0,0,0,0,0,0.00287721523386519
1.351,0.523598775598299,0.527018606637062,-0.0305655194592173,-0.00194192122807674,0.527018606637062,0.527018606637062,-0.00341983103876276,-0.00457970200671616,-0.00457970200671616,0,0,0,0,0,0,0,0,0,0,0,0,0,1,1352,0,0,0,0,0,0,0.00285033800390444
1.352,0.523598775598299,0.526987540426433,-0.0315600417277087,-0.0018659735226404,0.526987540426433,0.526987540426433,-0.00338876482813455,-0.00456505740487121,-0.00456505740487121,0,0,0,0,0,0,0,0,0,0,0,0,0,1,1353,0,0,0,0,0,0,0.00282242829936907
1.353,0.523598775598299,0.526955500343635,-0.0325132331630569,-0.00178961749355977,0.526955500343635,0.526955500343635,-0.00335672474533655,-0.00454712756627551,-0.00454712756627551,0,0,0,0,0,0,0,0,0,0,0,0,0,1,1354,0,0,0,0,0,0,0.00279352743558858
1.354,0.523598775598299,0.526922527798293,-0.0334249507753869,-0.00171301769079895,0.526922527798293,0.526922527798293,-0.00332375219999381,-0.00452607505894304,-0.00452607505894304,0,0,0,0,0,0,0,0,0,0,0,0,0,1,1355,0,0,0,0,0,0,0.00276367691508927
1.355,0.523598775598299,0.526888664299901,-0.0342951370368461,-0.00163633003149641,0.526888664299901,0.526888664299901,-0.00328988870160229,-0.00450205937707628,-0.00450205937707628,0,0,0,0,0,0,0,0,0,0,0,0,0,1,1356,0,0,0,0,0,0,0.00273291833978428
1.356,0.523598775598299,0.526853951374678,-0.0351238152747716,-0.00155970200592649,0.526853951374678,0.526853951374678,-0.00325517577637946,-0.00447523683416709,-0.00447523683416709,0,0,0,0,0,0,0,0,0,0,0,0,0,1,1357,0,0,0,0,0,0,0.00270129332782665
1.357,0.523598775598299,0.526818430486964,-0.0359110851787754,-0.00148327288650554,0.526818430486964,0.526818430486964,-0.00321965488866516,-0.00444576046729853,-0.00444576046729853,0,0,0,0,0,0,0,0,0,0,0,0,0,1,1358,0,0,0,0,0,0,0.00266884343501261
1.358,0.523598775598299,0.526782142965057,-0.0366571184231472,-0.00140717393932539,0.526782142965057,0.526782142965057,-0.00318336736675828,-0.00441377995220196,-0.00441377995220196,0,0,0,0,0,0,0,0,0,0,0,0,0,1,1359,0,0,0,0,0,0,0.00263561008062074
1.359,0.523598775598299,0.526745129931371,-0.0373621544057055,-0.00133152863772055,0.526745129931371,0.526745129931371,-0.00314635433307175,-0.00437944152862541,-0.00437944152862541,0,0,0,0,0,0,0,0,0,0,0,0,0,1,1360,0,0,0,0,0,0,0.00260163447756911
1.36,0.523598775598299,0.52670743223679,-0.038026496103969,-0.0012564528773977,0.52670743223679,0.52670743223679,-0.0031086566384908,-0.00434288793558484,-0.00434288793558484,0,0,0,0,0,0,0,0,0,0,0,0,0,1,1361,0,0,0,0,0,0,0.00256695756677594
1.361,0.523598775598299,0.526669090399115,-0.0386505060492752,-0.00118205519268065,0.526669090399115,0.526669090399115,-0.00307031480081665,-0.00430425835607084,-0.00430425835607084,0,0,0,0,0,0,0,0,0,0,0,0,0,1,1362,0,0,0,0,0,0,0.00253161995560558
1.362,0.523598775598299,0.526630144545475,-0.0392346024192409,-0.00110843697344601,0.526630144545475,0.526630144545475,-0.00303136894717582,-0.00426368837078707,-0.00426368837078707,0,0,0,0,0,0,0,0,0,0,0,0,0,1,1363,0,0,0,0,0,0,0.00249566186028027
1.363,0.523598775598299,0.526590634358577,-0.0397792552487374,-0.00103569268234489,0.526590634358577,0.526590634358577,-0.00299185876027808,-0.00422130992051243,-0.00422130992051243,0,0,0,0,0,0,0,0,0,0,0,0,0,1,1364,0,0,0,0,0,0,0.00245912305214024
1.364,0.523598775598299,0.526550599026703,-0.0402849827593442,-0.000963910071929477,0.526550599026703,0.526550599026703,-0.00295182342840461,-0.00417725127668278,-0.00417725127668278,0,0,0,0,0,0,0,0,0,0,0,0,0,1,1365,0,0,0,0,0,0,0.00242204280763436
1.365,0.523598775598299,0.526510077197306,-0.0407523478070479,-0.000893170401323475,0.526510077197306,0.526510077197306,-0.00291130159900754,-0.00413163701979509,-0.00413163701979509,0,0,0,0,0,0,0,0,0,0,0,0,0,1,1366,0,0,0,0,0,0,0.00238445986192182
1.366,0.523598775598299,0.526469106934101,-0.0411819544477646,-0.000823548652095746,0.526469106934101,0.526469106934101,-0.00287033133580195,-0.00408458802524365,-0.00408458802524365,0,0,0,0,0,0,0,0,0,0,0,0,0,1,1367,0,0,0,0,0,0,0.00234641236596667
1.367,0.523598775598299,0.526427725677534,-0.0415744446200892,-0.00075511374301524,0.526427725677534,0.526427725677534,-0.00282895007923489,-0.00403622145621482,-0.00403622145621482,0,0,0,0,0,0,0,0,0,0,0,0,0,1,1368,0,0,0,0,0,0,0.00230793784700878
1.368,0.523598775598299,0.526385970208511,-0.0419304949445111,-0.000687928743386939,0.526385970208511,0.526385970208511,-0.00278719461021226,-0.00398665076326282,-0.00398665076326282,0,0,0,0,0,0,0,0,0,0,0,0,0,1,1369,0,0,0,0,0,0,0.00226907317229286
1.369,0.523598775598299,0.526343876615268,-0.042250813638176,-0.000622051084684561,0.526343876615268,0.526343876615268,-0.00274510101696968,-0.00393598569021128,-0.00393598569021128,0,0,0,0,0,0,0,0,0,0,0,0,0,1,1370,0,0,0,0,0,0,0.00222985451594226
1.37,0.523598775598299,0.526301480263269,-0.0425361375441342,-0.000557532770216609,0.526301480263269,0.526301480263269,-0.00270270466497002,-0.00388433228602083,-0.00388433228602083,0,0,0,0,0,0,0,0,0,0,0,0,0,1,1371,0,0,0,0,0,0,0.0021903173288581
1.371,0.523598775598299,0.526258815768015,-0.0427872292738759,-0.000494420582577334,0.526258815768015,0.526258815768015,-0.0026600401697161,-0.0038317929222852,-0.0038317929222852,0,0,0,0,0,0,0,0,0,0,0,0,0,1,1372,0,0,0,0,0,0,0.00215049631153452
1.372,0.523598775598299,0.526215916970663,-0.0430048744618295,-0.00043275628865392,0.526215916970663,0.526215916970663,-0.00261714137236391,-0.00377846631601628,-0.00377846631601628,0,0,0,0,0,0,0,0,0,0,0,0,0,1,1373,0,0,0,0,0,0,0.00211042538967399
1.373,0.523598775598299,0.526172816916326,-0.043189879130382,-0.000372576841975744,0.526172816916326,0.526172816916326,-0.00257404131802685,-0.00372444755739684,-0.00372444755739684,0,0,0,0,0,0,0,0,0,0,0,0,0,1,1374,0,0,0,0,0,0,0.00207013769249387
1.374,0.523598775598299,0.526129547834958,-0.0433430671638717,-0.000313914582209262,0.526129547834958,0.526129547834958,-0.00253077223665921,-0.00366982814217906,-0.00366982814217906,0,0,0,0,0,0,0,0,0,0,0,0,0,1,1375,0,0,0,0,0,0,0.00202966553361195
1.375,0.523598775598299,0.526086141124712,-0.0434652778899037,-0.000256797431615519,0.526086141124712,0.526086141124712,-0.00248736552641271,-0.003614696008428,-0.003614696008428,0,0,0,0,0,0,0,0,0,0,0,0,0,1,1376,0,0,0,0,0,0,0.00198904039440528
1.376,0.523598775598299,0.526042627337657,-0.0435573637662479,-0.000201249088304624,0.526042627337657,0.526042627337657,-0.00244385173935835,-0.00355913557730789,-0.00355913557730789,0,0,0,0,0,0,0,0,0,0,0,0,0,1,1377,0,0,0,0,0,0,0.00194829290973397
1.377,0.523598775598299,0.525999036167768,-0.0436201881714933,-0.000147289216134122,0.525999036167768,0.525999036167768,-0.00240026056946963,-0.00350322779762578,-0.00350322779762578,0,0,0,0,0,0,0,0,0,0,0,0,0,1,1378,0,0,0,0,0,0,0.00190745285592708
1.378,0.523598775598299,0.525955396441063,-0.0436546232975591,-9.49336311133204e-05,0.525955396441063,0.525955396441063,-0.00235662084276378,-0.00344705019385149,-0.00344705019385149,0,0,0,0,0,0,0,0,0,0,0,0,0,1,1379,0,0,0,0,0,0,0.00186654914092588
1.379,0.523598775598299,0.525911736107799,-0.0436615481420923,-4.41944841881676e-05,0.525911736107799,0.525911736107799,-0.00231296050950047,-0.00339067691734514,-0.00339067691734514,0,0,0,0,0,0,0,0,0,0,0,0,0,1,1380,0,0,0,0,0,0,0.00182560979648405
1.38,0.523598775598299,0.525868082236638,-0.0436418465987208,4.91955970535209e-06,0.525868082236638,0.525868082236638,-0.00226930663833891,-0.00333417880053126,-0.00333417880053126,0,0,0,0,0,0,0,0,0,0,0,0,0,1,1381,0,0,0,0,0,0,0.00178466197232774
1.381,0.523598775598299,0.525824461010656,-0.0435964056430747,5.24031464191345e-05,0.525824461010656,0.525824461010656,-0.00222568541235701,-0.00327762341376936,-0.00327762341376936,0,0,0,0,0,0,0,0,0,0,0,0,0,1,1382,0,0,0,0,0,0,0.00174373193217658
1.382,0.523598775598299,0.525780897725136,-0.0435261136124421,9.82540612897485e-05,0.525780897725136,0.525780897725136,-0.0021821221268371,-0.00322107512467615,-0.00322107512467615,0,0,0,0,0,0,0,0,0,0,0,0,0,1,1383,0,0,0,0,0,0,0.00170284505153151
1.383,0.523598775598299,0.525737416787025,-0.0434318585768822,0.000142473061831184,0.525737416787025,0.525737416787025,-0.00213864118872631,-0.0031645951596684,-0.0031645951596684,0,0,0,0,0,0,0,0,0,0,0,0,0,1,1384,0,0,0,0,0,0,0.00166202581713704
1.384,0.523598775598299,0.525694041715979,-0.0433145267995816,0.000185063714488805,0.525694041715979,0.525694041715979,-0.00209526611768041,-0.00310824166749927,-0.00310824166749927,0,0,0,0,0,0,0,0,0,0,0,0,0,1,1385,0,0,0,0,0,0,0.00162129782802745
1.385,0.523598775598299,0.525650795146904,-0.0431750012842107,0.000226032235510375,0.525650795146904,0.525650795146904,-0.00205201954860512,-0.00305206978457844,-0.00305206978457844,0,0,0,0,0,0,0,0,0,0,0,0,0,1,1386,0,0,0,0,0,0,0.00158068379807053
1.386,0.523598775598299,0.525607698833905,-0.0430141604070105,0.000265387335977952,0.525607698833905,0.525607698833905,-0.00200892323560575,-0.00299613170186013,-0.00299613170186013,0,0,0,0,0,0,0,0,0,0,0,0,0,1,1387,0,0,0,0,0,0,0.00154020555991852
1.387,0.523598775598299,0.525564773655563,-0.0428328766313222,0.000303140071038384,0.525564773655563,0.525564773655563,-0.0019659980572645,-0.0029404767331088,-0.0029404767331088,0,0,0,0,0,0,0,0,0,0,0,0,0,1,1388,0,0,0,0,0,0,0.00149988407028812
1.388,0.523598775598299,0.525522039621461,-0.0426320153022538,0.000339303693357793,0.525522039621461,0.525522039621461,-0.00192326402316256,-0.00288515138434816,-0.00288515138434816,0,0,0,0,0,0,0,0,0,0,0,0,0,1,1389,0,0,0,0,0,0,0.00145973941648436
1.389,0.523598775598299,0.525479515879867,-0.0424124335191709,0.000373893510818823,0.525479515879867,0.525479515879867,-0.00188074028156826,-0.00283019942431215,-0.00283019942431215,0,0,0,0,0,0,0,0,0,0,0,0,0,1,1390,0,0,0,0,0,0,0.00141979082409083
1.39,0.523598775598299,0.525437220726514,-0.042174979083691,0.000406926748470933,0.525437220726514,0.525437220726514,-0.00183844512821518,-0.00277566195572683,-0.00277566195572683,0,0,0,0,0,0,0,0,0,0,0,0,0,1,1391,0,0,0,0,0,0,0.00138005666575014
1.391,0.523598775598299,0.525395171614394,-0.0419204895208597,0.000438422414735474,0.525395171614394,0.525395171614394,-0.00179639601609549,-0.0027215774872557,-0.0027215774872557,0,0,0,0,0,0,0,0,0,0,0,0,0,1,1392,0,0,0,0,0,0,0.00134055447095893
1.392,0.523598775598299,0.525353385164495,-0.0416497911711902,0.000468401171860864,0.525353385164495,0.525353385164495,-0.00175460956619578,-0.00266798200594946,-0.00266798200594946,0,0,0,0,0,0,0,0,0,0,0,0,0,1,1393,0,0,0,0,0,0,0.00130130093680569
1.393,0.523598775598299,0.525311877177406,-0.0413636983512511,0.000496885210616544,0.525311877177406,0.525311877177406,-0.00171310157910742,-0.00261490905005498,-0.00261490905005498,0,0,0,0,0,0,0,0,0,0,0,0,0,1,1394,0,0,0,0,0,0,0.00126231193958348
1.394,0.523598775598299,0.525270662645741,-0.0410630125805023,0.000523898129206281,0.525270662645741,0.525270662645741,-0.00167188704744226,-0.0025623897820357,-0.0025623897820357,0,0,0,0,0,0,0,0,0,0,0,0,0,1,1395,0,0,0,0,0,0,0.00122360254720744
1.395,0.523598775598299,0.525229755767288,-0.0407485218720851,0.000549464816377291,0.525229755767288,0.525229755767288,-0.00163098016898944,-0.00251045306167173,-0.00251045306167173,0,0,0,0,0,0,0,0,0,0,0,0,0,1,1396,0,0,0,0,0,0,0.00118518703237347
1.396,0.523598775598299,0.52518916995885,-0.0404210000852961,0.000573611338694524,0.52518916995885,0.52518916995885,-0.00159039436055086,-0.00245912551911163,-0.00245912551911163,0,0,0,0,0,0,0,0,0,0,0,0,0,1,1397,0,0,0,0,0,0,0.00114707888639598
1.397,0.523598775598299,0.525148917870693,-0.0400812063374871,0.000596364831944273,0.525148917870693,0.525148917870693,-0.0015501422723937,-0.00240843162775312,-0.00240843162775312,0,0,0,0,0,0,0,0,0,0,0,0,0,1,1398,0,0,0,0,0,0,0.0011092908336624
1.398,0.523598775598299,0.525109011401561,-0.0397298844731604,0.000617753396626917,0.525109011401561,0.525109011401561,-0.00151023580326237,-0.00235839377684022,-0.00235839377684022,0,0,0,0,0,0,0,0,0,0,0,0,0,1,1399,0,0,0,0,0,0,0.00107183484664675
1.399,0.523598775598299,0.525069461714193,-0.0393677625880503,0.000637805997493253,0.525069461714193,0.525069461714193,-0.00147068611589418,-0.00230903234367021,-0.00230903234367021,0,0,0,0,0,0,0,0,0,0,0,0,0,1,1400,0,0,0,0,0,0,0.00103472216142753
1.4,0.523598775598299,0.525030279251282,-0.0389955526060098,0.000656552367074347,0.525030279251282,0.525030279251282,-0.0014315036529835,-0.00226036576530653,-0.00226036576530653,0,0,0,0,0,0,0,0,0,0,0,0,0,1,1401,0,0,0,0,0,0,0.00099796329365387
1.401,0.523598775598299,0.524991473751843,-0.0386139499065498,0.000674022913151873,0.524991473751843,0.524991473751843,-0.00139269815354448,-0.00221241060970746,-0.00221241060970746,0,0,0,0,0,0,0,0,0,0,0,0,0,1,1402,0,0,0,0,0,0,0.000961568054909878
1.402,0.523598775598299,0.524953054267919,-0.0382236330009113,0.000690248630110537,0.524953054267919,0.524953054267919,-0.00135427866962057,-0.00216518164617644,-0.00216518164617644,0,0,0,0,0,0,0,0,0,0,0,0,0,1,1403,0,0,0,0,0,0,0.0009255455694267
1.403,0.523598775598299,0.524915029181595,-0.0378252632545815,0.000705261014112844,0.524915029181595,0.524915029181595,-0.00131625358329635,-0.00211869191505953,-0.00211869191505953,0,0,0,0,0,0,0,0,0,0,0,0,0,1,1404,0,0,0,0,0,0,0.0008899042910957
1.404,0.523598775598299,0.524877406222261,-0.037419484654201,0.000719091982030353,0.524877406222261,0.524877406222261,-0.00127863062396261,-0.0020729527966036,-0.0020729527966036,0,0,0,0,0,0,0,0,0,0,0,0,0,1,1405,0,0,0,0,0,0,0.000854652020735758
1.405,0.523598775598299,0.524840192484093,-0.0370069236168468,0.000731773794066475,0.524840192484093,0.524840192484093,-0.00124141688579393,-0.00202797407891086,-0.00202797407891086,0,0,0,0,0,0,0,0,0,0,0,0,0,1,1406,0,0,0,0,0,0,0.000819795923572508
1.406,0.523598775598299,0.524803394443696,-0.0365881888397108,0.00074333898000028,0.524803394443696,0.524803394443696,-0.00120461884539758,-0.0019837640249247,-0.0019837640249247,0,0,0,0,0,0,0,0,0,0,0,0,0,1,1407,0,0,0,0,0,0,0.000785342546889556
1.407,0.523598775598299,0.52476701797789,-0.0361638711882353,0.00075382026897862,0.52476701797789,0.52476701797789,-0.00116824237959157,-0.00194032943837897,-0.00194032943837897,0,0,0,0,0,0,0,0,0,0,0,0,0,1,1408,0,0,0,0,0,0,0.00075129783780814
1.408,0.523598775598299,0.524731068381576,-0.0357345436208055,0.00076325052278442,0.524731068381576,0.524731068381576,-0.0011322927832772,-0.0018976757286623,-0.0018976757286623,0,0,0,0,0,0,0,0,0,0,0,0,0,1,1409,0,0,0,0,0,0,0.000717667161161395
1.409,0.523598775598299,0.524695550385669,-0.0353007611481419,0.00077166267250411,0.524695550385669,0.524695550385669,-0.00109677478736969,-0.00185580697454515,-0.00185580697454515,0,0,0,0,0,0,0,0,0,0,0,0,0,1,1410,0,0,0,0,0,0,0.000684455317427224
1.41,0.523598775598299,0.524660468175051,-0.0348630608255757,0.000779089658516542,0.524660468175051,0.524660468175051,-0.00106169257675193,-0.00181472598672017,-0.00181472598672017,0,0,0,0,0,0,0,0,0,0,0,0,0,1,1411,0,0,0,0,0,0,0.000651666560683606
1.411,0.523598775598299,0.524625825406519,-0.0344219617764353,0.000785564373725501,0.524625825406519,0.524625825406519,-0.00102704980822055,-0.00177443436911757,-0.00177443436911757,0,0,0,0,0,0,0,0,0,0,0,0,0,1,1412,0,0,0,0,0,0,0.000619304616557015
1.412,0.523598775598299,0.524591625226693,-0.0339779652448143,0.000791119609955278,0.524591625226693,0.524591625226693,-0.000992849628394299,-0.00173493257895868,-0.00173493257895868,0,0,0,0,0,0,0,0,0,0,0,0,0,1,1413,0,0,0,0,0,0,0.000587372700131983
1.413,0.523598775598299,0.524557870289854,-0.0335315546760355,0.000795788007427841,0.524557870289854,0.524557870289854,-0.000959094691555196,-0.00169621998551236,-0.00169621998551236,0,0,0,0,0,0,0,0,0,0,0,0,0,1,1414,0,0,0,0,0,0,0.000555873533794604
1.414,0.523598775598299,0.524524562775695,-0.0330831958231716,0.000799602007240245,0.524524562775695,0.524524562775695,-0.000925787177395887,-0.00165829492752557,-0.00165829492752557,0,0,0,0,0,0,0,0,0,0,0,0,0,1,1415,0,0,0,0,0,0,0.000524809364981449
1.415,0.523598775598299,0.524491704406947,-0.0326333368780263,0.000802593806759912,0.524491704406947,0.524491704406947,-0.000892928808648663,-0.00162115476930504,-0.00162115476930504,0,0,0,0,0,0,0,0,0,0,0,0,0,1,1416,0,0,0,0,0,0,0.00049418198381046
1.416,0.523598775598299,0.52445929646687,-0.0321824086250259,0.000804795317854299,0.52445929646687,0.52445929646687,-0.000860520868571357,-0.00158479595542516,-0.00158479595542516,0,0,0,0,0,0,0,0,0,0,0,0,0,1,1417,0,0,0,0,0,0,0.000463992740568631
1.417,0.523598775598299,0.524427339816568,-0.0317308246165165,0.000806238127872318,0.524427339816568,0.524427339816568,-0.000828564218269268,-0.00154921406404778,-0.00154921406404778,0,0,0,0,0,0,0,0,0,0,0,0,0,1,1418,0,0,0,0,0,0,0.000434242563036147
1.418,0.523598775598299,0.524395834912129,-0.0312789813680081,0.000806953463293423,0.524395834912129,0.524395834912129,-0.000797059313830561,-0.00151440385883374,-0.00151440385883374,0,0,0,0,0,0,0,0,0,0,0,0,0,1,1419,0,0,0,0,0,0,0.000404931973622902
1.419,0.523598775598299,0.524364781821557,-0.0308272585719508,0.000806972155962168,0.524364781821557,0.524364781821557,-0.000766006223258286,-0.00148035933944113,-0.00148035933944113,0,0,0,0,0,0,0,0,0,0,0,0,0,1,1420,0,0,0,0,0,0,0.000376061106302839
1.42,0.523598775598299,0.524334180241478,-0.0303760193286755,0.000806324611823735,0.524334180241478,0.524334180241478,-0.000735404643179005,-0.00144707379059572,-0.00144707379059572,0,0,0,0,0,0,0,0,0,0,0,0,0,1,1421,0,0,0,0,0,0,0.000347629723324028
1.421,0.523598775598299,0.524304029513611,-0.0299256103931752,0.000805040782078577,0.524304029513611,0.524304029513611,-0.00070525391531262,-0.00141453982973077,-0.00141453982973077,0,0,0,0,0,0,0,0,0,0,0,0,0,1,1422,0,0,0,0,0,0,0.000319637231680381
1.422,0.523598775598299,0.524274328640988,-0.0294763624364492,0.000803150136673386,0.524274328640988,0.524274328640988,-0.000675553042688737,-0.00138274945319473,-0.00138274945319473,0,0,0,0,0,0,0,0,0,0,0,0,0,1,1423,0,0,0,0,0,0,0.000292082699329899
1.423,0.523598775598299,0.524245076303893,-0.0290285903201771,0.000800681640045821,0.524245076303893,0.524245076303893,-0.000646300705593794,-0.00135169408102131,-0.00135169408102131,0,0,0,0,0,0,0,0,0,0,0,0,0,1,1424,0,0,0,0,0,0,0.000264964871143469
1.424,0.523598775598299,0.524216270875537,-0.028582593383532,0.000797663729042838,0.524216270875537,0.524216270875537,-0.000617495277238422,-0.00132136460027008,-0.00132136460027008,0,0,0,0,0,0,0,0,0,0,0,0,0,1,1425,0,0,0,0,0,0,0.000238282184574001
1.425,0.523598775598299,0.52418791043743,-0.0281386557409902,0.000794124292930901,0.52418791043743,0.52418791043743,-0.000589134839131589,-0.00129175140693659,-0.00129175140693659,0,0,0,0,0,0,0,0,0,0,0,0,0,1,1426,0,0,0,0,0,0,0.000212032785032235
1.426,0.523598775598299,0.524159992794451,-0.0276970465900335,0.000790090655419241,0.524159992794451,0.524159992794451,-0.000561217196152319,-0.00126284444644217,-0.00126284444644217,0,0,0,0,0,0,0,0,0,0,0,0,0,1,1427,0,0,0,0,0,0,0.000186214540960017
1.427,0.523598775598299,0.524132515489608,-0.0272580205276877,0.000785589558616846,0.524132515489608,0.524132515489608,-0.000533739891309226,-0.00123463325271045,-0.00123463325271045,0,0,0,0,0,0,0,0,0,0,0,0,0,1,1428,0,0,0,0,0,0,0.000160825058592162
1.428,0.523598775598299,0.524105475818478,-0.0268218178748791,0.000780647148845438,0.524105475818478,0.524105475818478,-0.000506700220179179,-0.00120710698584061,-0.00120710698584061,0,0,0,0,0,0,0,0,0,0,0,0,0,1,1429,0,0,0,0,0,0,0.000135861696396233
1.429,0.523598775598299,0.524078870843317,-0.026388665007638,0.000775288964232024,0.524078870843317,0.524078870843317,-0.000480095245018464,-0.00118025446839101,-0.00118025446839101,0,0,0,0,0,0,0,0,0,0,0,0,0,1,1430,0,0,0,0,0,0,0.000111321579185586
1.43,0.523598775598299,0.524052697406838,-0.0259587746942123,0.000769539924005104,0.524052697406838,0.524052697406838,-0.000453921808539537,-0.00115406422028616,-0.00115406422028616,0,0,0,0,0,0,0,0,0,0,0,0,0,1,1431,0,0,0,0,0,0,8.72016118979024e-05
1.431,0.523598775598299,0.524026952145647,-0.0255323464372032,0.000763424319420385,0.524026952145647,0.524026952145647,-0.000428176547348169,-0.00112852449236289,-0.00112852449236289,0,0,0,0,0,0,0,0,0,0,0,0,0,1,1432,0,0,0,0,0,0,6.34984930339977e-05
1.432,0.523598775598299,0.524001631503335,-0.0251095668198679,0.000756965806242877,0.524001631503335,0.524001631503335,-0.000402855905036192,-0.00110362329857249,-0.00110362329857249,0,0,0,0,0,0,0,0,0,0,0,0,0,1,1433,0,0,0,0,0,0,4.02087277523444e-05
1.433,0.523598775598299,0.523976731743225,-0.0246906098557764,0.000750187398713749,0.523976731743225,0.523976731743225,-0.000377956144926306,-0.00107934844685748,-0.00107934844685748,0,0,0,0,0,0,0,0,0,0,0,0,0,1,1434,0,0,0,0,0,0,1.73286406152107e-05
1.434,0.523598775598299,0.523952248960765,-0.0242756373410503,0.000743111464931494,0.523952248960765,0.523952248960765,-0.000353473362465717,-0.00105568756872202,-0.00105568756872202,0,0,0,0,0,0,0,0,0,0,0,0,0,1,1435,0,0,0,0,0,0,-5.14561201558905e-06
1.435,0.523598775598299,0.523928179095566,-0.0238647992084424,0.000735759723578643,0.523928179095566,0.523928179095566,-0.000329403497266956,-0.00103262814751813,-0.00103262814751813,0,0,0,0,0,0,0,0,0,0,0,0,0,1,1436,0,0,0,0,0,0,-2.72180299366598e-05
1.436,0.523598775598299,0.523904517943092,-0.0234582338825611,0.000728153241926211,0.523904517943092,0.523904517943092,-0.000305742344793081,-0.00101015754546596,-0.00101015754546596,0,0,0,0,0,0,0,0,0,0,0,0,0,1,1437,0,0,0,0,0,0,-4.88927574155973e-05
1.437,0.523598775598299,0.523881261165988,-0.023056068635573,0.000720312435050802,0.523881261165988,0.523881261165988,-0.000282485567688839,-0.000988263029437264,-0.000988263029437264,0,0,0,0,0,0,0,0,0,0,0,0,0,1,1438,0,0,0,0,0,0,-7.01740718589416e-05
1.438,0.523598775598299,0.523858404305053,-0.0226584199427547,0.000712257066198459,0.523858404305053,0.523858404305053,-0.000259628706754556,-0.000966931795517379,-0.000966931795517379,0,0,0,0,0,0,0,0,0,0,0,0,0,1,1439,0,0,0,0,0,0,-9.10663728358463e-05
1.439,0.523598775598299,0.523835942789865,-0.0222653938373018,0.000704006248234125,0.523835942789865,0.523835942789865,-0.000237167191565857,-0.000946150992377224,-0.000946150992377224,0,0,0,0,0,0,0,0,0,0,0,0,0,1,1440,0,0,0,0,0,0,-0.000111574171457351
1.44,0.523598775598299,0.523813871949038,-0.0218770862638307,0.000695578446114173,0.523813871949038,0.523813871949038,-0.000215096350739019,-0.00092590774347705,-0.00092590774347705,0,0,0,0,0,0,0,0,0,0,0,0,0,1,1441,0,0,0,0,0,0,-0.000131702080109042
1.441,0.523598775598299,0.523792187020142,-0.0214935834300473,0.000686991480322665,0.523792187020142,0.523792187020142,-0.000193411421843148,-0.000906189168126614,-0.000906189168126614,0,0,0,0,0,0,0,0,0,0,0,0,0,1,1442,0,0,0,0,0,0,-0.000151454802537532
1.442,0.523598775598299,0.523770883159261,-0.0211149621560853,0.000678262531213724,0.523770883159261,0.523770883159261,-0.000172107560962531,-0.00088698240143137,-0.00088698240143137,0,0,0,0,0,0,0,0,0,0,0,0,0,1,1443,0,0,0,0,0,0,-0.000170837124286338
1.443,0.523598775598299,0.523749955450209,-0.0207412902210477,0.000669408144202829,0.523749955450209,0.523749955450209,-0.000151179851910488,-0.000868274613147992,-0.000868274613147992,0,0,0,0,0,0,0,0,0,0,0,0,0,1,1444,0,0,0,0,0,0,-0.000189853903480364
1.444,0.523598775598299,0.523729398913397,-0.0203726267063164,0.000660444235752752,0.523729398913397,0.523729398913397,-0.00013062331509861,-0.000850053025478665,-0.000850053025478665,0,0,0,0,0,0,0,0,0,0,0,0,0,1,1445,0,0,0,0,0,0,-0.000208510061955325
1.445,0.523598775598299,0.523709208514363,-0.0200090223352231,0.000651386100100599,0.523709208514363,0.523709208514363,-0.000110432916064163,-0.000832304929829718,-0.000832304929829718,0,0,0,0,0,0,0,0,0,0,0,0,0,1,1446,0,0,0,0,0,0,-0.000226810576728242
1.446,0.523598775598299,0.523689379171959,-0.0196505198087036,0.000642248416674675,0.523689379171959,0.523689379171959,-9.06035736600863e-05,-0.000815017702563919,-0.000815017702563919,0,0,0,0,0,0,0,0,0,0,0,0,0,1,1447,0,0,0,0,0,0,-0.000244760471806771
1.447,0.523598775598299,0.52366990576621,-0.0192971541365824,0.000633045258150958,0.52366990576621,0.52366990576621,-7.11301679112708e-05,-0.000798178819772833,-0.000798178819772833,0,0,0,0,0,0,0,0,0,0,0,0,0,1,1448,0,0,0,0,0,0,-0.000262364810330484
1.448,0.523598775598299,0.523650783145841,-0.0189489529641655,0.00062379009910111,0.523650783145841,0.523650783145841,-5.20075475421988e-05,-0.000781775871098807,-0.000781775871098807,0,0,0,0,0,0,0,0,0,0,0,0,0,1,1449,0,0,0,0,0,0,-0.000279628687042011
1.449,0.523598775598299,0.523632006135479,-0.0186059368938404,0.000614495825185017,0.523632006135479,0.523632006135479,-3.32305371797403e-05,-0.000765796572631767,-0.000765796572631767,0,0,0,0,0,0,0,0,0,0,0,0,0,1,1450,0,0,0,0,0,0,-0.000296557221082905
1.45,0.523598775598299,0.523613569542537,-0.0182681198014094,0.000605174742843491,0.523613569542537,0.523613569542537,-1.47939442380896e-05,-0.000750228778913989,-0.000750228778913989,0,0,0,0,0,0,0,0,0,0,0,0,0,1,1451,0,0,0,0,0,0,-0.000313155549106603
1.451,0.523598775598299,0.523595468163788,-0.0179355091469057,0.000595838589446509,0.523595468163788,0.523595468163788,3.3074345110462e-06,-0.000735060494074766,-0.000735060494074766,0,0,0,0,0,0,0,0,0,0,0,0,0,1,1452,0,0,0,0,0,0,-0.000329428818707345
1.452,0.523598775598299,0.523577696791623,-0.0176081062796631,0.000586498543856337,0.523577696791623,0.523577696791623,2.10788066754564e-05,-0.000720279882128225,-0.000720279882128225,0,0,0,0,0,0,0,0,0,0,0,0,0,1,1453,0,0,0,0,0,0,-0.000345382182155185
1.453,0.523598775598299,0.523560250220017,-0.0172859067374362,0.000577165237364362,0.523560250220017,0.523560250220017,3.85253782817507e-05,-0.000705875276459601,-0.000705875276459601,0,0,0,0,0,0,0,0,0,0,0,0,0,1,1454,0,0,0,0,0,0,-0.000361020790433875
1.454,0.523598775598299,0.523543123250188,-0.016968900539384,0.000567848764963144,0.523543123250188,0.523543123250188,5.56523481107796e-05,-0.000691835188528256,-0.000691835188528256,0,0,0,0,0,0,0,0,0,0,0,0,0,1,1455,0,0,0,0,0,0,-0.000376349787574948
1.455,0.523598775598299,0.523526310695975,-0.0166570724727538,0.000558558696916508,0.523526310695975,0.523526310695975,7.2464902323377e-05,-0.000678148315813857,-0.000678148315813857,0,0,0,0,0,0,0,0,0,0,0,0,0,1,1456,0,0,0,0,0,0,-0.000391374305282133
1.456,0.523598775598299,0.52350980738893,-0.016350402373121,0.000549304090592361,0.52350980738893,0.52350980738893,8.89682093685451e-05,-0.000664803549037174,-0.000664803549037174,0,0,0,0,0,0,0,0,0,0,0,0,0,1,1457,0,0,0,0,0,0,-0.000406099457837317
1.457,0.523598775598299,0.52349360818313,-0.0160488653980583,0.000540093502522956,0.52349360818313,0.52349360818313,0.000105167415169305,-0.000651789978677956,-0.000651789978677956,0,0,0,0,0,0,0,0,0,0,0,0,0,1,1458,0,0,0,0,0,0,-0.000420530337285618
1.458,0.523598775598299,0.52347770795972,-0.0157524322941269,0.000530935000660729,0.52347770795972,0.52347770795972,0.000121067638578776,-0.000639096900818936,-0.000639096900818936,0,0,0,0,0,0,0,0,0,0,0,0,0,1,1459,0,0,0,0,0,0,-0.000434672008889581
1.459,0.523598775598299,0.523462101631199,-0.015461069657099,0.000521836176798199,0.523462101631199,0.523462101631199,0.000136673967100043,-0.000626713822341731,-0.000626713822341731,0,0,0,0,0,0,0,0,0,0,0,0,0,1,1460,0,0,0,0,0,0,-0.000448529506847595
1.46,0.523598775598299,0.523446784145437,-0.0151747401853358,0.000512804159122214,0.523446784145437,0.523446784145437,0.000151991452862266,-0.000614630465502841,-0.000614630465502841,0,0,0,0,0,0,0,0,0,0,0,0,0,1,1461,0,0,0,0,0,0,-0.000462107830268899
1.461,0.523598775598299,0.523431750489451,-0.0148934029262646,0.000503845624873482,0.523431750489451,0.523431750489451,0.000167025108847474,-0.000602836771911981,-0.000602836771911981,0,0,0,0,0,0,0,0,0,0,0,0,0,1,1462,0,0,0,0,0,0,-0.000475411939398485
1.462,0.523598775598299,0.523416995692939,-0.014617013515908,0.000494966813085066,0.523416995692939,0.523416995692939,0.000181779905359725,-0.000591322905941981,-0.000591322905941981,0,0,0,0,0,0,0,0,0,0,0,0,0,1,1463,0,0,0,0,0,0,-0.000488446752085037
1.463,0.523598775598299,0.523402514831568,-0.0143455244114383,0.000486173537373355,0.523402514831568,0.523402514831568,0.000196260766730627,-0.000580079257592631,-0.000580079257592631,0,0,0,0,0,0,0,0,0,0,0,0,0,1,1464,0,0,0,0,0,0,-0.000501217140484678
1.464,0.523598775598299,0.523388303030045,-0.0140788851167383,0.000477471198757408,0.523388303030045,0.523388303030045,0.000210472568253683,-0.000569096444834595,-0.000569096444834595,0,0,0,0,0,0,0,0,0,0,0,0,0,1,1465,0,0,0,0,0,0,-0.000513727927994312
1.465,0.523598775598299,0.523374355464958,-0.0138170424009661,0.000468864798483261,0.523374355464958,0.523374355464958,0.00022442013334123,-0.000558365315455406,-0.000558365315455406,0,0,0,0,0,0,0,0,0,0,0,0,0,1,1466,0,0,0,0,0,0,-0.000525983886407011
1.466,0.523598775598299,0.523360667367403,-0.013559940510132,0.000460358950831739,0.523360667367403,0.523360667367403,0.000238108230895873,-0.000547876948434215,-0.000547876948434215,0,0,0,0,0,0,0,0,0,0,0,0,0,1,1467,0,0,0,0,0,0,-0.000537989733281674
1.467,0.523598775598299,0.523347234025409,-0.0133075213717058,0.000451957895888432,0.523347234025409,0.523347234025409,0.000251541572890202,-0.000537622654866394,-0.000537622654866394,0,0,0,0,0,0,0,0,0,0,0,0,0,1,1468,0,0,0,0,0,0,-0.000549750129521853
1.468,0.523598775598299,0.523334050786151,-0.0130597247922877,0.000443665512256538,0.523334050786151,0.523334050786151,0.000264724812147676,-0.000527593978461096,-0.000527593978461096,0,0,0,0,0,0,0,0,0,0,0,0,0,1,1469,0,0,0,0,0,0,-0.000561269677154752
1.469,0.523598775598299,0.523321113057981,-0.0128164886483799,0.000435485329694241,0.523321113057981,0.523321113057981,0.000277662540317691,-0.000517782695634129,-0.000517782695634129,0,0,0,0,0,0,0,0,0,0,0,0,0,1,1470,0,0,0,0,0,0,-0.00057255291730518
1.47,0.523598775598299,0.523308416312261,-0.012577749070311,0.000427420541659298,0.523308416312261,0.523308416312261,0.000290359286037933,-0.000508180815217836,-0.000508180815217836,0,0,0,0,0,0,0,0,0,0,0,0,0,1,1471,0,0,0,0,0,0,-0.000583604328356357
1.471,0.523598775598299,0.523295956085021,-0.0123434406193718,0.000419474017744648,0.523295956085021,0.523295956085021,0.000302819513277819,-0.000498780577807491,-0.000498780577807491,0,0,0,0,0,0,0,0,0,0,0,0,0,1,1472,0,0,0,0,0,0,-0.000594428324291907
1.472,0.523598775598299,0.523283727978444,-0.012113496458228,0.000411648315990413,0.523283727978444,0.523283727978444,0.000315047619854569,-0.000489574454769327,-0.000489574454769327,0,0,0,0,0,0,0,0,0,0,0,0,0,1,1473,0,0,0,0,0,0,-0.000605029253210931
1.473,0.523598775598299,0.523271727662182,-0.0118878485146866,0.000403945695057079,0.523271727662182,0.523271727662182,0.000327047936117153,-0.000480555146925087,-0.000480555146925087,0,0,0,0,0,0,0,0,0,0,0,0,0,1,1474,0,0,0,0,0,0,-0.000615411396009957
1.474,0.523598775598299,0.523259950874508,-0.0116664276388967,0.000396368126247722,0.523259950874508,0.523259950874508,0.000338824723791098,-0.000471715582933683,-0.000471715582933683,0,0,0,0,0,0,0,0,0,0,0,0,0,1,1475,0,0,0,0,0,0,-0.000625578965226969
1.475,0.523598775598299,0.523248393423323,-0.0114491637540734,0.000388917305367384,0.523248393423323,0.523248393423323,0.000350382174976294,-0.000463048917392578,-0.000463048917392578,0,0,0,0,0,0,0,0,0,0,0,0,0,1,1476,0,0,0,0,0,0,-0.000635536104037326
1.476,0.523598775598299,0.523237051187006,-0.01123598600084,0.000381594664407421,0.523237051187006,0.523237051187006,0.000361724411292452,-0.000454548528674336,-0.000454548528674336,0,0,0,0,0,0,0,0,0,0,0,0,0,1,1477,0,0,0,0,0,0,-0.000645286885398444
1.477,0.523598775598299,0.523225920115132,-0.0110268228752884,0.000374401383044833,0.523225920115132,0.523225920115132,0.000372855483166901,-0.000446208016513497,-0.000446208016513497,0,0,0,0,0,0,0,0,0,0,0,0,0,1,1478,0,0,0,0,0,0,-0.000654835311335478
1.478,0.523598775598299,0.523214996229043,-0.0108216023608642,0.000367338399948241,0.523214996229043,0.523214996229043,0.000383779369255599,-0.00043802119936886,-0.00043802119936886,0,0,0,0,0,0,0,0,0,0,0,0,0,1,1479,0,0,0,0,0,0,-0.000664185312361565
1.479,0.523598775598299,0.523204275622304,-0.010620252054185,0.000360406423880093,0.523204275622304,0.523204275622304,0.0003944999759945,-0.000429982111569186,-0.000429982111569186,0,0,0,0,0,0,0,0,0,0,0,0,0,1,1480,0,0,0,0,0,0,-0.00067334074702774
1.48,0.523598775598299,0.523193754461026,-0.0104226992849088,0.000353605944589013,0.523193754461026,0.523193754461026,0.000405021137273143,-0.000422085000264206,-0.000422085000264206,0,0,0,0,0,0,0,0,0,0,0,0,0,1,1481,0,0,0,0,0,0,-0.000682305401595196
1.481,0.523598775598299,0.523183428984074,-0.0102288712297688,0.000346937243484497,0.523183428984074,0.523183428984074,0.000415346614224821,-0.000414324322195985,-0.000414324322195985,0,0,0,0,0,0,0,0,0,0,0,0,0,1,1482,0,0,0,0,0,0,-0.00069108298982401
1.482,0.523598775598299,0.52317329550317,-0.0100386950208976,0.000340400404087439,0.52317329550317,0.52317329550317,0.000425480095128661,-0.000406694740302742,-0.000406694740302742,0,0,0,0,0,0,0,0,0,0,0,0,0,1,1483,0,0,0,0,0,0,-0.00069967715287389
1.483,0.523598775598299,0.523163350402882,-0.00985209784856541,0.000333995322251739,0.523163350402882,0.523163350402882,0.000435425195416506,-0.000399191120173671,-0.000399191120173671,0,0,0,0,0,0,0,0,0,0,0,0,0,1,1484,0,0,0,0,0,0,-0.000708091459309834
1.484,0.523598775598299,0.523153590140518,-0.00966900705846029,0.000327721716151366,0.523153590140518,0.523153590140518,0.000445185457780384,-0.000391808526365281,-0.000391808526365281,0,0,0,0,0,0,0,0,0,0,0,0,0,1,1485,0,0,0,0,0,0,-0.000716329405208271
1.485,0.523598775598299,0.523144011245925,-0.00948935024363905,0.000321579136029351,0.523144011245925,0.523144011245925,0.000454764352374237,-0.000384542218595302,-0.000384542218595302,0,0,0,0,0,0,0,0,0,0,0,0,0,1,1486,0,0,0,0,0,0,-0.000724394414357454
1.486,0.523598775598299,0.523134610321193,-0.00931305533128209,0.000315566973704732,0.523134610321193,0.523134610321193,0.000464165277105355,-0.000377387647825229,-0.000377387647825229,0,0,0,0,0,0,0,0,0,0,0,0,0,1,1487,0,0,0,0,0,0,-0.000732289838547784
1.487,0.523598775598299,0.52312538404029,-0.00914005066438486,0.000309684471834866,0.52312538404029,0.52312538404029,0.000473391558009184,-0.000370340452247223,-0.000370340452247223,0,0,0,0,0,0,0,0,0,0,0,0,0,1,1488,0,0,0,0,0,0,-0.000740018957944955
1.488,0.523598775598299,0.523116329148594,-0.00897026507852084,0.000303930732929917,0.523116329148594,0.523116329148594,0.000482446449704632,-0.000363396453181632,-0.000363396453181632,0,0,0,0,0,0,0,0,0,0,0,0,0,1,1489,0,0,0,0,0,0,-0.000747584981544258
1.489,0.523598775598299,0.523107442462376,-0.00880362797381207,0.000298304728118994,0.523107442462376,0.523107442462376,0.000491333135922423,-0.000356551650903576,-0.000356551650903576,0,0,0,0,0,0,0,0,0,0,0,0,0,1,1490,0,0,0,0,0,0,-0.000754991047697606
1.49,0.523598775598299,0.523098720868195,-0.00864006938224365,0.000292805305665228,0.523098720868195,0.523098720868195,0.000500054730103949,-0.000349802220403686,-0.000349802220403686,0,0,0,0,0,0,0,0,0,0,0,0,0,1,1491,0,0,0,0,0,0,-0.000762240224710942
1.491,0.523598775598299,0.523090161322234,-0.00847952003045926,0.000287431199229963,0.523090161322234,0.523090161322234,0.000508614276065078,-0.000343144507096093,-0.000343144507096093,0,0,0,0,0,0,0,0,0,0,0,0,0,1,1492,0,0,0,0,0,0,-0.000769335511507263
1.492,0.523598775598299,0.523081760849579,-0.00832191139817504,0.000282181035885494,0.523081760849579,0.523081760849579,0.000517014748720013,-0.000336575022484854,-0.000336575022484854,0,0,0,0,0,0,0,0,0,0,0,0,0,1,1493,0,0,0,0,0,0,-0.000776279838348604
1.493,0.523598775598299,0.523073516543437,-0.00816717577234888,0.000277053343875941,0.523073516543437,0.523073516543437,0.000525259054862004,-0.000330090439795381,-0.000330090439795381,0,0,0,0,0,0,0,0,0,0,0,0,0,1,1494,0,0,0,0,0,0,-0.00078307606761574
1.494,0.523598775598299,0.523065425564303,-0.00801524629724225,0.000272046560127395,0.523065425564303,0.523065425564303,0.000533350033995905,-0.000323687589582181,-0.000323687589582181,0,0,0,0,0,0,0,0,0,0,0,0,0,1,1495,0,0,0,0,0,0,-0.00078972699463975
1.495,0.523598775598299,0.52305748513908,-0.007866057020511,0.000267159037507934,0.52305748513908,0.52305748513908,0.000541290459218913,-0.000317363455320519,-0.000317363455320519,0,0,0,0,0,0,0,0,0,0,0,0,0,1,1496,0,0,0,0,0,0,-0.000796235348581198
1.496,0.523598775598299,0.523049692560153,-0.00771954293546083,0.000262389051838914,0.523049692560153,0.523049692560153,0.000549083038145493,-0.000311115168990436,-0.000311115168990436,0,0,0,0,0,0,0,0,0,0,0,0,0,1,1497,0,0,0,0,0,0,-0.00080260379335384
1.497,0.523598775598299,0.523042045184427,-0.00757564001960245,0.000257734808659144,0.523042045184427,0.523042045184427,0.000556730413872164,-0.000304940006662412,-0.000304940006662412,0,0,0,0,0,0,0,0,0,0,0,0,0,1,1498,0,0,0,0,0,0,-0.00080883492858852
1.498,0.523598775598299,0.523034540432319,-0.00743428526964026,0.000253194449743458,0.523034540432319,0.523034540432319,0.000564235165980032,-0.000298835384087872,-0.000298835384087872,0,0,0,0,0,0,0,0,0,0,0,0,0,1,1499,0,0,0,0,0,0,-0.000814931290634147
1.499,0.523598775598299,0.523027175786729,-0.00729541673302729,0.000248766059378921,0.523027175786729,0.523027175786729,0.000571599811569734,-0.000292798852306437,-0.000292798852306437,0,0,0,0,0,0,0,0,0,0,0,0,0,1,1500,0,0,0,0,0,0,-0.0008208953535912
1.5,0.523598775598299,0.523019948791972,-0.00715897353621744,0.000244447670400308,0.523019948791972,0.523019948791972,0.000578826806326593,-0.000286828093273324,-0.000286828093273324,0,0,0,0,0,0,0,0,0,0,0,0,0,1,1501,0,0,0,0,0,0,-0.000826729530376213
