Context,ActiveRMSE_deg,ActivePeak_deg,PostPeak_deg,PrePeak_rad,ActiveMeasurementPeak_deg,ActiveCommandDelta_V,ReceiverPeak_V,EquivalentErrorPeak_deg,MarginExceededSamples,CommonModeExceededSamples,TerminationPole_Hz,RecoveryTime_s,RecoveryCensored,ActiveSaturatedSamples,PostSaturatedSamples,MaxMeasurementAge_samples,NominalTrajectoryChange_deg,NominalCommandChange_V,NominalReceiverChange_V,Sample
physical_only,0.0494441798573072,0.0725144104048452,0.031939601466458,0,0.139547552750138,0.00613689119597787,0.104725509161855,0.132228642457119,0,0,14660921.9194817,2.22044604925031e-16,0,0,0,0,0.183785000071772,0.037319680015906,0.173060058331423,1
combined_phase2b,0.043150905754922,0.0588607759466805,0.0227797306052172,0,0.146773393161498,0.0065918267718151,0.104725509161855,0.132228642457119,0,0,14660921.9194817,2.22044604925031e-16,0,0,0,17,0.173066102556847,0.0351586657399233,0.173060058331423,1
physical_only,4.40762409463454,6.9323561414876,3.13137991052589,0,13.3907066461892,0.583234872975081,0.352963934843884,12.1849946098953,118,0,10366405.955629,NaN,1,0,0,0,6.82227063808646,0.601555503245538,0.400343314577854,2
combined_phase2b,4.40352204466994,7.3586242464423,3.64506992663827,0,12.8185413229294,0.585104796944898,0.352963934843884,12.1849946098953,118,0,10366405.955629,NaN,1,0,0,17,7.26482341526303,0.600657834967306,0.400343314577854,2
physical_only,4.52604484374451,9.36472490327303,4.74277757711598,0,5.80238050120284,0.198867222578596,0.259161438016857,10.1635853624974,65,0,11743213.5414508,NaN,1,0,0,0,9.47193136894698,0.226379817893027,0.325399846551061,3
combined_phase2b,4.75616165238444,10.7024512548293,3.98549738845593,0,7.62680550720988,0.256267807254394,0.259161438016857,10.1635853624974,65,0,11743213.5414508,NaN,1,0,0,17,10.6654885631811,0.261054817649801,0.325399846551061,3
physical_only,0.0921593440912719,0.135734238090846,0.0580294380364182,0,0.174919274687969,0.00723163269748773,0.0346338562295769,0.162933512122297,0,0,7928242.47614756,0.00600000000000001,0,0,0,0,0.247045780320083,0.039203871732617,0.103134355639203,4
combined_phase2b,0.0849113072498027,0.126053105424786,0.0511060259901633,0,0.166622419349828,0.00666534755336135,0.0346338562295769,0.162933512122297,0,0,7928242.47614756,0.00100000000000011,0,0,0,17,0.228119403089789,0.0372383594491358,0.103134355639203,4
physical_only,0.0948535132088905,0.290277231571888,0.269635716753331,0,23.7410331233862,1.12280291243957,1.58745882559716,23.5163453048482,274,0,9948644.18532838,0.0980000000000001,0,0,0,0,0.265447161639232,1.13362053381897,1.6406362779116,5
combined_phase2b,2.25058086289277,6.59287835993918,4.29673206172191,0,29.8601603031973,1.41475271926409,1.58745882559716,23.5163453048482,274,0,9948644.18532838,NaN,1,0,0,17,6.65190102321315,1.40151505035229,1.6406362779116,5
physical_only,0.157236832927477,0.265643183202132,0.135024303522105,0,0.275798504309567,0.0119977451371808,0.0479577994131201,0.295543201231303,0,0,8169815.69241452,0.042,0,0,0,0,0.156729444419429,0.0356785864983041,0.0948321003484189,6
combined_phase2b,0.174239735611695,0.291064153061214,0.119513668830461,0,0.284238097893851,0.0122408058411071,0.0479577994131201,0.295543201231303,0,0,8169815.69241452,0.038,0,0,0,17,0.391597780697469,0.0402265252450952,0.0948321003484189,6
physical_only,2.28093270619847,4.26628251975572,2.56984311843302,0,6.23111419832906,0.229697397782531,0.602123727343427,5.6905457555427,229,0,22116114.996266,0.0950000000000002,0,0,0,0,4.17136158691828,0.253186092519623,0.650087750527773,7
combined_phase2b,2.60868621837495,4.80705455319062,3.06617507229838,0,8.10570267965814,0.303875071110915,0.602123727343427,5.6905457555427,229,0,22116114.996266,0.0990000000000002,0,0,0,17,4.67933051273885,0.325583548355934,0.650087750527773,7
physical_only,0.203876955019054,0.297237476134765,0.128248730587867,0,1.25702461797812,0.0569690150672743,0.370208933379045,1.24596682489893,140,0,14657181.2123942,0.03,0,0,0,0,0.186293551392314,0.0466942685256237,0.3313801034339,8
combined_phase2b,0.107326920025742,0.295623419561111,0.0832498424778603,0,1.34544157985275,0.0618960700070515,0.370208933379045,1.24596682489893,140,0,14657181.2123942,0.018,0,0,0,17,0.168841511183341,0.0461057080052953,0.3313801034339,8
physical_only,0.550206018281772,0.813263053405268,0.305878259809829,0,11.0587368376784,0.513570408889032,0.462428724679938,10.9592081469412,209,0,9770497.17039318,0.106,0,0,0,0,0.707470097577983,0.530892777602633,0.484986619268355,9
combined_phase2b,1.43923601986342,3.17443523058241,1.76798202437493,0,13.3688688228036,0.620561859674952,0.462428724679938,10.9592081469412,209,0,9770497.17039318,0.056,0,0,0,17,3.08717560536,0.638939771513795,0.484986619268355,9
physical_only,0.116085515900989,0.182802707385302,0.0650659111357436,0,0.352857372301008,0.0149652298423667,0.0954697075736887,0.366611712161056,0,0,13984398.4791539,0.00500000000000012,0,0,0,0,0.293159860118349,0.0434799905975996,0.160973108445815,10
combined_phase2b,0.11052861267017,0.178225309074128,0.0799871443231401,0,0.378022867487866,0.0162043409394902,0.0954697075736887,0.366611712161056,0,0,13984398.4791539,0.00900000000000012,0,0,0,17,0.283541703835291,0.0466409129857091,0.160973108445815,10
physical_only,0.269410760758972,0.450075335864655,0.123552187999379,0,0.475002067409952,0.0191226193434624,0.167707916876808,0.468479975305361,0,0,18293347.645533,0.0370000000000001,0,0,0,0,0.340424575034174,0.0425435454725303,0.214801091501779,11
combined_phase2b,0.292300422999334,0.478879607415587,0.13906970049194,0,0.534345375624339,0.0214267752942036,0.167707916876808,0.468479975305361,0,0,18293347.645533,0.0390000000000001,0,0,0,17,0.499515647343451,0.0450404976347897,0.214801091501779,11
physical_only,0.0590982280143378,0.0895562024841561,0.0393763154139713,0,2.98177154734785,0.141138181516945,0.358836326525039,2.97539337352324,168,0,15902139.8874851,2.22044604925031e-16,0,0,0,0,0.200824445607347,0.161508522168161,0.412344945305371,12
combined_phase2b,0.324420279867102,0.929075532455857,0.202794252319152,0,3.6402329919469,0.173988734586599,0.358836326525039,2.97539337352324,168,0,15902139.8874851,0.0370000000000001,0,0,0,17,0.901154812844173,0.174699697977384,0.412344945305371,12
physical_only,0.0839314271234814,0.134685283728816,0.0596956901965983,0,0.498047306494528,0.0227403770231041,0.21606189561058,0.482595113106936,34,0,19818769.986979,0.00300000000000011,0,0,0,0,0.245455135931007,0.0519978054295903,0.280605027992379,13
combined_phase2b,0.0765909809666611,0.132672296069493,0.0435588335939888,0,0.497183514082156,0.0234417680030319,0.21606189561058,0.482595113106936,34,0,19818769.986979,2.22044604925031e-16,0,0,0,17,0.215998241257707,0.0512796283433255,0.280605027992379,13
physical_only,0.100134726994053,0.163240490307849,0.0857871042444567,0,1.98436758038057,0.094220572233882,0.0634808733889557,1.9572088528171,0,0,6753197.23423272,0.0550000000000002,0,0,0,0,0.273328457451782,0.119075896707746,0.131392497032726,14
combined_phase2b,0.13399022555904,0.382420782578059,0.279025790578049,0,2.17695166215819,0.105351317256142,0.0634808733889557,1.9572088528171,0,0,6753197.23423272,0.0680000000000001,0,0,0,17,0.441229269895119,0.132918331332628,0.131392497032726,14
physical_only,3.93495520461343,6.36071632247027,1.75862173164204,0,7.07173092674357,0.293653096577377,0.215724733012648,6.23650502706344,89,0,7330936.18087091,0.052,0,0,0,0,6.2503842752359,0.31254827909587,0.264347729422295,15
combined_phase2b,4.04899042919102,6.58208586923995,2.01779608349779,0,7.52347518977902,0.319946559055586,0.215724733012648,6.23650502706344,89,0,7330936.18087091,0.0580000000000001,0,0,0,17,6.51613326870092,0.340294721969072,0.264347729422295,15
physical_only,0.0780800967357959,0.115898828868103,0.0495086779284601,0,0.368741103226389,0.0166334133933146,0.327356321406534,0.359142684747683,104,0,11213244.0640594,2.22044604925031e-16,0,0,0,0,0.226821175654533,0.0476737424853391,0.392745201955446,16
combined_phase2b,0.0856416188274615,0.133886853466266,0.020191529712779,0,0.366392659833451,0.0156492113970283,0.327356321406534,0.359142684747683,104,0,11213244.0640594,2.22044604925031e-16,0,0,0,17,0.258017761969021,0.0437775933989238,0.392745201955446,16
physical_only,0.289708627198703,0.46522197243689,0.129397624773346,0,0.525091009939611,0.0220301062626171,0.195417029788332,0.461970091193844,0,0,13527585.5000121,0.0170000000000001,0,0,0,0,0.355169040955873,0.0443765010540577,0.243345181285082,17
combined_phase2b,0.310727400941423,0.497889054171506,0.155556673219855,0,0.564616675627539,0.0244389178656996,0.195417029788332,0.461970091193844,0,0,13527585.5000121,0.0210000000000001,0,0,0,17,0.483221716314058,0.0483625986471071,0.243345181285082,17
physical_only,0.432753352699395,0.63481500527103,0.277050534359423,0,2.31741017442929,0.107007018731883,0.109198144362418,2.28778962694935,0,0,21813064.2778512,0.042,0,0,0,0,0.746165538382795,0.133724337809536,0.176947367358538,18
combined_phase2b,0.672123797186729,1.2947761381098,0.352814708756432,0,2.69684095816408,0.116834229853466,0.109198144362418,2.28778962694935,0,0,21813064.2778512,0.0430000000000001,0,0,0,17,1.35950817426551,0.14282754835897,0.176947367358538,18
physical_only,0.166205049247158,0.260169283039085,0.120958120524596,0,0.212907140622881,0.00858066398591059,0.216368439074884,0.284866020973259,60,0,9054253.78487902,0.0230000000000001,0,0,0,0,0.370476308660283,0.0397665076287065,0.284422314370287,19
combined_phase2b,0.160148505801847,0.260802171741613,0.1054702267346,0,0.205309059582972,0.00839076634075308,0.216368439074884,0.284866020973259,60,0,9054253.78487902,0.02,0,0,0,17,0.347028153507705,0.0388166799664861,0.284422314370287,19
physical_only,0.0445696093564196,0.0649566313241316,0.0282818575923423,0,0.279466242713085,0.0128051543822582,0.0197759161152062,0.275020304458978,0,0,14540794.8333842,2.22044604925031e-16,0,0,0,0,0.0465220763936451,0.0396104751248295,0.0779487425608384,20
combined_phase2b,0.0604004453593882,0.119833658412337,0.00920571049774115,0,0.262163034989625,0.0123616032337999,0.0197759161152062,0.275020304458978,0,0,14540794.8333842,2.22044604925031e-16,0,0,0,17,0.24220055678291,0.0475989998255821,0.0779487425608384,20
physical_only,0.326163427218453,0.581914746145375,0.0972003011753902,0,0.659329204362969,0.027413303196472,0.0794598583384915,0.591458214116645,0,0,20864482.6228082,0.01,0,0,0,0,0.471900282704064,0.0488036642114211,0.126633958586155,21
combined_phase2b,0.350115942415159,0.629280426673912,0.124326439956504,0,0.737396311072154,0.0300289112196073,0.0794598583384915,0.591458214116645,0,0,20864482.6228082,0.014,0,0,0,17,0.619643049452002,0.0536859812939929,0.126633958586155,21
physical_only,0.518496996431536,0.757504088706657,0.330348452651492,0,1.20470855636148,0.0517373522235418,0.114683901538328,1.13727488248595,0,0,13812944.9752249,0.05,0,0,0,0,0.647210186232433,0.0697595020068033,0.161443146694614,22
combined_phase2b,0.500530846703295,0.824933902669581,0.327165481170142,0,1.13907029338993,0.049411067943477,0.114683901538328,1.13727488248595,0,0,13812944.9752249,0.052,0,0,0,17,0.947265371063163,0.0684450219430569,0.161443146694614,22
physical_only,0.00591147444166713,0.0120648828046099,0.0113158872653533,0,0.133065063981755,0.00620102906745406,0.0913727737927348,0.121083532057038,0,0,6679529.83750928,2.22044604925031e-16,0,0,0,0,0.123299754105631,0.035050414449352,0.154735470436911,23
combined_phase2b,0.0257534599665058,0.0463480562336155,0.0161612800810734,0,0.135046771927684,0.00607366583215633,0.0913727737927348,0.121083532057038,0,0,6679529.83750928,2.22044604925031e-16,0,0,0,17,0.128183988447799,0.0384336364063392,0.154735470436911,23
physical_only,0.0426636298537732,0.0623797946887248,0.0272073079367981,0,0.0761679050994191,0.00331722572755531,0.0651047730072972,0.0707150514900628,0,0,21732621.5834246,2.22044604925031e-16,0,0,0,0,0.173763997283068,0.03387307435985,0.133353053327886,24
combined_phase2b,0.0380904532764074,0.0522636644460919,0.0245078971110276,0,0.0818357586392726,0.00342209812676833,0.0651047730072972,0.0707150514900628,0,0,21732621.5834246,2.22044604925031e-16,0,0,0,17,0.159277018886853,0.0372368058906348,0.133353053327886,24
physical_only,0.219018817150401,0.321779225968561,0.140490381250617,0,1.45088635660887,0.0666824322732806,0.388398463231229,1.4385878929789,157,0,7299942.77387496,0.0270000000000001,0,0,0,0,0.211550872882606,0.0873082061349507,0.435854630033782,25
combined_phase2b,0.341237625114698,0.799377280664243,0.0519153334120313,0,1.61075869123449,0.0745220718173201,0.388398463231229,1.4385878929789,157,0,7299942.77387496,0.00200000000000022,0,0,0,17,0.826325051000866,0.0986129474587271,0.435854630033782,25
physical_only,2.13896567642317,3.75476964022304,2.20874189331911,0,38.8061469778404,1.83559496848966,0.808556490498599,37.4036115192419,248,0,25033906.1394807,NaN,1,0,0,0,3.86493983747843,1.81532980874274,0.87466904253649,26
combined_phase2b,3.5087580169199,8.24475420217957,2.92309192887567,0,38.4252812181487,1.84680861687503,0.808556490498599,37.4036115192419,248,0,25033906.1394807,NaN,1,0,0,17,8.12227792929083,1.86916465151984,0.87466904253649,26
physical_only,0.764119672429594,1.11739610413621,0.487347795182518,0,1.23558742174839,0.0531244267775064,0.130841574493633,1.13643689865503,0,0,8027024.86216233,0.0590000000000002,0,0,0,0,1.00698078493665,0.0750403220186948,0.178576662804244,27
combined_phase2b,0.802706379721167,1.24860638335749,0.487171264627033,0,1.24935840728011,0.0525735500012299,0.130841574493633,1.13643689865503,0,0,8027024.86216233,0.0590000000000002,0,0,0,17,1.29545301750663,0.0767080495884277,0.178576662804244,27
physical_only,0.189283767233258,0.291204767556471,0.109912956343235,0,0.469088089386961,0.0219821777517605,0.10996675537039,0.483898731706583,0,0,14243547.1621826,0.0350000000000001,0,0,0,0,0.180368331211145,0.0423031804003061,0.154768800378006,28
combined_phase2b,0.204102844120216,0.333050619708063,0.105335502779089,0,0.472130305663044,0.0185181934002385,0.10996675537039,0.483898731706583,0,0,14243547.1621826,0.032,0,0,0,17,0.423751138619161,0.0440868550406542,0.154768800378006,28
physical_only,0.491973881603577,0.770454826135273,0.367375680009192,0,0.565565807152399,0.0246049036201605,0.262397661908609,0.833076369119929,123,0,10818556.9457667,0.05,0,0,0,0,0.881051597821617,0.0553679268187268,0.330898812749124,29
combined_phase2b,0.493872088874653,0.813271232334808,0.331588680367832,0,0.581044689366184,0.0236708387817935,0.262397661908609,0.833076369119929,123,0,10818556.9457667,0.048,0,0,0,17,0.864801975169241,0.0501274913524393,0.330898812749124,29
physical_only,4.42864235017172,6.47075394699023,2.82066574661754,0,9.59535691579174,0.410362189212881,0.206329824464815,9.00436815142902,35,0,12448973.9329472,NaN,1,0,0,0,6.35943209564529,0.386707847997457,0.252557734699721,30
combined_phase2b,4.46978617661669,7.07105737111782,2.48755768406971,0,9.52799618130546,0.38807459913265,0.206329824464815,9.00436815142902,35,0,12448973.9329472,NaN,1,0,0,17,6.97917245097493,0.363693894651066,0.252557734699721,30
physical_only,0.0522247540715286,0.0759864901707722,0.0331237267885244,0,0.430074116843362,0.0200221894886692,0.10407603950546,0.427785911579386,0,0,13714077.2458356,2.22044604925031e-16,0,0,0,0,0.187337023282537,0.0477066869505377,0.169575840990867,31
combined_phase2b,0.078806295703176,0.191666168104043,0.0463635533902164,0,0.492456626588914,0.0227019976469258,0.10407603950546,0.427785911579386,0,0,13714077.2458356,2.22044604925031e-16,0,0,0,17,0.26030135288731,0.0523623093421666,0.169575840990867,31
physical_only,0.075597712606108,0.111837668979773,0.0488065623531311,0,1.39452632922426,0.0651003407761269,0.100094116369533,1.38624427912019,0,0,9741641.21565886,2.22044604925031e-16,0,0,0,0,0.223142673648631,0.0908918823162777,0.16801994220963,32
combined_phase2b,0.0848271056133885,0.202953166067469,0.0983650432162811,0,1.41042570435798,0.0662807051844657,0.100094116369533,1.38624427912019,0,0,9741641.21565886,0.0330000000000001,0,0,0,17,0.289670670458573,0.0980893235919046,0.16801994220963,32
physical_only,5.60361914327226,8.18437829853074,3.56848239985909,0,13.6992555169907,0.587647915370294,0.260054003894496,12.9017191530859,84,0,17670893.7056073,NaN,1,0,0,0,8.07387931631509,0.604803657347797,0.30868084207657,33
combined_phase2b,5.96190576991475,9.20862984849229,3.11296997586772,0,13.4355606597439,0.600281600640785,0.260054003894496,12.9017191530859,84,0,17670893.7056073,NaN,1,0,0,17,9.21057497680346,0.623264160826781,0.30868084207657,33
physical_only,0.276535526316038,0.403790188744139,0.176010845961899,0,0.857384627455372,0.038169857868015,0.270175034999128,0.822214206333584,81,0,22905036.2264901,0.038,0,0,0,0,0.293537339832775,0.0601199078686195,0.3176373526939,34
combined_phase2b,0.271045589996812,0.449984759825014,0.174203741225412,0,0.854742195487878,0.0376964999093322,0.270175034999128,0.822214206333584,81,0,22905036.2264901,0.0390000000000001,0,0,0,17,0.567419572678323,0.0607561543762621,0.3176373526939,34
physical_only,0.134990372353769,0.291532030472821,0.190787071180581,0,1.93142846396049,0.0871988938917365,0.0778078799661175,1.67696139215731,0,0,13598864.1185169,0.0600000000000001,0,0,0,0,0.40157501055179,0.116145358057571,0.146235474880157,35
combined_phase2b,0.152803303564139,0.397993651871905,0.257878194308663,0,1.87635125254984,0.0851897987407135,0.0778078799661175,1.67696139215731,0,0,13598864.1185169,0.0670000000000002,0,0,0,17,0.342722144466147,0.111959952020454,0.146235474880157,35
physical_only,0.992183346225161,1.68225537500581,0.24178050816586,0,3.57123465341816,0.150127895618381,0.16596081342444,3.24443181142348,0,0,12503253.5972968,0.054,0,0,0,0,1.57200582824445,0.169171560200291,0.213880544886616,36
combined_phase2b,0.998870497046565,1.77759594234215,0.135804422688379,0,3.27049582378836,0.137262583671776,0.16596081342444,3.24443181142348,0,0,12503253.5972968,0.0510000000000002,0,0,0,17,1.79025898335818,0.158216476274339,0.213880544886616,36
physical_only,0.445369678450596,0.698520633568975,0.263546749543559,0,1.68015791583309,0.0753985182162218,0.136531100115193,1.58038968119184,0,0,19217086.47074,0.0290000000000001,0,0,0,0,0.808747064373061,0.0934279970563494,0.205033914775043,37
combined_phase2b,0.441480260071444,0.725239213737648,0.309887357208546,0,1.57829626270739,0.0738804448425985,0.136531100115193,1.58038968119184,0,0,19217086.47074,0.0370000000000001,0,0,0,17,0.769548643709304,0.0891087376538266,0.205033914775043,37
physical_only,0.164786541632621,0.248284035691777,0.115093140528519,0,0.622110446571578,0.0268323615938658,0.149993821642126,0.601206118694032,0,0,25900278.1385455,0.018,0,0,0,0,0.359500144404299,0.0578371890928889,0.21826686662203,38
combined_phase2b,0.154248573861391,0.246067833513868,0.0667650764448129,0,0.610292586965817,0.0264632684459683,0.149993821642126,0.601206118694032,0,0,25900278.1385455,0.00600000000000001,0,0,0,17,0.327033495445814,0.0540783577830391,0.21826686662203,38
physical_only,0.0363968698366948,0.0564350941189706,0.0203808283373638,0,0.0630207127356741,0.00268084965847197,0.0532654418028064,0.0560031147076653,0,0,13034000.0246852,2.22044604925031e-16,0,0,0,0,0.0605250021397356,0.0295091621047177,0.101892279984881,39
combined_phase2b,0.0545731964260042,0.0798244049224075,0.0248564995194981,0,0.0726148977127493,0.00316612083392233,0.0532654418028064,0.0560031147076653,0,0,13034000.0246852,2.22044604925031e-16,0,0,0,17,0.191606493012326,0.0366736076105001,0.101892279984881,39
physical_only,1.33843931874456,1.95433055485761,0.851846216035399,0,4.43305271549715,0.201019168444994,0.157411775596292,4.2871020677956,0,0,17366855.6194801,0.0750000000000002,0,0,0,0,1.84384000898738,0.21152128208663,0.204553611020915,40
combined_phase2b,1.52630906207366,2.91536778686023,0.837602127969721,0,4.56132149545182,0.19155193982305,0.157411775596292,4.2871020677956,0,0,17366855.6194801,0.0830000000000002,0,0,0,17,2.9403212133203,0.211818636376622,0.204553611020915,40
physical_only,0.739663538880634,1.1329468978264,0.423674987073903,0,1.29061133278221,0.0505530665487522,0.193661403887969,1.25317546856405,0,0,14558453.2844692,0.0450000000000002,0,0,0,0,1.02364190511055,0.0740809275537992,0.242154078556467,41
combined_phase2b,0.770377100556216,1.24567545385447,0.410739376740731,0,1.24773329328454,0.048312845588142,0.193661403887969,1.25317546856405,0,0,14558453.2844692,0.0450000000000002,0,0,0,17,1.27856281699818,0.0729020649667086,0.242154078556467,41
physical_only,0.109609263893183,0.15915910041273,0.0682587638158141,0,0.85454672376847,0.0390189457435083,0.0416554856217156,0.843716655661117,0,0,25481145.3030909,0.02,0,0,0,0,0.0489649328733958,0.0608917212245017,0.0958141106153032,42
combined_phase2b,0.137041361993528,0.340760218581153,0.0227464329451226,0,0.862864519841898,0.0408764074014413,0.0416554856217156,0.843716655661117,0,0,25481145.3030909,2.22044604925031e-16,0,0,0,17,0.447006936993067,0.0604129762091277,0.0958141106153032,42
physical_only,0.862476800812375,1.26141013814341,0.550182891527541,0,1.32442767882438,0.0546826349272649,0.189990845594408,1.21073102245187,0,0,16018709.8026763,0.0620000000000001,0,0,0,0,1.15090752417457,0.0722206690680208,0.238617683776481,43
combined_phase2b,0.891643957754628,1.36435990532513,0.543242891416923,0,1.30970602619422,0.0546115426024271,0.189990845594408,1.21073102245187,0,0,16018709.8026763,0.0610000000000002,0,0,0,17,1.43247197043514,0.0740133138507213,0.238617683776481,43
physical_only,0.383393141952999,0.566998111830436,0.242143749611102,0,6.59342696031547,0.306937974446247,0.291379422520336,6.60822292784843,138,0,7320205.27521488,0.0810000000000002,0,0,0,0,0.455918370256756,0.316822148435843,0.332188380889114,44
combined_phase2b,1.2254782848742,3.59242733938405,0.299460746990908,0,8.76627499421729,0.376148446557094,0.291379422520336,6.60822292784843,138,0,7320205.27521488,0.0860000000000001,0,0,0,17,3.57705201705198,0.352599256373954,0.332188380889114,44
physical_only,0.263378846071035,0.399504600964712,0.163128616785446,0,0.400651849900798,0.0143062314893103,0.0593579173126125,0.450885234468976,0,0,20221554.3224367,0.026,0,0,0,0,0.509761850262126,0.0439959553586612,0.127656385027473,45
combined_phase2b,0.25293143182874,0.390567323247944,0.143815033200004,0,0.392234625425645,0.0147245878200454,0.0593579173126125,0.450885234468976,0,0,20221554.3224367,0.0230000000000001,0,0,0,17,0.480920664071117,0.0427042415174952,0.127656385027473,45
physical_only,0.703695259731196,1.02987754695699,0.448951908814643,0,1.41242828030079,0.0593188218548354,0.0438361096839078,1.32854721172094,0,0,15981623.3992361,0.0570000000000002,0,0,0,0,0.918945685242944,0.0647187883645213,0.0924318831662231,46
combined_phase2b,0.78828160955469,1.24503339580493,0.458429232386471,0,1.43408982993599,0.0586553329276691,0.0438361096839078,1.32854721172094,0,0,15981623.3992361,0.0590000000000002,0,0,0,17,1.35922709940942,0.0647745938838095,0.0924318831662231,46
physical_only,0.00597824766729528,0.00916808790766724,0.00845019596500687,0,1.37087126767469,0.0646766054229016,0.204351818963364,1.36384149905496,34,0,9721602.9478975,2.22044604925031e-16,0,0,0,0,0.102319478220852,0.089367605326573,0.256039850551828,47
combined_phase2b,0.103497664223405,0.274701614125107,0.0167665881273364,0,1.5772639615395,0.0760485674552114,0.204351818963364,1.36384149905496,34,0,9721602.9478975,2.22044604925031e-16,0,0,0,17,0.327663317437697,0.0911704412404388,0.256039850551828,47
physical_only,0.378757088730953,0.627912743726409,0.333910031915977,0,12.5305398759134,0.594225982154697,0.271722079234707,12.3727350464156,131,0,9580062.38714799,0.11,0,0,0,0,0.738102700054169,0.616835719445052,0.336570825262559,48
combined_phase2b,1.91783135744919,4.3824508187574,0.652172117319134,0,14.8931850375351,0.708428506275406,0.271722079234707,12.3727350464156,131,0,9580062.38714799,NaN,1,0,0,17,4.34111212962411,0.72792691166648,0.336570825262559,48
physical_only,0.00564549678233168,0.0138032636533068,0.00801512771095611,0,0.44192025495058,0.0209052004262729,0.0423040681873317,0.437613970544237,0,0,13395604.0087283,2.22044604925031e-16,0,0,0,0,0.107423252884548,0.0503023020661888,0.109457882851436,49
combined_phase2b,0.0416033507567462,0.0951975280921337,0.0229739830220745,0,0.495708388993773,0.0227678420954664,0.0423040681873317,0.437613970544237,0,0,13395604.0087283,2.22044604925031e-16,0,0,0,17,0.134641562610611,0.0516108431996644,0.109457882851436,49
physical_only,3.50605582632251,5.18078302719068,2.24462208806762,0,7.21164919706556,0.313006314248566,0.254533052101768,7.02183286702812,93,0,18599856.1858377,NaN,1,0,0,0,5.29177195881999,0.303350981496026,0.321395785350106,50
combined_phase2b,3.63976461686425,5.646633073791,2.35639771245129,0,7.07856568787137,0.310477752760807,0.254533052101768,7.02183286702812,93,0,18599856.1858377,NaN,1,0,0,17,5.63298200606191,0.335673626932513,0.321395785350106,50
physical_only,0.0293113526837599,0.0435523955238155,0.0190497300136688,0,0.0778590270884687,0.00355998835154927,0.0496744073928052,0.0781493439399528,0,0,13231700.2507101,2.22044604925031e-16,0,0,0,0,0.154939546010011,0.0349648695742683,0.11774659635199,51
combined_phase2b,0.0293294109122738,0.0463480562336155,0.0210026857082047,0,0.0908267102108921,0.00396738159155229,0.0496744073928052,0.0781493439399528,0,0,13231700.2507101,2.22044604925031e-16,0,0,0,17,0.144361126544299,0.0369328218656366,0.11774659635199,51
physical_only,1.22221128028756,2.40600671173456,0.711130276205567,0,4.55260643611461,0.184656005577056,0.519393033877534,4.02261015883632,169,0,13178333.5240954,NaN,1,0,0,0,2.29800665135923,0.206319836935471,0.565606270503071,52
combined_phase2b,1.15544513104955,2.42135031006396,0.702916604013769,0,4.19788938882149,0.173700138732392,0.519393033877534,4.02261015883632,169,0,13178333.5240954,NaN,1,0,0,17,2.54380679251232,0.197494543871164,0.565606270503071,52
physical_only,1.90542762544817,3.31390463872421,0.956687516359149,0,8.02138754263437,0.336082750589292,0.169794566315367,8.14199445647877,0,0,10488481.1316959,NaN,1,0,0,0,3.42421872000168,0.363286465602123,0.237417575528089,53
combined_phase2b,1.93202426097247,3.47032795318892,0.821896559381845,0,8.00939433067892,0.340719657720198,0.169794566315367,8.14199445647877,0,0,10488481.1316959,NaN,1,0,0,17,3.54109349176325,0.369861650410765,0.237417575528089,53
physical_only,4.33192001905812,6.35295375456639,2.76883959326624,0,8.41741666842031,0.349453209551834,0.171850109850118,8.00851218869663,0,0,7562992.87972697,NaN,1,0,0,0,6.46394268619569,0.372062946842189,0.240005690938721,54
combined_phase2b,4.63952223591151,7.4338820378861,2.93642872106232,0,8.52087536215657,0.347826203938783,0.171850109850118,8.00851218869663,0,0,7562992.87972697,NaN,1,0,0,17,7.40715324784883,0.337119453647013,0.240005690938721,54
physical_only,2.46867063800619,3.6093837220781,1.57410939068121,0,4.83256436621705,0.211279567486842,0.105414138692535,4.50363697907553,0,0,8560129.86606648,NaN,1,0,0,0,3.72067039706634,0.240843407556315,0.173240420136727,55
combined_phase2b,2.57038509671755,4.01860546122787,1.57112258834373,0,5.00912364800957,0.211954967354997,0.105414138692535,4.50363697907553,0,0,8560129.86606648,NaN,1,0,0,17,4.11204387159908,0.222191622676795,0.173240420136727,55
physical_only,0.399983995800142,0.915350869847569,0.573851680332842,0,2.22350339607528,0.0900188607760891,1.09779354491737,1.70564621985536,262,0,6863122.13928374,0.0840000000000001,0,0,0,0,0.830225659370318,0.117161144211386,1.14375391650538,56
combined_phase2b,0.439957948006325,1.03771700639705,0.198639701748196,0,2.53783868417975,0.108126586504699,1.09779354491737,1.70564621985536,262,0,6863122.13928374,0.0930000000000002,0,0,0,17,0.938726115296531,0.132984479156308,1.14375391650538,56
physical_only,0.0531081819194084,0.134553601464778,0.0451296109219403,0,0.389633132773738,0.0169762833421067,0.287291610907679,0.338539974968152,130,0,18884066.7241364,2.22044604925031e-16,0,0,0,0,0.128561381613633,0.0450191304015401,0.332429706214617,57
combined_phase2b,0.0636169610171904,0.175526547795624,0.0651594858708725,0,0.420596947183117,0.0186158540007464,0.287291610907679,0.338539974968152,130,0,18884066.7241364,0.054,0,0,0,17,0.13742228349186,0.0455361209758234,0.332429706214617,57
physical_only,1.48447660811488,2.1738656747525,0.948377089906818,0,3.23758016656561,0.140348131328078,0.0830942530445342,3.02868596306631,0,0,8408327.89420781,0.0740000000000001,0,0,0,0,2.28505455095046,0.146128688252292,0.150906969834852,58
combined_phase2b,1.53368294700052,2.33112446344471,1.02665614286983,0,3.33650845487196,0.145871182156525,0.0830942530445342,3.02868596306631,0,0,8408327.89420781,0.0770000000000002,0,0,0,17,2.37288039540389,0.153134213576611,0.150906969834852,58
physical_only,0.0257333768560795,0.0667644804866301,0.0671970469227487,0,0.555725779494643,0.0251307712153869,0.0890277773697647,0.489892686310131,0,0,25190658.8800664,0.0490000000000002,0,0,0,0,0.162789380136467,0.0556492637308221,0.155947847509239,59
combined_phase2b,0.0371621900257227,0.083871602604285,0.0685998781279516,0,0.535825361234345,0.0242998329139868,0.0890277773697647,0.489892686310131,0,0,25190658.8800664,0.052,0,0,0,17,0.118104247676468,0.0577824097741684,0.155947847509239,59
physical_only,1.82780210810849,3.08271312790865,0.970645404602416,0,3.31709944864877,0.13555245661159,0.0879184842036545,3.1677159211538,0,0,17276481.5528855,NaN,1,0,0,0,2.97262762450751,0.157976365836137,0.136311835563759,60
combined_phase2b,1.88110930263947,3.2654057714981,1.15573438682959,0,3.51988342433099,0.147583321774505,0.0879184842036545,3.1677159211538,0,0,17276481.5528855,NaN,1,0,0,17,3.19685946639665,0.171467607677872,0.136311835563759,60
physical_only,0.110854612056435,0.162786396378677,0.0705049898922431,0,0.333466336527094,0.014975425073192,0.212130402589116,0.317635401176659,37,0,19560375.3083525,0.0130000000000001,0,0,0,0,0.274034691330689,0.0451420932102472,0.280632829929888,61
combined_phase2b,0.105597130378838,0.178255370379566,0.075341653637149,0,0.323012199151265,0.0149053264468179,0.212130402589116,0.317635401176659,37,0,19560375.3083525,0.016,0,0,0,17,0.301238631360006,0.04203454151406,0.280632829929888,61
physical_only,0.019018876433541,0.0380328362628437,0.0326098867333746,0,0.920991484711534,0.043110221625323,0.683389472988683,0.907650261763395,240,0,6921029.93117318,2.22044604925031e-16,0,0,0,0,0.0927312917160079,0.0705209770522596,0.723471420020935,62
combined_phase2b,0.0447513679511906,0.116535826128011,0.0647210884159021,0,0.952761675036937,0.0455080679254353,0.683389472988683,0.907650261763395,240,0,6921029.93117318,0.0430000000000001,0,0,0,17,0.136360201907546,0.0725431229481456,0.723471420020935,62
physical_only,0.719531373532536,1.05475999275479,0.459697578745194,0,1.98143006527569,0.0875342078059188,0.144672094580653,1.90064608228482,0,0,13510726.5173309,0.0630000000000002,0,0,0,0,1.16583973432847,0.104948677339223,0.21126634030242,63
combined_phase2b,0.76109420214119,1.35211462648677,0.683116702638206,0,2.27575650625422,0.105806560408793,0.144672094580653,1.90064608228482,0,0,13510726.5173309,0.0710000000000002,0,0,0,17,1.40905821889354,0.110787355919883,0.21126634030242,63
physical_only,0.367737028804173,0.596592335123544,0.194640024592891,0,3.06700939131048,0.142051424569678,0.560772287743637,2.97434799158422,215,0,18983157.2188198,0.0620000000000001,0,0,0,0,0.706626524868542,0.161915805527001,0.626272779820304,64
combined_phase2b,0.2953340556939,0.554866454861063,0.0589832723180693,0,2.8618901169308,0.135078884581712,0.560772287743637,2.97434799158422,215,0,18983157.2188198,0.00900000000000012,0,0,0,17,0.63443630297139,0.165045904742371,0.626272779820304,64
physical_only,0.0250201349535232,0.0728598044938041,0.055074283095412,0,0.416814391067191,0.0188885425012907,0.22881634580944,0.36332132536338,89,0,22603931.7704103,0.038,0,0,0,0,0.135318269626061,0.0476561385813758,0.285201763137361,65
combined_phase2b,0.0394097702007741,0.0954154392213452,0.0730986889111465,0,0.402871396622069,0.0186985846302943,0.22881634580944,0.36332132536338,89,0,22603931.7704103,0.046,0,0,0,17,0.122225759212695,0.0456679480221309,0.285201763137361,65
physical_only,1.89155554555514,5.42668687251478,2.10269037904434,0,26.1692552087875,1.1643308408828,0.512712038125172,21.2024794433856,226,0,9428512.21126721,0.251,0,0,0,0,5.37764266899241,1.14567388503801,0.572517086776819,66
combined_phase2b,2.0301518912527,5.30439881071345,2.87244369565384,0,25.5312018833965,1.18102383739371,0.512712038125172,21.2024794433856,226,0,9428512.21126721,NaN,1,0,0,17,5.27566036665354,1.17757105158358,0.572517086776819,66
physical_only,0.601039924216685,1.60400831442614,1.53313944474795,0,10.9841082394087,0.494521772491109,0.696278065159909,9.5060866941687,243,0,21708461.3112945,0.128,0,0,0,0,1.565213022216,0.501052640440362,0.754851483187253,67
combined_phase2b,0.592945775871909,1.5926912588926,1.84864893982842,0,10.4435219501048,0.482015063918311,0.696278065159909,9.5060866941687,243,0,21708461.3112945,0.135,0,0,0,17,1.84214521956402,0.479846373486944,0.754851483187253,67
physical_only,0.377010841968428,0.631500967669425,0.254296525331567,0,1.25203571302268,0.0545816809858398,0.101206918529784,1.12314250898122,0,0,14900668.4179444,0.0790000000000002,0,0,0,0,0.741960713164518,0.0850308506618698,0.169071997888234,68
combined_phase2b,0.364861217224059,0.604139923310844,0.317220553311314,0,1.20813469339919,0.0553462330461603,0.101206918529784,1.12314250898122,0,0,14900668.4179444,0.0820000000000001,0,0,0,17,0.643994736419883,0.0851213256287363,0.169071997888234,68
physical_only,1.76565030896126,2.59740756735624,1.10643591717927,0,2.61258606606805,0.111198719062975,0.180002631765128,2.40979643951445,0,0,15890173.1689183,0.0730000000000002,0,0,0,0,2.70789811322648,0.140695282356792,0.247794231926043,69
combined_phase2b,1.78471639391696,2.685320970707,1.11263311460667,0,2.58273484555002,0.111696697768368,0.180002631765128,2.40979643951445,0,0,15890173.1689183,0.0740000000000001,0,0,0,17,2.70169745085958,0.134744639387344,0.247794231926043,69
physical_only,0.00026881830758417,0.000413413947669686,0.000221153053668772,0,0.0123292183563609,0.000585570467064651,0.00838768716715984,0.0123106478108246,0,0,8474106.8769097,2.22044604925031e-16,0,0,0,0,0.111800910112089,0.032555908125255,0.0759531091932891,70
combined_phase2b,0.0264832964015714,0.0463480562336155,0.00387002820343858,0,0.0600398107888356,0.00255242064697209,0.00838768716715984,0.0123106478108246,0,0,8474106.8769097,2.22044604925031e-16,0,0,0,17,0.138573093006395,0.0364203682768652,0.0759531091932891,70
physical_only,1.17414381582405,1.71658446313412,0.748644915955874,0,2.08130108029438,0.0901356673617119,0.171460211454101,1.93119941004456,0,0,9326429.88039647,0.0690000000000002,0,0,0,0,1.60605395364075,0.111879717504177,0.220053819300469,71
combined_phase2b,1.22424459665976,1.93661824347849,0.779231826384105,0,2.10485441697759,0.0912432701686885,0.171460211454101,1.93119941004456,0,0,9326429.88039647,0.0690000000000002,0,0,0,17,1.92562019203494,0.115377769755886,0.220053819300469,71
physical_only,0.703299244512464,1.54220041000833,0.940800765203697,0,1.16912080480428,0.0416000623289317,0.167075547522578,1.77158655312776,0,0,7453798.70294409,0.0950000000000002,0,0,0,0,1.65016534071265,0.0682948466130605,0.23383094855223,72
combined_phase2b,0.729441528699643,1.76144178861099,0.765046053322363,0,1.53064366081571,0.0544672230734683,0.167075547522578,1.77158655312776,0,0,7453798.70294409,0.0930000000000002,0,0,0,17,1.71157760081793,0.072558708476781,0.23383094855223,72
physical_only,0.525322064463653,0.770636510392972,0.330780775986576,0,0.729991370308536,0.0309270746825604,0.118476344925137,0.771292535864536,0,0,7693773.82916793,0.0530000000000002,0,0,0,0,0.881828610552194,0.0620472815379553,0.186586048696861,73
combined_phase2b,0.524538765342793,0.79675114473271,0.334540411593614,0,0.778092764325942,0.0329317727588602,0.118476344925137,0.771292535864536,0,0,7693773.82916793,0.054,0,0,0,17,0.857569416795531,0.0618877164175306,0.186586048696861,73
physical_only,1.25372026588574,1.8321983779392,0.798620177348832,0,3.01253837063111,0.128216225093633,0.103595287366936,2.88772416800012,0,0,13356765.1160236,0.0720000000000001,0,0,0,0,1.94329343752021,0.159672044307191,0.172078899368691,74
combined_phase2b,1.33392849941188,2.20297060977941,0.751158509935619,0,2.93732125732419,0.131102652849116,0.103595287366936,2.88772416800012,0,0,13356765.1160236,0.0710000000000002,0,0,0,17,2.23586485862058,0.146226455879836,0.172078899368691,74
physical_only,0.0442113516352638,0.091899600255249,0.0843637146572227,0,0.167743679982505,0.00658779684553817,0.0951115140228738,0.144682594121109,0,0,11013683.8894595,0.0270000000000001,0,0,0,0,0.200015423133027,0.0342117365360181,0.162577706079758,75
combined_phase2b,0.0577126108832428,0.10279988409379,0.0577290459484352,0,0.2139452942935,0.00873294435580967,0.0951115140228738,0.144682594121109,0,0,11013683.8894595,0.018,0,0,0,17,0.0959830981491255,0.0367788170075329,0.162577706079758,75
physical_only,0.209143704104444,0.318423336346225,0.139321008939271,0,0.51957293447122,0.0209489012478628,0.219862632953395,0.51461601737818,51,0,11784427.471304,0.042,0,0,0,0,0.429734878575462,0.049313777795889,0.285485763012822,76
combined_phase2b,0.200939097695804,0.310228647700475,0.116711815903013,0,0.505577994286256,0.0216535519186938,0.219862632953395,0.51461601737818,51,0,11784427.471304,0.0370000000000001,0,0,0,17,0.410555631435648,0.0470811965227503,0.285485763012822,76
physical_only,0.0894411230516289,0.135942247314164,0.0588077129094675,0,1.26422358408654,0.0596145982905999,0.243099138608721,1.2588469184206,64,0,8669012.67285633,0.004,0,0,0,0,0.246030214458097,0.0835104566337748,0.307825082208287,77
combined_phase2b,0.141840913544918,0.351177117038778,0.0283854034055375,0,1.36943024352044,0.0617295573126517,0.243099138608721,1.2588469184206,64,0,8669012.67285633,2.22044604925031e-16,0,0,0,17,0.358554169997478,0.0925926032510442,0.307825082208287,77
physical_only,0.0313340354480984,0.0589086229609306,0.0325318884657306,0,0.0695020764450946,0.00317368665729603,0.0255258693277725,0.0705957145352331,0,0,7585330.65602232,2.22044604925031e-16,0,0,0,0,0.0804753404247003,0.0318475889561224,0.0739295347429018,78
combined_phase2b,0.050027763594012,0.0772897445445062,0.0285970929190247,0,0.0677764563418821,0.00311250433415888,0.0255258693277725,0.0705957145352331,0,0,7585330.65602232,2.22044604925031e-16,0,0,0,17,0.1959511672591,0.0377409268232532,0.0739295347429018,78
physical_only,0.806287010877405,1.47252364501296,0.180854047360203,0,3.62109926907879,0.152617839785612,0.315760771237029,3.37719164643976,102,0,24569699.8484687,0.0830000000000002,0,0,0,0,1.5819938921642,0.182008424989096,0.384011963964734,79
combined_phase2b,0.698539808718184,1.33401646897967,0.353014358968546,0,3.47246022107098,0.146275395297495,0.315760771237029,3.37719164643976,102,0,24569699.8484687,0.0890000000000002,0,0,0,17,1.45198750777006,0.170836277273198,0.384011963964734,79
physical_only,0.756179290262874,1.22187514442131,0.295008140035472,0,2.52625653894857,0.104590287450923,0.430777232235142,2.46397449341815,142,0,9355011.6537262,0.0310000000000001,0,0,0,0,1.11104033487725,0.123382296097309,0.476092688809832,80
combined_phase2b,0.785401959042019,1.37347435032943,0.0614504410195779,0,2.4467923469682,0.106454948663441,0.430777232235142,2.46397449341815,142,0,9355011.6537262,0.04,0,0,0,17,1.40641787928863,0.121353849341912,0.476092688809832,80
physical_only,0.00870735488558502,0.0134322130496029,0.00645823625753175,0,0.0890651039462707,0.00409987818525319,0.0643460885419346,0.0870359225753538,0,0,24874111.9041207,2.22044604925031e-16,0,0,0,0,0.124560619775571,0.0351581358945143,0.132720726796311,81
combined_phase2b,0.0233054896087955,0.0463480562336155,0.00745535780606571,0,0.0975290565357148,0.00408548695746259,0.0643460885419346,0.0870359225753538,0,0,24874111.9041207,2.22044604925031e-16,0,0,0,17,0.127298599265923,0.0393182289369362,0.132720726796311,81
physical_only,0.00843030291817844,0.0203053348394867,0.0169437236379412,0,0.432814704561822,0.0201507637014451,0.287193644107657,0.416095266874817,151,0,25288425.5764618,2.22044604925031e-16,0,0,0,0,0.122896731346278,0.0488971891943037,0.353775107021498,82
combined_phase2b,0.0256661561401509,0.0463480562336155,0.00676867752761634,0,0.442566267066919,0.020914803613418,0.287193644107657,0.416095266874817,151,0,25288425.5764618,2.22044604925031e-16,0,0,0,17,0.137381745656171,0.054895852936119,0.353775107021498,82
physical_only,0.61464810937651,0.899204253012886,0.392202315661108,0,1.00554405379038,0.0422384314950714,0.228649744360688,0.930352342910843,124,0,19864742.4364704,0.0550000000000002,0,0,0,0,1.01049759461808,0.0650458596261042,0.297141807311664,83
combined_phase2b,0.612188450916517,0.934644776888639,0.402806325407354,0,0.993965796475514,0.0416689939041848,0.228649744360688,0.930352342910843,124,0,19864742.4364704,0.0570000000000002,0,0,0,17,0.983404102182719,0.067166187776204,0.297141807311664,83
physical_only,2.09832398860763,3.07574156640891,1.34188260111343,0,5.14832991412161,0.22404559288817,0.264684105417663,4.90815485864872,88,0,6819708.59807708,NaN,1,0,0,0,3.18712923637944,0.232018296728333,0.332993778416303,84
combined_phase2b,2.06405176098959,3.39657129678868,0.891797193432979,0,4.85365303260882,0.227390396630388,0.264684105417663,4.90815485864872,88,0,6819708.59807708,NaN,1,0,0,17,3.3271113188545,0.223665304371461,0.332993778416303,84
physical_only,0.456593488557249,0.666476101409403,0.290596945895306,0,1.480298081142,0.0667378884058776,0.293779366470949,1.42339725067388,88,0,11058543.2930622,0.046,0,0,0,0,0.556236396036148,0.0853985376304384,0.340775459434348,85
combined_phase2b,0.45704876423575,0.822122151942603,0.309079032803462,0,1.50370001755034,0.067615821474059,0.293779366470949,1.42339725067388,88,0,11058543.2930622,0.0490000000000002,0,0,0,17,0.94447642948423,0.0878825180276314,0.340775459434348,85
physical_only,0.0617139969735252,0.0903318045496382,0.0383180974913741,0,0.200419754497813,0.00887459021624759,0.162943561453281,0.192971951150188,0,0,7406314.60508992,2.22044604925031e-16,0,0,0,0,0.0229784123141125,0.0331314220220537,0.211570399635356,86
combined_phase2b,0.0804999937515992,0.131019665837285,0.0296345682869385,0,0.209976177826651,0.00877464895868442,0.162943561453281,0.192971951150188,0,0,7406314.60508992,2.22044604925031e-16,0,0,0,17,0.222126561990713,0.0380472070695728,0.211570399635356,86
physical_only,0.0745800275546177,0.108329771197206,0.0471527136596163,0,0.597236101517066,0.0275730536468434,0.131884775613573,0.587072413817244,0,0,16599083.1976321,2.22044604925031e-16,0,0,0,0,0.0148253972512102,0.0507369884171864,0.176133237713688,87
combined_phase2b,0.0743161107893479,0.129948616892316,0.0433778915863812,0,0.582470221436245,0.0273204410178509,0.131884775613573,0.587072413817244,0,0,16599083.1976321,2.22044604925031e-16,0,0,0,17,0.227029817999906,0.051025932832506,0.176133237713688,87
physical_only,0.896198436577295,1.37133270133734,0.620416266903806,0,1.27512858775605,0.0493838995754872,0.0688485318262212,1.58462732326945,0,0,19737460.7950623,0.05,0,0,0,0,1.48225277760116,0.0782016517458151,0.137284346169174,88
combined_phase2b,0.888785640424869,1.36655271442917,0.579966383019864,0,1.48077173129551,0.0573115578066021,0.0688485318262212,1.58462732326945,0,0,19737460.7950623,0.0470000000000002,0,0,0,17,1.43828156851953,0.0843800423386303,0.137284346169174,88
physical_only,1.41232529775646,2.0864510286504,0.912044329635337,0,15.9124519532502,0.744238456418464,0.765279731838654,15.7238600976169,245,0,26184000.2951787,0.0490000000000002,0,0,0,0,2.19743996027971,0.768091571620197,0.833780941926995,89
combined_phase2b,2.45688689358451,6.60842492475211,1.13258833693365,0,18.1702611727058,0.840917680496081,0.765279731838654,15.7238600976169,245,0,26184000.2951787,NaN,1,0,0,17,6.58667650743801,0.813766526785973,0.833780941926995,89
physical_only,0.0789350064066886,0.161058117759007,0.118528403142779,0,1.33308047990015,0.0609008824816995,0.616953537732504,1.17472396942142,237,0,25694171.7892062,0.0680000000000001,0,0,0,0,0.249250876287428,0.0884988912987858,0.685250128605519,90
combined_phase2b,0.103470837295408,0.302034234054248,0.266811243410866,0,1.45930250058831,0.064426405314002,0.616953537732504,1.17472396942142,237,0,25694171.7892062,0.0230000000000001,0,0,0,17,0.306331300637137,0.087347160247984,0.685250128605519,90
physical_only,0.0428254574090422,0.0621562708468803,0.0269434087044476,0,0.526132284706408,0.0245187387438982,0.291487694941771,0.52921872654947,131,0,23562806.9639521,2.22044604925031e-16,0,0,0,0,0.173532253764345,0.0559520845775767,0.35999050960162,91
combined_phase2b,0.0394597453944225,0.105471114678154,0.023060957323524,0,0.579575991269414,0.0276833064891828,0.291487694941771,0.52921872654947,131,0,23562806.9639521,2.22044604925031e-16,0,0,0,17,0.108193194590201,0.0579378166999587,0.35999050960162,91
physical_only,0.627837129237859,0.921376841159282,0.40153915294017,0,2.1200100889837,0.0942403758196058,0.161918435215909,2.03900610612132,0,0,11002115.936733,0.0610000000000002,0,0,0,0,1.03272737427105,0.122315039801671,0.230411219580897,92
combined_phase2b,0.603424433876832,1.14572734392892,0.344464205908903,0,1.85379384678412,0.0866677377257359,0.161918435215909,2.03900610612132,0,0,11002115.936733,0.0610000000000002,0,0,0,17,1.08705990667845,0.101368693085627,0.230411219580897,92
physical_only,0.207779974148593,0.315744452510411,0.141176203459521,0,0.397919351733303,0.0168261781071542,0.0256175675298346,0.369148909531607,0,0,8673102.23622485,0.038,0,0,0,0,0.426935665171319,0.0467185208550026,0.0940027682401732,93
combined_phase2b,0.205183300964928,0.317465923833392,0.15655151409777,0,0.392428377837514,0.017237017482389,0.0256175675298346,0.369148909531607,0,0,8673102.23622485,0.042,0,0,0,17,0.389760877759456,0.0455161039348815,0.0940027682401732,93
physical_only,0.373860640461206,0.544818131742459,0.237401592598659,0,2.05170818901954,0.0942934752112768,0.575841856986573,2.07683102561916,203,0,11914724.8082215,0.0490000000000002,0,0,0,0,0.434525203466594,0.116002003999599,0.618826593625896,94
combined_phase2b,0.484959125627663,1.15867645213795,0.312586060425904,0,2.47540805769972,0.106102049072786,0.575841856986573,2.07683102561916,203,0,11914724.8082215,0.0590000000000002,0,0,0,17,1.07032644467635,0.120118099495731,0.618826593625896,94
physical_only,8.06727912793072,11.8284745633356,5.16639922113514,0,12.8578802984648,0.50858321523474,0.253284779482353,12.0297372341048,205,0,20450175.8297458,NaN,1,0,0,0,11.9396379594348,0.53718567142914,0.32132860203597,95
combined_phase2b,8.22477971735282,12.5855406522351,5.02982517398138,0,12.783999659565,0.500860723603273,0.253284779482353,12.0297372341048,205,0,20450175.8297458,NaN,1,0,0,17,12.5864102043879,0.530827743763932,0.32132860203597,95
physical_only,0.364299424084915,0.594732721064637,0.184098858587158,0,2.8347574114029,0.129754855214404,0.229891463259821,2.68862688157602,47,0,6949706.13603498,0.0900000000000001,0,0,0,0,0.484242175194399,0.149514688173315,0.278518301441895,96
combined_phase2b,0.395398561004188,0.668800306721635,0.370770583437096,0,2.83866827487029,0.132995145680323,0.229891463259821,2.68862688157602,47,0,6949706.13603498,0.0840000000000001,0,0,0,17,0.709624429527583,0.154631656128158,0.278518301441895,96
physical_only,0.22230948589928,0.767078411066726,0.695879450389389,0,13.3486186593246,0.637427681144917,1.32135619177725,12.7210155227812,271,0,26092363.4335787,0.116,0,0,0,0,0.712804530822325,0.640354098607129,1.38692966941343,97
combined_phase2b,0.617099457562555,1.50898502432682,0.577232297275395,0,13.5199736673749,0.649891314546738,1.32135619177725,12.7210155227812,271,0,26092363.4335787,0.114,0,0,0,17,1.44123673250974,0.663058050835006,1.38692966941343,97
physical_only,0.785302001942352,1.15481126284191,0.501717162614015,0,2.39620100979436,0.105650507327629,0.130556377477206,2.30762303390032,0,0,11990326.9642746,0.0690000000000002,0,0,0,0,1.2654841594687,0.101560421775834,0.198587675319347,98
combined_phase2b,0.773708363780692,1.34804591469315,0.402356909014535,0,2.30989032522371,0.104126480308177,0.130556377477206,2.30762303390032,0,0,11990326.9642746,0.0650000000000002,0,0,0,17,1.33704888582072,0.0973708089111343,0.198587675319347,98
physical_only,0.130573077732741,0.192320330219495,0.0843959457031209,0,0.428455530425388,0.0184701095296398,0.158351819237725,0.416730903783433,0,0,15213730.009147,0.0150000000000001,0,0,0,0,0.30367086333126,0.0451139293049805,0.225573258797066,99
combined_phase2b,0.136945006741728,0.250321850760873,0.0664595493278305,0,0.399783098120635,0.0170473787854586,0.158351819237725,0.416730903783433,0,0,15213730.009147,0.00900000000000012,0,0,0,17,0.289134797414509,0.0444473060846418,0.225573258797066,99
physical_only,0.0830705938263401,0.140800823089435,0.0711456576837865,0,0.146735178314491,0.00688331123835289,0.150294064955435,0.17471996944498,0,0,11551520.976787,0.0170000000000001,0,0,0,0,0.0311582733757835,0.0310086714088553,0.198885137965443,100
combined_phase2b,0.100663857297473,0.176317857617448,0.0699126264981399,0,0.118373851092232,0.00578829156529737,0.150294064955435,0.17471996944498,0,0,11551520.976787,0.0150000000000001,0,0,0,17,0.246952476582265,0.0351048644262193,0.198885137965443,100
physical_only,1.37432518812068,2.08318300145271,0.920726660813785,0,4.22837509447218,0.186768643054694,0.103957054746619,4.15737265904161,0,0,10452326.4409158,0.0840000000000001,0,0,0,0,2.19417193308201,0.199137158017734,0.1715358264448,101
combined_phase2b,1.44212335821394,2.20981262041376,1.11376637787651,0,4.23762796937767,0.193414735714404,0.103957054746619,4.15737265904161,0,0,10452326.4409158,0.0890000000000002,0,0,0,17,2.30447870638162,0.202521778709474,0.1715358264448,101
physical_only,0.0528316010917247,0.0755375225330618,0.0330375274897554,0,0.679056931368898,0.0317640531642083,0.390676058856307,0.677973888501185,183,0,22950352.3020848,2.22044604925031e-16,0,0,0,0,0.038961939330852,0.0552551825877303,0.430686447272337,102
combined_phase2b,0.0567886805641459,0.120601357856926,0.0811166353829322,0,0.767913131198512,0.0359100131457884,0.390676058856307,0.677973888501185,183,0,22950352.3020848,0.0110000000000001,0,0,0,17,0.179629972049592,0.0619565874758033,0.430686447272337,102
physical_only,0.246234267484643,0.62776265654769,0.43870064637008,0,0.705377961091766,0.0262916167928564,0.266050473718398,0.801896304080248,49,0,16726851.9453896,0.0860000000000001,0,0,0,0,0.736351927991893,0.0532145049866038,0.333758891338989,103
combined_phase2b,0.273369141084096,0.730152698800466,0.349495938628171,0,0.913704487171568,0.0346646870820916,0.266050473718398,0.801896304080248,49,0,16726851.9453896,0.0840000000000001,0,0,0,17,0.663134605261684,0.0554107979977846,0.333758891338989,103
physical_only,1.05573149551963,1.58159524720102,0.689571367345736,0,4.60156958591871,0.208531661459766,0.414010720933051,4.54212575987622,125,0,12833582.9557721,0.038,0,0,0,0,1.69298291717155,0.23338698593363,0.481050783262737,104
combined_phase2b,1.15585974239026,2.1634344538585,0.872701475810519,0,4.72070033172458,0.213689420354583,0.414010720933051,4.54212575987622,125,0,12833582.9557721,0.046,0,0,0,17,2.16670768668172,0.237768592665125,0.481050783262737,104
physical_only,0.14893481653346,0.217885587049228,0.095036475423827,0,0.326378169215638,0.0151481333862688,0.0420720420102652,0.327232188457743,0,0,10933183.0875334,0.02,0,0,0,0,0.107733106435454,0.0370976027351413,0.0906269154215072,105
combined_phase2b,0.162302078354665,0.24566650582273,0.0938872052627211,0,0.331758436659532,0.0149543722027359,0.0420720420102652,0.327232188457743,0,0,10933183.0875334,0.0190000000000001,0,0,0,17,0.339764996739433,0.0419795304870605,0.0906269154215072,105
physical_only,0.0627238043978615,0.140916760370723,0.0860420228149003,0,0.247714327651714,0.0101282518080174,0.0422543459850763,0.258137581831121,0,0,13910391.0514583,0.04,0,0,0,0,0.251314511584825,0.0379423218224238,0.109895457696768,106
combined_phase2b,0.0643368669831382,0.146666341303295,0.0764847128206018,0,0.28251267181497,0.0115069091912338,0.0422543459850763,0.258137581831121,0,0,13910391.0514583,0.0370000000000001,0,0,0,17,0.224814758203393,0.0461782832759778,0.109895457696768,106
physical_only,0.142750283056572,0.208608008557579,0.090937128139978,0,0.273427439779485,0.011852727624097,0.119618992928472,0.256641120842043,0,0,9227033.0944786,0.0190000000000001,0,0,0,0,0.0984197797472175,0.0338038409198466,0.168216926883565,107
combined_phase2b,0.154315565368382,0.231386920372663,0.080833295986916,0,0.277679299237739,0.0112516408864882,0.119618992928472,0.256641120842043,0,0,9227033.0944786,0.0150000000000001,0,0,0,17,0.348025685449748,0.0393487696975021,0.168216926883565,107
physical_only,1.62989247444043,2.39164236333895,1.03960648862685,0,4.90710479492947,0.220825712328033,0.249577289025787,4.73699827322674,70,0,9841085.74711233,0.0830000000000002,0,0,0,0,2.50204189978378,0.202165063103472,0.318071088975104,108
combined_phase2b,1.59957610210996,2.88398278473184,1.13471140175209,0,5.39913694893815,0.242332435774375,0.249577289025787,4.73699827322674,70,0,9841085.74711233,0.0890000000000002,0,0,0,17,2.93207275413322,0.222065739220803,0.318071088975104,108
physical_only,0.0171402482214602,0.0351386960760611,0.0252333768672166,0,0.244136855851054,0.0109248978305358,0.173070568395245,0.211978714255587,0,0,13862476.6373154,2.22044604925031e-16,0,0,0,0,0.14049084318025,0.0419239612571292,0.24155995034658,109
combined_phase2b,0.0329447255987326,0.0593989746786935,0.0284225091729369,0,0.247810398804963,0.0110391006945614,0.173070568395245,0.211978714255587,0,0,13862476.6373154,2.22044604925031e-16,0,0,0,17,0.17066070820879,0.0466781604202283,0.24155995034658,109
physical_only,0.234823322515314,0.342175651877662,0.148695131400166,0,1.14260307918179,0.0534850712801493,0.310339563350071,1.1782459802132,99,0,14114656.7021184,0.034,0,0,0,0,0.232008418943381,0.0729639864194226,0.356365178100663,110
combined_phase2b,0.432051265885719,0.705457155470329,0.347470693475058,0,1.48854293904778,0.0680258637147135,0.310339563350071,1.1782459802132,99,0,14114656.7021184,0.0550000000000002,0,0,0,17,0.733704680477564,0.0847303716744075,0.356365178100663,110
physical_only,0.635144050311616,0.925555475183387,0.403222518075284,0,3.54068017148649,0.162013868496004,0.126070418058234,3.59577533272877,0,0,8954826.92112229,0.0640000000000001,0,0,0,0,0.815243868058504,0.173728165862834,0.172306792463324,111
combined_phase2b,0.941701688206216,2.06468463034778,0.64036318438135,0,3.75929151811888,0.185116583874816,0.126070418058234,3.59577533272877,0,0,8954826.92112229,0.0590000000000002,0,0,0,17,2.00212514960383,0.198354252786608,0.172306792463324,111
physical_only,3.11058745977705,4.70504513865877,1.92244177788737,0,5.3810285104952,0.227243275791644,0.127887743637818,4.84316092224244,0,0,12797491.6169103,NaN,1,0,0,0,4.81622649676464,0.237089776026587,0.195511552108325,112
combined_phase2b,3.15573915316934,4.73369767663819,2.08914739398099,0,5.43306355475857,0.236239572836867,0.127887743637818,4.84316092224244,0,0,12797491.6169103,NaN,1,0,0,17,4.7510111324791,0.246119583834442,0.195511552108325,112
physical_only,0.46424968896058,0.708740091078102,0.298979994503747,0,1.85002872453326,0.0820853054435624,0.170113576798544,1.77110520135767,0,0,8150887.21890343,0.0750000000000002,0,0,0,0,0.597428548848865,0.0899760975317073,0.194391181571895,113
combined_phase2b,0.448269311910435,0.741278277205074,0.17346513956795,0,1.79352364802711,0.0821605189779683,0.170113576798544,1.77110520135767,0,0,8150887.21890343,0.0680000000000001,0,0,0,17,0.761470192168403,0.0841505922047885,0.194391181571895,113
physical_only,0.645513259615772,0.974513884501887,0.401595738641393,0,1.23609383399575,0.0577839842191004,0.0595020895543445,1.2364045623756,0,0,24486904.3582659,0.0390000000000001,0,0,0,0,0.863801197202948,0.0760422260378627,0.108108864804325,114
combined_phase2b,0.668768845163478,1.01847791514451,0.423539898085221,0,1.2008863819691,0.0566265628617256,0.0595020895543445,1.2364045623756,0,0,24486904.3582659,0.04,0,0,0,17,1.07114192787645,0.0780376146036651,0.108108864804325,114
physical_only,0.0154282933893317,0.0352460973951335,0.0446050435002748,0,0.357756324470676,0.0164347623992557,0.123157920336222,0.325825816178934,0,0,20397550.0212117,2.22044604925031e-16,0,0,0,0,0.146292862025441,0.0469577074843883,0.188507234328042,115
combined_phase2b,0.035619219410427,0.0722665560346508,0.0406112105449873,0,0.386126511205383,0.0177210994980565,0.123157920336222,0.325825816178934,0,0,20397550.0212117,2.22044604925031e-16,0,0,0,17,0.142048936080674,0.0452512861627423,0.188507234328042,115
physical_only,0.00291046107469252,0.00448268706189542,0.00197669611128144,0,0.110441928578887,0.00519678036969554,0.0171323561336864,0.110049919949466,0,0,23151056.6780664,2.22044604925031e-16,0,0,0,0,0.115863690480294,0.0371167153937872,0.0855329209188354,116
combined_phase2b,0.0265691264615158,0.0463480562336155,0.0110306896844038,0,0.13322738600002,0.00587558825540766,0.0171323561336864,0.110049919949466,0,0,23151056.6780664,2.22044604925031e-16,0,0,0,17,0.120408695635452,0.0359594113437296,0.0855329209188354,116
physical_only,0.626300776550289,0.913401258855716,0.398172346178154,0,1.97143741253613,0.0895886329234518,0.0760318348002925,1.93669989673077,0,0,15109815.4292896,0.0550000000000002,0,0,0,0,0.80266754722907,0.0917570727693703,0.123488001602844,117
combined_phase2b,0.567992851738203,0.977029356570705,0.426909006430321,0,2.03964409003132,0.091742125587229,0.0760318348002925,1.93669989673077,0,0,15109815.4292896,0.0550000000000002,0,0,0,17,0.979410456029118,0.092212686279608,0.123488001602844,117
physical_only,5.59824465274653,8.16467106081234,3.55735619953835,0,21.8256713945052,0.972224867964382,0.509414011120497,21.2138688499711,150,0,22035082.8800491,NaN,1,0,0,0,8.05332052770058,0.972831046274124,0.554589852551338,118
combined_phase2b,4.77782414204575,9.90337410302518,2.03888455794214,0,20.9443252641865,0.97439874476813,0.509414011120497,21.2138688499711,150,0,22035082.8800491,NaN,1,0,0,17,9.95049108914837,0.991011476973748,0.554589852551338,118
physical_only,0.0802384903547514,0.118471056457291,0.0519523533593252,0,0.726557358288434,0.0340902320355653,0.103475555655734,0.730164566023438,0,0,8851019.32201191,0.00200000000000022,0,0,0,0,0.0135070606052329,0.0574577794635203,0.150239045588042,119
combined_phase2b,0.118059363433043,0.296732844333574,0.0872437216348901,0,0.748806731879381,0.0364836833881178,0.103475555655734,0.730164566023438,0,0,8851019.32201191,0.0250000000000001,0,0,0,17,0.349382823122593,0.0639676816212588,0.150239045588042,119
physical_only,1.37706760046024,2.54372289116203,1.36328443528653,0,5.93677602093103,0.265948480384995,0.276746504640149,5.97642117311862,75,0,24216092.8156842,0.101,0,0,0,0,2.43254153305616,0.286005405937775,0.325360879317811,120
combined_phase2b,1.61733763195091,2.90072819350715,2.08219745329135,0,5.96632833099547,0.278809561885793,0.276746504640149,5.97642117311862,75,0,24216092.8156842,0.105,0,0,0,17,3.01745871333489,0.299319984182126,0.325360879317811,120
physical_only,0.811896567350843,1.24679739361796,0.492386118053973,0,1.47327051599494,0.056031914760686,0.111647518756143,1.66365442810895,0,0,22826002.4644153,0.0390000000000001,0,0,0,0,1.35712944085233,0.0842951182071308,0.180017075241798,121
combined_phase2b,0.828423278521268,1.2995276919937,0.455970872862353,0,1.58833228640234,0.0641391320819448,0.111647518756143,1.66365442810895,0,0,22826002.4644153,0.036,0,0,0,17,1.34314395152354,0.0865587819706719,0.180017075241798,121
physical_only,0.0446752489071311,0.0656432777201065,0.0283878197107204,0,0.060272207996772,0.00260231139990117,0.0501063260221512,0.0635584359762757,0,0,20668769.83079,2.22044604925031e-16,0,0,0,0,0.0470086877357388,0.0296429594277364,0.0986747530379361,122
combined_phase2b,0.0622602744823399,0.0897017859911105,0.0304483037629535,0,0.0692694339755539,0.00291193668573696,0.0501063260221512,0.0635584359762757,0,0,20668769.83079,2.22044604925031e-16,0,0,0,17,0.202762187533894,0.0363003077484962,0.0986747530379361,122
physical_only,4.87472155301867,7.81553544669221,3.55618901012322,0,7.37343703671873,0.281844950284978,0.187138652887368,9.11680616145208,0,0,6691015.37592216,NaN,1,0,0,0,7.92484949142277,0.309529447746847,0.255444955612229,123
combined_phase2b,4.99226396151913,8.53368507095438,3.02380629752415,0,6.69684085715475,0.250319800206664,0.187138652887368,9.11680616145208,0,0,6691015.37592216,NaN,1,0,0,17,8.55782490081648,0.253476154647108,0.255444955612229,123
physical_only,2.91276212275327,7.56777831066452,5.81195515800436,0,12.8742158704299,0.569035454632604,0.749029591591264,12.1366764137716,235,0,14808857.2249235,0.13,0,0,0,0,7.67643218919642,0.596719952094473,0.817532406251114,124
combined_phase2b,3.26154164182111,8.99783550497774,4.21323168304682,0,16.0568550704332,0.649770478061152,0.749029591591264,12.1366764137716,235,0,14808857.2249235,0.122,0,0,0,17,8.93008721316066,0.679600180645509,0.817532406251114,124
physical_only,0.0111737047815285,0.0248221088133156,0.00724874472225596,0,0.0439556663225608,0.00173091667961691,0.0232652858679763,0.0379781481835601,0,0,10585735.4386578,2.22044604925031e-16,0,0,0,0,0.134026359623227,0.0331811039923875,0.0909675658339738,125
combined_phase2b,0.0265881073325066,0.0463480562336155,0.00613439978095191,0,0.0600398107888356,0.00255242064697209,0.0232652858679763,0.0379781481835601,0,0,10585735.4386578,2.22044604925031e-16,0,0,0,17,0.125136306240505,0.0362264338355513,0.0909675658339738,125
physical_only,2.82750461093825,5.67504049868069,2.75178158290976,0,12.4846731809185,0.498912228875145,1.65446266746817,9.92623633411776,277,0,22514121.1103541,0.124,0,0,0,0,5.77773852540044,0.527307391516707,1.72296548212802,126
combined_phase2b,3.22718605841008,7.4228705985718,2.44164095663443,0,15.103767789079,0.622022546043947,1.65446266746817,9.92623633411776,277,0,22514121.1103541,0.131,0,0,0,17,7.39237280256842,0.625244275030592,1.72296548212802,126
physical_only,0.076007512909356,0.11774939554005,0.0525426941895097,0,0.866786383741566,0.0399401358927713,0.040946311250734,0.867295318229657,0,0,11285201.0171984,0.00100000000000011,0,0,0,0,0.229020341509486,0.070201722187589,0.109311952589717,127
combined_phase2b,0.0502975402068351,0.114463827847902,0.0279012602562465,0,0.930625251278796,0.0449233768523797,0.040946311250734,0.867295318229657,0,0,11285201.0171984,2.22044604925031e-16,0,0,0,17,0.189717162342363,0.0721392801192423,0.109311952589717,127
physical_only,0.0373567950051857,0.0817500932579598,0.0498593992703331,0,0.180830245496171,0.007337229100941,0.101087389999436,0.144677354748956,0,0,26334888.4049699,2.22044604925031e-16,0,0,0,0,0.191960516303426,0.0383588562121413,0.168904033392117,128
combined_phase2b,0.0487691467733831,0.0866004177898497,0.0405322626482037,0,0.202751634037889,0.0085429592641756,0.101087389999436,0.144677354748956,0,0,26334888.4049699,2.22044604925031e-16,0,0,0,17,0.134807429498712,0.0395127385374571,0.168904033392117,128
physical_only,1.29446094623137,1.92422264187845,0.871603832667574,0,1.68121461805913,0.0765714320357556,0.0728563542119202,1.88512078507948,0,0,7875350.79251092,0.0660000000000001,0,0,0,0,1.81481489800443,0.0975778078435867,0.121355446061773,129
combined_phase2b,1.32875599099094,1.9949149348899,0.838610963253121,0,1.79691940520867,0.0781458689198948,0.0728563542119202,1.88512078507948,0,0,7875350.79251092,0.0650000000000002,0,0,0,17,2.07704190343567,0.10062239891446,0.121355446061773,129
physical_only,2.63408104828683,5.26025585666102,1.56690004219064,0,7.21922482399664,0.276359431730779,0.350730618454949,6.75671135035236,125,0,19526245.1945671,NaN,1,0,0,0,5.36622830567341,0.305614693934009,0.41855689989914,130
combined_phase2b,2.72860640475208,6.30540050134618,1.8828541644534,0,7.40473485547963,0.297176650467474,0.350730618454949,6.75671135035236,125,0,19526245.1945671,NaN,1,0,0,17,6.29423377092095,0.325087940727628,0.41855689989914,130
physical_only,0.235776205200702,0.343088313835649,0.147472410038033,0,1.05678375305848,0.047870427976438,0.149354194987992,1.0234874007714,0,0,11081500.8568583,0.0410000000000001,0,0,0,0,0.233000346691716,0.0675493138070088,0.197075879286632,131
combined_phase2b,0.249914596242283,0.434655871850674,0.102683492049186,0,1.08717155332067,0.0465092101140629,0.149354194987992,1.0234874007714,0,0,11081500.8568583,0.0290000000000001,0,0,0,17,0.486855480894227,0.0665767248417022,0.197075879286632,131
physical_only,3.02477858070503,4.42112019891664,1.92750929593693,0,7.87373432737515,0.341630780366789,0.304936906341463,7.640930620485,102,0,18541428.4979696,NaN,1,0,0,0,4.53210913054594,0.367259119813758,0.371733586954387,132
combined_phase2b,3.16223137274254,5.1348780870995,2.46815420715864,0,8.64046434893424,0.381957927063315,0.304936906341463,7.640930620485,102,0,18541428.4979696,NaN,1,0,0,17,5.189715978923,0.406338631544899,0.371733586954387,132
physical_only,0.0260036623604926,0.0452865234176267,0.00542412514060649,0,0.0747723036752552,0.00307779562180495,0.0643361926756284,0.0653994956189612,0,0,23293166.6632668,2.22044604925031e-16,0,0,0,0,0.0864473511420699,0.0296328848766324,0.110307341347619,133
combined_phase2b,0.0447795073092555,0.069037068632119,0.0112567043282086,0,0.082215540924899,0.00350563850333872,0.0643361926756284,0.0653994956189612,0,0,23293166.6632668,2.22044604925031e-16,0,0,0,17,0.181853848001862,0.0384573956544575,0.110307341347619,133
physical_only,0.138653263702594,0.26981285656353,0.0885496277865735,0,0.318606398468309,0.0119260609324753,0.190190508948225,0.315628697309185,0,0,20980119.743694,0.00700000000000012,0,0,0,0,0.161519316790082,0.0367210291159258,0.237331526221187,134
combined_phase2b,0.158165039680039,0.315919647022835,0.118692047856342,0,0.35861466645559,0.0143054237050675,0.190190508948225,0.315628697309185,0,0,20980119.743694,0.012,0,0,0,17,0.2448683315783,0.0416412242689388,0.237331526221187,134
physical_only,0.802345317705975,1.17975112672966,0.483715690737195,0,3.96203274275261,0.175437102377365,0.439717216580465,3.91125761581788,149,0,11369593.2262807,0.0890000000000002,0,0,0,0,1.0695611704019,0.198959275948562,0.488337013370182,135
combined_phase2b,0.982456045720673,1.61748915980299,0.748806480952662,0,4.17230188536467,0.189334321633505,0.439717216580465,3.91125761581788,149,0,11369593.2262807,0.0920000000000001,0,0,0,17,1.6917440730387,0.203771116854627,0.488337013370182,135
physical_only,1.3163128750176,1.98683337291995,0.896964568392055,0,2.34456259066917,0.0990302596652409,0.0886945865072492,2.23157172753507,0,0,17328014.686141,0.0700000000000001,0,0,0,0,2.09764210269996,0.114022777552217,0.156922284822127,136
combined_phase2b,1.33123328097916,2.05158154152651,0.981044295227917,0,2.34806741318531,0.102532023904162,0.0886945865072492,2.23157172753507,0,0,17328014.686141,0.0730000000000002,0,0,0,17,2.03257311578707,0.117051127505818,0.156922284822127,136
physical_only,0.324669744198901,0.490458164971376,0.216464991893507,0,6.06358611356821,0.287952306595549,0.516459110176117,6.04910418063223,217,0,9162357.55181595,0.0170000000000001,0,0,0,0,0.601845834941906,0.312599864142837,0.58493750263223,137
combined_phase2b,0.787246290474839,2.07223321245582,0.773945290274141,0,6.98449727845649,0.334284789078441,0.516459110176117,6.04910418063223,217,0,9162357.55181595,0.198,0,0,0,17,2.19810828276593,0.361327538947231,0.58493750263223,137
physical_only,1.31962653292893,3.01306974355083,1.02344762685324,0,5.47433763279189,0.217877753542608,0.508624317227338,4.76406633636706,208,0,16464799.4968142,0.11,0,0,0,0,2.91885042002962,0.244937705806947,0.55556146465798,138
combined_phase2b,1.48669907611697,3.42086507184763,1.02938969437262,0,6.50547826901955,0.266210096433996,0.508624317227338,4.76406633636706,208,0,16464799.4968142,0.115,0,0,0,17,3.29373406366849,0.274946295364187,0.55556146465798,138
physical_only,0.00512543473822711,0.0142082634357362,0.0113787868864824,0,0.830090178983869,0.0393688388982683,0.266288722231963,0.827760527838177,137,0,10048315.8754143,2.22044604925031e-16,0,0,0,0,0.108903672256592,0.0685786606019643,0.328707587238244,139
combined_phase2b,0.115168792539462,0.254918059701228,0.128855258041728,0,1.10204752287583,0.0495494390675487,0.266288722231963,0.827760527838177,137,0,10048315.8754143,0.0290000000000001,0,0,0,17,0.380315372012555,0.0719490556100287,0.328707587238244,139
physical_only,3.02055227298014,4.41586669321862,1.92664251285398,0,4.68380720181629,0.193363458362363,0.133055348166792,4.31682985732723,0,0,7147275.47405466,NaN,1,0,0,0,4.52710316989747,0.222736754287021,0.200674792877867,140
combined_phase2b,3.06418252770725,4.67201140045948,1.9202768613473,0,4.65424222497735,0.202788721433955,0.133055348166792,4.31682985732723,0,0,7147275.47405466,NaN,1,0,0,17,4.6951801429325,0.216604794930811,0.200674792877867,140
physical_only,4.35114664750992,6.44312609547498,2.78389662708351,0,18.0895042634877,0.811093937140045,0.413672145782254,17.7920858933632,128,0,8330536.34043275,NaN,1,0,0,0,6.55447662858674,0.833703674430401,0.473081316982136,141
combined_phase2b,4.61461967187875,8.93626213922295,3.25950572993054,0,18.7672029759435,0.846723272456078,0.413672145782254,17.7920858933632,128,0,8330536.34043275,NaN,1,0,0,17,9.0607123499056,0.83123878728159,0.473081316982136,141
physical_only,0.122580163389991,0.186871418143982,0.067870742434286,0,0.281262753079357,0.0125756317870677,0.0476023342415587,0.283139948333445,0,0,9108755.70624521,0.00900000000000012,0,0,0,0,0.0768774630146419,0.0361527991832069,0.0962247159140631,142
combined_phase2b,0.138066194547269,0.20761008789035,0.060478593592515,0,0.277261452089848,0.0128296355441804,0.0476023342415587,0.283139948333445,0,0,9108755.70624521,0.00500000000000012,0,0,0,17,0.315370267953627,0.0402178222990194,0.0962247159140631,142
physical_only,0.0429754500113008,0.0628645400806756,0.0274185697655501,0,0.100069955188342,0.00436148593612057,0.0720918425648536,0.0940356203218038,0,0,7842550.21381682,2.22044604925031e-16,0,0,0,0,0.0485727916713688,0.0309650615610195,0.119360124541513,143
combined_phase2b,0.0633478977073424,0.0979239241474514,0.034137508544729,0,0.120270313955553,0.00523908547029696,0.0720918425648536,0.0940356203218038,0,0,7842550.21381682,2.22044604925031e-16,0,0,0,17,0.196984526273021,0.035084721628157,0.119360124541513,143
physical_only,0.920910232036332,1.37773011833388,0.620134668438318,0,1.88297847157865,0.0812475028415345,0.211792555792494,1.73287639065389,51,0,18398864.2066203,0.0690000000000002,0,0,0,0,1.48766731004381,0.111232054126265,0.28009778750651,144
combined_phase2b,0.925123926771397,1.42377202007657,0.614213812345972,0,1.82982238002946,0.0774971586910625,0.211792555792494,1.73287639065389,51,0,18398864.2066203,0.0710000000000002,0,0,0,17,1.47846816249574,0.106827695708452,0.28009778750651,144
physical_only,0.2808900910818,0.666586100506942,0.502288163731687,0,1.83677127818896,0.0799046813133823,0.133766087409072,1.71007346529464,0,0,14346693.1814225,0.0990000000000002,0,0,0,0,0.555409835871333,0.106289719426986,0.180984856228058,145
combined_phase2b,0.290021179408748,0.686714276039779,0.573738046203663,0,1.93015281378793,0.0865197588864076,0.133766087409072,1.71007346529464,0,0,14346693.1814225,0.101,0,0,0,17,0.723829446855109,0.109175474059256,0.180984856228058,145
physical_only,0.244540150855431,0.592329442666566,0.432089259646835,0,0.632642051181849,0.0237281511748522,0.176389985711042,0.75232038899598,0,0,15004992.6401117,0.0790000000000002,0,0,0,0,0.700145808403487,0.0505146410937016,0.24340990965681,146
combined_phase2b,0.25746874911775,0.685228507407775,0.33555210132854,0,0.82320122477348,0.0304909717827854,0.176389985711042,0.75232038899598,0,0,15004992.6401117,0.0770000000000002,0,0,0,17,0.632523842229328,0.0556989757178205,0.24340990965681,146
physical_only,0.248020437381019,0.393856708424906,0.149249541262945,0,0.394888335673327,0.0159377220034853,0.135201238885131,0.405826226992111,0,0,11495696.8449979,0.0450000000000002,0,0,0,0,0.283947103222031,0.03808036760124,0.18257292373212,147
combined_phase2b,0.270078423361231,0.440144386451657,0.159458432684825,0,0.433157530223122,0.0175976318885616,0.135201238885131,0.405826226992111,0,0,11495696.8449979,0.0450000000000002,0,0,0,17,0.46738426657748,0.0412792525930736,0.18257292373212,147
physical_only,0.0690020645838383,0.138597125850347,0.0679067705926232,0,0.936588055959162,0.0429135635585607,0.0182886052135796,0.854593708441379,0,0,15071124.4498121,0.0590000000000002,0,0,0,0,0.249586057479654,0.0685500734900614,0.086079880683109,148
combined_phase2b,0.0831222821696488,0.177632278220658,0.11641200568667,0,0.939912988488661,0.0430824022381048,0.0182886052135796,0.854593708441379,0,0,15071124.4498121,0.01,0,0,0,17,0.261630498588031,0.0710115183990932,0.086079880683109,148
physical_only,0.415504761023916,0.882714595487355,0.592781436183094,0,7.60329397193905,0.347990060228101,0.650275954368253,6.81482166807551,232,0,24604222.4641259,0.0820000000000001,0,0,0,0,0.993156187395693,0.376282913546776,0.718102235812444,149
combined_phase2b,0.43316597211073,1.12426335353542,0.275670197628236,0,7.01411132774471,0.318417869907491,0.650275954368253,6.81482166807551,232,0,24604222.4641259,0.0880000000000001,0,0,0,17,1.224649618324,0.338482172698253,0.718102235812444,149
physical_only,0.121409651236854,0.181461216321084,0.0844960028856275,0,3.07196278977807,0.144370132979332,0.0908001338097084,3.07134485516891,0,0,7717448.47861286,0.0570000000000002,0,0,0,0,0.291549183465017,0.164557277765044,0.158449214447405,150
combined_phase2b,0.288916326724874,0.750100405853439,0.17555089284451,0,3.66397548338991,0.165360040031567,0.0908001338097084,3.07134485516891,0,0,7717448.47861286,0.0600000000000001,0,0,0,17,0.798009874515179,0.201607442917501,0.158449214447405,150
physical_only,1.04228397017748,1.60884860835203,0.460738283318908,0,14.4766057964155,0.663780798532298,1.54379810624895,14.3182711803016,269,0,8132815.52668788,NaN,1,0,0,0,1.52390898134423,0.686651139601097,1.58387297295273,151
combined_phase2b,1.32352900620346,3.51275138675002,2.21666701125353,0,16.5252810428662,0.784320299494784,1.54379810624895,14.3182711803016,269,0,8132815.52668788,0.0620000000000001,0,0,0,17,3.45372872347605,0.807893894441325,1.58387297295273,151
physical_only,0.313086403207018,0.468718743325924,0.207586517181819,0,1.70642084228521,0.0789950913420881,0.0662953016707113,1.70297796613804,0,0,16617848.9761199,0.0290000000000001,0,0,0,0,0.580069276437689,0.11022033660207,0.134314461986399,152
combined_phase2b,0.292450783198039,0.563684172022695,0.0735021507842842,0,1.68488362316573,0.0732495254858011,0.0662953016707113,1.70297796613804,0,0,16617848.9761199,0.00700000000000012,0,0,0,17,0.687155180051269,0.0984007193450022,0.134314461986399,152
physical_only,0.0932729571364752,0.138887604859307,0.0548155820555677,0,0.282567565490892,0.0124603268455625,0.0368392548103056,0.26502118200354,0,0,9029067.70491648,0.00300000000000011,0,0,0,0,0.0289333904360665,0.0353842261217822,0.0854294255288516,153
combined_phase2b,0.106270593671065,0.161719413461784,0.0563346956317072,0,0.278548679715519,0.0123840145281232,0.0368392548103056,0.26502118200354,0,0,9029067.70491648,0.00300000000000011,0,0,0,17,0.269031990094561,0.0415963304371069,0.0854294255288516,153
physical_only,0.212634338042837,0.311408048375004,0.136114349690322,0,0.3398852220618,0.013480033356894,0.168268134464714,0.315897308363103,0,0,25380877.4039922,0.0290000000000001,0,0,0,0,0.422762726769096,0.0452161631475826,0.236730483394853,154
combined_phase2b,0.206330807771192,0.310416121569582,0.133683650451447,0,0.331670214025566,0.0136325719746669,0.168268134464714,0.315897308363103,0,0,25380877.4039922,0.0290000000000001,0,0,0,17,0.402007292799393,0.0434238910945332,0.236730483394853,154
physical_only,0.103669756060885,0.151674632205006,0.0661609212924547,0,0.204012658162879,0.00892096327926961,0.110900218374596,0.189580667605884,0,0,6707265.89083352,0.00900000000000012,0,0,0,0,0.263054281152445,0.037733420435682,0.178868122357341,155
combined_phase2b,0.096837316153757,0.153583134568592,0.0666272517630314,0,0.205648645051131,0.00911868237838831,0.110900218374596,0.189580667605884,0,0,6707265.89083352,0.01,0,0,0,17,0.248004829731578,0.0383093021194791,0.178868122357341,155
physical_only,1.27493741134872,1.89675088523699,0.800373728068571,0,3.11037924589518,0.127218230526689,0.236845047730111,3.06024803915104,64,0,7282618.12107697,0.0710000000000002,0,0,0,0,1.78641036066283,0.132931157024503,0.284726404449401,156
combined_phase2b,1.33276233717394,2.07940710394266,0.936121175085793,0,3.27045355930839,0.136443683737476,0.236845047730111,3.06024803915104,64,0,7282618.12107697,0.0750000000000002,0,0,0,17,2.10163003980794,0.142799018446277,0.284726404449401,156
physical_only,0.0414453227329187,0.0678091057679046,0.0279269772328717,0,0.213673643939045,0.00959022044770603,0.0950393817890758,0.208709614068519,0,0,22239716.2954645,2.22044604925031e-16,0,0,0,0,0.0598486632096625,0.0348553635519743,0.13626419126763,157
combined_phase2b,0.0571539504665924,0.0952246546060228,0.0189172723019272,0,0.207692327813272,0.00905435726885885,0.0950393817890758,0.208709614068519,0,0,22239716.2954645,2.22044604925031e-16,0,0,0,17,0.19343080405619,0.0418693285509315,0.13626419126763,157
physical_only,5.25708981400673,10.4136549152857,7.96727882082197,0,17.4891152169749,0.669308270515446,0.319609886118385,14.6403954489265,178,0,9140211.05435312,0.254,0,0,0,0,10.5209797960704,0.669418224088075,0.386510574770808,158
combined_phase2b,6.52110048547678,13.5578301555441,6.53815233336531,0,22.7859845061762,0.933788906320284,0.319609886118385,14.6403954489265,178,0,9140211.05435312,0.268,0,0,0,17,13.5094919703601,0.957586657631899,0.386510574770808,158
physical_only,1.30203108305845,1.90218811863192,0.829551036089918,0,3.13365618474829,0.137543163850359,0.351753042722708,3.02817077425202,125,0,7071540.45966482,0.0690000000000002,0,0,0,0,1.79169757276168,0.156203813074919,0.396757329589692,159
combined_phase2b,1.48898216087023,2.50829238779152,0.794620584140546,0,3.00815139791103,0.141404921656187,0.351753042722708,3.02817077425202,125,0,7071540.45966482,0.0670000000000002,0,0,0,17,2.52530252446295,0.158017653861805,0.396757329589692,159
physical_only,0.116391475828299,0.177810263684929,0.0804396835661613,0,0.575610822348644,0.0258925188601354,0.17066294090319,0.557334708606412,0,0,6775041.9445064,0.014,0,0,0,0,0.288681666083181,0.055406032253664,0.235391998278451,160
combined_phase2b,0.0979340686151273,0.185156864016356,0.0490263687651193,0,0.573895095660929,0.0250870790229888,0.17066294090319,0.557334708606412,0,0,6775041.9445064,2.22044604925031e-16,0,0,0,17,0.268322129823075,0.0564943934397056,0.235391998278451,160
physical_only,0.585750790019392,0.855030143338728,0.373153437876093,0,1.64789354367399,0.0726033413963685,0.22688855712458,1.57873565088724,55,0,20756181.7324331,0.048,0,0,0,0,0.744175549218729,0.0854275754459353,0.269325118246109,161
combined_phase2b,0.555077469204857,0.868090103710167,0.419491817795768,0,1.60693863914161,0.0735502826714529,0.22688855712458,1.57873565088724,55,0,20756181.7324331,0.052,0,0,0,17,0.986951718796943,0.0889659216488662,0.269325118246109,161
physical_only,0.326300228512555,0.683935926359466,0.335615748900084,0,1.12412430540357,0.0437137967699333,0.0415905267528648,0.93225903083941,0,0,10163445.237594,0.0940000000000001,0,0,0,0,0.783379955089291,0.0744580468116755,0.109849452035791,162
combined_phase2b,0.370151313072575,0.768502801311092,0.271708276725897,0,1.33058539255955,0.056071551816521,0.0415905267528648,0.93225903083941,0,0,10163445.237594,0.0930000000000002,0,0,0,17,0.875831191317622,0.086632709063052,0.109849452035791,162
physical_only,0.0103374749809452,0.0231322879727682,0.0137488370190416,0,0.0433845578463343,0.00170378554165233,0.0147365294571683,0.0374530204113311,0,0,11092696.3249416,2.22044604925031e-16,0,0,0,0,0.131609211362208,0.0320314068444133,0.083061558410372,163
combined_phase2b,0.0279825485040673,0.0463480562336155,0.0076463241347656,0,0.0600398107888356,0.00255242064697209,0.0147365294571683,0.0374530204113311,0,0,11092696.3249416,2.22044604925031e-16,0,0,0,17,0.11959837677934,0.0351257281102474,0.083061558410372,163
physical_only,0.344381478347389,0.519538351378456,0.214625934168634,0,1.75930067204034,0.0796982839075432,0.304400157236715,1.70819429192411,94,0,12136458.4228771,0.056,0,0,0,0,0.630774828057309,0.107981653562583,0.338143867764368,164
combined_phase2b,0.295714034687296,0.561716189625116,0.189911593794094,0,1.70598196566427,0.0800215968219233,0.304400157236715,1.70819429192411,94,0,12136458.4228771,0.0550000000000002,0,0,0,17,0.652644440800186,0.10410719446132,0.338143867764368,164
physical_only,0.0726686613618058,0.11824752871435,0.0798274066099581,0,1.98701468564552,0.0939308499003489,0.512694649373053,1.95407560782119,218,0,8695718.94819298,0.0600000000000001,0,0,0,0,0.229483355642611,0.120827995084224,0.579681612616276,165
combined_phase2b,0.254995147323617,0.427967156799018,0.174200316599887,0,2.26778025527298,0.10504613864153,0.512694649373053,1.95407560782119,218,0,8695718.94819298,0.0680000000000001,0,0,0,17,0.501234183195644,0.128006096898139,0.579681612616276,165
physical_only,0.00442154924390996,0.0115089129295668,0.00917105412665161,0,0.127838923741338,0.00592259564759348,0.0822641581589362,0.116339959130607,0,0,22727149.2091859,2.22044604925031e-16,0,0,0,0,0.120324330172982,0.0374421893458502,0.149836240628634,166
combined_phase2b,0.0264098166856327,0.0463480562336155,0.0130493028880271,0,0.133353819329969,0.00613252042460485,0.0822641581589362,0.116339959130607,0,0,22727149.2091859,2.22044604925031e-16,0,0,0,17,0.138188404211347,0.0417341943002439,0.149836240628634,166
physical_only,1.12498059711397,1.65983568996279,0.718490707819311,0,4.22187004488967,0.187549520115761,0.263475485212697,4.10674753716346,71,0,12743060.4948735,0.0740000000000001,0,0,0,0,1.54940290006582,0.17878518078389,0.310892408692843,167
combined_phase2b,1.14974270168745,1.92809366409084,0.537510078188091,0,4.16697127007091,0.177114474637156,0.263475485212697,4.10674753716346,71,0,12743060.4948735,0.0690000000000002,0,0,0,17,1.95439142078903,0.169900234256244,0.310892408692843,167
physical_only,0.00597664131415806,0.0125926912275576,0.00861326934973079,0,0.0356238828767197,0.00148710529880073,0.0276912761144812,0.0284413462135766,0,0,9274908.53631312,2.22044604925031e-16,0,0,0,0,0.119489962984602,0.0314731803539066,0.0924793520277002,168
combined_phase2b,0.0274810777843417,0.0463480562336155,0.00866376605404251,0,0.0600398107888356,0.00255242064697209,0.0276912761144812,0.0284413462135766,0,0,9274908.53631312,2.22044604925031e-16,0,0,0,17,0.150093093713596,0.0381884846500438,0.0924793520277002,168
physical_only,0.747465498821791,1.90341595514154,0.551569039848049,0,2.7282863948892,0.103206162228864,0.195370051460821,2.64121490795995,0,0,8444781.07838739,0.105,0,0,0,0,1.79332621028215,0.130406678393323,0.242643896903212,169
combined_phase2b,0.913923977555468,2.40819025070136,0.469609357344761,0,3.64318131567588,0.142254165046361,0.195370051460821,2.64121490795995,0,0,8444781.07838739,0.107,0,0,0,17,2.46895900900648,0.156887153567541,0.242643896903212,169
physical_only,0.341836173958125,0.500075415647415,0.218118171211065,0,0.612380526640566,0.027078918049216,0.104862444851817,0.593760226777652,0,0,8376356.6833992,0.0410000000000001,0,0,0,0,0.611457718191115,0.0564365466421983,0.173353462858646,170
combined_phase2b,0.334730325235412,0.534139759928197,0.231903547600124,0,0.603041635260592,0.0265702391912438,0.104862444851817,0.593760226777652,0,0,8376356.6833992,0.044,0,0,0,17,0.613876436263679,0.0556146182847072,0.173353462858646,170
physical_only,0.00168932008789286,0.00470774403512599,0.00294596076293581,0,0.10194011442165,0.00484117304775659,0.0941772226620616,0.100805179833014,0,0,7161527.2613709,2.22044604925031e-16,0,0,0,0,0.110756571162851,0.0354510381062104,0.160193690748067,171
combined_phase2b,0.0290792790366545,0.0463480562336155,0.00576675445763997,0,0.116326677725391,0.00547318119356921,0.0941772226620616,0.100805179833014,0,0,7161527.2613709,2.22044604925031e-16,0,0,0,17,0.138012430724187,0.035809992871422,0.160193690748067,171
physical_only,0.0951058024457582,0.217884388368656,0.120015940719523,0,0.821830594591801,0.035525948141546,0.0593219041175055,0.709349490531824,0,0,17430168.1512495,0.0790000000000002,0,0,0,0,0.328481160055,0.0639885810228259,0.125438286412483,172
combined_phase2b,0.0919391178198475,0.244302014785589,0.171319915334785,0,0.864170112007404,0.0382053131783471,0.0593219041175055,0.709349490531824,0,0,17430168.1512495,0.0820000000000001,0,0,0,17,0.270791365637266,0.0677486379960353,0.125438286412483,172
physical_only,0.667121735363954,0.973941308039776,0.424519496561478,0,2.29386885608917,0.101723251481373,0.122805041155603,2.20294799008119,0,0,23273578.011437,0.05,0,0,0,0,0.862728786435739,0.111855174288785,0.16832494754431,173
combined_phase2b,0.672835422359987,1.25530426693462,0.480470671350321,0,2.27778118824471,0.106106016351009,0.122805041155603,2.20294799008119,0,0,23273578.011437,0.05,0,0,0,17,1.21381421091337,0.123017329111494,0.16832494754431,173
physical_only,0.0815236237908361,0.187251286943215,0.136241259360196,0,0.450298534261489,0.018419289750821,0.209534731519627,0.404166838961015,22,0,23687959.3174279,0.032,0,0,0,0,0.297554521390579,0.0464248363684088,0.274369590312131,174
combined_phase2b,0.0867871684147946,0.206549880927841,0.0780908582098329,0,0.504039276995892,0.0210207035906924,0.209534731519627,0.404166838961015,22,0,23687959.3174279,0.016,0,0,0,17,0.261311161763032,0.0522905589026664,0.274369590312131,174
physical_only,0.108137576786055,0.25160187463267,0.160125706960528,0,0.641065162994577,0.026905307059103,0.208022606346358,0.598972459911381,17,0,18834192.4764212,0.02,0,0,0,0,0.361999695197678,0.0565395556777089,0.274103333323982,175
combined_phase2b,0.102609489054387,0.273344519057268,0.0789264025290962,0,0.656982696718973,0.0285892199439551,0.208022606346358,0.598972459911381,17,0,18834192.4764212,0.00600000000000001,0,0,0,17,0.316941348301108,0.0626122461156558,0.274103333323982,175
physical_only,0.759455898497277,1.11194289378811,0.485075730841848,0,1.75439889313315,0.0769321849401953,0.0570747825525835,1.68631456495862,0,0,24709471.2419783,0.0590000000000002,0,0,0,0,1.22333056375864,0.104624610325892,0.124886635815989,176
combined_phase2b,0.732239467123798,1.20140151964883,0.545094346634737,0,1.68951114127318,0.0789701975492855,0.0570747825525835,1.68631456495862,0,0,24709471.2419783,0.0610000000000002,0,0,0,17,1.2222014573534,0.106211414633002,0.124886635815989,176
physical_only,0.432730533277473,0.632636453707527,0.275953185982691,0,0.747775628544833,0.0318588300739144,0.161006263970762,0.698889139021411,0,0,25607695.2142273,0.046,0,0,0,0,0.522319715631173,0.0510584665582851,0.209556722287092,177
combined_phase2b,0.452742630624826,0.702554470889878,0.271363645013643,0,0.762694673805141,0.0309524065144776,0.161006263970762,0.698889139021411,0,0,25607695.2142273,0.0450000000000002,0,0,0,17,0.771612850115089,0.0513730933378014,0.209556722287092,177
physical_only,0.20971944658638,0.331333904479183,0.166038486793961,0,1.1695060453195,0.0521719113635387,0.126550323103285,1.11278227051299,0,0,16670398.285938,0.024,0,0,0,0,0.220982214134013,0.0756997723685857,0.173184060916584,178
combined_phase2b,0.212716746264835,0.3850211954988,0.07513675715326,0,1.10690922916143,0.050353206917494,0.126550323103285,1.11278227051299,0,0,16670398.285938,0.00700000000000012,0,0,0,17,0.450207782807782,0.0733357671034903,0.173184060916584,178
physical_only,1.14640083815318,1.67601124249982,0.730892797738941,0,2.33403787678041,0.105851117650901,0.195446975612283,2.37184877328974,0,0,11346396.9551055,0.0690000000000002,0,0,0,0,1.56542016175464,0.1227784541855,0.243212420481248,179
combined_phase2b,1.10854238003231,1.83352365132757,0.630102912005736,0,2.36895090718164,0.108793928819739,0.195446975612283,2.37184877328974,0,0,11346396.9551055,0.0640000000000001,0,0,0,17,1.7971057525289,0.125406661025357,0.243212420481248,179
physical_only,4.40889897368588,6.44707658440827,2.81176095497336,0,7.0563324081746,0.300035903768455,0.202846701236301,6.48875160107187,41,0,11250818.5052477,NaN,1,0,0,0,6.33611046292876,0.296903185818955,0.251405634013036,180
combined_phase2b,4.56462401471416,7.02336057996543,2.7780053123767,0,6.96198936604334,0.290333670720222,0.202846701236301,6.48875160107187,41,0,11250818.5052477,NaN,1,0,0,17,7.03220157876376,0.307997224315639,0.251405634013036,180
physical_only,1.29527761221903,1.9543388384734,0.80679849454096,0,3.17848862065478,0.142239151629405,0.388029374747759,3.16789340428064,131,0,7183919.40389815,0.0910000000000002,0,0,0,0,1.84386289578637,0.161934673174975,0.434605454738238,181
combined_phase2b,1.30469901646049,2.1031790669811,0.660063960023229,0,3.15334584001838,0.148215957336819,0.388029374747759,3.16789340428064,131,0,7183919.40389815,0.0890000000000002,0,0,0,17,2.17873697952976,0.168493207081899,0.434605454738238,181
physical_only,0.116104586546518,0.170461678629437,0.0749982461996963,0,0.186734294603477,0.00837532853811862,0.113808918911656,0.181983008211229,0,0,8216786.91020482,0.0130000000000001,0,0,0,0,0.0601894388822972,0.0315846156575763,0.161265085714207,182
combined_phase2b,0.13235872596849,0.200856076400022,0.0752482735114145,0,0.193564354462727,0.00811407340069491,0.113808918911656,0.181983008211229,0,0,8216786.91020482,0.0130000000000001,0,0,0,17,0.309513723931555,0.0367906570235471,0.161265085714207,182
physical_only,0.192952917006638,0.377605550196105,0.282463117318857,0,1.02791919300508,0.0421758502220163,0.165164424849962,0.780477376847492,0,0,20026815.0564666,0.032,0,0,0,0,0.438920471977486,0.0697331241821174,0.231616791401155,183
combined_phase2b,0.215835028369528,0.436863442801656,0.105043338578224,0,1.22572988143919,0.0525231686480167,0.165164424849962,0.780477376847492,0,0,20026815.0564666,0.012,0,0,0,17,0.492135655764527,0.0867272229431157,0.231616791401155,183
physical_only,2.11265583845344,3.10203662199764,1.34144612004554,0,9.81081348459299,0.441601127536521,0.22324119265855,9.47056851623085,39,0,9346489.74641949,NaN,1,0,0,0,2.99200243225265,0.443088973089699,0.264511160695425,184
combined_phase2b,2.37566536865803,3.75871249986626,0.732221807778967,0,10.141262190492,0.443624256216952,0.22324119265855,9.47056851623085,39,0,9346489.74641949,NaN,1,0,0,17,3.79684506444952,0.46023698842257,0.264511160695425,184
physical_only,0.0402779984603957,0.130668753165068,0.0801646431247919,0,0.640467974797276,0.0290951463517198,0.0429552501835473,0.531631347780889,0,0,12957545.754196,0.0580000000000001,0,0,0,0,0.147336098247421,0.0549401231524567,0.108335148973997,185
combined_phase2b,0.0589156551145176,0.168742133264716,0.0927989324144213,0,0.629451851775575,0.0298468312299647,0.0429552501835473,0.531631347780889,0,0,12957545.754196,0.0590000000000002,0,0,0,17,0.158376032604197,0.0575381791781733,0.108335148973997,185
physical_only,0.964656648212705,1.52002353475141,0.589930010870053,0,3.86280939305616,0.172939094849222,0.0979011121704735,3.64483609157562,0,0,7907104.80442852,0.0700000000000001,0,0,0,0,1.62996072646133,0.19039579866827,0.165923175351704,186
combined_phase2b,0.960707111489108,1.60544763147616,0.623002060416188,0,3.68404874462993,0.166672531384328,0.0979011121704735,3.64483609157562,0,0,7907104.80442852,0.032,0,0,0,17,1.5843570083012,0.183464441964415,0.165923175351704,186
physical_only,0.511604270608101,0.785754027643543,0.358507164036373,0,1.72929256537324,0.0757964669320857,0.230308608552891,1.73465002871136,50,0,10827738.2977588,0.048,0,0,0,0,0.896562757423552,0.0982228561540297,0.298811423212741,187
combined_phase2b,0.515177794732244,0.852319392305436,0.44330636176574,0,1.80305581946759,0.0775733045589525,0.230308608552891,1.73465002871136,50,0,10827738.2977588,0.0550000000000002,0,0,0,17,0.863137821038789,0.103087301752043,0.298811423212741,187
physical_only,3.32975919249049,4.97267250022133,2.15158662348251,0,11.709785100025,0.513397771983982,0.336945314480679,11.3217084363853,106,0,13807967.0319743,NaN,1,0,0,0,5.08390897690019,0.517689788551341,0.40454975695835,188
combined_phase2b,3.0206258874826,5.60537950356279,1.91568025717292,0,11.1271467865662,0.505025867049858,0.336945314480679,11.3217084363853,106,0,13807967.0319743,NaN,1,0,0,17,5.57058705660724,0.490681742812499,0.40454975695835,188
physical_only,0.0779546349396144,0.153211136942137,0.0705789968391979,0,0.851059833074672,0.0381241950531697,0.026163781117982,0.812311157423341,0,0,26398852.3415871,0.054,0,0,0,0,0.0978980939619847,0.0643947449110877,0.0878103383676657,189
combined_phase2b,0.0900539248006834,0.17821710438826,0.0817047731937108,0,0.866493226142753,0.0378490272795414,0.026163781117982,0.812311157423341,0,0,26398852.3415871,0.0590000000000002,0,0,0,17,0.230920564978738,0.0677283045773144,0.0878103383676657,189
physical_only,0.148051877592787,0.217592988446773,0.0948963173976176,0,2.21865031450003,0.103193470035241,0.191291689914295,2.19887576597421,0,0,7750108.81391672,0.0250000000000001,0,0,0,0,0.328956137217194,0.135242090526823,0.250424158326824,190
combined_phase2b,0.4450724262719,0.994642841494751,0.406458181267421,0,2.95822839939596,0.134508674839066,0.191291689914295,2.19887576597421,0,0,7750108.81391672,0.0670000000000002,0,0,0,17,1.08272321043913,0.165206484247983,0.250424158326824,190
physical_only,0.216984476008859,0.490341655172771,0.371350694518035,0,0.945145646823756,0.0385149998031599,0.145418136177796,0.846729420112644,0,0,23968612.157202,0.0820000000000001,0,0,0,0,0.408394399131705,0.0651512405210448,0.191374371644389,191
combined_phase2b,0.25277944262144,0.56967122129746,0.2662871208733,0,1.13791978171896,0.0480099696228205,0.145418136177796,0.846729420112644,0,0,23968612.157202,0.0800000000000001,0,0,0,17,0.605319748052851,0.0719696534227624,0.191374371644389,191
physical_only,0.176894419960124,0.304525262394278,0.138461916860502,0,0.241468859862609,0.00897612889630139,0.205915331864022,0.362242361745018,28,0,9880891.7888959,0.0510000000000002,0,0,0,0,0.415207685568037,0.0378934181586087,0.274410953035091,192
combined_phase2b,0.175749754939167,0.313956762617149,0.133112762496995,0,0.296599331335684,0.011057663650844,0.205915331864022,0.362242361745018,28,0,9880891.7888959,0.0510000000000002,0,0,0,17,0.396791014511169,0.0442751861587232,0.274410953035091,192
physical_only,0.10223809962368,0.151583509622564,0.0628397912684576,0,0.468789206641316,0.0209899470602134,0.0571119007325874,0.453585924514051,0,0,15668816.9464383,0.012,0,0,0,0,0.0403052614937508,0.0424017067605771,0.104684095140123,193
combined_phase2b,0.116688944427862,0.224170913443466,0.0394089220051611,0,0.427205126171825,0.0191671776359881,0.0571119007325874,0.453585924514051,0,0,15668816.9464383,2.22044604925031e-16,0,0,0,17,0.276916798386146,0.0481563861760683,0.104684095140123,193
physical_only,0.00603650367219799,0.00917214637775354,0.00429081257815817,0,0.101616543238151,0.00470238723307337,0.0386412268159404,0.100404484471266,0,0,7779726.26542427,2.22044604925031e-16,0,0,0,0,0.104178238618456,0.0332348588527095,0.101589819724592,194
combined_phase2b,0.0307312394140871,0.0463480562336155,0.010146757637613,0,0.115422326603121,0.00543140176998827,0.0386412268159404,0.100404484471266,0,0,7779726.26542427,2.22044604925031e-16,0,0,0,17,0.138738348292411,0.0402082018666752,0.101589819724592,194
physical_only,1.43605978688186,2.14983957309758,0.885997728295186,0,2.46210843288952,0.103100416990068,0.217035284298814,2.71877298031042,54,0,8086718.92005712,0.0710000000000002,0,0,0,0,2.25995130381917,0.122769033130336,0.285484138573664,195
combined_phase2b,1.47222552212942,2.24071925061924,1.00343060807806,0,2.62445154333038,0.107985732037564,0.217035284298814,2.71877298031042,54,0,8086718.92005712,0.0760000000000001,0,0,0,17,2.2513624408519,0.119761748072447,0.285484138573664,195
physical_only,0.0105888176450874,0.0231093606893872,0.0176487972560345,0,0.109923357405717,0.00497857208653732,0.061233781420387,0.103895652326531,0,0,10085635.430805,2.22044604925031e-16,0,0,0,0,0.115063299021458,0.0346362670892083,0.117155747720604,196
combined_phase2b,0.0344323326911802,0.0507972904075292,0.0334248708596498,0,0.11841977179999,0.00537476263990851,0.061233781420387,0.103895652326531,0,0,10085635.430805,2.22044604925031e-16,0,0,0,17,0.168206295756798,0.0416221655258428,0.117155747720604,196
physical_only,0.334994779370183,0.491813357491243,0.214869103570619,0,3.53093180698804,0.163131906080886,0.130926868425091,3.50392962997825,0,0,6890862.23764069,0.028,0,0,0,0,0.381122696049855,0.177403691438752,0.178765925433937,197
combined_phase2b,0.601284942110768,1.59635875581436,0.177364755780265,0,3.90257718740241,0.181249743855154,0.130926868425091,3.50392962997825,0,0,6890862.23764069,0.0190000000000001,0,0,0,17,1.52097773361647,0.202133559929791,0.178765925433937,197
physical_only,3.30976885963833,6.47998433624952,1.18956689837915,0,9.19605053088074,0.35771056121576,0.173754088593122,8.65044663396415,0,0,24264258.5255236,NaN,1,0,0,0,6.59031638348389,0.339049911991199,0.242163268987463,198
combined_phase2b,3.5751284591423,7.46782317327333,1.82128535517645,0,10.3954481978734,0.441431688589354,0.173754088593122,8.65044663396415,0,0,24264258.5255236,NaN,1,0,0,17,7.4780086994311,0.421164992035782,0.242163268987463,198
physical_only,0.0423095601019447,0.0946750983392398,0.106752539463618,0,0.923193188565118,0.0420396774668344,0.725355780249358,0.845410826388568,245,0,8626346.17645926,0.0710000000000002,0,0,0,0,0.205851413652026,0.0688143876935433,0.789858657503398,199
combined_phase2b,0.0543070486293475,0.16303593779983,0.0989360990076053,0,0.965254401879206,0.044864972763663,0.725355780249358,0.845410826388568,245,0,8626346.17645926,0.0630000000000002,0,0,0,17,0.214792301477117,0.0658592044486586,0.789858657503398,199
physical_only,1.63474252872104,2.88837870738969,1.39677680496957,0,15.7736940607328,0.722856212673792,0.370167868610582,14.9220119457965,165,0,19294962.9179205,NaN,1,0,0,0,2.99846667453362,0.728071135407321,0.437323013022057,200
combined_phase2b,2.07406476115418,4.31681251100076,2.50229150715152,0,17.0385560910221,0.768580179982813,0.370167868610582,14.9220119457965,165,0,19294962.9179205,NaN,1,0,0,17,4.37375262974498,0.754134725357428,0.437323013022057,200
physical_only,0.076421248981654,0.124069587730928,0.0612424754188525,0,0.0995477511829749,0.00466976060097826,0.141242335149755,0.143390486697974,0,0,10293987.4097185,0.00800000000000001,0,0,0,0,0.234623218393731,0.0359375718192701,0.206461162855433,201
combined_phase2b,0.0709806380106554,0.115787749808769,0.0523501781060448,0,0.103449666285049,0.00455952136610761,0.141242335149755,0.143390486697974,0,0,10293987.4097185,0.00200000000000022,0,0,0,17,0.209872887840557,0.0387008901472755,0.206461162855433,201
physical_only,2.24691139477379,3.29525924270689,1.44823262846374,0,3.73374025691806,0.162049446212108,0.160837605429755,3.6847065874901,0,0,10091868.6621844,NaN,1,0,0,0,3.18498659542149,0.18526946076424,0.209011424002714,202
combined_phase2b,2.29883860228073,3.48324277553929,1.44410841303068,0,3.75993884716479,0.170095210391408,0.160837605429755,3.6847065874901,0,0,10091868.6621844,NaN,1,0,0,17,3.49088564573128,0.192751627414921,0.209011424002714,202
physical_only,0.915846991054803,1.32994158248813,0.579368710355581,0,6.29461178054475,0.28953899331166,0.271160717252922,6.6674787002981,78,0,21405378.3071628,0.0510000000000002,0,0,0,0,1.21963976992195,0.312102805928204,0.305174506271497,203
combined_phase2b,0.796019792765203,1.75785820168008,1.17953533301228,0,6.79064201262235,0.322103049381762,0.271160717252922,6.6674787002981,78,0,21405378.3071628,0.0760000000000001,0,0,0,17,1.8083306526506,0.339624751151966,0.305174506271497,203
physical_only,0.459543121845219,0.670714163044325,0.292214568033303,0,2.07156021536276,0.0965924754053908,0.0490143531837101,2.0594907286533,0,0,16400185.1903605,0.0450000000000002,0,0,0,0,0.560447354178951,0.113403079556331,0.0965487106571402,204
combined_phase2b,0.370139210268303,0.895608697864765,0.235702851546552,0,2.0194253377185,0.0918905223242358,0.0490143531837101,2.0594907286533,0,0,16400185.1903605,0.0330000000000001,0,0,0,17,0.776008166047371,0.113647649199598,0.0965487106571402,204
physical_only,0.124527590489489,0.18219343745093,0.083956062848926,0,1.15434613107256,0.052518127173701,0.230702399803989,1.14312178084433,45,0,12048420.9480251,0.00900000000000012,0,0,0,0,0.0780950921948663,0.076045988178748,0.279216338953338,205
combined_phase2b,0.147513545655169,0.345169261952428,0.113093286973272,0,1.13473840682249,0.0536165340209376,0.230702399803989,1.14312178084433,45,0,12048420.9480251,0.0150000000000001,0,0,0,17,0.248818221672065,0.0798760530703446,0.279216338953338,205
physical_only,0.150935213795799,0.309705365190249,0.178822330985797,0,0.354240813433718,0.0129408746816213,0.0377002972939057,0.381337075051853,0,0,26251103.7320635,0.028,0,0,0,0,0.416960459419834,0.0420258810878799,0.106089233817837,206
combined_phase2b,0.147400005051278,0.349428639389198,0.16758349582179,0,0.382073979462888,0.0149791715609334,0.0377002972939057,0.381337075051853,0,0,26251103.7320635,0.028,0,0,0,17,0.34908476317376,0.0415675878028985,0.106089233817837,206
physical_only,0.403917416743145,0.593590244396288,0.259403281280243,0,1.17299658063545,0.0515111870171332,0.476956003453376,1.13292604017949,154,0,6928927.98437766,0.0430000000000001,0,0,0,0,0.704977914366818,0.0832369568454275,0.543298596580523,207
combined_phase2b,0.391449373958364,0.667021511367983,0.245206779023529,0,1.13376276023417,0.0510140661519894,0.476956003453376,1.13292604017949,154,0,6928927.98437766,0.044,0,0,0,17,0.701046270372944,0.0785834787674153,0.543298596580523,207
physical_only,0.164968298931681,0.323761854116279,0.191496324521759,0,1.10939810861389,0.0495585191681514,0.321991875099022,0.987762235852479,105,0,9455672.5314743,0.0810000000000002,0,0,0,0,0.212772922486973,0.0720858078017473,0.37042379116861,208
combined_phase2b,0.181862632566509,0.338452037627727,0.268180842547014,0,1.08697233653386,0.0528434165247041,0.321991875099022,0.987762235852479,105,0,9455672.5314743,0.0830000000000002,0,0,0,17,0.392041638957347,0.0769779161119019,0.37042379116861,208
physical_only,1.65304245595972,2.43789690755004,1.06702976901761,0,2.60972659873675,0.104366334299288,0.166511183067721,2.76791925627752,0,0,14457007.8250362,0.0790000000000002,0,0,0,0,2.5480868638778,0.13235301735602,0.234905641977375,209
combined_phase2b,1.67570267264963,2.5842911868699,1.13723004354952,0,2.76570552820287,0.116882413163032,0.166511183067721,2.76791925627752,0,0,14457007.8250362,0.0810000000000002,0,0,0,17,2.57548889794136,0.146849433323692,0.234905641977375,209
physical_only,0.0456631352463493,0.0666259356222723,0.0301638572793683,0,0.373959840860927,0.0169363307825063,0.0812285281872263,0.375320025897109,0,0,17774771.2550827,2.22044604925031e-16,0,0,0,0,0.177883384151022,0.0459926453679244,0.119078374590472,210
combined_phase2b,0.0541314805353785,0.102313860131058,0.0273805076165789,0,0.386769927019848,0.0176250100937681,0.0812285281872263,0.375320025897109,0,0,17774771.2550827,2.22044604925031e-16,0,0,0,17,0.193564962121675,0.0447416853046164,0.119078374590472,210
physical_only,0.384592725663743,0.56559412741868,0.248915814557395,0,0.631113796346058,0.0250015601384061,0.0754897177529079,0.592388743468905,0,0,15447878.526743,0.042,0,0,0,0,0.45560017228934,0.04836698764794,0.12369223586563,211
combined_phase2b,0.402963410145714,0.620553878812644,0.242181154325827,0,0.630734855456714,0.0246734748601205,0.0754897177529079,0.592388743468905,0,0,15447878.526743,0.0410000000000001,0,0,0,17,0.704717307445902,0.0491242803377485,0.12369223586563,211
physical_only,0.261887429369647,0.632392904818544,0.199356981991664,0,2.03011177721013,0.0890814168804975,0.319261715167153,1.78011913039041,151,0,17199109.8580117,0.0640000000000001,0,0,0,0,0.570017526516464,0.111951757949296,0.366717881969704,212
combined_phase2b,0.265156895799858,0.695467015323947,0.311340685686585,0,2.00247639082736,0.0915660926016312,0.319261715167153,1.78011913039041,151,0,17199109.8580117,0.0670000000000002,0,0,0,17,0.665000558888821,0.114000743964675,0.366717881969704,212
physical_only,0.156930444482467,0.232957330758144,0.0989022422192352,0,0.550972915098982,0.0238661721654035,0.0564318298884215,0.534856855256225,0,0,11428296.1922014,0.0250000000000001,0,0,0,0,0.122767374430385,0.0476275011345339,0.103496486434429,213
combined_phase2b,0.184289136209068,0.306975091682126,0.146767733704183,0,0.607278357851625,0.0273146831703219,0.0564318298884215,0.534856855256225,0,0,11428296.1922014,0.036,0,0,0,17,0.379475987012698,0.0519549191525363,0.103496486434429,213
physical_only,0.144741825699517,0.215842317728846,0.092222315669367,0,0.434732648292544,0.0194909074393428,0.0757054310847879,0.414078899428323,0,0,23077073.0953621,0.016,0,0,0,0,0.326884791697456,0.0451832698611046,0.143520530295508,214
combined_phase2b,0.124949780189289,0.198611515036167,0.0812304390852476,0,0.41245266976347,0.018533465651945,0.0757054310847879,0.414078899428323,0,0,23077073.0953621,0.0130000000000001,0,0,0,17,0.295919655204406,0.0463854952555344,0.143520530295508,214
physical_only,0.0229480103310046,0.0724923224183197,0.0477205846940784,0,1.13889117832791,0.0540909661059083,0.0397388635988402,1.0752282442566,0,0,23229518.7916218,2.22044604925031e-16,0,0,0,0,0.151331596543118,0.0824152451033225,0.107386838713691,215
combined_phase2b,0.0582223241583545,0.161404102173176,0.144330207290426,0,1.21030471597369,0.0577944274222383,0.0397388635988402,1.0752282442566,0,0,23229518.7916218,0.018,0,0,0,17,0.22068100111572,0.0840948246333327,0.107386838713691,215
physical_only,1.34171866935224,1.96069932172404,0.854963602332088,0,2.91712651707661,0.126426000935133,0.072450783458452,3.25080997980257,0,0,8545161.71450878,0.0740000000000001,0,0,0,0,1.85014515403363,0.1381704234824,0.120580557721951,216
combined_phase2b,1.53187953196512,2.54424930573783,0.866086606655181,0,2.92452844322109,0.125192795923915,0.072450783458452,3.25080997980257,0,0,8545161.71450878,0.0740000000000001,0,0,0,17,2.51772103452185,0.141805528129533,0.120580557721951,216
physical_only,0.104158096371266,0.152397341495129,0.066477114316816,0,0.20448646655057,0.00865891322703654,0.0482416606682062,0.191258364148039,0,0,9083023.57232972,0.00900000000000012,0,0,0,0,0.0422464141059785,0.0317199902684701,0.0959359283990966,217
combined_phase2b,0.124791675091786,0.192559181090312,0.0720606502739259,0,0.216744899566483,0.00914230076968202,0.0482416606682062,0.191258364148039,0,0,9083023.57232972,0.012,0,0,0,17,0.299338208264919,0.0365769882860623,0.0959359283990966,217
physical_only,0.127472737640181,0.184878909788636,0.0799753459357886,0,0.847431125604098,0.0387779449035041,0.0660316998225924,0.837977286765301,0,0,7237907.31333601,0.022,0,0,0,0,0.296266579759166,0.0667107134088809,0.133956839149408,218
combined_phase2b,0.158547971485033,0.345561339199353,0.0731702564129455,0,0.850356541500509,0.0407848158690709,0.0660316998225924,0.837977286765301,0,0,7237907.31333601,0.0210000000000001,0,0,0,17,0.373943134584976,0.0663777270925313,0.133956839149408,218
physical_only,0.0266286593729509,0.0590877560662934,0.0294894934158153,0,0.0941148972367678,0.00345579258705518,0.0590563130262638,0.0811093575779582,0,0,13264533.0389658,2.22044604925031e-16,0,0,0,0,0.126184018339986,0.0307366258655132,0.106318211828151,219
combined_phase2b,0.0461674191815048,0.0817882319697967,0.0190182732657102,0,0.13054274579719,0.00528460228824748,0.0590563130262638,0.0811093575779582,0,0,13264533.0389658,2.22044604925031e-16,0,0,0,17,0.136554196918729,0.0338337355903255,0.106318211828151,219
physical_only,0.119438878564295,0.239426331516217,0.1588996160324,0,0.243570945714969,0.00885254391730852,0.170398809832205,0.285015364397483,0,0,7049289.42168281,0.034,0,0,0,0,0.139436383105661,0.0354641885755692,0.217724055941193,220
combined_phase2b,0.137719632502237,0.296228645064086,0.166898994315145,0,0.30467739619126,0.0109859875680547,0.170398809832205,0.285015364397483,0,0,7049289.42168281,0.0350000000000001,0,0,0,17,0.245925114397533,0.0409421527302261,0.217724055941193,220
physical_only,0.106701838183451,0.179288144563174,0.0733828040824762,0,0.210111452629437,0.00954083429739983,0.0724104402072305,0.213802176724591,0,0,25097753.9721457,0.00700000000000012,0,0,0,0,0.0709676571857267,0.0329921097863757,0.120235998570032,221
combined_phase2b,0.119876538232254,0.200438010579983,0.0664651644695677,0,0.210993134265908,0.00947449981293552,0.0724104402072305,0.213802176724591,0,0,25097753.9721457,0.00600000000000001,0,0,0,17,0.323183548829737,0.0409498280802934,0.120235998570032,221
physical_only,0.13359245739009,0.210397178759779,0.0977943882673119,0,0.198562672969184,0.00731673642963755,0.0538618101362917,0.263650034472076,0,0,9604431.90457121,0.0170000000000001,0,0,0,0,0.321531610731576,0.0373458891369111,0.120822504033593,222
combined_phase2b,0.125870662590089,0.197138060343061,0.0929102308948094,0,0.2370420017383,0.00906621511071885,0.0538618101362917,0.263650034472076,0,0,9604431.90457121,0.016,0,0,0,17,0.298705701879166,0.0402526161339026,0.120822504033593,222
physical_only,0.615141103498827,1.01689478331892,0.369060188034412,0,1.0250147715843,0.0480546509608136,0.243015487417474,1.02542873224973,105,0,14607691.8421537,0.0700000000000001,0,0,0,0,0.907574619103379,0.0685515066268446,0.291349881392907,223
combined_phase2b,0.644146248620427,1.0694538598428,0.363793870478321,0,1.01785640218824,0.0476921687553056,0.243015487417474,1.02542873224973,105,0,14607691.8421537,0.0700000000000001,0,0,0,17,1.11702513542474,0.0700216494472357,0.291349881392907,223
physical_only,0.343743291357202,0.779609459327923,0.526277784125845,0,2.61155539457298,0.111119461118198,0.507492048078868,2.27489578887375,197,0,11130662.734618,0.0970000000000002,0,0,0,0,0.890196242116673,0.138362489373962,0.574612363524617,224
combined_phase2b,0.392749713933246,0.782221688385846,0.753177844475368,0,2.7609216343948,0.118794733903464,0.507492048078868,2.27489578887375,197,0,11130662.734618,0.102,0,0,0,17,0.832796212168314,0.142259837502381,0.574612363524617,224
physical_only,0.2032981885362,0.439252650949698,0.258953482805342,0,2.33976208863023,0.101900690768842,0.126568186471912,1.95213635797139,0,0,17690238.1454241,0.0970000000000002,0,0,0,0,0.511790601670018,0.126095316819776,0.192394533589071,225
combined_phase2b,0.184539692751757,0.440441792282639,0.255336050362864,0,2.34885186841453,0.105478703999902,0.126568186471912,1.95213635797139,0,0,17690238.1454241,0.0970000000000002,0,0,0,17,0.468558694678205,0.138719239101937,0.192394533589071,225
physical_only,0.436788254770482,0.639843858273063,0.273703238017523,0,1.39669178123458,0.0635585361639649,0.0973900356968592,1.37248847412257,0,0,9546896.51994286,0.052,0,0,0,0,0.529353312402825,0.0793748470581481,0.143279626289737,226
combined_phase2b,0.433517016152802,0.728853498718938,0.188371353008292,0,1.28228401038117,0.0558332516573602,0.0973900356968592,1.37248847412257,0,0,9546896.51994286,0.044,0,0,0,17,0.812740030786931,0.07442898130322,0.143279626289737,226
physical_only,0.0117830229857556,0.0203225939694325,0.00419564503618067,0,0.0411702007315797,0.00169502337597109,0.0169522851527235,0.0393860543553978,0,0,7651881.01560257,2.22044604925031e-16,0,0,0,0,0.130961129277354,0.0324899283450352,0.085435699195931,227
combined_phase2b,0.0234060788531425,0.0463480562336155,0.00381600325078762,0,0.0600398107888356,0.00255242064697209,0.0169522851527235,0.0393860543553978,0,0,7651881.01560257,2.22044604925031e-16,0,0,0,17,0.127128537189767,0.0378118966190538,0.085435699195931,227
physical_only,0.0381635986517399,0.0837524217724557,0.062072849596537,0,0.206156443263674,0.00828565187239079,0.141423873530285,0.154635249990431,0,0,8723210.42750571,0.012,0,0,0,0,0.170315920254034,0.0395172113566631,0.204233035776159,228
combined_phase2b,0.0537505989541158,0.118399995167321,0.0288468067243013,0,0.247278825469391,0.00995352302204968,0.141423873530285,0.154635249990431,0,0,8723210.42750571,2.22044604925031e-16,0,0,0,17,0.189580305044964,0.0446687381689995,0.204233035776159,228
physical_only,0.107227087335488,0.25522412957287,0.118359486950331,0,0.204553689045869,0.00715282029827209,0.0372976548991421,0.293838912560043,0,0,18660349.517619,0.0570000000000002,0,0,0,0,0.363629842606771,0.0347419505765206,0.105755037978826,229
combined_phase2b,0.111347588253836,0.276169282664157,0.0960493416378697,0,0.263746580930685,0.00937873517731398,0.0372976548991421,0.293838912560043,0,0,18660349.517619,0.056,0,0,0,17,0.213572913297252,0.0377425483636002,0.105755037978826,229
physical_only,3.15847154632549,4.66849590513045,2.01488622250158,0,11.3304951227908,0.504674707300867,0.455571199940587,11.1159465382304,143,0,7527445.48652358,NaN,1,0,0,0,4.77957564670413,0.527284444591223,0.517547356978984,230
combined_phase2b,3.83486663894829,6.7294546164753,1.58336806807627,0,11.1749814482701,0.475630049442792,0.455571199940587,11.1159465382304,143,0,7527445.48652358,NaN,1,0,0,17,6.73408163811379,0.497656382998817,0.517547356978984,230
physical_only,0.0446910950613088,0.0666067660643081,0.0270221928988706,0,0.152613421727084,0.00659779037282343,0.0676020386639214,0.145820188884598,0,0,11162663.3637467,2.22044604925031e-16,0,0,0,0,0.0492552623735446,0.031835094642387,0.116177957240759,231
combined_phase2b,0.062300230430191,0.0882918035543978,0.0195735098964085,0,0.159305030904193,0.00644388057108103,0.0676020386639214,0.145820188884598,0,0,11162663.3637467,2.22044604925031e-16,0,0,0,17,0.205862903450493,0.0406815445225643,0.116177957240759,231
physical_only,1.05098832982664,1.61478103044255,0.739440671755964,0,4.72607720951758,0.209872849628634,0.412438863017624,4.46402605505412,140,0,12227454.3504587,NaN,1,0,0,0,1.50496427682354,0.21368242916156,0.45847861971756,232
combined_phase2b,1.04535157544801,1.76556966118257,0.567019051019262,0,4.43043056214528,0.193472674559275,0.412438863017624,4.46402605505412,140,0,12227454.3504587,NaN,1,0,0,17,1.82271346285699,0.202317708027928,0.45847861971756,232
physical_only,1.07710406794471,1.57662432097527,0.6874679945943,0,2.76891209416607,0.118713390608071,0.288597884375564,2.63854635848663,96,0,7204177.82423971,0.0700000000000001,0,0,0,0,1.46616104634665,0.129672646763658,0.324753921142428,233
combined_phase2b,1.11918913125589,1.77186710043596,0.638328252175433,0,2.80923032550532,0.119518839738328,0.288597884375564,2.63854635848663,96,0,7204177.82423971,0.0680000000000001,0,0,0,17,1.73306314647305,0.131745932437325,0.324753921142428,233
physical_only,0.132552825487101,0.193634737922972,0.0844331646523461,0,0.348411124747868,0.0153647767637173,0.0797449396330732,0.334538145289444,0,0,8426862.77340729,0.0170000000000001,0,0,0,0,0.0834902645031113,0.0365482043770036,0.122335684085302,234
combined_phase2b,0.150962238195947,0.23290597392818,0.0689430132436789,0,0.347360486480371,0.0144925284042476,0.0797449396330732,0.334538145289444,0,0,8426862.77340729,0.01,0,0,0,17,0.334735684427251,0.0400980753094797,0.122335684085302,234
physical_only,0.0771127032690598,0.117453581704092,0.0511267215290732,0,0.318842769705098,0.0142688881088671,0.266170961834635,0.304027629670894,76,0,25861200.8766396,0.00200000000000022,0,0,0,0,0.228529068668121,0.0448535394417509,0.32058505786266,235
combined_phase2b,0.0663457334931669,0.104318556142575,0.0360002999811154,0,0.303569507088533,0.0137108733733678,0.266170961834635,0.304027629670894,76,0,25861200.8766396,2.22044604925031e-16,0,0,0,17,0.210557381408633,0.0449027906932931,0.32058505786266,235
physical_only,0.548836917761599,1.00605296218223,0.207034460055806,0,1.9456370069337,0.0839398938959237,0.182040109846301,1.67999560339484,0,0,12725002.7749743,0.0860000000000001,0,0,0,0,1.11740349529399,0.113742793824904,0.248858705559022,236
combined_phase2b,0.564155420512573,1.00847856661675,0.336719352442692,0,1.9428478172379,0.088624629463602,0.182040109846301,1.67999560339484,0,0,12725002.7749743,0.0890000000000002,0,0,0,17,1.10556678981526,0.118416706799551,0.248858705559022,236
physical_only,0.264565757367734,0.848122137936944,0.648297865815036,0,10.4602449953455,0.493027119104966,0.590727340834963,9.66565183395873,236,0,9960194.07332275,0.113,0,0,0,0,0.821939622068509,0.509076996697711,0.65852227235524,237
combined_phase2b,0.413327718927635,1.26640823586658,1.20551389954103,0,10.7078380429959,0.510734543160851,0.590727340834963,9.66565183395873,236,0,9960194.07332275,0.139,0,0,0,17,1.20844518950606,0.498607636388014,0.65852227235524,237
physical_only,0.450585554800085,0.694420307293309,0.311967197340643,0,1.4927853517039,0.0639176033405742,0.12379561384,1.40239938443988,0,0,17215286.543046,0.0710000000000002,0,0,0,0,0.583362509513926,0.0872950062040996,0.172359646983957,238
combined_phase2b,0.467496233795848,0.754269032742203,0.237143161832454,0,1.41641824703762,0.0606844637225065,0.12379561384,1.40239938443988,0,0,17215286.543046,0.0690000000000002,0,0,0,17,0.833736317302078,0.0827756446030854,0.172359646983957,238
physical_only,0.0366448031483443,0.0541212463372111,0.0234455669143636,0,0.0713210599262584,0.00282748160437434,0.0339747953863103,0.0700671794175963,0,0,21130876.3008701,2.22044604925031e-16,0,0,0,0,0.165497326379701,0.0337295192762873,0.101801076830502,239
combined_phase2b,0.0341822085574107,0.0463480562336155,0.0214891328166389,0,0.0842805114203155,0.00342340443129715,0.0339747953863103,0.0700671794175963,0,0,21130876.3008701,2.22044604925031e-16,0,0,0,17,0.152902802369136,0.0368587627241101,0.101801076830502,239
physical_only,3.19312959319701,4.670964778248,2.03747668412405,0,5.27196723516744,0.220120131884803,0.111496379801403,4.92478502273719,0,0,21832482.8383645,NaN,1,0,0,0,4.56005337323466,0.231232097142949,0.159851766665956,240
combined_phase2b,3.29993469932223,4.86416448512573,2.08508875356407,0,5.43242647071408,0.224193386659497,0.111496379801403,4.92478502273719,0,0,21832482.8383645,NaN,1,0,0,17,4.94128855689375,0.23743105557129,0.159851766665956,240
physical_only,0.531761420604666,1.50787749507,0.390964854844637,0,6.35798694129249,0.288370532184426,0.145906019619784,5.54143351121118,0,0,16914810.0617905,0.0870000000000002,0,0,0,0,1.56716723170276,0.300908335737517,0.211277861358154,241
combined_phase2b,0.614629418272517,1.60382991476646,1.25144953282635,0,6.417710714771,0.292312564046364,0.145906019619784,5.54143351121118,0,0,16914810.0617905,0.0550000000000002,0,0,0,17,1.63084998911201,0.294833407115243,0.211277861358154,241
physical_only,0.375283086895985,0.688751808405094,0.254636997855135,0,1.4374529829386,0.0600183065542844,0.0591299058032628,1.43864155628233,0,0,8354462.55684082,0.0840000000000001,0,0,0,0,0.799586617949154,0.0863615816235627,0.127386890987591,242
combined_phase2b,0.337496191009942,0.629146149688837,0.163432865013661,0,1.52829467405612,0.0651296210343511,0.0591299058032628,1.43864155628233,0,0,8354462.55684082,0.0860000000000001,0,0,0,17,0.729583296312424,0.0935724298490516,0.127386890987591,242
physical_only,0.573473177335497,0.838485404196149,0.365739764116913,0,0.924314282057114,0.0392384612479666,0.124730981459815,0.847120883082787,0,0,16804935.6383775,0.0530000000000002,0,0,0,0,0.728054874364292,0.0548661243041248,0.173093625461335,243
combined_phase2b,0.600919902128108,0.893382085252138,0.385785333980386,0,0.95736150203059,0.0395169165895649,0.124730981459815,0.847120883082787,0,0,16804935.6383775,0.054,0,0,0,17,0.997195895810997,0.0579873789108022,0.173093625461335,243
physical_only,0.0111661788070646,0.0178165132957654,0.00787980896037192,0,0.701028491415368,0.0329811328694201,0.0263860263091717,0.693186202900821,0,0,10666556.101473,2.22044604925031e-16,0,0,0,0,0.129204183266296,0.0618516927802785,0.0946932822843454,244
combined_phase2b,0.113807525075166,0.322860525451326,0.113272447507,0,0.931595771195718,0.0427243178481109,0.0263860263091717,0.693186202900821,0,0,10666556.101473,0.0190000000000001,0,0,0,17,0.396361859581162,0.0708846785204955,0.0946932822843454,244
physical_only,0.485108462016318,0.82521385425659,0.428584285310695,0,1.5412147214611,0.0701570613766746,0.229313652523155,1.54606230822302,53,0,12651848.0710402,0.044,0,0,0,0,0.713997745544068,0.0911719139814595,0.277016261813651,245
combined_phase2b,0.546975263142033,0.918009425404509,0.515266528138937,0,1.53151474396076,0.0721362582596333,0.229313652523155,1.54606230822302,53,0,12651848.0710402,0.0470000000000002,0,0,0,17,1.02882635376688,0.0938930694521599,0.277016261813651,245
physical_only,0.209733330120647,0.308016071300216,0.133378631038521,0,0.408863427155658,0.0172402372005905,0.0701221958029283,0.380230973838658,0,0,7506071.88697923,0.0290000000000001,0,0,0,0,0.419337495404239,0.0490878803519489,0.138605753552397,246
combined_phase2b,0.19786319155315,0.303397102557829,0.119711411461395,0,0.38746219288417,0.0166354518007451,0.0701221958029283,0.380230973838658,0,0,7506071.88697923,0.0270000000000001,0,0,0,17,0.387899870370291,0.0465109493747105,0.138605753552397,246
physical_only,0.0697200184875474,0.103230372151059,0.0444134953829859,0,0.355708073565668,0.0161666556799065,0.072663332097619,0.346320310378893,0,0,11478866.6324614,2.22044604925031e-16,0,0,0,0,0.214344606467175,0.0454313889625622,0.141087539865521,247
combined_phase2b,0.0645442742356329,0.132448236657863,0.0276802534192284,0,0.354805465508803,0.0157577142942057,0.072663332097619,0.346320310378893,0,0,11478866.6324614,2.22044604925031e-16,0,0,0,17,0.181365902413104,0.0489073356372107,0.141087539865521,247
physical_only,0.580956586474238,0.851531347293642,0.37428656771077,0,2.69970491703897,0.121359503876839,0.0926652915809752,2.61820345018918,0,0,22643191.467676,0.054,0,0,0,0,0.740294870614788,0.128135187392015,0.139151156761126,248
combined_phase2b,0.659164433328547,1.1121781569738,0.388553632597408,0,2.83934667576644,0.124454512545145,0.0926652915809752,2.61820345018918,0,0,22643191.467676,0.056,0,0,0,17,1.0690718687064,0.129613790650076,0.139151156761126,248
physical_only,0.222114116775511,0.325470619695432,0.141723735896957,0,0.660856129367526,0.0286801766999257,0.275524423079216,0.635272153475018,92,0,14398052.2909354,0.034,0,0,0,0,0.436564790113572,0.0559115865651438,0.343287033832423,249
combined_phase2b,0.22377169839885,0.377912812327917,0.202872694486934,0,0.712333501570237,0.0327996948408769,0.275524423079216,0.635272153475018,92,0,14398052.2909354,0.044,0,0,0,17,0.435894144141933,0.0586632103535757,0.343287033832423,249
physical_only,0.222184704929637,0.395780400057636,0.068812256549322,0,0.684597750328044,0.0277976333428894,0.0940512590635766,0.623699695775717,0,0,11866870.9158086,0.00300000000000011,0,0,0,0,0.504888307116748,0.0583260378486876,0.161860016651093,250
combined_phase2b,0.217598888247273,0.403956887864658,0.0534696820381129,0,0.628213654990646,0.0255903829536494,0.0940512590635766,0.623699695775717,0,0,11866870.9158086,0.00100000000000011,0,0,0,17,0.504099266197249,0.0548526416964345,0.161860016651093,250
physical_only,0.934109880653835,1.36815508879191,0.597015346097005,0,1.78031071516744,0.077342146144825,0.109080493425419,1.66832370980567,0,0,17044396.5247839,0.0610000000000002,0,0,0,0,1.47878676216099,0.0863375569329584,0.177492584264925,251
combined_phase2b,0.941164438231814,1.53864043440713,0.552479755102449,0,1.68239386095851,0.0734800086616203,0.109080493425419,1.66832370980567,0,0,17044396.5247839,0.0600000000000001,0,0,0,17,1.56064600566688,0.095057458423261,0.177492584264925,251
physical_only,0.312178872978464,0.581862792246183,0.286931528768956,0,0.605582962585942,0.0220262893445451,0.1932026353878,0.681778199000547,0,0,8204461.15838593,0.0310000000000001,0,0,0,0,0.689640317970099,0.052038491652316,0.261687319771636,252
combined_phase2b,0.304445701449779,0.653272327853304,0.268981680429841,0,0.572539652791906,0.0212524794650703,0.1932026353878,0.681778199000547,0,0,8204461.15838593,0.0310000000000001,0,0,0,17,0.619825885764086,0.0508075505725924,0.261687319771636,252
physical_only,0.0573344473222463,0.128019242708066,0.0933371109945289,0,0.680222682192564,0.0299214568211134,0.0871734988560671,0.619343468974617,0,0,10599284.4939706,0.026,0,0,0,0,0.239382991124167,0.0571697224512066,0.154488658127906,253
combined_phase2b,0.069671413341248,0.186599166484863,0.183894177698409,0,0.701385328322172,0.031282544762222,0.0871734988560671,0.619343468974617,0,0,10599284.4939706,0.0430000000000001,0,0,0,17,0.226390291569048,0.060269583233096,0.154488658127906,253
physical_only,1.2438277371137,2.07458734453799,1.08732403485069,0,1.26311813146486,0.056386013972696,0.0671024007875059,2.10061213361184,0,0,7000422.02163146,0.0880000000000001,0,0,0,0,2.18120997481497,0.0875003095946409,0.135389142219675,254
combined_phase2b,1.25690772630716,2.32237023857899,1.0083809365222,0,1.46489537478059,0.0584753815343932,0.0671024007875059,2.10061213361184,0,0,7000422.02163146,0.0870000000000002,0,0,0,17,2.31089806332852,0.0882078371007238,0.135389142219675,254
physical_only,0.119392830229206,0.271362816013605,0.192046307742462,0,0.727131906171354,0.0305138474284122,0.130327733724578,0.575854544202509,0,0,18316303.617828,0.0810000000000002,0,0,0,0,0.265936597217563,0.0576381056466459,0.183305230980145,255
combined_phase2b,0.127184596908853,0.319536221658832,0.184100709915961,0,0.816520414949832,0.0352843327506262,0.130327733724578,0.575854544202509,0,0,18316303.617828,0.0810000000000002,0,0,0,17,0.346617039134396,0.0687907630546613,0.183305230980145,255
physical_only,1.03690413004725,1.58202363788788,0.621303567204842,0,2.40585025451758,0.10745094263633,0.0696134590167047,2.57300715105393,0,0,18030715.0779655,0.054,0,0,0,0,1.47143074376198,0.121042269266678,0.116994681507913,256
combined_phase2b,1.09310946805231,1.68409747471608,0.798553818504213,0,2.49140312138735,0.109701221705734,0.0696134590167047,2.57300715105393,0,0,18030715.0779655,0.0640000000000001,0,0,0,17,1.73111514115011,0.129967918259306,0.116994681507913,256
physical_only,0.0516334912371132,0.0825305648752506,0.0395953893566078,0,0.0826633509334885,0.00387771752497472,0.0482461503932586,0.0830619799841363,0,0,8287339.07851062,2.22044604925031e-16,0,0,0,0,0.0422315377690594,0.02974785710032,0.0968447725578726,257
combined_phase2b,0.0688539726248101,0.100509900377413,0.0392397865550058,0,0.0769953711506896,0.00359113512052501,0.0482461503932586,0.0830619799841363,0,0,8287339.07851062,2.22044604925031e-16,0,0,0,17,0.223250728442661,0.0369864728912569,0.0968447725578726,257
physical_only,0.833147887005067,1.30391856166664,0.526672053429586,0,17.6932895060586,0.833606942570873,0.753337993664346,17.7970310091294,246,0,9917221.94805776,0.0880000000000001,0,0,0,0,1.41400406506778,0.849396647569997,0.818046692299139,258
combined_phase2b,1.24365547568493,2.47185184184759,0.984593326842535,0,18.1150536310841,0.844062862451694,0.753337993664346,17.7970310091294,246,0,9917221.94805776,0.0930000000000002,0,0,0,17,2.59525158196088,0.87295204327904,0.818046692299139,258
physical_only,1.78779658604404,2.87151606017146,0.902577987883242,0,3.45300871944941,0.146767205199129,0.0790797913757725,3.03751794392326,0,0,7219824.28522672,0.0670000000000002,0,0,0,0,2.98257536230096,0.172260678997803,0.147383128471532,259
combined_phase2b,1.80470658253336,3.01065660488996,1.04223546949688,0,3.47982520649434,0.151807574016131,0.0790797913757725,3.03751794392326,0,0,7219824.28522672,0.0720000000000001,0,0,0,17,2.9713541976068,0.177764489079882,0.147383128471532,259
physical_only,0.254749867032791,0.375643984294444,0.163808767151541,0,1.05951605004446,0.0478589728314599,0.275712736175768,1.03704026971214,74,0,9179596.22748837,0.0290000000000001,0,0,0,0,0.487031654264974,0.0756489333628614,0.334616298125786,260
combined_phase2b,0.186912147060443,0.344080137059311,0.126928893623142,0,1.03827748371248,0.0469033498225359,0.275712736175768,1.03704026971214,74,0,9179596.22748837,0.0250000000000001,0,0,0,17,0.455650657305164,0.0710149279019122,0.334616298125786,260
physical_only,0.282902590575747,0.41788576916992,0.179540494722999,0,0.815833185446902,0.0362968440431952,0.413475695151102,0.804566015378532,136,0,6723070.14397033,0.0390000000000001,0,0,0,0,0.528972485446164,0.0675220893031769,0.481978509810952,261
combined_phase2b,0.265823558741174,0.498179535452272,0.132703738697793,0,0.784931739177125,0.0347729077536632,0.413475695151102,0.804566015378532,136,0,6723070.14397033,0.0310000000000001,0,0,0,17,0.5886471421614,0.0621728350528464,0.481978509810952,261
physical_only,0.278350133301503,0.407420921459121,0.176901036170775,0,0.815685552366421,0.0369329548938486,0.172456621855171,0.787565189687449,0,0,13132902.2650117,0.042,0,0,0,0,0.296902399006395,0.0584508971966826,0.220576989935487,262
combined_phase2b,0.30218632847635,0.504655140443636,0.215161204935447,0,0.852849944370115,0.0375452931225184,0.172456621855171,0.787565189687449,0,0,13132902.2650117,0.046,0,0,0,17,0.509566075170013,0.0621855291047327,0.220576989935487,262
physical_only,0.438873791974992,0.640672448562745,0.279462632707735,0,1.18352013143448,0.0520371756846513,0.34564517859367,1.14508831979415,115,0,7670772.42946428,0.0410000000000001,0,0,0,0,0.530482492234986,0.0687832509657039,0.393928355599813,263
combined_phase2b,0.433691902578852,0.714748312296287,0.238636638495136,0,1.16520181519442,0.0499954400572251,0.34564517859367,1.14508831979415,115,0,7670772.42946428,0.0350000000000001,0,0,0,17,0.740257677391282,0.0694697247129413,0.393928355599813,263
physical_only,0.46384152063622,0.67798780078322,0.295666998914456,0,0.96846888479321,0.0426200242863507,0.0379912225547343,0.913105124425324,0,0,20569220.1263559,0.048,0,0,0,0,0.567624462607064,0.060800351859804,0.0862886770101611,264
combined_phase2b,0.481992671352356,0.731531731606865,0.342419403063974,0,1.02983169739491,0.0448584557412558,0.0379912225547343,0.913105124425324,0,0,20569220.1263559,0.052,0,0,0,17,0.802620693838327,0.0591104707458933,0.0862886770101611,264
physical_only,0.0437670559990201,0.0639383649126925,0.0278907503072391,0,0.113788818494619,0.00507685782494382,0.0810217041972347,0.108421801813505,0,0,10778301.503759,2.22044604925031e-16,0,0,0,0,0.17529819143516,0.0355941060537779,0.148770552794675,265
combined_phase2b,0.0404704990546622,0.0707000014475495,0.0254469174792468,0,0.114996780362287,0.00490774168815623,0.0810217041972347,0.108421801813505,0,0,10778301.503759,2.22044604925031e-16,0,0,0,17,0.171112890153986,0.0384466934704009,0.148770552794675,265
physical_only,0.328097039380135,0.480376385357685,0.209492546232597,0,0.710035966663401,0.0310142579254626,0.238609096049837,0.652040763753581,100,0,19157671.0761891,0.042,0,0,0,0,0.591764055328215,0.0557092403141989,0.301432535472363,266
combined_phase2b,0.340020403012794,0.536340902814204,0.238015997834484,0,0.756590434526795,0.0334661184292636,0.238609096049837,0.652040763753581,100,0,19157671.0761891,0.046,0,0,0,17,0.613733650223416,0.0544654407093359,0.301432535472363,266
physical_only,1.50782826832337,2.20191678788808,0.960098068778271,0,5.68580196520074,0.256628775770332,0.312842099820402,5.48463417069312,91,0,10274923.6363337,0.0730000000000002,0,0,0,0,2.3128823992747,0.283170304536791,0.369673503579165,267
combined_phase2b,1.17178691762286,2.14583154960888,0.332547569887494,0,5.49430260379591,0.257443110940972,0.312842099820402,5.48463417069312,91,0,10274923.6363337,0.054,0,0,0,17,2.13225195803397,0.245887262078316,0.369673503579165,267
physical_only,0.0253806921508362,0.0412865894454116,0.0213310558700061,0,0.111031183097999,0.00481413408843573,0.099509884095905,0.107371927451059,0,0,6871245.37780828,2.22044604925031e-16,0,0,0,0,0.152488282269623,0.0353018484122755,0.164901953461443,268
combined_phase2b,0.0265724588799571,0.0463480562336155,0.0306182655067562,0,0.11775248274313,0.00483323583764082,0.099509884095905,0.107371927451059,0,0,6871245.37780828,2.22044604925031e-16,0,0,0,17,0.14373075064357,0.0405039351622056,0.164901953461443,268
physical_only,3.79597137896971,5.7534933632717,2.55524320629554,0,5.80815971620995,0.270442633752419,0.244614894309649,5.83744016671142,141,0,9662274.34989431,NaN,1,0,0,0,5.64233933783921,0.279251183365757,0.29314774184028,269
combined_phase2b,3.88043154917173,6.06284205883621,2.64311527409207,0,5.89140324931173,0.273046592144838,0.244614894309649,5.83744016671142,141,0,9662274.34989431,NaN,1,0,0,17,6.09420865868126,0.292782552938291,0.29314774184028,269
physical_only,6.4104532965483,9.37505029342413,4.08887463535291,0,10.3667860635062,0.434559455469036,0.214121754881823,9.49657603138634,93,0,16120706.0131046,NaN,1,0,0,0,9.26406215820587,0.45712326808558,0.262397941405379,270
combined_phase2b,6.51500499516145,9.83225540798483,4.13792451501147,0,10.2736386873246,0.430987581685861,0.214121754881823,9.49657603138634,93,0,16120706.0131046,NaN,1,0,0,17,9.85176673307107,0.455122081273059,0.262397941405379,270
physical_only,0.323064664023577,0.735603505528007,0.589281428346432,0,2.90580898639904,0.124048869646762,0.0702275992316951,2.49421849670332,0,0,21192054.1529976,0.109,0,0,0,0,0.846547999515423,0.151435676443727,0.137908083153443,271
combined_phase2b,0.338054096563705,0.756083342616321,0.822097932164831,0,2.92713311658404,0.130996507837258,0.0702275992316951,2.49421849670332,0,0,21192054.1529976,0.116,0,0,0,17,0.839559776353485,0.160118736355913,0.137908083153443,271
physical_only,0.0272896435444077,0.0411975797511616,0.017954005944794,0,1.01616976908421,0.0478668387369986,0.13915298169611,1.01440924262795,0,0,16342031.1458405,2.22044604925031e-16,0,0,0,0,0.152540185521076,0.0764275553246866,0.206962578493631,272
combined_phase2b,0.0838758457629543,0.223781643733053,0.0714257922893964,0,1.11527637193104,0.0539127404442764,0.13915298169611,1.01440924262795,0,0,16342031.1458405,0.018,0,0,0,17,0.263525755077501,0.0762752312845655,0.206962578493631,272
physical_only,0.166752528214368,0.244685288196909,0.106600503121211,0,1.57670894748222,0.0728207948712974,0.336931064913687,1.55231329287759,159,0,20723826.2609929,0.0270000000000001,0,0,0,0,0.134394419425515,0.0934477488949304,0.382376089140328,273
combined_phase2b,0.106523603442078,0.245760259703167,0.153590451632843,0,1.72419994650316,0.084158905077532,0.336931064913687,1.55231329287759,159,0,20723826.2609929,0.0330000000000001,0,0,0,17,0.309258809188184,0.105237601485983,0.382376089140328,273
physical_only,0.859502938375936,1.51324374944292,0.253396285400564,0,2.26827581283191,0.0953171624983031,0.139493357231258,1.95096244152506,0,0,25622270.6035837,0.022,0,0,0,0,1.40189321633116,0.117875871561796,0.187880880268874,274
combined_phase2b,0.868773710505444,1.54989501781278,0.408835378649709,0,2.31894195058352,0.101880897162124,0.139493357231258,1.95096244152506,0,0,25622270.6035837,0.04,0,0,0,17,1.63500628422456,0.125252947091947,0.187880880268874,274
physical_only,0.0842408896361748,0.123208706092935,0.0537668489037108,0,0.13481517233086,0.00552386547247414,0.0844890194558526,0.125323355056463,0,0,7534660.67460623,0.00300000000000011,0,0,0,0,0.234590287999893,0.0370267171845641,0.152312053958319,275
combined_phase2b,0.0782631125869441,0.113417516806548,0.0510425213643998,0,0.139689764983344,0.00618254091708855,0.0844890194558526,0.125323355056463,0,0,7534660.67460623,0.00100000000000011,0,0,0,17,0.220388719924131,0.0370195374352831,0.152312053958319,275
physical_only,0.0592323462281068,0.113766585154448,0.0670590401937014,0,0.136637459473159,0.00534671130043917,0.147288977685449,0.165268945614546,0,0,17956524.1638877,0.018,0,0,0,0,0.224363356840792,0.0337157897050327,0.215788094828914,276
combined_phase2b,0.0564659111345883,0.104902228205053,0.0500454602323594,0,0.167032896288035,0.00644272318339159,0.147288977685449,0.165268945614546,0,0,17956524.1638877,0.00100000000000011,0,0,0,17,0.214295005259242,0.0405764931701754,0.215788094828914,276
physical_only,0.316764810650071,0.463508117406411,0.201673910384498,0,0.676796659603129,0.0289378863561167,0.033525343418571,0.65122978805563,0,0,24964281.8714637,0.0350000000000001,0,0,0,0,0.352917591623868,0.0526610038644113,0.0821501197318946,277
combined_phase2b,0.357130391639719,0.546496515306094,0.233889311631276,0,0.725511795289776,0.0298768980600211,0.033525343418571,0.65122978805563,0,0,24964281.8714637,0.0390000000000001,0,0,0,17,0.629815603629304,0.0526276920318798,0.0821501197318946,277
physical_only,0.333441240839301,0.517400294698688,0.243005869351536,0,2.08500503011173,0.0923534194249493,0.0792492680399774,2.06233472949401,0,0,13085485.2169347,0.0590000000000002,0,0,0,0,0.406052145835766,0.112602481317084,0.127191265658125,278
combined_phase2b,0.348729527846614,0.5947391876387,0.344427630486313,0,2.22903522353475,0.0995036283042294,0.0792492680399774,2.06233472949401,0,0,13085485.2169347,0.0640000000000001,0,0,0,17,0.617883155389186,0.116258936240547,0.127191265658125,278
physical_only,1.06868860869464,1.56177927953363,0.673994591681355,0,5.57266150812069,0.253485793293131,0.385660691178887,5.46930232290638,124,0,22279314.731453,0.0640000000000001,0,0,0,0,1.4503916095631,0.250526343568205,0.432143139386766,279
combined_phase2b,1.22488963437981,1.97327845568843,1.0541436172094,0,5.94571160209321,0.277007134559303,0.385660691178887,5.46930232290638,124,0,22279314.731453,0.0740000000000001,0,0,0,17,1.96431548542251,0.277778982768905,0.432143139386766,279
physical_only,0.0593340506556755,0.153738059431896,0.0812177129535744,0,1.07202246459403,0.0488038810635349,0.402834346654892,0.919633535874521,194,0,7260768.94839974,0.00600000000000001,0,0,0,0,0.201529595951048,0.0701473152013728,0.451440327015548,280
combined_phase2b,0.0874803163787286,0.218143467760256,0.196437632085775,0,1.07723172969947,0.0485111058141806,0.402834346654892,0.919633535874521,194,0,7260768.94839974,0.022,0,0,0,17,0.312624085475429,0.073569773278471,0.451440327015548,280
physical_only,4.04489940709815,5.90969453235821,2.57204427638337,0,7.9375830717071,0.344013078901461,0.17032746999535,7.37999646775252,0,0,16083857.3034678,NaN,1,0,0,0,6.02088962426212,0.354320813527316,0.238825119830451,281
combined_phase2b,4.14338879180804,6.81447305384032,2.50824014342833,0,7.63380819261324,0.332092271181052,0.17032746999535,7.37999646775252,0,0,16083857.3034678,NaN,1,0,0,17,6.79455453873714,0.347172936587103,0.238825119830451,281
physical_only,1.64170587264796,3.50482126077748,1.37079343495676,0,3.52688896099517,0.165445496441281,0.082981278458457,4.00936142196318,0,0,20469373.9915653,NaN,1,0,0,0,3.61436376645033,0.193129993903149,0.151448506396325,282
combined_phase2b,1.70526910371646,3.86277843151363,1.14352654664091,0,3.32951307771922,0.15589336503358,0.082981278458457,4.00936142196318,0,0,20469373.9915653,NaN,1,0,0,17,3.80300604670134,0.153638178621514,0.151448506396325,282
physical_only,0.197151201964192,0.318042676398824,0.154039957003772,0,1.0897735046272,0.0492380621390021,0.296083725613244,1.05920701051734,90,0,22986875.8915449,0.024,0,0,0,0,0.428629459187573,0.0764767472198862,0.363582253472808,283
combined_phase2b,0.208315903711565,0.349972138174982,0.0931568532873067,0,1.0773647344599,0.0501689585630285,0.296083725613244,1.05920701051734,90,0,22986875.8915449,0.0110000000000001,0,0,0,17,0.425953901674926,0.077373667151422,0.363582253472808,283
physical_only,1.47467869343099,2.15604912948015,0.941457702621611,0,2.89104357515907,0.126180376628383,0.0946558145792553,2.761696870379,0,0,10413708.4603865,0.0720000000000001,0,0,0,0,2.04466145950962,0.141164671027563,0.142638866743894,284
combined_phase2b,1.40134968857713,2.16099471871802,0.855167799168977,0,2.71235144733895,0.110093434586752,0.0946558145792553,2.761696870379,0,0,10413708.4603865,0.0700000000000001,0,0,0,17,2.18294253292264,0.134733670568966,0.142638866743894,284
physical_only,0.11293650842755,0.209879058818047,0.0781734458399239,0,0.135255229729265,0.00591896308684435,0.131349486713915,0.217163492136223,0,0,15512438.6031767,0.03,0,0,0,0,0.10135525072889,0.0304961059138791,0.177728846304875,285
combined_phase2b,0.130882033144873,0.243191031479306,0.0699066775895924,0,0.140294632393284,0.00517440105210413,0.131349486713915,0.217163492136223,0,0,15512438.6031767,0.026,0,0,0,17,0.365432565245252,0.0398450565572777,0.177728846304875,285
physical_only,1.16098104684599,1.73241607913058,0.732830152731928,0,4.20502863267197,0.188392284043853,0.32859168530353,4.02790959142812,98,0,26122742.0743735,0.0870000000000002,0,0,0,0,1.84267311630744,0.188779880393948,0.396690503876985,286
combined_phase2b,1.07881006014433,1.81421964934382,0.436626628267704,0,4.06529753239627,0.18255250975015,0.32859168530353,4.02790959142812,98,0,26122742.0743735,0.0860000000000001,0,0,0,17,1.77259519608013,0.17361042317712,0.396690503876985,286
physical_only,0.283836229230344,0.415173731689941,0.181082539854794,0,0.449121797784467,0.0188090712699769,0.12934562541506,0.409298541631561,0,0,10553501.9380579,0.0370000000000001,0,0,0,0,0.526550308112032,0.0480051529517962,0.197795317877401,287
combined_phase2b,0.276656532031112,0.415275907212123,0.1833572976592,0,0.438639401508342,0.0186301509098042,0.12934562541506,0.409298541631561,0,0,10553501.9380579,0.038,0,0,0,17,0.498635228515784,0.0458782054127683,0.197795317877401,287
physical_only,0.163650641228626,0.240382171917371,0.102841955269866,0,0.235873266729104,0.0108751212674824,0.196767947899633,0.237355705176382,0,0,11720805.3000252,0.0210000000000001,0,0,0,0,0.130258921706943,0.0341161222997564,0.245355530079513,288
combined_phase2b,0.180533573210916,0.273895039177236,0.105688978862296,0,0.23296562224476,0.0107186931558304,0.196767947899633,0.237355705176382,0,0,11720805.3000252,0.022,0,0,0,17,0.377682078845699,0.0368177810836125,0.245355530079513,288
physical_only,0.101876797669211,0.147793495894642,0.0638972836437033,0,0.629622423643108,0.0288898909152613,0.0305851829396833,0.621612806416101,0,0,14055941.2608801,0.00900000000000012,0,0,0,0,0.0376077665961827,0.0514537035318056,0.0854898351798653,289
combined_phase2b,0.06338382359991,0.116114632196013,0.0265037793542454,0,0.623505313168817,0.0295444429300338,0.0305851829396833,0.621612806416101,0,0,14055941.2608801,2.22044604925031e-16,0,0,0,17,0.191026154393538,0.0552080929230216,0.0854898351798653,289
physical_only,0.0051597392831092,0.00703769281669032,0.00296203680223734,0,0.381539143837913,0.017949809407621,0.0387463426079663,0.381150226601655,0,0,18622694.9285205,2.22044604925031e-16,0,0,0,0,0.104492493620555,0.0465168885624433,0.105974173728716,290
combined_phase2b,0.075506415026347,0.188009188041565,0.0391041051622013,0,0.522064141413096,0.025323361357577,0.0387463426079663,0.381150226601655,0,0,18622694.9285205,2.22044604925031e-16,0,0,0,17,0.201035255717477,0.0506364307721739,0.105974173728716,290
physical_only,0.121297160503009,0.179438449692309,0.0765919134221582,0,0.518924634558928,0.0235205530661635,0.0516694223778678,0.499873248354559,0,0,6780700.05169326,0.0230000000000001,0,0,0,0,0.069404259947312,0.0460843656827078,0.0987200279216234,291
combined_phase2b,0.130933394667344,0.23889269663067,0.041511234473079,0,0.502383213028377,0.0230735679002823,0.0516694223778678,0.499873248354559,0,0,6780700.05169326,2.22044604925031e-16,0,0,0,17,0.342072135855152,0.0471180419810855,0.0987200279216234,291
physical_only,0.136401705380593,0.248324063720751,0.109882843649893,0,0.62779848042213,0.0275279612653778,0.23306909674545,0.563702353341119,52,0,10901476.689958,0.0630000000000002,0,0,0,0,0.358292789021305,0.0593623611702296,0.300750615871402,292
combined_phase2b,0.121278834672387,0.215362295761102,0.135821020287244,0,0.6104084212958,0.0275721970872553,0.23306909674545,0.563702353341119,52,0,10901476.689958,0.0670000000000002,0,0,0,17,0.294965906974819,0.0581986049209931,0.300750615871402,292
physical_only,0.116745017833969,0.171003810498382,0.0746880929624121,0,0.210737031908584,0.00904480931431352,0.058211249066205,0.194407673697431,0,0,11814370.6604179,0.0130000000000001,0,0,0,0,0.282326321124526,0.0392927371174311,0.126506551735956,293
combined_phase2b,0.112391413348704,0.171732613341898,0.0752157659859282,0,0.202801844443814,0.00865589562124855,0.058211249066205,0.194407673697431,0,0,11814370.6604179,0.014,0,0,0,17,0.269495818736665,0.0376277259065952,0.126506551735956,293
physical_only,0.0934241623486052,0.135840548978546,0.0591120464607823,0,0.831864789736801,0.0384366307955026,0.292575554718132,0.836531463567093,109,0,20243557.8287675,0.00800000000000001,0,0,0,0,0.0256901278950568,0.0613598765033897,0.341202392900206,294
combined_phase2b,0.203970451273473,0.44825383512803,0.0373954901976556,0,1.01207635649453,0.0438799129930113,0.292575554718132,0.836531463567093,109,0,20243557.8287675,2.22044604925031e-16,0,0,0,17,0.535015909892308,0.0746670448267522,0.341202392900206,294
physical_only,3.64290508823429,7.3057432286427,4.22905735915978,0,46.2511001009534,2.10377603125588,1.53470530524809,45.0366777978664,273,0,16521858.068938,NaN,1,0,0,0,7.268298358258,2.13211840409325,1.58045646432686,295
combined_phase2b,4.48114201749239,12.1465913603696,6.99860597211701,0,53.3729298762978,2.41171585319711,1.53470530524809,45.0366777978664,273,0,16521858.068938,NaN,1,0,0,17,12.096445784244,2.41343804185209,1.58045646432686,295
physical_only,0.137523595544126,0.210275510340404,0.0940157247854611,0,0.184724833603164,0.00798198012112927,0.183463199147654,0.207958495269848,0,0,9651504.72349408,0.0250000000000001,0,0,0,0,0.100745129203724,0.0314869845230514,0.231953958338269,296
combined_phase2b,0.155086533271719,0.238430950772102,0.0945146752954334,0,0.200320082613196,0.00807725803714072,0.183463199147654,0.207958495269848,0,0,9651504.72349408,0.024,0,0,0,17,0.336743950245698,0.0361396313146746,0.231953958338269,296
physical_only,0.0495291928836417,0.0724248914567567,0.0316045876212666,0,0.107036565503561,0.00467510068453382,0.065142517397634,0.100075612836071,0,0,23864892.0814886,2.22044604925031e-16,0,0,0,0,0.0391397041398612,0.0298592023901405,0.112509113817957,297
combined_phase2b,0.0649173591032382,0.0959045676702403,0.0380048182649918,0,0.117557202145835,0.00529854882528576,0.065142517397634,0.100075612836071,0,0,23864892.0814886,2.22044604925031e-16,0,0,0,17,0.208103079615071,0.0369603285437057,0.112509113817957,297
physical_only,2.44392126734647,3.5979972378587,1.56709315631887,0,5.05213676333232,0.225311055808477,0.331659313068004,4.96589645412499,135,0,16238176.9354739,0.0630000000000002,0,0,0,0,3.70938651318461,0.25365736338695,0.398421638510137,298
combined_phase2b,2.46085401350228,3.86796193525096,1.5802693033041,0,5.04351210568967,0.231021642332716,0.331659313068004,4.96589645412499,135,0,16238176.9354739,0.0640000000000001,0,0,0,17,3.86026169584318,0.226260500848236,0.398421638510137,298
physical_only,0.127387839836413,0.185145598301026,0.0806016257329759,0,2.84918326356352,0.133712366153897,0.298416722449422,2.85628562788115,149,0,6633129.01967609,0.0210000000000001,0,0,0,0,0.0749291257629369,0.156004594641144,0.344515579281345,299
combined_phase2b,0.472981868013925,1.09717359920498,0.458067760113728,0,3.7400602588164,0.179751044298699,0.298416722449422,2.85628562788115,149,0,6633129.01967609,0.0640000000000001,0,0,0,17,1.04540777974115,0.200017740852271,0.344515579281345,299
physical_only,0.0301318816315027,0.0442627613340484,0.0187778294106267,0,0.0805630631982397,0.00358217382347208,0.0243151057449164,0.0762163107141279,0,0,19641906.8718059,2.22044604925031e-16,0,0,0,0,0.0677954604728808,0.0306450555291354,0.0727492342597741,300
combined_phase2b,0.0495448046889028,0.0687531429511064,0.0212097036684005,0,0.09106150969274,0.00401611246937454,0.0243151057449164,0.0762163107141279,0,0,19641906.8718059,2.22044604925031e-16,0,0,0,17,0.182787479471396,0.0369275736829562,0.0727492342597741,300
physical_only,0.0287229225955122,0.0398836763580498,0.0170087444841006,0,0.876735867182362,0.0410813446617536,0.0899691222792414,0.881409115516385,0,0,14885046.5551257,2.22044604925031e-16,0,0,0,0,0.0720872137877484,0.0675945422249085,0.151191070870838,301
combined_phase2b,0.112297696353985,0.317687270912683,0.0417625643630096,0,1.08557536230542,0.0506306235212155,0.0899691222792414,0.881409115516385,0,0,14885046.5551257,2.22044604925031e-16,0,0,0,17,0.250699495480758,0.0715906268923713,0.151191070870838,301
physical_only,0.872712730346587,1.27608605772006,0.556562098207161,0,1.47495759467962,0.0636515208947524,0.0802857272792069,1.35245622239632,0,0,15731973.8800273,0.0620000000000001,0,0,0,0,1.16562515052154,0.0823121701193132,0.128628592921225,302
combined_phase2b,0.90273602276509,1.35730318351334,0.58562520025101,0,1.50190449762583,0.0658030486503003,0.0802857272792069,1.35245622239632,0,0,15731973.8800273,0.0630000000000002,0,0,0,17,1.38289561456141,0.0860697452038727,0.128628592921225,302
physical_only,0.17772798449716,0.294637135990426,0.317269175078819,0,14.0746500745633,0.661571883625277,0.760979717018703,14.0600105890403,246,0,15328719.1178621,0.107,0,0,0,0,0.321103400825507,0.681747487304513,0.805653072713621,303
combined_phase2b,1.20653426436781,3.89538653521157,0.73549851161074,0,16.9468875812732,0.833067374895694,0.760979717018703,14.0600105890403,246,0,15328719.1178621,0.241,0,0,0,17,3.76994374378673,0.830588816251206,0.805653072713621,303
physical_only,0.148237224561408,0.217014866289923,0.0947414644917875,0,0.341285030989718,0.0145918702387716,0.0951731819002868,0.328936944144324,0,0,7863215.87685592,0.0190000000000001,0,0,0,0,0.328232325739833,0.0422763677006401,0.149018000965346,304
combined_phase2b,0.152412219168454,0.25103905525826,0.100609321216689,0,0.348003575763233,0.0146014842648251,0.0951731819002868,0.328936944144324,0,0,7863215.87685592,0.0210000000000001,0,0,0,17,0.311085823713838,0.0419843775324079,0.149018000965346,304
physical_only,0.058724642271195,0.086111503703152,0.0375735640284162,0,0.273860098975488,0.0127251204031834,0.103823507024762,0.27126810727816,0,0,7133286.55554555,2.22044604925031e-16,0,0,0,0,0.197273844712634,0.0428370696614677,0.17220836953824,305
combined_phase2b,0.0642052977087563,0.12003116418842,0.0360241614737153,0,0.283213548096874,0.0128091347285178,0.103823507024762,0.27126810727816,0,0,7133286.55554555,2.22044604925031e-16,0,0,0,17,0.18227344426117,0.0449439802048765,0.17220836953824,305
physical_only,0.00712478009869099,0.0105852438916155,0.00462599116548443,0,0.139373715686327,0.00647083081191151,0.085963449190848,0.139552779536862,0,0,24771402.6672096,2.22044604925031e-16,0,0,0,0,0.121963434060723,0.0374756583109347,0.153641454168214,306
combined_phase2b,0.0267204542121549,0.0463480562336155,0.0225458926675601,0,0.167402896651954,0.007851604333929,0.085963449190848,0.139552779536862,0,0,24771402.6672096,2.22044604925031e-16,0,0,0,17,0.128846551785573,0.0407839181479599,0.153641454168214,306
physical_only,0.174316857835178,0.288371894253549,0.104369148488761,0,4.35273894717617,0.205686314364767,0.23640677810619,4.26694292225955,85,0,21417716.3239052,0.0660000000000001,0,0,0,0,0.17744580296157,0.217912560992331,0.283345455595053,307
combined_phase2b,0.43558853761608,1.04705315505401,0.338683962579684,0,5.24649254028423,0.23319997363197,0.23640677810619,4.26694292225955,85,0,21417716.3239052,0.0350000000000001,0,0,0,17,1.00559158297025,0.235078767196124,0.283345455595053,307
physical_only,0.0391859629552567,0.0562586518861531,0.0247643886728407,0,0.438326553616579,0.0201613068323023,0.0589910747887467,0.435185272968112,0,0,8122791.15785198,2.22044604925031e-16,0,0,0,0,0.167546919219067,0.0479999794515066,0.126869759168606,308
combined_phase2b,0.0733704237073892,0.178897689504178,0.0366072413859174,0,0.511333029831883,0.0237702171823905,0.0589910747887467,0.435185272968112,0,0,8122791.15785198,2.22044604925031e-16,0,0,0,17,0.247537950511544,0.0504936867390419,0.126869759168606,308
physical_only,0.0794182993343789,0.115905421259203,0.049137072492386,0,0.342811002276902,0.0152122495452559,0.0144613416492766,0.33690527606776,0,0,21330220.860072,2.22044604925031e-16,0,0,0,0,0.0203854562068308,0.038726430332417,0.0735627781260806,309
combined_phase2b,0.11287800193917,0.210071335995425,0.0609983852578836,0,0.358096306465622,0.0159776597220483,0.0144613416492766,0.33690527606776,0,0,21330220.860072,0.0110000000000001,0,0,0,17,0.283536902262813,0.0441843276232851,0.0735627781260806,309
physical_only,0.0795991227312395,0.180508302779048,0.112597450793375,0,0.746726338096592,0.0322300922354993,0.121462406173992,0.61534937634049,0,0,20820267.1401763,0.0780000000000001,0,0,0,0,0.22455726108133,0.0593829275249626,0.184774691613296,310
combined_phase2b,0.0821341393959166,0.206356039140554,0.162472189044607,0,0.771241104606814,0.0353546771554873,0.121462406173992,0.61534937634049,0,0,20820267.1401763,0.0820000000000001,0,0,0,17,0.220372652296481,0.063189215584532,0.184774691613296,310
physical_only,1.05903019491487,1.54891233021208,0.675565158457655,0,1.56984533391153,0.066001810786334,0.0830148267045086,1.42041400689013,0,0,24435657.4579168,0.0660000000000001,0,0,0,0,1.43836272964518,0.0885656234028783,0.13163851786177,311
combined_phase2b,1.09327640558838,1.67572024682118,0.681579373832791,0,1.57122266190114,0.065959710688913,0.0830148267045086,1.42041400689013,0,0,24435657.4579168,0.0670000000000002,0,0,0,17,1.71091977256688,0.0900942102761108,0.13163851786177,311
physical_only,0.164436481975789,0.246477256794777,0.108160082048001,0,0.988635431032701,0.0456330529275332,0.354787650858929,0.977209992597268,113,0,15165485.7926082,0.0270000000000001,0,0,0,0,0.357773662123448,0.0765638062378033,0.419911803975979,312
combined_phase2b,0.177156068040635,0.385621509031488,0.193709868368179,0,1.13617426761832,0.0542681161856048,0.354787650858929,0.977209992597268,113,0,15165485.7926082,0.04,0,0,0,17,0.444229274792039,0.0815981550052967,0.419911803975979,312
physical_only,0.0546865995557227,0.0800769820392492,0.0349507023146373,0,0.112487945030559,0.00490364891866467,0.096401907429039,0.10751708182803,0,0,19228789.1000026,2.22044604925031e-16,0,0,0,0,0.0314216203101632,0.0295827852902471,0.145011159249862,313
combined_phase2b,0.0750826335573374,0.11027496245462,0.0398346803515831,0,0.126063582338345,0.00548410475160415,0.096401907429039,0.10751708182803,0,0,19228789.1000026,2.22044604925031e-16,0,0,0,17,0.232282548042651,0.0385725691788969,0.145011159249862,313
physical_only,0.547731308528249,0.804181260802704,0.35207665657911,0,1.4990382122797,0.0661750689060323,0.0389621772785831,1.42438757222197,0,0,25235980.2393024,0.046,0,0,0,0,0.91481637842067,0.0898663273988238,0.107393212584046,314
combined_phase2b,0.548250888891989,0.87850849706809,0.347282211678872,0,1.49154092529569,0.065723814347581,0.0389621772785831,1.42438757222197,0,0,25235980.2393024,0.046,0,0,0,17,0.970025156419858,0.0900306304770161,0.107393212584046,314
physical_only,0.0053804315741606,0.00856027659026388,0.00440995255106173,0,0.216939656832416,0.0101652242540048,0.0479883890119343,0.216614310148969,0,0,16971715.0722943,2.22044604925031e-16,0,0,0,0,0.105033041042898,0.0416212842804856,0.11020443681077,315
combined_phase2b,0.0315656537460534,0.0531526500447286,0.0142043410019302,0,0.241411918241618,0.0110658501184308,0.0479883890119343,0.216614310148969,0,0,16971715.0722943,2.22044604925031e-16,0,0,0,17,0.138971006555626,0.0446278130149025,0.11020443681077,315
physical_only,0.0578079849756823,0.0910153418033598,0.0265281392257568,0,0.388951305684269,0.0175965658574544,0.0365526358698794,0.371609836873756,0,0,8819669.87542081,2.22044604925031e-16,0,0,0,0,0.0458323277515972,0.0435665591806572,0.0904493996580837,316
combined_phase2b,0.0782413826992057,0.117873025232871,0.0582583789792132,0,0.399058104186807,0.0186329126568403,0.0365526358698794,0.371609836873756,0,0,8819669.87542081,0.00300000000000011,0,0,0,17,0.219881601884535,0.0453240613662548,0.0904493996580837,316
physical_only,0.218258143395846,0.556197523694744,0.35976502367651,0,0.582637311816947,0.0213015485822726,0.367254822165277,0.693141755723292,110,0,26458630.4965908,0.0830000000000002,0,0,0,0,0.664986123342361,0.048613410016496,0.434219930552255,317
combined_phase2b,0.240609469894289,0.639599807933396,0.289217032180957,0,0.753926308073921,0.0282662722511477,0.367254822165277,0.693141755723292,110,0,26458630.4965908,0.0820000000000001,0,0,0,17,0.570140584164517,0.0513175748781682,0.434219930552255,317
physical_only,0.991573589170194,2.93350393801379,2.44769388386682,0,32.8512075570064,1.56203074472425,1.45683578640377,31.1122438706222,276,0,13306108.4433544,0.261,0,0,0,0,2.90517303749976,1.57495505525439,1.50294955610796,318
combined_phase2b,1.36256356606717,3.63744687030538,4.18280251633128,0,33.9674475297254,1.6476437719984,1.45683578640377,31.1122438706222,276,0,13306108.4433544,0.242,0,0,0,17,4.19276278221835,1.63361419036199,1.50294955610796,318
physical_only,0.670675640291893,0.994315720756154,0.410468954174387,0,1.26513081736416,0.0580479060813836,0.0932980290319586,1.26747134317718,0,0,12377621.9241365,0.0610000000000002,0,0,0,0,1.10450059203072,0.0895037252949418,0.161054694166813,319
combined_phase2b,0.67911090021465,1.03048742928222,0.46346143996637,0,1.27207244398945,0.0593793293464923,0.0932980290319586,1.26747134317718,0,0,12377621.9241365,0.0650000000000002,0,0,0,17,1.08809759899643,0.0720373618038351,0.161054694166813,319
physical_only,0.330493475020468,0.838208582135733,0.653128817173019,0,1.12632318339853,0.0435747444812874,0.280749857111724,1.16510758281156,68,0,7364527.3892,0.0910000000000002,0,0,0,0,0.945915037124513,0.0691402176664657,0.349018850357413,320
combined_phase2b,0.368305103161285,0.9865420129416,0.490878954778171,0,1.44581191340577,0.0562925786834459,0.280749857111724,1.16510758281156,68,0,7364527.3892,0.0890000000000002,0,0,0,17,0.891070990474061,0.0794409786256223,0.349018850357413,320
physical_only,1.60262665068416,2.34911225591658,1.02508259156025,0,5.44974940628295,0.23939282733819,0.237492423002924,5.25207727046941,59,0,10234652.9666231,0.0720000000000001,0,0,0,0,2.46046278902834,0.262709418162919,0.304235721025918,321
combined_phase2b,1.51331812902761,2.84857841952585,1.0486686629562,0,5.35125731301451,0.233759834933216,0.237492423002924,5.25207727046941,59,0,10234652.9666231,0.0860000000000001,0,0,0,17,2.8585446359766,0.255786168489241,0.304235721025918,321
physical_only,0.0151388808268621,0.0215983364929471,0.0140302727579887,0,1.22444119861103,0.0576265310774351,0.379769515158926,1.22872093942767,192,0,16278428.5162462,2.22044604925031e-16,0,0,0,0,0.0918225697014358,0.084835306763896,0.435916492800892,322
combined_phase2b,0.207701745009711,0.49258258392168,0.261316616001176,0,1.67323642880973,0.078123496672517,0.379769515158926,1.22872093942767,192,0,16278428.5162462,0.0510000000000002,0,0,0,17,0.520446274015066,0.107248824411997,0.435916492800892,322
physical_only,0.110685573691424,0.161912101759436,0.0706217251467118,0,0.455752291730271,0.0202845376673095,0.0368648856196464,0.443209709126449,0,0,17548175.9288148,0.0110000000000001,0,0,0,0,0.273272289305723,0.0513427836391216,0.105316110227375,323
combined_phase2b,0.147479466193917,0.28292091096408,0.101540182162435,0,0.49631838830512,0.0225975536259983,0.0368648856196464,0.443209709126449,0,0,17548175.9288148,0.022,0,0,0,17,0.334370531063914,0.04905026376132,0.105316110227375,323
physical_only,0.0153922519174951,0.0223256414121894,0.00972147238448914,0,0.165839546117955,0.00765853885148384,0.00549810890209216,0.164720042761213,0,0,8043133.23588886,2.22044604925031e-16,0,0,0,0,0.0890794246507446,0.035891365766449,0.0726526103923957,324
combined_phase2b,0.0346016750602191,0.0665931717390025,0.00367157661445538,0,0.194550773780924,0.00921432386916708,0.00549810890209216,0.164720042761213,0,0,8043133.23588886,2.22044604925031e-16,0,0,0,17,0.157787602584772,0.0414191680439561,0.0726526103923957,324
physical_only,0.0917433278693466,0.166418636658506,0.0556925403603351,0,0.289339833498,0.0134866832206536,0.107697287969755,0.287502743770628,0,0,21605581.66887,0.00200000000000022,0,0,0,0,0.0563646820988138,0.0368967182351116,0.155785001763894,325
combined_phase2b,0.106423210188121,0.204204819584288,0.0332910108830907,0,0.265992954970722,0.0127505616452725,0.107697287969755,0.287502743770628,0,0,21605581.66887,2.22044604925031e-16,0,0,0,17,0.250696657547272,0.0405545715246134,0.155785001763894,325
physical_only,1.78904216295497,2.6796888804122,1.19671030445672,0,3.42325082840216,0.145177781870989,0.133982490880921,3.1197101896013,0,0,18461091.343997,0.0820000000000001,0,0,0,0,2.78977438381334,0.173060177411228,0.199693016926178,326
combined_phase2b,1.8191240549188,2.83749107356625,1.23733029824412,0,3.33410269826459,0.142799482293148,0.133982490880921,3.1197101896013,0,0,18461091.343997,0.0830000000000002,0,0,0,17,2.86526084800465,0.170194355156371,0.199693016926178,326
physical_only,0.897698324123237,1.32973530458888,0.568949692770897,0,2.0659026837329,0.0839244623734406,0.249810768207691,2.00632446594962,79,0,12559748.6370966,0.0740000000000001,0,0,0,0,1.21964733744495,0.102278670885332,0.298406141327171,327
combined_phase2b,0.947216865889566,1.44437053610061,0.650786112780657,0,2.16544466643648,0.0892754830960768,0.249810768207691,2.00632446594962,79,0,12559748.6370966,0.0770000000000002,0,0,0,17,1.49655483271266,0.0968792005741272,0.298406141327171,327
physical_only,0.0164874344365942,0.0308122350929666,0.019117452621136,0,0.259867194009032,0.0121772255107306,0.0669888828920628,0.243418452859945,0,0,10033527.6242423,2.22044604925031e-16,0,0,0,0,0.0920434342591964,0.0393914159153971,0.122325837524437,328
combined_phase2b,0.0381970280653716,0.0631611170835029,0.0429203283273472,0,0.278403207433261,0.0130805510581954,0.0669888828920628,0.243418452859945,0,0,10033527.6242423,2.22044604925031e-16,0,0,0,17,0.160556622472247,0.0458071086337493,0.122325837524437,328
physical_only,1.93173383648304,2.82699441514161,1.23310480713334,0,3.69811798295782,0.15688383016982,0.130246385722609,3.42858910369055,0,0,12320833.3418891,0.0770000000000002,0,0,0,0,2.93808384042065,0.167457997042341,0.198697078994055,329
combined_phase2b,1.97972868863406,3.07195324572962,1.07820229429252,0,3.4583542030283,0.14204525082939,0.130246385722609,3.42858910369055,0,0,12320833.3418891,NaN,1,0,0,17,3.09451904942785,0.160514572462729,0.198697078994055,329
physical_only,0.662865153057986,1.47119249491838,0.934262064100308,0,12.2028605726137,0.553355781425821,0.33138630887993,11.5438843661607,172,0,7038016.07564755,0.238,0,0,0,0,1.43792355666787,0.572016430650382,0.376914374394409,330
combined_phase2b,0.817424928869996,2.42561201399798,2.03358172340274,0,13.3689258084404,0.606257364642906,0.33138630887993,11.5438843661607,172,0,7038016.07564755,0.125,0,0,0,17,2.38269115329762,0.629930968741087,0.376914374394409,330
physical_only,0.00979919593166491,0.0319190700416506,0.0190875348572229,0,0.218598908931903,0.010032400320401,0.110749198944955,0.186813606086977,0,0,13751569.6536353,2.22044604925031e-16,0,0,0,0,0.128811578046321,0.0381782407932109,0.177734142452451,331
combined_phase2b,0.0303560273060473,0.059936188072837,0.0124553749953159,0,0.219075824556211,0.010078648176964,0.110749198944955,0.186813606086977,0,0,13751569.6536353,2.22044604925031e-16,0,0,0,17,0.144861615481847,0.0453622281143674,0.177734142452451,331
physical_only,3.25590989294256,4.76474049161522,2.07793322842527,0,5.30152286702295,0.216079591859906,0.174686240049535,4.89453384952952,0,0,23876993.385406,NaN,1,0,0,0,4.87609102472698,0.248128212351488,0.242276843272786,332
combined_phase2b,3.36220649071849,5.23309298003569,2.14145507605067,0,5.36865054037264,0.2195046642227,0.174686240049535,4.89453384952952,0,0,23876993.385406,NaN,1,0,0,17,5.23790834266515,0.250202473631617,0.242276843272786,332
physical_only,0.446545661816873,0.653911749484929,0.285589420482403,0,0.784650650513625,0.0326479370194641,0.138231456453914,0.724765576314893,0,0,17442903.3492196,0.046,0,0,0,0,0.764979780592012,0.0640313435421615,0.205355786074949,333
combined_phase2b,0.447303445822253,0.683991284283659,0.299260546012324,0,0.786269716261647,0.0332533852160494,0.138231456453914,0.724765576314893,0,0,17442903.3492196,0.048,0,0,0,17,0.748899826331072,0.0633155834966061,0.205355786074949,333
physical_only,0.137988318936965,0.21123342260167,0.0905003493626915,0,1.11158299944111,0.0518155292755754,0.372793130772322,1.10785371986022,161,0,24173200.0754616,0.01,0,0,0,0,0.322222354230977,0.0829110925442679,0.435777497147164,334
combined_phase2b,0.140131894616913,0.292964722107776,0.0308976367332708,0,1.10746982429264,0.0515210035868302,0.372793130772322,1.10785371986022,161,0,24173200.0754616,2.22044604925031e-16,0,0,0,17,0.293773596824829,0.0789209308860134,0.435777497147164,334
physical_only,0.00247447018926106,0.00359345924837144,0.00153930552081708,0,0.0224957502019725,0.00103169156318308,0.00657294234027152,0.0225095064921247,0,0,18410332.6839832,2.22044604925031e-16,0,0,0,0,0.107814517838036,0.0311585495014029,0.0731894744677274,335
combined_phase2b,0.0278472964021775,0.0463480562336155,0.00708727667414399,0,0.0600398107888356,0.00255242064697209,0.00657294234027152,0.0225095064921247,0,0,18410332.6839832,2.22044604925031e-16,0,0,0,17,0.138327164125837,0.0362320092088458,0.0731894744677274,335
physical_only,0.0573522080421859,0.0853047842308699,0.0371635916633472,0,0.945410281803662,0.0441037320272369,0.374249621315591,0.959023100297485,184,0,7700052.95489023,2.22044604925031e-16,0,0,0,0,0.196638611916789,0.069847031960251,0.438565764606122,336
combined_phase2b,0.131857465992849,0.329172312060658,0.131884577501194,0,1.23106444391174,0.0578571048310159,0.374249621315591,0.959023100297485,184,0,7700052.95489023,0.0430000000000001,0,0,0,17,0.246840155264981,0.0758593441592687,0.438565764606122,336
physical_only,2.31354006233575,3.38026383088628,1.47385679206262,0,5.50112769782642,0.241939983295681,0.306757514040025,5.19798501087588,117,0,24834078.8657209,NaN,1,0,0,0,3.2694907102252,0.264503795912225,0.349387029020556,337
combined_phase2b,2.65033850583444,4.31398546017447,1.40485969928391,0,5.42519281604147,0.236490996687363,0.306757514040025,5.19798501087588,117,0,24834078.8657209,NaN,1,0,0,17,4.32371199576019,0.256540497685396,0.349387029020556,337
physical_only,0.476551100609775,0.796295025572246,0.271687460102666,0,0.914810987253893,0.0360072201293348,0.16596885288033,0.8871841210233,0,0,10751992.1004124,0.0230000000000001,0,0,0,0,0.906517970632754,0.0677047560331838,0.233766034451771,338
combined_phase2b,0.466870050294308,0.844585414289911,0.282148818481286,0,0.885529816804101,0.0351498982683565,0.16596885288033,0.8871841210233,0,0,10751992.1004124,0.0250000000000001,0,0,0,17,0.797838190801407,0.0652460754042334,0.233766034451771,338
physical_only,0.705019140652514,1.43500822459271,0.762626642207493,0,1.87853863000488,0.0740135692336731,0.290060319101277,2.16914186755127,72,0,21971442.3651342,0.0970000000000002,0,0,0,0,1.54517349550636,0.101815357063261,0.355104705245863,339
combined_phase2b,0.759403403360415,1.64206255178177,0.710125614786486,0,2.11888656923575,0.0856624569760848,0.290060319101277,2.16914186755127,72,0,21971442.3651342,0.0980000000000001,0,0,0,17,1.66794647719871,0.1104161092809,0.355104705245863,339
physical_only,0.0434874680676525,0.0635881712702849,0.0277319112028632,0,0.081498829475483,0.00352182676402431,0.0717444470627493,0.0757404281146831,0,0,18111825.632971,2.22044604925031e-16,0,0,0,0,0.174967834361416,0.0344329658504223,0.138985603418384,340
combined_phase2b,0.0383397271289788,0.0502141786087587,0.0232303195117903,0,0.0894013447119627,0.00390051804546716,0.0717444470627493,0.0757404281146831,0,0,18111825.632971,2.22044604925031e-16,0,0,0,17,0.161224421927589,0.0362382047856674,0.138985603418384,340
physical_only,0.781519095852906,1.56922900802894,0.838117092016655,0,4.08090954763489,0.174568734669877,0.0793724184894095,3.75865762858538,0,0,14281726.6117823,0.107,0,0,0,0,1.68003773780895,0.202253232131745,0.14699458519618,341
combined_phase2b,0.90996243121754,1.77824518222604,1.21634782935575,0,4.16481478101905,0.196019557862004,0.0793724184894095,3.75865762858538,0,0,14281726.6117823,0.111,0,0,0,17,1.74327768437064,0.190395268669754,0.14699458519618,341
physical_only,0.0654922317490826,0.0981949322808832,0.042790106709008,0,0.965054998282893,0.0457053835524323,0.107385672260426,0.974440067819742,0,0,10216567.316273,2.22044604925031e-16,0,0,0,0,0.209353223947771,0.0739334671647178,0.175607864274329,342
combined_phase2b,0.0941298717191308,0.254439149857303,0.0284304044628046,0,1.19657712946999,0.0549070336938904,0.107385672260426,0.974440067819742,0,0,10216567.316273,2.22044604925031e-16,0,0,0,17,0.257007833540529,0.0777843293211372,0.175607864274329,342
physical_only,0.196160399174413,0.288291402578167,0.126044833296845,0,0.565692922525328,0.0249929781503827,0.137577023018443,0.53905449894978,0,0,9858656.81294926,0.028,0,0,0,0,0.399432902974448,0.0531327114271845,0.205866264126696,343
combined_phase2b,0.214650536120633,0.37680603085208,0.13535031461166,0,0.541514865297145,0.0242609208902587,0.137577023018443,0.53905449894978,0,0,9858656.81294926,0.0310000000000001,0,0,0,17,0.416115802170444,0.052280595990125,0.205866264126696,343
physical_only,0.155770813725699,0.291214598318115,0.0857855641855809,0,0.409800766440154,0.0163403749959347,0.0210004730600653,0.395043904892086,0,0,13433804.5882191,0.05,0,0,0,0,0.180910723260328,0.0381991302239595,0.0684089452083357,344
combined_phase2b,0.175322687202511,0.338315514212707,0.120025959526468,0,0.456280936499614,0.0197008631409427,0.0210004730600653,0.395043904892086,0,0,13433804.5882191,0.0530000000000002,0,0,0,17,0.37633968559228,0.0432423720104364,0.0684089452083357,344
physical_only,0.623841190992518,0.904558216259217,0.394872799861887,0,4.00245993930277,0.182005001458584,0.204790383969825,3.93092508752103,20,0,14823476.5589732,0.0570000000000002,0,0,0,0,1.01515111038512,0.214053621950165,0.271866425206094,345
combined_phase2b,0.62746321864517,1.52505551186857,0.119143543699476,0,3.95447313112767,0.186677097070102,0.204790383969825,3.93092508752103,20,0,14823476.5589732,0.028,0,0,0,17,1.41956245985521,0.207560913144739,0.271866425206094,345
physical_only,0.291662248463493,0.763217103897985,0.212019167936913,0,3.63087359133373,0.164547986656286,1.75811611453819,3.27514754659583,278,0,15291401.7719007,0.0960000000000001,0,0,0,0,0.715349590255747,0.193152505342437,1.79529702911158,346
combined_phase2b,0.315373314329459,0.751344833144824,0.640568409193078,0,3.75969091552341,0.168337510721236,1.75811611453819,3.27514754659583,278,0,15291401.7719007,0.0870000000000002,0,0,0,17,0.74722427620914,0.195331433577111,1.79529702911158,346
physical_only,0.375413975755066,0.559193438217708,0.254054699188139,0,1.62821254307134,0.0731163210355908,0.310559317891072,1.633273508568,101,0,22479673.0405809,0.0270000000000001,0,0,0,0,0.447881906070994,0.0935712385404386,0.359114512490643,347
combined_phase2b,0.434668554696569,0.669793992130331,0.397529143885578,0,1.78011819886781,0.0785244638850835,0.310559317891072,1.633273508568,101,0,22479673.0405809,0.0410000000000001,0,0,0,17,0.760509553049237,0.0960157825472688,0.359114512490643,347
physical_only,0.0453286924377051,0.09387322036927,0.0626299697883449,0,0.754550763576645,0.0346201559058497,0.138631747054093,0.712391582373361,0,0,12928429.7036233,0.00700000000000012,0,0,0,0,0.0928046678184333,0.0601559710712165,0.185746333385487,348
combined_phase2b,0.0689705787579662,0.157215176266724,0.0453529541838425,0,0.72249889281945,0.0333061716830204,0.138631747054093,0.712391582373361,0,0,12928429.7036233,2.22044604925031e-16,0,0,0,17,0.215009652113264,0.0653119788260657,0.185746333385487,348
physical_only,0.117846418204963,0.169360209062373,0.0734896995222723,0,2.06548331541271,0.0961989574193216,0.109507737055836,2.05733156292773,0,0,12681523.4837004,0.022,0,0,0,0,0.280702753053524,0.120888418965447,0.177327424461489,349
combined_phase2b,0.228607224337763,0.740606251724361,0.194960088357941,0,2.1784504223448,0.10596716921758,0.109507737055836,2.05733156292773,0,0,12681523.4837004,0.048,0,0,0,17,0.76651486108392,0.125614774636646,0.177327424461489,349
physical_only,0.124925662775171,0.182915728549071,0.079773101878994,0,0.231148873452497,0.00995530817746417,0.0983541237032559,0.2135197835085,0,0,9381495.34797779,0.016,0,0,0,0,0.294180359135248,0.0394578032593457,0.165876577537533,350
combined_phase2b,0.116928573873539,0.177434412932885,0.0751127416340302,0,0.22580059067878,0.00943546190518154,0.0983541237032559,0.2135197835085,0,0,9381495.34797779,0.014,0,0,0,17,0.276800039694577,0.039278589001031,0.165876577537533,350
physical_only,5.97589213639153,10.2422465172035,2.18722027220687,0,16.53327031206,0.672317530079889,0.370425123125356,15.0268909350657,126,0,19416092.4673816,NaN,1,0,0,0,10.3512160824879,0.703322357578912,0.438251404569547,351
combined_phase2b,6.15898485037427,10.8299985768218,2.17885666556791,0,15.6820342308187,0.64242329972482,0.370425123125356,15.0268909350657,126,0,19416092.4673816,NaN,1,0,0,17,10.9013033300855,0.672483939307803,0.438251404569547,351
physical_only,0.0542831738551221,0.121314681112519,0.0803459300091353,0,0.369802632581044,0.0156515880326063,0.159654470137721,0.330743503481853,0,0,17497260.8362066,0.05,0,0,0,0,0.232006116717538,0.0427889204024178,0.227415487827973,352
combined_phase2b,0.057939145070052,0.113489758650225,0.110037140039301,0,0.399248911555551,0.0167801127087818,0.159654470137721,0.330743503481853,0,0,17497260.8362066,0.0550000000000002,0,0,0,17,0.212791185630834,0.0458820409858155,0.227415487827973,352
physical_only,0.407946722081325,0.60817246048061,0.26515170767976,0,4.60465409151886,0.217576929028494,0.292459683109117,4.5913543743326,122,0,11613864.1027726,0.036,0,0,0,0,0.719161392109916,0.24086574194236,0.357917968802235,353
combined_phase2b,0.965056611906659,2.28215635864816,1.20503189461913,0,6.02342062037486,0.277848159496314,0.292459683109117,4.5913543743326,122,0,11613864.1027726,0.0990000000000002,0,0,0,17,2.33982474334528,0.308545968905232,0.357917968802235,353
physical_only,0.0355502293948583,0.0528670717763193,0.0230688981548063,0,0.841400627147497,0.0393460037353629,0.40238066003011,0.842470431627633,194,0,7942773.48144772,2.22044604925031e-16,0,0,0,0,0.0586664518951824,0.0674779198956964,0.442720163460842,354
combined_phase2b,0.0989755378087934,0.233438924479901,0.0424714418955334,0,1.02749413623087,0.0495563934111547,0.40238066003011,0.842470431627633,194,0,7942773.48144772,2.22044604925031e-16,0,0,0,17,0.333662266596059,0.0728309345676321,0.442720163460842,354
physical_only,0.0771446389466131,0.112664331984668,0.0490137598404038,0,0.292050509421221,0.0134471004944847,0.0391779433295429,0.286658937907224,0,0,7384754.84489894,2.22044604925031e-16,0,0,0,0,0.0143056220779846,0.036353125427043,0.0866330841787497,355
combined_phase2b,0.0887203627951344,0.15173161419277,0.0654919755995108,0,0.307817424731387,0.0141562184356364,0.0391779433295429,0.286658937907224,0,0,7384754.84489894,0.0110000000000001,0,0,0,17,0.27385687882647,0.0458861305076183,0.0866330841787497,355
physical_only,0.0207573714767642,0.0602319604813067,0.0198659881316299,0,0.452552325359847,0.0210105250896073,0.300316355283025,0.416429332603189,156,0,16197130.6145897,2.22044604925031e-16,0,0,0,0,0.119716664017036,0.0502801334571839,0.350755971692258,356
combined_phase2b,0.0421440176150447,0.086305349380518,0.0226214660971719,0,0.490020564525147,0.0224566118460932,0.300316355283025,0.416429332603189,156,0,16197130.6145897,2.22044604925031e-16,0,0,0,17,0.175604345084603,0.0511574547393375,0.350755971692258,356
physical_only,1.66661397281729,2.43826265909629,1.06347577502121,0,3.0128697197178,0.126485100167956,0.21216498323923,2.81213296913809,59,0,9701400.24724904,0.0760000000000001,0,0,0,0,2.54960631979186,0.156776279005683,0.280538738206112,357
combined_phase2b,1.70501371307884,2.71044877797652,1.04153308381416,0,2.93898918334878,0.12204598262959,0.21216498323923,2.81213296913809,59,0,9701400.24724904,0.0760000000000001,0,0,0,17,2.72743551429299,0.151954286940331,0.280538738206112,357
physical_only,0.020104341834387,0.0291705693454499,0.0127077879322621,0,0.203105563243793,0.00934389552363599,0.0463256846486501,0.200843986490753,0,0,10722230.6985413,2.22044604925031e-16,0,0,0,0,0.082242145083367,0.0380710508546693,0.102475296005255,358
combined_phase2b,0.0390406422674091,0.0664492791539578,0.00916774297744075,0,0.208589327439064,0.00969705741046784,0.0463256846486501,0.200843986490753,0,0,10722230.6985413,2.22044604925031e-16,0,0,0,17,0.152826693784578,0.0416908060199391,0.102475296005255,358
physical_only,1.44013541802353,2.10269085491905,0.91538290780275,0,3.4800185455693,0.153501154828674,0.0804515646881721,3.31906286225468,0,0,20908264.8044562,0.0770000000000002,0,0,0,0,1.99219789467635,0.176064967445218,0.127133203455104,359
combined_phase2b,1.62111400548571,2.7348421485225,0.981111718619404,0,3.70040475836698,0.158176227325709,0.0804515646881721,3.31906286225468,0,0,20908264.8044562,0.0820000000000001,0,0,0,17,2.79161690349319,0.182310726912907,0.127133203455104,359
physical_only,1.20125867962891,1.77672764881644,0.776769930849249,0,17.1931875077634,0.804744067231106,0.571415737608322,17.2117107889067,223,0,7421402.10571236,0.044,0,0,0,0,1.88793689283591,0.817160726941199,0.636195958226143,360
combined_phase2b,2.93412217986623,6.22086380787762,2.35372559631655,0,21.3040257115073,0.973941725896383,0.571415737608322,17.2117107889067,223,0,7421402.10571236,0.0900000000000001,0,0,0,17,6.26920199306163,1.0046395353053,0.636195958226143,360
physical_only,0.673724241586876,0.990147274094507,0.431362934512417,0,2.84693717965146,0.12563987119269,0.317591763848902,2.77647330239969,98,0,13002028.8557536,0.0650000000000002,0,0,0,0,1.10113620572381,0.149894041353082,0.385394865947715,361
combined_phase2b,0.781443175454365,1.46316522276008,0.403560751057397,0,2.92489503729328,0.127562251950039,0.317591763848902,2.77647330239969,98,0,13002028.8557536,0.0650000000000002,0,0,0,17,1.44703624653245,0.149414177040066,0.385394865947715,361
physical_only,0.249144283392039,0.393713769629064,0.102823551409348,0,1.4394985539169,0.0639822577445914,0.0365129641014107,1.44813757830869,0,0,14134715.9729065,0.042,0,0,0,0,0.283523813301305,0.087705375252886,0.0892084370488651,362
combined_phase2b,0.292016601693458,0.501966981533781,0.265844042399065,0,1.6284032910762,0.0716343612806211,0.0365129641014107,1.44813757830869,0,0,14134715.9729065,0.0620000000000001,0,0,0,17,0.53402276801897,0.0896356866215969,0.0892084370488651,362
physical_only,0.140516166180921,0.270979401612481,0.0705122327663154,0,1.04694945234029,0.0461563859259659,0.455822243584981,0.961105193796724,189,0,16474738.0915115,0.0590000000000002,0,0,0,0,0.381750873266738,0.0730343944085308,0.51955265119407,363
combined_phase2b,0.146678931694962,0.318305335757464,0.101578952007882,0,1.02642173784863,0.0466540474776717,0.455822243584981,0.961105193796724,189,0,16474738.0915115,0.0110000000000001,0,0,0,17,0.38535437678445,0.0702970148251887,0.51955265119407,363
physical_only,0.59710232332028,0.877372134184433,0.382803106488664,0,1.09168044018854,0.0437956697670709,0.0904208977770619,1.02900432412684,0,0,15537035.9193214,0.0570000000000002,0,0,0,0,0.988761409510347,0.0702564187975596,0.158638398445529,364
combined_phase2b,0.592466876413127,0.901667331750736,0.380702315972521,0,1.0963032767072,0.0437530027922098,0.0904208977770619,1.02900432412684,0,0,15537035.9193214,0.0580000000000001,0,0,0,17,0.969900542887055,0.0689311521103367,0.158638398445529,364
physical_only,0.0890792104711219,0.142608234020511,0.1065766958764,0,1.96227974918871,0.0906872147556422,0.796887071505392,1.96078137411445,249,0,6813011.18018737,0.0700000000000001,0,0,0,0,0.100202332545875,0.115169590786602,0.84300084120958,365
combined_phase2b,0.223665731862358,0.495758219040268,0.0922854207536797,0,2.26744380489567,0.102516828546474,0.796887071505392,1.96078137411445,249,0,6813011.18018737,0.0700000000000001,0,0,0,17,0.437850055034507,0.12176444707829,0.84300084120958,365
physical_only,0.00872359441167299,0.0127715128700295,0.00557109501327537,0,0.0199378534563646,0.000880649241114312,0.0065945757403518,0.0190840006326662,0,0,12179221.2262396,2.22044604925031e-16,0,0,0,0,0.124158115085079,0.0323386248798296,0.0742997975754482,366
combined_phase2b,0.0237245112936941,0.0463480562336155,0.00385281566088372,0,0.0600398107888356,0.00255242064697209,0.0065945757403518,0.0190840006326662,0,0,12179221.2262396,2.22044604925031e-16,0,0,0,17,0.125946156549076,0.0366711996172942,0.0742997975754482,366
physical_only,2.54375929219755,4.02243467227608,1.65021335840865,0,13.2636841309058,0.590139175189348,0.380658182227924,12.9145098296672,118,0,14703647.1860484,NaN,1,0,0,0,3.91240048253108,0.614047555483873,0.424387297142838,367
combined_phase2b,2.57353350991596,4.57908374760227,0.944071488324639,0,13.0020991156602,0.597569845801872,0.380658182227924,12.9145098296672,118,0,14703647.1860484,NaN,1,0,0,17,4.62425769717025,0.6207395816889,0.424387297142838,367
physical_only,0.976345528262614,1.42907634851801,0.623763525873941,0,1.63165884984546,0.0679661004574098,0.102367932833158,1.50373790276021,0,0,19329479.1450133,0.0630000000000002,0,0,0,0,1.54001286525644,0.0955723357117075,0.170741845060122,368
combined_phase2b,0.977871172412376,1.47922787707595,0.607991296787171,0,1.61139993129109,0.0666154135326917,0.102367932833158,1.50373790276021,0,0,19329479.1450133,0.0630000000000002,0,0,0,17,1.55629126021338,0.0928613174698102,0.170741845060122,368
physical_only,0.0315498484789822,0.0991191120719992,0.0620384350237966,0,0.718421592931913,0.0329862840541965,0.0979668300624146,0.620059857166812,0,0,16323502.9749106,0.048,0,0,0,0,0.172738355727206,0.0614940802512244,0.165431506312003,369
combined_phase2b,0.0584051726170549,0.140799149155873,0.0560281192482788,0,0.733030390013191,0.0335606970395854,0.0979668300624146,0.620059857166812,0,0,16323502.9749106,0.00200000000000022,0,0,0,17,0.188342581373524,0.0613668669482363,0.165431506312003,369
physical_only,0.149622924530691,0.219861448678689,0.0876939591674075,0,1.77272623270122,0.0821429960579841,0.20970790405421,1.78940468158961,31,0,11408476.4884794,0.028,0,0,0,0,0.10952092410453,0.102822789744673,0.255945827449885,370
combined_phase2b,0.291466278025527,0.619044007708645,0.249672507504843,0,2.00851168683291,0.0970626422547543,0.20970790405421,1.78940468158961,31,0,11408476.4884794,0.0570000000000002,0,0,0,17,0.667421412483226,0.124350581031531,0.255945827449885,370
physical_only,0.10175310659573,0.148815589283057,0.0641448159859295,0,0.329038790730986,0.0147426173566808,0.306835344627247,0.319302810872529,97,0,12091343.3463261,0.0110000000000001,0,0,0,0,0.0386924135041531,0.0375925574475399,0.354094155320312,371
combined_phase2b,0.110552598842308,0.195500900141667,0.0681658698365587,0,0.316897906437379,0.014367229987498,0.306835344627247,0.319302810872529,97,0,12091343.3463261,0.0130000000000001,0,0,0,17,0.299982906450208,0.0453496383860173,0.354094155320312,371
physical_only,0.377953055058528,0.630263958939923,0.289338005751859,0,0.836379133964003,0.0337365865556483,0.328361963284004,0.885728368008216,108,0,11944472.6733384,0.0700000000000001,0,0,0,0,0.740716823085147,0.0564766201083308,0.395983125715695,372
combined_phase2b,0.383195514302337,0.6226403661001,0.351103470686873,0,0.877614249773471,0.0379648136082989,0.328361963284004,0.885728368008216,108,0,11944472.6733384,0.0730000000000002,0,0,0,17,0.708464695392241,0.0613416513745509,0.395983125715695,372
physical_only,0.242457110686794,0.361200808018106,0.157772451156011,0,0.551832567395831,0.0224890871332212,0.221606712471775,0.549985851280697,53,0,13222269.0126446,0.026,0,0,0,0,0.471941291378743,0.0516828631530604,0.288925791582493,373
combined_phase2b,0.237416399994557,0.354364697978661,0.174086510683308,0,0.562331775895064,0.0248585964553364,0.221606712471775,0.549985851280697,53,0,13222269.0126446,0.03,0,0,0,17,0.448487297407721,0.0548256166159958,0.288925791582493,373
physical_only,0.237162537455965,0.346807129618232,0.151251946960763,0,0.380738063610267,0.0158682577437649,0.138226885922024,0.35005978438921,0,0,24042042.5468815,0.032,0,0,0,0,0.236613411805322,0.0380517875888814,0.186747792575484,374
combined_phase2b,0.250344033634213,0.388338338118688,0.155845444736959,0,0.38158130984416,0.0160499421560827,0.138226885922024,0.35005978438921,0,0,24042042.5468815,0.0330000000000001,0,0,0,17,0.482758645967759,0.0380534557710683,0.186747792575484,374
physical_only,0.0888976859969529,0.129845141905831,0.0566066682428318,0,0.242430548786022,0.0113536049609318,0.135850786967964,0.244104726635063,0,0,10380162.4590876,0.004,0,0,0,0,0.0197256471698449,0.0347084250825723,0.184474643278352,375
combined_phase2b,0.103131663952712,0.153194821151091,0.0591437934230074,0,0.259462756663265,0.011385271421177,0.135850786967964,0.244104726635063,0,0,10380162.4590876,0.00600000000000001,0,0,0,17,0.275791965206555,0.041596004189217,0.184474643278352,375
physical_only,4.84294729881908,7.1132852435685,3.08359545542415,0,7.53976927892927,0.321414681727608,0.19689515551789,6.88070219434485,0,0,20517577.1356737,NaN,1,0,0,0,7.00189757359797,0.340075330952169,0.245223322190676,376
combined_phase2b,4.96005766581771,7.5665730686642,3.17171573834793,0,7.5306996110696,0.323128565425513,0.19689515551789,6.88070219434485,0,0,20517577.1356737,NaN,1,0,0,17,7.5830359633101,0.343395261979085,0.245223322190676,376
physical_only,0.0719545315858972,0.106252043744574,0.0461679970094172,0,0.489571221685695,0.0222413446890217,0.0308499763181512,0.496691217302141,0,0,12493178.1307294,2.22044604925031e-16,0,0,0,0,0.21749485818007,0.0515698841354903,0.0989707385950634,377
combined_phase2b,0.0667612239455116,0.149446538067903,0.0898017382526333,0,0.547581569211238,0.0251769796711829,0.0308499763181512,0.496691217302141,0,0,12493178.1307294,0.0230000000000001,0,0,0,17,0.209818726096161,0.0536887307758086,0.0989707385950634,377
physical_only,0.305650515920903,0.447682250293666,0.195291316069339,0,0.938540208193685,0.0420311658738825,0.128381001356595,0.91876678926788,0,0,12355504.6726608,0.0370000000000001,0,0,0,0,0.559069920264197,0.0655997681736776,0.196470638652182,378
combined_phase2b,0.299677672969691,0.53478854332971,0.199667525783245,0,0.919709059869057,0.0395727848741956,0.128381001356595,0.91876678926788,0,0,12355504.6726608,0.0410000000000001,0,0,0,17,0.519013341362359,0.0639509387349511,0.196470638652182,378
physical_only,1.48193537356354,2.15895505599452,0.926184610074985,0,7.44718899152538,0.34532447338242,0.272455314085672,7.46110459718411,74,0,19936455.8978681,0.0880000000000001,0,0,0,0,2.04868008313345,0.331632598787612,0.320282593876405,379
combined_phase2b,1.90460712775695,4.09692038372776,0.529375010360678,0,7.52664923306828,0.328355113273749,0.272455314085672,7.46110459718411,74,0,19936455.8978681,NaN,1,0,0,17,4.06985324250694,0.353638614378567,0.320282593876405,379
physical_only,0.112517166590358,0.177162702751948,0.0800268666997028,0,0.217128091582524,0.00870056045161392,0.188693851015521,0.257403100830612,0,0,18223440.7190969,0.0110000000000001,0,0,0,0,0.28772116585345,0.0377169113176414,0.25719666567537,380
combined_phase2b,0.107364555319916,0.169425200227844,0.0897393339401117,0,0.25342754660332,0.0100359088014282,0.188693851015521,0.257403100830612,0,0,18223440.7190969,0.014,0,0,0,17,0.253284567612035,0.0383055282817577,0.25719666567537,380
physical_only,0.0374631542291124,0.0544758964460806,0.0235039969259294,0,0.198776652279167,0.00909395984573077,0.106268513344405,0.196367380062383,0,0,8604606.88477621,2.22044604925031e-16,0,0,0,0,0.165497414142711,0.0386144585877458,0.173036157161045,381
combined_phase2b,0.040536242879119,0.0736435204990126,0.00705026764314345,0,0.205053229540446,0.00932174176559811,0.106268513344405,0.196367380062383,0,0,8604606.88477621,2.22044604925031e-16,0,0,0,17,0.187842935597129,0.0421692335323713,0.173036157161045,381
physical_only,0.148578830367282,0.2195935606923,0.0903017582474435,0,0.389850921753778,0.0166302496989105,0.108871101832309,0.369386773602279,0,0,18192868.653934,0.016,0,0,0,0,0.109133665216459,0.0394318021278095,0.156810246949097,382
combined_phase2b,0.16472041168254,0.243463844955458,0.0740992332526708,0,0.396408637896425,0.0160671861971981,0.108871101832309,0.369386773602279,0,0,18192868.653934,0.01,0,0,0,17,0.359856677304596,0.0441588112779748,0.156810246949097,382
physical_only,0.0614467383103648,0.0897189591338891,0.0389991729733748,0,0.146673436413974,0.00635718247572575,0.113384040370514,0.139455046622269,0,0,23410792.2900783,2.22044604925031e-16,0,0,0,0,0.0218921117987543,0.0304167207486591,0.160862373043285,383
combined_phase2b,0.0808118373657342,0.128265010135825,0.0426194390349171,0,0.154551091848773,0.00672704111031254,0.113384040370514,0.139455046622269,0,0,23410792.2900783,2.22044604925031e-16,0,0,0,17,0.232312545474522,0.0392775657580559,0.160862373043285,383
physical_only,0.903593390081792,1.32255243590876,0.569391100889948,0,1.80706777409488,0.0788308008598242,0.142452738352646,1.68580781758388,0,0,15430489.583059,0.0660000000000001,0,0,0,0,1.21206189003852,0.0982669053766863,0.190775815619289,384
combined_phase2b,0.936683315363152,1.44010978974721,0.5754004059034,0,1.8116463870932,0.079296667588954,0.142452738352646,1.68580781758388,0,0,15430489.583059,0.0660000000000001,0,0,0,17,1.48402183686689,0.100516217197069,0.190775815619289,384
physical_only,1.02707291922941,1.70825726011918,0.536014254618676,0,3.22924860708732,0.135191986644111,0.330976904506916,2.98215128183124,103,0,11878515.4747148,0.0960000000000001,0,0,0,0,1.81851255319131,0.164555622583501,0.398786303369515,385
combined_phase2b,0.963437952349202,1.65641790732987,0.448708673803203,0,2.98560924832501,0.124966176286803,0.330976904506916,2.98215128183124,103,0,11878515.4747148,0.0960000000000001,0,0,0,17,1.63942634381648,0.153989902506604,0.398786303369515,385
physical_only,1.73894448627259,2.56987418176169,1.11871575894215,0,3.31406526074835,0.135235005000423,0.186100629334581,3.36977518334949,0,0,7114984.52763334,0.0640000000000001,0,0,0,0,2.45879444018801,0.15132990812793,0.233304892219928,386
combined_phase2b,1.80301998241452,2.7883346411373,1.27095581274791,0,3.4839821336882,0.146454513461616,0.186100629334581,3.36977518334949,0,0,7114984.52763334,0.0690000000000002,0,0,0,17,2.81068551567362,0.158910866532761,0.233304892219928,386
physical_only,0.0783298702800216,0.160386983198026,0.0530256799952554,0,1.01559572079102,0.0461997447354465,0.0435803606446889,0.903901424914419,0,0,12621869.1518455,0.0450000000000002,0,0,0,0,0.271603091910548,0.0699908538921826,0.111865325211112,387
combined_phase2b,0.075110446321271,0.173455113126923,0.0462665594164942,0,0.990306852169842,0.0457914374244092,0.0435803606446889,0.903901424914419,0,0,12621869.1518455,2.22044604925031e-16,0,0,0,17,0.205708891188541,0.0691501186235227,0.111865325211112,387
physical_only,2.92906119240309,5.98718353186109,2.1848996465062,0,11.5950844483915,0.460983045050735,0.568380313932935,9.81159701711205,225,0,24377044.9507681,NaN,1,0,0,0,5.87736444460976,0.486386933925178,0.613484461992476,388
combined_phase2b,3.35716695439837,7.49993523323657,1.7891563411224,0,14.77484244719,0.604661199962911,0.568380313932935,9.81159701711205,225,0,24377044.9507681,NaN,1,0,0,17,7.41165632125107,0.595695022886501,0.613484461992476,388
physical_only,0.218498254770555,0.417520167955324,0.180503993774373,0,1.02215257296979,0.0430380442137223,0.0622076208864932,0.987130067132087,0,0,9820058.5690145,0.0780000000000001,0,0,0,0,0.518216744109202,0.0719155539080951,0.129828574683044,389
combined_phase2b,0.187112592181876,0.436190961175656,0.126133137701676,0,0.983966588304634,0.0426003646118922,0.0622076208864932,0.987130067132087,0,0,9820058.5690145,0.0810000000000002,0,0,0,17,0.533849155235351,0.0732314802685984,0.129828574683044,389
physical_only,0.0353427296216643,0.0516926385168175,0.0225529363650059,0,0.0578857564808713,0.0024621398695745,0.0524878761661387,0.0528850821042123,0,0,8077392.96806034,2.22044604925031e-16,0,0,0,0,0.163073414029339,0.0338088319574613,0.120805790624237,390
combined_phase2b,0.0338407171958646,0.0463480562336155,0.0193610740758794,0,0.0676427994320605,0.0028599238569501,0.0524878761661387,0.0528850821042123,0,0,8077392.96806034,2.22044604925031e-16,0,0,0,17,0.151692904367132,0.0366762926310341,0.120805790624237,390
physical_only,0.246000314894481,0.360413341694338,0.157087138949393,0,0.405059712490626,0.0174205595336472,0.0939692198266692,0.36994818211671,0,0,7623216.05809465,0.034,0,0,0,0,0.471615084917332,0.0461987894968759,0.162398514802505,391
combined_phase2b,0.238961391081609,0.359463969057187,0.153028617791137,0,0.397780970102912,0.0169092048588647,0.0939692198266692,0.36994818211671,0,0,7623216.05809465,0.034,0,0,0,17,0.450974603512776,0.0446084773199226,0.162398514802505,391
physical_only,0.0126898144287992,0.0316406257070819,0.0201360784109037,0,0.092540947175863,0.003978019604845,0.0352940141324807,0.0796238086391207,0,0,13571825.480731,2.22044604925031e-16,0,0,0,0,0.11755085215676,0.0345876617107485,0.0962169930305285,392
combined_phase2b,0.0328516947887387,0.061644150075486,0.0221365764753103,0,0.110179257328369,0.00468526493734136,0.0352940141324807,0.0796238086391207,0,0,13571825.480731,2.22044604925031e-16,0,0,0,17,0.13145077737407,0.036143226111243,0.0962169930305285,392
physical_only,0.467547064334382,0.825364498921681,0.441698441326212,0,2.92128403336793,0.131083451773895,0.089189737766966,2.71741573550008,0,0,11628919.5020132,0.054,0,0,0,0,0.715321518842712,0.147735368096265,0.136918675066602,393
combined_phase2b,0.49291672252718,0.954328468923775,0.512314834849253,0,2.77706914196771,0.127574752686772,0.089189737766966,2.71741573550008,0,0,11628919.5020132,0.0610000000000002,0,0,0,17,1.07181549354262,0.144734660246473,0.136918675066602,393
physical_only,0.12611350544275,0.184483837102183,0.0804656873596672,0,0.199112772833479,0.00824496237120403,0.112955518692457,0.18154958370747,0,0,11311112.2059565,0.0150000000000001,0,0,0,0,0.0743402182649545,0.0309765630580976,0.160371079202506,394
combined_phase2b,0.142623675228996,0.221051725579521,0.081811757952267,0,0.204714577574508,0.00844283496216377,0.112955518692457,0.18154958370747,0,0,11311112.2059565,0.0150000000000001,0,0,0,17,0.324776689085387,0.0368425095709789,0.160371079202506,394
physical_only,0.153423905561457,0.224574963732482,0.0978548826006169,0,0.919246891256116,0.0418429586700294,0.261669758196882,0.913540631667944,72,0,8509455.2811679,0.02,0,0,0,0,0.335691219735962,0.0730682039300111,0.330112060062611,395
combined_phase2b,0.132536849234208,0.335524365112897,0.198687513253118,0,1.0388196766463,0.0491800065149065,0.261669758196882,0.913540631667944,72,0,8509455.2811679,0.04,0,0,0,17,0.395929023355561,0.0746733005233683,0.330112060062611,395
physical_only,2.01693012430157,4.54484560804996,2.25929721598174,0,17.2775937709631,0.745664131926978,0.406882025226983,14.3705944619147,188,0,7606621.40499067,0.138,0,0,0,0,4.65592534962364,0.761538664993384,0.475384839886832,396
combined_phase2b,2.25022406857294,5.05011025050379,3.31427741213609,0,18.2548282452903,0.824596195823663,0.406882025226983,14.3705944619147,188,0,7606621.40499067,0.15,0,0,0,17,4.928752466488,0.828973259122587,0.475384839886832,396
physical_only,0.316987066789565,0.662585702260414,0.365761828437306,0,1.24110144242923,0.0500849210560909,0.147813468890319,1.22876291606464,0,0,7952188.86603436,0.026,0,0,0,0,0.772846074496749,0.0768003666858434,0.216242372475643,397
combined_phase2b,0.327414042575486,0.752560428435645,0.19378382360329,0,1.33960251514245,0.0550272609177654,0.147813468890319,1.22876291606464,0,0,7952188.86603436,0.0700000000000001,0,0,0,17,0.781189125640666,0.0797781061705021,0.216242372475643,397
physical_only,0.049352757069482,0.076119025067407,0.0290520266275557,0,0.205124386067019,0.00909716574960073,0.164627213094312,0.196449637201109,0,0,14979142.4256442,2.22044604925031e-16,0,0,0,0,0.187289905187434,0.0409365118090283,0.232648986697054,398
combined_phase2b,0.0453379599281111,0.0715056143011401,0.0128657945863655,0,0.211707894608629,0.00953710747119509,0.164627213094312,0.196449637201109,0,0,14979142.4256442,2.22044604925031e-16,0,0,0,17,0.166911081119896,0.0413605320602714,0.232648986697054,398
physical_only,0.0434124325702617,0.0805779973383623,0.0481266592922478,0,0.172272385875673,0.00684319842352247,0.0401972556770932,0.13664134210337,0,0,12593962.9798074,2.22044604925031e-16,0,0,0,0,0.181552911982726,0.0356223215562148,0.106987377829901,399
combined_phase2b,0.0588312863139919,0.11721073619173,0.0381281133890834,0,0.227060940712253,0.00925208965700183,0.0401972556770932,0.13664134210337,0,0,12593962.9798074,2.22044604925031e-16,0,0,0,17,0.143624414225749,0.0361196834408759,0.106987377829901,399
physical_only,0.219423348857805,0.322640449452934,0.140592815982986,0,1.05162149475993,0.0490714605097352,0.209542742195084,1.05053118358606,31,0,18101033.4533223,0.0250000000000001,0,0,0,0,0.211999297658224,0.0663895956991684,0.254568214337344,400
combined_phase2b,0.192074058899921,0.390647580260685,0.218975115600286,0,1.11343629907669,0.0538857126620883,0.209542742195084,1.05053118358606,31,0,18101033.4533223,0.0350000000000001,0,0,0,17,0.330520170820506,0.0672986536018911,0.254568214337344,400
physical_only,1.09406412967271,1.59953523332683,0.697688625869799,0,2.73750079874356,0.117462696934175,0.150449113696909,2.60668750046009,0,0,18764564.0137014,0.0650000000000002,0,0,0,0,1.48901694232256,0.129176994301005,0.19580349064476,401
combined_phase2b,1.13238576754209,1.96204149895467,0.578236949848641,0,2.5518890204489,0.115672475017738,0.150449113696909,2.60668750046009,0,0,18764564.0137014,0.0580000000000001,0,0,0,17,1.97384276138133,0.129283067443183,0.19580349064476,401
physical_only,0.269936432242232,0.394757535146487,0.172180729896642,0,0.40445644373714,0.0170531794151647,0.0977137296331122,0.366394109178585,0,0,8888129.19383471,0.036,0,0,0,0,0.284564225287926,0.0394783187508737,0.146184690106841,402
combined_phase2b,0.289434400222602,0.442602873392555,0.175110130070276,0,0.413411135067886,0.0172023544483317,0.0977137296331122,0.366394109178585,0,0,8888129.19383471,0.036,0,0,0,17,0.538397182236148,0.0413368540355295,0.146184690106841,402
physical_only,0.215402812376554,0.426534947443344,0.0205732054275739,0,0.665168366118254,0.0266776647913502,0.105575045254814,0.567296818466449,0,0,19638291.5148496,2.22044604925031e-16,0,0,0,0,0.315758655610358,0.0486477318964732,0.152958289452717,403
combined_phase2b,0.245183838261568,0.515713639741572,0.0863588982329363,0,0.745635199058153,0.0330261833826581,0.105575045254814,0.567296818466449,0,0,19638291.5148496,0.024,0,0,0,17,0.514670512992923,0.0566142280462664,0.152958289452717,403
physical_only,2.82827488951968,4.12570799496796,1.80092253154045,0,11.2062039453801,0.504143726292221,0.342408802875607,11.0182520424878,112,0,11699345.5787119,NaN,1,0,0,0,4.01462825339428,0.515858023659051,0.389596835321165,404
combined_phase2b,2.6270072605716,4.41325921325668,2.1759694609604,0,11.3588680496624,0.523718733725206,0.342408802875607,11.0182520424878,112,0,11699345.5787119,NaN,1,0,0,17,4.446718311901,0.536956402636998,0.389596835321165,404
physical_only,1.15245252315727,1.69392038132745,0.739432614265276,0,2.13388207549933,0.0960506889545335,0.0643840320185893,2.10394626609726,0,0,20100989.4960485,0.0580000000000001,0,0,0,0,1.58253110600153,0.111520034210683,0.112995499098386,405
combined_phase2b,1.18212289729006,1.8425278117069,0.753552351588982,0,2.14582586606077,0.0966664606448417,0.0643840320185893,2.10394626609726,0,0,20100989.4960485,0.0580000000000001,0,0,0,17,1.8684352139254,0.115635584633999,0.112995499098386,405
physical_only,0.407624708518548,1.20768491297011,0.966417142983416,0,12.4683717411558,0.5826864880036,0.511214513540425,11.2827699349308,223,0,21934850.154688,0.127,0,0,0,0,1.17737542498968,0.570693195756013,0.578420086112165,406
combined_phase2b,0.466282045612272,1.37551002055629,1.25560417268388,0,12.3128355414894,0.571383490799369,0.511214513540425,11.2827699349308,223,0,21934850.154688,0.147,0,0,0,17,1.31754697419577,0.581237051808313,0.578420086112165,406
physical_only,0.313387609159363,0.458793014227494,0.199183281763858,0,0.478875537435073,0.0205852590858137,0.150837727251555,0.482501873868796,0,0,8862536.14849892,0.038,0,0,0,0,0.570180684198024,0.0511546759254763,0.219333355688808,407
combined_phase2b,0.307718721477585,0.462114354571254,0.206218878331568,0,0.484610653023363,0.0216340870473225,0.150837727251555,0.482501873868796,0,0,8862536.14849892,0.04,0,0,0,17,0.546307917434491,0.0480901821728319,0.219333355688808,407
physical_only,0.0270074904189569,0.0395438371048906,0.0170108936525556,0,0.118196713138707,0.00541409424730616,0.0833459284939773,0.116843857751305,0,0,15244397.9455206,2.22044604925031e-16,0,0,0,0,0.0723618353286548,0.0343376957198035,0.130648856733657,408
combined_phase2b,0.0367034274009589,0.0514663836505521,0.0128078315952549,0,0.113237834513836,0.00530890212199368,0.0833459284939773,0.116843857751305,0,0,15244397.9455206,2.22044604925031e-16,0,0,0,17,0.164789455564773,0.0399261320950351,0.130648856733657,408
physical_only,0.051715057230717,0.0773348993446023,0.0307953830156696,0,0.233133219971031,0.0103460733286409,0.145298956241494,0.227199584061065,0,0,21246441.392037,2.22044604925031e-16,0,0,0,0,0.0390456045357125,0.0352374610734661,0.193913500787847,409
combined_phase2b,0.0714885153531914,0.111541105704938,0.0192756920644511,0,0.232349540706489,0.00989879301128562,0.145298956241494,0.227199584061065,0,0,21246441.392037,2.22044604925031e-16,0,0,0,17,0.233990082175933,0.041621201006133,0.193913500787847,409
physical_only,0.123379652611901,0.18043904170033,0.0786809253722432,0,0.263841293094609,0.0114241656004746,0.0355319790021604,0.248912598880295,0,0,14758702.3834584,0.0150000000000001,0,0,0,0,0.291803634971992,0.0403857359797536,0.103954124999697,410
combined_phase2b,0.117463448218105,0.177116908525894,0.0800175816506661,0,0.263425854959461,0.0120639651540272,0.0355319790021604,0.248912598880295,0,0,14758702.3834584,0.016,0,0,0,17,0.275319269689337,0.041241756430361,0.103954124999697,410
physical_only,0.0245698346160373,0.0782463639765135,0.00985370369723683,0,4.04931127416069,0.191387811909845,0.125479949423685,3.97818591939324,0,0,7438233.17862379,2.22044604925031e-16,0,0,0,0,0.112396938994359,0.217536552107747,0.191292202400592,411
combined_phase2b,0.789642937842322,1.97124173315835,0.145069590366955,0,5.65252233418722,0.245504127825749,0.125479949423685,3.97818591939324,0,0,7438233.17862379,0.0800000000000001,0,0,0,17,2.02848263437411,0.266961387358111,0.191292202400592,411
physical_only,1.23337096808734,1.81346660061131,0.800731429122496,0,2.24404865255243,0.0992454161775608,0.139701547408998,2.23361283255719,0,0,21517448.669678,0.0650000000000002,0,0,0,0,1.70287088768813,0.121835080460528,0.188288519481729,412
combined_phase2b,1.26720234742287,1.91421106925433,0.804847063715626,0,2.27382843396781,0.104034488288401,0.139701547408998,2.23361283255719,0,0,21517448.669678,0.0650000000000002,0,0,0,17,1.96043302609294,0.125994697026908,0.188288519481729,412
physical_only,0.011430864700938,0.0181280827666724,0.00596880604711195,0,0.209420355468183,0.00971730104537441,0.171377326585753,0.208543145300658,0,0,24118765.8520207,2.22044604925031e-16,0,0,0,0,0.0985608783040364,0.0380986429214651,0.217420368502271,413
combined_phase2b,0.0387120762902227,0.0691741322479145,0.0142041451188445,0,0.235750560570574,0.0112873807398318,0.171377326585753,0.208543145300658,0,0,24118765.8520207,2.22044604925031e-16,0,0,0,17,0.142652506662342,0.0408985583440278,0.217420368502271,413
physical_only,0.095460192258015,0.16335901819427,0.0584819580950588,0,1.5247218390512,0.0707740181582088,0.0300955789455102,1.48123067779212,0,0,14328851.8886127,0.054,0,0,0,0,0.273548974522029,0.0921175939359812,0.0985959919203607,414
combined_phase2b,0.141180946523369,0.32977254761601,0.222957699533715,0,1.66903174912504,0.0792217210388751,0.0300955789455102,1.48123067779212,0,0,14328851.8886127,0.0230000000000001,0,0,0,17,0.388795210889981,0.0953900903624791,0.0985959919203607,414
physical_only,0.703761428479667,1.06023930740214,0.493327625123266,0,5.13883687649059,0.235557196853493,0.173757608343892,4.98501472118591,0,0,6651670.01404762,0.0490000000000002,0,0,0,0,0.949426490303603,0.254387908326402,0.218334579354507,415
combined_phase2b,0.640527116825539,1.09826195040064,0.271009010100332,0,5.01000693608426,0.223543604050323,0.173757608343892,4.98501472118591,0,0,6651670.01404762,0.032,0,0,0,17,1.05943896007262,0.243655620856022,0.218334579354507,415
physical_only,0.126585356362532,0.273946072149262,0.122234040713323,0,0.407117828695284,0.0157690685577969,0.123188537662474,0.347487004024812,0,0,22410866.8212004,0.0660000000000001,0,0,0,0,0.184465607345762,0.0392716020056922,0.169106414553507,416
combined_phase2b,0.15388531165451,0.339035296870079,0.0988901023423241,0,0.508693495759296,0.0214347715743572,0.123188537662474,0.347487004024812,0,0,22410866.8212004,0.0650000000000002,0,0,0,17,0.290339539168882,0.0459123964041906,0.169106414553507,416
physical_only,0.749562866356271,1.09680350107039,0.482777496114448,0,2.68740163705224,0.121824554839314,0.245018281305806,2.66117168276679,63,0,12846396.7283345,0.0410000000000001,0,0,0,0,0.986312955200148,0.139385640282337,0.292317606609649,417
combined_phase2b,0.615089828089954,1.04564270565983,0.308212925215956,0,2.53309275941439,0.113625454740595,0.245018281305806,2.66117168276679,63,0,12846396.7283345,0.028,0,0,0,17,0.997127654886847,0.128994167833364,0.292317606609649,417
physical_only,0.190170234227282,0.278290248297917,0.121385524960268,0,0.341048879819387,0.0147929145795878,0.158407642322076,0.3141275357884,0,0,13668583.7255767,0.0270000000000001,0,0,0,0,0.389613533372873,0.0441893987082767,0.224733190016443,418
combined_phase2b,0.188019383804369,0.288041190885769,0.12608479745588,0,0.339236417749839,0.014923061726168,0.158407642322076,0.3141275357884,0,0,13668583.7255767,0.0290000000000001,0,0,0,17,0.382449951963047,0.0429959242789669,0.224733190016443,418
physical_only,0.388216368509964,0.566296605652183,0.246981266202344,0,1.67107703459072,0.0762521268132018,0.26261953308915,1.61673359442095,70,0,12030818.2901753,0.0390000000000001,0,0,0,0,0.456017062468649,0.0978903232921672,0.311219790674704,419
combined_phase2b,0.387502665516525,0.646838271777826,0.23706033359994,0,1.75095868092839,0.078478339585354,0.26261953308915,1.61673359442095,70,0,12030818.2901753,0.036,0,0,0,17,0.677414340812521,0.0987450361389263,0.311219790674704,419
physical_only,0.158416170367398,0.305460292165161,0.245970666913346,0,0.592853484632692,0.0234179714842194,0.202167513381942,0.486361996347376,14,0,8308528.25799547,0.05,0,0,0,0,0.344844015165856,0.0510019095335189,0.248280346736516,420
combined_phase2b,0.188067043927628,0.389033679850402,0.165984195765577,0,0.752144696415903,0.0310298599612457,0.202167513381942,0.486361996347376,14,0,8308528.25799547,0.0470000000000002,0,0,0,17,0.294812584279607,0.0575931733125462,0.248280346736516,420
physical_only,0.0687416230118285,0.103511766698268,0.0467035079997848,0,0.257617457481534,0.0120847717680759,0.20081999711222,0.258708494462994,9,0,8589165.90913195,2.22044604925031e-16,0,0,0,0,0.0169405895515898,0.0356198626988617,0.249066526775498,421
combined_phase2b,0.090213673358342,0.133580551163397,0.0649332881445378,0,0.276567232062444,0.0121273267650531,0.20081999711222,0.258708494462994,9,0,8589165.90913195,0.01,0,0,0,17,0.249806631366751,0.0443952920180574,0.249066526775498,421
physical_only,0.0253422742956139,0.0579176237445621,0.0607054397033112,0,2.22197423196464,0.104059966627242,0.143866715099987,2.20568164565777,0,0,22329478.9478658,0.0550000000000002,0,0,0,0,0.15970031364339,0.133868890394666,0.211310051965002,422
combined_phase2b,0.0783867641569971,0.231716241913443,0.0495048095341738,0,2.38286807254056,0.113569254391551,0.143866715099987,2.20568164565777,0,0,22329478.9478658,2.22044604925031e-16,0,0,0,17,0.185093286431111,0.130999283520578,0.211310051965002,422
physical_only,0.0229032181262105,0.0341751164764787,0.0155652638742615,0,0.22199710003926,0.0102143716779982,0.122262942599977,0.217868805769199,0,0,13936019.1079575,2.22044604925031e-16,0,0,0,0,0.0812221969945802,0.037520497051612,0.168334005064069,423
combined_phase2b,0.0509367259957536,0.0733574203195438,0.0111464742477202,0,0.241092069736361,0.0102431260694966,0.122262942599977,0.217868805769199,0,0,13936019.1079575,2.22044604925031e-16,0,0,0,17,0.187155638384738,0.0389327846240453,0.168334005064069,423
physical_only,1.82338440150166,2.67598830074999,1.16617981678521,0,6.34219830780678,0.28657658011773,0.24565977196414,6.11310692120194,60,0,15029491.2146478,0.0800000000000001,0,0,0,0,2.78647884662023,0.303662810698867,0.311003421354384,424
combined_phase2b,1.9203033743227,3.61550388410871,0.404432440315309,0,5.35216390721022,0.250775419533556,0.24565977196414,6.11310692120194,60,0,15029491.2146478,NaN,1,0,0,17,3.63677592973229,0.248560157469653,0.311003421354384,424
physical_only,0.372077428313781,0.840293180693004,0.417888483261443,0,1.47508694600595,0.0590926366876301,0.130549606403264,1.33524278876228,0,0,21041313.4452188,0.0960000000000001,0,0,0,0,0.751920996900917,0.086205408444094,0.178297743999006,425
combined_phase2b,0.431947635230661,0.958764337126114,0.37913004077736,0,1.79819397120778,0.0739680784176654,0.130549606403264,1.33524278876228,0,0,21041313.4452188,0.0970000000000002,0,0,0,17,0.894453393856612,0.0883449721055396,0.178297743999006,425
physical_only,4.90947545255695,7.1882484350524,3.14258185913255,0,7.11724291204044,0.29957605395622,0.185730275989199,7.2008779408259,0,0,17061675.3385715,NaN,1,0,0,0,7.29833640219633,0.328369203487239,0.253545551011461,426
combined_phase2b,4.99031358071609,7.59830419255273,3.22807509090811,0,7.21105446599703,0.312297012878802,0.185730275989199,7.2008779408259,0,0,17061675.3385715,NaN,1,0,0,17,7.61537208517317,0.339696940177985,0.253545551011461,426
physical_only,0.0857713525976879,0.194804914551898,0.143011047486936,0,0.691293319789595,0.0299298347336951,0.184248315347296,0.570422976487773,0,0,9992716.06101179,0.0650000000000002,0,0,0,0,0.216318891137449,0.0568103952681355,0.230459642463872,427
combined_phase2b,0.0913051354843365,0.239901800581383,0.134454722937263,0,0.721056205441603,0.0326198025343369,0.184248315347296,0.570422976487773,0,0,9992716.06101179,0.0640000000000001,0,0,0,17,0.318938499206751,0.0656955088480004,0.230459642463872,427
physical_only,0.0422688084090347,0.0947323814052696,0.0687248924600952,0,0.152963331669345,0.00589376129956599,0.0667333898113637,0.135799641472308,0,0,8927751.0172972,0.016,0,0,0,0,0.174864312093879,0.033085129557482,0.121294690012999,428
combined_phase2b,0.0580048618797934,0.135282743526639,0.055988328450765,0,0.208857918639796,0.00804116444915008,0.0667333898113637,0.135799641472308,0,0,8927751.0172972,0.00900000000000012,0,0,0,17,0.179407367702805,0.0363310357488686,0.121294690012999,428
physical_only,0.036701261674449,0.0534019366409918,0.0232721753580608,0,0.273298940413033,0.0128018428648728,0.030846947644904,0.272922303749687,0,0,7784191.30503746,2.22044604925031e-16,0,0,0,0,0.0580140848125753,0.0395261528025068,0.0879823402098059,429
combined_phase2b,0.0772112904624533,0.128282832819846,0.0535851344868344,0,0.334172948989397,0.0150908141286748,0.030846947644904,0.272922303749687,0,0,7784191.30503746,0.00300000000000011,0,0,0,17,0.216214612868833,0.0425911385315613,0.0879823402098059,429
physical_only,0.197690247326449,0.288882357208696,0.125991303361438,0,0.39348533632022,0.0174173333026223,0.150361125794101,0.375243215773693,0,0,25419977.5150249,0.0270000000000001,0,0,0,0,0.178682203366975,0.038485283813858,0.197027068622371,430
combined_phase2b,0.215479633570948,0.318756983259877,0.131375177514005,0,0.412908832469735,0.0179554659011983,0.150361125794101,0.375243215773693,0,0,25419977.5150249,0.028,0,0,0,17,0.423623234001543,0.0407542050729549,0.197027068622371,430
physical_only,0.00349752023662409,0.00551202914889441,0.00232752402720615,0,0.0116908857437447,0.000503887192573227,0.00866244883604791,0.0107408648667376,0,0,9508059.63776185,2.22044604925031e-16,0,0,0,0,0.106918846112696,0.0315505068027014,0.0693848418189742,431
combined_phase2b,0.0283652622463412,0.0463480562336155,0.00500342307065886,0,0.0600398107888356,0.00255242064697209,0.00866244883604791,0.0107408648667376,0,0,9508059.63776185,2.22044604925031e-16,0,0,0,17,0.142995479417407,0.0363992485529652,0.0693848418189742,431
physical_only,0.00553527148635158,0.00787078033072603,0.00341915548557715,0,0.165174743978593,0.00774320085736154,0.0806466046879276,0.164459806053234,0,0,15830969.2878451,2.22044604925031e-16,0,0,0,0,0.119255954864484,0.039791821348943,0.139644260844809,432
combined_phase2b,0.028617826586451,0.0463480562336155,0.00460654254188671,0,0.189009827065168,0.00888954817782443,0.0806466046879276,0.164459806053234,0,0,15830969.2878451,2.22044604925031e-16,0,0,0,17,0.136420369452884,0.0417001427610317,0.139644260844809,432
physical_only,0.0994176746045594,0.144328403360164,0.0616990256113243,0,0.662234241980482,0.0303831284725734,0.199483327398752,0.652888662959011,0,0,10702469.4188879,0.0150000000000001,0,0,0,0,0.0341666253497665,0.0529469410891178,0.247761833806177,433
combined_phase2b,0.151943219150327,0.262257487667639,0.121103908443688,0,0.778578422977772,0.035944717064412,0.199483327398752,0.652888662959011,0,0,10702469.4188879,0.0350000000000001,0,0,0,17,0.317331926665521,0.0600792166516098,0.247761833806177,433
physical_only,0.0173821696835826,0.0251961603837991,0.0113570966006808,0,0.164564299373732,0.00757533871909229,0.0923742697668428,0.162685170602999,0,0,11566649.1826247,2.22044604925031e-16,0,0,0,0,0.0876689269916026,0.03558031422506,0.140950035615251,434
combined_phase2b,0.0405543835155343,0.0614487958749336,0.00934362281605563,0,0.180797798924177,0.00792067261449504,0.0923742697668428,0.162685170602999,0,0,11566649.1826247,2.22044604925031e-16,0,0,0,17,0.152718597898932,0.0376818045681014,0.140950035615251,434
physical_only,0.72310389449653,1.33110118713457,1.23872299589131,0,2.07098907844269,0.0741528638310387,1.55759805646455,1.79785347160638,274,0,6843315.00550222,0.0930000000000002,0,0,0,0,1.44028520472137,0.100260641968318,1.61775359155126,435
combined_phase2b,0.849711735406719,1.76366548301003,1.1842921460037,0,2.73928032543421,0.102453170434202,1.55759805646455,1.79785347160638,274,0,6843315.00550222,0.0860000000000001,0,0,0,17,1.79143398948392,0.127469506496839,1.61775359155126,435
physical_only,0.00713958352495763,0.0168357316765951,0.0189770118148568,0,1.38302256904677,0.0652960505603628,0.0692696332375173,1.37819680313702,0,0,22789559.3488558,2.22044604925031e-16,0,0,0,0,0.105779872806322,0.0945253142594224,0.136749147653268,436
combined_phase2b,0.208833017991825,0.468677350983255,0.0225810665350865,0,1.78924263240957,0.0879071506917396,0.0692696332375173,1.37819680313702,0,0,22789559.3488558,2.22044604925031e-16,0,0,0,17,0.538417394700301,0.103710430987017,0.136749147653268,436
physical_only,0.36001250375665,0.889094294069914,0.478629707563065,0,5.37149473597594,0.241355192885412,1.30889994026385,4.82008481113118,270,0,10639140.0636522,0.0680000000000001,0,0,0,0,0.847508219261274,0.264461351577917,1.35633932333191,437
combined_phase2b,0.395111603888842,1.24930804794119,1.24632665780606,0,5.44260104723909,0.250635444635542,1.30889994026385,4.82008481113118,270,0,10639140.0636522,0.0850000000000002,0,0,0,17,1.28743844937129,0.259847139558669,1.35633932333191,437
physical_only,0.498737710453393,0.72502996932821,0.315805421385604,0,3.61548263980826,0.163931908973373,0.180227445341994,3.60418099485733,0,0,15805364.0348265,0.0490000000000002,0,0,0,0,0.614773160301469,0.180730979834729,0.22871046582895,438
combined_phase2b,0.599543403688561,1.18069304379586,0.383656633888599,0,3.88858072502291,0.171474089487906,0.180227445341994,3.60418099485733,0,0,15805364.0348265,0.0570000000000002,0,0,0,17,1.25710901592847,0.190354632290012,0.22871046582895,438
physical_only,0.0305428375362905,0.0627288428948014,0.0133528515377893,0,0.0766764475966109,0.00289694444261178,0.0147889954361669,0.0729433480698102,0,0,16929983.3695755,2.22044604925031e-16,0,0,0,0,0.109395432979461,0.029600682113078,0.0715632943736882,439
combined_phase2b,0.0493175328294346,0.0859811123627818,0.0241889176365446,0,0.0949517351900848,0.00389462814511823,0.0147889954361669,0.0729433480698102,0,0,16929983.3695755,2.22044604925031e-16,0,0,0,17,0.130423131926493,0.0342622994331772,0.0715632943736882,439
physical_only,1.44526981678806,2.22834622828041,0.584686116035865,0,17.6085249164531,0.809974200757396,0.551588419971958,17.3334681166342,221,0,8772953.39326559,NaN,1,0,0,0,2.11716487017454,0.789834060405925,0.567509232285707,440
combined_phase2b,1.6224927188597,3.43596391467461,0.127795851278476,0,17.3451031334285,0.785206778261672,0.551588419971958,17.3334681166342,221,0,8772953.39326559,NaN,1,0,0,17,3.47849225053315,0.801819510467291,0.567509232285707,440
physical_only,0.710060533378568,1.03954814242096,0.45403482099459,0,1.26107795234226,0.0537131613557129,0.0898048549776168,1.16955683751054,0,0,14034096.3938219,0.0550000000000002,0,0,0,0,1.14999952506177,0.0841269908532673,0.157700502234938,441
combined_phase2b,0.703117441306957,1.07497653172855,0.482100536412822,0,1.300960693693,0.0541138177811606,0.0898048549776168,1.16955683751054,0,0,14034096.3938219,0.0590000000000002,0,0,0,17,1.15985052925662,0.0848116271900782,0.157700502234938,441
physical_only,0.37676795349299,0.5525182577346,0.241134792825641,0,0.577841386066123,0.0248465480225468,0.168273453437964,0.592937387883272,0,0,10880964.2071913,0.046,0,0,0,0,0.663377517973104,0.0558393096291826,0.236705311391369,442
combined_phase2b,0.371718708866025,0.562101482299372,0.250402841490143,0,0.604668365600465,0.0259882255583626,0.168273453437964,0.592937387883272,0,0,10880964.2071913,0.048,0,0,0,17,0.640378524836964,0.05336238968324,0.236705311391369,442
physical_only,0.0914644043944709,0.14243029941731,0.0646670944078854,0,0.362256442657189,0.0156990963961173,0.315431712534729,0.350415280433046,95,0,10180410.1487757,0.00600000000000001,0,0,0,0,0.253741841646547,0.0465276577090686,0.381442825560098,443
combined_phase2b,0.0882705578047026,0.142831398680229,0.0364749290240808,0,0.36147947831211,0.0164934534876096,0.315431712534729,0.350415280433046,95,0,10180410.1487757,2.22044604925031e-16,0,0,0,17,0.232025180377013,0.0453495050120513,0.381442825560098,443
physical_only,0.298023691001545,0.444107840125336,0.190557619779446,0,1.71552286425797,0.0781975834118483,0.415372087769555,1.67581473671636,155,0,17752548.3069781,0.0590000000000002,0,0,0,0,0.55534431680419,0.101530663613337,0.464819208472876,444
combined_phase2b,0.325528652614721,0.647463932645968,0.333865897637021,0,1.90508861498069,0.0917011822871163,0.415372087769555,1.67581473671636,155,0,17752548.3069781,0.0650000000000002,0,0,0,17,0.746144519408852,0.113313823400218,0.464819208472876,444
physical_only,0.179144737945951,0.401673224826057,0.109967308987372,0,0.654990413738597,0.0258801691003295,0.168703693883751,0.614479390532333,0,0,19453208.9056444,0.0740000000000001,0,0,0,0,0.292202977674812,0.0526576139046738,0.215390547134345,445
combined_phase2b,0.213834251228048,0.494709805809497,0.104602743947297,0,0.821697117182867,0.0340303409459886,0.168703693883751,0.614479390532333,0,0,19453208.9056444,0.0740000000000001,0,0,0,17,0.442243575223682,0.0545103086570129,0.215390547134345,445
physical_only,0.404560798748164,0.63566603839472,0.215412294868156,0,1.33934636488788,0.0573346114785264,0.0861283900666829,1.30031971284147,0,0,8759122.37412057,0.0750000000000002,0,0,0,0,0.525314348049549,0.0808872157604481,0.134676431678583,446
combined_phase2b,0.415722399695131,0.683212956734225,0.116240082264046,0,1.29495210203773,0.0598829009860846,0.0861283900666829,1.30031971284147,0,0,8759122.37412057,0.0700000000000001,0,0,0,17,0.763520543640873,0.0827607290808466,0.134676431678583,446
physical_only,1.44751299013695,2.23933947583336,1.04217812493259,0,2.85750189353327,0.118961061586355,0.17825241752667,2.92788101588119,0,0,9618076.4773017,0.0700000000000001,0,0,0,0,2.35072875115927,0.122672251705102,0.245846908658118,447
combined_phase2b,1.48248107146912,2.30941499448154,1.20870665859624,0,2.91216318347063,0.12764764174689,0.17825241752667,2.92788101588119,0,0,9618076.4773017,0.0750000000000002,0,0,0,17,2.29534888232192,0.133625932941695,0.245846908658118,447
physical_only,0.202909965526826,0.452963320307736,0.352670726107722,0,2.49883253523484,0.112194114271545,0.221454372683552,2.21953656049839,48,0,8980018.5423881,0.104,0,0,0,0,0.563186265368243,0.143530511893563,0.289739734402948,448
combined_phase2b,0.160637702964052,0.411368075216564,0.42642883114523,0,2.42827796769789,0.111672556426631,0.221454372683552,2.21953656049839,48,0,8980018.5423881,0.106,0,0,0,17,0.514132639458924,0.140708490149861,0.289739734402948,448
physical_only,0.088980809239129,0.182862875867994,0.14677046086395,0,0.41206727026229,0.0167383186748486,0.173656418029687,0.336910531485877,0,0,8266169.93858699,0.0700000000000001,0,0,0,0,0.24425127974806,0.046438026835501,0.220859141278332,449
combined_phase2b,0.112410258320512,0.242334312627066,0.119700272270603,0,0.514895284110049,0.0218081396279255,0.173656418029687,0.336910531485877,0,0,8266169.93858699,0.0690000000000002,0,0,0,17,0.280817869037848,0.0479972878049776,0.220859141278332,449
physical_only,0.140013056520114,0.26379095135603,0.151136995523899,0,0.31977428986444,0.0150005335356099,0.173940350449306,0.319799528000212,0,0,23438711.1557598,0.0350000000000001,0,0,0,0,0.155480681231887,0.0374866815962038,0.221415665068205,450
combined_phase2b,0.152066358589176,0.295926489868776,0.121761756069102,0,0.30752414758946,0.0144518663354304,0.173940350449306,0.319799528000212,0,0,23438711.1557598,0.03,0,0,0,17,0.417245786421262,0.0450558932171799,0.221415665068205,450
physical_only,0.730352338579389,1.07316618566747,0.465016266368149,0,2.06128088037251,0.0917890186958446,0.111908828208414,2.05629442836156,0,0,9277342.30549226,0.0700000000000001,0,0,0,0,0.962624295642854,0.107884309827584,0.157675299371738,451
combined_phase2b,0.814703010621746,1.30993376257759,0.497347954380857,0,2.22987379982639,0.0962677836300869,0.111908828208414,2.05629442836156,0,0,9277342.30549226,0.0710000000000002,0,0,0,17,1.25342184304436,0.116534480183659,0.157675299371738,451
physical_only,0.0400819925219565,0.0875890937236469,0.0525424614635465,0,0.240518770214728,0.010119968751933,0.17576388892491,0.220284641247314,0,0,8995062.25878139,0.0310000000000001,0,0,0,0,0.19862328318299,0.0378592917669067,0.243572942077552,452
combined_phase2b,0.0434216197956571,0.0800462416886379,0.0720900306926926,0,0.266027314956404,0.0110507344516081,0.17576388892491,0.220284641247314,0,0,8995062.25878139,0.0430000000000001,0,0,0,17,0.182831975386473,0.0401690644178605,0.243572942077552,452
physical_only,0.467685666422792,0.716559831930163,0.288137178953764,0,1.29753701074881,0.0581575912751684,0.0595856588196218,1.30430018468742,0,0,18946428.3416872,0.024,0,0,0,0,0.606400240252589,0.0809358579241285,0.10814429295518,453
combined_phase2b,0.498266981958027,0.769228640013201,0.394996053380945,0,1.29298354319462,0.0606988679198609,0.0595856588196218,1.30430018468742,0,0,18946428.3416872,0.034,0,0,0,17,0.878437411200727,0.0829226429835795,0.10814429295518,453
physical_only,0.192844704351473,0.359212726133831,0.13671403191375,0,0.529248641720553,0.0206915694074926,0.340460247997318,0.518561311058066,121,0,14202316.8339328,0.0110000000000001,0,0,0,0,0.250349175949083,0.0460102506020651,0.387397563168656,454
combined_phase2b,0.198543399148809,0.385855461145549,0.0981315857762875,0,0.502399905812949,0.0215804694470047,0.340460247997318,0.518561311058066,121,0,14202316.8339328,0.00700000000000012,0,0,0,17,0.50708943423193,0.0532995347754157,0.387397563168656,454
physical_only,0.0587603736383344,0.0861416406600989,0.0375913933911944,0,0.22322047520961,0.0100838599247107,0.0345141844541009,0.216941966027534,0,0,10530017.4483748,2.22044604925031e-16,0,0,0,0,0.197513548709276,0.0404817756216942,0.101762935577075,455
combined_phase2b,0.0605041791501044,0.124313156890241,0.0344581303746815,0,0.22285154522006,0.0100417975293386,0.0345141844541009,0.216941966027534,0,0,10530017.4483748,2.22044604925031e-16,0,0,0,17,0.21070800488289,0.0435211572435303,0.101762935577075,455
physical_only,0.797852060609317,1.17016423081669,0.509682394929146,0,2.11646217062095,0.0944637240365753,0.0490949533002986,2.00460660248325,0,0,9040701.62754083,0.0660000000000001,0,0,0,0,1.28065477668692,0.106214918065017,0.117577128661191,456
combined_phase2b,0.741044983643981,1.2760990297622,0.295769874873453,0,1.97939057742411,0.0906994755884376,0.0490949533002986,2.00460660248325,0,0,9040701.62754083,0.056,0,0,0,17,1.36477882929725,0.0982597303653547,0.117577128661191,456
physical_only,0.0240793307885698,0.0765927426630284,0.0661513164149814,0,1.36638727333182,0.064962470871068,0.719971690044451,1.30051596397607,247,0,23533541.5186744,0.0580000000000001,0,0,0,0,0.145279975961346,0.0877384333339707,0.783488000339662,457
combined_phase2b,0.094762457765176,0.199740924789468,0.133552538214625,0,1.41085550614255,0.0665373952277594,0.719971690044451,1.30051596397607,247,0,23533541.5186744,0.0680000000000001,0,0,0,17,0.279349816109356,0.0933075485074996,0.783488000339662,457
physical_only,0.0812632011601067,0.120037710644702,0.0521962408296001,0,0.546479397580728,0.0249066071804341,0.0927653039973285,0.537143121105287,0,0,22151365.6372242,0.00200000000000022,0,0,0,0,0.231274098423388,0.0569552276720155,0.15938763336785,458
combined_phase2b,0.112726683874878,0.208119203620585,0.0854283299886371,0,0.627130966585681,0.0283745898746795,0.0927653039973285,0.537143121105287,0,0,22151365.6372242,0.02,0,0,0,17,0.322842700503253,0.0590723992835971,0.15938763336785,458
physical_only,0.00607494932832921,0.00883520615516892,0.00384056507955075,0,0.0582064924567649,0.00272126081235043,0.0087979687162564,0.0580401323900677,0,0,15620403.5141122,2.22044604925031e-16,0,0,0,0,0.120201733952812,0.0338321708479312,0.0771440864488952,459
combined_phase2b,0.0251592529775663,0.0463480562336155,0.00177130777385974,0,0.0728865209481225,0.00326330232272327,0.0087979687162564,0.0580401323900677,0,0,15620403.5141122,2.22044604925031e-16,0,0,0,17,0.124230472377751,0.0364850405449401,0.0771440864488952,459
physical_only,0.0267619347909293,0.0394073055947483,0.0171833522229635,0,0.0832714365155799,0.00368362717884184,0.0576966481990344,0.0805917592708483,0,0,9230348.77176505,2.22044604925031e-16,0,0,0,0,0.15078382326557,0.0357027972540374,0.126199462858884,460
combined_phase2b,0.0276187738247961,0.0463480562336155,0.0143503947480357,0,0.096119927428115,0.00399205042121023,0.0576966481990344,0.0805917592708483,0,0,9230348.77176505,2.22044604925031e-16,0,0,0,17,0.131053837286327,0.0381584112797697,0.126199462858884,460
physical_only,0.240898692450197,0.498479402992281,0.181101434939756,0,0.983796010946299,0.039363827103878,0.368261667106689,0.835895744043534,180,0,15580629.3999436,0.0850000000000002,0,0,0,0,0.41928510740173,0.066523277171169,0.413958948514639,461
combined_phase2b,0.283801793052353,0.630489145549967,0.169400541498368,0,1.23883228223869,0.0513600858250124,0.368261667106689,0.835895744043534,180,0,15580629.3999436,0.0870000000000002,0,0,0,17,0.569774014814464,0.067409087670677,0.413958948514639,461
physical_only,0.155148543673238,0.230535850481418,0.0969159115860188,0,0.314765360197588,0.013500781243307,0.158846175451797,0.318279299093421,0,0,19996437.1068354,0.028,0,0,0,0,0.341767040805295,0.0444801663314109,0.227319706026226,462
combined_phase2b,0.14581416814305,0.22375517640846,0.0847183159077342,0,0.327973198110732,0.0142186160378737,0.158846175451797,0.318279299093421,0,0,19996437.1068354,0.024,0,0,0,17,0.318301812871012,0.0418505699829727,0.227319706026226,462
physical_only,0.366734465594487,0.532049910705164,0.228249417292078,0,2.8216085929263,0.130552764719818,0.106050196003815,2.81496638155816,0,0,10120517.2652191,0.038,0,0,0,0,0.421134625869631,0.149688044230611,0.153506362806366,463
combined_phase2b,0.363642855932463,0.853422006934104,0.309348156935881,0,2.964619171382,0.135718021902887,0.106050196003815,2.81496638155816,0,0,10120517.2652191,0.05,0,0,0,17,0.760746225473798,0.155716575339812,0.153506362806366,463
physical_only,0.102000909692802,0.151112490625939,0.0658537761182573,0,1.40100872678989,0.0651582859537307,0.488606125529127,1.38693478962032,217,0,12272534.6311377,0.0150000000000001,0,0,0,0,0.262269504924059,0.0863727809658247,0.552089216117356,464
combined_phase2b,0.143787439006375,0.330279623163981,0.226550427570256,0,1.57436126627091,0.0755168759073821,0.488606125529127,1.38693478962032,217,0,12272534.6311377,0.0490000000000002,0,0,0,17,0.389623852481793,0.0911149820942605,0.552089216117356,464
physical_only,0.902798089037935,1.31660274459728,0.573804701413627,0,4.28913217670629,0.194872242594558,0.49579917318692,4.20306919695966,166,0,10956318.5219906,0.0690000000000002,0,0,0,0,1.20618200135728,0.207660507820448,0.542792990134594,465
combined_phase2b,0.89248269303713,1.70218193148402,0.542380979867119,0,4.56481187957996,0.203578760746054,0.49579917318692,4.20306919695966,166,0,10956318.5219906,0.0670000000000002,0,0,0,17,1.6435260114412,0.216816429657847,0.542792990134594,465
physical_only,0.711158169160486,1.12997196459535,0.35392730866844,0,1.4248215279063,0.060871121603429,0.205881813403174,1.24841594638427,46,0,17977925.0720642,0.0570000000000002,0,0,0,0,1.01966259783711,0.0829544931828983,0.253877142550252,466
combined_phase2b,0.731254477623191,1.16324372551466,0.422394310814325,0,1.44853064256854,0.0639686160547952,0.205881813403174,1.24841594638427,46,0,17977925.0720642,0.0610000000000002,0,0,0,17,1.25328007598958,0.0877818268299552,0.253877142550252,466
physical_only,0.428808191722091,0.626903552523814,0.273401069921221,0,0.825774864163062,0.0362290515371337,0.166119437687406,0.774011750349524,0,0,9434904.71977595,0.0470000000000002,0,0,0,0,0.738252821264918,0.0639135489990022,0.234611074698802,467
combined_phase2b,0.459402077516158,0.689782807080761,0.291714655549854,0,0.851512554215575,0.0358068386157029,0.166119437687406,0.774011750349524,0,0,9434904.71977595,0.05,0,0,0,17,0.767603330967665,0.0613600852439247,0.234611074698802,467
physical_only,0.042729113296946,0.0680032480437118,0.0256789483495719,0,0.0776533134794346,0.00293915957672717,0.0334815920977104,0.0815183203415722,0,0,7998260.80870911,2.22044604925031e-16,0,0,0,0,0.0543115397405568,0.0297151704082657,0.0820182752423638,468
combined_phase2b,0.0605322327912887,0.0954234643408824,0.0245290012638887,0,0.0779900887265843,0.00286416272381576,0.0334815920977104,0.0815183203415722,0,0,7998260.80870911,2.22044604925031e-16,0,0,0,17,0.20304947035287,0.0370099953876081,0.0820182752423638,468
physical_only,1.51965982494966,3.49587494359153,1.32017320668229,0,10.9385882880098,0.473874249919295,0.295144476574823,9.74705729867272,140,0,7076741.23991359,NaN,1,0,0,0,3.43459007763377,0.484556015311101,0.340942026558343,469
combined_phase2b,1.36558919475668,3.6516185215888,1.88623743620288,0,10.9020096223355,0.493987857379817,0.295144476574823,9.74705729867272,140,0,7076741.23991359,0.282,0,0,0,17,3.62115206515367,0.506951593995685,0.340942026558343,469
physical_only,0.0594022666262653,0.0861650596555225,0.0374968021993309,0,0.538638182908542,0.0245918718836059,0.273437692904133,0.536081664007884,81,0,13650424.1897255,2.22044604925031e-16,0,0,0,0,0.025288638384478,0.0492926734492935,0.322062718775538,470
combined_phase2b,0.0886125267471023,0.224425436820894,0.0435807671342674,0,0.583610150374248,0.0274931351530849,0.273437692904133,0.536081664007884,81,0,13650424.1897255,2.22044604925031e-16,0,0,0,17,0.240758069823008,0.0546197722228528,0.322062718775538,470
physical_only,0.78838216507974,1.19318007845879,0.528831970784009,0,5.86502918104729,0.270099708688354,0.161356301606176,5.77218969355623,0,0,21083767.621983,0.0590000000000002,0,0,0,0,1.30429778987676,0.301324953948336,0.228493953548691,471
combined_phase2b,1.17731594495452,2.85239829382813,0.116374406835366,0,6.49712682823061,0.304518555543333,0.161356301606176,5.77218969355623,0,0,21083767.621983,0.0250000000000001,0,0,0,17,2.82610447871727,0.312289199695517,0.228493953548691,471
physical_only,2.14009759753107,5.24986537068074,0.821762849131883,0,6.03380133438268,0.215749832760083,0.195076764484136,6.50114663398899,0,0,21579022.2037734,0.192,0,0,0,0,5.35922440907937,0.242291675202283,0.260014259627937,472
combined_phase2b,2.56794189047095,6.34139821707128,1.34237198556082,0,8.00887363433521,0.290520011585006,0.195076764484136,6.50114663398899,0,0,21579022.2037734,NaN,1,0,0,17,6.21894173462292,0.310109724559051,0.260014259627937,472
physical_only,0.0419599566620684,0.0632437015438658,0.0262050301471469,0,0.183968297171715,0.00832794054803363,0.172019336929451,0.177618050241349,0,0,20129195.9372155,2.22044604925031e-16,0,0,0,0,0.0520392131383323,0.0334794125419684,0.218002668338042,473
combined_phase2b,0.0571434129133689,0.0856878400434092,0.0130351213499955,0,0.184213470898219,0.00769064821269211,0.172019336929451,0.177618050241349,0,0,20129195.9372155,2.22044604925031e-16,0,0,0,17,0.196876401192414,0.0417426841274684,0.218002668338042,473
physical_only,0.342770035125367,0.539882705486953,0.203139226672466,0,0.551408757691251,0.0233552588567382,0.132725071651365,0.513934362217721,0,0,17829096.6631143,0.0290000000000001,0,0,0,0,0.429332764749244,0.0457777346396648,0.181306891547417,474
combined_phase2b,0.362086563121687,0.561148429920793,0.2214863420198,0,0.576870079946586,0.0248759332656639,0.132725071651365,0.513934362217721,0,0,17829096.6631143,0.0310000000000001,0,0,0,17,0.572817943670768,0.0488236294141664,0.181306891547417,474
physical_only,0.505532740209566,0.739957196547243,0.322767345911172,0,1.17087834650991,0.0506625480149852,0.145420642717487,1.11391113198128,0,0,17619688.6853625,0.052,0,0,0,0,0.851307729659008,0.0727815707621708,0.20096193682825,475
combined_phase2b,0.483205972681797,0.746490750700564,0.292840527568366,0,1.15712840006787,0.050194394251959,0.145420642717487,1.11391113198128,0,0,17619688.6853625,0.05,0,0,0,17,0.84606227365729,0.0775943215511422,0.20096193682825,475
physical_only,0.959280911553739,1.82361592143171,1.67530344419961,0,3.53803907031706,0.136790492285426,0.193586286538498,2.81482378776119,0,0,17130861.4021837,0.188,0,0,0,0,1.73561543108478,0.159252975072191,0.246556559081675,476
combined_phase2b,1.14119743308058,2.3390696306936,1.27495444564537,0,4.60719826635269,0.201121591731714,0.193586286538498,2.81482378776119,0,0,17130861.4021837,0.109,0,0,0,17,2.27905789543014,0.22402085398112,0.246556559081675,476
physical_only,0.0371068962203637,0.0657927430533514,0.0374898136340207,0,0.250281384780422,0.0112104065433772,0.091308594895328,0.22872607006359,0,0,7471348.87070545,2.22044604925031e-16,0,0,0,0,0.0795321491535768,0.0383736024074285,0.137236566670948,477
combined_phase2b,0.0547551655806884,0.0972830715483533,0.0659961034108976,0,0.24484211526985,0.012358564577589,0.091308594895328,0.22872607006359,0,0,7471348.87070545,0.0150000000000001,0,0,0,17,0.158584914384925,0.0380751733742413,0.137236566670948,477
physical_only,0.0414484542126251,0.0658430767917153,0.0328912686785445,0,0.300299236255202,0.0135154881829371,0.131933955958986,0.290241149205769,0,0,8244754.13986414,2.22044604925031e-16,0,0,0,0,0.0625020298554065,0.0402522227660422,0.180027188553669,478
combined_phase2b,0.0558825978662477,0.0846094525964751,0.0154912430786245,0,0.288531807893764,0.0131876169038615,0.131933955958986,0.290241149205769,0,0,8244754.13986414,2.22044604925031e-16,0,0,0,17,0.198079927911129,0.0418587642438248,0.180027188553669,478
physical_only,0.192986446130805,0.446376377173417,0.0832073903631312,0,0.58695154235784,0.0214350170241553,0.0293132482088345,0.581435299497764,0,0,8800013.70584727,0.0670000000000002,0,0,0,0,0.555091934350004,0.0484413285918509,0.0971006194581452,479
combined_phase2b,0.234391414048975,0.539859585859305,0.142828757786195,0,0.779187077985146,0.0288041059593199,0.0293132482088345,0.581435299497764,0,0,8800013.70584727,0.0680000000000001,0,0,0,17,0.449571900791315,0.0572425116759681,0.0971006194581452,479
physical_only,0.312763316510624,0.557722008955593,0.215574945968504,0,0.576472601846238,0.0270421884136483,0.137002912567332,0.587057649763212,0,0,25764317.2874085,0.0630000000000002,0,0,0,0,0.667074692262094,0.0580252734093965,0.203839353011887,480
combined_phase2b,0.309934667838462,0.578336009267844,0.192314898090322,0,0.579248103705954,0.0268791094097515,0.137002912567332,0.587057649763212,0,0,25764317.2874085,0.0640000000000001,0,0,0,17,0.630758774320439,0.0508604154666556,0.203839353011887,480
physical_only,2.22680848805752,3.28032545639819,1.41957917274538,0,5.10492464007395,0.236455129770265,0.288239205010622,5.12070818695174,103,0,14478209.79709,0.0600000000000001,0,0,0,0,3.16893778642766,0.22159937868595,0.335656203158706,481
combined_phase2b,2.26025593507983,3.39815027333403,1.69081544034444,0,5.34353109124298,0.217841208579484,0.288239205010622,5.12070818695174,103,0,14478209.79709,0.0680000000000001,0,0,0,17,3.36675986615205,0.236559377685443,0.335656203158706,481
physical_only,0.157749393131812,0.261508515346584,0.120414067580338,0,2.3564290652449,0.110704128246121,0.272862163631145,2.29352980309657,111,0,11216705.4807901,0.0730000000000002,0,0,0,0,0.372095298135334,0.130734524936992,0.341264957926865,482
combined_phase2b,0.068112739921871,0.213915044582029,0.1703098648235,0,2.33026761220376,0.110372585728263,0.272862163631145,2.29352980309657,111,0,11216705.4807901,0.0800000000000001,0,0,0,17,0.263553304024305,0.128886010411649,0.341264957926865,482
physical_only,0.0612322104162434,0.100054275161977,0.0471699116429595,0,4.71871954201949,0.222354241189467,0.684482059164168,4.71164132332788,244,0,8494414.07639646,2.22044604925031e-16,0,0,0,0,0.211043206791283,0.245189565890379,0.74849184983288,483
combined_phase2b,0.382436061011494,1.17422361723295,0.0434689738410949,0,5.83036889511698,0.276083423057333,0.684482059164168,4.71164132332788,244,0,8494414.07639646,2.22044604925031e-16,0,0,0,17,1.28320731317016,0.311874242852353,0.74849184983288,483
physical_only,0.0805843121136382,0.117570699886104,0.0510956594852407,0,0.289882640556002,0.0128062657090445,0.220220300969365,0.282940558178158,42,0,6974811.20462166,0.00100000000000011,0,0,0,0,0.228958369856635,0.040864182541517,0.287745884987856,484
combined_phase2b,0.0799527055513323,0.128757609466699,0.0380018541209504,0,0.296759487467303,0.0133547425767029,0.220220300969365,0.282940558178158,42,0,6974811.20462166,2.22044604925031e-16,0,0,0,17,0.228785188888311,0.043433982988192,0.287745884987856,484
physical_only,0.391900464164803,0.669480276049222,0.158982293149942,0,0.746267676052522,0.0309709369934449,0.160925607333196,0.661769669063296,0,0,16044239.9596829,0.016,0,0,0,0,0.780237027455729,0.0619838506999254,0.229157704256934,485
combined_phase2b,0.390677672544559,0.692573393599517,0.187574800917071,0,0.796220117960346,0.0336794455007544,0.160925607333196,0.661769669063296,0,0,16044239.9596829,0.02,0,0,0,17,0.78442512126913,0.0625265518701723,0.229157704256934,485
physical_only,0.312488378550175,0.457417185755557,0.19957828977566,0,0.507434139741493,0.0208753812592807,0.0787076160342178,0.46506036960904,0,0,18751169.6502028,0.04,0,0,0,0,0.568754041373227,0.052570790119385,0.147210430694067,486
combined_phase2b,0.311569600537467,0.479086574304624,0.198464899381676,0,0.501411320905609,0.0204664492150328,0.0787076160342178,0.46506036960904,0,0,18751169.6502028,0.0410000000000001,0,0,0,17,0.551730428109905,0.0508180869154967,0.147210430694067,486
physical_only,0.450382605447232,0.779319217439289,0.397305454370651,0,2.02787407301073,0.0861468424667949,0.159058408383237,2.07583496109447,0,0,15376038.6743372,0.0900000000000001,0,0,0,0,0.668103108726767,0.110252879937351,0.206418865541967,487
combined_phase2b,0.537932599682092,0.909078038711969,0.496914124346762,0,2.14852926022278,0.089290243082333,0.159058408383237,2.07583496109447,0,0,15376038.6743372,0.0890000000000002,0,0,0,17,1.03043582272776,0.116420756995292,0.206418865541967,487
physical_only,0.126190546963742,0.292443425910308,0.223185867481949,0,0.712874533078537,0.0291667173303586,0.108375516197069,0.636668447332368,0,0,23765956.1517861,0.052,0,0,0,0,0.402698718982446,0.0563430423072284,0.175863511749511,488
combined_phase2b,0.134587038222935,0.33408969405452,0.135008039636624,0,0.794353388743691,0.0329571026867681,0.108375516197069,0.636668447332368,0,0,23765956.1517861,0.0430000000000001,0,0,0,17,0.381093923518425,0.0618983397725849,0.175863511749511,488
physical_only,0.0737449054179297,0.135930500845188,0.0581883512256771,0,1.03309035570538,0.0480805621918934,0.642375750906608,0.96548433688374,235,0,9500328.72324081,0.0530000000000002,0,0,0,0,0.246244582122661,0.0721263967582255,0.710683455240272,489
combined_phase2b,0.0822156287018601,0.155755763747504,0.107281104077856,0,0.965244131287211,0.0463102316856785,0.642375750906608,0.96548433688374,235,0,9500328.72324081,0.0640000000000001,0,0,0,17,0.233888764513952,0.0694905757488042,0.710683455240272,489
physical_only,0.111333510498081,0.16296755047032,0.0710697341187415,0,0.21631303702368,0.0092651318320971,0.0955152902137069,0.20290363842526,0,0,17886812.7750779,0.012,0,0,0,0,0.274355220440851,0.0399127402044806,0.164004622683352,490
combined_phase2b,0.101056820249593,0.162825892595506,0.0747366722194312,0,0.216120144870176,0.00951204128686604,0.0955152902137069,0.20290363842526,0,0,17886812.7750779,0.014,0,0,0,17,0.261423208422677,0.038551604124032,0.164004622683352,490
physical_only,0.513701111729882,0.772068846445947,0.350481086316326,0,0.835181762614015,0.0370725785187252,0.0509686625879609,0.85222874729525,0,0,7006030.29830343,0.0530000000000002,0,0,0,0,0.882308978953663,0.0684765788014728,0.119468287685808,491
combined_phase2b,0.520753594478657,0.804335963827325,0.374903281241076,0,0.863545573277807,0.0393289101334933,0.0509686625879609,0.85222874729525,0,0,7006030.29830343,0.056,0,0,0,17,0.847754308704628,0.0644374360148881,0.119468287685808,491
physical_only,0.14025857294857,0.209473272804135,0.0919297716426418,0,0.639092182561284,0.029152530432565,0.233144478747079,0.630483526492428,50,0,19093454.1350582,0.0130000000000001,0,0,0,0,0.320860942774665,0.0603777756925466,0.301103036862808,492
combined_phase2b,0.152314985854604,0.283516293926462,0.111047649801454,0,0.647400841084954,0.0290312788136559,0.233144478747079,0.630483526492428,50,0,19093454.1350582,0.018,0,0,0,17,0.333315300839535,0.0591415881534804,0.301103036862808,492
physical_only,0.251779841878711,0.377724706723726,0.156317944562402,0,0.815379897617546,0.0360776531286395,0.0726849373249244,0.808108640563701,0,0,26002082.5499849,0.036,0,0,0,0,0.488669601015207,0.0581833060082251,0.140393510287054,493
combined_phase2b,0.258291643681503,0.393363195906021,0.210936778888127,0,0.864249496877058,0.0374644099090606,0.0726849373249244,0.808108640563701,0,0,26002082.5499849,0.0470000000000002,0,0,0,17,0.482245244564934,0.060400346115671,0.140393510287054,493
physical_only,0.0238903053169523,0.0365510395366976,0.0166931553128857,0,0.521082815509624,0.0244504676521724,0.176330422212314,0.514334145484708,0,0,12406830.3003689,2.22044604925031e-16,0,0,0,0,0.147901572648462,0.056367965524627,0.244652773525148,494
combined_phase2b,0.0616915450815088,0.170398947086857,0.0947407036265708,0,0.646960334541263,0.0313297690341311,0.176330422212314,0.514334145484708,0,0,12406830.3003689,0.026,0,0,0,17,0.230487253100199,0.0620275784430487,0.244652773525148,494
physical_only,0.217112344746734,0.317571269781009,0.137035178932069,0,0.490786009163259,0.0212360418839478,0.0916409198623088,0.461000619332242,0,0,7809977.85471426,0.034,0,0,0,0,0.207343667524985,0.0428465400365082,0.138497865754578,495
combined_phase2b,0.231198448879683,0.380080640540673,0.116073342065105,0,0.467674715477267,0.0197303795246142,0.0916409198623088,0.461000619332242,0,0,7809977.85471426,0.0290000000000001,0,0,0,17,0.467653386548608,0.0437717424569732,0.138497865754578,495
physical_only,0.134418787863567,0.264163573426543,0.15674914341451,0,0.354365636613953,0.0152002827869009,0.258458503724729,0.372564056715949,82,0,20333533.7636956,0.0290000000000001,0,0,0,0,0.15456486266115,0.0391715924284344,0.305890467724232,496
combined_phase2b,0.145631733558536,0.297397272247937,0.110132840327997,0,0.363572036302182,0.015620035605396,0.258458503724729,0.372564056715949,82,0,20333533.7636956,0.02,0,0,0,17,0.407647184714494,0.0498490981660394,0.305890467724232,496
physical_only,0.059026428296701,0.0928624963081675,0.0405288323787471,0,1.91966308276638,0.0902804298570383,1.32727822425057,1.94437073301266,271,0,14157649.0629358,2.22044604925031e-16,0,0,0,0,0.202938687158364,0.117038674430219,1.39101884716269,497
combined_phase2b,0.129461156874743,0.332933124473812,0.0443490478953998,0,2.12476441071383,0.0978010599239891,1.32727822425057,1.94437073301266,271,0,14157649.0629358,2.22044604925031e-16,0,0,0,17,0.41394286114466,0.127565559828739,1.39101884716269,497
physical_only,1.79057660515185,2.62251030298509,1.14407992824624,0,5.20105621686137,0.230422491706762,0.126709858458826,4.952798472974,0,0,12895598.1836626,0.0750000000000002,0,0,0,0,2.73357437630906,0.25305654435121,0.194526230275557,498
combined_phase2b,1.50979618690366,2.34120183396531,1.083075919379,0,4.87591344826406,0.214446226661747,0.126709858458826,4.952798472974,0,0,12895598.1836626,0.0740000000000001,0,0,0,17,2.45781988474513,0.24011419769632,0.194526230275557,498
physical_only,1.66967549122429,2.71722076546475,1.17951900842097,0,6.915010928989,0.296991958367983,0.193848614579077,6.65857414237942,0,0,11657798.6045577,NaN,1,0,0,0,2.60641355507586,0.308498315794333,0.239276630148552,499
combined_phase2b,1.63262199101098,3.02367716368515,0.63668569410638,0,6.33131035419365,0.282542827777702,0.193848614579077,6.65857414237942,0,0,11657798.6045577,NaN,1,0,0,17,3.07350373682122,0.269028399885704,0.239276630148552,499
physical_only,0.447621780133377,0.656745007591063,0.286730040073568,0,1.59032797636652,0.0714784954996768,0.0679479651478212,1.53312812974643,0,0,16770714.2159348,0.0430000000000001,0,0,0,0,0.768132677561594,0.0938891489518925,0.136402501726227,500
combined_phase2b,0.444711016738244,0.802054325451002,0.200854015196371,0,1.53198233991582,0.0725265334635882,0.0679479651478212,1.53312812974643,0,0,16770714.2159348,0.0350000000000001,0,0,0,17,0.873476337680471,0.102493553624248,0.136402501726227,500
physical_only,0.197330661095772,0.507956911753857,0.352009754005558,0,0.766857093534616,0.0359168462856646,0.134667024341924,0.766955825490122,0,0,16832105.4136317,0.0830000000000002,0,0,0,0,0.398936810332585,0.0569572200406404,0.182017746423916,501
combined_phase2b,0.226533937020077,0.609422331265239,0.265822069202098,0,0.947158781437624,0.0382138468097058,0.134667024341924,0.766955825490122,0,0,16832105.4136317,0.0820000000000001,0,0,0,17,0.682255550336822,0.0693892822995907,0.182017746423916,501
physical_only,0.258170171299381,0.380413206286311,0.166071378434814,0,2.02675852878069,0.0922031294219401,0.190066752592818,2.00380565076271,0,0,10331840.2947781,0.038,0,0,0,0,0.491582106818653,0.114144003475231,0.253217851704246,502
combined_phase2b,0.458165430566006,0.895677806130973,0.204881578700926,0,2.13948753522885,0.098337859862194,0.190066752592818,2.00380565076271,0,0,10331840.2947781,0.0490000000000002,0,0,0,17,0.919657053690217,0.119795119394556,0.253217851704246,502
physical_only,0.183300346019096,0.404640764657483,0.227422840378494,0,4.81068608116556,0.225549400577011,0.39018677027693,4.74860679260379,193,0,19780387.8935688,0.0940000000000001,0,0,0,0,0.345351028024718,0.254495454735992,0.433682992063757,503
combined_phase2b,0.327592259110067,0.772553494255516,0.407413633690578,0,5.33128249101714,0.253334347687337,0.39018677027693,4.74860679260379,193,0,19780387.8935688,0.103,0,0,0,17,0.712148836012852,0.259370267951199,0.433682992063757,503
physical_only,0.237692189388811,0.347551426682265,0.151584579595706,0,0.415990429461459,0.0185691835102382,0.0786228057389014,0.400854090014317,0,0,13476696.2001851,0.032,0,0,0,0,0.237360924305841,0.040195375422646,0.126742493351079,504
combined_phase2b,0.258523315946775,0.410020807065333,0.14832683421924,0,0.4052771394738,0.0179411142124288,0.0786228057389014,0.400854090014317,0,0,13476696.2001851,0.032,0,0,0,17,0.505861819902611,0.0411125132589456,0.126742493351079,504
physical_only,0.541893345651592,1.10958289146343,1.05801549596197,0,4.54767398037073,0.198915480259624,0.473077401841389,3.81337416580375,209,0,23641227.0363698,0.104,0,0,0,0,1.03369953726237,0.226151361786934,0.519601987928468,505
combined_phase2b,0.526099155386615,1.14305314611509,1.0285227509303,0,4.73785091730907,0.213239456230197,0.473077401841389,3.81337416580375,209,0,23641227.0363698,0.106,0,0,0,17,1.17538342385061,0.239816213379525,0.519601987928468,505
physical_only,2.36123052202557,3.45707792797496,1.50660316482991,0,4.36022470459156,0.181429651646631,0.108199541994307,4.06193200701303,0,0,13079398.800388,NaN,1,0,0,0,3.56842846108673,0.206204417890754,0.176013146880515,506
combined_phase2b,2.48116503215716,3.89378238143255,1.59301975707938,0,4.46583910404053,0.188258175761173,0.108199541994307,4.06193200701303,0,0,13079398.800388,NaN,1,0,0,17,3.90196268518569,0.210409764060682,0.176013146880515,506
physical_only,0.0290285456757378,0.0786481973626341,0.038076226563929,0,1.70734786836938,0.0807270190045843,0.116318329301275,1.67152349809332,0,0,12235489.960307,2.22044604925031e-16,0,0,0,0,0.0998371785587806,0.110062521755916,0.181474141289896,507
combined_phase2b,0.163136026898255,0.346478060181389,0.196971072528728,0,1.97908966416207,0.0938278617387837,0.116318329301275,1.67152349809332,0,0,12235489.960307,0.0570000000000002,0,0,0,17,0.368855997921204,0.118468097720998,0.181474141289896,507
physical_only,0.121812225942212,0.178033716722963,0.0777186443288837,0,0.230338328521019,0.0100079736705511,0.108693696219517,0.218235526930941,0,0,10426586.4856868,0.014,0,0,0,0,0.0678517785982499,0.0317436299250142,0.155944955241069,508
combined_phase2b,0.137135959881719,0.211299000748565,0.0864444441674812,0,0.243607738241052,0.0108004664048288,0.108693696219517,0.218235526930941,0,0,10426586.4856868,0.016,0,0,0,17,0.315051309888965,0.0364338901114037,0.155944955241069,508
physical_only,0.00597446892066526,0.011712193737115,0.00333628744679348,0,0.640547126961361,0.0303201206918861,0.132123975824905,0.633467045761564,0,0,7992576.62152262,2.22044604925031e-16,0,0,0,0,0.103558774046196,0.0571274558395827,0.1950779343961,509
combined_phase2b,0.0659850298282095,0.132566829260168,0.0589234704200035,0,0.757257305312026,0.034607987360124,0.132123975824905,0.633467045761564,0,0,7992576.62152262,0.00600000000000001,0,0,0,17,0.208029873972114,0.0579337191029796,0.1950779343961,509
physical_only,0.423504730876537,0.766284583836997,0.427083525336495,0,0.904141187554169,0.0422129058870344,0.145022144162921,0.906013747299892,0,0,12106153.7248236,0.0590000000000002,0,0,0,0,0.657367352162012,0.0633554456721718,0.193592591314729,510
combined_phase2b,0.433032733144032,0.825443384063888,0.346254291842934,0,0.898567144806205,0.0421105061944286,0.145022144162921,0.906013747299892,0,0,12106153.7248236,0.056,0,0,0,17,0.939786008903656,0.0645173290780619,0.193592591314729,510
physical_only,1.7791019316038,2.60134588073098,1.09608690992986,0,7.41964635913925,0.332512360201114,0.161535881471192,7.26130694572114,0,0,15720659.3309168,NaN,1,0,0,0,2.48995821076045,0.324945831864108,0.208676350782264,511
combined_phase2b,2.16823212663537,4.13499363550907,0.949896040786174,0,7.25022667879389,0.335305856193354,0.161535881471192,7.26130694572114,0,0,15720659.3309168,NaN,1,0,0,17,4.16274180972423,0.325410290769251,0.208676350782264,511
physical_only,0.16603188386253,0.242875355098185,0.105979851511346,0,0.629738929661172,0.0289771877989742,0.278843599922651,0.618591923724815,77,0,19060981.9424665,0.0230000000000001,0,0,0,0,0.13247778638363,0.0421362822894834,0.282589600161027,512
combined_phase2b,0.172798189760862,0.328612813045899,0.123692143247525,0,0.691312602100271,0.0301806829532,0.278843599922651,0.618591923724815,77,0,19060981.9424665,0.026,0,0,0,17,0.288929329380332,0.04557701737572,0.282589600161027,512
