time_s,theta_ref_rad,theta_rad,theta_measured_rad,omega_rad_s,current_A,true_tracking_error_rad,measurement_error_rad,voltage_cmd_unsaturated_V,voltage_cmd_V,gaussian_fault_rad,sinusoidal_fault_rad,count_jump_fault_rad,dropout_active,measurement_stale
0,0,0,0,0,0,0,0,0,0,0,0,0,0,0
0.001,0,0,0,0,0,0,0,0,0,0,0,0,0,0
0.002,0,0,0,0,0,0,0,0,0,0,0,0,0,0
0.003,0,0,0,0,0,0,0,0,0,0,0,0,0,0
0.004,0,0,0,0,0,0,0,0,0,0,0,0,0,0
0.005,0,0,0,0,0,0,0,0,0,0,0,0,0,0
0.006,0,0,0,0,0,0,0,0,0,0,0,0,0,0
0.007,0,0,0,0,0,0,0,0,0,0,0,0,0,0
0.008,0,0,0,0,0,0,0,0,0,0,0,0,0,0
0.009,0,0,0,0,0,0,0,0,0,0,0,0,0,0
0.01,0,0,0,0,0,0,0,0,0,0,0,0,0,0
0.011,0,0,0,0,0,0,0,0,0,0,0,0,0,0
0.012,0,0,0,0,0,0,0,0,0,0,0,0,0,0
0.013,0,0,0,0,0,0,0,0,0,0,0,0,0,0
0.014,0,0,0,0,0,0,0,0,0,0,0,0,0,0
0.015,0,0,0,0,0,0,0,0,0,0,0,0,0,0
0.016,0,0,0,0,0,0,0,0,0,0,0,0,0,0
0.017,0,0,0,0,0,0,0,0,0,0,0,0,0,0
0.018,0,0,0,0,0,0,0,0,0,0,0,0,0,0
0.019,0,0,0,0,0,0,0,0,0,0,0,0,0,0
0.02,0,0,0,0,0,0,0,0,0,0,0,0,0,0
0.021,0,0,0,0,0,0,0,0,0,0,0,0,0,0
0.022,0,0,0,0,0,0,0,0,0,0,0,0,0,0
0.023,0,0,0,0,0,0,0,0,0,0,0,0,0,0
0.024,0,0,0,0,0,0,0,0,0,0,0,0,0,0
0.025,0,0,0,0,0,0,0,0,0,0,0,0,0,0
0.026,0,0,0,0,0,0,0,0,0,0,0,0,0,0
0.027,0,0,0,0,0,0,0,0,0,0,0,0,0,0
0.028,0,0,0,0,0,0,0,0,0,0,0,0,0,0
0.029,0,0,0,0,0,0,0,0,0,0,0,0,0,0
0.03,0,0,0,0,0,0,0,0,0,0,0,0,0,0
0.031,0,0,0,0,0,0,0,0,0,0,0,0,0,0
0.032,0,0,0,0,0,0,0,0,0,0,0,0,0,0
0.033,0,0,0,0,0,0,0,0,0,0,0,0,0,0
0.034,0,0,0,0,0,0,0,0,0,0,0,0,0,0
0.035,0,0,0,0,0,0,0,0,0,0,0,0,0,0
0.036,0,0,0,0,0,0,0,0,0,0,0,0,0,0
0.037,0,0,0,0,0,0,0,0,0,0,0,0,0,0
0.038,0,0,0,0,0,0,0,0,0,0,0,0,0,0
0.039,0,0,0,0,0,0,0,0,0,0,0,0,0,0
0.04,0,0,0,0,0,0,0,0,0,0,0,0,0,0
0.041,0,0,0,0,0,0,0,0,0,0,0,0,0,0
0.042,0,0,0,0,0,0,0,0,0,0,0,0,0,0
0.043,0,0,0,0,0,0,0,0,0,0,0,0,0,0
0.044,0,0,0,0,0,0,0,0,0,0,0,0,0,0
0.045,0,0,0,0,0,0,0,0,0,0,0,0,0,0
0.046,0,0,0,0,0,0,0,0,0,0,0,0,0,0
0.047,0,0,0,0,0,0,0,0,0,0,0,0,0,0
0.048,0,0,0,0,0,0,0,0,0,0,0,0,0,0
0.049,0,0,0,0,0,0,0,0,0,0,0,0,0,0
0.05,0,0,0,0,0,0,0,0,0,0,0,0,0,0
0.051,0,0,0,0,0,0,0,0,0,0,0,0,0,0
0.052,0,0,0,0,0,0,0,0,0,0,0,0,0,0
0.053,0,0,0,0,0,0,0,0,0,0,0,0,0,0
0.054,0,0,0,0,0,0,0,0,0,0,0,0,0,0
0.055,0,0,0,0,0,0,0,0,0,0,0,0,0,0
0.056,0,0,0,0,0,0,0,0,0,0,0,0,0,0
0.057,0,0,0,0,0,0,0,0,0,0,0,0,0,0
0.058,0,0,0,0,0,0,0,0,0,0,0,0,0,0
0.059,0,0,0,0,0,0,0,0,0,0,0,0,0,0
0.06,0,0,0,0,0,0,0,0,0,0,0,0,0,0
0.061,0,0,0,0,0,0,0,0,0,0,0,0,0,0
0.062,0,0,0,0,0,0,0,0,0,0,0,0,0,0
0.063,0,0,0,0,0,0,0,0,0,0,0,0,0,0
0.064,0,0,0,0,0,0,0,0,0,0,0,0,0,0
0.065,0,0,0,0,0,0,0,0,0,0,0,0,0,0
0.066,0,0,0,0,0,0,0,0,0,0,0,0,0,0
0.067,0,0,0,0,0,0,0,0,0,0,0,0,0,0
0.068,0,0,0,0,0,0,0,0,0,0,0,0,0,0
0.069,0,0,0,0,0,0,0,0,0,0,0,0,0,0
0.07,0,0,0,0,0,0,0,0,0,0,0,0,0,0
0.071,0,0,0,0,0,0,0,0,0,0,0,0,0,0
0.072,0,0,0,0,0,0,0,0,0,0,0,0,0,0
0.073,0,0,0,0,0,0,0,0,0,0,0,0,0,0
0.074,0,0,0,0,0,0,0,0,0,0,0,0,0,0
0.075,0,0,0,0,0,0,0,0,0,0,0,0,0,0
0.076,0,0,0,0,0,0,0,0,0,0,0,0,0,0
0.077,0,0,0,0,0,0,0,0,0,0,0,0,0,0
0.078,0,0,0,0,0,0,0,0,0,0,0,0,0,0
0.079,0,0,0,0,0,0,0,0,0,0,0,0,0,0
0.08,0,0,0,0,0,0,0,0,0,0,0,0,0,0
0.081,0,0,0,0,0,0,0,0,0,0,0,0,0,0
0.082,0,0,0,0,0,0,0,0,0,0,0,0,0,0
0.083,0,0,0,0,0,0,0,0,0,0,0,0,0,0
0.084,0,0,0,0,0,0,0,0,0,0,0,0,0,0
0.085,0,0,0,0,0,0,0,0,0,0,0,0,0,0
0.086,0,0,0,0,0,0,0,0,0,0,0,0,0,0
0.087,0,0,0,0,0,0,0,0,0,0,0,0,0,0
0.088,0,0,0,0,0,0,0,0,0,0,0,0,0,0
0.089,0,0,0,0,0,0,0,0,0,0,0,0,0,0
0.09,0,0,0,0,0,0,0,0,0,0,0,0,0,0
0.091,0,0,0,0,0,0,0,0,0,0,0,0,0,0
0.092,0,0,0,0,0,0,0,0,0,0,0,0,0,0
0.093,0,0,0,0,0,0,0,0,0,0,0,0,0,0
0.094,0,0,0,0,0,0,0,0,0,0,0,0,0,0
0.095,0,0,0,0,0,0,0,0,0,0,0,0,0,0
0.096,0,0,0,0,0,0,0,0,0,0,0,0,0,0
0.097,0,0,0,0,0,0,0,0,0,0,0,0,0,0
0.098,0,0,0,0,0,0,0,0,0,0,0,0,0,0
0.099,0,0,0,0,0,0,0,0,0,0,0,0,0,0
0.1,0.523598775598299,0,0,0,0,0.523598775598299,0,1.4072926446309,1.4072926446309,0,0,0,0,0
0.101,0.523598775598299,4.45218265702949e-05,4.45218265702949e-05,0.128513015071065,0.445803932742211,0.523554253771728,0,1.38892542072261,1.38892542072261,0,0,0,0,0
0.102,0.523598775598299,0.00031838385052,0.00031838385052,0.442553049219617,0.709810168316796,0.523280391747779,0,1.37064920251435,1.37064920251435,0,0,0,0,0
0.103,0.523598775598299,0.000965080559626825,0.000965080559626825,0.863890571767915,0.857783766312187,0.522633695038672,0,1.35206237097213,1.35206237097213,0,0,0,0,0
0.104,0.523598775598299,0.00206510228706424,0.00206510228706424,1.34265039784167,0.931864162920198,0.521533673311235,0,1.33293814664519,1.33293814664519,0,0,0,0,0
0.105,0.523598775598299,0.00365882019882503,0.00365882019882503,1.84712638475507,0.959055829432812,0.519939955399474,0,1.3131606748891,1.3131606748891,0,0,0,0,0
0.106,0.523598775598299,0.00576115152665334,0.00576115152665334,2.35725642139455,0.95666706512572,0.517837624071645,0,1.29268409317719,1.29268409317719,0,0,0,0,0
0.107,0.523598775598299,0.0083709588486258,0.0083709588486258,2.86044206838806,0.935793901406138,0.515227816749673,0,1.27150632104951,1.27150632104951,0,0,0,0,0
0.108,0.523598775598299,0.0114770755216481,0.0114770755216481,3.34887010732695,0.903551791240415,0.512121700076651,0,1.24965228197709,1.24965228197709,0,0,0,0,0
0.109,0.523598775598299,0.0150621692937141,0.0150621692937141,3.81779617606732,0.864505185195562,0.508536606304585,0,1.22716316805648,1.22716316805648,0,0,0,0,0
0.11,0.523598775598299,0.0191052204968749,0.0191052204968749,4.26444470325191,0.821583308728979,0.504493555101424,0,1.20408957655543,1.20408957655543,0,0,0,0,0
0.111,0.523598775598299,0.0235831121783154,0.0235831121783154,4.68730364598261,0.776666822078567,0.500015663419983,0,1.18048712759693,1.18048712759693,0,0,0,0,0
0.112,0.523598775598299,0.0284716507836206,0.0284716507836206,5.08567214964507,0.730963661288177,0.495127124814678,0,1.15641367207565,1.15641367207565,0,0,0,0,0
0.113,0.523598775598299,0.0337462215107945,0.0337462215107945,5.45937024670473,0.685249837058868,0.489852554087504,0,1.13192751905639,1.13192751905639,0,0,0,0,0
0.114,0.523598775598299,0.0393822091123181,0.0393822091123181,5.80855237818639,0.640023730538261,0.484216566485981,0,1.10708631698504,1.10708631698504,0,0,0,0,0
0.115,0.523598775598299,0.0453552679427882,0.0453552679427882,6.13358744647892,0.59560497799568,0.478243507655511,0,1.08194635441002,1.08194635441002,0,0,0,0,0
0.116,0.523598775598299,0.0516414949559411,0.0516414949559411,6.43498151166334,0.552197860464924,0.471957280642358,0,1.05656213006334,1.05656213006334,0,0,0,0,0
0.117,0.523598775598299,0.0582175400775308,0.0582175400775308,6.71332782926786,0.50993195568237,0.465381235520768,0,1.03098609605619,1.03098609605619,0,0,0,0,0
0.118,0.523598775598299,0.0650606760316851,0.0650606760316851,6.96927442696146,0.468888224075176,0.458538099566614,0,1.00526851247641,1.00526851247641,0,0,0,0,0
0.119,0.523598775598299,0.0721488417875956,0.0721488417875956,7.20350294049228,0.429115763245315,0.451449933810703,0,0.979457373797389,0.979457373797389,0,0,0,0,0
0.12,0.523598775598299,0.0794606687254459,0.0794606687254459,7.4167146857151,0.390642583889821,0.444138106872853,0,0.953598381680952,0.953598381680952,0,0,0,0,0
0.121,0.523598775598299,0.0869754953735181,0.0869754953735181,7.60962138898456,0.353482554892528,0.436623280224781,0,0.927734947838143,0.927734947838143,0,0,0,0,0
0.122,0.523598775598299,0.0946733744878818,0.0946733744878818,7.78293892406754,0.317639893324848,0.428925401110417,0,0.901908216430822,0.901908216430822,0,0,0,0,0
0.123,0.523598775598299,0.102535074912699,0.102535074912699,7.93738299680053,0.283112080588452,0.4210637006856,0,0.876157099227207,0.876157099227207,0,0,0,0,0
0.124,0.523598775598299,0.110542079804407,0.110542079804407,8.07366609861401,0.249891769177506,0.413056695793892,0,0.850518319115961,0.850518319115961,0,0,0,0,0
0.125,0.523598775598299,0.118676582254839,0.118676582254839,8.19249529339039,0.217968041641061,0.404922193343459,0,0.825026459117694,0.825026459117694,0,0,0,0,0
0.126,0.523598775598299,0.126921478996508,0.126921478996508,8.29457055799957,0.187327253361473,0.396677296601791,0,0.799714015017708,0.799714015017708,0,0,0,0,0
0.127,0.523598775598299,0.135260362647249,0.135260362647249,8.38058349670773,0.157953607517076,0.38833841295105,0,0.774611450376941,0.774611450376941,0,0,0,0,0
0.128,0.523598775598299,0.143677512805954,0.143677512805954,8.45121631361853,0.129829557274348,0.379921262792345,0,0.749747253085782,0.749747253085782,0,0,0,0,0
0.129,0.523598775598299,0.152157886217305,0.152157886217305,8.50714096828339,0.102936096100235,0.371440889380994,0,0.725147992888616,0.725147992888616,0,0,0,0,0
0.13,0.523598775598299,0.160687106162626,0.160687106162626,8.5490184658715,0.0772529752089061,0.362911669435672,0,0.700838379477654,0.700838379477654,0,0,0,0,0
0.131,0.523598775598299,0.169251451194423,0.169251451194423,8.57749825011337,0.0527588731457079,0.354347324403876,0,0.676841320865872,0.676841320865872,0,0,0,0,0
0.132,0.523598775598299,0.177837843306165,0.177837843306165,8.59321767801564,0.0294315335372202,0.345760932292134,0,0.65317798182212,0.65317798182212,0,0,0,0,0
0.133,0.523598775598299,0.186433835611586,0.186433835611586,8.59680156226003,0.00724788128940621,0.337164939986713,0,0.629867842200258,0.629867842200258,0,0,0,0,0
0.134,0.523598775598299,0.195027599596064,0.195027599596064,8.58886177163757,-0.0138158761642524,0.328571176002235,0,0.606928755027222,0.606928755027222,0,0,0,0,0
0.135,0.523598775598299,0.203607911994534,0.203607911994534,8.56999688272142,-0.0337841583189498,0.319990863603765,0,0.584377004237936,0.584377004237936,0,0,0,0,0
0.136,0.523598775598299,0.21216414134457,0.21216414134457,8.54079187781778,-0.0526819290216796,0.311434634253729,0,0.562227361961358,0.562227361961358,0,0,0,0,0
0.137,0.523598775598299,0.220686234258944,0.220686234258944,8.50181788542155,-0.0705346200891286,0.302912541339355,0,0.540493145274213,0.540493145274213,0,0,0,0,0
0.138,0.523598775598299,0.229164701458619,0.229164701458619,8.45363196017353,-0.087368059965637,0.294434074139679,0,0.51918627234832,0.51918627234832,0,0,0,0,0
0.139,0.523598775598299,0.237590603604395,0.237590603604395,8.39677689982097,-0.103208406661289,0.286008171993904,0,0.498317317925084,0.498317317925084,0,0,0,0,0
0.14,0.523598775598299,0.245955536963099,0.245955536963099,8.33178109701805,-0.118082084462391,0.2776432386352,0,0.477895568057069,0.477895568057069,0,0,0,0,0
0.141,0.523598775598299,0.254251618942189,0.254251618942189,8.25915842402875,-0.132015724067534,0.269347156656109,0,0.457929074062119,0.457929074062119,0,0,0,0,0
0.142,0.523598775598299,0.262471473524758,0.262471473524758,8.17940814855164,-0.145036105905011,0.261127302073541,0,0.438424705640471,0.438424705640471,0,0,0,0,0
0.143,0.523598775598299,0.270608216635225,0.270608216635225,8.09301487899886,-0.157170106452551,0.252990558963074,0,0.419388203109803,0.419388203109803,0,0,0,0,0
0.144,0.523598775598299,0.278655441464376,0.278655441464376,8.00044853764641,-0.168444647421755,0.244943334133923,0,0.4008242287174,0.4008242287174,0,0,0,0,0
0.145,0.523598775598299,0.286607203780849,0.286607203780849,7.90216436013967,-0.17888664769574,0.23699157181745,0,0.382736416992539,0.382736416992539,0,0,0,0,0
0.146,0.523598775598299,0.294458007254695,0.294458007254695,7.79860291989398,-0.188522977924989,0.229140768343604,0,0.365127424105951,0.365127424105951,0,0,0,0,0
0.147,0.523598775598299,0.302202788817197,0.302202788817197,7.69019017597904,-0.197380417696722,0.221395986781102,0,0.347998976206747,0.347998976206747,0,0,0,0,0
0.148,0.523598775598299,0.309836904079742,0.309836904079742,7.57733754311964,-0.205485615199539,0.213761871518557,0,0.331351916710576,0.331351916710576,0,0,0,0,0
0.149,0.523598775598299,0.317356112833201,0.317356112833201,7.46044198248739,-0.212865049309063,0.206242662765097,0,0.315186252516008,0.315186252516008,0,0,0,0,0
0.15,0.523598775598299,0.324756564647956,0.324756564647956,7.33988611199759,-0.219544994022825,0.198842210950343,0,0.299501199129202,0.299501199129202,0,0,0,0,0
0.151,0.523598775598299,0.332034784593451,0.332034784593451,7.21603833486407,-0.225551485174134,0.191563991004848,0,0.284295224679868,0.284295224679868,0,0,0,0,0
0.152,0.523598775598299,0.339187659094934,0.339187659094934,7.08925298520318,-0.230910289355735,0.184411116503364,0,0.269566092814312,0.269566092814312,0,0,0,0,0
0.153,0.523598775598299,0.346212421943824,0.346212421943824,6.95987048951525,-0.235646874984695,0.177386353654474,0,0.255310904454038,0.255310904454038,0,0,0,0,0
0.154,0.523598775598299,0.353106640477031,0.353106640477031,6.8282175429096,-0.239786385440538,0.170492135121268,0,0.241526138410923,0.241526138410923,0,0,0,0,0
0.155,0.523598775598299,0.359868201939412,0.359868201939412,6.69460729897545,-0.243353614209058,0.163730573658886,0,0.228207690852388,0.228207690852388,0,0,0,0,0
0.156,0.523598775598299,0.36649530004248,0.36649530004248,6.55933957223839,-0.246372981964737,0.157103475555819,0,0.215350913612295,0.215350913612295,0,0,0,0,0
0.157,0.523598775598299,0.372986421731426,0.372986421731426,6.42270105217802,-0.248868515525155,0.150612353866872,0,0.202950651345481,0.202950651345481,0,0,0,0,0
0.158,0.523598775598299,0.37934033417154,0.37934033417154,6.28496552781871,-0.250863828611288,0.144258441426759,0,0.191001277525903,0.191001277525903,0,0,0,0,0
0.159,0.523598775598299,0.385556071964093,0.385556071964093,6.14639412194099,-0.252382104348206,0.138042703634206,0,0.179496729290311,0.179496729290311,0,0,0,0,0
0.16,0.523598775598299,0.391632924600873,0.391632924600873,6.00723553399676,-0.253446079441286,0.131965850997426,0,0.168430541131233,0.168430541131233,0,0,0,0,0
0.161,0.523598775598299,0.397570424165607,0.397570424165607,5.86772629084638,-0.254078029963802,0.126028351432692,0,0.157795877444771,0.157795877444771,0,0,0,0,0
0.162,0.523598775598299,0.403368333289688,0.403368333289688,5.72809100447035,-0.254299758692499,0.120230442308611,0,0.147585563940343,0.147585563940343,0,0,0,0,0
0.163,0.523598775598299,0.409026633368747,0.409026633368747,5.58854263584245,-0.254132583928592,0.114572142229551,0,0.137792117921064,0.137792117921064,0,0,0,0,0
0.164,0.523598775598299,0.414545513045867,0.414545513045867,5.44928276418499,-0.253597329742536,0.109053262552432,0,0.12840777744486,0.12840777744486,0,0,0,0,0
0.165,0.523598775598299,0.419925356966416,0.419925356966416,5.3105018608598,-0.252714317581835,0.103673418631883,0,0.119424529377771,0.119424529377771,0,0,0,0,0
0.166,0.523598775598299,0.425166734808806,0.425166734808806,5.17237956718151,-0.251503359182174,0.0984320407894929,0,0.11083413635214,0.11083413635214,0,0,0,0,0
0.167,0.523598775598299,0.430270390594726,0.430270390594726,5.03508497547135,-0.249983750723175,0.0933283850035725,0,0.102628162643558,0.102628162643558,0,0,0,0,0
0.168,0.523598775598299,0.435237232281788,0.435237232281788,4.89877691270157,-0.248174268171176,0.0883615433165104,0,0.0947979989814731,0.0947979989814731,0,0,0,0,0
0.169,0.523598775598299,0.440068321640847,0.440068321640847,4.76360422611119,-0.246093163752551,0.0835304539574521,0,0.087334886309418,0.087334886309418,0,0,0,0,0
0.17,0.523598775598299,0.444764864419675,0.444764864419675,4.62970607020414,-0.243758163502229,0.078833911178624,0,0.0802299385116552,0.0802299385116552,0,0,0,0,0
0.171,0.523598775598299,0.449328200794098,0.449328200794098,4.49721219457029,-0.241186465833282,0.0742705748042013,0,0.0734741641239259,0.0734741641239259,0,0,0,0,0
0.172,0.523598775598299,0.453759796107132,0.453759796107132,4.36624323199917,-0.238394741074629,0.0698389794911668,0,0.0670584870467105,0.0670584870467105,0,0,0,0,0
0.173,0.523598775598299,0.458061231896179,0.458061231896179,4.23691098638395,-0.235399131925176,0.06553754370212,0,0.0609737662801109,0.0609737662801109,0,0,0,0,0
0.174,0.523598775598299,0.462234197207813,0.462234197207813,4.1093187199412,-0.232215254773934,0.0613645783904855,0,0.0552108147000697,0.0552108147000697,0,0,0,0,0
0.175,0.523598775598299,0.466280480199266,0.466280480199266,3.98356143929862,-0.228858201836961,0.0573182953990324,0,0.0497604168961997,0.0497604168961997,0,0,0,0,0
0.176,0.523598775598299,0.470201960025251,0.470201960025251,3.85972618002935,-0.225342544063238,0.0533968155730478,0,0.044613346091973,0.044613346091973,0,0,0,0,0
0.177,0.523598775598299,0.474000599008379,0.474000599008379,3.73789228923654,-0.221682334762887,0.0495981765899197,0,0.0397603801684505,0.0397603801684505,0,0,0,0,0
0.178,0.523598775598299,0.477678435091033,0.477678435091033,3.61813170581705,-0.217891113912479,0.0459203405072661,0,0.0351923168130888,0.0351923168130888,0,0,0,0,0
0.179,0.523598775598299,0.481237574566193,0.481237574566193,3.500509238057,-0.213981913093432,0.0423612010321056,0,0.0308999878154796,0.0308999878154796,0,0,0,0,0
0.18,0.523598775598299,0.484680185084395,0.484680185084395,3.38508283823505,-0.209967261020874,0.0389185905139035,0,0.0268742725321228,0.0268742725321228,0,0,0,0,0
0.181,0.523598775598299,0.488008488933662,0.488008488933662,3.2719038739323,-0.205859189621627,0.0355902866646372,0,0.0231061105425472,0.0231061105425472,0,0,0,0,0
0.182,0.523598775598299,0.491224756588983,0.491224756588983,3.16101739576918,-0.201669240621289,0.0323740190093155,0,0.0195865135192382,0.0195865135192382,0,0,0,0,0
0.183,0.523598775598299,0.494331300527643,0.494331300527643,3.05246240131119,-0.1974084726017,0.0292674750706562,0,0.0163065763339516,0.0163065763339516,0,0,0,0,0
0.184,0.523598775598299,0.497330469306425,0.497330469306425,2.9462720949056,-0.193087468491398,0.0262683062918735,0,0.0132574874230475,0.0132574874230475,0,0,0,0,0
0.185,0.523598775598299,0.500224641896544,0.500224641896544,2.84247414323104,-0.188716343452936,0.0233741337017552,0,0.0104305384345091,0.0104305384345091,0,0,0,0,0
0.186,0.523598775598299,0.503016222271882,0.503016222271882,2.74109092636115,-0.18430475313226,0.0205825533264171,0,0.00781713317928982,0.00781713317928982,0,0,0,0,0
0.187,0.523598775598299,0.505707634245985,0.505707634245985,2.64213978416144,-0.179861902236584,0.0178911413523134,0,0.00540879590958355,0.00540879590958355,0,0,0,0,0
0.188,0.523598775598299,0.508301316553047,0.508301316553047,2.5456332578565,-0.175396553408495,0.0152974590452523,0,0.00319717894651906,0.00319717894651906,0,0,0,0,0
0.189,0.523598775598299,0.510799718167979,0.510799718167979,2.45157932662156,-0.170917036365241,0.0127990574303198,0,0.0011740696796578,0.0011740696796578,0,0,0,0,0
0.19,0.523598775598299,0.513205293860543,0.513205293860543,2.35998163906875,-0.166431257273423,0.0103934817377562,0,-0.000668603039470878,-0.000668603039470878,0,0,0,0,0
0.191,0.523598775598299,0.515520499978353,0.515520499978353,2.27083973951392,-0.161946708330499,0.00807827561994556,0,-0.00233876308775706,-0.00233876308775706,0,0,0,0,0
0.192,0.523598775598299,0.517747790453508,0.517747790453508,2.18414928892513,-0.157470477525727,0.00585098514479099,0,-0.00384418182298074,-0.00384418182298074,0,0,0,0,0
0.193,0.523598775598299,0.519889613027463,0.519889613027463,2.09990228046792,-0.153009258554348,0.00370916257083631,0,-0.00519247337676596,-0.00519247337676596,0,0,0,0,0
0.194,0.523598775598299,0.521948405688725,0.521948405688725,2.01808724957655,-0.14856936085997,0.00165036990957423,0,-0.00639109046667464,-0.00639109046667464,0,0,0,0,0
0.195,0.523598775598299,0.523926593317854,0.523926593317854,1.93868947849322,-0.144156719781267,-0.000327817719555257,0,-0.00744732070638134,-0.00744732070638134,0,0,0,0,0
0.196,0.523598775598299,0.525826584534219,0.525826584534219,1.86169119522978,-0.139776906780203,-0.00222780893591978,0,-0.00836828339316562,-0.00836828339316562,0,0,0,0,0
0.197,0.523598775598299,0.527650768738907,0.527650768738907,1.78707176691845,-0.135435139730117,-0.00405199314060833,0,-0.0091609267522838,-0.0091609267522838,0,0,0,0,0
0.198,0.523598775598299,0.529401513348179,0.529401513348179,1.71480788752929,-0.131136293243047,-0.00580273774988005,0,-0.00983202561811463,-0.00983202561811463,0,0,0,0,0
0.199,0.523598775598299,0.531081161211808,0.531081161211808,1.64487375994281,-0.12688490901676,-0.007482385613509,0,-0.01038817953233,-0.01038817953233,0,0,0,0,0
0.2,0.523598775598299,0.532692028210677,0.532692028210677,1.57724127237627,-0.122685206182933,-0.00909325261237781,0,-0.0108358112397049,-0.0108358112397049,0,0,0,0,0
0.201,0.523598775598299,0.534236401027976,0.534236401027976,1.51188016917205,-0.118541091638991,-0.0106376254296775,0,-0.011181165562563,-0.011181165562563,0,0,0,0,0
0.202,0.523598775598299,0.535716535088383,0.535716535088383,1.44875821596512,-0.114456170347023,-0.0121177594900838,0,-0.0114303086352447,-0.0114303086352447,0,0,0,0,0
0.203,0.523598775598299,0.537134652659599,0.537134652659599,1.38784135925559,-0.110433755584205,-0.0135358770613003,0,-0.0115891274803853,-0.0115891274803853,0,0,0,0,0
0.204,0.523598775598299,0.53849294111069,0.53849294111069,1.32909388042019,-0.106476879130049,-0.0148941655123909,0,-0.0116633299092,-0.0116633299092,0,0,0,0,0
0.205,0.523598775598299,0.539793551321659,0.539793551321659,1.27247854420397,-0.102588301376714,-0.0161947757233598,0,-0.011658444728398,-0.011658444728398,0,0,0,0,0
0.206,0.523598775598299,0.541038596238783,0.541038596238783,1.21795674174081,-0.0987705213494892,-0.0174398206404841,0,-0.0115798222367602,-0.0115798222367602,0,0,0,0,0
0.207,0.523598775598299,0.542230149570251,0.542230149570251,1.16548862815786,-0.0950257866254077,-0.0186313739719525,0,-0.0114326349948553,-0.0114326349948553,0,0,0,0,0
0.208,0.523598775598299,0.543370244616726,0.543370244616726,1.11503325482494,-0.091356103138779,-0.0197714690184267,0,-0.0112218788518016,-0.0112218788518016,0,0,0,0,0
0.209,0.523598775598299,0.544460873231501,0.544460873231501,1.06654869631608,-0.0877632448632171,-0.0208620976332025,0,-0.0109523742134184,-0.0109523742134184,0,0,0,0,0
0.21,0.523598775598299,0.545503984905016,0.545503984905016,1.01999217215537,-0.0842487633605247,-0.0219052093067172,0,-0.0106287675365541,-0.0106287675365541,0,0,0,0,0
0.211,0.523598775598299,0.546501485968527,0.546501485968527,0.975320163424174,-0.080813997187535,-0.0229027103702284,0,-0.010255533034818,-0.010255533034818,0,0,0,0,0
0.212,0.523598775598299,0.547455238911862,0.547455238911862,0.932488524311464,-0.0774600811527368,-0.0238564633135632,0,-0.00983697458139363,-0.00983697458139363,0,0,0,0,0
0.213,0.523598775598299,0.548367061810225,0.548367061810225,0.89145258869289,-0.0741879554152043,-0.0247682862119259,0,-0.00937722779504559,-0.00937722779504559,0,0,0,0,0
0.214,0.523598775598299,0.549238727855135,0.549238727855135,0.85216727182815,-0.0709983744190262,-0.025639952256836,0,-0.00888026229588307,-0.00888026229588307,0,0,0,0,0
0.215,0.523598775598299,0.550071964984659,0.550071964984659,0.814587167269476,-0.0678919156570714,-0.0264731893863606,0,-0.00834988411788173,-0.00834988411788173,0,0,0,0,0
0.216,0.523598775598299,0.5508684556082,0.5508684556082,0.778666639077152,-0.0648689882585555,-0.0272696800099013,0,-0.00778973826560528,-0.00778973826560528,0,0,0,0,0
0.217,0.523598775598299,0.55162983642119,0.55162983642119,0.744359909440708,-0.0619298413954653,-0.028031060822891,0,-0.00720331140300733,-0.00720331140300733,0,0,0,0,0
0.218,0.523598775598299,0.552357698305156,0.552357698305156,0.711621141806824,-0.0590745725034743,-0.0287589227068573,0,-0.0065939346626291,-0.0065939346626291,0,0,0,0,0
0.219,0.523598775598299,0.553053586308707,0.553053586308707,0.680404519617081,-0.0563031353135329,-0.0294548107104087,0,-0.00596478656392987,-0.00596478656392987,0,0,0,0,0
0.22,0.523598775598299,0.553718999705107,0.553718999705107,0.650664320760533,-0.0536153476908394,-0.0301202241068083,0,-0.00531889602992895,-0.00531889602992895,0,0,0,0,0
0.221,0.523598775598299,0.5543553921222,0.5543553921222,0.622354987847598,-0.0510108992784066,-0.0307566165239015,0,-0.00465914549174255,-0.00465914549174255,0,0,0,0,0
0.222,0.523598775598299,0.554964171740572,0.554964171740572,0.595431194413052,-0.0484893589429146,-0.0313653961422727,0,-0.00398827407102523,-0.00398827407102523,0,0,0,0,0
0.223,0.523598775598299,0.555546701555915,0.555546701555915,0.569847907156935,-0.0460501820210026,-0.0319479259576158,0,-0.00330888083073422,-0.00330888083073422,0,0,0,0,0
0.224,0.523598775598299,0.556104299701708,0.556104299701708,0.545560444332978,-0.0436927173645881,-0.0325055241034089,0,-0.00262342808503391,-0.00262342808503391,0,0,0,0,0
0.225,0.523598775598299,0.556638239828397,0.556638239828397,0.522524530394696,-0.0414162141842178,-0.0330394642300981,0,-0.00193424475955942,-0.00193424475955942,0,0,0,0,0
0.226,0.523598775598299,0.557149751535401,0.557149751535401,0.500696347009665,-0.0392198286898471,-0.0335509759371021,0,-0.00124352979365411,-0.00124352979365411,0,0,0,0,0
0.227,0.523598775598299,0.55764002085236,0.55764002085236,0.480032580552615,-0.0371026305288252,-0.0340412452540612,0,-0.000553355576565995,-0.000553355576565995,0,0,0,0,0
0.228,0.523598775598299,0.558110190766163,0.558110190766163,0.460490466187942,-0.0350636090212093,-0.0345114151678637,0,0.000134328590022936,0.000134328590022936,0,0,0,0,0
0.229,0.523598775598299,0.558561361790397,0.558561361790397,0.442027828651971,-0.0331016791928732,-0.0349625861920984,0,0.000817693010391057,0.000817693010391057,0,0,0,0,0
0.23,0.523598775598299,0.55899459257398,0.55899459257398,0.424603119844929,-0.0312156876071893,-0.0353958169756816,0,0.00149502410100469,0.00149502410100469,0,0,0,0,0
0.231,0.523598775598299,0.559410900545828,0.559410900545828,0.408175453341968,-0.0294044179963584,-0.0358121249475294,0,0.00216472089111645,0.00216472089111645,0,0,0,0,0
0.232,0.523598775598299,0.559811262592543,0.559811262592543,0.392704635931899,-0.0276665966937458,-0.0362124869942441,0,0.00282529152393955,0.00282529152393955,0,0,0,0,0
0.233,0.523598775598299,0.560196615766198,0.560196615766198,0.378151196291374,-0.026000897868841,-0.0365978401678988,0,0.00347534976426202,0.00347534976426202,0,0,0,0,0
0.234,0.523598775598299,0.560567858019407,0.560567858019407,0.364476410901297,-0.0244059485667044,-0.0369690824211085,0,0.00411361151803526,0.00411361151803526,0,0,0,0,0
0.235,0.523598775598299,0.560925848964982,0.560925848964982,0.35164232731106,-0.0228803335539948,-0.0373270733666827,0,0.0047388913691517,0.0047388913691517,0,0,0,0,0
0.236,0.523598775598299,0.561271410657558,0.561271410657558,0.339611784855007,-0.0214225999738828,-0.0376726350592592,0,0.0053500991383184,0.0053500991383184,0,0,0,0,0
0.237,0.523598775598299,0.561605328394724,0.561605328394724,0.328348432924123,-0.0200312618123517,-0.0380065527964247,0,0.00594623646862101,0.00594623646862101,0,0,0,0,0
0.238,0.523598775598299,0.561928351535224,0.561928351535224,0.317816746894515,-0.0187048041785746,-0.0383295759369253,0,0.0065263934420938,0.0065263934420938,0,0,0,0,0
0.239,0.523598775598299,0.562241194331976,0.562241194331976,0.307982041812692,-0.0174416874022185,-0.0386424187336776,0,0.00708974523130479,0.00708974523130479,0,0,0,0,0
0.24,0.523598775598299,0.562544536777682,0.562544536777682,0.298810483936022,-0.0162403509506849,-0.0389457611793829,0,0.00763554878971055,0.00763554878971055,0,0,0,0,0
0.241,0.523598775598299,0.56283902546095,0.56283902546095,0.290269100225021,-0.0150992171694359,-0.0392402498626508,0,0.008163139584249,0.008163139584249,0,0,0,0,0
0.242,0.523598775598299,0.563125274430929,0.563125274430929,0.28232578588236,-0.0140166948486812,-0.0395264988326306,0,0.00867192837338893,0.00867192837338893,0,0,0,0,0
0.243,0.523598775598299,0.563403866068542,0.563403866068542,0.274949310031621,-0.0129911826198195,-0.0398050904702428,0,0.00916139803360135,0.00916139803360135,0,0,0,0,0
0.244,0.523598775598299,0.563675351962498,0.563675351962498,0.268109319626928,-0.0120210721851283,-0.0400765763641991,0,0.00963110043697345,0.00963110043697345,0,0,0,0,0
0.245,0.523598775598299,0.563940253788382,0.563940253788382,0.261776341682642,-0.0111047513842906,-0.0403414781900828,0,0.0100806533824573,0.0100806533824573,0,0,0,0,0
0.246,0.523598775598299,0.564199064189156,0.564199064189156,0.255921783910281,-0.0102406071014255,-0.0406002885908571,0,0.010509737583011,0.010509737583011,0,0,0,0,0
0.247,0.523598775598299,0.564452247655547,0.564452247655547,0.250517933847827,-0.00942702801636246,-0.0408534720572482,0,0.0109180937106862,0.0109180937106862,0,0,0,0,0
0.248,0.523598775598299,0.564700241404838,0.564700241404838,0.245537956564471,-0.00866240720395735,-0.0411014658065393,0,0.0113055195014942,0.0113055195014942,0,0,0,0,0
0.249,0.523598775598299,0.564943456256689,0.564943456256689,0.240955891021789,-0.00794514458529826,-0.0413446806583906,0,0.0116718669216901,0.0116718669216901,0,0,0,0,0
0.25,0.523598775598299,0.565182277504681,0.565182277504681,0.236746645170185,-0.00727364923469377,-0.0415835019063819,0,0.0120170393969204,0.0120170393969204,0,0,0,0,0
0.251,0.523598775598299,0.56541706578235,0.56541706578235,0.232885989857328,-0.00664634154636476,-0.0418182901840509,0,0.0123409891054957,0.0123409891054957,0,0,0,0,0
0.252,0.523598775598299,0.565648157922577,0.565648157922577,0.229350551623132,-0.00606165526478733,-0.0420493823242778,0,0.0126437143368691,0.0126437143368691,0,0,0,0,0
0.253,0.523598775598299,0.565875867809236,0.565875867809236,0.226117804453685,-0.00551803938265054,-0.0422770922109377,0,0.0129252569162413,0.0129252569162413,0,0,0,0,0
0.254,0.523598775598299,0.566100487220115,0.566100487220115,0.223166060564357,-0.00501395991039965,-0.0425017116218163,0,0.0131856996960428,0.0131856996960428,0,0,0,0,0
0.255,0.523598775598299,0.56632228666015,0.56632228666015,0.220474460280156,-0.0045479015213387,-0.0427235110618511,0,0.0134251641148966,0.0134251641148966,0,0,0,0,0
0.256,0.523598775598299,0.566541516184129,0.566541516184129,0.218022961079219,-0.00411836907625957,-0.0429427405858304,0,0.013643807824513,0.013643807824513,0,0,0,0,0
0.257,0.523598775598299,0.566758406208041,0.566758406208041,0.215792325863192,-0.00372388903155425,-0.0431596306097422,0,0.0138418223848347,0.0138418223848347,0,0,0,0,0
0.258,0.523598775598299,0.566973168308333,0.566973168308333,0.213764110516083,-0.00336301073474765,-0.0433743927100344,0,0.0140194310276138,0.0140194310276138,0,0,0,0,0
0.259,0.523598775598299,0.567185996008401,0.567185996008401,0.21192065081104,-0.00303430761136609,-0.043587220410102,0,0.0141768864884792,0.0141768864884792,0,0,0,0,0
0.26,0.523598775598299,0.567397065551678,0.567397065551678,0.210245048722391,-0.00273637824702683,-0.0437982899533792,0,0.0143144689074311,0.0143144689074311,0,0,0,0,0
0.261,0.523598775598299,0.567606536660768,0.567606536660768,0.208721158198174,-0.00246784736860126,-0.0440077610624694,0,0.0144324837975943,0.0144324837975943,0,0,0,0,0
0.262,0.523598775598299,0.567814553282099,0.567814553282099,0.207333570446299,-0.00222736672826443,-0.0442157776838003,0,0.0145312600819464,0.0145312600819464,0,0,0,0,0
0.263,0.523598775598299,0.568021244315642,0.568021244315642,0.206067598785437,-0.00201361589420241,-0.044422468717343,0,0.0146111481976466,0.0146111481976466,0,0,0,0,0
0.264,0.523598775598299,0.568226724329284,0.568226724329284,0.204909263109681,-0.00182530295170066,-0.0446279487309853,0,0.0146725182674914,0.0146725182674914,0,0,0,0,0
0.265,0.523598775598299,0.568431094257495,0.568431094257495,0.20384527401404,-0.00166116511828657,-0.0448323186591958,0,0.0147157583379383,0.0147157583379383,0,0,0,0,0
0.266,0.523598775598299,0.568634442083962,0.568634442083962,0.202863016625819,-0.00151996927654574,-0.045035666485663,0,0.0147412726830564,0.0147412726830564,0,0,0,0,0
0.267,0.523598775598299,0.568836843507936,0.568836843507936,0.201950534185023,-0.00140051242817331,-0.0452380679096375,0,0.0147494801736844,0.0147494801736844,0,0,0,0,0
0.268,0.523598775598299,0.569038362594044,0.569038362594044,0.201096511414989,-0.00130162207276278,-0.0454395869957447,0,0.0147408127110113,0.0147408127110113,0,0,0,0,0
0.269,0.523598775598299,0.56923905240538,0.56923905240538,0.200290257722588,-0.00122215651477015,-0.0456402768070812,0,0.0147157137237211,0.0147157137237211,0,0,0,0,0
0.27,0.523598775598299,0.56943895561974,0.56943895561974,0.199521690265472,-0.00116100510202766,-0.0458401800214416,0,0.0146746367277861,0.0146746367277861,0,0,0,0,0
0.271,0.523598775598299,0.569638105128859,0.569638105128859,0.198781316922059,-0.00111708839911409,-0.0460393295305604,0,0.0146180439479419,0.0146180439479419,0,0,0,0,0
0.272,0.523598775598299,0.569836524620589,0.569836524620589,0.198060219198165,-0.00108935829881702,-0.0462377490222901,0,0.0145464049998141,0.0145464049998141,0,0,0,0,0
0.273,0.523598775598299,0.570034229143966,0.570034229143966,0.197350035102468,-0.0010767980748548,-0.046435453545667,0,0.0144601956316334,0.0144601956316334,0,0,0,0,0
0.274,0.523598775598299,0.57023122565715,0.57023122565715,0.196642942021289,-0.00107842237895072,-0.0466324500588513,0,0.0143598965244216,0.0143598965244216,0,0,0,0,0
0.275,0.523598775598299,0.570427513558251,0.570427513558251,0.19593163962154,-0.00109327718527982,-0.0468287379599518,0,0.0142459921495013,0.0142459921495013,0,0,0,0,0
0.276,0.523598775598299,0.570623085199078,0.570623085199078,0.195209332809064,-0.00112043968523299,-0.0470243096007795,0,0.014118969682146,0.014118969682146,0,0,0,0,0
0.277,0.523598775598299,0.570817926381898,0.570817926381898,0.194469714768027,-0.00115901813536662,-0.0472191507835993,0,0.0139793179701472,0.0139793179701472,0,0,0,0,0
0.278,0.523598775598299,0.571012016839269,0.571012016839269,0.193706950105507,-0.0012081516613324,-0.0474132412409702,0,0.0138275265560658,0.0138275265560658,0,0,0,0,0
0.279,0.523598775598299,0.571205330697092,0.571205330697092,0.192915658123916,-0.00126701002050121,-0.0476065550987932,0,0.0136640847518982,0.0136640847518982,0,0,0,0,0
0.28,0.523598775598299,0.571397836921002,0.571397836921002,0.192090896242477,-0.00133479332591937,-0.0477990613227034,0,0.0134894807648707,0.0134894807648707,0,0,0,0,0
0.281,0.523598775598299,0.571589499746266,0.571589499746266,0.191228143587556,-0.00141073173415807,-0.0479907241479677,0,0.0133042008730639,0.0133042008730639,0,0,0,0,0
0.282,0.523598775598299,0.571780279091363,0.571780279091363,0.190323284770293,-0.00149408509953806,-0.048181503493064,0,0.0131087286495489,0.0131087286495489,0,0,0,0,0
0.283,0.523598775598299,0.571970130955438,0.571970130955438,0.189372593868686,-0.00158414259713449,-0.0483713553571397,0,0.012903544233712,0.012903544233712,0,0,0,0,0
0.284,0.523598775598299,0.572159007799858,0.572159007799858,0.18837271862996,-0.00168022231688861,-0.0485602322015596,0,0.0126891236484333,0.0126891236484333,0,0,0,0,0
0.285,0.523598775598299,0.572346858914074,0.572346858914074,0.187320664907886,-0.00178167083107613,-0.0487480833157752,0,0.0124659381617797,0.0124659381617797,0,0,0,0,0
0.286,0.523598775598299,0.57253363076605,0.57253363076605,0.186213781348459,-0.0018878627373053,-0.0489348551677513,0,0.0122344536918755,0.0122344536918755,0,0,0,0,0
0.287,0.523598775598299,0.572719267337509,0.572719267337509,0.185049744336255,-0.00199820017913985,-0.0491204917392104,0,0.0119951302536029,0.0119951302536029,0,0,0,0,0
0.288,0.523598775598299,0.572903710444255,0.572903710444255,0.183826543212644,-0.00211211234636854,-0.0493049348459563,0,0.011748421445801,0.011748421445801,0,0,0,0,0
0.289,0.523598775598299,0.573086900041857,0.573086900041857,0.182542465775986,-0.00222905495686523,-0.0494881244435579,0,0.011494773977622,0.011494773977622,0,0,0,0,0
0.29,0.523598775598299,0.573268774516975,0.573268774516975,0.181196084072916,-0.00234850972191115,-0.0496699989186761,0,0.0112346272327221,0.0112346272327221,0,0,0,0,0
0.291,0.523598775598299,0.573449270964632,0.573449270964632,0.17978624048883,-0.00246998379677586,-0.0498504953663335,0,0.0109684128699603,0.0109684128699603,0,0,0,0,0
0.292,0.523598775598299,0.573628325451723,0.573628325451723,0.178312034144746,-0.00259300921828327,-0.0500295498534244,0,0.010696554459303,0.010696554459303,0,0,0,0,0
0.293,0.523598775598299,0.573805873267079,0.573805873267079,0.176772807606811,-0.00271714233101377,-0.0502070976687801,0,0.010419467151629,0.010419467151629,0,0,0,0,0
0.294,0.523598775598299,0.573981849158399,0.573981849158399,0.175168133913857,-0.00284196320372731,-0.0503830735600997,0,0.0101375573811538,0.0101375573811538,0,0,0,0,0
0.295,0.523598775598299,0.574156187556371,0.574156187556371,0.173497803927572,-0.0029670750375198,-0.0505574119580725,0,0.00985122259919982,0.00985122259919982,0,0,0,0,0
0.296,0.523598775598299,0.574328822786309,0.574328822786309,0.171761814009075,-0.00309210356715908,-0.0507300471880101,0,0.0095608510380622,0.0095608510380622,0,0,0,0,0
0.297,0.523598775598299,0.574499689267621,0.574499689267621,0.169960354024919,-0.00321669645697813,-0.0509009136693225,0,0.00926682150372704,0.00926682150372704,0,0,0,0,0
0.298,0.523598775598299,0.574668721701463,0.574668721701463,0.168093795684823,-0.00334052269263982,-0.0510699461031643,0,0.00896950319622777,0.00896950319622777,0,0,0,0,0
0.299,0.523598775598299,0.574835855246884,0.574835855246884,0.166162681212769,-0.00346327197002158,-0.0512370796485851,0,0.00866925555644091,0.00866925555644091,0,0,0,0,0
0.3,0.523598775598299,0.575001025685819,0.575001025685819,0.164167712352429,-0.00358465408240521,-0.0514022500875198,0,0.00836642813813543,0.00836642813813543,0,0,0,0,0
0.301,0.523598775598299,0.575164169577248,0.575164169577248,0.162109739707272,-0.00370439830709858,-0.0515653939789489,0,0.0080613605041279,0.0080613605041279,0,0,0,0,0
0.302,0.523598775598299,0.575325224400868,0.575325224400868,0.159989752415143,-0.00382225279255171,-0.0517264488025692,0,0.00775438214539947,0.00775438214539947,0,0,0,0,0
0.303,0.523598775598299,0.575484128690602,0.575484128690602,0.157808868156524,-0.00393798394697488,-0.0518853530923035,0,0.0074458124220679,0.0074458124220679,0,0,0,0,0
0.304,0.523598775598299,0.575640822158285,0.575640822158285,0.155568323495175,-0.00405137582940695,-0.0520420465599867,0,0.00713596052512058,0.00713596052512058,0,0,0,0,0
0.305,0.523598775598299,0.575795245807856,0.575795245807856,0.153269464549378,-0.00416222954412826,-0.0521964702095569,0,0.00682512545784822,0.00682512545784822,0,0,0,0,0
0.306,0.523598775598299,0.575947342040381,0.575947342040381,0.150913737991534,-0.00427036263925669,-0.0523485664420822,0,0.00651359603593549,0.00651359603593549,0,0,0,0,0
0.307,0.523598775598299,0.57609705475025,0.57609705475025,0.148502682373427,-0.00437560851031421,-0.0524982791519513,0,0.00620165090519206,0.00620165090519206,0,0,0,0,0
0.308,0.523598775598299,0.576244329412848,0.576244329412848,0.146037919774071,-0.00447781580950021,-0.0526455538145489,0,0.00588955857593906,0.00588955857593906,0,0,0,0,0
0.309,0.523598775598299,0.57638911316404,0.57638911316404,0.143521147766696,-0.00457684786135687,-0.0527903375657413,0,0.00557757747307852,0.00557757747307852,0,0,0,0,0
0.31,0.523598775598299,0.576531354871783,0.576531354871783,0.14095413170104,-0.00467258208546626,-0.0529325792734846,0,0.00526595600091315,0.00526595600091315,0,0,0,0,0
0.311,0.523598775598299,0.576671005200172,0.576671005200172,0.138338697296832,-0.00476490942677043,-0.0530722296018729,0,0.00495493262180263,0.00495493262180263,0,0,0,0,0
0.312,0.523598775598299,0.576808016666231,0.576808016666231,0.135676723544012,-0.00485373379406098,-0.0532092410679327,0,0.00464473594776538,0.00464473594776538,0,0,0,0,0
0.313,0.523598775598299,0.576942343689768,0.576942343689768,0.132970135904997,-0.00493897150714309,-0.0533435680914695,0,0.00433558484417224,0.00433558484417224,0,0,0,0,0
0.314,0.523598775598299,0.577073942636564,0.577073942636564,0.130220899814011,-0.0050205507531341,-0.0534751670382653,0,0.0040276885446916,0.0040276885446916,0,0,0,0,0
0.315,0.523598775598299,0.577202771855221,0.577202771855221,0.127431014468282,-0.00509841105231914,-0.0536039962569222,0,0.00372124677668226,0.00372124677668226,0,0,0,0,0
0.316,0.523598775598299,0.577328791707939,0.577328791707939,0.124602506905713,-0.0051725027339454,-0.0537300161096403,0,0.00341644989625195,0.00341644989625195,0,0,0,0,0
0.317,0.523598775598299,0.577451964595514,0.577451964595514,0.121737426363418,-0.00524278642229958,-0.0538531889972147,0,0.00311347903222256,0.00311347903222256,0,0,0,0,0
0.318,0.523598775598299,0.577572254976827,0.577572254976827,0.118837838911353,-0.00530923253337831,-0.0539734793785284,0,0.00281250623827789,0.00281250623827789,0,0,0,0,0
0.319,0.523598775598299,0.577689629383114,0.577689629383114,0.115905822355136,-0.00537182078242445,-0.0540908537848152,0,0.00251369465258372,0.00251369465258372,0,0,0,0,0
0.32,0.523598775598299,0.577804056427255,0.577804056427255,0.112943461402002,-0.00543053970257158,-0.0542052808289563,0,0.00221719866420794,0.00221719866420794,0,0,0,0,0
0.321,0.523598775598299,0.577915506808371,0.577915506808371,0.10995284308371,-0.00548538617480485,-0.0543167312100722,0,0.00192316408568485,0.00192316408568485,0,0,0,0,0
0.322,0.523598775598299,0.578023953311962,0.578023953311962,0.106936052430166,-0.00553636496941705,-0.0544251777136635,0,0.00163172833109532,0.00163172833109532,0,0,0,0,0
0.323,0.523598775598299,0.578129370805847,0.578129370805847,0.10389516838739,-0.00558348829911014,-0.0545305952075478,0,0.00134302059906127,0.00134302059906127,0,0,0,0,0
0.324,0.523598775598299,0.578231736232133,0.578231736232133,0.100832259973421,-0.0056267753838635,-0.0546329606338346,0,0.00105716206007331,0.00105716206007331,0,0,0,0,0
0.325,0.523598775598299,0.578331028595471,0.578331028595471,0.0977493826656874,-0.00566625202766534,-0.0547322529971718,0,0.000774266047601335,0.000774266047601335,0,0,0,0,0
0.326,0.523598775598299,0.578427228947791,0.578427228947791,0.0946485750133452,-0.00570195020717625,-0.0548284533494926,0,0.000494438252452378,0.000494438252452378,0,0,0,0,0
0.327,0.523598775598299,0.578520320369784,0.578520320369784,0.0915318554680311,-0.00573390767237226,-0.0549215447714853,0,0.000217776919870571,0.000217776919870571,0,0,0,0,0
0.328,0.523598775598299,0.578610287949298,0.578610287949298,0.0884012194264982,-0.00576216755919084,-0.055011512350999,0,-5.56269511051422e-05,-5.56269511051422e-05,0,0,0,0,0
0.329,0.523598775598299,0.578697118756895,0.578697118756895,0.085258636478576,-0.00578677801418162,-0.0550983431585966,0,-0.000325689406488749,-0.000325689406488749,0,0,0,0,0
0.33,0.523598775598299,0.578780801818753,0.578780801818753,0.0821060478539151,-0.00580779183114399,-0.0551820262204543,0,-0.000592333334839351,-0.000592333334839351,0,0,0,0,0
0.331,0.523598775598299,0.578861328087105,0.578861328087105,0.0789453640609949,-0.00582526609971357,-0.0552625524888058,0,-0.000855488263819121,-0.000855488263819121,0,0,0,0,0
0.332,0.523598775598299,0.578938690408417,0.578938690408417,0.0757784627119024,-0.00583926186584301,-0.0553399148101182,0,-0.00111509015620986,-0.00111509015620986,0,0,0,0,0
0.333,0.523598775598299,0.579012883489482,0.579012883489482,0.0726071865264281,-0.00584984380410327,-0.0554141078911827,0,-0.00137108120576795,-0.00137108120576795,0,0,0,0,0
0.334,0.523598775598299,0.579083903861596,0.579083903861596,0.0694333415090745,-0.00585707990171718,-0.055485128263297,0,-0.0016234096332744,-0.0016234096332744,0,0,0,0,0
0.335,0.523598775598299,0.579151749843007,0.579151749843007,0.0662586952926272,-0.00586104115422203,-0.055552974244708,0,-0.00187202948311496,-0.00187202948311496,0,0,0,0,0
0.336,0.523598775598299,0.579216421499778,0.579216421499778,0.0630849756420023,-0.00586180127264302,-0.0556176459014791,0,-0.0021169004207103,-0.0021169004207103,0,0,0,0,0
0.337,0.523598775598299,0.579277920605238,0.579277920605238,0.0599138691121555,-0.00585943640204734,-0.0556791450069387,0,-0.0023579875310922,-0.0023579875310922,0,0,0,0,0
0.338,0.523598775598299,0.57933625059816,0.57933625059816,0.0567470198539144,-0.00585402485133568,-0.055737474999861,0,-0.0025952611189102,-0.0025952611189102,0,0,0,0,0
0.339,0.523598775598299,0.579391416539823,0.579391416539823,0.0535860285616811,-0.00584564683411759,-0.0557926409415245,0,-0.0028286965101294,-0.0028286965101294,0,0,0,0,0
0.34,0.523598775598299,0.579443425070085,0.579443425070085,0.0504324515570378,-0.00583438422050629,-0.0558446494717857,0,-0.00305827385566509,-0.00305827385566509,0,0,0,0,0
0.341,0.523598775598299,0.579492284362602,0.579492284362602,0.047287800002387,-0.0058203202996586,-0.0558935087643033,0,-0.00328397793718635,-0.00328397793718635,0,0,0,0,0
0.342,0.523598775598299,0.579538004079336,0.579538004079336,0.044153539238854,-0.00580353955287822,-0.0559392284810372,0,-0.00350579797529771,-0.00350579797529771,0,0,0,0,0
0.343,0.523598775598299,0.579580595324445,0.579580595324445,0.0410310882427844,-0.00578412743709096,-0.0559818197261462,0,-0.00372372744030236,-0.00372372744030236,0,0,0,0,0
0.344,0.523598775598299,0.579620070597698,0.579620070597698,0.0379218191952754,-0.00576217017849552,-0.0560212949993991,0,-0.00393776386572259,-0.00393776386572259,0,0,0,0,0
0.345,0.523598775598299,0.579656443747507,0.579656443747507,0.0348270571592939,-0.00573775457618448,-0.0560576681492084,0,-0.00414790866475048,-0.00414790866475048,0,0,0,0,0
0.346,0.523598775598299,0.579689729923693,0.579689729923693,0.0317480798590439,-0.00571096781552621,-0.0560909543253946,0,-0.00435416694978194,-0.00435416694978194,0,0,0,0,0
0.347,0.523598775598299,0.579719945530076,0.579719945530076,0.028686117556368,-0.00568189729109312,-0.056121169931777,0,-0.00455654735517216,-0.00455654735517216,0,0,0,0,0
0.348,0.523598775598299,0.579747108176987,0.579747108176987,0.0256423530190829,-0.00565063043891621,-0.0561483325786883,0,-0.0047550618633419,-0.0047550618633419,0,0,0,0,0
0.349,0.523598775598299,0.579771236633801,0.579771236633801,0.0226179215762736,-0.00561725457784297,-0.0561724610355018,0,-0.00494972563434964,-0.00494972563434964,0,0,0,0,0
0.35,0.523598775598299,0.579792350781553,0.579792350781553,0.0196139112556921,-0.0055818567597725,-0.0561935751832537,1.11022302462516e-16,-0.00514055683903042,-0.00514055683903042,0,6.84836062221357e-17,0,0,0
0.351,0.523598775598299,0.579810471565743,0.591758072449197,0.0166313629985331,-0.00554452362853832,-0.0562116959674439,0.0119476008834538,-0.0374395133983513,-0.0374395133983513,0,0.0119476008834538,0,0,0
0.352,0.523598775598299,0.579824605039801,0.597243457473781,0.0107388305289488,-0.0156778010195503,-0.0562258294415021,0.0174188524339806,-0.0519088897808764,-0.0519088897808764,0,0.0174188524339806,0,0,0
0.353,0.523598775598299,0.579830091685421,0.593278084702078,-0.000706571217055301,-0.026319360007723,-0.0562313160871225,0.0134479930166566,-0.0408068020734065,-0.0408068020734065,0,0.0134479930166565,0,0,0
0.354,0.523598775598299,0.579822087487373,0.582009565075242,-0.0155400234177695,-0.0290310370000691,-0.0562233118890741,0.00218747758786941,-0.010241503502927,-0.010241503502927,0,0.00218747758786939,0,0,0
0.355,0.523598775598299,0.579799640224461,0.569540852277292,-0.0286089779333911,-0.0206337985662401,-0.0562008646261619,-0.0102587879471687,0.0231356671789379,0.0231356671789379,0,-0.0102587879471688,0,0,0
0.356,0.523598775598299,0.579767134445769,0.56262298772019,-0.0349802825911312,-0.00458566911734312,-0.0561683588474701,-0.0171441467255785,0.0411538084016314,0.0411538084016314,0,-0.0171441467255785,0,0,0
0.357,0.523598775598299,0.579732509400213,0.564996207133669,-0.0328795151982119,0.0111139400748005,-0.0561337338019143,-0.0147363022665442,0.033970609749953,0.033970609749953,0,-0.0147363022665442,0,0,0
0.358,0.523598775598299,0.579703336048956,0.575362878701516,-0.0248227233014412,0.0184021225186682,-0.0561045604506573,-0.00434045734744037,0.00540648396005555,0.00540648396005555,0,-0.00434045734744042,0,0,0
0.359,0.523598775598299,0.579682956627507,0.588091144424161,-0.0163613663086581,0.0136138639484161,-0.0560841810292084,0.00840818779665387,-0.0291269724415977,-0.0291269724415977,0,0.00840818779665392,0,0,0
0.36,0.523598775598299,0.579668828662489,0.596267896244386,-0.0131427328346792,-0.000473123495195666,-0.0560700530641898,0.0165990675818972,-0.050981423358861,-0.050981423358861,0,0.0165990675818972,0,0,0
0.361,0.523598775598299,0.579654002679573,0.595446213906221,-0.0178933339899087,-0.0161068247559931,-0.0560552270812744,0.0157922112266478,-0.0483805975170755,-0.0483805975170755,0,0.0157922112266477,0,0,0
0.362,0.523598775598299,0.579630952833444,0.586055938335224,-0.0289694710317119,-0.0247391154414021,-0.0560321772351455,0.00642498550177972,-0.0228039033143629,-0.0228039033143629,0,0.00642498550177973,0,0,0
0.363,0.523598775598299,0.579595696989455,0.573170711487678,-0.0412664314687706,-0.0216440718597557,-0.0559969213911566,-0.00642498550177784,0.0118154294359653,0.0118154294359653,0,-0.00642498550177789,0,0,0
0.364,0.523598775598299,0.579549981228497,0.563757770001849,-0.0489971692839703,-0.00846990224442876,-0.0559512056301978,-0.0157922112266473,0.0366430001835436,0.0366430001835436,0,-0.0157922112266473,0,0,0
0.365,0.523598775598299,0.579500349966986,0.562901282385089,-0.0488366188399891,0.00766078155464078,-0.0559015743686876,-0.0165990675818978,0.0381526553216027,0.0381526553216027,0,-0.0165990675818978,0,0,0
0.366,0.523598775598299,0.579454609164273,0.571046421367617,-0.0417287446975254,0.0180159071235212,-0.0558558335659742,-0.00840818779665564,0.0154585183817318,0.0154585183817318,0,-0.00840818779665566,0,0,0
0.367,0.523598775598299,0.579417601974975,0.583758059322414,-0.0323777655289082,0.0169898675955834,-0.0558188263766759,0.00434045734743949,-0.0192047937621851,-0.0192047937621851,0,0.00434045734743946,0,0,0
0.368,0.523598775598299,0.579388588116709,0.594124890383252,-0.0266999640797442,0.00514378056592012,-0.0557898125184103,0.0147363022665431,-0.0471140798905107,-0.0471140798905107,0,0.0147363022665431,0,0,0
0.369,0.523598775598299,0.57936164840602,0.596505795131599,-0.0286177617720907,-0.0110975988987107,-0.0557628728077213,0.0171441467255788,-0.0532066803284551,-0.0532066803284551,0,0.0171441467255789,0,0,0
0.37,0.523598775598299,0.579328895761575,0.589587683708745,-0.0379341270774853,-0.0229278060463373,-0.0557301201632766,0.0102587879471696,-0.0342453582779911,-0.0342453582779911,0,0.0102587879471696,0,0,0
0.371,0.523598775598299,0.579284752485246,0.577097274897379,-0.0504396862915348,-0.0239318752565611,-0.0556859768869475,-0.00218747758786741,-0.00057305961303869,-0.00057305961303869,0,-0.00218747758786742,0,0,0
0.372,0.523598775598299,0.579228975509154,0.565780982492499,-0.0601945817246695,-0.0135633637913475,-0.0556301999108552,-0.0134479930166552,0.0294936381339652,0.0294936381339652,0,-0.0134479930166552,0,0,0
0.373,0.523598775598299,0.579166789892235,0.561747937458254,-0.0627482350730818,0.00255963058736725,-0.0555680142939362,-0.0174188524339807,0.0395932847590713,0.0395932847590713,0,-0.0174188524339807,0,0,0
0.374,0.523598775598299,0.57910605830498,0.567158457421525,-0.0575517461150486,0.0156999541732953,-0.0555072827066807,-0.0119476008834546,0.0241885137460047,0.0241885137460047,0,-0.0119476008834546,0,0,0
0.375,0.523598775598299,0.579053020885783,0.579053020885782,-0.0482552836971583,0.0187375633613992,-0.0554542452874843,-1.11022302462516e-15,-0.0084323349837212,-0.0084323349837212,0,-1.06045878443211e-15,0,0,0
0.376,0.523598775598299,0.579008914777553,0.590956515661006,-0.0407292829214888,0.0100290877981174,-0.055410139179254,0.0119476008834537,-0.0406479938847489,-0.0406479938847489,0,0.0119476008834537,0,0,0
0.377,0.523598775598299,0.578969305796253,0.596388158230234,-0.039882095922973,-0.00570132526407758,-0.0553705301979543,0.0174188524339806,-0.0550560801947271,-0.0550560801947271,0,0.0174188524339806,0,0,0
0.378,0.523598775598299,0.578926494527492,0.592374487544148,-0.0469991371953157,-0.0199227728352346,-0.0553277189291927,0.013447993016656,-0.043906260299214,-0.043906260299214,0,0.013447993016656,0,0,0
0.379,0.523598775598299,0.578873692607753,0.581061170195621,-0.0590458790159435,-0.0249218667328684,-0.0552749170094539,0.00218747758786852,-0.0133013990857366,-0.0133013990857366,0,0.00218747758786854,0,0,0
0.38,0.523598775598299,0.578808705391294,0.568549917444126,-0.0703125208392382,-0.0179838654696519,-0.0552099297929954,-0.0102587879471686,0.0201105922736784,0.0201105922736784,0,-0.0102587879471686,0,0,0
0.381,0.523598775598299,0.578735124770598,0.561590978045019,-0.0755088212021328,-0.00286422999886976,-0.055136349172299,-0.0171441467255787,0.0381609840556022,0.0381609840556022,0,-0.0171441467255787,0,0,0
0.382,0.523598775598299,0.578660385569101,0.563924083302558,-0.0726315008927079,0.0122470733136771,-0.0550616099708026,-0.0147363022665438,0.031008833597466,0.031008833597466,0,-0.0147363022665437,0,0,0
0.383,0.523598775598299,0.578591739063984,0.574251281716543,-0.0640499063035849,0.0191650476892772,-0.0549929634656853,-0.0043404573474406,0.00247540661967152,0.00247540661967152,0,-0.00434045734744055,0,0,0
0.384,0.523598775598299,0.57853232624179,0.586940514038445,-0.0552214363513628,0.0141464453836708,-0.0549335506434913,0.00840818779665464,-0.0320271767810961,-0.0320271767810961,0,0.00840818779665467,0,0,0
0.385,0.523598775598299,0.578479479327294,0.595078546909191,-0.0517330529973194,-8.11609348379174e-05,-0.0548807037289952,0.0165990675818974,-0.0538502675996068,-0.0538502675996068,0,0.0165990675818974,0,0,0
0.386,0.523598775598299,0.578426172261358,0.594218383488005,-0.05627256297438,-0.015797898645801,-0.0548273966630589,0.0157922112266478,-0.0512174162242343,-0.0512174162242343,0,0.0157922112266478,0,0,0
0.387,0.523598775598299,0.578364833874969,0.584789819376748,-0.0671714266319978,-0.0244762564473541,-0.0547660582766699,0.00642498550177895,-0.0256079385294855,-0.0256079385294855,0,0.00642498550177894,0,0,0
0.388,0.523598775598299,0.578291456776548,0.571866471274769,-0.0793089834284124,-0.0214035373338471,-0.0546926811782488,-0.00642498550177872,0.00904497363201828,0.00904497363201828,0,-0.00642498550177868,0,0,0
0.389,0.523598775598299,0.578207774674002,0.562415563447355,-0.0868879475488663,-0.00823644362964879,-0.0546089990757034,-0.0157922112266472,0.0339069231414255,0.0339069231414255,0,-0.0157922112266473,0,0,0
0.39,0.523598775598299,0.578120327882164,0.561521260300266,-0.0865766812582965,0.00789695137933787,-0.0545215522838651,-0.0165990675818976,0.0354517381415367,0.0354517381415367,0,-0.0165990675818975,0,0,0
0.391,0.523598775598299,0.578036923564657,0.569628735768002,-0.0793149370107326,0.0182610575638784,-0.0544381479663579,-0.00840818779665486,0.0127935104738776,0.0127935104738776,0,-0.00840818779665491,0,0,0
0.392,0.523598775598299,0.577962409476328,0.582302866823767,-0.0698042430971594,0.0172479965107329,-0.0543636338780291,0.00434045734743937,-0.0218331828261964,-0.0218331828261964,0,0.00434045734743932,0,0,0
0.393,0.523598775598299,0.57789605209785,0.592632354364394,-0.0639591760618166,0.00541741358681845,-0.0542972764995515,0.0147363022665435,-0.0497051851267158,-0.0497051851267158,0,0.0147363022665436,0,0,0
0.394,0.523598775598299,0.57783194037262,0.594976087098199,-0.0657010904043712,-0.010806895313067,-0.0542331647743214,0.0171441467255787,-0.0557598839034908,-0.0557598839034908,0,0.0171441467255787,0,0,0
0.395,0.523598775598299,0.577762196189556,0.588020984136725,-0.0748323054677067,-0.0226190949495628,-0.0541634205912569,0.0102587879471697,-0.0367600906642716,-0.0367600906642716,0,0.0102587879471697,0,0,0
0.396,0.523598775598299,0.577681251322804,0.575493773734936,-0.0871430737983632,-0.0236046370615728,-0.0540824757245051,-0.0021874775878683,-0.00304879983597939,-0.00304879983597939,0,-0.00218747758786827,0,0,0
0.397,0.523598775598299,0.577588872452621,0.564140879435966,-0.0966933475890429,-0.0132173594164057,-0.0539900968543227,-0.0134479930166558,0.0270573628352714,0.0270573628352714,0,-0.0134479930166558,0,0,0
0.398,0.523598775598299,0.57749029451009,0.560071442076109,-0.0990324827721006,0.00292444830899398,-0.0538915189117908,-0.0174188524339807,0.0371968996507857,0.0371968996507857,0,-0.0174188524339807,0,0,0
0.399,0.523598775598299,0.577393390058102,0.565445789174648,-0.0936115992542158,0.0160834981380024,-0.0537946144598034,-0.0119476008834539,0.0218323975643919,0.0218323975643919,0,-0.0119476008834539,0,0,0
0.4,0.523598775598299,0.577304409075262,0.577304409075262,-0.0840809467910277,0.0191396499874762,-0.0537056334769633,-2.22044604925031e-16,-0.0107478489081427,-0.0107478489081427,0,-2.05191540663658e-16,0,0,0
0.401,0.523598775598299,0.577224598440544,0.589172199323998,-0.0763110856304737,0.0104494620715295,-0.0536258228422453,0.0119476008834536,-0.0429226164002219,-0.0429226164002219,0,0.0119476008834536,0,0,0
0.402,0.523598775598299,0.577149533563487,0.594568385997468,-0.0752105262506278,-0.0052629729383691,-0.0535507579651885,0.0174188524339807,-0.0572895650355275,-0.0572895650355275,0,0.0174188524339806,0,0,0
0.403,0.523598775598299,0.577071524451567,0.590519517468223,-0.0820648671879612,-0.0194667950603676,-0.0534727488532679,0.013447993016656,-0.0460984027517717,-0.0460984027517717,0,0.0134479930166561,0,0,0
0.404,0.523598775598299,0.576983791968485,0.579171269556354,-0.0938397852493053,-0.024448650957411,-0.0533850163701864,0.00218747758786864,-0.0154520346302262,-0.0154520346302262,0,0.00218747758786868,0,0,0
0.405,0.523598775598299,0.576884150482549,0.566625362535379,-0.104825701171287,-0.0174938280381888,-0.05328537488425,-0.0102587879471694,0.0180015893349035,0.0180015893349035,0,-0.0102587879471693,0,0,0
0.406,0.523598775598299,0.576776200671813,0.559632053946235,-0.109732608755168,-0.00235781164875515,-0.0531774250735145,-0.0171441467255786,0.0360937019746874,0.0360937019746874,0,-0.0171441467255787,0,0,0
0.407,0.523598775598299,0.576667385903947,0.561931083637403,-0.106557475896915,0.0127694110011337,-0.0530686103056481,-0.0147363022665438,0.028983324557067,0.028983324557067,0,-0.0147363022665438,0,0,0
0.408,0.523598775598299,0.576564965748059,0.57222450840062,-0.0976699062221423,0.0197028251985935,-0.0529661901497607,-0.00434045734743971,0.000491688103881671,0.000491688103881671,0,-0.00434045734743972,0,0,0
0.409,0.523598775598299,0.576472089220937,0.584880277017591,-0.0885275645710839,0.0146991677383863,-0.0528733136226381,0.00840818779665453,-0.0339691206242309,-0.0339691206242309,0,0.00840818779665455,0,0,0
0.41,0.523598775598299,0.57638609630785,0.592985163889747,-0.0847176862813635,0.00048599799459358,-0.0527873207095507,0.0165990675818974,-0.0557504846067663,-0.0557504846067663,0,0.0165990675818974,0,0,0
0.411,0.523598775598299,0.576299968433514,0.592092179660161,-0.0889283578173079,-0.0152168227624235,-0.0527011928352151,0.0157922112266474,-0.0530759848788901,-0.0530759848788901,0,0.0157922112266474,0,0,0
0.412,0.523598775598299,0.576206141630282,0.582631127132061,-0.0994913246211368,-0.0238817928051652,-0.052607366031983,0.00642498550177906,-0.0274249666393236,-0.0274249666393236,0,0.00642498550177907,0,0,0
0.413,0.523598775598299,0.576100615420548,0.56967562991877,-0.111286215691964,-0.0207962230598266,-0.0525018398222492,-0.0064249855017785,0.00726935024068899,0.00726935024068899,0,-0.00642498550177856,0,0,0
0.414,0.523598775598299,0.575985130134785,0.560192918908138,-0.118516038355823,-0.00761682225021222,-0.0523863545364865,-0.0157922112266476,0.0321725419107904,0.0321725419107904,0,-0.0157922112266476,0,0,0
0.415,0.523598775598299,0.575866232415782,0.559267164833885,-0.117849450825116,0.0085283313759601,-0.0522674568174837,-0.0165990675818976,0.0337584110496144,0.0337584110496144,0,-0.0165990675818976,0,0,0
0.416,0.523598775598299,0.575751735458082,0.567343547661427,-0.110226503562903,0.018903644080837,-0.0521529598597836,-0.00840818779665498,0.0111410252809337,0.0111410252809337,0,-0.00840818779665503,0,0,0
0.417,0.523598775598299,0.575646492748706,0.579986950096145,-0.100349024229171,0.0179012351185365,-0.0520477171504068,0.00434045734743915,-0.0234450613532394,-0.0234450613532394,0,0.00434045734743919,0,0,0
0.418,0.523598775598299,0.575549776200726,0.590286078467269,-0.0941318894357307,0.00608074872726477,-0.0519510006024276,0.014736302266543,-0.0512767140127933,-0.0512767140127933,0,0.014736302266543,0,0,0
0.419,0.523598775598299,0.575455679889788,0.592599826615366,-0.0954967538247737,-0.0101340191911099,-0.0518569042914888,0.0171441467255787,-0.0572913407876898,-0.0572913407876898,0,0.0171441467255788,0,0,0
0.42,0.523598775598299,0.57535633053712,0.58561511848429,-0.104246236368968,-0.0219372323194511,-0.0517575549388213,0.0102587879471698,-0.0382517726466388,-0.0382517726466388,0,0.0102587879471698,0,0,0
0.421,0.523598775598299,0.575246164450042,0.573058686862175,-0.116170888178598,-0.0229143403106998,-0.0516473888517434,-0.00218747758786719,-0.00450102234953262,-0.00450102234953262,0,-0.00218747758786715,0,0,0
0.422,0.523598775598299,0.57512495254417,0.561676959527514,-0.125330958423879,-0.0125191778983093,-0.0515261769458707,-0.0134479930166557,0.0256442671267755,0.0256442671267755,0,-0.0134479930166557,0,0,0
0.423,0.523598775598299,0.574997933689963,0.557579081255982,-0.127276097940216,0.00362996916425063,-0.0513991580916637,-0.0174188524339807,0.0358225819287774,0.0358225819287774,0,-0.0174188524339807,0,0,0
0.424,0.523598775598299,0.574872984096021,0.562925383212566,-0.121457719005536,0.0167958176570534,-0.0512742084977219,-0.0119476008834547,0.0204964939047263,0.0204964939047263,0,-0.0119476008834547,0,0,0
0.425,0.523598775598299,0.574756357095726,0.574756357095726,-0.111526360787485,0.0198582330322891,-0.0511575814974277,-3.33066907387547e-16,-0.0120457165130485,-0.0120457165130485,0,-3.42029114106554e-16,0,0,0
0.426,0.523598775598299,0.574649302635069,0.586596903518523,-0.10335286958825,0.0111737797651908,-0.0510505270367704,0.0119476008834535,-0.044182839046608,-0.044182839046608,0,0.0119476008834535,0,0,0
0.427,0.523598775598299,0.574547398906383,0.591966251340363,-0.101846038211877,-0.0045334425370045,-0.0509486233080838,0.0174188524339806,-0.0585125459411388,-0.0585125459411388,0,0.0174188524339806,0,0,0
0.428,0.523598775598299,0.574442958419619,0.587890951436275,-0.108291743449072,-0.0187325663314895,-0.0508441828213201,0.0134479930166561,-0.0472845563164878,-0.0472845563164878,0,0.0134479930166561,0,0,0
0.429,0.523598775598299,0.574329204264873,0.576516681852742,-0.119655935971869,-0.023710230142867,-0.0507304286665746,0.00218747758786886,-0.0166017855245966,-0.0166017855245966,0,0.00218747758786881,0,0,0
0.43,0.523598775598299,0.574203952765296,0.563945164818128,-0.130229305701024,-0.0167517127102561,-0.0506051771669976,-0.0102587879471684,0.0168878070531512,0.0168878070531512,0,-0.0102587879471684,0,0,0
0.431,0.523598775598299,0.574070806287057,0.556926659561479,-0.134722110673192,-0.00161249022344649,-0.0504720306887584,-0.0171441467255786,0.0350154457161651,0.0350154457161651,0,-0.0171441467255786,0,0,0
0.432,0.523598775598299,0.573937209624279,0.559200907357735,-0.131131577826815,0.0135174597078412,-0.0503384340259805,-0.0147363022665439,0.0279401440282714,0.0279401440282714,0,-0.0147363022665439,0,0,0
0.433,0.523598775598299,0.573810423516175,0.569469966168734,-0.121827564415517,0.0204531323731906,-0.0502116479178759,-0.00434045734744082,-0.000516873893100678,-0.000516873893100678,0,-0.00434045734744081,0,0,0
0.434,0.523598775598299,0.573693597898795,0.58210178569545,-0.112267983293288,0.0154512749325091,-0.0500948223004967,0.00840818779665442,-0.0349435274197917,-0.0349435274197917,0,0.00840818779665443,0,0,0
0.435,0.523598775598299,0.573584073431546,0.590183141013444,-0.108040312018372,0.00123945744948942,-0.0499852978332476,0.0165990675818973,-0.0566912049193941,-0.0566912049193941,0,0.0165990675818973,0,0,0
0.436,0.523598775598299,0.573474831974022,0.58926704320067,-0.111832873323787,-0.0144624478280952,-0.049876056375723,0.0157922112266479,-0.0539834920981982,-0.0539834920981982,0,0.0157922112266479,0,0,0
0.437,0.523598775598299,0.573358309760217,0.579783295261997,-0.121977642828959,-0.0231269279426982,-0.0497595341619186,0.00642498550177917,-0.0282997381361985,-0.0282997381361985,0,0.00642498550177919,0,0,0
0.438,0.523598775598299,0.573230506287092,0.566805520785314,-0.133354473497611,-0.0200412823714998,-0.0496317306887931,-0.00642498550177839,0.00642683377705186,0.00642683377705186,0,-0.00642498550177843,0,0,0
0.439,0.523598775598299,0.573093161638867,0.55730095041222,-0.140166590304313,-0.00686220820253141,-0.0494943860405687,-0.0157922112266471,0.0313617971092935,0.0313617971092935,0,-0.0157922112266471,0,0,0
0.44,0.523598775598299,0.572952821997629,0.556353754415731,-0.139082862707295,0.0092822281082572,-0.0493540463993297,-0.0165990675818976,0.0329789524674252,0.0329789524674252,0,-0.0165990675818976,0,0,0
0.441,0.523598775598299,0.572817299889199,0.564409112092544,-0.131043545942192,0.0196564447414237,-0.0492185242909006,-0.0084081877966552,0.0103923659877605,0.0103923659877605,0,-0.00840818779665515,0,0,0
0.442,0.523598775598299,0.57269144793037,0.577031905277809,-0.120750665913072,0.0186525729681717,-0.0490926723320707,0.00434045734743904,-0.0241634092163614,-0.0241634092163614,0,0.00434045734743906,0,0,0
0.443,0.523598775598299,0.57257453696902,0.587310839235564,-0.114119290906681,0.00683026911586041,-0.0489757613707215,0.0147363022665434,-0.0519652386998145,-0.0519652386998145,0,0.0147363022665435,0,0,0
0.444,0.523598775598299,0.572460659827222,0.589604806552801,-0.11507126064419,-0.00938665877769922,-0.0488618842289237,0.0171441467255787,-0.0579505304385242,-0.0579505304385242,0,0.0171441467255788,0,0,0
0.445,0.523598775598299,0.572341941790861,0.58260072973803,-0.12340937256763,-0.0211923622366163,-0.0487431661925618,0.0102587879471698,-0.0388821148023794,-0.0388821148023794,0,0.0102587879471699,0,0,0
0.446,0.523598775598299,0.572212817556743,0.570025339968875,-0.134924349645799,-0.0221722787549767,-0.0486140419584441,-0.00218747758786797,-0.00510300349141672,-0.00510300349141672,0,-0.002187477587868,0,0,0
0.447,0.523598775598299,0.572073056261418,0.558625063244762,-0.143676606307137,-0.0117802309287454,-0.0484742806631192,-0.0134479930166557,0.0250701620150964,0.0250701620150964,0,-0.0134479930166556,0,0,0
0.448,0.523598775598299,0.571927894834313,0.554509042400332,-0.145215952066628,0.00436550758446548,-0.048329119236014,-0.0174188524339807,0.0352758697761926,0.0352758697761926,0,-0.0174188524339807,0,0,0
0.449,0.523598775598299,0.57178520738759,0.559837606504136,-0.138993951335256,0.0175276655998762,-0.0481864317892911,-0.0119476008834541,0.0199766939453036,0.0199766939453036,0,-0.0119476008834541,0,0,0
0.45,0.523598775598299,0.571651245009318,0.571651245009318,-0.128661288909157,0.0205861205261701,-0.0480524694110191,-4.44089209850063e-16,-0.0125390823691887,-0.0125390823691887,0,-4.78866687549451e-16,0,0,0
0.451,0.523598775598299,0.571527255257776,0.583474856141229,-0.120088950265625,0.0118974486995963,-0.0479284796594768,0.0119476008834535,-0.0446502458636957,-0.0446502458636957,0,0.0119476008834534,0,0,0
0.452,0.523598775598299,0.571408813801613,0.588827666235594,-0.118185860990252,-0.00381423852281683,-0.0478100382033142,0.0174188524339807,-0.0589544654288702,-0.0589544654288702,0,0.0174188524339806,0,0,0
0.453,0.523598775598299,0.571288230497486,0.584736223514142,-0.124238024329619,-0.0180180619743883,-0.0476894548991871,0.0134479930166562,-0.0477014565213399,-0.0477014565213399,0,0.0134479930166562,0,0,0
0.454,0.523598775598299,0.571158725658869,0.573346203246738,-0.135211511161355,-0.0230006486954441,-0.04755995006057,0.00218747758786897,-0.016994130540791,-0.016994130540791,0,0.00218747758786895,0,0,0
0.455,0.523598775598299,0.571018112715177,0.560759324768008,-0.145397125443896,-0.0160472660931164,-0.0474193371168781,-0.0102587879471692,0.0165195573535829,0.0165195573535829,0,-0.0102587879471691,0,0,0
0.456,0.523598775598299,0.570869991027854,0.553725844302275,-0.149505233172469,-0.000913379189238826,-0.047271215429555,-0.0171441467255786,0.0346708359347501,0.0346708359347501,0,-0.0171441467255786,0,0,0
0.457,0.523598775598299,0.57072180228134,0.555985500014796,-0.145533163259739,0.0142110453995714,-0.0471230266830407,-0.014736302266544,0.0276187234734839,0.0276187234734839,0,-0.014736302266544,0,0,0
0.458,0.523598775598299,0.570580804006139,0.566240346658698,-0.135850869049414,0.0211410137712227,-0.0469820284078397,-0.00434045734744004,-0.000815550989929081,-0.000815550989929081,0,-0.00434045734743999,0,0,0
0.459,0.523598775598299,0.570450142836404,0.578858330633058,-0.125916353706624,0.0161332837000913,-0.0468513672381051,0.00840818779665431,-0.0352199017054377,-0.0352199017054377,0,0.00840818779665431,0,0,0
0.46,0.523598775598299,0.570327156042174,0.586926223624072,-0.121317179431552,0.00191543566224143,-0.0467283804438754,0.0165990675818973,-0.0569457117360852,-0.0569457117360852,0,0.0165990675818973,0,0,0
0.461,0.523598775598299,0.570204822011823,0.585997033238471,-0.124741748043781,-0.0137926478917361,-0.0466060464135242,0.0157922112266475,-0.0542165613167315,-0.0542165613167315,0,0.0157922112266475,0,0,0
0.462,0.523598775598299,0.570075573431767,0.576500558933547,-0.134522108811449,-0.0224634440177123,-0.0464767978334685,0.00642498550177928,-0.0285117940043335,-0.0285117940043335,0,0.00642498550177932,0,0,0
0.463,0.523598775598299,0.569935406180407,0.563510420678629,-0.145538183029936,-0.0193842424284741,-0.0463366305821086,-0.00642498550177828,0.00623537277150042,0.00623537277150042,0,-0.0064249855017783,0,0,0
0.464,0.523598775598299,0.569786056657682,0.553993845431035,-0.151993258812097,-0.00621173067509221,-0.0461872810593835,-0.0157922112266475,0.0311905183611763,0.0311905183611763,0,-0.0157922112266475,0,0,0
0.465,0.523598775598299,0.569634067300799,0.553034999718902,-0.150556263687295,0.00992603409143863,-0.0460352917025005,-0.0165990675818977,0.0328274493633357,0.0328274493633357,0,-0.0165990675818976,0,0,0
0.466,0.523598775598299,0.569487246835115,0.561079059038459,-0.142167506023527,0.0202934791207001,-0.0458884712368159,-0.00840818779665531,0.0102602380020059,0.0102602380020059,0,-0.00840818779665527,0,0,0
0.467,0.523598775598299,0.569350444026233,0.573690901373673,-0.131529060048668,0.0192827445136848,-0.045751668427934,0.00434045734743993,-0.0242765564383972,-0.0242765564383972,0,0.00434045734743989,0,0,0
0.468,0.523598775598299,0.569222925824875,0.583959228091418,-0.124556037696435,0.00745349518558677,-0.045624150226576,0.0147363022665433,-0.0520597932703692,-0.0520597932703692,0,0.0147363022665434,0,0,0
0.469,0.523598775598299,0.569098781114588,0.586242927840167,-0.125170317791067,-0.00877045248205182,-0.0455000055162894,0.0171441467255788,-0.0580268741677608,-0.0580268741677608,0,0.0171441467255788,0,0,0
0.47,0.523598775598299,0.568970131205847,0.579228919153016,-0.133174732467578,-0.0205832419153382,-0.0453713556075483,0.0102587879471692,-0.0389406231497304,-0.0389406231497304,0,0.0102587879471692,0,0,0
0.471,0.523598775598299,0.568831406787505,0.566643929199638,-0.144360035112136,-0.0215703027571881,-0.0452326311892066,-0.00218747758786786,-0.0051440455275396,-0.0051440455275396,0,-0.00218747758786786,0,0,0
0.472,0.523598775598299,0.568682372959821,0.555234379943166,-0.152786666429748,-0.0111854499998592,-0.0450835973615227,-0.0134479930166556,0.0250462236362891,0.0250462236362891,0,-0.0134479930166555,0,0,0
0.473,0.523598775598299,0.56852826259167,0.551109410157689,-0.154004458206106,0.00495305005511835,-0.0449294869933711,-0.0174188524339807,0.035268678835854,0.035268678835854,0,-0.0174188524339806,0,0,0
0.474,0.523598775598299,0.568376945714337,0.556429344830882,-0.147464993251844,0.0181079333316845,-0.0447781701160379,-0.0119476008834543,0.0199859006688223,0.0199859006688223,0,-0.0119476008834542,0,0,0
0.475,0.523598775598299,0.568234669318494,0.568234669318494,-0.136818971026151,0.0211590841005561,-0.0446358937201954,-6.66133814775094e-16,-0.012513821311728,-0.012513821311728,0,-6.15704260992347e-16,0,0,0
0.476,0.523598775598299,0.568102676852173,0.580050277735627,-0.127937388066671,0.0124630853143921,-0.0445039012538746,0.011947600883454,-0.0446092673653151,-0.0446092673653151,0,0.0119476008834541,0,0,0
0.477,0.523598775598299,0.567976539864463,0.585395392298443,-0.125729177549782,-0.00325594529756819,-0.0443777642661639,0.0174188524339807,-0.0588980999613175,-0.0588980999613175,0,0.0174188524339806,0,0,0
0.478,0.523598775598299,0.567848564086545,0.581296557103201,-0.13148034697547,-0.0174671224388624,-0.0442497884882463,0.0134479930166563,-0.0476300281581297,-0.0476300281581297,0,0.0134479930166563,0,0,0
0.479,0.523598775598299,0.567711965703783,0.569899443291651,-0.142156968268452,-0.0224570672603827,-0.0441131901054842,0.00218747758786808,-0.016907956987208,-0.016907956987208,0,0.0021874775878681,0,0,0
0.48,0.523598775598299,0.567564554017981,0.557305766070813,-0.152049843357711,-0.0155110415177857,-0.0439657784196822,-0.0102587879471682,0.0166201647238722,0.0166201647238722,0,-0.0102587879471682,0,0,0
0.481,0.523598775598299,0.567409924266487,0.550265777540908,-0.155869333260815,-0.000384504816729222,-0.0438111486681879,-0.0171441467255786,0.0347855720369397,0.0347855720369397,0,-0.0171441467255786,0,0,0
0.482,0.523598775598299,0.567255514016042,0.552519211749498,-0.151612759091316,0.0147325814099779,-0.0436567384177436,-0.014736302266544,0.0277472894630145,0.0277472894630145,0,-0.014736302266544,0,0,0
0.483,0.523598775598299,0.567108576688613,0.562768119341172,-0.141650063697394,0.021655228214837,-0.0435098010903147,-0.00434045734744104,-0.000673447771376318,-0.000673447771376318,0,-0.00434045734744108,0,0,0
0.484,0.523598775598299,0.566972254821605,0.575380442618259,-0.131439237175436,0.016640198100993,-0.0433734792233064,0.0084081877966542,-0.035064547789044,-0.035064547789044,0,0.00840818779665419,0,0,0
0.485,0.523598775598299,0.566843881602614,0.583442949184511,-0.126567826204926,0.00241507605103711,-0.0432451060043149,0.0165990675818972,-0.0567773875896915,-0.0567773875896915,0,0.0165990675818973,0,0,0
0.486,0.523598775598299,0.566716431354267,0.582508642580915,-0.129724214751992,-0.0133002511963746,-0.0431176557559682,0.015792211226648,-0.0540355414130399,-0.0540355414130399,0,0.015792211226648,0,0,0
0.487,0.523598775598299,0.566582332716207,0.573007318217987,-0.139240432015626,-0.0219782566235692,-0.0429835571179084,0.0064249855017795,-0.0283183468931407,-0.0283183468931407,0,0.00642498550177945,0,0,0
0.488,0.523598775598299,0.566437577541189,0.560012592039411,-0.149996377121198,-0.0189062260802101,-0.0428388019428899,-0.00642498550177817,0.00644098438732284,0.00644098438732284,0,-0.00642498550177817,0,0,0
0.489,0.523598775598299,0.566283898226678,0.550491687000031,-0.156195314023219,-0.0057408434604291,-0.0426851226283796,-0.015792211226647,0.0314080375462846,0.0314080375462846,0,-0.015792211226647,0,0,0
0.49,0.523598775598299,0.566127833232518,0.54952876565062,-0.15450614421453,0.0103898375398944,-0.0425290576342193,-0.0165990675818977,0.033056624867392,0.033056624867392,0,-0.0165990675818977,0,0,0
0.491,0.523598775598299,0.565977187333628,0.557568999536973,-0.145869148256141,0.0207502474281078,-0.0423784117353296,-0.00840818779665542,0.0105008241743045,0.0105008241743045,0,-0.00840818779665539,0,0,0
0.492,0.523598775598299,0.565836805373827,0.570177262721266,-0.134986370903716,0.0197325293701844,-0.0422380297755279,0.00434045734743882,-0.0240247997368572,-0.0240247997368572,0,0.00434045734743879,0,0,0
0.493,0.523598775598299,0.56570595041231,0.580442252678853,-0.127772893056234,0.00789635115816794,-0.0421071748140107,0.0147363022665433,-0.05179710075713,-0.05179710075713,0,0.0147363022665433,0,0,0
0.494,0.523598775598299,0.565578707472873,0.582722854198452,-0.128150561040793,-0.00833446813296313,-0.0419799318745746,0.0171441467255788,-0.0577534752311674,-0.0577534752311674,0,0.0171441467255788,0,0,0
0.495,0.523598775598299,0.565447194039429,0.575705981986599,-0.135922173130392,-0.0201540694145051,-0.0418484184411303,0.0102587879471702,-0.0386567419430244,-0.0386567419430244,0,0.0102587879471701,0,0,0
0.496,0.523598775598299,0.565305837008772,0.563118359420904,-0.146878447579199,-0.0211478799883653,-0.0417070614104732,-0.00218747758786775,-0.00484990106449142,-0.00484990106449142,0,-0.00218747758786773,0,0,0
0.497,0.523598775598299,0.56515439772483,0.551706404708175,-0.155079788782472,-0.0107697126747241,-0.0415556221265316,-0.0134479930166554,0.0253504173843801,0.0253504173843801,0,-0.0134479930166554,0,0,0
0.498,0.523598775598299,0.56499810533701,0.547579252903029,-0.156075991127975,0.00536216823292153,-0.0413993297387113,-0.0174188524339807,0.0355827128420585,0.0355827128420585,0,-0.0174188524339807,0,0,0
0.499,0.523598775598299,0.564844826195034,0.55289722531158,-0.149318599027139,0.0185105005074145,-0.0412460505967351,-0.0119476008834544,0.0203095707515475,0.0203095707515475,0,-0.0119476008834543,0,0,0
0.5,0.523598775598299,0.564700803646876,0.564700803646875,-0.138458272622876,0.0215551701141604,-0.0411020280485768,-7.7715611723761e-16,-0.0121807145884921,-0.0121807145884921,0,-7.52541834435244e-16,0,0,0
0.501,0.523598775598299,0.564567277537608,0.576514878421061,-0.129365968301019,0.0128527615512097,-0.0409685019393093,0.0119476008834533,-0.0442669187922832,-0.0442669187922832,0,0.0119476008834532,0,0,0
0.502,0.523598775598299,0.564439815853899,0.58185866828788,-0.126950578329454,-0.00287260605119614,-0.0408410402556002,0.0174188524339806,-0.0585466997845662,-0.0585466997845662,0,0.0174188524339806,0,0,0
0.503,0.523598775598299,0.564310720805765,0.577758713822421,-0.132498068619174,-0.017090046135095,-0.0407119452074659,0.0134479930166564,-0.047269762179924,-0.047269762179924,0,0.0134479930166564,0,0,0
0.504,0.523598775598299,0.5641732050993,0.566360682687169,-0.142974468898945,-0.0220861787245116,-0.040574429501001,0.00218747758786919,-0.0165390066668766,-0.0165390066668766,0,0.00218747758786922,0,0,0
0.505,0.523598775598299,0.564025074599511,0.553766286652342,-0.152670538365729,-0.0151462645780369,-0.040426299001212,-0.0102587879471689,0.0169976221692071,0.0169976221692071,0,-0.0102587879471689,0,0,0
0.506,0.523598775598299,0.563869921149919,0.54672577442434,-0.15629659483728,-2.57624292636007e-05,-0.0402711455516201,-0.0171441467255785,0.0351713635318597,0.0351713635318597,0,-0.0171441467255786,0,0,0
0.507,0.523598775598299,0.563715178966846,0.548978876700302,-0.15184991582523,0.0150853670408061,-0.0401164033685474,-0.0147363022665441,0.0281412459737578,0.0281412459737578,0,-0.0147363022665441,0,0,0
0.508,0.523598775598299,0.563568098165614,0.559227640818174,-0.141700400236845,0.0220021355209357,-0.039969322567315,-0.00434045734744026,-0.000271491336474736,-0.000271491336474736,0,-0.00434045734744025,0,0,0
0.509,0.523598775598299,0.563431818021069,0.571840005817723,-0.131305993949192,0.0169813060396278,-0.0398330424227699,0.00840818779665409,-0.0346547526784322,-0.0346547526784322,0,0.00840818779665407,0,0,0
0.51,0.523598775598299,0.563303668502582,0.57990273608448,-0.126254199202093,0.00275046399851972,-0.0397048929042835,0.0165990675818972,-0.0563599113067446,-0.0563599113067446,0,0.0165990675818972,0,0,0
0.511,0.523598775598299,0.563176620759085,0.578968831985732,-0.129233355357285,-0.0129705035464799,-0.0395778451607858,0.0157922112266476,-0.0536105378133095,-0.0536105378133095,0,0.0157922112266477,0,0,0
0.512,0.523598775598299,0.563043100301184,0.569468085802964,-0.138575446897813,-0.0216540693577807,-0.0394443247028855,0.00642498550177961,-0.0278859662806557,-0.0278859662806557,0,0.00642498550177957,0,0,0
0.513,0.523598775598299,0.562899095897353,0.556474110395575,-0.14916032817232,-0.0185875191580835,-0.0393003202990541,-0.00642498550177806,0.00688059516482899,0.00688059516482899,0,-0.00642498550177805,0,0,0
0.514,0.523598775598299,0.562746336905561,0.546954125678914,-0.155191218346245,-0.00542753680320413,-0.0391475613072623,-0.0157922112266474,0.03185473500328,0.03185473500328,0,-0.0157922112266474,0,0,0
0.515,0.523598775598299,0.56259135879093,0.545992291209032,-0.153336974157122,0.0106978239648731,-0.0389925831926312,-0.0165990675818978,0.033510268787677,0.033510268787677,0,-0.0165990675818977,0,0,0
0.516,0.523598775598299,0.56244196337838,0.554033775581725,-0.144537831488288,0.0210529935271141,-0.0388431877800816,-0.00840818779665553,0.0109612775194454,0.0109612775194454,0,-0.00840818779665551,0,0,0
0.517,0.523598775598299,0.562302992606351,0.56664344995379,-0.133495790536991,0.0200301148468971,-0.0387042170080518,0.0043404573474396,-0.0235576709177438,-0.0235576709177438,0,0.00434045734743962,0,0,0
0.518,0.523598775598299,0.562173706673141,0.576910008939684,-0.12612588780253,0.00818885544142823,-0.038574931074842,0.0147363022665432,-0.0513234274161535,-0.0513234274161535,0,0.0147363022665432,0,0,0
0.519,0.523598775598299,0.562048187785955,0.579192334511534,-0.126349925408398,-0.00804696595750598,-0.0384494121876564,0.0171441467255788,-0.0572733854089849,-0.0572733854089849,0,0.0171441467255789,0,0,0
0.52,0.523598775598299,0.561918550656204,0.572177338603373,-0.133970657655335,-0.0198714906689591,-0.038319775057905,0.0102587879471694,-0.0381703608546105,-0.0381703608546105,0,0.0102587879471694,0,0,0
0.521,0.523598775598299,0.561779219452023,0.559591741864156,-0.144778759089848,-0.020870146463455,-0.0381804438537244,-0.00218747758786764,-0.00435735118335526,-0.00435735118335526,0,-0.00218747758786759,0,0,0
0.522,0.523598775598299,0.561629952832246,0.54818195981559,-0.152834590695411,-0.010496746687046,-0.0380311772339469,-0.0134479930166553,0.0258490162436142,0.0258490162436142,0,-0.0134479930166554,0,0,0
0.523,0.523598775598299,0.561475977304432,0.544057124870451,-0.153687903773234,0.00563044378716264,-0.0378772017061333,-0.0174188524339807,0.0360872434426968,0.0360872434426968,0,-0.0174188524339806,0,0,0
0.524,0.523598775598299,0.561325156619373,0.549377555735919,-0.146790200000917,0.0187741621020832,-0.0377263810210742,-0.0119476008834545,0.0208199183555622,0.0208199183555622,0,-0.0119476008834544,0,0,0
0.525,0.523598775598299,0.561183731568656,0.561183731568655,-0.135792097165937,0.0218142935461916,-0.0375849559703575,-8.88178419700125e-16,-0.0116646622980244,-0.0116646622980244,0,-8.89379407878141e-16,0,0,0
0.526,0.523598775598299,0.561052939483126,0.57300054036658,-0.126564509701002,0.0131074218968352,-0.0374541638848269,0.0119476008834538,-0.0437452717870157,-0.0437452717870157,0,0.0119476008834539,0,0,0
0.527,0.523598775598299,0.560928345876962,0.578347198310942,-0.124016288345373,-0.00262233447709309,-0.037329570278663,0.0174188524339806,-0.0580195657649641,-0.0580195657649641,0,0.0174188524339806,0,0,0
0.528,0.523598775598299,0.560802250529002,0.574250243545658,-0.12943335792648,-0.0168440898165902,-0.0372034749307031,0.0134479930166564,-0.0467372466476009,-0.0467372466476009,0,0.0134479930166565,0,0,0
0.529,0.523598775598299,0.560667863755015,0.562855341342883,-0.139781707553507,-0.021844464979319,-0.0370690881567157,0.00218747758786841,-0.0160012129951442,-0.0160012129951442,0,0.00218747758786837,0,0,0
0.53,0.523598775598299,0.560522989070061,0.550264201122892,-0.149352056285212,-0.014908721589346,-0.0369242134717618,-0.0102587879471688,0.0175405926665508,0.0175405926665508,0,-0.0102587879471688,0,0,0
0.531,0.523598775598299,0.560371216007606,0.543227069282028,-0.152854682298414,0.000207680725162499,-0.0367724404093076,-0.0171441467255785,0.0357194115335484,0.0357194115335484,0,-0.0171441467255785,0,0,0
0.532,0.523598775598299,0.560219976513305,0.545483674246762,-0.148286823975506,0.0153147803621852,-0.0366212009150064,-0.0147363022665437,0.0286942740858329,0.0286942740858329,0,-0.0147363022665437,0,0,0
0.533,0.523598775598299,0.560076518470678,0.555736061123237,-0.138018341619267,0.0222275880655686,-0.0364777428723787,-0.00434045734744037,0.000286421355913974,0.000286421355913974,0,-0.00434045734744038,0,0,0
0.534,0.523598775598299,0.559943978961106,0.56835216675776,-0.12750714303872,0.0172028658974622,-0.0363452033628076,0.00840818779665398,-0.0340920491335787,-0.0340920491335787,0,0.00840818779665395,0,0,0
0.535,0.523598775598299,0.559819685798295,0.576418753380193,-0.122340692952496,0.002968198274076,-0.0362209101999964,0.0165990675818974,-0.0557925088949308,-0.0557925088949308,0,0.0165990675818975,0,0,0
0.536,0.523598775598299,0.559696608012749,0.575488819239397,-0.125207293757158,-0.012756528750908,-0.0360978324144505,0.0157922112266478,-0.0530385268358163,-0.0530385268358163,0,0.0157922112266477,0,0,0
0.537,0.523598775598299,0.559567169033337,0.565992154535117,-0.134438893534559,-0.021443788956742,-0.0359683934350385,0.00642498550177972,-0.0273094354109215,-0.0273094354109215,0,0.0064249855017797,0,0,0
0.538,0.523598775598299,0.559427355582906,0.553002370081127,-0.144915310802961,-0.0183808690954956,-0.0358285799846074,-0.00642498550177883,0.00746155882657253,0.00746155882657253,0,-0.00642498550177884,0,0,0
0.539,0.523598775598299,0.559278895009345,0.543486683782698,-0.15083972947396,-0.00522445406287392,-0.0356801194110462,-0.0157922112266473,0.0324400458770743,0.0324400458770743,0,-0.0157922112266473,0,0,0
0.54,0.523598775598299,0.559128320802657,0.542529253220759,-0.148880971612464,0.0108974013506432,-0.0355295452043581,-0.0165990675818978,0.0340998427626259,0.0340998427626259,0,-0.0165990675818978,0,0,0
0.541,0.523598775598299,0.558983432847025,0.55057524505037,-0.139979239014081,0.0212491264707555,-0.035384657248726,-0.00840818779665475,0.0115550319041604,0.0115550319041604,0,-0.00840818779665476,0,0,0
0.542,0.523598775598299,0.558849071173944,0.563189528521383,-0.12883649837595,0.0202228632005467,-0.0352502955756449,0.00434045734743949,-0.022959817443019,-0.022959817443019,0,0.00434045734743949,0,0,0
0.543,0.523598775598299,0.558724494107975,0.573460796374519,-0.121367753286687,0.00837827799356907,-0.0351257185096766,0.0147363022665432,-0.0507215548458059,-0.0507215548458059,0,0.0147363022665432,0,0,0
0.544,0.523598775598299,0.558603782015202,0.575747928740781,-0.121494773549483,-0.00786081148382568,-0.0350050064169032,0.0171441467255787,-0.056667572456662,-0.056667572456662,0,0.0171441467255787,0,0,0
0.545,0.523598775598299,0.558479047797935,0.568737835745105,-0.129020281735268,-0.0196885476163985,-0.0348802721996366,0.0102587879471695,-0.0375606849962767,-0.0375606849962767,0,0.0102587879471695,0,0,0
0.546,0.523598775598299,0.55834471384665,0.556157236258783,-0.139734921250581,-0.0206903592392281,-0.0347459382483513,-0.00218747758786741,-0.00374388869878595,-0.00374388869878595,0,-0.00218747758786746,0,0,0
0.547,0.523598775598299,0.558200537073361,0.544752544056705,-0.147699022527361,-0.0103200607604169,-0.0346017614750622,-0.0134479930166559,0.0264661902308698,0.0264661902308698,0,-0.0134479930166559,0,0,0
0.548,0.523598775598299,0.55805174226907,0.540632889835089,-0.148462306901632,0.00580408188866086,-0.0344529666707711,-0.0174188524339807,0.0367080549268474,0.0367080549268474,0,-0.0174188524339807,0,0,0
0.549,0.523598775598299,0.557906191497682,0.545958590614227,-0.141476246669387,0.0189448047976332,-0.0343074158993829,-0.0119476008834545,0.0214442944115948,0.0214442944115948,0,-0.0119476008834545,0,0,0
0.55,0.523598775598299,0.55777012389299,0.55777012389299,-0.130391430816702,0.0219819922078148,-0.0341713482946909,0,-0.0110367935499002,-0.0110367935499002,0,-3.41121641096931e-17,0,0,0
0.551,0.523598775598299,0.557644775156556,0.56959237604001,-0.121078745551124,0.0132722268565772,-0.0340459995582572,0.0119476008834537,-0.0431139812154928,-0.0431139812154928,0,0.0119476008834538,0,0,0
0.552,0.523598775598299,0.557525709201218,0.574944561635198,-0.118447013958492,-0.00246037391897229,-0.0339269336029191,0.0174188524339806,-0.0573849232604086,-0.0573849232604086,0,0.0174188524339806,0,0,0
0.553,0.523598775598299,0.55740522423184,0.570853217248496,-0.123782133779514,-0.0166849253824972,-0.0338064486335412,0.0134479930166559,-0.0460993211534508,-0.0460993211534508,0,0.0134479930166559,0,0,0
0.554,0.523598775598299,0.557276529017023,0.559464006604892,-0.13405006759787,-0.0216880494043305,-0.0336777534187244,0.00218747758786852,-0.0153600725380122,-0.0153600725380122,0,0.00218747758786851,0,0,0
0.555,0.523598775598299,0.557137425550908,0.54687863760374,-0.143541508502074,-0.0147550086104043,-0.0335386499526095,-0.0102587879471687,0.0181848809480738,0.0181848809480738,0,-0.0102587879471687,0,0,0
0.556,0.523598775598299,0.556991501871736,0.539847355146158,-0.146966709247608,0.000358736380810297,-0.0333927262734376,-0.0171441467255787,0.0363667813613249,0.0363667813613249,0,-0.0171441467255787,0,0,0
0.557,0.523598775598299,0.556846188455085,0.542109886188542,-0.142322883337702,0.0154632229892416,-0.0332474128567867,-0.0147363022665438,0.0293446600158282,0.0293446600158282,0,-0.0147363022665437,0,0,0
0.558,0.523598775598299,0.556708731739012,0.552368274391572,-0.131979866731047,0.0223734609935793,-0.0331099561407132,-0.00434045734744049,0.000939758753032885,0.000939758753032885,0,-0.00434045734744052,0,0,0
0.559,0.523598775598299,0.556582267383514,0.564990455180169,-0.121395543420249,0.0173462115042987,-0.0329834917852155,0.00840818779665464,-0.0334358241195128,-0.0334358241195128,0,0.0084081877966547,0,0,0
0.56,0.523598775598299,0.556464121804467,0.573063189386364,-0.116157354827488,0.00310905799995248,-0.0328653462061682,0.0165990675818974,-0.0551334593520711,-0.0551334593520711,0,0.0165990675818974,0,0,0
0.561,0.523598775598299,0.556347262657586,0.572139473884234,-0.118953580564866,-0.0126181143889285,-0.0327484870592877,0.0157922112266478,-0.0523767151121264,-0.0523767151121264,0,0.0157922112266478,0,0,0
0.562,0.523598775598299,0.556224112019484,0.562649097521263,-0.128116146433557,-0.0213077803498083,-0.032625336421185,0.00642498550177895,-0.026644923134938,-0.026644923134938,0,0.00642498550177891,0,0,0
0.563,0.523598775598299,0.556090655282781,0.549665669781003,-0.138524849166499,-0.0182472275276316,-0.0324918796844825,-0.00642498550177872,0.00812871072596921,0.00812871072596921,0,-0.00642498550177872,0,0,0
0.564,0.523598775598299,0.555948618486684,0.540156407260037,-0.144382851376698,-0.00509314169529776,-0.0323498428883854,-0.0157922112266473,0.0331097771518978,0.0331097771518978,0,-0.0157922112266473,0,0,0
0.565,0.523598775598299,0.555804533833571,0.539205466251673,-0.142358954308422,0.011026421495511,-0.0322057582352719,-0.0165990675818976,0.0347720938279446,0.0347720938279446,0,-0.0165990675818975,0,0,0
0.566,0.523598775598299,0.555666199940585,0.54725801214393,-0.133393339405654,0.0213758905255454,-0.0320674243422858,-0.00840818779665486,0.0122297438211905,0.0122297438211905,0,-0.00840818779665488,0,0,0
0.567,0.523598775598299,0.555538455592302,0.559878912939742,-0.12218795347387,0.0203474064694224,-0.0319396799940034,0.00434045734743937,-0.0222827029829436,-0.0222827029829436,0,0.00434045734743936,0,0,0
0.568,0.523598775598299,0.555420557886032,0.570156860152576,-0.114657780660819,0.00850063496889729,-0.0318217822877335,0.0147363022665437,-0.0500420955364087,-0.0500420955364087,0,0.0147363022665436,0,0,0
0.569,0.523598775598299,0.555306585979823,0.572450732705402,-0.114724571770378,-0.00774060710465,-0.0317078103815246,0.0171441467255787,-0.0559858253910729,-0.0559858253910729,0,0.0171441467255787,0,0,0
0.57,0.523598775598299,0.555188651586736,0.565447439533905,-0.122191030806405,-0.019570462914006,-0.0315898759884372,0.0102587879471688,-0.0368767066806018,-0.0368767066806018,0,0.0102587879471688,0,0,0
0.571,0.523598775598299,0.555061175926348,0.55287369833848,-0.132847783031241,-0.0205743620552425,-0.0314624003280491,-0.0021874775878683,-0.00305773506491226,-0.00305773506491226,0,-0.0021874775878683,0,0,0
0.572,0.523598775598299,0.554923914757715,0.541475921741059,-0.140755141146119,-0.0102061196803656,-0.0313251391594157,-0.0134479930166558,0.0271544638131984,0.0271544638131984,0,-0.0134479930166558,0,0,0
0.573,0.523598775598299,0.554782091736406,0.537363239302425,-0.141462809160431,0.00591599755246518,-0.0311833161381068,-0.0174188524339806,0.0373983936386615,0.0373983936386615,0,-0.0174188524339806,0,0,0
0.574,0.523598775598299,0.554643567808022,0.542695966924568,-0.134422242438205,0.0190547250232135,-0.0310447922097236,-0.0119476008834539,0.0221366439739855,0.0221366439739855,0,-0.0119476008834539,0,0,0
0.575,0.523598775598299,0.554514581004794,0.554514581004793,-0.123284013418825,0.0220899462806216,-0.0309158054064949,-2.22044604925031e-16,-0.0103424868858375,-0.0103424868858375,0,-1.7094973755259e-16,0,0,0
0.576,0.523598775598299,0.554396365943074,0.566343966826529,-0.11391899213905,0.0133782433865328,-0.0307975903447756,0.0119476008834544,-0.042417770678119,-0.042417770678119,0,0.0119476008834544,0,0,0
0.577,0.523598775598299,0.554284485466482,0.571703337900463,-0.1112359858805,-0.00235626698050701,-0.0306857098681835,0.0174188524339806,-0.0566868615663889,-0.0566868615663889,0,0.0174188524339805,0,0,0
0.578,0.523598775598299,0.554171236726286,0.567619229742943,-0.116520876936966,-0.0165827007258463,-0.0305724611279873,0.0134479930166567,-0.0453994605160715,-0.0453994605160715,0,0.0134479930166567,0,0,0
0.579,0.523598775598299,0.554049827452763,0.556237305040633,-0.126739612793287,-0.021587680344748,-0.0304510518544646,0.00218747758786964,-0.0146584646749381,-0.0146584646749381,0,0.00218747758786963,0,0,0
0.58,0.523598775598299,0.553918058616661,0.543659270669493,-0.136182871778085,-0.0146564690714503,-0.0303192830183617,-0.0102587879471677,0.0188881848075334,0.0188881848075334,0,-0.0102587879471678,0,0,0
0.581,0.523598775598299,0.553779517247418,0.53663537052184,-0.139560892216832,0.000455471883737768,-0.0301807416491193,-0.0171441467255785,0.0370717304694389,0.0370717304694389,0,-0.0171441467255785,0,0,0
0.582,0.523598775598299,0.553641632826083,0.538905330559538,-0.134870873503668,0.0155581793652039,-0.0300428572277838,-0.0147363022665443,0.0300512041001221,0.0300512041001221,0,-0.0147363022665443,0,0,0
0.583,0.523598775598299,0.553511650810131,0.549171193462689,-0.124482637800256,0.0224666625922083,-0.0299128752118321,-0.0043404573474416,0.00164784801040639,0.00164784801040639,0,-0.00434045734744161,0,0,0
0.584,0.523598775598299,0.553392705892627,0.561800893689281,-0.113854055605482,0.0174376821317076,-0.029793930294328,0.00840818779665375,-0.0327262390282594,-0.0327262390282594,0,0.00840818779665371,0,0,0
0.585,0.523598775598299,0.553282123535856,0.569881191117753,-0.108572555142477,0.00319882093443195,-0.029683347937557,0.0165990675818971,-0.054422427307316,-0.054422427307316,0,0.0165990675818971,0,0,0
0.586,0.523598775598299,0.553172870455001,0.568965081681649,-0.111326403110453,-0.0125300363814397,-0.0295740948567019,0.0157922112266483,-0.0516642845401428,-0.0516642845401428,0,0.0157922112266483,0,0,0
0.587,0.523598775598299,0.553057367798912,0.559482353300692,-0.120447512675475,-0.0212213650004908,-0.0294585922006133,0.00642498550177995,-0.0259311420122595,-0.0259311420122595,0,0.00642498550177996,0,0,0
0.588,0.523598775598299,0.552931600044952,0.546506614543174,-0.130815668204898,-0.018162453049801,-0.0293328244466527,-0.00642498550177761,0.00884379486850412,0.00884379486850412,0,-0.00642498550177767,0,0,0
0.589,0.523598775598299,0.552797292329298,0.537005081102651,-0.136634020207573,-0.00500998676967889,-0.029198516730999,-0.0157922112266468,0.0338261172254112,0.0338261172254112,0,-0.0157922112266468,0,0,0
0.59,0.523598775598299,0.552660975963279,0.536061908381381,-0.13457135807708,0.0111079777352447,-0.0290622003649805,-0.0165990675818979,0.0354896431820705,0.0354896431820705,0,-0.0165990675818979,0,0,0
0.591,0.523598775598299,0.552530448684717,0.544122260888061,-0.125567851652365,0.0214558685069578,-0.0289316730864183,-0.00840818779665586,0.0129484562408936,0.0129484562408936,0,-0.00840818779665587,0,0,0
0.592,0.523598775598299,0.55241054841035,0.556751005757789,-0.114325436371865,0.0204258261952203,-0.0288117728120515,0.00434045734743826,-0.0215628732802954,-0.0215628732802954,0,0.00434045734743826,0,0,0
0.593,0.523598775598299,0.552300531380902,0.567036833647445,-0.106759085246787,0.00857751603055034,-0.0287017557826031,0.014736302266543,-0.0493211939037394,-0.0493211939037394,0,0.014736302266543,0,0,0
0.594,0.523598775598299,0.552194475908859,0.569338622634437,-0.10679053816762,-0.0076652455135812,-0.0285957003105597,0.017144146725579,-0.0552638967540751,-0.0552638967540751,0,0.0171441467255789,0,0,0
0.595,0.523598775598299,0.552084492872524,0.562343280819695,-0.114222488440809,-0.0194966019848366,-0.0284857172742252,0.0102587879471705,-0.0361537955400171,-0.0361537955400171,0,0.0102587879471706,0,0,0
0.596,0.523598775598299,0.551965002667312,0.549777525079444,-0.124845550840242,-0.0205019833514312,-0.0283662270690128,-0.00218747758786719,-0.00233388549861467,-0.00233388549861467,0,-0.00218747758786718,0,0,0
0.597,0.523598775598299,0.551835760238499,0.538387767221844,-0.132720027780804,-0.0101352051250812,-0.0282369846402002,-0.0134479930166551,0.0278792081482672,0.0278792081482672,0,-0.0134479930166551,0,0,0
0.598,0.523598775598299,0.551701988438067,0.534283136004086,-0.133395613180965,0.00598546568846628,-0.0281032128397677,-0.0174188524339808,0.0381239895047341,0.0381239895047341,0,-0.0174188524339807,0,0,0
0.599,0.523598775598299,0.551571547418022,0.539623946534567,-0.12632375250274,0.0191227641334074,-0.0279727718197232,-0.0119476008834547,0.0228630485508412,0.0228630485508412,0,-0.0119476008834547,0,0,0
0.6,0.523598775598299,0.551450674426811,0.551450674426809,-0.115155008466058,0.0221565734342271,-0.0278518988285117,-1.33226762955019e-15,-0.009615316002361,-0.009615316002361,0,-1.29989212820683e-15,0,0,0
0.601,0.523598775598299,0.551340603306634,0.563288204190087,-0.105760241564606,0.0134434753397159,-0.0277418277083357,0.0119476008834528,-0.0416898754775037,-0.0416898754775037,0,0.0119476008834528,0,0,0
0.602,0.523598775598299,0.551236896136416,0.568655748570397,-0.103048249707303,-0.00229241377373843,-0.0276381205381173,0.0174188524339806,-0.055958283624712,-0.055958283624712,0,0.0174188524339806,0,0,0
0.603,0.523598775598299,0.551131849312019,0.564579842328676,-0.108304905979769,-0.0165202101030564,-0.0275330737137202,0.0134479930166568,-0.0446702409971692,-0.0446702409971692,0,0.0134479930166567,0,0,0
0.604,0.523598775598299,0.551018669817444,0.553206147405313,-0.118496148817527,-0.0215265364247895,-0.0274198942191449,0.00218747758786975,-0.0139286443315125,-0.0139286443315125,0,0.00218747758786976,0,0,0
0.605,0.523598775598299,0.550895157886132,0.540636369938963,-0.127912647653229,-0.014596656244491,-0.027296382287833,-0.0102587879471685,0.0196185656328983,0.0196185656328983,0,-0.0102587879471685,0,0,0
0.606,0.523598775598299,0.550764899819041,0.533620753093462,-0.131264632064385,0.000513968965886867,-0.0271661242207417,-0.0171441467255784,0.0378026318433094,0.0378026318433094,0,-0.0171441467255785,0,0,0
0.607,0.523598775598299,0.550635324377409,0.535899022110865,-0.126549292840005,0.0156153757984563,-0.0270365487791102,-0.0147363022665444,0.0307825864973237,0.0307825864973237,0,-0.0147363022665444,0,0,0
0.608,0.523598775598299,0.550513676307443,0.546173218960002,-0.116136443674445,0.0225225732292764,-0.0269149007091442,-0.00434045734744082,0.00237967231314891,0.00237967231314891,0,-0.00434045734744078,0,0,0
0.609,0.523598775598299,0.550403089599335,0.558811277395989,-0.105483946732249,0.0174923215908753,-0.0268043140010363,0.00840818779665364,-0.0319940115311925,-0.0319940115311925,0,0.00840818779665359,0,0,0
0.61,0.523598775598299,0.55030088902077,0.566899956602667,-0.100179222030489,0.00325220360804047,-0.0267021134224712,0.0165990675818971,-0.05368983492138,-0.05368983492138,0,0.0165990675818971,0,0,0
0.611,0.523598775598299,0.550200040600473,0.565992251827121,-0.102910528186069,-0.0124778963188013,-0.0266012650021741,0.0157922112266479,-0.0509313651657949,-0.0509313651657949,0,0.0157922112266479,0,0,0
0.612,0.523598775598299,0.550092964808859,0.556517950310639,-0.112009770402116,-0.0211704535840756,-0.0264941892105606,0.00642498550178006,-0.0251979331457294,-0.0251979331457294,0,0.00642498550178008,0,0,0
0.613,0.523598775598299,0.549975645452761,0.543550659950983,-0.122356725198204,-0.0181127565170787,-0.0263768698544621,-0.0064249855017775,0.00957725613446853,0.00957725613446853,0,-0.00642498550177754,0,0,0
0.614,0.523598775598299,0.549849807005618,0.534057595778971,-0.128154535346485,-0.00496149155298328,-0.0262510314073192,-0.0157922112266472,0.0345597942007861,0.0345597942007861,0,-0.0157922112266471,0,0,0
0.615,0.523598775598299,0.549721980123704,0.533122912541806,-0.126071982611003,0.0111552850157928,-0.0261232045254052,-0.0165990675818979,0.0362234995787932,0.0362234995787932,0,-0.0165990675818979,0,0,0
0.616,0.523598775598299,0.549599961897362,0.541191774100706,-0.117049229304561,0.0215020010502596,-0.0260011862990632,-0.00840818779665597,0.0136824561721036,0.0136824561721036,0,-0.00840818779665599,0,0,0
0.617,0.523598775598299,0.549488589603329,0.553829046950769,-0.105788203439211,0.0204707970257482,-0.0258898140050307,0.00434045734743904,-0.0208287653010481,-0.0208287653010481,0,0.00434045734743909,0,0,0
0.618,0.523598775598299,0.549387118849705,0.564123421116248,-0.098203870696053,0.00862133800463663,-0.0257883432514064,0.014736302266543,-0.0485870129632852,-0.0485870129632852,0,0.0147363022665429,0,0,0
0.619,0.523598775598299,0.549289627323636,0.566433774049214,-0.0982179637283871,-0.00762255970170421,-0.0256908517253367,0.017144146725579,-0.0545296775404664,-0.0545296775404664,0,0.017144146725579,0,0,0
0.62,0.523598775598299,0.549188225285276,0.559447013232446,-0.105633168695181,-0.0194550397972489,-0.0255894496869771,0.0102587879471698,-0.035419572343372,-0.035419572343372,0,0.0102587879471699,0,0,0
0.621,0.523598775598299,0.549077332518995,0.546889854931128,-0.116240093309469,-0.0204615324009745,-0.025478556920696,-0.00218747758786708,-0.00159969221201255,-0.00159969221201255,0,-0.00218747758786705,0,0,0
0.622,0.523598775598299,0.548956703366044,0.535508710349389,-0.124099033008963,-0.0100958531700482,-0.0253579277677455,-0.013447993016655,0.0286133380278758,0.0286133380278758,0,-0.013447993016655,0,0,0
0.623,0.523598775598299,0.548831560081316,0.531412707647335,-0.124759674815803,0.00602373074941685,-0.0252327844830167,-0.0174188524339807,0.0388580228755603,0.0388580228755603,0,-0.0174188524339807,0,0,0
0.624,0.523598775598299,0.548709762226584,0.536762161343129,-0.117673457373822,0.019159954266107,-0.025110986628285,-0.0119476008834548,0.0235969527052616,0.0235969527052616,0,-0.0119476008834548,0,0,0
0.625,0.523598775598299,0.548597546466843,0.548597546466842,-0.106490936660332,0.0221927004736366,-0.0249987708685437,-4.44089209850063e-16,-0.0088815733788534,-0.0088815733788534,0,-4.44624884438383e-16,0,0,0
0.626,0.523598775598299,0.548496146067548,0.560443746951001,-0.0970829664994979,0.0134785509943492,-0.0248973704692491,0.0119476008834535,-0.0409563263073753,-0.0409563263073753,0,0.0119476008834535,0,0,0
0.627,0.523598775598299,0.54840112253751,0.565819974971491,-0.0943583382014654,-0.00225837791759392,-0.0248023469392111,0.0174188524339806,-0.0552249594395332,-0.0552249594395332,0,0.0174188524339806,0,0,0
0.628,0.523598775598299,0.548304771709044,0.561752764725701,-0.0996029183215836,-0.0164872025773245,-0.0247059961107456,0.0134479930166562,-0.0439371729387983,-0.0439371729387983,0,0.0134479930166562,0,0,0
0.629,0.523598775598299,0.548200300009101,0.55038777759697,-0.109782638831478,-0.0214945458757853,-0.0246015244108023,0.00218747758786897,-0.0131958631533279,-0.0131958631533279,0,0.00218747758786892,0,0,0
0.63,0.523598775598299,0.548085507120502,0.537826719173333,-0.119188162764243,-0.0145656714292901,-0.024486731522203,-0.0102587879471684,0.0203510295647105,0.0203510295647105,0,-0.0102587879471683,0,0,0
0.631,0.523598775598299,0.547963978799953,0.530819832074374,-0.122529713360248,0.000543959182894783,-0.0243652032016541,-0.0171441467255786,0.0385347485484243,0.0385347485484243,0,-0.0171441467255786,0,0,0
0.632,0.523598775598299,0.547843143270749,0.533106841004205,-0.117804475131943,0.015644382448838,-0.0242443676724502,-0.014736302266544,0.031514326379875,0.031514326379875,0,-0.0147363022665439,0,0,0
0.633,0.523598775598299,0.547730244747398,0.543389787399957,-0.107382255555971,0.0225506072436489,-0.0241314691490995,-0.00434045734744093,0.00311100616029442,0.00311100616029442,0,-0.00434045734744091,0,0,0
0.634,0.523598775598299,0.547628416694585,0.556036604491239,-0.0967209106363671,0.0175193938018376,-0.0240296410962861,0.00840818779665431,-0.0312631125507831,-0.0312631125507831,0,0.00840818779665434,0,0,0
0.635,0.523598775598299,0.547534983360617,0.564134050942515,-0.0914078542853408,0.00327832475293894,-0.0239362077623186,0.0165990675818973,-0.0529593992590661,-0.0529593992590661,0,0.0165990675818973,0,0,0
0.636,0.523598775598299,0.547442910260923,0.563235121487571,-0.0941313390691102,-0.0124527155952568,-0.0238441346626243,0.015792211226648,-0.0502014208945865,-0.0502014208945865,0,0.015792211226648,0,0,0
0.637,0.523598775598299,0.547344617358643,0.553769602860423,-0.103223264192905,-0.0211462027273505,-0.0237458417603444,0.00642498550177928,-0.0244685079619434,-0.0244685079619434,0,0.00642498550177929,0,0,0
0.638,0.523598775598299,0.547236087959307,0.540811102457529,-0.113563400229882,-0.0180894250604937,-0.0236373123610084,-0.00642498550177828,0.0103061349094831,0.0103061349094831,0,-0.00642498550177833,0,0,0
0.639,0.523598775598299,0.547119046040975,0.531326834814328,-0.119354884056023,-0.00493906911553548,-0.0235202704426759,-0.0157922112266471,0.0352880996188788,0.0352880996188788,0,-0.0157922112266471,0,0,0
0.64,0.523598775598299,0.54700002177041,0.530400954188512,-0.117266491588291,0.0111768087314772,-0.0234012461721109,-0.0165990675818977,0.03695120506319,0.03695120506319,0,-0.0165990675818976,0,0,0
0.641,0.523598775598299,0.546886811754269,0.538478623957614,-0.108238379340407,0.0215226362598457,-0.0232880361559702,-0.0084081877966552,0.0144095355155206,0.0144095355155206,0,-0.00840818779665524,0,0,0
0.642,0.523598775598299,0.546784252791379,0.551124710138818,-0.096972469572319,0.0204905538649869,-0.0231854771930802,0.00434045734743893,-0.0201023379383293,-0.0201023379383293,0,0.00434045734743896,0,0,0
0.643,0.523598775598299,0.546691600017657,0.5614279022842,-0.089383722259044,0.00864022653104475,-0.0230928244193582,0.0147363022665434,-0.0478612630554145,-0.0478612630554145,0,0.0147363022665434,0,0,0
0.644,0.523598775598299,0.546602930653751,0.56374707737933,-0.0893938643929282,-0.00760452950728183,-0.0230041550554519,0.0171441467255788,-0.0538046301980439,-0.0538046301980439,0,0.0171441467255788,0,0,0
0.645,0.523598775598299,0.546510354498956,0.556769142446126,-0.0968055765162777,-0.0194378580291786,-0.0229115789006574,0.0102587879471699,-0.034695252315545,-0.034695252315545,0,0.01025878794717,0,0,0
0.646,0.523598775598299,0.546408290882377,0.544220813294509,-0.107409460768982,-0.0204451892274813,-0.0228095152840782,-0.00218747758786786,-0.00087612388859773,-0.00087612388859773,0,-0.0021874775878679,0,0,0
0.647,0.523598775598299,0.546296493695552,0.532848500678896,-0.115265807058395,-0.0100803388319572,-0.0226977180972532,-0.0134479930166556,0.0293361306141999,0.0293361306141999,0,-0.0134479930166555,0,0,0
0.648,0.523598775598299,0.546180184749169,0.528761332315188,-0.11592429691842,0.00603842593984136,-0.0225814091508699,-0.0174188524339807,0.0395800160470347,0.0395800160470347,0,-0.0174188524339807,0,0,0
0.649,0.523598775598299,0.546067223166266,0.534119622282812,-0.108836363546148,0.0191738399262361,-0.0224684475679674,-0.0119476008834543,0.0243181231367738,0.0243181231367738,0,-0.0119476008834542,0,0,0
0.65,0.523598775598299,0.545963845178527,0.545963845178526,-0.0976525575130672,0.0222057861514666,-0.0223650695802282,-5.55111512312578e-16,-0.00816124866208175,-0.00816124866208175,0,-5.8146245788128e-16,0,0,0
0.651,0.523598775598299,0.545871283623483,0.557818884506937,-0.0882437272779039,0.0134908461694119,-0.0222725080251845,0.0119476008834534,-0.0402368699321573,-0.0402368699321573,0,0.0119476008834534,0,0,0
0.652,0.523598775598299,0.545785099587366,0.563203952021347,-0.0855186588252605,-0.0022468638334007,-0.0221863239890671,0.0174188524339807,-0.0545063936871079,-0.0545063936871079,0,0.0174188524339806,0,0,0
0.653,0.523598775598299,0.545697588485217,0.559145581501873,-0.0907632134243883,-0.0164764602389753,-0.0220988128869182,0.0134479930166563,-0.0432195197472697,-0.0432195197472697,0,0.0134479930166563,0,0,0
0.654,0.523598775598299,0.54560195633198,0.547789433919849,-0.100943317799847,-0.0214845660044336,-0.0220031807336809,0.00218747758786908,-0.0124791441201443,-0.0124791441201443,0,0.00218747758786905,0,0,0
0.655,0.523598775598299,0.545496002403697,0.535237214456528,-0.11034962977632,-0.0145564448116404,-0.0218972268053979,-0.0102587879471691,0.0210667931802471,0.0210667931802471,0,-0.010258787947169,0,0,0
0.656,0.523598775598299,0.545383312055485,0.528239165329906,-0.113692367424074,0.000552441695156033,-0.0217845364571857,-0.0171441467255786,0.0392495358226007,0.0392495358226007,0,-0.0171441467255786,0,0,0
0.657,0.523598775598299,0.545271313114199,0.530535010847655,-0.10896871012346,0.0156521299395516,-0.0216725375159001,-0.014736302266544,0.0322281167219978,0.0322281167219978,0,-0.014736302266544,0,0,0
0.658,0.523598775598299,0.545167249403023,0.540826792055583,-0.09854846025673,0.0225576287326432,-0.0215684738047238,-0.00434045734744004,0.00382377931006672,0.00382377931006672,0,-0.00434045734744009,0,0,0
0.659,0.523598775598299,0.54507425400039,0.553482441797044,-0.0878894687709938,0.0175256982453351,-0.0214754784020911,0.0084081877966542,-0.0305513765258942,-0.0305513765258942,0,0.00840818779665422,0,0,0
0.66,0.523598775598299,0.544989650773398,0.561588718355295,-0.0825791445587623,0.00328392104392066,-0.0213908751750987,0.0165990675818972,-0.0522487199665166,-0.0522487199665166,0,0.0165990675818973,0,0,0
0.661,0.523598775598299,0.544906404861262,0.56069861608791,-0.0853057352035808,-0.0124478186267367,-0.0213076292629635,0.0157922112266476,-0.0494918176194428,-0.0494918176194428,0,0.0157922112266476,0,0,0
0.662,0.523598775598299,0.544816935855879,0.551241921357659,-0.094401134964848,-0.021141996313885,-0.0212181602575804,0.00642498550177939,-0.0237599996696125,-0.0237599996696125,0,0.00642498550177942,0,0,0
0.663,0.523598775598299,0.544717226696459,0.538292241194681,-0.10474510950657,-0.0180859004970831,-0.0211184510981602,-0.00642498550177817,0.0110135295705093,0.0110135295705093,0,-0.00642498550177821,0,0,0
0.664,0.523598775598299,0.544609000999634,0.528816789772986,-0.110540790832114,-0.00493621775938067,-0.0210102254013349,-0.0157922112266474,0.0359943623142516,0.0359943623142516,0,-0.0157922112266475,0,0,0
0.665,0.523598775598299,0.544498788575593,0.527899720993696,-0.10845695002224,0.0111789954611488,-0.0209000129772945,-0.0165990675818977,0.037656317769911,0.037656317769911,0,-0.0165990675818977,0,0,0
0.666,0.523598775598299,0.544394385679239,0.535986197882584,-0.0994337387907683,0.0215241668819245,-0.0207956100809406,-0.00840818779665531,0.0151134805191366,0.0151134805191366,0,-0.00840818779665536,0,0,0
0.667,0.523598775598299,0.544300628762425,0.548641086109865,-0.0881730746339561,0.0204914368366008,-0.0207018531641261,0.00434045734743982,-0.0193995780465604,-0.0193995780465604,0,0.00434045734743979,0,0,0
0.668,0.523598775598299,0.544216772618839,0.558953074885382,-0.0805899127992567,0.00864047024765152,-0.0206179970205401,0.0147363022665433,-0.0471597053813523,-0.0471597053813523,0,0.0147363022665433,0,0,0
0.669,0.523598775598299,0.544136894131611,0.56128104085719,-0.0806059755875124,-0.00760491671181824,-0.0205381185333119,0.0171441467255788,-0.0531042915475406,-0.0531042915475406,0,0.0171441467255788,0,0,0
0.67,0.523598775598299,0.544053102767191,0.55431189071436,-0.0880239388855283,-0.019438867882539,-0.0204543271688922,0.0102587879471693,-0.0339961491973,-0.0339961491973,0,0.0102587879471693,0,0,0
0.671,0.523598775598299,0.543959817526476,0.541772339938609,-0.0986344002136481,-0.0204468135188531,-0.0203610419281776,-0.00218747758786775,-0.000178272517051811,-0.000178272517051811,0,-0.00218747758786776,0,0,0
0.672,0.523598775598299,0.5438567919774,0.530408798960744,-0.106497644895597,-0.0100825694120172,-0.0202580163791007,-0.0134479930166554,0.030032714315989,0.030032714315989,0,-0.0134479930166555,0,0,0
0.673,0.523598775598299,0.543749247611608,0.526330395177627,-0.107163349917537,0.00603559715893625,-0.020150472013309,-0.0174188524339807,0.0402753164444843,0.0402753164444843,0,-0.0174188524339806,0,0,0
0.674,0.523598775598299,0.54364504323763,0.531697442354175,-0.100082943964678,0.0191704209708432,-0.0200462676393308,-0.0119476008834543,0.0250121248808732,0.0250121248808732,0,-0.0119476008834543,0,0,0
0.675,0.523598775598299,0.543550414777132,0.543550414777131,-0.0889069731324706,0.0222017849864423,-0.0199516391788327,-6.66133814775094e-16,-0.00746856063768232,-0.00746856063768232,0,-7.18300031324176e-16,0,0,0
0.676,0.523598775598299,0.543466594762087,0.555414195645541,-0.0795062814394356,0.0134862706980882,-0.0198678191637882,0.0119476008834539,-0.0395455104140626,-0.0395455104140626,0,0.011947600883454,0,0,0
0.677,0.523598775598299,0.543389143977591,0.560807996411572,-0.0767896504657886,-0.00225200576924631,-0.0197903683792922,0.0174188524339806,-0.0538163771850878,-0.0538163771850878,0,0.0174188524339806,0,0,0
0.678,0.523598775598299,0.543310357541936,0.556758350558592,-0.0820429371122085,-0.0164821608591528,-0.0197115819436372,0.0134479930166563,-0.0425308604971883,-0.0425308604971883,0,0.0134479930166564,0,0,0
0.679,0.523598775598299,0.543223441177666,0.545410918765534,-0.0922320637704917,-0.0214908175903813,-0.0196246655793675,0.00218747758786819,-0.0117918560868684,-0.0117918560868684,0,0.0021874775878682,0,0,0
0.68,0.523598775598299,0.543126193872741,0.532867405925572,-0.101647683968367,-0.014563239706464,-0.0195274182744418,-0.0102587879471682,0.0217526962999154,0.0217526962999154,0,-0.0102587879471681,0,0,0
0.681,0.523598775598299,0.54302220069847,0.525878053972892,-0.10500001151495,0.000545111086637566,-0.0194234251001715,-0.0171441467255785,0.039934040597035,0.039934040597035,0,-0.0171441467255786,0,0,0
0.682,0.523598775598299,0.54291888920215,0.528182586935606,-0.100286221565245,0.0156442711507697,-0.0193201136038508,-0.0147363022665435,0.0329112099818101,0.0329112099818101,0,-0.0147363022665436,0,0,0
0.683,0.523598775598299,0.542823502931607,0.538483045584166,-0.0898761123119611,0.0225492492352341,-0.0192247273333079,-0.00434045734744115,0.00450544814522041,0.00450544814522041,0,-0.00434045734744118,0,0,0
0.684,0.523598775598299,0.542739174694093,0.551147362490748,-0.0792275305484626,0.0175168054491045,-0.0191403990957947,0.00840818779665409,-0.029871144769005,-0.029871144769005,0,0.0084081877966541,0,0,0
0.685,0.523598775598299,0.54266322808966,0.559262295671557,-0.0739278810493116,0.00327452229680349,-0.019064452491361,0.0165990675818976,-0.05156993768794,-0.05156993768794,0,0.0165990675818975,0,0,0
0.686,0.523598775598299,0.542588627994576,0.558380839221224,-0.0766654073158939,-0.0124577160387039,-0.0189898523962768,0.0157922112266481,-0.0488144969685634,-0.0488144969685634,0,0.0157922112266481,0,0,0
0.687,0.523598775598299,0.542507793741854,0.548932779243633,-0.08577199956123,-0.0211523851665915,-0.0189090181435549,0.0064249855017795,-0.0230841525480274,-0.0230841525480274,0,0.00642498550177954,0,0,0
0.688,0.523598775598299,0.542416708015851,0.535991722514072,-0.0961274194387164,-0.018096773628365,-0.0188179324175519,-0.00642498550177906,0.0116878915061262,0.0116878915061262,0,-0.006424985501779,0,0,0
0.689,0.523598775598299,0.542317094182337,0.52652488295569,-0.101934794976867,-0.00494756806903552,-0.0187183185840384,-0.015792211226647,0.0366672276492849,0.0366672276492849,0,-0.015792211226647,0,0,0
0.69,0.523598775598299,0.542215481804599,0.525616414222701,-0.099862893317325,0.011167175011352,-0.0186167062063003,-0.0165990675818978,0.0383276753289797,0.0383276753289797,0,-0.0165990675818977,0,0,0
0.691,0.523598775598299,0.542119666894555,0.5337114790979,-0.090851862270509,0.0215118832682495,-0.0185208912962561,-0.00840818779665464,0.0157833193632444,0.0157833193632444,0,-0.00840818779665461,0,0,0
0.692,0.523598775598299,0.54203448566496,0.546374943012399,-0.0796036154649637,0.0204786969733487,-0.0184357100666612,0.00434045734743871,-0.0187312686228225,-0.0187312686228225,0,0.00434045734743869,0,0,0
0.693,0.523598775598299,0.541959192674256,0.556695494940799,-0.0720331043160876,0.00862728098718191,-0.0183604170759573,0.0147363022665432,-0.0464929358526341,-0.0464929358526341,0,0.0147363022665432,0,0,0
0.694,0.523598775598299,0.541887864574139,0.559032011299717,-0.0720620473282912,-0.00761854857906743,-0.01828908897584,0.0171441467255786,-0.0524390721604943,-0.0524390721604943,0,0.0171441467255787,0,0,0
0.695,0.523598775598299,0.541812610603405,0.552071398550573,-0.0794931166275307,-0.0194529356280113,-0.0182138350051058,0.0102587879471686,-0.0333324899733647,-0.0333324899733647,0,0.0102587879471686,0,0,0
0.696,0.523598775598299,0.541727849539038,0.53954037195117,-0.0901169060088375,-0.0204613104758295,-0.0181290739407391,-0.00218747758786764,0.000483816744791102,0.000483816744791102,0,-0.00218747758786763,0,0,0
0.697,0.523598775598299,0.541633334728768,0.528185341712112,-0.0979936971061108,-0.0100974889755622,-0.018034559130469,-0.013447993016656,0.0306932240364886,0.0306932240364886,0,-0.013447993016656,0,0,0
0.698,0.523598775598299,0.541534287447709,0.524115435013729,-0.0986731632511161,0.00602026153204321,-0.0179355118494106,-0.0174188524339806,0.040934237261387,0.040934237261387,0,-0.0174188524339806,0,0,0
0.699,0.523598775598299,0.541438566291496,0.529490965408042,-0.091606729510035,0.0191546757621812,-0.0178397906931972,-0.0119476008834544,0.0256694476462343,0.0256694476462343,0,-0.0119476008834544,0,0,0
0.7,0.523598775598299,0.5413524069725,0.5413524069725,-0.0804449383945913,0.0221856366160383,-0.0177536313742014,1.11022302462516e-16,-0.00681284486019065,-0.00681284486019065,0,1.36967212444271e-16,0,0,0
0.701,0.523598775598299,0.541277041816968,0.553224642700422,-0.0710586303748051,0.0134697255245135,-0.0176782662186689,0.0119476008834546,-0.0388914103518027,-0.0388914103518027,0,0.0119476008834546,0,0,0
0.702,0.523598775598299,0.541208031407796,0.558626883841777,-0.0683565835175402,-0.00226894144876462,-0.0176092558094977,0.0174188524339806,-0.0531639013591063,-0.0531639013591063,0,0.0174188524339806,0,0,0
0.703,0.523598775598299,0.541137670664578,0.554585663681234,-0.0736246512451861,-0.0164994808086127,-0.0175388950662794,0.0134479930166558,-0.0418800172248373,-0.0418800172248373,0,0.0134479930166558,0,0,0
0.704,0.523598775598299,0.541059165114617,0.543246642702486,-0.0838287525062222,-0.0215085156348747,-0.0174603895163179,0.0021874775878693,-0.0111426534844105,-0.0111426534844105,0,0.00218747758786932,0,0,0
0.705,0.523598775598299,0.540970313554057,0.530711525606889,-0.0932595374199362,-0.0145813097320357,-0.0173715379557577,-0.0102587879471672,0.0224002503147444,0.0224002503147444,0,-0.0102587879471672,0,0,0
0.706,0.523598775598299,0.540874700865786,0.523730554140207,-0.0966272164217772,0.00052667513314787,-0.017275925267487,-0.0171441467255784,0.0405799383024555,0.0405799383024555,0,-0.0171441467255783,0,0,0
0.707,0.523598775598299,0.540779754412031,0.526043452145487,-0.0919289613277429,0.0156254752618908,-0.0171809788137326,-0.0147363022665442,0.0335554438494647,0.0335554438494647,0,-0.0147363022665442,0,0,0
0.708,0.523598775598299,0.540692717558876,0.536352260211434,-0.0815345670260893,0.0225300993430391,-0.0170939419605777,-0.00434045734744226,0.00514801083766199,0.00514801083766199,0,-0.00434045734744227,0,0,0
0.709,0.523598775598299,0.540616722935115,0.549024910731768,-0.0709018770401543,0.0174973074253973,-0.0170179473368159,0.00840818779665309,-0.0292302604008031,-0.0292302604008031,0,0.00840818779665311,0,0,0
0.71,0.523598775598299,0.540549093965591,0.557148161547488,-0.0656182929087788,0.00325468195331741,-0.016950318367292,0.0165990675818972,-0.0509307386070493,-0.0509307386070493,0,0.0165990675818972,0,0,0
0.711,0.523598775598299,0.540482795354588,0.556275006581237,-0.0683720549317986,-0.012477892950097,-0.0168840197562893,0.0157922112266485,-0.0481769899545439,-0.0481769899545439,0,0.0157922112266486,0,0,0
0.712,0.523598775598299,0.540410246266317,0.546835231768098,-0.077495050154718,-0.0211728929536613,-0.0168114706680186,0.00642498550178061,-0.0224483441993472,-0.0224483441993472,0,0.00642498550178059,0,0,0
0.713,0.523598775598299,0.540327429219484,0.533902443717706,-0.0878670370973085,-0.0181176066582924,-0.0167286536211849,-0.00642498550177795,0.0123219947696946,0.0123219947696946,0,-0.00642498550177795,0,0,0
0.714,0.523598775598299,0.540236067417323,0.524443856190677,-0.0936911406882014,-0.00496872076817196,-0.0166372918190243,-0.0157922112266465,0.0372996195842909,0.0372996195842909,0,-0.0157922112266465,0,0,0
0.715,0.523598775598299,0.54014269026367,0.523543622681772,-0.0916361250027452,0.0111457081577347,-0.0165439146653709,-0.0165990675818981,0.038958349865945,0.038958349865945,0,-0.0165990675818981,0,0,0
0.716,0.523598775598299,0.54005509361404,0.531646905817384,-0.0826421348184946,0.021490107716219,-0.0164563180157411,-0.00840818779665564,0.016412270604339,0.016412270604339,0,-0.0084081877966556,0,0,0
0.717,0.523598775598299,0.539978113527803,0.544318570875241,-0.0714110807643955,0.0204566181205821,-0.0163793379295043,0.0043404573474376,-0.0181040464060801,-0.0181040464060801,0,0.0043404573474376,0,0,0
0.718,0.523598775598299,0.539911004412998,0.554647306679541,-0.0638579112893447,0.00860490417324522,-0.0163122288146994,0.0147363022665427,-0.0458674482216528,-0.0458674482216528,0,0.0147363022665426,0,0,0
0.719,0.523598775598299,0.539847842773868,0.556991989499447,-0.0639043419641736,-0.00764121807243047,-0.0162490671755694,0.0171441467255788,-0.0518153245118594,-0.0518153245118594,0,0.0171441467255789,0,0,0
0.72,0.523598775598299,0.539780737704674,0.550039525651845,-0.0713530420140031,-0.0194758925765809,-0.0161819621063748,0.0102587879471711,-0.0327104875410694,-0.0327104875410694,0,0.0102587879471711,0,0,0
0.721,0.523598775598299,0.539704107840748,0.537516630252881,-0.0819946023655902,-0.0204845497126044,-0.016105332242449,-0.00218747758786653,0.00110406888716034,0.00110406888716034,0,-0.00218747758786651,0,0,0
0.722,0.523598775598299,0.539617706391021,0.526169713374366,-0.0898893018169313,-0.0101210053904398,-0.0160189307927223,-0.0134479930166553,0.0313117209735473,0.0313117209735473,0,-0.0134479930166553,0,0,0
0.723,0.523598775598299,0.539526754494629,0.522107902060648,-0.0905868108960691,0.00599647299258421,-0.0159279788963302,-0.0174188524339808,0.0415509742338167,0.0415509742338167,0,-0.0174188524339808,0,0,0
0.724,0.523598775598299,0.539439110614014,0.527491509730558,-0.083538551897447,0.0191306200954139,-0.0158403350157149,-0.0119476008834553,0.0262844200486472,0.0262844200486472,0,-0.0119476008834552,0,0,0
0.725,0.523598775598299,0.539361010331112,0.539361010331111,-0.0723950645928346,0.0221613187633253,-0.0157622347328129,-9.99200722162641e-16,-0.00619964148135439,-0.00619964148135439,0,-9.9197517820997e-16,0,0,0
0.726,0.523598775598299,0.539293685844457,0.55124128672791,-0.0630271867438782,0.0134451503716533,-0.0156949102461585,0.0119476008834524,-0.0382799803003517,-0.0382799803003517,0,0.0119476008834523,0,0,0
0.727,0.523598775598299,0.53923269761193,0.55665155004591,-0.0603436937404391,-0.00229376907118379,-0.0156339220136309,0.0174188524339806,-0.0525542487911679,-0.0525542487911679,0,0.0174188524339805,0,0,0
0.728,0.523598775598299,0.539170340430763,0.55261833344742,-0.0656304363590661,-0.0165245561248567,-0.0155715648324644,0.0134479930166566,-0.0412721461508664,-0.0412721461508664,0,0.0134479930166566,0,0,0
0.729,0.523598775598299,0.539099819708534,0.541287297296405,-0.075853330933344,-0.0215338339236926,-0.0155010441102356,0.00218747758787041,-0.0105365677712111,-0.0105365677712111,0,0.00218747758787044,0,0,0
0.73,0.523598775598299,0.53901893412426,0.528760146177092,-0.0853030249983931,-0.0146068663262886,-0.0154201585259611,-0.0102587879471679,0.0230045469420435,0.0230045469420435,0,-0.0102587879471679,0,0,0
0.731,0.523598775598299,0.538931268446269,0.521787121720691,-0.0886897264360014,0.000500884846866382,-0.0153324928479707,-0.0171441467255785,0.0411824422584217,0.0411824422584217,0,-0.0171441467255785,0,0,0
0.732,0.523598775598299,0.53884424992477,0.524107947658225,-0.0840106045387892,0.0155994558436334,-0.0152454743264709,-0.0147363022665448,0.0341561516864497,0.0341561516864497,0,-0.0147363022665448,0,0,0
0.733,0.523598775598299,0.538765121816332,0.53442466446889,-0.0736354517016921,0.0225038552998978,-0.0151663462180331,-0.00434045734744148,0.00574691924387156,0.00574691924387156,0,-0.00434045734744144,0,0,0
0.734,0.523598775598299,0.538697016642716,0.54710520443937,-0.0630221089845549,0.017470843211895,-0.0150982410444174,0.00840818779665387,-0.028633154603181,-0.028633154603181,0,0.00840818779665386,0,0,0
0.735,0.523598775598299,0.538637257724182,0.555236325306079,-0.0577579754923211,0.00322800197180937,-0.0150384821258837,0.0165990675818969,-0.0503354384637202,-0.0503354384637202,0,0.0165990675818968,0,0,0
0.736,0.523598775598299,0.538578809662849,0.554371020889497,-0.0605312891202905,-0.0125047843490208,-0.0149800340645497,0.0157922112266482,-0.0475834983809533,-0.0475834983809533,0,0.0157922112266482,0,0,0
0.737,0.523598775598299,0.538514091523149,0.544939077024929,-0.0696739345385573,-0.0211999914707712,-0.0149153159248506,0.00642498550177983,-0.02185666398249,-0.02185666398249,0,0.0064249855017798,0,0,0
0.738,0.523598775598299,0.538439085726376,0.532014100224599,-0.0800656679203715,-0.0181449080453064,-0.0148403101280767,-0.00642498550177695,0.0129118609694662,0.0129118609694662,0,-0.0064249855017769,0,0,0
0.739,0.523598775598299,0.53835551538068,0.522563304154033,-0.0859096118764912,-0.00499622082734333,-0.0147567397823815,-0.0157922112266469,0.0378876692315153,0.0378876692315153,0,-0.0157922112266469,0,0,0
0.74,0.523598775598299,0.538269909797119,0.521670842215221,-0.0838745281927986,0.0111180135740401,-0.01467113419882,-0.0165990675818978,0.0395445805482714,0.0395445805482714,0,-0.0165990675818978,0,0,0
0.741,0.523598775598299,0.538190064740704,0.529781876944048,-0.0749005593855459,0.0214622227059379,-0.0145912891424054,-0.00840818779665664,0.016996680030823,0.016996680030823,0,-0.00840818779665659,0,0,0
0.742,0.523598775598299,0.53812081618255,0.542461273529988,-0.0636896138502962,0.0204285467323818,-0.0145220405842508,0.00434045734743838,-0.0175214604067092,-0.0175214604067092,0,0.00434045734743843,0,0,0
0.743,0.523598775598299,0.538061418444657,0.5527977207112,-0.0561566378302386,0.00857665040694353,-0.0144626428463582,0.0147363022665431,-0.0452866877026483,-0.0452866877026483,0,0.0147363022665431,0,0,0
0.744,0.523598775598299,0.538005947947425,0.555150094673004,-0.0562233447179253,-0.00766965026543078,-0.0144071723491261,0.0171441467255791,-0.0512363914101424,-0.0512363914101424,0,0.0171441467255791,0,0,0
0.745,0.523598775598299,0.537946513703434,0.548205301650604,-0.0636924015873777,-0.0195044992928654,-0.0143477381051349,0.0102587879471704,-0.0321333836788624,-0.0321333836788624,0,0.0102587879471704,0,0,0
0.746,0.523598775598299,0.537877534268475,0.535690056680607,-0.0743543972411858,-0.0205133270963145,-0.0142787586701757,-0.0021874775878673,0.00167934180070496,0.00167934180070496,0,-0.00218747758786735,0,0,0
0.747,0.523598775598299,0.537798762774046,0.524350769757391,-0.0822696083798632,-0.0101499496328415,-0.0141999871757468,-0.0134479930166546,0.0318851613407496,0.0318851613407496,0,-0.0134479930166546,0,0,0
0.748,0.523598775598299,0.537715420283935,0.520296567849955,-0.0829877034604047,0.00596736565353474,-0.0141166446856366,-0.0174188524339807,0.0421225805669009,0.0421225805669009,0,-0.0174188524339807,0,0,0
0.749,0.523598775598299,0.537635365187297,0.525687764303842,-0.07596010273239,0.0191013533755088,-0.0140365895889978,-0.0119476008834546,0.0268541909681622,0.0268541909681622,0,-0.0119476008834546,0,0,0
0.75,0.523598775598299,0.537564832994808,0.537564832994808,-0.0648373439486596,0.0221318963325371,-0.0139660573965095,0,-0.0056317072480607,-0.0056317072480607,0,0,0,0,0
0.751,0.523598775598299,0.537505055835753,0.537505055835753,-0.0554902628776153,0.0134155758545728,-0.0139062802374543,0,-0.0056019470180966,-0.0056019470180966,0,0,0,0,0
0.752,0.523598775598299,0.537452610010324,0.537452610010324,-0.0498951925232729,0.00784896763743245,-0.0138538344120247,0,-0.00559190985894151,-0.00559190985894151,0,0,0,0,0
0.753,0.523598775598299,0.537404472702646,0.537404472702646,-0.0466941489565293,0.00430054071407048,-0.0138056971043473,0,-0.00559320501754205,-0.00559320501754205,0,0,0,0,0
0.754,0.523598775598299,0.537358717130695,0.537358717130695,-0.0450169637393109,0.00204542365716861,-0.013759941532396,0,-0.00560050317746925,-0.00560050317746925,0,0,0,0,0
0.755,0.523598775598299,0.537314118870615,0.537314118870615,-0.0443059745216766,0.000619235368922689,-0.0137153432723158,0,-0.00561043574589189,-0.00561043574589189,0,0,0,0,0
0.756,0.523598775598299,0.537269903653045,0.537269903653045,-0.0442037283664162,-0.000275544376393754,-0.013671128054746,0,-0.00562088972605192,-0.00562088972605192,0,0,0,0,0
0.757,0.523598775598299,0.537225585781389,0.537225585781389,-0.0444810482131121,-0.000829549788795416,-0.0136268101830898,0,-0.00563055598789243,-0.00563055598789243,0,0,0,0,0
0.758,0.523598775598299,0.537180864599752,0.537180864599752,-0.0449909541750962,-0.00116494629680456,-0.0135820890014529,0,-0.00563863985789926,-0.00563863985789926,0,0,0,0,0
0.759,0.523598775598299,0.537135558146193,0.537135558146193,-0.0456391463015114,-0.00136003894016338,-0.0135367825478937,0,-0.00564467568696772,-0.00564467568696772,0,0,0,0,0
0.76,0.523598775598299,0.537089560626492,0.537089560626492,-0.0463650958919093,-0.0014650354413581,-0.0134907850281933,0,-0.00564840802543966,-0.00564840802543966,0,0,0,0,0
0.761,0.523598775598299,0.537042815147536,0.537042815147536,-0.0471299321961523,-0.00151214336374318,-0.0134440395492371,0,-0.00564971546710352,-0.00564971546710352,0,0,0,0,0
0.762,0.523598775598299,0.536995296226552,0.536995296226552,-0.0479086819569587,-0.00152203794178558,-0.0133965206282531,0,-0.00564856182831123,-0.00564856182831123,0,0,0,0,0
0.763,0.523598775598299,0.536946998563532,0.536946998563532,-0.0486852972128209,-0.00150800512839326,-0.0133482229652335,0,-0.00564496483991889,-0.00564496483991889,0,0,0,0,0
0.764,0.523598775598299,0.536897929826751,0.536897929826751,-0.0494494691608996,-0.00147859549202787,-0.0132991542284525,0,-0.00563897606022144,-0.00563897606022144,0,0,0,0,0
0.765,0.523598775598299,0.536848106010053,0.536848106010053,-0.0501945861159575,-0.00143932423219425,-0.013249330411754,0,-0.00563066797851345,-0.00563066797851345,0,0,0,0,0
0.766,0.523598775598299,0.536797548438628,0.536797548438628,-0.0509164243526029,-0.00139376018216529,-0.0131987728403291,0,-0.00562012572748362,-0.00562012572748362,0,0,0,0,0
0.767,0.523598775598299,0.536746281831845,0.536746281831845,-0.0516123084268916,-0.00134422342518284,-0.0131475062335464,0,-0.00560744175055821,-0.00560744175055821,0,0,0,0,0
0.768,0.523598775598299,0.53669433304426,0.53669433304426,-0.0522805722529169,-0.00129223220670377,-0.0130955574459611,0,-0.00559271236468298,-0.00559271236468298,0,0,0,0,0
0.769,0.523598775598299,0.536641730242082,0.536641730242082,-0.0529202128574451,-0.00123878925749954,-0.0130429546437831,0,-0.00557603553975949,-0.00557603553975949,0,0,0,0,0
0.77,0.523598775598299,0.536588502359601,0.536588502359601,-0.0535306675835929,-0.00118456525098809,-0.0129897267613022,0,-0.00555750945983257,-0.00555750945983257,0,0,0,0,0
0.771,0.523598775598299,0.536534678735932,0.536534678735932,-0.0541116703987392,-0.00113001636968926,-0.0129359031376335,0,-0.00553723158734698,-0.00553723158734698,0,0,0,0,0
0.772,0.523598775598299,0.536480288868233,0.536480288868233,-0.0546631589014941,-0.0010754596651523,-0.0128815132699341,0,-0.00551529805186228,-0.00551529805186228,0,0,0,0,0
0.773,0.523598775598299,0.536425362240459,0.536425362240459,-0.055185213832708,-0.00102112138238596,-0.0128265866421605,0,-0.00549180324871203,-0.00549180324871203,0,0,0,0,0
0.774,0.523598775598299,0.53636992820142,0.53636992820142,-0.0556780194356243,-0.000967167966576462,-0.0127711526031214,0,-0.00546683957415811,-0.00546683957415811,0,0,0,0,0
0.775,0.523598775598299,0.536314015875287,0.536314015875287,-0.05614183719953,-0.000913725976780683,-0.0127152402769882,0,-0.00544049724989984,-0.00544049724989984,0,0,0,0,0
0.776,0.523598775598299,0.536257654093743,0.536257654093743,-0.0565769882046687,-0.000860894893766766,-0.0126588784954438,0,-0.00541286420663931,-0.00541286420663931,0,0,0,0,0
0.777,0.523598775598299,0.536200871342816,0.536200871342816,-0.0569838410049988,-0.00080875537592436,-0.0126020957445174,0,-0.00538402600721401,-0.00538402600721401,0,0,0,0,0
0.778,0.523598775598299,0.536143695719918,0.536143695719918,-0.0573628030863446,-0.000757374599100194,-0.0125449201216188,0,-0.00535406579671195,-0.00535406579671195,0,0,0,0,0
0.779,0.523598775598299,0.536086154898171,0.536086154898171,-0.0577143146426724,-0.000706809728142659,-0.012487379299872,0,-0.00532306427142788,-0.00532306427142788,0,0,0,0,0
0.78,0.523598775598299,0.536028276096163,0.536028276096163,-0.0580388438649034,-0.000657110191254347,-0.0124295004978643,0,-0.00529109966135685,-0.00529109966135685,0,0,0,0,0
0.781,0.523598775598299,0.535970086051872,0.535970086051872,-0.0583368832259601,-0.000608319186967041,-0.0123713104535735,0,-0.00525824772274334,-0.00525824772274334,0,0,0,0,0
0.782,0.523598775598299,0.535911610999955,0.535911610999955,-0.0586089464310207,-0.000560474699001692,-0.0123128354016561,0,-0.00522458173837601,-0.00522458173837601,0,0,0,0,0
0.783,0.523598775598299,0.535852876651843,0.535852876651843,-0.0588555658206056,-0.000513610195281646,-0.0122541010535442,0,-0.00519017252406892,-0.00519017252406892,0,0,0,0,0
0.784,0.523598775598299,0.535793908178272,0.535793908178272,-0.0590772900900926,-0.000467755123959764,-0.0121951325799733,0,-0.00515508844025267,-0.00515508844025267,0,0,0,0,0
0.785,0.523598775598299,0.535734730193968,0.535734730193968,-0.0592746822379013,-0.000422935278707478,-0.0121359545956689,0,-0.00511939540791058,-0.00511939540791058,0,0,0,0,0
0.786,0.523598775598299,0.535675366744295,0.535675366744295,-0.0594483176857188,-0.000379173079502838,-0.0120765911459961,0,-0.00508315692830079,-0.00508315692830079,0,0,0,0,0
0.787,0.523598775598299,0.535615841293718,0.535615841293718,-0.0595987825340651,-0.000336487798497776,-0.012017065695419,0,-0.00504643410603135,-0.00504643410603135,0,0,0,0,0
0.788,0.523598775598299,0.535556176715945,0.535556176715945,-0.059726671929235,-0.000294895749876837,-0.0119574011176466,0,-0.00500928567514701,-0.00500928567514701,0,0,0,0,0
0.789,0.523598775598299,0.535496395285662,0.535496395285662,-0.0598325885258007,-0.000254410455791125,-0.0118976196873634,0,-0.00497176802793962,-0.00497176802793962,0,0,0,0,0
0.79,0.523598775598299,0.535436518671753,0.535436518671753,-0.0599171410340612,-0.000215042796078891,-0.0118377430734538,0,-0.00493393524623731,-0.00493393524623731,0,0,0,0,0
0.791,0.523598775598299,0.535376567931939,0.535376567931939,-0.0599809428451417,-0.000176801146687716,-0.0117777923336404,0,-0.00489583913495181,-0.00489583913495181,0,0,0,0,0
0.792,0.523598775598299,0.535316563508759,0.535316563508759,-0.0600246107285596,-0.000139691509924046,-0.0117177879104604,0,-0.00485752925768602,-0.00485752925768602,0,0,0,0,0
0.793,0.523598775598299,0.535256525226808,0.535256525226808,-0.0600487635984177,-0.000103717638513264,-0.0116577496285091,0,-0.0048190529742137,-0.0048190529742137,0,0,0,0,0
0.794,0.523598775598299,0.535196472291184,0.535196472291184,-0.060054021345234,-6.88811547229209e-05,-0.0115976966928851,0,-0.00478045547966216,-0.00478045547966216,0,0,0,0,0
0.795,0.523598775598299,0.53513642328707,0.53513642328707,-0.0600410037309582,-3.51816653385096e-05,-0.0115376476887716,0,-0.00474177984523027,-0.00474177984523027,0,0,0,0,0
0.796,0.523598775598299,0.535076396180391,0.535076396180391,-0.0600103293450577,-2.61687298433997e-06,-0.0114776205820919,0,-0.00470306706029002,-0.00470306706029002,0,0,0,0,0
0.797,0.523598775598299,0.535016408319478,0.535016408319478,-0.0599626146197713,2.88173159032441e-05,-0.011417632721179,0,-0.00466435607572023,-0.00466435607572023,0,0,0,0,0
0.798,0.523598775598299,0.5349564764377,0.5349564764377,-0.0598984729027581,5.91266862618844e-05,-0.0113577008394011,0,-0.00462568384833183,-0.00462568384833183,0,0,0,0,0
0.799,0.523598775598299,0.534896616656986,0.534896616656986,-0.0598185135854483,8.83186126326254e-05,-0.0112978410586869,0,-0.00458708538625281,-0.00458708538625281,0,0,0,0,0
0.8,0.523598775598299,0.534836844492194,0.534836844492194,-0.0597233412854568,0.000116401960360764,-0.0112380688938949,0,-0.00454859379513927,-0.00454859379513927,0,0,0,0,0
0.801,0.523598775598299,0.534777174856273,0.534777174856273,-0.0596135550814476,0.000143386989724691,-0.0111783992579738,0,-0.00451024032509132,-0.00451024032509132,0,0,0,0,0
0.802,0.523598775598299,0.534717622066162,0.534717622066162,-0.0594897477988606,0.000169285262963843,-0.0111188464678632,0,-0.00447205441815754,-0.00447205441815754,0,0,0,0,0
0.803,0.523598775598299,0.534658199849382,0.534658199849382,-0.0593525053449236,0.00019410955418453,-0.0110594242510832,0,-0.00443406375631438,-0.00443406375631438,0,0,0,0,0
0.804,0.523598775598299,0.534598921351264,0.534598921351264,-0.0592024060913864,0.000217873762126781,-0.011000145752965,0,-0.00439629430981318,-0.00439629430981318,0,0,0,0,0
0.805,0.523598775598299,0.534539799142775,0.534539799142775,-0.0590400203034211,0.000240592825776218,-0.0109410235444759,0,-0.00435877038579438,-0.00435877038579438,0,0,0,0,0
0.806,0.523598775598299,0.534480845228891,0.534480845228891,-0.0588659096131445,0.000262282642803558,-0.0108820696305927,0,-0.00432151467707348,-0.00432151467707348,0,0,0,0,0
0.807,0.523598775598299,0.534422071057479,0.534422071057479,-0.0586806265362284,0.000282959990812245,-0.0108232954591798,0,-0.00428454831100333,-0.00428454831100333,0,0,0,0,0
0.808,0.523598775598299,0.534363487528629,0.534363487528629,-0.0584847140300756,0.000302642451373593,-0.0107647119303301,0,-0.00424789089833022,-0.00424789089833022,0,0,0,0,0
0.809,0.523598775598299,0.534305105004426,0.534305105004426,-0.0582787050920534,0.000321348336824391,-0.0107063294061276,0,-0.00421156058196073,-0.00421156058196073,0,0,0,0,0
0.81,0.523598775598299,0.534246933319091,0.534246933319091,-0.0580631223962898,0.000339096619799768,-0.0106481577207919,0,-0.00417557408555965,-0.00417557408555965,0,0,0,0,0
0.811,0.523598775598299,0.534188981789466,0.534188981789466,-0.057838477967556,0.000355906865471946,-0.0105902061911675,0,-0.00413994676190816,-0.00413994676190816,0,0,0,0,0
0.812,0.523598775598299,0.53413125922582,0.53413125922582,-0.0576052728907738,0.000371799166462011,-0.0105324836275216,0,-0.00410469264095438,-0.00410469264095438,0,0,0,0,0
0.813,0.523598775598299,0.534073773942913,0.534073773942913,-0.0573639970547087,0.00038679408038901,-0.0104749983446146,0,-0.0040698244774896,-0.0040698244774896,0,0,0,0,0
0.814,0.523598775598299,0.53401653377131,0.53401653377131,-0.0571151289284273,0.000400912570019135,-0.0104177581730109,0,-0.00403535379839184,-0.00403535379839184,0,0,0,0,0
0.815,0.523598775598299,0.533959546068896,0.533959546068896,-0.056859135369121,0.000414175945974742,-0.0103607704705972,0,-0.00400129094938061,-0.00400129094938061,0,0,0,0,0
0.816,0.523598775598299,0.533902817732577,0.533902817732577,-0.056596471459921,0.000426605811960871,-0.0103040421342777,0,-0.00396764514122802,-0.00396764514122802,0,0,0,0,0
0.817,0.523598775598299,0.533846355210116,0.533846355210116,-0.0563275803763524,0.000438224012465845,-0.0102475796118173,0,-0.00393442449538148,-0.00393442449538148,0,0,0,0,0
0.818,0.523598775598299,0.533790164512104,0.533790164512104,-0.0560528932801005,0.00044905258288933,-0.010191388913805,0,-0.00390163608895077,-0.00390163608895077,0,0,0,0,0
0.819,0.523598775598299,0.533734251224008,0.533734251224008,-0.0557728292387897,0.00045911370205062,-0.0101354756257093,0,-0.00386928599901699,-0.00386928599901699,0,0,0,0,0
0.82,0.523598775598299,0.533678620518301,0.533678620518301,-0.0554877951704998,0.000468429647028743,-0.0100798449200024,0,-0.00383737934622837,-0.00383737934622837,0,0,0,0,0
0.821,0.523598775598299,0.533623277166626,0.533623277166626,-0.0551981858117732,0.00047702275028351,-0.0100245015683275,0,-0.00380592033764535,-0.00380592033764535,0,0,0,0,0
0.822,0.523598775598299,0.533568225551986,0.533568225551986,-0.0549043837078942,0.000484915359006735,-0.00996944995368709,0,-0.0037749123088053,-0.0037749123088053,0,0,0,0,0
0.823,0.523598775598299,0.533513469680929,0.533513469680929,-0.0546067592242499,0.000492129796650964,-0.00991469408263046,0,-0.00374435776497718,-0.00374435776497718,0,0,0,0,0
0.824,0.523598775598299,0.533459013195718,0.533459013195718,-0.0543056705776115,0.00049868832658273,-0.00986023759741894,0,-0.00371425842157945,-0.00371425842157945,0,0,0,0,0
0.825,0.523598775598299,0.53340485938645,0.53340485938645,-0.0540014638862035,0.00050461311780693,-0.0098060837881514,0,-0.00368461524374115,-0.00368461524374115,0,0,0,0,0
0.826,0.523598775598299,0.533351011203129,0.533351011203129,-0.0536944732374585,0.000509926212707273,-0.00975223560483029,0,-0.00365542848498386,-0.00365542848498386,0,0,0,0,0
0.827,0.523598775598299,0.533297471267651,0.533297471267651,-0.0533850207723849,0.000514649496748194,-0.00969869566935178,0,-0.00362669772500772,-0.00362669772500772,0,0,0,0,0
0.828,0.523598775598299,0.533244241885702,0.533244241885702,-0.053073416785506,0.000518804670082971,-0.00964546628740304,0,-0.00359842190656481,-0.00359842190656481,0,0,0,0,0
0.829,0.523598775598299,0.533191325058552,0.533191325058552,-0.0527599598393564,0.000522413221013081,-0.00959254946025301,0,-0.00357059937140997,-0.00357059937140997,0,0,0,0,0
0.83,0.523598775598299,0.53313872249472,0.53313872249472,-0.0524449368925559,0.000525496401242582,-0.00953994689642135,0,-0.00354322789531603,-0.00354322789531603,0,0,0,0,0
0.831,0.523598775598299,0.533086435621512,0.533086435621512,-0.0521286234405079,0.000528075202872368,-0.00948766002321288,0,-0.0035163047221457,-0.0035163047221457,0,0,0,0,0
0.832,0.523598775598299,0.533034465596404,0.533034465596404,-0.0518112836678014,0.00053017033707889,-0.00943568999810562,0,-0.00348982659697445,-0.00348982659697445,0,0,0,0,0
0.833,0.523598775598299,0.53298281331828,0.53298281331828,-0.0514931706114253,0.000531802214421794,-0.00938403771998075,0,-0.00346378979825929,-0.00346378979825929,0,0,0,0,0
0.834,0.523598775598299,0.532931479438484,0.532931479438484,-0.0511745263339343,0.000532990926725546,-0.0093327038401847,0,-0.00343819016905178,-0.00343819016905178,0,0,0,0,0
0.835,0.523598775598299,0.532880464371712,0.532880464371712,-0.0508555821057348,0.00053375623048004,-0.00928168877341307,0,-0.00341302314725319,-0.00341302314725319,0,0,0,0,0
0.836,0.523598775598299,0.532829768306707,0.532829768306707,-0.0505365585956892,0.000534117531706219,-0.00923099270840788,0,-0.00338828379491249,-0.00338828379491249,0,0,0,0,0
0.837,0.523598775598299,0.53277939121676,0.53277939121676,-0.0502176660692673,0.000534093872232964,-0.00918061561846095,0,-0.00336396682657212,-0.00336396682657212,0,0,0,0,0
0.838,0.523598775598299,0.532729332870014,0.532729332870014,-0.0498991045935002,0.00053370391733136,-0.00913055727171497,0,-0.00334006663666184,-0.00334006663666184,0,0,0,0,0
0.839,0.523598775598299,0.532679592839556,0.532679592839556,-0.0495810642480239,0.000532965944654282,-0.00908081724125742,0,-0.00331657732595023,-0.00331657732595023,0,0,0,0,0
0.84,0.523598775598299,0.532630170513299,0.532630170513299,-0.0492637253415264,0.000531897834428384,-0.00903139491499971,0,-0.00329349272705524,-0.00329349272705524,0,0,0,0,0
0.841,0.523598775598299,0.532581065103637,0.532581065103637,-0.0489472586329397,0.000530517060848183,-0.00898228950533808,0,-0.00327080642902633,-0.00327080642902633,0,0,0,0,0
0.842,0.523598775598299,0.53253227565689,0.53253227565689,-0.0486318255567484,0.00052884068462085,-0.00893350005859106,0,-0.00324851180100473,-0.00324851180100473,0,0,0,0,0
0.843,0.523598775598299,0.532483801062508,0.532483801062508,-0.0483175784518097,0.000526885346612134,-0.00888502546420955,0,-0.00322660201497164,-0.00322660201497164,0,0,0,0,0
0.844,0.523598775598299,0.532435640062056,0.532435640062056,-0.048004660793111,0.000524667262544738,-0.00883686446375709,0,-0.0032050700675976,-0.0032050700675976,0,0,0,0,0
0.845,0.523598775598299,0.532387791257955,0.532387791257955,-0.0476932074259129,0.000522202218700482,-0.00878901565965662,0,-0.00318390880120207,-0.00318390880120207,0,0,0,0,0
0.846,0.523598775598299,0.532340253122001,0.532340253122001,-0.0473833448017556,0.000519505568579676,-0.00874147752370247,0,-0.00316311092383838,-0.00316311092383838,0,0,0,0,0
0.847,0.523598775598299,0.532293024003634,0.532293024003634,-0.0470751912158285,0.000516592230471086,-0.0086942484053355,0,-0.00314266902851644,-0.00314266902851644,0,0,0,0,0
0.848,0.523598775598299,0.532246102137979,0.532246102137979,-0.0467688570452292,0.000513476685887382,-0.00864732653968014,0,-0.00312257561157703,-0.00312257561157703,0,0,0,0,0
0.849,0.523598775598299,0.532199485653642,0.532199485653642,-0.0464644449876623,0.000510172978822036,-0.00860071005534346,0,-0.00310282309023496,-0.00310282309023496,0,0,0,0,0
0.85,0.523598775598299,0.532153172580274,0.532153172580274,-0.0461620503001513,0.000506694715783825,-0.00855439698197491,0,-0.00308340381930336,-0.00308340381930336,0,0,0,0,0
0.851,0.523598775598299,0.532107160855887,0.532107160855887,-0.0458617610373606,0.000503055066567396,-0.0085083852575879,0,-0.00306431010711813,-0.00306431010711813,0,0,0,0,0
0.852,0.523598775598299,0.532061448333942,0.532061448333942,-0.045563658289147,0.000499266765718234,-0.00846267273564338,0,-0.00304553423067752,-0.00304553423067752,0,0,0,0,0
0.853,0.523598775598299,0.532016032790195,0.532016032790195,-0.0452678164169814,0.000495342114652058,-0.00841725719189623,0,-0.00302706845001401,-0.00302706845001401,0,0,0,0,0
0.854,0.523598775598299,0.531970911929305,0.531970911929305,-0.0449743032889046,0.000491292984389704,-0.00837213633100631,0,-0.0030089050218169,-0.0030089050218169,0,0,0,0,0
0.855,0.523598775598299,0.531926083391213,0.531926083391213,-0.0446831805126986,0.000487130818869224,-0.00832730779291457,0,-0.00299103621232024,-0.00299103621232024,0,0,0,0,0
0.856,0.523598775598299,0.531881544757287,0.531881544757287,-0.0443945036669788,0.000482866638799108,-0.00828276915898796,0,-0.00297345430947866,-0.00297345430947866,0,0,0,0,0
0.857,0.523598775598299,0.531837293556233,0.531837293556233,-0.0441083225299289,0.000478511046015869,-0.00823851795793418,0,-0.00295615163444665,-0.00295615163444665,0,0,0,0,0
0.858,0.523598775598299,0.531793327269787,0.531793327269787,-0.0438246813054209,0.000474074228311503,-0.00819455167148841,0,-0.00293912055237802,-0.00293912055237802,0,0,0,0,0
0.859,0.523598775598299,0.531749643338175,0.531749643338175,-0.0435436188462818,0.00046956596469792,-0.00815086773987606,0,-0.00292235348256815,-0.00292235348256815,0,0,0,0,0
0.86,0.523598775598299,0.531706239165352,0.531706239165352,-0.0432651688744827,0.000464995631074908,-0.00810746356705327,0,-0.00290584290795434,-0.00290584290795434,0,0,0,0,0
0.861,0.523598775598299,0.531663112124028,0.531663112124028,-0.0429893601980486,0.000460372206270706,-0.00806433652572913,0,-0.00288958138399435,-0.00288958138399435,0,0,0,0,0
0.862,0.523598775598299,0.531620259560471,0.531620259560471,-0.0427162169244992,0.000455704278424674,-0.0080214839621725,0,-0.00287356154694181,-0.00287356154694181,0,0,0,0,0
0.863,0.523598775598299,0.531577678799106,0.531577678799106,-0.0424457586706492,0.000451000051682742,-0.00797890320080741,0,-0.00285777612153715,-0.00285777612153715,0,0,0,0,0
0.864,0.523598775598299,0.531535367146899,0.531535367146899,-0.0421780007686119,0.000446267353177355,-0.00793659154860049,0,-0.00284221792813284,-0.00284221792813284,0,0,0,0,0
0.865,0.523598775598299,0.531493321897543,0.531493321897543,-0.0419129544678648,0.000441513640264702,-0.00789454629924424,0,-0.00282687988927105,-0.00282687988927105,0,0,0,0,0
0.866,0.523598775598299,0.531451540335439,0.531451540335439,-0.0416506271332489,0.000436746007993259,-0.00785276473714025,0,-0.00281175503573279,-0.00281175503573279,0,0,0,0,0
0.867,0.523598775598299,0.531410019739485,0.531410019739485,-0.0413910224387896,0.000431971196778436,-0.00781124414118639,0,-0.00279683651207665,-0.00279683651207665,0,0,0,0,0
0.868,0.523598775598299,0.531368757386672,0.531368757386672,-0.0411341405572376,0.000427195600259288,-0.00776998178837318,0,-0.00278211758168798,-0.00278211758168798,0,0,0,0,0
0.869,0.523598775598299,0.53132775055549,0.53132775055549,-0.0408799783452436,0.00042242527331345,-0.00772897495719149,0,-0.00276759163135098,-0.00276759163135098,0,0,0,0,0
0.87,0.523598775598299,0.531286996529157,0.531286996529157,-0.0406285295240898,0.000417665940209454,-0.00768822093085797,0,-0.00275325217536687,-0.00275325217536687,0,0,0,0,0
0.871,0.523598775598299,0.531246492598661,0.531246492598661,-0.0403797848559152,0.000412923002874486,-0.00764771700036204,0,-0.00273909285923445,-0.00273909285923445,0,0,0,0,0
0.872,0.523598775598299,0.531206236065638,0.531206236065638,-0.040133732315382,0.000408201549257307,-0.00760746046733873,0,-0.00272510746290945,-0.00272510746290945,0,0,0,0,0
0.873,0.523598775598299,0.531166224245072,0.531166224245072,-0.0398903572567393,0.00040350636176739,-0.00756744864677272,0,-0.00271128990366254,-0.00271128990366254,0,0,0,0,0
0.874,0.523598775598299,0.531126454467835,0.531126454467835,-0.0396496425762546,0.000398841925771321,-0.00752767886953642,0,-0.00269763423854796,-0.00269763423854796,0,0,0,0,0
0.875,0.523598775598299,0.531086924083068,0.531086924083068,-0.0394115688699872,0.000394212438130216,-0.00748814848476897,0,-0.00268413466650555,-0.00268413466650555,0,0,0,0,0
0.876,0.523598775598299,0.531047630460399,0.531047630460399,-0.0391761145868923,0.000389621815760445,-0.00744885486209979,0,-0.00267078553011011,-0.00267078553011011,0,0,0,0,0
0.877,0.523598775598299,0.531008570992019,0.531008570992019,-0.0389432561772499,0.00038507370420205,-0.00740979539372044,0,-0.00265758131698154,-0.00265758131698154,0,0,0,0,0
0.878,0.523598775598299,0.530969743094611,0.530969743094611,-0.0387129682364214,0.000380571486180856,-0.00737096749631183,0,-0.00264451666087801,-0.00264451666087801,0,0,0,0,0
0.879,0.523598775598299,0.530931144211128,0.530931144211128,-0.0384852236439452,0.000376118290148819,-0.00733236861282882,0,-0.00263158634248102,-0.00263158634248102,0,0,0,0,0
0.88,0.523598775598299,0.530892771812447,0.530892771812447,-0.0382599936979896,0.000371716998790543,-0.00729399621414795,0,-0.00261878528988996,-0.00261878528988996,0,0,0,0,0
0.881,0.523598775598299,0.530854623398883,0.530854623398883,-0.0380372482451876,0.00036737025748347,-0.00725584780058441,0,-0.00260610857884554,-0.00260610857884554,0,0,0,0,0
0.882,0.523598775598299,0.530816696501579,0.530816696501579,-0.0378169558058849,0.000363080482698613,-0.00721792090327988,0,-0.00259355143268807,-0.00259355143268807,0,0,0,0,0
0.883,0.523598775598299,0.530778988683767,0.530778988683767,-0.0375990836948389,0.000358849870332642,-0.00718021308546846,0,-0.00258110922207269,-0.00258110922207269,0,0,0,0,0
0.884,0.523598775598299,0.530741497541922,0.530741497541922,-0.0373835981374123,0.000354680403959709,-0.00714272194362364,0,-0.00256877746445044,-0.00256877746445044,0,0,0,0,0
0.885,0.523598775598299,0.53070422070679,0.53070422070679,-0.037170464381308,0.000350573862994089,-0.00710544510849143,0,-0.0025565518233305,-0.0025565518233305,0,0,0,0,0
0.886,0.523598775598299,0.530667155844313,0.530667155844313,-0.0369596468039009,0.000346531830754617,-0.00706838024601408,0,-0.00254442810733739,-0.00254442810733739,0,0,0,0,0
0.887,0.523598775598299,0.530630300656447,0.530630300656447,-0.0367511090152217,0.00034255570242234,-0.00703152505814852,0,-0.00253240226907402,-0.00253240226907402,0,0,0,0,0
0.888,0.523598775598299,0.530593652881883,0.530593652881883,-0.0365448139566578,0.000338646692884132,-0.00699487728358417,0,-0.00252047040380516,-0.00252047040380516,0,0,0,0,0
0.889,0.523598775598299,0.530557210296662,0.530557210296662,-0.0363407239954338,0.000334805844454823,-0.00695843469836344,0,-0.00250862874796996,-0.00250862874796996,0,0,0,0,0
0.89,0.523598775598299,0.53052097071471,0.53052097071471,-0.0361388010149445,0.000331034034472174,-0.00692219511641112,0,-0.00249687367754087,-0.00249687367754087,0,0,0,0,0
0.891,0.523598775598299,0.530484931988273,0.530484931988273,-0.0359390065010094,0.000327331982757509,-0.00688615638997425,0,-0.00248520170623355,-0.00248520170623355,0,0,0,0,0
0.892,0.523598775598299,0.530449092008277,0.530449092008277,-0.0357413016241279,0.000323700258937991,-0.00685031640997835,0,-0.0024736094835837,-0.0024736094835837,0,0,0,0,0
0.893,0.523598775598299,0.530413448704602,0.530413448704602,-0.0355456473178105,0.000320139289624925,-0.00681467310630335,0,-0.00246209379289943,-0.00246209379289943,0,0,0,0,0
0.894,0.523598775598299,0.530378000046282,0.530378000046282,-0.0353520043530681,0.000316649365443958,-0.00677922444798296,0,-0.00245065154909917,-0.00245065154909917,0,0,0,0,0
0.895,0.523598775598299,0.53034274404163,0.53034274404163,-0.0351603334091427,0.000313230647913422,-0.00674396844333136,0,-0.00243927979644523,-0.00243927979644523,0,0,0,0,0
0.896,0.523598775598299,0.5303076787383,0.5303076787383,-0.0349705951405614,0.000309883176167534,-0.00670890314000139,0,-0.00242797570618344,-0.00242797570618344,0,0,0,0,0
0.897,0.523598775598299,0.530272802223276,0.530272802223276,-0.0347827502406038,0.000306606873521168,-0.00667402662497718,0,-0.00241673657409668,-0.00241673657409668,0,0,0,0,0
0.898,0.523598775598299,0.530238112622804,0.530238112622804,-0.0345967595012667,0.000303401553873978,-0.00663933702450492,0,-0.00240555981798074,-0.00240555981798074,0,0,0,0,0
0.899,0.523598775598299,0.530203608102265,0.530203608102265,-0.0344125838698175,0.000300266927952002,-0.00660483250396582,0,-0.00239444297505327,-0.00239444297505327,0,0,0,0,0
0.9,0.523598775598299,0.530169286865993,0.530169286865993,-0.0342301845020238,0.000297202609384479,-0.0065705112676937,0,-0.00238338369930097,-0.00238338369930097,0,0,0,0,0
0.901,0.523598775598299,0.530135147157041,0.530135147157041,-0.034049522812152,0.000294208120615102,-0.00653637155874176,0,-0.00237237975877626,-0.00237237975877626,0,0,0,0,0
0.902,0.523598775598299,0.530101187256898,0.530101187256898,-0.0338705605198237,0.000291282898645987,-0.00650241165859955,0,-0.00236142903284519,-0.00236142903284519,0,0,0,0,0
0.903,0.523598775598299,0.530067405485165,0.530067405485165,-0.0336932596938224,0.00028842630061502,-0.00646862988686614,0,-0.00235052950940128,-0.00235052950940128,0,0,0,0,0
0.904,0.523598775598299,0.530033800199179,0.530033800199179,-0.0335175827929416,0.000285637609204676,-0.00643502460088019,0,-0.00233967928204602,-0.00233967928204602,0,0,0,0,0
0.905,0.523598775598299,0.530000369793609,0.530000369793609,-0.0333434927039667,0.000282916037883217,-0.00640159419531039,0,-0.00232887654724395,-0.00232887654724395,0,0,0,0,0
0.906,0.523598775598299,0.529967112700009,0.529967112700009,-0.0331709527768803,0.000280260735978648,-0.00636833710171014,0,-0.0023181196014612,-0.0023181196014612,0,0,0,0,0
0.907,0.523598775598299,0.529934027386336,0.529934027386336,-0.0329999268573847,0.000277670793585133,-0.00633525178803729,0,-0.00230740683828833,-0.00230740683828833,0,0,0,0,0
0.908,0.523598775598299,0.529901112356442,0.529901112356442,-0.0328303793168295,0.000275145246303776,-0.00630233675814362,0,-0.00229673674555856,-0.00229673674555856,0,0,0,0,0
0.909,0.523598775598299,0.529868366149534,0.529868366149534,-0.0326622750796366,0.000272683079817702,-0.00626959055123522,0,-0.00228610790246251,-0.00228610790246251,0,0,0,0,0
0.91,0.523598775598299,0.529835787339606,0.529835787339606,-0.0324955796483114,0.00027028323430329,-0.00623701174130686,0,-0.0022755189766669,-0.0022755189766669,0,0,0,0,0
0.911,0.523598775598299,0.529803374534851,0.529803374534851,-0.0323302591261287,0.000267944608678684,-0.00620459893655201,0,-0.00226496872143907,-0.00226496872143907,0,0,0,0,0
0.912,0.523598775598299,0.529771126377051,0.529771126377051,-0.0321662802375814,0.000265666064691852,-0.006172350778752,0,-0.0022544559727859,-0.0022544559727859,0,0,0,0,0
0.913,0.523598775598299,0.529739041540944,0.529739041540944,-0.0320036103466795,0.000263446430849124,-0.00614026594264505,0,-0.00224397964660665,-0.00224397964660665,0,0,0,0,0
0.914,0.523598775598299,0.529707118733578,0.529707118733578,-0.0318422174731834,0.000261284506187139,-0.00610834313527919,0,-0.00223353873586933,-0.00223353873586933,0,0,0,0,0
0.915,0.523598775598299,0.529675356693647,0.529675356693647,-0.0316820703068587,0.000259179063889118,-0.00607658109534848,0,-0.00222313230780685,-0.00222313230780685,0,0,0,0,0
0.916,0.523598775598299,0.529643754190816,0.529643754190816,-0.0315231382198333,0.000257128854749339,-0.00604497859251696,0,-0.00221275950114345,-0.00221275950114345,0,0,0,0,0
0.917,0.523598775598299,0.52961231002503,0.52961231002503,-0.0313653912771404,0.000255132610487001,-0.00601353442673114,0,-0.00220241952335135,-0.00220241952335135,0,0,0,0,0
0.918,0.523598775598299,0.529581023025821,0.529581023025821,-0.0312088002455282,0.000253189046912297,-0.00598224742752207,0,-0.00219211164793917,-0.00219211164793917,0,0,0,0,0
0.919,0.523598775598299,0.529549892051599,0.529549892051599,-0.0310533366006143,0.000251296866947941,-0.00595111645330015,0,-0.00218183521177836,-0.00218183521177836,0,0,0,0,0
0.92,0.523598775598299,0.529518915988942,0.529518915988942,-0.0308989725324632,0.000249454763508238,-0.00592014039064359,0,-0.0021715896124685,-0.0021715896124685,0,0,0,0,0
0.921,0.523598775598299,0.52948809375188,0.52948809375188,-0.0307456809496639,0.000247661422238583,-0.00588931815358107,0,-0.00216137430574126,-0.00216137430574126,0,0,0,0,0
0.922,0.523598775598299,0.529457424281171,0.529457424281171,-0.0305934354819804,0.000245915524119238,-0.00585864868287267,0,-0.00215118880291188,-0.00215118880291188,0,0,0,0,0
0.923,0.523598775598299,0.529426906543586,0.529426906543586,-0.0304422104816491,0.000244215747934758,-0.00582813094528745,0,-0.0021410326683723,-0.0021410326683723,0,0,0,0,0
0.924,0.523598775598299,0.529396539531179,0.529396539531179,-0.0302919810233951,0.000242560772613675,-0.00579776393288067,0,-0.00213090551713216,-0.00213090551713216,0,0,0,0,0
0.925,0.523598775598299,0.529366322260571,0.529366322260571,-0.0301427229032347,0.000240949279441031,-0.00576754666227253,0,-0.00212080701241076,-0.00212080701241076,0,0,0,0,0
0.926,0.523598775598299,0.529336253772226,0.529336253772226,-0.0299944126361343,0.000239379954146191,-0.00573747817392711,0,-0.00211073686327525,-0.00211073686327525,0,0,0,0,0
0.927,0.523598775598299,0.529306333129734,0.529306333129734,-0.0298470274525904,0.000237851488870616,-0.00570755753143548,0,-0.00210069482233307,-0.00210069482233307,0,0,0,0,0
0.928,0.523598775598299,0.529276559419101,0.529276559419101,-0.0297005452941954,0.000236362584017568,-0.00567778382080242,0,-0.00209068068347658,-0.00209068068347658,0,0,0,0,0
0.929,0.523598775598299,0.529246931748036,0.529246931748036,-0.0295549448082515,0.000234911949987309,-0.00564815614973768,0,-0.00208069427967973,-0.00208069427967973,0,0,0,0,0
0.93,0.523598775598299,0.529217449245252,0.529217449245252,-0.0294102053414944,0.00023349830880152,-0.00561867364695345,0,-0.00207073548085007,-0.00207073548085007,0,0,0,0,0
0.931,0.523598775598299,0.529188111059767,0.529188111059767,-0.0292663069329839,0.000232120395619793,-0.00558933546146834,0,-0.00206080419173533,-0.00206080419173533,0,0,0,0,0
0.932,0.523598775598299,0.529158916360218,0.529158916360218,-0.0291232303062209,0.000230776960151636,-0.0055601407619188,0,-0.00205090034988525,-0.00205090034988525,0,0,0,0,0
0.933,0.523598775598299,0.529129864334178,0.529129864334178,-0.0289809568605441,0.000229466767967331,-0.00553108873587949,0,-0.00204102392367121,-0.00204102392367121,0,0,0,0,0
0.934,0.523598775598299,0.52910095418749,0.52910095418749,-0.0288394686618609,0.00022818860171033,-0.00550217858919155,0,-0.00203117491035936,-0.00203117491035936,0,0,0,0,0
0.935,0.523598775598299,0.5290721851436,0.5290721851436,-0.0286987484327653,0.000226941262215476,-0.00547340954530096,0,-0.0020213533342415,-0.0020213533342415,0,0,0,0,0
0.936,0.523598775598299,0.529043556442906,0.529043556442906,-0.0285587795420903,0.000225723569535741,-0.00544478084460687,0,-0.0020115592448222,-0.0020115592448222,0,0,0,0,0
0.937,0.523598775598299,0.52901506734212,0.52901506734212,-0.028419545993946,0.000224534363880772,-0.00541629174382141,0,-0.00200179271506425,-0.00200179271506425,0,0,0,0,0
0.938,0.523598775598299,0.528986717113638,0.528986717113638,-0.0282810324162871,0.000223372506469918,-0.0053879415153395,0,-0.00199205383968745,-0.00199205383968745,0,0,0,0,0
0.939,0.523598775598299,0.52895850504492,0.52895850504492,-0.0281432240490573,0.000222236880304029,-0.00535972944662122,0,-0.00198234273352623,-0.00198234273352623,0,0,0,0,0
0.94,0.523598775598299,0.528930430437885,0.528930430437885,-0.0280061067319515,0.000221126390858181,-0.00533165483958575,0,-0.00197265952994176,-0.00197265952994176,0,0,0,0,0
0.941,0.523598775598299,0.528902492608317,0.528902492608317,-0.0278696668918384,0.000220039966698974,-0.00530371701001775,0,-0.00196300437928988,-0.00196300437928988,0,0,0,0,0
0.942,0.523598775598299,0.528874690885286,0.528874690885286,-0.0277338915298826,0.00021897656002939,-0.0052759152869869,0,-0.00195337744744545,-0.00195337744744545,0,0,0,0,0
0.943,0.523598775598299,0.528847024610579,0.528847024610579,-0.0275987682084047,0.000217935147163756,-0.00524824901228005,0,-0.00194377891438013,-0.00194377891438013,0,0,0,0,0
0.944,0.523598775598299,0.528819493138146,0.528819493138146,-0.027464285037516,0.000216914728936333,-0.00522071753984676,0,-0.00193420897279487,-0.00193420897279487,0,0,0,0,0
0.945,0.523598775598299,0.528792095833557,0.528792095833557,-0.0273304306615614,0.000215914331046227,-0.0051933202352582,0,-0.00192466782680542,-0.00192466782680542,0,0,0,0,0
0.946,0.523598775598299,0.528764832073479,0.528764832073479,-0.0271971942454058,0.000214933004341616,-0.00516605647517976,0,-0.00191515569068114,-0.00191515569068114,0,0,0,0,0
0.947,0.523598775598299,0.528737701245156,0.528737701245156,-0.0270645654605937,0.00021396982504597,-0.00513892564685736,0,-0.00190567278763548,-0.00190567278763548,0,0,0,0,0
0.948,0.523598775598299,0.528710702745917,0.528710702745917,-0.0269325344714139,0.000213023894929158,-0.0051119271476181,0,-0.00189621934866895,-0.00189621934866895,0,0,0,0,0
0.949,0.523598775598299,0.528683835982683,0.528683835982683,-0.0268010919208969,0.000212094341425737,-0.00508506038438405,0,-0.00188679561146064,-0.00188679561146064,0,0,0,0,0
0.95,0.523598775598299,0.5286571003715,0.5286571003715,-0.0266702289167727,0.000211180317703849,-0.00505832477320078,0,-0.00187740181931092,-0.00187740181931092,0,0,0,0,0
0.951,0.523598775598299,0.528630495337078,0.528630495337078,-0.0265399370174151,0.000210281002686606,-0.00503171973877958,0,-0.0018680382201322,-0.0018680382201322,0,0,0,0,0
0.952,0.523598775598299,0.528604020312353,0.528604020312353,-0.026410208217797,0.000209395601028828,-0.00500524471405406,0,-0.00185870506548815,-0.00185870506548815,0,0,0,0,0
0.953,0.523598775598299,0.528577674738049,0.528577674738049,-0.0262810349354792,0.000208523343051338,-0.00497889913975025,0,-0.00184940260967846,-0.00184940260967846,0,0,0,0,0
0.954,0.523598775598299,0.52855145806227,0.52855145806227,-0.0261524099966553,0.000207663484635706,-0.00495268246397129,0,-0.00184013110887094,-0.00184013110887094,0,0,0,0,0
0.955,0.523598775598299,0.528525369740094,0.528525369740094,-0.0260243266222733,0.000206815307081185,-0.0049265941417953,0,-0.00183089082027645,-0.00183089082027645,0,0,0,0,0
0.956,0.523598775598299,0.528499409233187,0.528499409233187,-0.0258967784142526,0.000205978116926833,-0.00490063363488813,0,-0.00182168200137055,-0.00182168200137055,0,0,0,0,0
0.957,0.523598775598299,0.528473576009428,0.528473576009428,-0.0257697593418144,0.000205151245739963,-0.00487480041112875,0,-0.00181250490915486,-0.00181250490915486,0,0,0,0,0
0.958,0.523598775598299,0.528447869542548,0.528447869542548,-0.0256432637279442,0.000204334049874258,-0.00484909394424904,0,-0.00180335979946206,-0.00180335979946206,0,0,0,0,0
0.959,0.523598775598299,0.528422289311785,0.528422289311785,-0.0255172862359992,0.000203525910198792,-0.00482351371348655,0,-0.00179424692630045,-0.00179424692630045,0,0,0,0,0
0.96,0.523598775598299,0.52839683480155,0.52839683480155,-0.0253918218564788,0.000202726231800415,-0.00479805920325072,0,-0.00178516654123803,-0.00178516654123803,0,0,0,0,0
0.961,0.523598775598299,0.528371505501101,0.528371505501101,-0.0252668658939683,0.000201934443661387,-0.00477272990280242,0,-0.00177611889282569,-0.00177611889282569,0,0,0,0,0
0.962,0.523598775598299,0.528346300904245,0.528346300904245,-0.025142413954271,0.00020114999831389,-0.00474752530594635,0,-0.00176710422605721,-0.00176710422605721,0,0,0,0,0
0.963,0.523598775598299,0.528321220509035,0.528321220509035,-0.0250184619317397,0.000200372371473472,-0.00472244491073581,0,-0.00175812278186446,-0.00175812278186446,0,0,0,0,0
0.964,0.523598775598299,0.52829626381749,0.52829626381749,-0.0248950059968166,0.000199601061653469,-0.00469748821919114,0,-0.00174917479665061,-0.00174917479665061,0,0,0,0,0
0.965,0.523598775598299,0.528271430335328,0.528271430335328,-0.0247720425837943,0.000198835589761055,-0.00467265473702894,0,-0.00174026050185302,-0.00174026050185302,0,0,0,0,0
0.966,0.523598775598299,0.528246719571704,0.528246719571704,-0.0246495683788035,0.000198075498678189,-0.00464794397340473,0,-0.00173138012354253,-0.00173138012354253,0,0,0,0,0
0.967,0.523598775598299,0.528222131038966,0.528222131038966,-0.0245275803080381,0.000197320352827569,-0.00462335544066694,0,-0.00172253388205287,-0.00172253388205287,0,0,0,0,0
0.968,0.523598775598299,0.528197664252421,0.528197664252421,-0.0244060755262222,0.000196569737725831,-0.00459888865412239,0,-0.00171372199164048,-0.00171372199164048,0,0,0,0,0
0.969,0.523598775598299,0.528173318730113,0.528173318730113,-0.024285051405328,0.000195823259525462,-0.00457454313181371,0,-0.00170494466017519,-0.00170494466017519,0,0,0,0,0
0.97,0.523598775598299,0.528149093992607,0.528149093992607,-0.0241645055235475,0.000195080544546371,-0.00455031839430786,0,-0.00169620208885913,-0.00169620208885913,0,0,0,0,0
0.971,0.523598775598299,0.528124989562793,0.528124989562793,-0.0240444356545254,0.000194341238798606,-0.00452621396449449,0,-0.00168749447197038,-0.00168749447197038,0,0,0,0,0
0.972,0.523598775598299,0.528101004965695,0.528101004965695,-0.023924839756855,0.000193605007498425,-0.00450222936739653,0,-0.00167882199663726,-0.00167882199663726,0,0,0,0,0
0.973,0.523598775598299,0.528077139728289,0.528077139728289,-0.0238057159638421,0.000192871534577274,-0.00447836412999025,0,-0.0016701848426353,-0.0016701848426353,0,0,0,0,0
0.974,0.523598775598299,0.528053393379334,0.528053393379334,-0.0236870625735387,0.00019214052218599,-0.00445461778103518,0,-0.00166158318220799,-0.00166158318220799,0,0,0,0,0
0.975,0.523598775598299,0.528029765449213,0.528029765449213,-0.02356887803905,0.000191411690195421,-0.00443098985091461,0,-0.00165301717991298,-0.00165301717991298,0,0,0,0,0
0.976,0.523598775598299,0.528006255469784,0.528006255469784,-0.0234511609591146,0.000190684775693662,-0.00440747987148493,0,-0.0016444869924882,-0.0016444869924882,0,0,0,0,0
0.977,0.523598775598299,0.527982862974234,0.527982862974234,-0.0233339100689599,0.000189959532481899,-0.0043840873759351,0,-0.00163599276874196,-0.00163599276874196,0,0,0,0,0
0.978,0.523598775598299,0.527959587496953,0.527959587496953,-0.023217124231434,0.000189235730568701,-0.00436081189865423,0,-0.00162753464946074,-0.00162753464946074,0,0,0,0,0
0.979,0.523598775598299,0.527936428573407,0.527936428573407,-0.0231008024284126,0.000188513155664816,-0.00433765297510824,0,-0.0016191127673373,-0.0016191127673373,0,0,0,0,0
0.98,0.523598775598299,0.527913385740024,0.527913385740024,-0.0229849437524813,0.000187791608678776,-0.00431461014172518,0,-0.0016107272469178,-0.0016107272469178,0,0,0,0,0
0.981,0.523598775598299,0.527890458534087,0.527890458534087,-0.0228695473988926,0.000187070905213964,-0.00429168293578852,0,-0.00160237820456598,-0.00160237820456598,0,0,0,0,0
0.982,0.523598775598299,0.527867646493637,0.527867646493637,-0.0227546126577957,0.000186350875068136,-0.00426887089533856,0,-0.00159406574844444,-0.00159406574844444,0,0,0,0,0
0.983,0.523598775598299,0.52784494915738,0.52784494915738,-0.0226401389067381,0.000185631361735924,-0.00424617355908097,0,-0.00158578997851039,-0.00158578997851039,0,0,0,0,0
0.984,0.523598775598299,0.527822366064602,0.527822366064602,-0.0225261256034367,0.0001849122219155,-0.00422359046630316,0,-0.00157755098652755,-0.00157755098652755,0,0,0,0,0
0.985,0.523598775598299,0.527799896755097,0.527799896755097,-0.0224125722788155,0.000184193325019441,-0.00420112115679794,0,-0.00156934885609267,-0.00156934885609267,0,0,0,0,0
0.986,0.523598775598299,0.527777540769092,0.527777540769092,-0.0222994785303085,0.000183474552690362,-0.00417876517079296,0,-0.00156118366267261,-0.00156118366267261,0,0,0,0,0
0.987,0.523598775598299,0.527755297647187,0.527755297647187,-0.0221868440154228,0.000182755798322776,-0.00415652204888806,0,-0.00155305547365732,-0.00155305547365732,0,0,0,0,0
0.988,0.523598775598299,0.527733166930297,0.527733166930297,-0.0220746684455604,0.000182036966590383,-0.00413439133199833,0,-0.0015449643484233,-0.0015449643484233,0,0,0,0,0
0.989,0.523598775598299,0.527711148159602,0.527711148159602,-0.0219629515800949,0.000181317972979877,-0.0041123725613027,0,-0.00153691033840618,-0.00153691033840618,0,0,0,0,0
0.99,0.523598775598299,0.527689240876498,0.527689240876498,-0.0218516932206983,0.000180598743332324,-0.00409046527819923,0,-0.00152889348718648,-0.00152889348718648,0,0,0,0,0
0.991,0.523598775598299,0.527667444622564,0.527667444622564,-0.0217408932059146,0.000179879213391344,-0.0040686690242655,0,-0.00152091383058343,-0.00152091383058343,0,0,0,0,0
0.992,0.523598775598299,0.527645758939523,0.527645758939523,-0.0216305514059762,0.00017915932835916,-0.00404698334122411,0,-0.00151297139675719,-0.00151297139675719,0,0,0,0,0
0.993,0.523598775598299,0.527624183369213,0.527624183369213,-0.021520667717858,0.000178439042460951,-0.00402540777091387,0,-0.00150506620632119,-0.00150506620632119,0,0,0,0,0
0.994,0.523598775598299,0.527602717453564,0.527602717453564,-0.0214112420605658,0.000177718318517115,-0.00400394185526509,0,-0.00149719827245985,-0.00149719827245985,0,0,0,0,0
0.995,0.523598775598299,0.527581360734579,0.527581360734579,-0.0213022743706532,0.000176997127524596,-0.00398258513628003,0,-0.00148936760105494,-0.00148936760105494,0,0,0,0,0
0.996,0.523598775598299,0.527560112754316,0.527560112754316,-0.0211937645979621,0.000176275448246817,-0.00396133715601732,0,-0.00148157419081741,-0.00148157419081741,0,0,0,0,0
0.997,0.523598775598299,0.52753897305488,0.52753897305488,-0.021085712701583,0.000175553266812845,-0.0039401974565807,0,-0.00147381803342511,-0.00147381803342511,0,0,0,0,0
0.998,0.523598775598299,0.527517941178411,0.527517941178411,-0.0209781186460292,0.000174830576325868,-0.00391916558011196,0,-0.00146609911366699,-0.00146609911366699,0,0,0,0,0
0.999,0.523598775598299,0.527497016667086,0.527497016667086,-0.0208709823976199,0.000174107376480779,-0.00389824106878711,0,-0.00145841740959029,-0.00145841740959029,0,0,0,0,0
1,0.523598775598299,0.527476199063115,0.527476199063115,-0.0207643039210667,0.000173383673191648,-0.00387742346481645,0,-0.00145077289265338,-0.00145077289265338,0,0,0,0,0
1.001,0.523598775598299,0.527455487908746,0.527455487908746,-0.020658083176259,0.000172659478228663,-0.0038567123104476,0,-0.00144316552788112,-0.00144316552788112,0,0,0,0,0
1.002,0.523598775598299,0.527434882746271,0.527434882746271,-0.0205523201152424,0.000171934808865067,-0.003836107147972,0,-0.00143559527402472,-0.00143559527402472,0,0,0,0,0
1.003,0.523598775598299,0.527414383118033,0.527414383118033,-0.0204470146793847,0.000171209687533699,-0.00381560751973431,0,-0.00142806208372405,-0.00142806208372405,0,0,0,0,0
1.004,0.523598775598299,0.527393988566443,0.527393988566443,-0.0203421667967245,0.000170484141493408,-0.00379521296814411,0,-0.00142056590367147,-0.00142056590367147,0,0,0,0,0
1.005,0.523598775598299,0.527373698633989,0.527373698633989,-0.0202377763794966,0.00016975820250562,-0.0037749230356906,0,-0.00141310667477868,-0.00141310667477868,0,0,0,0,0
1.006,0.523598775598299,0.527353512863258,0.527353512863258,-0.020133843321829,0.000169031906520702,-0.00375473726495967,0,-0.00140568433234518,-0.00140568433234518,0,0,0,0,0
1.007,0.523598775598299,0.527333430796952,0.527333430796952,-0.0200303674976062,0.000168305293374108,-0.00373465519865324,0,-0.00139829880622808,-0.00139829880622808,0,0,0,0,0
1.008,0.523598775598299,0.527313451977909,0.527313451977909,-0.0199273487584929,0.000167578406492347,-0.00371467637960998,0,-0.00139095002101107,-0.00139095002101107,0,0,0,0,0
1.009,0.523598775598299,0.527293575949128,0.527293575949128,-0.0198247869321134,0.000166851292609262,-0.00369480035082892,0,-0.0013836378961764,-0.0013836378961764,0,0,0,0,0
1.01,0.523598775598299,0.527273802253793,0.527273802253793,-0.0197226818203811,0.000166124001491658,-0.00367502665549413,0,-0.00137636234627558,-0.00137636234627558,0,0,0,0,0
1.011,0.523598775598299,0.5272541304353,0.5272541304353,-0.0196210331979724,0.000165396585674817,-0.00365535483700141,0,-0.00136912328110081,-0.00136912328110081,0,0,0,0,0
1.012,0.523598775598299,0.527234560037285,0.527234560037285,-0.0195198408109402,0.000164669100207517,-0.00363578443898604,0,-0.00136192060585522,-0.00136192060585522,0,0,0,0,0
1.013,0.523598775598299,0.527215090603651,0.527215090603651,-0.0194191043754619,0.000163941602406814,-0.00361631500535198,0,-0.00135475422132266,-0.00135475422132266,0,0,0,0,0
1.014,0.523598775598299,0.527195721678601,0.527195721678601,-0.0193188235767161,0.000163214151622297,-0.00359694608030237,0,-0.00134762402403717,-0.00134762402403717,0,0,0,0,0
1.015,0.523598775598299,0.52717645280667,0.52717645280667,-0.0192189980678835,0.000162486809009565,-0.00357767720837132,0,-0.00134052990645158,-0.00134052990645158,0,0,0,0,0
1.016,0.523598775598299,0.527157283532755,0.527157283532755,-0.0191196274692664,0.000161759637312722,-0.003558507934456,0,-0.00133347175710334,-0.00133347175710334,0,0,0,0,0
1.017,0.523598775598299,0.527138213402149,0.527138213402149,-0.0190207113675229,0.000161032700656339,-0.00353943780385002,0,-0.00132644946077999,-0.00132644946077999,0,0,0,0,0
1.018,0.523598775598299,0.527119241960576,0.527119241960576,-0.0189222493150097,0.000160306064346174,-0.00352046636227754,0,-0.00131946289868284,-0.00131946289868284,0,0,0,0,0
1.019,0.523598775598299,0.527100368754226,0.527100368754226,-0.0188242408292289,0.000159579794678599,-0.00350159315592757,0,-0.00131251194858772,-0.00131251194858772,0,0,0,0,0
1.02,0.523598775598299,0.527081593329788,0.527081593329788,-0.0187266853923752,0.00015885395875895,-0.0034828177314894,0,-0.00130559648500522,-0.00130559648500522,0,0,0,0,0
1.021,0.523598775598299,0.527062915234487,0.527062915234487,-0.0186295824509772,0.000158128624328011,-0.00346413963618786,0,-0.00129871637933725,-0.00129871637933725,0,0,0,0,0
1.022,0.523598775598299,0.527044334016118,0.527044334016118,-0.0185329314156297,0.000157403859597035,-0.00344555841781924,0,-0.00129187150003196,-0.00129187150003196,0,0,0,0,0
1.023,0.523598775598299,0.527025849223086,0.527025849223086,-0.0184367316608118,0.000156679733090839,-0.00342707362478722,0,-0.00128506171273574,-0.00128506171273574,0,0,0,0,0
1.024,0.523598775598299,0.527007460404438,0.527007460404438,-0.018340982524786,0.000155956313498931,-0.00340868480613921,0,-0.00127828688044308,-0.00127828688044308,0,0,0,0,0
1.025,0.523598775598299,0.526989167109901,0.526989167109901,-0.0182456833095759,0.000155233669534286,-0.00339039151160236,0,-0.00127154686364297,-0.00127154686364297,0,0,0,0,0
1.026,0.523598775598299,0.526970968889919,0.526970968889919,-0.0181508332810157,0.000154511869799894,-0.00337219329161986,0,-0.0012648415204627,-0.0012648415204627,0,0,0,0,0
1.027,0.523598775598299,0.526952865295686,0.526952865295686,-0.0180564316688699,0.000153790982662715,-0.00335408969738737,0,-0.0012581707068099,-0.0012581707068099,0,0,0,0,0
1.028,0.523598775598299,0.526934855879187,0.526934855879187,-0.0179624776670173,0.000153071076134505,-0.0033360802808885,0,-0.00125153427650891,-0.00125153427650891,0,0,0,0,0
1.029,0.523598775598299,0.52691694019323,0.52691694019323,-0.0178689704336971,0.00015235221776028,-0.00331816459493095,0,-0.00124493208143679,-0.00124493208143679,0,0,0,0,0
1.03,0.523598775598299,0.52689911779148,0.52689911779148,-0.0177759090918118,0.000151634474513145,-0.00330034219318165,0,-0.00123836397165386,-0.00123836397165386,0,0,0,0,0
1.031,0.523598775598299,0.526881388228501,0.526881388228501,-0.0176832927292849,0.000150917912696192,-0.00328261263020257,0,-0.00123182979553402,-0.00123182979553402,0,0,0,0,0
1.032,0.523598775598299,0.526863751059783,0.526863751059783,-0.0175911203994684,0.000150202597850169,-0.00326497546148463,0,-0.00122532939988752,-0.00122532939988752,0,0,0,0,0
1.033,0.523598775598299,0.526846205841782,0.526846205841782,-0.0174993911215972,0.000149488594668381,-0.00324743024348284,0,-0.00121886263008509,-0.00121886263008509,0,0,0,0,0
1.034,0.523598775598299,0.526828752131948,0.526828752131948,-0.0174081038812876,0.000148775966916729,-0.00322997653364965,0,-0.00121242933017503,-0.00121242933017503,0,0,0,0,0
1.035,0.523598775598299,0.526811389488767,0.526811389488767,-0.0173172576310762,0.000148064777360278,-0.00321261389046856,0,-0.00120602934299923,-0.00120602934299923,0,0,0,0,0
1.036,0.523598775598299,0.526794117471786,0.526794117471786,-0.0172268512909956,0.000147355087695174,-0.0031953418734868,0,-0.0011996625103046,-0.0011996625103046,0,0,0,0,0
1.037,0.523598775598299,0.526776935641646,0.526776935641646,-0.017136883749185,0.000146646958486216,-0.00317816004334748,0,-0.00119332867285161,-0.00119332867285161,0,0,0,0,0
1.038,0.523598775598299,0.52675984356012,0.52675984356012,-0.0170473538625322,0.000145940449109715,-0.00316106796182136,0,-0.00118702767051988,-0.00118702767051988,0,0,0,0,0
1.039,0.523598775598299,0.526742840790136,0.526742840790136,-0.0169582604573434,0.000145235617701289,-0.00314406519183763,0,-0.00118075934240955,-0.00118075934240955,0,0,0,0,0
1.04,0.523598775598299,0.526725926895813,0.526725926895813,-0.0168696023300405,0.000144532521108769,-0.00312715129751429,0,-0.00117452352694015,-0.00117452352694015,0,0,0,0,0
1.041,0.523598775598299,0.526709101442486,0.526709101442486,-0.0167813782478802,0.000143831214849655,-0.00311032584418725,0,-0.00116832006194455,-0.00116832006194455,0,0,0,0,0
1.042,0.523598775598299,0.526692363996739,0.526692363996739,-0.0166935869496947,0.000143131753073546,-0.00309358839843976,0,-0.00116214878476237,-0.00116214878476237,0,0,0,0,0
1.043,0.523598775598299,0.526675714126429,0.526675714126429,-0.016606227146651,0.00014243418852829,-0.00307693852812996,0,-0.00115600953232708,-0.00115600953232708,0,0,0,0,0
1.044,0.523598775598299,0.526659151400717,0.526659151400717,-0.0165192975230261,0.000141738572530882,-0.00306037580241836,0,-0.00114990214125185,-0.00114990214125185,0,0,0,0,0
1.045,0.523598775598299,0.526642675390093,0.526642675390093,-0.0164327967369959,0.000141044954942093,-0.00304389979179442,0,-0.00114382644791164,-0.00114382644791164,0,0,0,0,0
1.046,0.523598775598299,0.526626285666401,0.526626285666401,-0.0163467234214367,0.00014035338414491,-0.00302751006810209,0,-0.00113778228852145,-0.00113778228852145,0,0,0,0,0
1.047,0.523598775598299,0.526609981802863,0.526609981802863,-0.0162610761847361,0.000139663907026837,-0.00301120620456463,0,-0.00113176949921185,-0.00113176949921185,0,0,0,0,0
1.048,0.523598775598299,0.526593763374108,0.526593763374108,-0.0161758536116117,0.000138976568965669,-0.00299498777580898,0,-0.00112578791610209,-0.00112578791610209,0,0,0,0,0
1.049,0.523598775598299,0.526577629956188,0.526577629956188,-0.0160910542639365,0.000138291413818374,-0.00297885435788869,0,-0.0011198373753687,-0.0011198373753687,0,0,0,0,0
1.05,0.523598775598299,0.526561581126606,0.526561581126606,-0.0160066766815679,0.000137608483913438,-0.00296280552830674,0,-0.00111391771331278,-0.00111391771331278,0,0,0,0,0
1.051,0.523598775598299,0.526545616464336,0.526545616464336,-0.0159227193831804,0.000136927820045894,-0.00294684086603669,0,-0.00110802876642225,-0.00110802876642225,0,0,0,0,0
1.052,0.523598775598299,0.526529735549843,0.526529735549843,-0.0158391808670986,0.000136249461475613,-0.00293095995154369,0,-0.00110217037143292,-0.00110217037143292,0,0,0,0,0
1.053,0.523598775598299,0.526513937965103,0.526513937965103,-0.0157560596121303,0.000135573445928039,-0.00291516236680456,0,-0.00109634236538649,-0.00109634236538649,0,0,0,0,0
1.054,0.523598775598299,0.526498223293625,0.526498223293625,-0.0156733540783979,0.000134899809597369,-0.00289944769532657,0,-0.00109054458568441,-0.00109054458568441,0,0,0,0,0
1.055,0.523598775598299,0.526482591120465,0.526482591120465,-0.0155910627081667,0.000134228587152498,-0.00288381552216599,0,-0.0010847768701406,-0.0010847768701406,0,0,0,0,0
1.056,0.523598775598299,0.526467041032244,0.526467041032244,-0.0155091839266689,0.000133559811744939,-0.00286826543394525,0,-0.00107903905703013,-0.00107903905703013,0,0,0,0,0
1.057,0.523598775598299,0.526451572617169,0.526451572617169,-0.0154277161429222,0.000132893515019139,-0.00285279701886976,0,-0.00107333098513625,-0.00107333098513625,0,0,0,0,0
1.058,0.523598775598299,0.526436185465043,0.526436185465043,-0.0153466577505415,0.000132229727124618,-0.00283740986674397,0,-0.00106765249379531,-0.00106765249379531,0,0,0,0,0
1.059,0.523598775598299,0.526420879167284,0.526420879167284,-0.0152660071285438,0.000131568476729768,-0.0028221035689856,0,-0.0010620034229362,-0.0010620034229362,0,0,0,0,0
1.06,0.523598775598299,0.526405653316939,0.526405653316939,-0.0151857626421436,0.000130909791038179,-0.00280687771864063,0,-0.00105638361312162,-0.00105638361312162,0,0,0,0,0
1.061,0.523598775598299,0.526390507508695,0.526390507508695,-0.0151059226435396,0.000130253695805723,-0.0027917319103965,0,-0.00105079290558432,-0.00105079290558432,0,0,0,0,0
1.062,0.523598775598299,0.526375441338893,0.526375441338893,-0.0150264854726907,0.000129600215359469,-0.00277666574059432,0,-0.00104523114226041,-0.00104523114226041,0,0,0,0,0
1.063,0.523598775598299,0.52636045440554,0.52636045440554,-0.014947449458081,0.000128949372618377,-0.00276167880724121,0,-0.00103969816582284,-0.00103969816582284,0,0,0,0,0
1.064,0.523598775598299,0.52634554630832,0.52634554630832,-0.0148688129174734,0.000128301189114747,-0.00274677071002116,0,-0.0010341938197108,-0.0010341938197108,0,0,0,0,0
1.065,0.523598775598299,0.526330716648604,0.526330716648604,-0.01479057415865,0.000127655685017133,-0.00273194105030561,0,-0.00102871794815819,-0.00102871794815819,0,0,0,0,0
1.066,0.523598775598299,0.526315965029462,0.526315965029462,-0.0147127314801405,0.000127012879154134,-0.00271718943116273,0,-0.00102327039621859,-0.00102327039621859,0,0,0,0,0
1.067,0.523598775598299,0.526301291055665,0.526301291055665,-0.0146352831719363,0.000126372789039476,-0.00270251545736655,0,-0.00101785100978977,-0.00101785100978977,0,0,0,0,0
1.068,0.523598775598299,0.526286694333704,0.526286694333704,-0.014558227516191,0.000125735430897741,-0.00268791873540497,0,-0.00101245963563504,-0.00101245963563504,0,0,0,0,0
1.069,0.523598775598299,0.526272174471787,0.526272174471787,-0.014481562787906,0.000125100819691081,-0.00267339887348772,0,-0.00100709612140467,-0.00100709612140467,0,0,0,0,0
1.07,0.523598775598299,0.526257731079851,0.526257731079851,-0.0144052872556016,0.000124468969146178,-0.00265895548155248,0,-0.00100176031565228,-0.00100176031565228,0,0,0,0,0
1.071,0.523598775598299,0.52624336376957,0.52624336376957,-0.0143293991819728,0.00012383989178257,-0.00264458817127144,0,-0.000996452067852442,-0.000996452067852442,0,0,0,0,0
1.072,0.523598775598299,0.526229072154356,0.526229072154356,-0.0142538968245297,0.000123213598941033,-0.00263029655605673,0,-0.000991171228415417,-0.000991171228415417,0,0,0,0,0
1.073,0.523598775598299,0.526214855849364,0.526214855849364,-0.0141787784362216,0.000122590100812522,-0.00261608025106541,0,-0.000985917648700755,-0.000985917648700755,0,0,0,0,0
1.074,0.523598775598299,0.526200714471503,0.526200714471503,-0.0141040422660458,0.000121969406467411,-0.0026019388732037,0,-0.000980691181028952,-0.000980691181028952,0,0,0,0,0
1.075,0.523598775598299,0.526186647639429,0.526186647639429,-0.01402968655964,0.000121351523885121,-0.00258787204113031,0,-0.000975491678690842,-0.000975491678690842,0,0,0,0,0
1.076,0.523598775598299,0.526172654973559,0.526172654973559,-0.0139557095598582,0.000120736459984307,-0.00257387937525977,0,-0.000970318995957156,-0.000970318995957156,0,0,0,0,0
1.077,0.523598775598299,0.526158736096064,0.526158736096064,-0.01388210950733,0.000120124220652913,-0.00255996049776508,0,-0.000965172988086454,-0.000965172988086454,0,0,0,0,0
1.078,0.523598775598299,0.526144890630878,0.526144890630878,-0.0138088846410045,0.000119514810778241,-0.00254611503257951,0,-0.000960053511330845,-0.000960053511330845,0,0,0,0,0
1.079,0.523598775598299,0.526131118203697,0.526131118203697,-0.0137360331986759,0.00011890823427732,-0.0025323426053977,0,-0.000954960422940123,-0.000954960422940123,0,0,0,0,0
1.08,0.523598775598299,0.526117418441976,0.526117418441976,-0.0136635534174945,0.000118304494127543,-0.0025186428436772,0,-0.00094989358116731,-0.00094989358116731,0,0,0,0,0
1.081,0.523598775598299,0.526103790974937,0.526103790974937,-0.0135914435344592,0.000117703592396589,-0.00250501537663839,0,-0.000944852845269932,-0.000944852845269932,0,0,0,0,0
1.082,0.523598775598299,0.526090235433563,0.526090235433563,-0.0135197017868954,0.000117105530272856,-0.00249145983526444,0,-0.000939838075511834,-0.000939838075511834,0,0,0,0,0
1.083,0.523598775598299,0.5260767514506,0.5260767514506,-0.013448326412915,0.000116510308095612,-0.00247797585230103,0,-0.000934849133164337,-0.000934849133164337,0,0,0,0,0
1.084,0.523598775598299,0.526063338660554,0.526063338660554,-0.0133773156518609,0.000115917925384762,-0.00246456306225495,0,-0.000929885880504952,-0.000929885880504952,0,0,0,0,0
1.085,0.523598775598299,0.526049996699692,0.526049996699692,-0.0133066677447348,0.00011532838087075,-0.00245122110139295,0,-0.000924948180816664,-0.000924948180816664,0,0,0,0,0
1.086,0.523598775598299,0.526036725206039,0.526036725206039,-0.0132363809346095,0.000114741672523937,-0.0024379496077398,0,-0.000920035898385665,-0.000920035898385665,0,0,0,0,0
1.087,0.523598775598299,0.526023523819375,0.526023523819375,-0.0131664534670245,0.000114157797583758,-0.00242474822107608,0,-0.000915148898498482,-0.000915148898498482,0,0,0,0,0
1.088,0.523598775598299,0.526010392181234,0.526010392181234,-0.0130968835903667,0.00011357675258752,-0.00241161658293509,0,-0.000910287047436962,-0.000910287047436962,0,0,0,0,0
1.089,0.523598775598299,0.525997329934899,0.525997329934899,-0.0130276695562348,0.000112998533399269,-0.00239855433660052,0,-0.000905450212475668,-0.000905450212475668,0,0,0,0,0
1.09,0.523598775598299,0.525984336725401,0.525984336725401,-0.0129588096197886,0.000112423135237533,-0.00238556112710264,0,-0.000900638261875619,-0.000900638261875619,0,0,0,0,0
1.091,0.523598775598299,0.525971412199513,0.525971412199513,-0.0128903020400834,0.000111850552703151,-0.00237263660121456,0,-0.000895851064878353,-0.000895851064878353,0,0,0,0,0
1.092,0.523598775598299,0.525958556005747,0.525958556005747,-0.0128221450803893,0.000111280779806664,-0.00235978040744822,0,-0.000891088491699658,-0.000891088491699658,0,0,0,0,0
1.093,0.523598775598299,0.525945767794349,0.525945767794349,-0.0127543370084957,0.000110713809995174,-0.00234699219605028,0,-0.0008863504135233,-0.0008863504135233,0,0,0,0,0
1.094,0.523598775598299,0.525933047217296,0.525933047217296,-0.0126868760970014,0.000110149636178495,-0.00233427161899702,0,-0.000881636702492338,-0.000881636702492338,0,0,0,0,0
1.095,0.523598775598299,0.525920393928288,0.525920393928288,-0.0126197606235914,0.000109588250755281,-0.00232161832998956,0,-0.000876947231701629,-0.000876947231701629,0,0,0,0,0
1.096,0.523598775598299,0.525907807582748,0.525907807582748,-0.0125529888712982,0.000109029645638399,-0.00230903198444876,0,-0.000872281875189728,-0.000872281875189728,0,0,0,0,0
1.097,0.523598775598299,0.525895287837809,0.525895287837809,-0.0124865591287511,0.000108473812279676,-0.00229651223950977,0,-0.000867640507930163,-0.000867640507930163,0,0,0,0,0
1.098,0.523598775598299,0.525882834352315,0.525882834352315,-0.0124204696904115,0.000107920741694128,-0.00228405875401616,0,-0.000863023005821801,-0.000863023005821801,0,0,0,0,0
1.099,0.523598775598299,0.525870446786813,0.525870446786813,-0.0123547188567952,0.000107370424483816,-0.0022716711885139,0,-0.000858429245679201,-0.000858429245679201,0,0,0,0,0
1.1,0.523598775598299,0.525858124803544,0.525858124803544,-0.0122893049346823,0.000106822850861143,-0.0022593492052454,0,-0.000853859105223249,-0.000853859105223249,0,0,0,0,0
1.101,0.523598775598299,0.525845868066442,0.525845868066442,-0.0122242262373143,0.000106278010671418,-0.00224709246814314,0,-0.000849312463071157,-0.000849312463071157,0,0,0,0,0
1.102,0.523598775598299,0.525833676241122,0.525833676241122,-0.0121594810845798,0.000105735893414834,-0.00223490064282317,0,-0.000844789198726152,-0.000844789198726152,0,0,0,0,0
1.103,0.523598775598299,0.525821548994877,0.525821548994877,-0.012095067803188,0.000105196488267896,-0.00222277339657795,0,-0.000840289192565929,-0.000840289192565929,0,0,0,0,0
1.104,0.523598775598299,0.525809485996669,0.525809485996669,-0.0120309847268306,0.000104659784104608,-0.00221071039836984,0,-0.000835812325832867,-0.000835812325832867,0,0,0,0,0
1.105,0.523598775598299,0.525797486917123,0.525797486917123,-0.0119672301963333,0.000104125769516654,-0.0021987113188241,0,-0.000831358480623322,-0.000831358480623322,0,0,0,0,0
1.106,0.523598775598299,0.52578555142852,0.52578555142852,-0.0119038025597959,0.000103594432832979,-0.00218677583022131,0,-0.000826927539875653,-0.000826927539875653,0,0,0,0,0
1.107,0.523598775598299,0.525773679204789,0.525773679204789,-0.0118407001727219,0.000103065762139131,-0.00217490360649053,0,-0.000822519387360321,-0.000822519387360321,0,0,0,0,0
1.108,0.523598775598299,0.5257618699215,0.5257618699215,-0.0117779213981387,0.000102539745295537,-0.0021630943232015,0,-0.000818133907667819,-0.000818133907667819,0,0,0,0,0
1.109,0.523598775598299,0.525750123255856,0.525750123255856,-0.0117154646067073,0.000102016369955556,-0.00215134765755687,0,-0.000813770986196866,-0.000813770986196866,0,0,0,0,0
1.11,0.523598775598299,0.525738438886684,0.525738438886684,-0.0116533281768228,0.000101495623583058,-0.002139663288385,0,-0.000809430509144314,-0.000809430509144314,0,0,0,0,0
1.111,0.523598775598299,0.525726816494431,0.525726816494431,-0.0115915104947054,0.000100977493468937,-0.00212804089613194,0,-0.000805112363493204,-0.000805112363493204,0,0,0,0,0
1.112,0.523598775598299,0.525715255761152,0.525715255761152,-0.0115300099544833,0.000100461966747323,-0.0021164801628536,0,-0.00080081643700133,-0.00080081643700133,0,0,0,0,0
1.113,0.523598775598299,0.525703756370506,0.525703756370506,-0.0114688249582663,9.99490304112185e-05,-0.00210498077220755,0,-0.000796542618189435,-0.000796542618189435,0,0,0,0,0
1.114,0.523598775598299,0.525692318007744,0.525692318007744,-0.0114079539162114,9.94386713276945e-05,-0.00209354240944559,0,-0.00079229079633112,-0.00079229079633112,0,0,0,0,0
1.115,0.523598775598299,0.525680940359704,0.525680940359704,-0.0113473952465807,9.8930876252055e-05,-0.00208216476140488,0,-0.000788060861439645,-0.000788060861439645,0,0,0,0,0
1.116,0.523598775598299,0.5256696231148,0.5256696231148,-0.0112871473757917,9.84256318421593e-05,-0.00207084751650077,0,-0.000783852704259153,-0.000783852704259153,0,0,0,0,0
1.117,0.523598775598299,0.525658365963016,0.525658365963016,-0.0112272087384599,9.7922924671246e-05,-0.00205959036471759,0,-0.000779666216250666,-0.000779666216250666,0,0,0,0,0
1.118,0.523598775598299,0.5256471685959,0.5256471685959,-0.0111675777774348,9.74227412413112e-05,-0.00204839299760129,0,-0.00077550128958338,-0.00077550128958338,0,0,0,0,0
1.119,0.523598775598299,0.52563603070655,0.52563603070655,-0.0111082529438289,9.69250679949676e-05,-0.0020372551082507,0,-0.000771357817122243,-0.000771357817122243,0,0,0,0,0
1.12,0.523598775598299,0.525624951989608,0.525624951989608,-0.0110492326970407,9.64298913273846e-05,-0.00202617639130931,0,-0.0007672356924172,-0.0007672356924172,0,0,0,0,0
1.121,0.523598775598299,0.525613932141256,0.525613932141256,-0.0109905155047709,9.59371975975821e-05,-0.00201515654295714,0,-0.000763134809692918,-0.000763134809692918,0,0,0,0,0
1.122,0.523598775598299,0.525602970859201,0.525602970859201,-0.0109320998430334,9.54469731390256e-05,-0.00200419526090245,0,-0.000759055063838056,-0.000759055063838056,0,0,0,0,0
1.123,0.523598775598299,0.525592067842672,0.525592067842672,-0.0108739841961604,9.49592042697856e-05,-0.00199329224437328,0,-0.000754996350394402,-0.000754996350394402,0,0,0,0,0
1.124,0.523598775598299,0.525581222792408,0.525581222792408,-0.0108161670568021,9.44738773023321e-05,-0.00198244719410912,0,-0.000750958565546456,-0.000750958565546456,0,0,0,0,0
1.125,0.523598775598299,0.525570435410652,0.525570435410652,-0.0107586469259217,9.39909785528311e-05,-0.0019716598123527,0,-0.000746941606111454,-0.000746941606111454,0,0,0,0,0
1.126,0.523598775598299,0.52555970540114,0.52555970540114,-0.010701422312785,9.35104943498665e-05,-0.00196092980284157,0,-0.000742945369528934,-0.000742945369528934,0,0,0,0,0
1.127,0.523598775598299,0.525549032469099,0.525549032469099,-0.0106444917349462,9.30324110428337e-05,-0.00195025687079986,0,-0.000738969753851028,-0.000738969753851028,0,0,0,0,0
1.128,0.523598775598299,0.525538416321229,0.525538416321229,-0.0105878537182289,9.25567150097876e-05,-0.00193964072293018,0,-0.000735014657733168,-0.000735014657733168,0,0,0,0,0
1.129,0.523598775598299,0.525527856665704,0.525527856665704,-0.0105315067967029,9.20833926647135e-05,-0.00192908106740497,0,-0.000731079980423426,-0.000731079980423426,0,0,0,0,0
1.13,0.523598775598299,0.525517353212158,0.525517353212158,-0.0104754495126578,9.16124304647791e-05,-0.00191857761385872,0,-0.000727165621754347,-0.000727165621754347,0,0,0,0,0
1.131,0.523598775598299,0.525506905671678,0.525506905671678,-0.0104196804165723,9.11438149166841e-05,-0.00190813007337931,0,-0.000723271482132508,-0.000723271482132508,0,0,0,0,0
1.132,0.523598775598299,0.525496513756799,0.525496513756799,-0.0103641980670809,9.0677532583089e-05,-0.00189773815850014,0,-0.000719397462530256,-0.000719397462530256,0,0,0,0,0
1.133,0.523598775598299,0.525486177181491,0.525486177181491,-0.0103090010309363,9.02135700883136e-05,-0.00188740158319201,0,-0.000715543464476951,-0.000715543464476951,0,0,0,0,0
1.134,0.523598775598299,0.525475895661153,0.525475895661153,-0.01025408788297,8.97519141236673e-05,-0.00187712006285468,0,-0.000711709390049388,-0.000711709390049388,0,0,0,0,0
1.135,0.523598775598299,0.525465668912608,0.525465668912608,-0.0101994572060495,8.92925514527355e-05,-0.00186689331430934,0,-0.000707895141864716,-0.000707895141864716,0,0,0,0,0
1.136,0.523598775598299,0.525455496654089,0.525455496654089,-0.0101451075910331,8.88354689157825e-05,-0.00185672105579016,0,-0.000704100623071004,-0.000704100623071004,0,0,0,0,0
1.137,0.523598775598299,0.525445378605235,0.525445378605235,-0.0100910376367222,8.83806534342893e-05,-0.00184660300693662,0,-0.000700325737340008,-0.000700325737340008,0,0,0,0,0
1.138,0.523598775598299,0.525435314487084,0.525435314487084,-0.0100372459498115,8.792809201482e-05,-0.00183653888878521,0,-0.000696570388858181,-0.000696570388858181,0,0,0,0,0
1.139,0.523598775598299,0.525425304022061,0.525425304022061,-0.0099837311448374,8.74777717529767e-05,-0.00182652842376207,0,-0.000692834482320461,-0.000692834482320461,0,0,0,0,0
1.14,0.523598775598299,0.525415346933973,0.525415346933973,-0.00993049184412423,8.70296798364775e-05,-0.00181657133567459,0,-0.000689117922921093,-0.000689117922921093,0,0,0,0,0
1.141,0.523598775598299,0.525405442948003,0.525405442948003,-0.00987752667772878,8.65838035485894e-05,-0.00180666734970414,0,-0.000685420616347825,-0.000685420616347825,0,0,0,0,0
1.142,0.523598775598299,0.525395591790697,0.525395591790697,-0.00982483428338346,8.61401302706671e-05,-0.00179681619239824,0,-0.000681742468774321,-0.000681742468774321,0,0,0,0,0
1.143,0.523598775598299,0.525385793189962,0.525385793189962,-0.00977241330643812,8.56986474846696e-05,-0.00178701759166278,0,-0.000678083386852934,-0.000678083386852934,0,0,0,0,0
1.144,0.523598775598299,0.525376046875053,0.525376046875053,-0.00972026239980053,8.52593427755177e-05,-0.00177727127675464,0,-0.000674443277708699,-0.000674443277708699,0,0,0,0,0
1.145,0.523598775598299,0.525366352576573,0.525366352576573,-0.00966838022387584,8.48222038329315e-05,-0.0017675769782739,0,-0.000670822048931874,-0.000670822048931874,0,0,0,0,0
1.146,0.523598775598299,0.525356710026455,0.525356710026455,-0.00961676544650508,8.43872184533889e-05,-0.00175793442815653,0,-0.00066721960857229,-0.00066721960857229,0,0,0,0,0
1.147,0.523598775598299,0.525347118957966,0.525347118957966,-0.00956541674290275,8.39543745415524e-05,-0.001748343359667,0,-0.000663635865133134,-0.000663635865133134,0,0,0,0,0
1.148,0.523598775598299,0.52533757910569,0.52533757910569,-0.0095143327955938,8.35236601115354e-05,-0.00173880350739097,0,-0.000660070727565043,-0.000660070727565043,0,0,0,0,0
1.149,0.523598775598299,0.525328090205526,0.525328090205526,-0.00946351229435001,8.30950632879507e-05,-0.00172931460722758,0,-0.000656524105259312,-0.000656524105259312,0,0,0,0,0
1.15,0.523598775598299,0.525318651994682,0.525318651994682,-0.00941295393612581,8.26685723070922e-05,-0.00171987639638327,0,-0.000652995908045018,-0.000652995908045018,0,0,0,0,0
1.151,0.523598775598299,0.525309264211662,0.525309264211662,-0.00936265642499384,8.22441755169444e-05,-0.00171048861336343,0,-0.00064948604618043,-0.00064948604618043,0,0,0,0,0
1.152,0.523598775598299,0.525299926596265,0.525299926596265,-0.00931261847208028,8.1821861378277e-05,-0.00170115099796608,0,-0.000645994430349853,-0.000645994430349853,0,0,0,0,0
1.153,0.523598775598299,0.525290638889573,0.525290638889573,-0.0092628387954999,8.14016184646775e-05,-0.00169186329127435,0,-0.000642520971657136,-0.000642520971657136,0,0,0,0,0
1.154,0.523598775598299,0.525281400833949,0.525281400833949,-0.00921331612029105,8.09834354629802e-05,-0.00168262523565021,0,-0.000639065581622808,-0.000639065581622808,0,0,0,0,0
1.155,0.523598775598299,0.525272212173026,0.525272212173026,-0.00916404917835068,8.05673011727921e-05,-0.00167343657472674,0,-0.00063562817217697,-0.00063562817217697,0,0,0,0,0
1.156,0.523598775598299,0.525263072651701,0.525263072651701,-0.00911503670836951,8.01532045068055e-05,-0.00166429705340199,0,-0.000632208655656708,-0.000632208655656708,0,0,0,0,0
1.157,0.523598775598299,0.525253982016131,0.525253982016131,-0.00906627745576725,7.97411344901683e-05,-0.0016552064178319,0,-0.000628806944800771,-0.000628806944800771,0,0,0,0,0
1.158,0.523598775598299,0.525244940013722,0.525244940013722,-0.00901777017262821,7.93310802601427e-05,-0.00164616441542353,0,-0.000625422952745138,-0.000625422952745138,0,0,0,0,0
1.159,0.523598775598299,0.525235946393127,0.525235946393127,-0.00896951361763708,7.89230310656684e-05,-0.00163717079482861,0,-0.000622056593019467,-0.000622056593019467,0,0,0,0,0
1.16,0.523598775598299,0.525227000904236,0.525227000904236,-0.00892150655601515,7.85169762665943e-05,-0.00162822530593687,0,-0.000618707779542917,-0.000618707779542917,0,0,0,0,0
1.161,0.523598775598299,0.525218103298169,0.525218103298169,-0.00887374775945695,7.81129053329146e-05,-0.00161932769986983,0,-0.000615376426621142,-0.000615376426621142,0,0,0,0,0
1.162,0.523598775598299,0.525209253327273,0.525209253327273,-0.00882623600606742,7.77108078436484e-05,-0.00161047772897382,0,-0.000612062448941163,-0.000612062448941163,0,0,0,0,0
1.163,0.523598775598299,0.525200450745113,0.525200450745113,-0.00877897008029963,7.73106734861865e-05,-0.00160167514681397,0,-0.000608765761568903,-0.000608765761568903,0,0,0,0,0
1.164,0.523598775598299,0.525191695306467,0.525191695306467,-0.00873194877289303,7.69124920550936e-05,-0.00159291970816799,0,-0.000605486279946094,-0.000605486279946094,0,0,0,0,0
1.165,0.523598775598299,0.525182986767318,0.525182986767318,-0.0086851708808124,7.65162534507906e-05,-0.0015842111690193,0,-0.000602223919885348,-0.000602223919885348,0,0,0,0,0
1.166,0.523598775598299,0.52517432488485,0.52517432488485,-0.00863863520718743,7.61219476787622e-05,-0.00157554928655168,0,-0.000598978597569393,-0.000598978597569393,0,0,0,0,0
1.167,0.523598775598299,0.525165709417441,0.525165709417441,-0.00859234056125298,7.5729564847782e-05,-0.00156693381914252,0,-0.000595750229546363,-0.000595750229546363,0,0,0,0,0
1.168,0.523598775598299,0.525157140124656,0.525157140124656,-0.00854628575829022,7.53390951688062e-05,-0.00155836452635705,0,-0.000592538732727751,-0.000592538732727751,0,0,0,0,0
1.169,0.523598775598299,0.525148616767241,0.525148616767241,-0.00850046961956846,7.49505289534502e-05,-0.00154984116894219,0,-0.000589344024385423,-0.000589344024385423,0,0,0,0,0
1.17,0.523598775598299,0.525140139107119,0.525140139107119,-0.00845489097228781,7.45638566125305e-05,-0.0015413635088205,0,-0.000586166022148581,-0.000586166022148581,0,0,0,0,0
1.171,0.523598775598299,0.525131706907383,0.525131706907383,-0.00840954864952272,7.41790686546789e-05,-0.00153293130908461,0,-0.000583004644002188,-0.000583004644002188,0,0,0,0,0
1.172,0.523598775598299,0.52512331993229,0.52512331993229,-0.00836444149016626,7.37961556845628e-05,-0.00152454433399107,0,-0.000579859808283839,-0.000579859808283839,0,0,0,0,0
1.173,0.523598775598299,0.525114977947253,0.525114977947253,-0.00831956833887547,7.34151084013763e-05,-0.00151620234895455,0,-0.00057673143368118,-0.00057673143368118,0,0,0,0,0
1.174,0.523598775598299,0.525106680718841,0.525106680718841,-0.00827492804601743,7.30359175973459e-05,-0.00150790512054222,0,-0.0005736194392302,-0.0005736194392302,0,0,0,0,0
1.175,0.523598775598299,0.525098428014767,0.525098428014767,-0.00823051946761631,7.26585741559931e-05,-0.00149965241646821,0,-0.000570523744313438,-0.000570523744313438,0,0,0,0,0
1.176,0.523598775598299,0.525090219603887,0.525090219603887,-0.00818634146530137,7.22830690502949e-05,-0.00149144400558776,0,-0.000567444268657262,-0.000567444268657262,0,0,0,0,0
1.177,0.523598775598299,0.52508205525619,0.52508205525619,-0.00814239290625589,7.1909393341102e-05,-0.00148327965789163,0,-0.000564380932329983,-0.000564380932329983,0,0,0,0,0
1.178,0.523598775598299,0.525073934742799,0.525073934742799,-0.00809867266316708,7.15375381754738e-05,-0.00147515914450058,0,-0.000561333655739924,-0.000561333655739924,0,0,0,0,0
1.179,0.523598775598299,0.525065857835959,0.525065857835959,-0.0080551796141768,7.11674947850009e-05,-0.00146708223766023,0,-0.00055830235963463,-0.00055830235963463,0,0,0,0,0
1.18,0.523598775598299,0.525057824309034,0.525057824309034,-0.00801191264283341,7.07992544837799e-05,-0.00145904871073499,0,-0.000555286965097315,-0.000555286965097315,0,0,0,0,0
1.181,0.523598775598299,0.525049833936502,0.525049833936502,-0.00796887063804451,7.04328086670784e-05,-0.00145105833820336,0,-0.000552287393547163,-0.000552287393547163,0,0,0,0,0
1.182,0.523598775598299,0.525041886493951,0.525041886493951,-0.00792605249403057,7.00681488092235e-05,-0.00144311089565208,0,-0.000549303566736265,-0.000549303566736265,0,0,0,0,0
1.183,0.523598775598299,0.52503398175807,0.52503398175807,-0.00788345711027969,6.97052664621059e-05,-0.00143520615977089,0,-0.000546335406748305,-0.000546335406748305,0,0,0,0,0
1.184,0.523598775598299,0.525026119506647,0.525026119506647,-0.00784108339150307,6.93441532535322e-05,-0.00142734390834787,0,-0.00054338283599868,-0.00054338283599868,0,0,0,0,0
1.185,0.523598775598299,0.525018299518562,0.525018299518562,-0.00779893024759166,6.89848008850508e-05,-0.00141952392026345,0,-0.000540445777230957,-0.000540445777230957,0,0,0,0,0
1.186,0.523598775598299,0.525010521573785,0.525010521573785,-0.00775699659357371,6.86272011306425e-05,-0.00141174597548577,0,-0.000537524153516888,-0.000537524153516888,0,0,0,0,0
1.187,0.523598775598299,0.525002785453364,0.525002785453364,-0.00771528134957318,6.82713458348405e-05,-0.00140400985506517,0,-0.000534617888254245,-0.000534617888254245,0,0,0,0,0
1.188,0.523598775598299,0.524995090939428,0.524995090939428,-0.00767378344076917,6.79172269112089e-05,-0.00139631534112949,0,-0.000531726905166419,-0.000531726905166419,0,0,0,0,0
1.189,0.523598775598299,0.524987437815178,0.524987437815178,-0.00763250179735613,6.75648363405113e-05,-0.00138866221687906,0,-0.000528851128301324,-0.000528851128301324,0,0,0,0,0
1.19,0.523598775598299,0.52497982586488,0.52497982586488,-0.00759143535450523,6.72141661689274e-05,-0.00138105026658097,0,-0.00052599048202848,-0.00052599048202848,0,0,0,0,0
1.191,0.523598775598299,0.524972254873864,0.524972254873864,-0.0075505830523264,6.68652085069071e-05,-0.00137347927556541,0,-0.000523144891041103,-0.000523144891041103,0,0,0,0,0
1.192,0.523598775598299,0.524964724628518,0.524964724628518,-0.00750994383583138,6.65179555268432e-05,-0.00136594903021936,0,-0.000520314280351548,-0.000520314280351548,0,0,0,0,0
1.193,0.523598775598299,0.524957234916281,0.524957234916281,-0.0074695166548977,6.61723994621545e-05,-0.00135845931798262,0,-0.000517498575292701,-0.000517498575292701,0,0,0,0,0
1.194,0.523598775598299,0.524949785525642,0.524949785525642,-0.00742930046423332,6.58285326053705e-05,-0.00135100992734272,0,-0.000514697701516284,-0.000514697701516284,0,0,0,0,0
1.195,0.523598775598299,0.524942376246129,0.524942376246129,-0.00738929422334235,6.54863473065985e-05,-0.00134360064783012,0,-0.000511911584992026,-0.000511911584992026,0,0,0,0,0
1.196,0.523598775598299,0.524935006868312,0.524935006868312,-0.00734949689649154,6.5145835971981e-05,-0.00133623127001337,0,-0.000509140152006447,-0.000509140152006447,0,0,0,0,0
1.197,0.523598775598299,0.524927677183793,0.524927677183793,-0.00730990745267757,6.48069910622836e-05,-0.00132890158549415,0,-0.000506383329161606,-0.000506383329161606,0,0,0,0,0
1.198,0.523598775598299,0.524920386985202,0.524920386985202,-0.00727052486559513,6.44698050916012e-05,-0.00132161138690301,0,-0.000503641043375276,-0.000503641043375276,0,0,0,0,0
1.199,0.523598775598299,0.524913136066193,0.524913136066193,-0.00723134811360575,6.41342706256988e-05,-0.00131436046789457,0,-0.000500913221879859,-0.000500913221879859,0,0,0,0,0
1.2,0.523598775598299,0.524905924221441,0.524905924221441,-0.00719237617970756,6.38003802805524e-05,-0.00130714862314252,0,-0.000498199792220631,-0.000498199792220631,0,0,0,0,0
1.201,0.523598775598299,0.524898751246634,0.524898751246634,-0.0071536080515057,6.34681267212413e-05,-0.00129997564833539,0,-0.000495500682256052,-0.000495500682256052,0,0,0,0,0
1.202,0.523598775598299,0.524891616938471,0.524891616938471,-0.00711504272118345,6.31375026604253e-05,-0.00129284134017182,0,-0.000492815820156485,-0.000492815820156485,0,0,0,0,0
1.203,0.523598775598299,0.524884521094655,0.524884521094655,-0.00707667918547413,6.28085008570827e-05,-0.00128574549635596,0,-0.00049014513440348,-0.00049014513440348,0,0,0,0,0
1.204,0.523598775598299,0.524877463513892,0.524877463513892,-0.00703851644563372,6.2481114115256e-05,-0.00127868791559294,0,-0.000487488553788983,-0.000487488553788983,0,0,0,0,0
1.205,0.523598775598299,0.524870443995883,0.524870443995883,-0.00700055350741413,6.21553352828375e-05,-0.00127166839758419,0,-0.000484846007414199,-0.000484846007414199,0,0,0,0,0
1.206,0.523598775598299,0.524863462341323,0.524863462341323,-0.00696278938103706,6.18311572505101e-05,-0.00126468674302371,0,-0.000482217424690777,-0.000482217424690777,0,0,0,0,0
1.207,0.523598775598299,0.524856518351891,0.524856518351891,-0.00692522308116868,6.15085729500602e-05,-0.00125774275359258,0,-0.000479602735337451,-0.000479602735337451,0,0,0,0,0
1.208,0.523598775598299,0.524849611830254,0.524849611830254,-0.00688785362689492,6.11875753537673e-05,-0.00125083623195488,0,-0.000477001869380223,-0.000477001869380223,0,0,0,0,0
1.209,0.523598775598299,0.524842742580053,0.524842742580053,-0.00685068004169714,6.08681574733454e-05,-0.001243966981754,0,-0.000474414757153681,-0.000474414757153681,0,0,0,0,0
1.21,0.523598775598299,0.524835910405906,0.524835910405906,-0.00681370135342871,6.05503123582619e-05,-0.00123713480760723,0,-0.000471841329297453,-0.000471841329297453,0,0,0,0,0
1.211,0.523598775598299,0.524829115113401,0.524829115113401,-0.00677691659429198,6.02340330952361e-05,-0.00123033951510176,0,-0.000469281516756524,-0.000469281516756524,0,0,0,0,0
1.212,0.523598775598299,0.524822356509089,0.524822356509089,-0.00674032480081588,5.99193128072504e-05,-0.00122358091079067,0,-0.000466735250781482,-0.000466735250781482,0,0,0,0,0
1.213,0.523598775598299,0.524815634400487,0.524815634400487,-0.00670392501383396,5.9606144652297e-05,-0.00121685880218825,0,-0.000464202462926902,-0.000464202462926902,0,0,0,0,0
1.214,0.523598775598299,0.524808948596065,0.524808948596065,-0.00666771627846306,5.92945218225663e-05,-0.00121017299776571,0,-0.000461683085050593,-0.000461683085050593,0,0,0,0,0
1.215,0.523598775598299,0.524802298905246,0.524802298905246,-0.00663169764408247,5.89844375436502e-05,-0.00120352330694717,0,-0.000459177049313668,-0.000459177049313668,0,0,0,0,0
1.216,0.523598775598299,0.524795685138404,0.524795685138404,-0.00659586816431352,5.86758850735007e-05,-0.00119690954010521,0,-0.000456684288179372,-0.000456684288179372,0,0,0,0,0
1.217,0.523598775598299,0.524789107106855,0.524789107106855,-0.00656022689699969,5.83688577016475e-05,-0.00119033150855663,0,-0.000454204734412449,-0.000454204734412449,0,0,0,0,0
1.218,0.523598775598299,0.524782564622857,0.524782564622857,-0.00652477290418718,5.80633487484163e-05,-0.0011837890245584,0,-0.000451738321078757,-0.000451738321078757,0,0,0,0,0
1.219,0.523598775598299,0.524776057499602,0.524776057499602,-0.00648950525210588,5.77593515640778e-05,-0.00117728190130317,0,-0.000449284981543929,-0.000449284981543929,0,0,0,0,0
1.22,0.523598775598299,0.524769585551214,0.524769585551214,-0.00645442301115078,5.74568595282709e-05,-0.0011708099529153,0,-0.000446844649473185,-0.000446844649473185,0,0,0,0,0
1.221,0.523598775598299,0.524763148592746,0.524763148592746,-0.00641952525586375,5.71558660492363e-05,-0.00116437299444694,0,-0.000444417258831378,-0.000444417258831378,0,0,0,0,0
1.222,0.523598775598299,0.524756746440172,0.524756746440172,-0.00638481106491571,5.68563645628702e-05,-0.00115797084187341,0,-0.000442002743880896,-0.000442002743880896,0,0,0,0,0
1.223,0.523598775598299,0.524750378910388,0.524750378910388,-0.00635027952108927,5.65583485323598e-05,-0.00115160331208908,0,-0.000439601039181015,-0.000439601039181015,0,0,0,0,0
1.224,0.523598775598299,0.524744045821203,0.524744045821203,-0.00631592971126153,5.62618114477234e-05,-0.001145270222904,0,-0.000437212079589298,-0.000437212079589298,0,0,0,0,0
1.225,0.523598775598299,0.524737746991338,0.524737746991338,-0.00628176072638736,5.59667468246508e-05,-0.00113897139303898,0,-0.00043483580025843,-0.00043483580025843,0,0,0,0,0
1.226,0.523598775598299,0.524731482240421,0.524731482240421,-0.00624777166148299,5.56731482043708e-05,-0.00113270664212184,0,-0.000432472136636622,-0.000432472136636622,0,0,0,0,0
1.227,0.523598775598299,0.524725251388982,0.524725251388982,-0.00621396161560988,5.53810091530286e-05,-0.00112647579068348,0,-0.000430121024467051,-0.000430121024467051,0,0,0,0,0
1.228,0.523598775598299,0.524719054258453,0.524719054258453,-0.00618032969185886,5.509032326107e-05,-0.00112027866015374,0,-0.000427782399786954,-0.000427782399786954,0,0,0,0,0
1.229,0.523598775598299,0.524712890671156,0.524712890671156,-0.00614687499733463,5.48010841427518e-05,-0.00111411507285708,0,-0.000425456198926076,-0.000425456198926076,0,0,0,0,0
1.23,0.523598775598299,0.524706760450308,0.524706760450308,-0.00611359664314041,5.45132854359406e-05,-0.00110798485200925,0,-0.000423142358507763,-0.000423142358507763,0,0,0,0,0
1.231,0.523598775598299,0.524700663420012,0.524700663420012,-0.00608049374436293,5.42269208012542e-05,-0.00110188782171272,0,-0.000420840815446702,-0.000420840815446702,0,0,0,0,0
1.232,0.523598775598299,0.524694599405252,0.524694599405252,-0.00604756542005767,5.39419839218698e-05,-0.00109582380695272,0,-0.000418551506948132,-0.000418551506948132,0,0,0,0,0
1.233,0.523598775598299,0.524688568231893,0.524688568231893,-0.00601481079323423,5.3658468503285e-05,-0.00108979263359388,0,-0.000416274370508788,-0.000416274370508788,0,0,0,0,0
1.234,0.523598775598299,0.524682569726674,0.524682569726674,-0.00598222899084202,5.3376368272501e-05,-0.00108379412837523,0,-0.000414009343913297,-0.000414009343913297,0,0,0,0,0
1.235,0.523598775598299,0.524676603717206,0.524676603717206,-0.00594981914375607,5.30956769782995e-05,-0.00107782811890744,0,-0.000411756365236553,-0.000411756365236553,0,0,0,0,0
1.236,0.523598775598299,0.524670670031967,0.524670670031967,-0.00591758038676304,5.28163883903038e-05,-0.00107189443366829,0,-0.000409515372841205,-0.000409515372841205,0,0,0,0,0
1.237,0.523598775598299,0.524664768500297,0.524664768500297,-0.00588551185854754,5.25384962988421e-05,-0.00106599290199838,0,-0.000407286305376031,-0.000407286305376031,0,0,0,0,0
1.238,0.523598775598299,0.524658898952397,0.524658898952397,-0.00585361270167843,5.22619945150338e-05,-0.00106012335409811,0,-0.00040506910177726,-0.00040506910177726,0,0,0,0,0
1.239,0.523598775598299,0.524653061219322,0.524653061219322,-0.00582188206259533,5.19868768700757e-05,-0.00105428562102328,0,-0.000402863701266536,-0.000402863701266536,0,0,0,0,0
1.24,0.523598775598299,0.52464725513298,0.52464725513298,-0.00579031909159538,5.17131372151097e-05,-0.00104847953468123,0,-0.000400670043350046,-0.000400670043350046,0,0,0,0,0
1.241,0.523598775598299,0.524641480526126,0.524641480526126,-0.00575892294282006,5.14407694210796e-05,-0.0010427049278271,0,-0.000398488067817911,-0.000398488067817911,0,0,0,0,0
1.242,0.523598775598299,0.524635737232359,0.524635737232359,-0.00572769277424206,5.11697673785051e-05,-0.00103696163406009,0,-0.000396317714743814,-0.000396317714743814,0,0,0,0,0
1.243,0.523598775598299,0.524630025086118,0.524630025086118,-0.00569662774765244,5.09001249971275e-05,-0.00103124948781941,0,-0.000394158924483403,-0.000394158924483403,0,0,0,0,0
1.244,0.523598775598299,0.524624343922679,0.524624343922679,-0.00566572702864781,5.06318362058737e-05,-0.00102556832438061,0,-0.000392011637673834,-0.000392011637673834,0,0,0,0,0
1.245,0.523598775598299,0.52461869357815,0.52461869357815,-0.00563498978661759,5.03648949526524e-05,-0.00101991797985168,0,-0.00038987579523269,-0.00038987579523269,0,0,0,0,0
1.246,0.523598775598299,0.524613073889468,0.524613073889468,-0.00560441519473137,5.00992952042519e-05,-0.00101429829116939,0,-0.000387751338357441,-0.000387751338357441,0,0,0,0,0
1.247,0.523598775598299,0.524607484694394,0.524607484694394,-0.0055740024299264,4.98350309461265e-05,-0.00100870909609552,0,-0.000385638208524566,-0.000385638208524566,0,0,0,0,0
1.248,0.523598775598299,0.524601925831512,0.524601925831512,-0.00554375067289514,4.95720961822268e-05,-0.00100315023321296,0,-0.000383536347488336,-0.000383536347488336,0,0,0,0,0
1.249,0.523598775598299,0.524596397140221,0.524596397140221,-0.00551365910807287,4.93104849349662e-05,-0.000997621541921956,0,-0.000381445697279856,-0.000381445697279856,0,0,0,0,0
1.25,0.523598775598299,0.524590898460735,0.524590898460735,-0.00548372692362538,4.90501912451905e-05,-0.000992122862436551,0,-0.000379366200206663,-0.000379366200206663,0,0,0,0,0
1.251,0.523598775598299,0.52458542963408,0.52458542963408,-0.00545395331143667,4.8791209171974e-05,-0.000986654035780798,0,-0.000377297798851681,-0.000377297798851681,0,0,0,0,0
1.252,0.523598775598299,0.524579990502084,0.524579990502084,-0.00542433746709678,4.85335327925143e-05,-0.000981214903784888,0,-0.000375240436071839,-0.000375240436071839,0,0,0,0,0
1.253,0.523598775598299,0.524574580907381,0.524574580907381,-0.00539487858988962,4.8277156202197e-05,-0.000975805309081701,0,-0.000373194054997853,-0.000373194054997853,0,0,0,0,0
1.254,0.523598775598299,0.524569200693402,0.524569200693402,-0.00536557588278083,4.80220735143978e-05,-0.000970425095102923,0,-0.000371158599032753,-0.000371158599032753,0,0,0,0,0
1.255,0.523598775598299,0.524563849704374,0.524563849704374,-0.00533642855240575,4.77682788605178e-05,-0.000965074106075492,0,-0.000369134011851284,-0.000369134011851284,0,0,0,0,0
1.256,0.523598775598299,0.524558527785317,0.524558527785317,-0.00530743580905733,4.75157663898916e-05,-0.000959752187017715,0,-0.000367120237398366,-0.000367120237398366,0,0,0,0,0
1.257,0.523598775598299,0.524553234782035,0.524553234782035,-0.00527859686667411,4.7264530269912e-05,-0.000954459183735934,0,-0.000365117219889017,-0.000365117219889017,0,0,0,0,0
1.258,0.523598775598299,0.52454797054112,0.52454797054112,-0.00524991094282819,4.7014564685828e-05,-0.000949194942820863,0,-0.000363124903807316,-0.000363124903807316,0,0,0,0,0
1.259,0.523598775598299,0.524542734909942,0.524542734909942,-0.00522137725871329,4.67658638406412e-05,-0.000943959311643594,0,-0.000361143233904457,-0.000361143233904457,0,0,0,0,0
1.26,0.523598775598299,0.524537527736651,0.524537527736651,-0.00519299503913282,4.65184219553605e-05,-0.00093875213835215,0,-0.000359172155198249,-0.000359172155198249,0,0,0,0,0
1.261,0.523598775598299,0.524532348870167,0.524532348870167,-0.00516476351248778,4.62722332690103e-05,-0.000933573271868271,0,-0.000357211612973182,-0.000357211612973182,0,0,0,0,0
1.262,0.523598775598299,0.524527198160182,0.524527198160182,-0.00513668191076494,4.60272920383122e-05,-0.000928422561883302,0,-0.000355261552778049,-0.000355261552778049,0,0,0,0,0
1.263,0.523598775598299,0.524522075457154,0.524522075457154,-0.00510874946952481,4.57835925379399e-05,-0.000923299858854865,0,-0.000353321920425638,-0.000353321920425638,0,0,0,0,0
1.264,0.523598775598299,0.524516980612302,0.524516980612302,-0.00508096542788978,4.55411290604715e-05,-0.000918205014003193,0,-0.000351392661991478,-0.000351392661991478,0,0,0,0,0
1.265,0.523598775598299,0.524511913477607,0.524511913477607,-0.0050533290285321,4.52998959164541e-05,-0.000913137879307691,0,-0.000349473723813166,-0.000349473723813166,0,0,0,0,0
1.266,0.523598775598299,0.524506873905802,0.524506873905802,-0.00502583951766196,4.50598874343545e-05,-0.000908098307503269,0,-0.000347565052489031,-0.000347565052489031,0,0,0,0,0
1.267,0.523598775598299,0.524501861750375,0.524501861750375,-0.00499849614501552,4.48210979606489e-05,-0.000903086152076682,0,-0.000345666594876787,-0.000345666594876787,0,0,0,0,0
1.268,0.523598775598299,0.524496876865562,0.524496876865562,-0.00497129816384293,4.45835218600017e-05,-0.00089810126726364,0,-0.000343778298094233,-0.000343778298094233,0,0,0,0,0
1.269,0.523598775598299,0.524491919106343,0.524491919106343,-0.00494424483089632,4.43471535148501e-05,-0.000893143508044481,0,-0.000341900109516014,-0.000341900109516014,0,0,0,0,0
1.27,0.523598775598299,0.52448698832844,0.52448698832844,-0.00491733540641792,4.41119873258706e-05,-0.000888212730141169,0,-0.000340031976773966,-0.000340031976773966,0,0,0,0,0
1.271,0.523598775598299,0.524482084388312,0.524482084388312,-0.00489056915412796,4.38780177118554e-05,-0.000883308790013637,0,-0.000338173847755604,-0.000338173847755604,0,0,0,0,0
1.272,0.523598775598299,0.524477207143155,0.524477207143155,-0.00486394534121271,4.36452391098087e-05,-0.000878431544856451,0,-0.000336325670603487,-0.000336325670603487,0,0,0,0,0
1.273,0.523598775598299,0.524472356450894,0.524472356450894,-0.00483746323831241,4.34136459749033e-05,-0.000873580852595146,0,-0.000334487393713641,-0.000334487393713641,0,0,0,0,0
1.274,0.523598775598299,0.524467532170182,0.524467532170182,-0.00481112211950922,4.31832327806489e-05,-0.000868756571883011,0,-0.000332658965735154,-0.000332658965735154,0,0,0,0,0
1.275,0.523598775598299,0.524462734160396,0.524462734160396,-0.00478492126231518,4.29539940188181e-05,-0.000863958562097533,0,-0.000330840335568825,-0.000330840335568825,0,0,0,0,0
1.276,0.523598775598299,0.524457962281636,0.524457962281636,-0.00475885994766013,4.27259241995235e-05,-0.000859186683336843,0,-0.000329031452365785,-0.000329031452365785,0,0,0,0,0
1.277,0.523598775598299,0.524453216394715,0.524453216394715,-0.0047329374598796,4.24990178513946e-05,-0.0008544407964165,0,-0.000327232265526992,-0.000327232265526992,0,0,0,0,0
1.278,0.523598775598299,0.524448496361165,0.524448496361165,-0.00470715308670261,4.22732695215426e-05,-0.000849720762866157,0,-0.000325442724702372,-0.000325442724702372,0,0,0,0,0
1.279,0.523598775598299,0.524443802043225,0.524443802043225,-0.00468150611923965,4.20486737754988e-05,-0.000845026444926011,0,-0.000323662779789336,-0.000323662779789336,0,0,0,0,0
1.28,0.523598775598299,0.524439133303842,0.524439133303842,-0.00465599585197046,4.18252251973435e-05,-0.000840357705543138,0,-0.000321892380930969,-0.000321892380930969,0,0,0,0,0
1.281,0.523598775598299,0.524434490006668,0.524434490006668,-0.00463062158273182,4.16029183900487e-05,-0.000835714408368826,0,-0.000320131478516878,-0.000320131478516878,0,0,0,0,0
1.282,0.523598775598299,0.524429872016054,0.524429872016054,-0.00460538261270534,4.13817479751105e-05,-0.000831096417754917,0,-0.000318380023181302,-0.000318380023181302,0,0,0,0,0
1.283,0.523598775598299,0.524425279197049,0.524425279197049,-0.00458027824640529,4.11617085926131e-05,-0.000826503598750028,0,-0.000316637965800889,-0.000316637965800889,0,0,0,0,0
1.284,0.523598775598299,0.524420711415396,0.524420711415396,-0.00455530779166634,4.09427949016632e-05,-0.000821935817096775,0,-0.000314905257495157,-0.000314905257495157,0,0,0,0,0
1.285,0.523598775598299,0.524416168537527,0.524416168537527,-0.00453047055963125,4.07250015802008e-05,-0.000817392939228445,0,-0.000313181849625399,-0.000313181849625399,0,0,0,0,0
1.286,0.523598775598299,0.524411650430564,0.524411650430564,-0.00450576586473861,4.05083233249178e-05,-0.00081287483226522,0,-0.00031146769379236,-0.00031146769379236,0,0,0,0,0
1.287,0.523598775598299,0.52440715696231,0.52440715696231,-0.00448119302471055,4.02927548516325e-05,-0.000808381364011623,0,-0.000309762741837192,-0.000309762741837192,0,0,0,0,0
1.288,0.523598775598299,0.524402688001251,0.524402688001251,-0.00445675136054042,4.00782908949063e-05,-0.0008039124029523,0,-0.000308066945837863,-0.000308066945837863,0,0,0,0,0
1.289,0.523598775598299,0.524398243416549,0.524398243416549,-0.00443244019648044,3.98649262086343e-05,-0.000799467818249799,0,-0.000306380258110939,-0.000306380258110939,0,0,0,0,0
1.29,0.523598775598299,0.524393823078039,0.524393823078039,-0.00440825886002935,3.96526555655288e-05,-0.000795047479740463,0,-0.00030470263120823,-0.00030470263120823,0,0,0,0,0
1.291,0.523598775598299,0.52438942685623,0.52438942685623,-0.00438420668192008,3.94414737575532e-05,-0.00079065125793143,0,-0.000303034017916413,-0.000303034017916413,0,0,0,0,0
1.292,0.523598775598299,0.524385054622297,0.524385054622297,-0.00436028299610727,3.92313755959953e-05,-0.00078627902399786,0,-0.000301374371257211,-0.000301374371257211,0,0,0,0,0
1.293,0.523598775598299,0.524380706248078,0.524380706248078,-0.00433648713975493,3.90223559111386e-05,-0.00078193064977905,0,-0.000299723644484538,-0.000299723644484538,0,0,0,0,0
1.294,0.523598775598299,0.524376381606074,0.524376381606074,-0.00431281845322401,3.8814409552652e-05,-0.000777606007775655,0,-0.000298081791084625,-0.000298081791084625,0,0,0,0,0
1.295,0.523598775598299,0.524372080569445,0.524372080569445,-0.00428927628005998,3.86075313894759e-05,-0.000773304971146249,0,-0.000296448764774306,-0.000296448764774306,0,0,0,0,0
1.296,0.523598775598299,0.524367803012003,0.524367803012003,-0.00426585996698033,3.8401716309979e-05,-0.000769027413704437,0,-0.000294824519500767,-0.000294824519500767,0,0,0,0,0
1.297,0.523598775598299,0.524363548808214,0.524363548808214,-0.00424256886386218,3.81969592218179e-05,-0.000764773209915526,0,-0.000293209009440068,-0.000293209009440068,0,0,0,0,0
1.298,0.523598775598299,0.524359317833192,0.524359317833192,-0.00421940232372978,3.79932550520043e-05,-0.000760542234893191,0,-0.000291602188995636,-0.000291602188995636,0,0,0,0,0
1.299,0.523598775598299,0.524355109962696,0.524355109962696,-0.0041963597027421,3.77905987471096e-05,-0.000756334364396705,0,-0.00029000401279822,-0.00029000401279822,0,0,0,0,0
1.3,0.523598775598299,0.524350925073127,0.524350925073127,-0.00417344036018026,3.75889852730859e-05,-0.000752149474827712,0,-0.000288414435704619,-0.000288414435704619,0,0,0,0,0
1.301,0.523598775598299,0.524346763041525,0.524346763041525,-0.00415064365843517,3.73884096152458e-05,-0.000747987443226683,0,-0.000286833412795471,-0.000286833412795471,0,0,0,0,0
1.302,0.523598775598299,0.524342623745569,0.524342623745569,-0.00412796896299498,3.7188866778633e-05,-0.000743848147270354,0,-0.000285260899375725,-0.000285260899375725,0,0,0,0,0
1.303,0.523598775598299,0.524338507063567,0.524338507063567,-0.00410541564243257,3.69903517877842e-05,-0.000739731465268401,0,-0.000283696850972971,-0.000283696850972971,0,0,0,0,0
1.304,0.523598775598299,0.524334412874459,0.524334412874459,-0.00408298306839302,3.67928596867944e-05,-0.000735637276160328,0,-0.000282141223336337,-0.000282141223336337,0,0,0,0,0
1.305,0.523598775598299,0.524330341057811,0.524330341057811,-0.00406067061558116,3.65963855393904e-05,-0.000731565459512473,0,-0.000280593972435661,-0.000280593972435661,0,0,0,0,0
1.306,0.523598775598299,0.524326291493814,0.524326291493814,-0.00403847766174898,3.64009244289203e-05,-0.000727515895515118,0,-0.000279055054460927,-0.000279055054460927,0,0,0,0,0
1.307,0.523598775598299,0.524322264063278,0.524322264063278,-0.00401640358768322,3.62064714582083e-05,-0.000723488464979161,0,-0.00027752442582047,-0.00027752442582047,0,0,0,0,0
1.308,0.523598775598299,0.524318258647632,0.524318258647632,-0.00399444777719288,3.60130217497208e-05,-0.000719483049333114,0,-0.000276002043140055,-0.000276002043140055,0,0,0,0,0
1.309,0.523598775598299,0.524314275128919,0.524314275128919,-0.00397260961709667,3.58205704456409e-05,-0.000715499530620223,0,-0.000274487863262222,-0.000274487863262222,0,0,0,0,0
1.31,0.523598775598299,0.524310313389794,0.524310313389794,-0.00395088849721052,3.56291127078062e-05,-0.000711537791495576,0,-0.0002729818432456,-0.0002729818432456,0,0,0,0,0
1.311,0.523598775598299,0.524306373313521,0.524306373313521,-0.00392928381033513,3.54386437175702e-05,-0.000707597715222663,0,-0.00027148394036269,-0.00027148394036269,0,0,0,0,0
1.312,0.523598775598299,0.52430245478397,0.52430245478397,-0.00390779495224343,3.52491586761046e-05,-0.000703679185671047,0,-0.000269994112100617,-0.000269994112100617,0,0,0,0,0
1.313,0.523598775598299,0.524298557685611,0.524298557685611,-0.00388642132166818,3.50606528040288e-05,-0.000699782087312584,0,-0.000268512316157956,-0.000268512316157956,0,0,0,0,0
1.314,0.523598775598299,0.524294681903518,0.524294681903518,-0.00386516232028944,3.48731213418742e-05,-0.000695906305219318,0,-0.000267038510446022,-0.000267038510446022,0,0,0,0,0
1.315,0.523598775598299,0.524290827323359,0.524290827323359,-0.0038440173527221,3.46865595496414e-05,-0.000692051725059928,0,-0.000265572653086233,-0.000265572653086233,0,0,0,0,0
1.316,0.523598775598299,0.524286993831396,0.524286993831396,-0.00382298582650347,3.45009627070509e-05,-0.00068821823309706,0,-0.00026411470240984,-0.00026411470240984,0,0,0,0,0
1.317,0.523598775598299,0.524283181314483,0.524283181314483,-0.0038020671520808,3.43163261134652e-05,-0.000684405716184444,0,-0.000262664616957031,-0.000262664616957031,0,0,0,0,0
1.318,0.523598775598299,0.524279389660063,0.524279389660063,-0.00378126074279892,3.4132645087811e-05,-0.000680614061763896,0,-0.000261222355475697,-0.000261222355475697,0,0,0,0,0
1.319,0.523598775598299,0.524275618756161,0.524275618756161,-0.00376056601488778,3.39499149686072e-05,-0.000676843157862317,0,-0.000259787876920176,-0.000259787876920176,0,0,0,0,0
1.32,0.523598775598299,0.524271868491388,0.524271868491388,-0.00373998238745011,3.37681311140657e-05,-0.000673092893089033,0,-0.00025836114045087,-0.00025836114045087,0,0,0,0,0
1.321,0.523598775598299,0.524268138754932,0.524268138754932,-0.00371950928244897,3.35872889019616e-05,-0.000669363156632907,0,-0.000256942105433218,-0.000256942105433218,0,0,0,0,0
1.322,0.523598775598299,0.524264429436558,0.524264429436558,-0.00369914612469546,3.34073837295635e-05,-0.000665653838259339,0,-0.00025553073143635,-0.00025553073143635,0,0,0,0,0
1.323,0.523598775598299,0.524260740426606,0.524260740426606,-0.00367889234183635,3.32284110137051e-05,-0.000661964828307493,0,-0.000254126978232314,-0.000254126978232314,0,0,0,0,0
1.324,0.523598775598299,0.524257071615986,0.524257071615986,-0.00365874736434177,3.30503661907626e-05,-0.00065829601768741,0,-0.000252730805794961,-0.000252730805794961,0,0,0,0,0
1.325,0.523598775598299,0.524253422896176,0.524253422896176,-0.00363871062549288,3.28732447166796e-05,-0.000654647297877342,0,-0.000251342174299419,-0.000251342174299419,0,0,0,0,0
1.326,0.523598775598299,0.52424979415922,0.52424979415922,-0.0036187815613696,3.26970420668391e-05,-0.00065101856092098,0,-0.000249961044121214,-0.000249961044121214,0,0,0,0,0
1.327,0.523598775598299,0.524246185297723,0.524246185297723,-0.00359895961083836,3.25217537359504e-05,-0.000647409699424117,0,-0.000248587375833884,-0.000248587375833884,0,0,0,0,0
1.328,0.523598775598299,0.524242596204852,0.524242596204852,-0.00357924421553984,3.23473752384273e-05,-0.000643820606552881,0,-0.000247221130210752,-0.000247221130210752,0,0,0,0,0
1.329,0.523598775598299,0.524239026774329,0.524239026774329,-0.00355963481987678,3.21739021077465e-05,-0.000640251176029838,0,-0.000245862268220967,-0.000245862268220967,0,0,0,0,0
1.33,0.523598775598299,0.524235476900431,0.524235476900431,-0.00354013087100181,3.2001329897e-05,-0.000636701302132225,0,-0.000244510751031227,-0.000244510751031227,0,0,0,0,0
1.331,0.523598775598299,0.524231946477987,0.524231946477987,-0.00352073181880524,3.18296541783787e-05,-0.000633170879688394,0,-0.000243166540002663,-0.000243166540002663,0,0,0,0,0
1.332,0.523598775598299,0.524228435402374,0.524228435402374,-0.003501437115903,3.16588705435364e-05,-0.000629659804075478,0,-0.000241829596691003,-0.000241829596691003,0,0,0,0,0
1.333,0.523598775598299,0.524224943569516,0.524224943569516,-0.00348224621762442,3.14889746034515e-05,-0.000626167971217062,0,-0.000240499882846699,-0.000240499882846699,0,0,0,0,0
1.334,0.523598775598299,0.524221470875878,0.524221470875878,-0.00346315858200025,3.13199619879959e-05,-0.000622695277579521,0,-0.000239177360411423,-0.000239177360411423,0,0,0,0,0
1.335,0.523598775598299,0.524218017218469,0.524218017218469,-0.00344417366975061,3.11518283464755e-05,-0.000619241620170019,0,-0.000237861991519052,-0.000237861991519052,0,0,0,0,0
1.336,0.523598775598299,0.524214582494833,0.524214582494833,-0.00342529094427289,3.09845693473439e-05,-0.000615806896533844,0,-0.000236553738494804,-0.000236553738494804,0,0,0,0,0
1.337,0.523598775598299,0.52421116660305,0.52421116660305,-0.00340650987162981,3.08181806779956e-05,-0.000612391004751411,0,-0.000235252563853454,-0.000235252563853454,0,0,0,0,0
1.338,0.523598775598299,0.524207769441735,0.524207769441735,-0.00338782992053747,3.0652658044901e-05,-0.000608993843435712,0,-0.000233958430298723,-0.000233958430298723,0,0,0,0,0
1.339,0.523598775598299,0.524204390910029,0.524204390910029,-0.00336925056235346,3.04879971735803e-05,-0.000605615311729757,0,-0.000232671300722639,-0.000232671300722639,0,0,0,0,0
1.34,0.523598775598299,0.524201030907603,0.524201030907603,-0.00335077127106489,3.03241938084877e-05,-0.000602255309303801,0,-0.000231391138204265,-0.000231391138204265,0,0,0,0,0
1.341,0.523598775598299,0.524197689334652,0.524197689334652,-0.00333239152327654,3.01612437130415e-05,-0.000598913736353013,0,-0.000230117906009603,-0.000230117906009603,0,0,0,0,0
1.342,0.523598775598299,0.524194366091893,0.524194366091893,-0.00331411079819908,2.99991426693722e-05,-0.000595590493594367,0,-0.000228851567589369,-0.000228851567589369,0,0,0,0,0
1.343,0.523598775598299,0.524191061080563,0.524191061080563,-0.00329592857763725,2.98378864785749e-05,-0.000592285482264643,0,-0.000227592086579738,-0.000227592086579738,0,0,0,0,0
1.344,0.523598775598299,0.524187774202416,0.524187774202416,-0.00327784434597813,2.96774709603277e-05,-0.000588998604117208,0,-0.000226339426799764,-0.000226339426799764,0,0,0,0,0
1.345,0.523598775598299,0.524184505359719,0.524184505359719,-0.00325985759017936,2.95178919531785e-05,-0.000585729761419906,0,-0.000225093552251775,-0.000225093552251775,0,0,0,0,0
1.346,0.523598775598299,0.524181254455251,0.524181254455251,-0.00324196779975752,2.93591453142981e-05,-0.000582478856952395,0,-0.00022385442712023,-0.00022385442712023,0,0,0,0,0
1.347,0.523598775598299,0.524178021392302,0.524178021392302,-0.00322417446677638,2.92012269193943e-05,-0.000579245794003369,0,-0.00022262201577026,-0.00022262201577026,0,0,0,0,0
1.348,0.523598775598299,0.524174806074667,0.524174806074667,-0.00320647708583538,2.90441326628269e-05,-0.00057603047636845,0,-0.000221396282747973,-0.000221396282747973,0,0,0,0,0
1.349,0.523598775598299,0.524171608406646,0.524171608406646,-0.00318887515405801,2.88878584572865e-05,-0.00057283280834719,0,-0.000220177192778336,-0.000220177192778336,0,0,0,0,0
1.35,0.523598775598299,0.52416842829304,0.52416842829304,-0.0031713681710803,2.87324002339775e-05,-0.000569652694740852,0,-0.000218964710765127,-0.000218964710765127,0,0,0,0,0
1.351,0.523598775598299,0.524165265639149,0.524165265639149,-0.00315395563903931,2.85777539424505e-05,-0.000566490040849743,0,-0.000217758801789663,-0.000217758801789663,0,0,0,0,0
1.352,0.523598775598299,0.52416212035077,0.52416212035077,-0.00313663706256165,2.84239155506138e-05,-0.000563344752470774,0,-0.000216559431110102,-0.000216559431110102,0,0,0,0,0
1.353,0.523598775598299,0.524158992334194,0.524158992334194,-0.00311941194875207,2.82708810446696e-05,-0.000560216735895125,0,-0.00021536656416101,-0.00021536656416101,0,0,0,0,0
1.354,0.523598775598299,0.524155881496204,0.524155881496204,-0.00310227980718204,2.81186464289221e-05,-0.000557105897905585,0,-0.000214180166552007,-0.000214180166552007,0,0,0,0,0
1.355,0.523598775598299,0.524152787744073,0.524152787744073,-0.00308524014987848,2.79672077258019e-05,-0.000554012145773886,0,-0.000213000204066388,-0.000213000204066388,0,0,0,0,0
1.356,0.523598775598299,0.524149710985558,0.524149710985558,-0.00306829249131238,2.78165609760301e-05,-0.000550935387259033,0,-0.000211826642662411,-0.000211826642662411,0,0,0,0,0
1.357,0.523598775598299,0.524146651128903,0.524146651128903,-0.00305143634838757,2.76667022380225e-05,-0.000547875530603759,0,-0.000210659448469465,-0.000210659448469465,0,0,0,0,0
1.358,0.523598775598299,0.524143608082832,0.524143608082832,-0.00303467124042947,2.75176275884564e-05,-0.000544832484533186,0,-0.000209498587790205,-0.000209498587790205,0,0,0,0,0
1.359,0.523598775598299,0.52414058175655,0.52414058175655,-0.00301799668917395,2.73693331216541e-05,-0.000541806158251612,0,-0.000208344027097563,-0.000208344027097563,0,0,0,0,0
1.36,0.523598775598299,0.524137572059739,0.524137572059739,-0.00300141221875616,2.72218149498709e-05,-0.000538796461440394,0,-0.000207195733034736,-0.000207195733034736,0,0,0,0,0
1.361,0.523598775598299,0.524134578902555,0.524134578902555,-0.00298491735569943,2.70750692031921e-05,-0.000535803304255733,0,-0.000206053672414843,-0.000206053672414843,0,0,0,0,0
1.362,0.523598775598299,0.524131602195625,0.524131602195625,-0.00296851162890421,2.6929092029297e-05,-0.000532826597326008,0,-0.000204917812219358,-0.000204917812219358,0,0,0,0,0
1.363,0.523598775598299,0.524128641850048,0.524128641850048,-0.00295219456963703,2.67838795935316e-05,-0.000529866251749556,0,-0.000203788119597714,-0.000203788119597714,0,0,0,0,0
1.364,0.523598775598299,0.524125697777391,0.524125697777391,-0.00293596571151959,2.66394280787987e-05,-0.000526922179092115,0,-0.000202664561865985,-0.000202664561865985,0,0,0,0,0
1.365,0.523598775598299,0.524122769889684,0.524122769889684,-0.00291982459051775,2.64957336856298e-05,-0.000523994291384944,0,-0.000201547106507343,-0.000201547106507343,0,0,0,0,0
1.366,0.523598775598299,0.524119858099421,0.524119858099421,-0.00290377074493067,2.63527926318083e-05,-0.000521082501121817,0,-0.00020043572116948,-0.00020043572116948,0,0,0,0,0
1.367,0.523598775598299,0.524116962319556,0.524116962319556,-0.00288780371537993,2.62106011526782e-05,-0.000518186721257252,0,-0.000199330373665316,-0.000199330373665316,0,0,0,0,0
1.368,0.523598775598299,0.524114082463503,0.524114082463503,-0.00287192304479876,2.60691555008343e-05,-0.000515306865203957,0,-0.000198231031971574,-0.000198231031971574,0,0,0,0,0
1.369,0.523598775598299,0.524111218445129,0.524111218445129,-0.0028561282784212,2.59284519461101e-05,-0.000512442846830496,0,-0.000197137664227931,-0.000197137664227931,0,0,0,0,0
1.37,0.523598775598299,0.524108370178758,0.524108370178758,-0.00284041896377146,2.57884867755664e-05,-0.000509594580459072,0,-0.000196050238736445,-0.000196050238736445,0,0,0,0,0
1.371,0.523598775598299,0.524105537579162,0.524105537579162,-0.00282479465065312,2.56492562933934e-05,-0.000506761980863413,0,-0.000194968723961252,-0.000194968723961252,0,0,0,0,0
1.372,0.523598775598299,0.524102720561565,0.524102720561565,-0.00280925489113863,2.55107568206771e-05,-0.000503944963266001,0,-0.000193893088526441,-0.000193893088526441,0,0,0,0,0
1.373,0.523598775598299,0.524099919041635,0.524099919041635,-0.00279379923955862,2.53729846956589e-05,-0.000501143443336405,0,-0.000192823301216908,-0.000192823301216908,0,0,0,0,0
1.374,0.523598775598299,0.524097132935487,0.524097132935487,-0.0027784272524914,2.52359362733574e-05,-0.000498357337188393,0,-0.000191759330975876,-0.000191759330975876,0,0,0,0,0
1.375,0.523598775598299,0.524094362159677,0.524094362159677,-0.00276313848875237,2.50996079258529e-05,-0.00049558656137827,0,-0.000190701146905702,-0.000190701146905702,0,0,0,0,0
1.376,0.523598775598299,0.524091606631201,0.524091606631201,-0.00274793250938358,2.49639960419408e-05,-0.000492831032902541,0,-0.000189648718266842,-0.000189648718266842,0,0,0,0,0
1.377,0.523598775598299,0.524088866267494,0.524088866267494,-0.00273280887764328,2.48290970269795e-05,-0.000490090669195253,0,-0.000188602014475904,-0.000188602014475904,0,0,0,0,0
1.378,0.523598775598299,0.524086140986425,0.524086140986425,-0.0027177671589956,2.4694907303153e-05,-0.000487365388126215,0,-0.000187561005106077,-0.000187561005106077,0,0,0,0,0
1.379,0.523598775598299,0.524083430706298,0.524083430706298,-0.00270280692110014,2.4561423309231e-05,-0.000484655107998777,0,-0.000186525659886328,-0.000186525659886328,0,0,0,0,0
1.38,0.523598775598299,0.524080735345846,0.524080735345846,-0.00268792773380167,2.4428641500414e-05,-0.000481959747547389,0,-0.000185495948699976,-0.000185495948699976,0,0,0,0,0
1.381,0.523598775598299,0.524078054824234,0.524078054824234,-0.00267312916911988,2.42965583484296e-05,-0.000479279225935603,0,-0.000184471841584446,-0.000184471841584446,0,0,0,0,0
1.382,0.523598775598299,0.524075389061053,0.524075389061053,-0.00265841080123917,2.41651703414095e-05,-0.000476613462754072,0,-0.000183453308730994,-0.000183453308730994,0,0,0,0,0
1.383,0.523598775598299,0.524072737976317,0.524072737976317,-0.00264377220649847,2.40344739836419e-05,-0.000473962378017778,0,-0.000182440320482309,-0.000182440320482309,0,0,0,0,0
1.384,0.523598775598299,0.524070101490464,0.524070101490464,-0.00262921296338113,2.39044657959226e-05,-0.000471325892164698,0,-0.000181432847333997,-0.000181432847333997,0,0,0,0,0
1.385,0.523598775598299,0.524067479524352,0.524067479524352,-0.00261473265250478,2.37751423150433e-05,-0.000468703926053027,0,-0.000180430859932126,-0.000180430859932126,0,0,0,0,0
1.386,0.523598775598299,0.524064871999258,0.524064871999258,-0.00260033085661132,2.36465000939988e-05,-0.000466096400959182,0,-0.000179434329072866,-0.000179434329072866,0,0,0,0,0
1.387,0.523598775598299,0.524062278836875,0.524062278836875,-0.00258600716055684,2.3518535701975e-05,-0.000463503238576246,0,-0.000178443225703288,-0.000178443225703288,0,0,0,0,0
1.388,0.523598775598299,0.52405969995931,0.52405969995931,-0.00257176115130175,2.33912457238328e-05,-0.000460924361010751,0,-0.000177457520917648,-0.000177457520917648,0,0,0,0,0
1.389,0.523598775598299,0.524057135289081,0.524057135289081,-0.00255759241790079,2.32646267607182e-05,-0.000458359690781784,0,-0.00017647718595995,-0.00017647718595995,0,0,0,0,0
1.39,0.523598775598299,0.524054584749117,0.524054584749117,-0.00254350055149317,2.3138675429373e-05,-0.000455809150817998,0,-0.000175502192220775,-0.000175502192220775,0,0,0,0,0
1.391,0.523598775598299,0.524052048262755,0.524052048262755,-0.00252948514529273,2.3013388362465e-05,-0.000453272664455828,0,-0.000174532511237398,-0.000174532511237398,0,0,0,0,0
1.392,0.523598775598299,0.524049525753737,0.524049525753737,-0.00251554579457808,2.28887622085054e-05,-0.000450750155437829,0,-0.000173568114694177,-0.000173568114694177,0,0,0,0,0
1.393,0.523598775598299,0.524047017146209,0.524047017146209,-0.00250168209668291,2.27647936314256e-05,-0.000448241547910011,0,-0.000172608974420208,-0.000172608974420208,0,0,0,0,0
1.394,0.523598775598299,0.524044522364719,0.524044522364719,-0.00248789365098629,2.26414793108137e-05,-0.000445746766420063,0,-0.000171655062389372,-0.000171655062389372,0,0,0,0,0
1.395,0.523598775598299,0.524042041334214,0.524042041334214,-0.00247418005890298,2.25188159417994e-05,-0.000443265735915022,0,-0.000170706350718859,-0.000170706350718859,0,0,0,0,0
1.396,0.523598775598299,0.524039573980039,0.524039573980039,-0.00246054092387374,2.23968002352064e-05,-0.000440798381739937,0,-0.000169762811670363,-0.000169762811670363,0,0,0,0,0
1.397,0.523598775598299,0.524037120227934,0.524037120227934,-0.00244697585135578,2.22754289170217e-05,-0.000438344629635101,0,-0.000168824417647343,-0.000168824417647343,0,0,0,0,0
1.398,0.523598775598299,0.524034680004033,0.524034680004033,-0.00243348444881315,2.21546987286935e-05,-0.0004359044057346,0,-0.000167891141195884,-0.000167891141195884,0,0,0,0,0
1.399,0.523598775598299,0.524032253234862,0.524032253234862,-0.00242006632570732,2.20346064268022e-05,-0.000433477636563651,0,-0.000166962955002218,-0.000166962955002218,0,0,0,0,0
1.4,0.523598775598299,0.524029839847336,0.524029839847336,-0.00240672109348765,2.19151487834017e-05,-0.000431064249037383,0,-0.000166039831894134,-0.000166039831894134,0,0,0,0,0
1.401,0.523598775598299,0.524027439768757,0.524027439768757,-0.00239344836558192,2.17963225855413e-05,-0.000428664170458393,0,-0.000165121744839053,-0.000165121744839053,0,0,0,0,0
1.402,0.523598775598299,0.524025052926814,0.524025052926814,-0.00238024775738699,2.16781246353438e-05,-0.000426277328514857,0,-0.000164208666943587,-0.000164208666943587,0,0,0,0,0
1.403,0.523598775598299,0.524022679249577,0.524022679249577,-0.00236711888625946,2.15605517499555e-05,-0.000423903651278423,0,-0.00016330057145248,-0.00016330057145248,0,0,0,0,0
1.404,0.523598775598299,0.524020318665501,0.524020318665501,-0.00235406137150631,2.1443600761614e-05,-0.000421543067202657,0,-0.000162397431749023,-0.000162397431749023,0,0,0,0,0
1.405,0.523598775598299,0.524017971103419,0.524017971103419,-0.00234107483437564,2.1327268517323e-05,-0.000419195505120595,0,-0.000161499221353042,-0.000161499221353042,0,0,0,0,0
1.406,0.523598775598299,0.524015636492542,0.524015636492542,-0.00232815889804744,2.12115518790542e-05,-0.00041686089424342,0,-0.000160605913921867,-0.000160605913921867,0,0,0,0,0
1.407,0.523598775598299,0.524013314762456,0.524013314762456,-0.00231531318762441,2.10964477233298e-05,-0.000414539164157679,0,-0.000159717483247383,-0.000159717483247383,0,0,0,0,0
1.408,0.523598775598299,0.524011005843123,0.524011005843123,-0.00230253733012282,2.09819529416705e-05,-0.000412230244824285,0,-0.000158833903257858,-0.000158833903257858,0,0,0,0,0
1.409,0.523598775598299,0.524008709664875,0.524008709664875,-0.00228983095446331,2.08680644400567e-05,-0.000409934066575968,0,-0.000157955148015542,-0.000157955148015542,0,0,0,0,0
1.41,0.523598775598299,0.524006426158415,0.524006426158415,-0.00227719369146192,2.0754779139129e-05,-0.000407650560115713,0,-0.00015708119171695,-0.00015708119171695,0,0,0,0,0
1.411,0.523598775598299,0.524004155254813,0.524004155254813,-0.00226462517382099,2.06420939739904e-05,-0.000405379656514548,0,-0.000156212008691328,-0.000156212008691328,0,0,0,0,0
1.412,0.523598775598299,0.524001896885509,0.524001896885509,-0.00225212503612018,2.05300058943446e-05,-0.000403121287210095,0,-0.000155347573401186,-0.000155347573401186,0,0,0,0,0
1.413,0.523598775598299,0.523999650982303,0.523999650982303,-0.00223969291480751,2.04185118641812e-05,-0.00040087538400424,0,-0.000154487860440418,-0.000154487860440418,0,0,0,0,0
1.414,0.523598775598299,0.523997417477361,0.523997417477361,-0.0022273284481904,2.0307608861952e-05,-0.00039864187906169,0,-0.000153632844534803,-0.000153632844534803,0,0,0,0,0
1.415,0.523598775598299,0.523995196303207,0.523995196303207,-0.00221503127642683,2.0197293880296e-05,-0.000396420704907752,0,-0.00015278250054037,-0.00015278250054037,0,0,0,0,0
1.416,0.523598775598299,0.523992987392726,0.523992987392726,-0.00220280104151646,2.00875639261605e-05,-0.00039421179442678,0,-0.00015193680344356,-0.00015193680344356,0,0,0,0,0
1.417,0.523598775598299,0.523990790679159,0.523990790679159,-0.00219063738729185,1.9978416020603e-05,-0.000392015080860064,0,-0.000151095728359856,-0.000151095728359856,0,0,0,0,0
1.418,0.523598775598299,0.523988606096103,0.523988606096103,-0.00217853995940967,1.98698471988786e-05,-0.000389830497804278,0,-0.000150259250533898,-0.000150259250533898,0,0,0,0,0
1.419,0.523598775598299,0.523986433577508,0.523986433577508,-0.00216650840534192,1.97618545102363e-05,-0.000387657979209588,0,-0.000149427345338664,-0.000149427345338664,0,0,0,0,0
1.42,0.523598775598299,0.523984273057676,0.523984273057676,-0.00215454237436734,1.96544350178305e-05,-0.000385497459377659,0,-0.000148599988274348,-0.000148599988274348,0,0,0,0,0
1.421,0.523598775598299,0.523982124471259,0.523982124471259,-0.00214264151756271,1.95475857988043e-05,-0.000383348872959988,0,-0.000147777154968106,-0.000147777154968106,0,0,0,0,0
1.422,0.523598775598299,0.523979987753255,0.523979987753255,-0.00213080548779422,1.94413039442007e-05,-0.000381212154956234,0,-0.000146958821173786,-0.000146958821173786,0,0,0,0,0
1.423,0.523598775598299,0.523977862839011,0.523977862839011,-0.00211903393970891,1.93355865587758e-05,-0.000379087240712006,0,-0.000146144962770135,-0.000146144962770135,0,0,0,0,0
1.424,0.523598775598299,0.523975749664216,0.523975749664216,-0.00210732652972607,1.9230430761235e-05,-0.000376974065917635,0,-0.000145335555761689,-0.000145335555761689,0,0,0,0,0
1.425,0.523598775598299,0.523973648164905,0.523973648164905,-0.00209568291602877,1.91258336838778e-05,-0.000374872566606177,0,-0.000144530576277535,-0.000144530576277535,0,0,0,0,0
1.426,0.523598775598299,0.52397155827745,0.52397155827745,-0.00208410275855536,1.90217924725573e-05,-0.000372782679151418,0,-0.000143730000570061,-0.000143730000570061,0,0,0,0,0
1.427,0.523598775598299,0.523969479938565,0.523969479938565,-0.00207258571899108,1.89183042868382e-05,-0.000370704340266426,0,-0.000142933805015181,-0.000142933805015181,0,0,0,0,0
1.428,0.523598775598299,0.523967413085301,0.523967413085301,-0.00206113146075958,1.88153662998062e-05,-0.000368637487001777,0,-0.000142141966111646,-0.000142141966111646,0,0,0,0,0
1.429,0.523598775598299,0.523965357655042,0.523965357655042,-0.00204973964901462,1.87129756979587e-05,-0.00036658205674367,0,-0.000141354460480021,-0.000141354460480021,0,0,0,0,0
1.43,0.523598775598299,0.523963313585511,0.523963313585511,-0.0020384099506317,1.8611129681248e-05,-0.000364537987212366,0,-0.000140571264862561,-0.000140571264862561,0,0,0,0,0
1.431,0.523598775598299,0.523961280814759,0.523961280814759,-0.00202714203419978,1.85098254629378e-05,-0.000362505216460418,0,-0.000139792356122448,-0.000139792356122448,0,0,0,0,0
1.432,0.523598775598299,0.52395925928117,0.52395925928117,-0.00201593557001308,1.84090602695456e-05,-0.000360483682870782,0,-0.000139017711242725,-0.000139017711242725,0,0,0,0,0
1.433,0.523598775598299,0.523957248923454,0.523957248923454,-0.00200479023006278,1.8308831340938e-05,-0.000358473325155373,0,-0.000138247307326399,-0.000138247307326399,0,0,0,0,0
1.434,0.523598775598299,0.523955249680652,0.523955249680652,-0.00199370568802886,1.82091359301454e-05,-0.000356474082353175,0,-0.000137481121595336,-0.000137481121595336,0,0,0,0,0
1.435,0.523598775598299,0.523953261492128,0.523953261492128,-0.00198268161927191,1.8109971303394e-05,-0.000354485893828915,0,-0.000136719131390616,-0.000136719131390616,0,0,0,0,0
1.436,0.523598775598299,0.52395128429757,0.52395128429757,-0.00197171770082506,1.80113347398022e-05,-0.000352508699270837,0,-0.000135961314170489,-0.000135961314170489,0,0,0,0,0
1.437,0.523598775598299,0.523949318036988,0.523949318036988,-0.00196081361138591,1.79132235316404e-05,-0.000350542438689372,0,-0.000135207647510706,-0.000135207647510706,0,0,0,0,0
1.438,0.523598775598299,0.523947362650714,0.523947362650714,-0.00194996903130844,1.78156349841801e-05,-0.000348587052415472,0,-0.000134458109103926,-0.000134458109103926,0,0,0,0,0
1.439,0.523598775598299,0.523945418079398,0.523945418079398,-0.00193918364259497,1.77185664155833e-05,-0.000346642481099058,0,-0.000133712676759404,-0.000133712676759404,0,0,0,0,0
1.44,0.523598775598299,0.523943484264006,0.523943484264006,-0.00192845712888828,1.76220151567315e-05,-0.000344708665707016,0,-0.000132971328401462,-0.000132971328401462,0,0,0,0,0
1.441,0.523598775598299,0.523941561145821,0.523941561145821,-0.0019177891754636,1.75259785514036e-05,-0.000342785547521762,0,-0.00013223404206945,-0.00013223404206945,0,0,0,0,0
1.442,0.523598775598299,0.523939648666439,0.523939648666439,-0.00190717946922073,1.74304539561981e-05,-0.000340873068139791,0,-0.000131500795917669,-0.000131500795917669,0,0,0,0,0
1.443,0.523598775598299,0.523937746767769,0.523937746767769,-0.00189662769867612,1.7335438740305e-05,-0.000338971169469793,0,-0.000130771568214093,-0.000130771568214093,0,0,0,0,0
1.444,0.523598775598299,0.52393585539203,0.52393585539203,-0.0018861335539551,1.7240930285575e-05,-0.000337079793731099,0,-0.000130046337339962,-0.000130046337339962,0,0,0,0,0
1.445,0.523598775598299,0.523933974481751,0.523933974481751,-0.001875696726784,1.71469259864912e-05,-0.000335198883452348,0,-0.000129325081789955,-0.000129325081789955,0,0,0,0,0
1.446,0.523598775598299,0.523932103979768,0.523932103979768,-0.00186531691048246,1.7053423249898e-05,-0.000333328381469267,0,-0.000128607780169955,-0.000128607780169955,0,0,0,0,0
1.447,0.523598775598299,0.523930243829223,0.523930243829223,-0.00185499379995563,1.69604194953485e-05,-0.000331468230923782,0,-0.000127894411198388,-0.000127894411198388,0,0,0,0,0
1.448,0.523598775598299,0.523928393973561,0.523928393973561,-0.00184472709168648,1.68679121546956e-05,-0.000329618375261798,0,-0.000127184953703946,-0.000127184953703946,0,0,0,0,0
1.449,0.523598775598299,0.523926554356531,0.523926554356531,-0.00183451648372809,1.6775898672368e-05,-0.000327778758232311,0,-0.00012647938662689,-0.00012647938662689,0,0,0,0,0
1.45,0.523598775598299,0.523924724922184,0.523924724922184,-0.00182436167569598,1.66843765049303e-05,-0.0003259493238853,0,-0.00012577768901703,-0.00012577768901703,0,0,0,0,0
1.451,0.523598775598299,0.523922905614869,0.523922905614869,-0.00181426236876058,1.65933431212605e-05,-0.00032413001657039,0,-0.000125079840033796,-0.000125079840033796,0,0,0,0,0
1.452,0.523598775598299,0.523921096379234,0.523921096379234,-0.00180421826563965,1.65027960024448e-05,-0.000322320780935303,0,-0.000124385818945685,-0.000124385818945685,0,0,0,0,0
1.453,0.523598775598299,0.523919297160223,0.523919297160223,-0.00179422907059071,1.64127326416954e-05,-0.000320521561924192,0,-0.000123695605129393,-0.000123695605129393,0,0,0,0,0
1.454,0.523598775598299,0.523917507903075,0.523917507903075,-0.00178429448940356,1.63231505443854e-05,-0.000318732304776193,0,-0.000123009178069526,-0.000123009178069526,0,0,0,0,0
1.455,0.523598775598299,0.523915728553323,0.523915728553323,-0.00177441422939279,1.62340472279703e-05,-0.000316952955023986,0,-0.0001223265173583,-0.0001223265173583,0,0,0,0,0
1.456,0.523598775598299,0.523913959056791,0.523913959056791,-0.00176458799939033,1.61454202218466e-05,-0.000315183458492019,0,-0.00012164760269431,-0.00012164760269431,0,0,0,0,0
1.457,0.523598775598299,0.523912199359594,0.523912199359594,-0.00175481550973807,1.60572670674655e-05,-0.000313423761295395,0,-0.000120972413883097,-0.000120972413883097,0,0,0,0,0
1.458,0.523598775598299,0.523910449408137,0.523910449408137,-0.00174509647228043,1.59695853180359e-05,-0.000311673809837876,0,-0.000120300930835283,-0.000120300930835283,0,0,0,0,0
1.459,0.523598775598299,0.52390870914911,0.52390870914911,-0.0017354306003571,1.58823725387465e-05,-0.00030993355081077,0,-0.0001196331335671,-0.0001196331335671,0,0,0,0,0
1.46,0.523598775598299,0.52390697852949,0.52390697852949,-0.00172581760879565,1.57956263065479e-05,-0.000308202931191159,0,-0.000118969002199098,-0.000118969002199098,0,0,0,0,0
1.461,0.523598775598299,0.523905257496539,0.523905257496539,-0.00171625721390425,1.57093442102434e-05,-0.000306481898240674,0,-0.000118308516956333,-0.000118308516956333,0,0,0,0,0
1.462,0.523598775598299,0.523903545997803,0.523903545997803,-0.00170674913346442,1.56235238502999e-05,-0.00030477039950394,0,-0.000117651658167638,-0.000117651658167638,0,0,0,0,0
1.463,0.523598775598299,0.523901843981106,0.523901843981106,-0.0016972930867238,1.55381628387789e-05,-0.000303068382806915,0,-0.000116998406264575,-0.000116998406264575,0,0,0,0,0
1.464,0.523598775598299,0.523900151394555,0.523900151394555,-0.00168788879438901,1.54532587994429e-05,-0.000301375796255776,0,-0.000116348741781881,-0.000116348741781881,0,0,0,0,0
1.465,0.523598775598299,0.523898468186534,0.523898468186534,-0.00167853597861844,1.53688093674999e-05,-0.000299692588235034,0,-0.000115702645355781,-0.000115702645355781,0,0,0,0,0
1.466,0.523598775598299,0.523896794305705,0.523896794305705,-0.00166923436301517,1.52848121897976e-05,-0.000298018707406644,0,-0.000115060097724994,-0.000115060097724994,0,0,0,0,0
1.467,0.523598775598299,0.523895129701007,0.523895129701007,-0.00165998367261986,1.52012649244433e-05,-0.000296354102707896,0,-0.000114421079728417,-0.000114421079728417,0,0,0,0,0
1.468,0.523598775598299,0.523893474321649,0.523893474321649,-0.0016507836339037,1.51181652411261e-05,-0.000294698723350528,0,-0.000113785572306104,-0.000113785572306104,0,0,0,0,0
1.469,0.523598775598299,0.523891828117118,0.523891828117118,-0.00164163397476136,1.50355108208265e-05,-0.000293052518819059,0,-0.000113153556498107,-0.000113153556498107,0,0,0,0,0
1.47,0.523598775598299,0.523890191037168,0.523890191037168,-0.00163253442450402,1.49532993558236e-05,-0.000291415438869236,0,-0.000112525013443622,-0.000112525013443622,0,0,0,0,0
1.471,0.523598775598299,0.523888563031826,0.523888563031826,-0.00162348471385231,1.48715285497962e-05,-0.000289787433526922,0,-0.00011189992438131,-0.00011189992438131,0,0,0,0,0
1.472,0.523598775598299,0.523886944051386,0.523886944051386,-0.00161448457492944,1.4790196117605e-05,-0.000288168453086768,0,-0.00011127827064899,-0.00011127827064899,0,0,0,0,0
1.473,0.523598775598299,0.523885334046409,0.523885334046409,-0.00160553374125424,1.47092997850784e-05,-0.000286558448110208,0,-0.000110660033681533,-0.000110660033681533,0,0,0,0,0
1.474,0.523598775598299,0.523883732967724,0.523883732967724,-0.00159663194773437,1.46288372893773e-05,-0.000284957369424799,0,-0.000110045195012329,-0.000110045195012329,0,0,0,0,0
1.475,0.523598775598299,0.523882140766421,0.523882140766421,-0.00158777893065941,1.45488063785767e-05,-0.000283365168122329,0,-0.000109433736271445,-0.000109433736271445,0,0,0,0,0
1.476,0.523598775598299,0.523880557393856,0.523880557393856,-0.00157897442769407,1.44692048118222e-05,-0.000281781795557601,0,-0.000108825639185558,-0.000108825639185558,0,0,0,0,0
1.477,0.523598775598299,0.523878982801646,0.523878982801646,-0.00157021817787138,1.4390030359272e-05,-0.000280207203347094,0,-0.000108220885577583,-0.000108220885577583,0,0,0,0,0
1.478,0.523598775598299,0.523877416941666,0.523877416941666,-0.00156150992158595,1.4311280802009e-05,-0.000278641343367525,0,-0.000107619457365974,-0.000107619457365974,0,0,0,0,0
1.479,0.523598775598299,0.523875859766054,0.523875859766054,-0.00155284940058718,1.42329539320353e-05,-0.000277084167754738,0,-0.000107021336564916,-0.000107021336564916,0,0,0,0,0
1.48,0.523598775598299,0.523874311227201,0.523874311227201,-0.00154423635797263,1.41550475520386e-05,-0.000275535628901924,0,-0.000106426505282692,-0.000106426505282692,0,0,0,0,0
1.481,0.523598775598299,0.523872771277757,0.523872771277757,-0.00153567053818135,1.40775594755955e-05,-0.000273995679458627,0,-0.000105834945722151,-0.000105834945722151,0,0,0,0,0
1.482,0.523598775598299,0.523871239870628,0.523871239870628,-0.00152715168698722,1.4000487526982e-05,-0.000272464272329298,0,-0.000105246640179942,-0.000105246640179942,0,0,0,0,0
1.483,0.523598775598299,0.523869716958971,0.523869716958971,-0.00151867955149237,1.39238295411289e-05,-0.00027094136067185,0,-0.000104661571045741,-0.000104661571045741,0,0,0,0,0
1.484,0.523598775598299,0.523868202496195,0.523868202496195,-0.00151025388012056,1.3847583363673e-05,-0.000269426897896552,0,-0.000104079720802367,-0.000104079720802367,0,0,0,0,0
1.485,0.523598775598299,0.523866696435963,0.523866696435963,-0.00150187442261067,1.3771746850786e-05,-0.00026792083766447,0,-0.000103501072024671,-0.000103501072024671,0,0,0,0,0
1.486,0.523598775598299,0.523865198732185,0.523865198732185,-0.00149354093001015,1.3696317869254e-05,-0.000266423133886251,0,-0.00010292560737932,-0.00010292560737932,0,0,0,0,0
1.487,0.523598775598299,0.52386370933902,0.52386370933902,-0.00148525315466851,1.36212942964304e-05,-0.000264933740720896,0,-0.000102353309624562,-0.000102353309624562,0,0,0,0,0
1.488,0.523598775598299,0.523862228210873,0.523862228210873,-0.00147701085023083,1.35466740201159e-05,-0.000263452612574544,0,-0.00010178416160997,-0.00010178416160997,0,0,0,0,0
1.489,0.523598775598299,0.523860755302398,0.523860755302398,-0.00146881377163137,1.3472454938402e-05,-0.000261979704099136,0,-0.000101218146275872,-0.000101218146275872,0,0,0,0,0
1.49,0.523598775598299,0.523859290568489,0.523859290568489,-0.00146066167508721,1.33986349595935e-05,-0.000260514970190528,0,-0.000100655246651273,-0.000100655246651273,0,0,0,0,0
1.491,0.523598775598299,0.523857833964287,0.523857833964287,-0.00145255431809187,1.33252120026589e-05,-0.000259058365988163,0,-0.000100095445855964,-0.000100095445855964,0,0,0,0,0
1.492,0.523598775598299,0.523856385445172,0.523856385445172,-0.00144449145940887,1.32521839966751e-05,-0.000257609846873064,0,-9.95387270981069e-05,-9.95387270981069e-05,0,0,0,0,0
1.493,0.523598775598299,0.523854944966766,0.523854944966766,-0.00143647285906544,1.31795488810915e-05,-0.000256169368467174,0,-9.89850736754017e-05,-9.89850736754017e-05,0,0,0,0,0
1.494,0.523598775598299,0.52385351248493,0.52385351248493,-0.00142849827834622,1.31073046053597e-05,-0.000254736886631579,0,-9.84344689732475e-05,-9.84344689732475e-05,0,0,0,0,0
1.495,0.523598775598299,0.523852087955764,0.523852087955764,-0.00142056747978705,1.30354491291325e-05,-0.000253312357465507,0,-9.78868964649858e-05,-9.78868964649858e-05,0,0,0,0,0
1.496,0.523598775598299,0.523850671335604,0.523850671335604,-0.00141268022716872,1.29639804221494e-05,-0.000251895737304886,0,-9.73423397109303e-05,-9.73423397109303e-05,0,0,0,0,0
1.497,0.523598775598299,0.52384926258102,0.52384926258102,-0.00140483628551068,1.2892896464316e-05,-0.000250486982721454,0,-9.68007823588801e-05,-9.68007823588801e-05,0,0,0,0,0
1.498,0.523598775598299,0.52384786164882,0.52384786164882,-0.00139703542106495,1.28221952454322e-05,-0.000249086050521208,0,-9.62622081428155e-05,-9.62622081428155e-05,0,0,0,0,0
1.499,0.523598775598299,0.523846468496042,0.523846468496042,-0.00138927740130993,1.27518747652817e-05,-0.00024769289774329,0,-9.57266008827839e-05,-9.57266008827839e-05,0,0,0,0,0
1.5,0.523598775598299,0.523845083079958,0.523845083079958,-0.00138156199494425,1.26819330335684e-05,-0.000246307481658881,0,-9.51939444847679e-05,-9.51939444847679e-05,0,0,0,0,0
