time_s,reference_rad,position_rad,velocity_rad_s,current_A,sensor_side_measurement_rad,received_measurement_rad,tracking_error_rad,command_V,unsaturated_command_V,capacitive_current_A,capacitive_voltage_V,inductive_voltage_V,shared_impedance_voltage_V,ground_common_mode_voltage_V,ground_differential_voltage_V,receiver_differential_voltage_V,equivalent_encoder_error_rad,physical_source_window_active,ground_window_active,communication_channel_enabled,transmit_delay_samples,packet_dropped,sample_received,accepted_source_index,accepted_delay_samples,held_last,measurement_age_samples,measurement_age_s,collision_discard_count,out_of_order_discard_count,delta_position_rad,delta_command_V,delta_received_measurement_rad,pre_window_active,analysis_window_active,post_window_active,configured_fault_window_active
0,0,0,0,0,0,0,0,0,0,0,0,0,0,0,0,0,0,0,0,0,0,0,1,1,0,0,0,0,0,0,0,0,0,1,0,0,0
0.001,0,0,0,0,0,0,0,0,0,0,0,0,0,0,0,0,0,0,0,0,0,0,1,2,0,0,0,0,0,0,0,0,0,1,0,0,0
0.002,0,0,0,0,0,0,0,0,0,0,0,0,0,0,0,0,0,0,0,0,0,0,1,3,0,0,0,0,0,0,0,0,0,1,0,0,0
0.003,0,0,0,0,0,0,0,0,0,0,0,0,0,0,0,0,0,0,0,0,0,0,1,4,0,0,0,0,0,0,0,0,0,1,0,0,0
0.004,0,0,0,0,0,0,0,0,0,0,0,0,0,0,0,0,0,0,0,0,0,0,1,5,0,0,0,0,0,0,0,0,0,1,0,0,0
0.005,0,0,0,0,0,0,0,0,0,0,0,0,0,0,0,0,0,0,0,0,0,0,1,6,0,0,0,0,0,0,0,0,0,1,0,0,0
0.006,0,0,0,0,0,0,0,0,0,0,0,0,0,0,0,0,0,0,0,0,0,0,1,7,0,0,0,0,0,0,0,0,0,1,0,0,0
0.007,0,0,0,0,0,0,0,0,0,0,0,0,0,0,0,0,0,0,0,0,0,0,1,8,0,0,0,0,0,0,0,0,0,1,0,0,0
0.008,0,0,0,0,0,0,0,0,0,0,0,0,0,0,0,0,0,0,0,0,0,0,1,9,0,0,0,0,0,0,0,0,0,1,0,0,0
0.009,0,0,0,0,0,0,0,0,0,0,0,0,0,0,0,0,0,0,0,0,0,0,1,10,0,0,0,0,0,0,0,0,0,1,0,0,0
0.01,0,0,0,0,0,0,0,0,0,0,0,0,0,0,0,0,0,0,0,0,0,0,1,11,0,0,0,0,0,0,0,0,0,1,0,0,0
0.011,0,0,0,0,0,0,0,0,0,0,0,0,0,0,0,0,0,0,0,0,0,0,1,12,0,0,0,0,0,0,0,0,0,1,0,0,0
0.012,0,0,0,0,0,0,0,0,0,0,0,0,0,0,0,0,0,0,0,0,0,0,1,13,0,0,0,0,0,0,0,0,0,1,0,0,0
0.013,0,0,0,0,0,0,0,0,0,0,0,0,0,0,0,0,0,0,0,0,0,0,1,14,0,0,0,0,0,0,0,0,0,1,0,0,0
0.014,0,0,0,0,0,0,0,0,0,0,0,0,0,0,0,0,0,0,0,0,0,0,1,15,0,0,0,0,0,0,0,0,0,1,0,0,0
0.015,0,0,0,0,0,0,0,0,0,0,0,0,0,0,0,0,0,0,0,0,0,0,1,16,0,0,0,0,0,0,0,0,0,1,0,0,0
0.016,0,0,0,0,0,0,0,0,0,0,0,0,0,0,0,0,0,0,0,0,0,0,1,17,0,0,0,0,0,0,0,0,0,1,0,0,0
0.017,0,0,0,0,0,0,0,0,0,0,0,0,0,0,0,0,0,0,0,0,0,0,1,18,0,0,0,0,0,0,0,0,0,1,0,0,0
0.018,0,0,0,0,0,0,0,0,0,0,0,0,0,0,0,0,0,0,0,0,0,0,1,19,0,0,0,0,0,0,0,0,0,1,0,0,0
0.019,0,0,0,0,0,0,0,0,0,0,0,0,0,0,0,0,0,0,0,0,0,0,1,20,0,0,0,0,0,0,0,0,0,1,0,0,0
0.02,0,0,0,0,0,0,0,0,0,0,0,0,0,0,0,0,0,0,0,0,0,0,1,21,0,0,0,0,0,0,0,0,0,1,0,0,0
0.021,0,0,0,0,0,0,0,0,0,0,0,0,0,0,0,0,0,0,0,0,0,0,1,22,0,0,0,0,0,0,0,0,0,1,0,0,0
0.022,0,0,0,0,0,0,0,0,0,0,0,0,0,0,0,0,0,0,0,0,0,0,1,23,0,0,0,0,0,0,0,0,0,1,0,0,0
0.023,0,0,0,0,0,0,0,0,0,0,0,0,0,0,0,0,0,0,0,0,0,0,1,24,0,0,0,0,0,0,0,0,0,1,0,0,0
0.024,0,0,0,0,0,0,0,0,0,0,0,0,0,0,0,0,0,0,0,0,0,0,1,25,0,0,0,0,0,0,0,0,0,1,0,0,0
0.025,0,0,0,0,0,0,0,0,0,0,0,0,0,0,0,0,0,0,0,0,0,0,1,26,0,0,0,0,0,0,0,0,0,1,0,0,0
0.026,0,0,0,0,0,0,0,0,0,0,0,0,0,0,0,0,0,0,0,0,0,0,1,27,0,0,0,0,0,0,0,0,0,1,0,0,0
0.027,0,0,0,0,0,0,0,0,0,0,0,0,0,0,0,0,0,0,0,0,0,0,1,28,0,0,0,0,0,0,0,0,0,1,0,0,0
0.028,0,0,0,0,0,0,0,0,0,0,0,0,0,0,0,0,0,0,0,0,0,0,1,29,0,0,0,0,0,0,0,0,0,1,0,0,0
0.029,0,0,0,0,0,0,0,0,0,0,0,0,0,0,0,0,0,0,0,0,0,0,1,30,0,0,0,0,0,0,0,0,0,1,0,0,0
0.03,0,0,0,0,0,0,0,0,0,0,0,0,0,0,0,0,0,0,0,0,0,0,1,31,0,0,0,0,0,0,0,0,0,1,0,0,0
0.031,0,0,0,0,0,0,0,0,0,0,0,0,0,0,0,0,0,0,0,0,0,0,1,32,0,0,0,0,0,0,0,0,0,1,0,0,0
0.032,0,0,0,0,0,0,0,0,0,0,0,0,0,0,0,0,0,0,0,0,0,0,1,33,0,0,0,0,0,0,0,0,0,1,0,0,0
0.033,0,0,0,0,0,0,0,0,0,0,0,0,0,0,0,0,0,0,0,0,0,0,1,34,0,0,0,0,0,0,0,0,0,1,0,0,0
0.034,0,0,0,0,0,0,0,0,0,0,0,0,0,0,0,0,0,0,0,0,0,0,1,35,0,0,0,0,0,0,0,0,0,1,0,0,0
0.035,0,0,0,0,0,0,0,0,0,0,0,0,0,0,0,0,0,0,0,0,0,0,1,36,0,0,0,0,0,0,0,0,0,1,0,0,0
0.036,0,0,0,0,0,0,0,0,0,0,0,0,0,0,0,0,0,0,0,0,0,0,1,37,0,0,0,0,0,0,0,0,0,1,0,0,0
0.037,0,0,0,0,0,0,0,0,0,0,0,0,0,0,0,0,0,0,0,0,0,0,1,38,0,0,0,0,0,0,0,0,0,1,0,0,0
0.038,0,0,0,0,0,0,0,0,0,0,0,0,0,0,0,0,0,0,0,0,0,0,1,39,0,0,0,0,0,0,0,0,0,1,0,0,0
0.039,0,0,0,0,0,0,0,0,0,0,0,0,0,0,0,0,0,0,0,0,0,0,1,40,0,0,0,0,0,0,0,0,0,1,0,0,0
0.04,0,0,0,0,0,0,0,0,0,0,0,0,0,0,0,0,0,0,0,0,0,0,1,41,0,0,0,0,0,0,0,0,0,1,0,0,0
0.041,0,0,0,0,0,0,0,0,0,0,0,0,0,0,0,0,0,0,0,0,0,0,1,42,0,0,0,0,0,0,0,0,0,1,0,0,0
0.042,0,0,0,0,0,0,0,0,0,0,0,0,0,0,0,0,0,0,0,0,0,0,1,43,0,0,0,0,0,0,0,0,0,1,0,0,0
0.043,0,0,0,0,0,0,0,0,0,0,0,0,0,0,0,0,0,0,0,0,0,0,1,44,0,0,0,0,0,0,0,0,0,1,0,0,0
0.044,0,0,0,0,0,0,0,0,0,0,0,0,0,0,0,0,0,0,0,0,0,0,1,45,0,0,0,0,0,0,0,0,0,1,0,0,0
0.045,0,0,0,0,0,0,0,0,0,0,0,0,0,0,0,0,0,0,0,0,0,0,1,46,0,0,0,0,0,0,0,0,0,1,0,0,0
0.046,0,0,0,0,0,0,0,0,0,0,0,0,0,0,0,0,0,0,0,0,0,0,1,47,0,0,0,0,0,0,0,0,0,1,0,0,0
0.047,0,0,0,0,0,0,0,0,0,0,0,0,0,0,0,0,0,0,0,0,0,0,1,48,0,0,0,0,0,0,0,0,0,1,0,0,0
0.048,0,0,0,0,0,0,0,0,0,0,0,0,0,0,0,0,0,0,0,0,0,0,1,49,0,0,0,0,0,0,0,0,0,1,0,0,0
0.049,0,0,0,0,0,0,0,0,0,0,0,0,0,0,0,0,0,0,0,0,0,0,1,50,0,0,0,0,0,0,0,0,0,1,0,0,0
0.05,0,0,0,0,0,0,0,0,0,0,0,0,0,0,0,0,0,0,0,0,0,0,1,51,0,0,0,0,0,0,0,0,0,1,0,0,0
0.051,0,0,0,0,0,0,0,0,0,0,0,0,0,0,0,0,0,0,0,0,0,0,1,52,0,0,0,0,0,0,0,0,0,1,0,0,0
0.052,0,0,0,0,0,0,0,0,0,0,0,0,0,0,0,0,0,0,0,0,0,0,1,53,0,0,0,0,0,0,0,0,0,1,0,0,0
0.053,0,0,0,0,0,0,0,0,0,0,0,0,0,0,0,0,0,0,0,0,0,0,1,54,0,0,0,0,0,0,0,0,0,1,0,0,0
0.054,0,0,0,0,0,0,0,0,0,0,0,0,0,0,0,0,0,0,0,0,0,0,1,55,0,0,0,0,0,0,0,0,0,1,0,0,0
0.055,0,0,0,0,0,0,0,0,0,0,0,0,0,0,0,0,0,0,0,0,0,0,1,56,0,0,0,0,0,0,0,0,0,1,0,0,0
0.056,0,0,0,0,0,0,0,0,0,0,0,0,0,0,0,0,0,0,0,0,0,0,1,57,0,0,0,0,0,0,0,0,0,1,0,0,0
0.057,0,0,0,0,0,0,0,0,0,0,0,0,0,0,0,0,0,0,0,0,0,0,1,58,0,0,0,0,0,0,0,0,0,1,0,0,0
0.058,0,0,0,0,0,0,0,0,0,0,0,0,0,0,0,0,0,0,0,0,0,0,1,59,0,0,0,0,0,0,0,0,0,1,0,0,0
0.059,0,0,0,0,0,0,0,0,0,0,0,0,0,0,0,0,0,0,0,0,0,0,1,60,0,0,0,0,0,0,0,0,0,1,0,0,0
0.06,0,0,0,0,0,0,0,0,0,0,0,0,0,0,0,0,0,0,0,0,0,0,1,61,0,0,0,0,0,0,0,0,0,1,0,0,0
0.061,0,0,0,0,0,0,0,0,0,0,0,0,0,0,0,0,0,0,0,0,0,0,1,62,0,0,0,0,0,0,0,0,0,1,0,0,0
0.062,0,0,0,0,0,0,0,0,0,0,0,0,0,0,0,0,0,0,0,0,0,0,1,63,0,0,0,0,0,0,0,0,0,1,0,0,0
0.063,0,0,0,0,0,0,0,0,0,0,0,0,0,0,0,0,0,0,0,0,0,0,1,64,0,0,0,0,0,0,0,0,0,1,0,0,0
0.064,0,0,0,0,0,0,0,0,0,0,0,0,0,0,0,0,0,0,0,0,0,0,1,65,0,0,0,0,0,0,0,0,0,1,0,0,0
0.065,0,0,0,0,0,0,0,0,0,0,0,0,0,0,0,0,0,0,0,0,0,0,1,66,0,0,0,0,0,0,0,0,0,1,0,0,0
0.066,0,0,0,0,0,0,0,0,0,0,0,0,0,0,0,0,0,0,0,0,0,0,1,67,0,0,0,0,0,0,0,0,0,1,0,0,0
0.067,0,0,0,0,0,0,0,0,0,0,0,0,0,0,0,0,0,0,0,0,0,0,1,68,0,0,0,0,0,0,0,0,0,1,0,0,0
0.068,0,0,0,0,0,0,0,0,0,0,0,0,0,0,0,0,0,0,0,0,0,0,1,69,0,0,0,0,0,0,0,0,0,1,0,0,0
0.069,0,0,0,0,0,0,0,0,0,0,0,0,0,0,0,0,0,0,0,0,0,0,1,70,0,0,0,0,0,0,0,0,0,1,0,0,0
0.07,0,0,0,0,0,0,0,0,0,0,0,0,0,0,0,0,0,0,0,0,0,0,1,71,0,0,0,0,0,0,0,0,0,1,0,0,0
0.071,0,0,0,0,0,0,0,0,0,0,0,0,0,0,0,0,0,0,0,0,0,0,1,72,0,0,0,0,0,0,0,0,0,1,0,0,0
0.072,0,0,0,0,0,0,0,0,0,0,0,0,0,0,0,0,0,0,0,0,0,0,1,73,0,0,0,0,0,0,0,0,0,1,0,0,0
0.073,0,0,0,0,0,0,0,0,0,0,0,0,0,0,0,0,0,0,0,0,0,0,1,74,0,0,0,0,0,0,0,0,0,1,0,0,0
0.074,0,0,0,0,0,0,0,0,0,0,0,0,0,0,0,0,0,0,0,0,0,0,1,75,0,0,0,0,0,0,0,0,0,1,0,0,0
0.075,0,0,0,0,0,0,0,0,0,0,0,0,0,0,0,0,0,0,0,0,0,0,1,76,0,0,0,0,0,0,0,0,0,1,0,0,0
0.076,0,0,0,0,0,0,0,0,0,0,0,0,0,0,0,0,0,0,0,0,0,0,1,77,0,0,0,0,0,0,0,0,0,1,0,0,0
0.077,0,0,0,0,0,0,0,0,0,0,0,0,0,0,0,0,0,0,0,0,0,0,1,78,0,0,0,0,0,0,0,0,0,1,0,0,0
0.078,0,0,0,0,0,0,0,0,0,0,0,0,0,0,0,0,0,0,0,0,0,0,1,79,0,0,0,0,0,0,0,0,0,1,0,0,0
0.079,0,0,0,0,0,0,0,0,0,0,0,0,0,0,0,0,0,0,0,0,0,0,1,80,0,0,0,0,0,0,0,0,0,1,0,0,0
0.08,0,0,0,0,0,0,0,0,0,0,0,0,0,0,0,0,0,0,0,0,0,0,1,81,0,0,0,0,0,0,0,0,0,1,0,0,0
0.081,0,0,0,0,0,0,0,0,0,0,0,0,0,0,0,0,0,0,0,0,0,0,1,82,0,0,0,0,0,0,0,0,0,1,0,0,0
0.082,0,0,0,0,0,0,0,0,0,0,0,0,0,0,0,0,0,0,0,0,0,0,1,83,0,0,0,0,0,0,0,0,0,1,0,0,0
0.083,0,0,0,0,0,0,0,0,0,0,0,0,0,0,0,0,0,0,0,0,0,0,1,84,0,0,0,0,0,0,0,0,0,1,0,0,0
0.084,0,0,0,0,0,0,0,0,0,0,0,0,0,0,0,0,0,0,0,0,0,0,1,85,0,0,0,0,0,0,0,0,0,1,0,0,0
0.085,0,0,0,0,0,0,0,0,0,0,0,0,0,0,0,0,0,0,0,0,0,0,1,86,0,0,0,0,0,0,0,0,0,1,0,0,0
0.086,0,0,0,0,0,0,0,0,0,0,0,0,0,0,0,0,0,0,0,0,0,0,1,87,0,0,0,0,0,0,0,0,0,1,0,0,0
0.087,0,0,0,0,0,0,0,0,0,0,0,0,0,0,0,0,0,0,0,0,0,0,1,88,0,0,0,0,0,0,0,0,0,1,0,0,0
0.088,0,0,0,0,0,0,0,0,0,0,0,0,0,0,0,0,0,0,0,0,0,0,1,89,0,0,0,0,0,0,0,0,0,1,0,0,0
0.089,0,0,0,0,0,0,0,0,0,0,0,0,0,0,0,0,0,0,0,0,0,0,1,90,0,0,0,0,0,0,0,0,0,1,0,0,0
0.09,0,0,0,0,0,0,0,0,0,0,0,0,0,0,0,0,0,0,0,0,0,0,1,91,0,0,0,0,0,0,0,0,0,1,0,0,0
0.091,0,0,0,0,0,0,0,0,0,0,0,0,0,0,0,0,0,0,0,0,0,0,1,92,0,0,0,0,0,0,0,0,0,1,0,0,0
0.092,0,0,0,0,0,0,0,0,0,0,0,0,0,0,0,0,0,0,0,0,0,0,1,93,0,0,0,0,0,0,0,0,0,1,0,0,0
0.093,0,0,0,0,0,0,0,0,0,0,0,0,0,0,0,0,0,0,0,0,0,0,1,94,0,0,0,0,0,0,0,0,0,1,0,0,0
0.094,0,0,0,0,0,0,0,0,0,0,0,0,0,0,0,0,0,0,0,0,0,0,1,95,0,0,0,0,0,0,0,0,0,1,0,0,0
0.095,0,0,0,0,0,0,0,0,0,0,0,0,0,0,0,0,0,0,0,0,0,0,1,96,0,0,0,0,0,0,0,0,0,1,0,0,0
0.096,0,0,0,0,0,0,0,0,0,0,0,0,0,0,0,0,0,0,0,0,0,0,1,97,0,0,0,0,0,0,0,0,0,1,0,0,0
0.097,0,0,0,0,0,0,0,0,0,0,0,0,0,0,0,0,0,0,0,0,0,0,1,98,0,0,0,0,0,0,0,0,0,1,0,0,0
0.098,0,0,0,0,0,0,0,0,0,0,0,0,0,0,0,0,0,0,0,0,0,0,1,99,0,0,0,0,0,0,0,0,0,1,0,0,0
0.099,0,0,0,0,0,0,0,0,0,0,0,0,0,0,0,0,0,0,0,0,0,0,1,100,0,0,0,0,0,0,0,0,0,1,0,0,0
0.1,0.523598775598299,0,0,0,0,0,0.523598775598299,1.4072926446309,1.4072926446309,0,0,0,0,0,0,0,0,0,0,0,0,0,1,101,0,0,0,0,0,0,0,0,0,1,0,0,0
0.101,0.523598775598299,4.45218265702949e-05,0.128513015071065,0.445803932742211,4.45218265702949e-05,4.45218265702949e-05,0.523554253771728,1.38892542072261,1.38892542072261,0,0,0,0,0,0,0,0,0,0,0,0,0,1,102,0,0,0,0,0,0,0,0,0,1,0,0,0
0.102,0.523598775598299,0.00031838385052,0.442553049219617,0.709810168316796,0.00031838385052,0.00031838385052,0.523280391747779,1.37064920251435,1.37064920251435,0,0,0,0,0,0,0,0,0,0,0,0,0,1,103,0,0,0,0,0,0,0,0,0,1,0,0,0
0.103,0.523598775598299,0.000965080559626825,0.863890571767915,0.857783766312187,0.000965080559626825,0.000965080559626825,0.522633695038672,1.35206237097213,1.35206237097213,0,0,0,0,0,0,0,0,0,0,0,0,0,1,104,0,0,0,0,0,0,0,0,0,1,0,0,0
0.104,0.523598775598299,0.00206510228706424,1.34265039784167,0.931864162920198,0.00206510228706424,0.00206510228706424,0.521533673311235,1.33293814664519,1.33293814664519,0,0,0,0,0,0,0,0,0,0,0,0,0,1,105,0,0,0,0,0,0,0,0,0,1,0,0,0
0.105,0.523598775598299,0.00365882019882503,1.84712638475507,0.959055829432812,0.00365882019882503,0.00365882019882503,0.519939955399474,1.3131606748891,1.3131606748891,0,0,0,0,0,0,0,0,0,0,0,0,0,1,106,0,0,0,0,0,0,0,0,0,1,0,0,0
0.106,0.523598775598299,0.00576115152665334,2.35725642139455,0.95666706512572,0.00576115152665334,0.00576115152665334,0.517837624071645,1.29268409317719,1.29268409317719,0,0,0,0,0,0,0,0,0,0,0,0,0,1,107,0,0,0,0,0,0,0,0,0,1,0,0,0
0.107,0.523598775598299,0.0083709588486258,2.86044206838806,0.935793901406138,0.0083709588486258,0.0083709588486258,0.515227816749673,1.27150632104951,1.27150632104951,0,0,0,0,0,0,0,0,0,0,0,0,0,1,108,0,0,0,0,0,0,0,0,0,1,0,0,0
0.108,0.523598775598299,0.0114770755216481,3.34887010732695,0.903551791240415,0.0114770755216481,0.0114770755216481,0.512121700076651,1.24965228197709,1.24965228197709,0,0,0,0,0,0,0,0,0,0,0,0,0,1,109,0,0,0,0,0,0,0,0,0,1,0,0,0
0.109,0.523598775598299,0.0150621692937141,3.81779617606732,0.864505185195562,0.0150621692937141,0.0150621692937141,0.508536606304585,1.22716316805648,1.22716316805648,0,0,0,0,0,0,0,0,0,0,0,0,0,1,110,0,0,0,0,0,0,0,0,0,1,0,0,0
0.11,0.523598775598299,0.0191052204968749,4.26444470325191,0.821583308728979,0.0191052204968749,0.0191052204968749,0.504493555101424,1.20408957655543,1.20408957655543,0,0,0,0,0,0,0,0,0,0,0,0,0,1,111,0,0,0,0,0,0,0,0,0,1,0,0,0
0.111,0.523598775598299,0.0235831121783154,4.68730364598261,0.776666822078567,0.0235831121783154,0.0235831121783154,0.500015663419983,1.18048712759693,1.18048712759693,0,0,0,0,0,0,0,0,0,0,0,0,0,1,112,0,0,0,0,0,0,0,0,0,1,0,0,0
0.112,0.523598775598299,0.0284716507836206,5.08567214964507,0.730963661288177,0.0284716507836206,0.0284716507836206,0.495127124814678,1.15641367207565,1.15641367207565,0,0,0,0,0,0,0,0,0,0,0,0,0,1,113,0,0,0,0,0,0,0,0,0,1,0,0,0
0.113,0.523598775598299,0.0337462215107945,5.45937024670473,0.685249837058868,0.0337462215107945,0.0337462215107945,0.489852554087504,1.13192751905639,1.13192751905639,0,0,0,0,0,0,0,0,0,0,0,0,0,1,114,0,0,0,0,0,0,0,0,0,1,0,0,0
0.114,0.523598775598299,0.0393822091123181,5.80855237818639,0.640023730538261,0.0393822091123181,0.0393822091123181,0.484216566485981,1.10708631698504,1.10708631698504,0,0,0,0,0,0,0,0,0,0,0,0,0,1,115,0,0,0,0,0,0,0,0,0,1,0,0,0
0.115,0.523598775598299,0.0453552679427882,6.13358744647892,0.59560497799568,0.0453552679427882,0.0453552679427882,0.478243507655511,1.08194635441002,1.08194635441002,0,0,0,0,0,0,0,0,0,0,0,0,0,1,116,0,0,0,0,0,0,0,0,0,1,0,0,0
0.116,0.523598775598299,0.0516414949559411,6.43498151166334,0.552197860464924,0.0516414949559411,0.0516414949559411,0.471957280642358,1.05656213006334,1.05656213006334,0,0,0,0,0,0,0,0,0,0,0,0,0,1,117,0,0,0,0,0,0,0,0,0,1,0,0,0
0.117,0.523598775598299,0.0582175400775308,6.71332782926786,0.50993195568237,0.0582175400775308,0.0582175400775308,0.465381235520768,1.03098609605619,1.03098609605619,0,0,0,0,0,0,0,0,0,0,0,0,0,1,118,0,0,0,0,0,0,0,0,0,1,0,0,0
0.118,0.523598775598299,0.0650606760316851,6.96927442696146,0.468888224075176,0.0650606760316851,0.0650606760316851,0.458538099566614,1.00526851247641,1.00526851247641,0,0,0,0,0,0,0,0,0,0,0,0,0,1,119,0,0,0,0,0,0,0,0,0,1,0,0,0
0.119,0.523598775598299,0.0721488417875956,7.20350294049228,0.429115763245315,0.0721488417875956,0.0721488417875956,0.451449933810703,0.979457373797389,0.979457373797389,0,0,0,0,0,0,0,0,0,0,0,0,0,1,120,0,0,0,0,0,0,0,0,0,1,0,0,0
0.12,0.523598775598299,0.0794606687254459,7.4167146857151,0.390642583889821,0.0794606687254459,0.0794606687254459,0.444138106872853,0.953598381680952,0.953598381680952,0,0,0,0,0,0,0,0,0,0,0,0,0,1,121,0,0,0,0,0,0,0,0,0,1,0,0,0
0.121,0.523598775598299,0.0869754953735181,7.60962138898456,0.353482554892528,0.0869754953735181,0.0869754953735181,0.436623280224781,0.927734947838143,0.927734947838143,0,0,0,0,0,0,0,0,0,0,0,0,0,1,122,0,0,0,0,0,0,0,0,0,1,0,0,0
0.122,0.523598775598299,0.0946733744878818,7.78293892406754,0.317639893324848,0.0946733744878818,0.0946733744878818,0.428925401110417,0.901908216430822,0.901908216430822,0,0,0,0,0,0,0,0,0,0,0,0,0,1,123,0,0,0,0,0,0,0,0,0,1,0,0,0
0.123,0.523598775598299,0.102535074912699,7.93738299680053,0.283112080588452,0.102535074912699,0.102535074912699,0.4210637006856,0.876157099227207,0.876157099227207,0,0,0,0,0,0,0,0,0,0,0,0,0,1,124,0,0,0,0,0,0,0,0,0,1,0,0,0
0.124,0.523598775598299,0.110542079804407,8.07366609861401,0.249891769177506,0.110542079804407,0.110542079804407,0.413056695793892,0.850518319115961,0.850518319115961,0,0,0,0,0,0,0,0,0,0,0,0,0,1,125,0,0,0,0,0,0,0,0,0,1,0,0,0
0.125,0.523598775598299,0.118676582254839,8.19249529339039,0.217968041641061,0.118676582254839,0.118676582254839,0.404922193343459,0.825026459117694,0.825026459117694,0,0,0,0,0,0,0,0,0,0,0,0,0,1,126,0,0,0,0,0,0,0,0,0,1,0,0,0
0.126,0.523598775598299,0.126921478996508,8.29457055799957,0.187327253361473,0.126921478996508,0.126921478996508,0.396677296601791,0.799714015017708,0.799714015017708,0,0,0,0,0,0,0,0,0,0,0,0,0,1,127,0,0,0,0,0,0,0,0,0,1,0,0,0
0.127,0.523598775598299,0.135260362647249,8.38058349670773,0.157953607517076,0.135260362647249,0.135260362647249,0.38833841295105,0.774611450376941,0.774611450376941,0,0,0,0,0,0,0,0,0,0,0,0,0,1,128,0,0,0,0,0,0,0,0,0,1,0,0,0
0.128,0.523598775598299,0.143677512805954,8.45121631361853,0.129829557274348,0.143677512805954,0.143677512805954,0.379921262792345,0.749747253085782,0.749747253085782,0,0,0,0,0,0,0,0,0,0,0,0,0,1,129,0,0,0,0,0,0,0,0,0,1,0,0,0
0.129,0.523598775598299,0.152157886217305,8.50714096828339,0.102936096100235,0.152157886217305,0.152157886217305,0.371440889380994,0.725147992888616,0.725147992888616,0,0,0,0,0,0,0,0,0,0,0,0,0,1,130,0,0,0,0,0,0,0,0,0,1,0,0,0
0.13,0.523598775598299,0.160687106162626,8.5490184658715,0.0772529752089061,0.160687106162626,0.160687106162626,0.362911669435672,0.700838379477654,0.700838379477654,0,0,0,0,0,0,0,0,0,0,0,0,0,1,131,0,0,0,0,0,0,0,0,0,1,0,0,0
0.131,0.523598775598299,0.169251451194423,8.57749825011337,0.0527588731457079,0.169251451194423,0.169251451194423,0.354347324403876,0.676841320865872,0.676841320865872,0,0,0,0,0,0,0,0,0,0,0,0,0,1,132,0,0,0,0,0,0,0,0,0,1,0,0,0
0.132,0.523598775598299,0.177837843306165,8.59321767801564,0.0294315335372202,0.177837843306165,0.177837843306165,0.345760932292134,0.65317798182212,0.65317798182212,0,0,0,0,0,0,0,0,0,0,0,0,0,1,133,0,0,0,0,0,0,0,0,0,1,0,0,0
0.133,0.523598775598299,0.186433835611586,8.59680156226003,0.00724788128940621,0.186433835611586,0.186433835611586,0.337164939986713,0.629867842200258,0.629867842200258,0,0,0,0,0,0,0,0,0,0,0,0,0,1,134,0,0,0,0,0,0,0,0,0,1,0,0,0
0.134,0.523598775598299,0.195027599596064,8.58886177163757,-0.0138158761642524,0.195027599596064,0.195027599596064,0.328571176002235,0.606928755027222,0.606928755027222,0,0,0,0,0,0,0,0,0,0,0,0,0,1,135,0,0,0,0,0,0,0,0,0,1,0,0,0
0.135,0.523598775598299,0.203607911994534,8.56999688272142,-0.0337841583189498,0.203607911994534,0.203607911994534,0.319990863603765,0.584377004237936,0.584377004237936,0,0,0,0,0,0,0,0,0,0,0,0,0,1,136,0,0,0,0,0,0,0,0,0,1,0,0,0
0.136,0.523598775598299,0.21216414134457,8.54079187781778,-0.0526819290216796,0.21216414134457,0.21216414134457,0.311434634253729,0.562227361961358,0.562227361961358,0,0,0,0,0,0,0,0,0,0,0,0,0,1,137,0,0,0,0,0,0,0,0,0,1,0,0,0
0.137,0.523598775598299,0.220686234258944,8.50181788542155,-0.0705346200891286,0.220686234258944,0.220686234258944,0.302912541339355,0.540493145274213,0.540493145274213,0,0,0,0,0,0,0,0,0,0,0,0,0,1,138,0,0,0,0,0,0,0,0,0,1,0,0,0
0.138,0.523598775598299,0.229164701458619,8.45363196017353,-0.087368059965637,0.229164701458619,0.229164701458619,0.294434074139679,0.51918627234832,0.51918627234832,0,0,0,0,0,0,0,0,0,0,0,0,0,1,139,0,0,0,0,0,0,0,0,0,1,0,0,0
0.139,0.523598775598299,0.237590603604395,8.39677689982097,-0.103208406661289,0.237590603604395,0.237590603604395,0.286008171993904,0.498317317925084,0.498317317925084,0,0,0,0,0,0,0,0,0,0,0,0,0,1,140,0,0,0,0,0,0,0,0,0,1,0,0,0
0.14,0.523598775598299,0.245955536963099,8.33178109701805,-0.118082084462391,0.245955536963099,0.245955536963099,0.2776432386352,0.477895568057069,0.477895568057069,0,0,0,0,0,0,0,0,0,0,0,0,0,1,141,0,0,0,0,0,0,0,0,0,1,0,0,0
0.141,0.523598775598299,0.254251618942189,8.25915842402875,-0.132015724067534,0.254251618942189,0.254251618942189,0.269347156656109,0.457929074062119,0.457929074062119,0,0,0,0,0,0,0,0,0,0,0,0,0,1,142,0,0,0,0,0,0,0,0,0,1,0,0,0
0.142,0.523598775598299,0.262471473524758,8.17940814855164,-0.145036105905011,0.262471473524758,0.262471473524758,0.261127302073541,0.438424705640471,0.438424705640471,0,0,0,0,0,0,0,0,0,0,0,0,0,1,143,0,0,0,0,0,0,0,0,0,1,0,0,0
0.143,0.523598775598299,0.270608216635225,8.09301487899886,-0.157170106452551,0.270608216635225,0.270608216635225,0.252990558963074,0.419388203109803,0.419388203109803,0,0,0,0,0,0,0,0,0,0,0,0,0,1,144,0,0,0,0,0,0,0,0,0,1,0,0,0
0.144,0.523598775598299,0.278655441464376,8.00044853764641,-0.168444647421755,0.278655441464376,0.278655441464376,0.244943334133923,0.4008242287174,0.4008242287174,0,0,0,0,0,0,0,0,0,0,0,0,0,1,145,0,0,0,0,0,0,0,0,0,1,0,0,0
0.145,0.523598775598299,0.286607203780849,7.90216436013967,-0.17888664769574,0.286607203780849,0.286607203780849,0.23699157181745,0.382736416992539,0.382736416992539,0,0,0,0,0,0,0,0,0,0,0,0,0,1,146,0,0,0,0,0,0,0,0,0,1,0,0,0
0.146,0.523598775598299,0.294458007254695,7.79860291989398,-0.188522977924989,0.294458007254695,0.294458007254695,0.229140768343604,0.365127424105951,0.365127424105951,0,0,0,0,0,0,0,0,0,0,0,0,0,1,147,0,0,0,0,0,0,0,0,0,1,0,0,0
0.147,0.523598775598299,0.302202788817197,7.69019017597904,-0.197380417696722,0.302202788817197,0.302202788817197,0.221395986781102,0.347998976206747,0.347998976206747,0,0,0,0,0,0,0,0,0,0,0,0,0,1,148,0,0,0,0,0,0,0,0,0,1,0,0,0
0.148,0.523598775598299,0.309836904079742,7.57733754311964,-0.205485615199539,0.309836904079742,0.309836904079742,0.213761871518557,0.331351916710576,0.331351916710576,0,0,0,0,0,0,0,0,0,0,0,0,0,1,149,0,0,0,0,0,0,0,0,0,1,0,0,0
0.149,0.523598775598299,0.317356112833201,7.46044198248739,-0.212865049309063,0.317356112833201,0.317356112833201,0.206242662765097,0.315186252516008,0.315186252516008,0,0,0,0,0,0,0,0,0,0,0,0,0,1,150,0,0,0,0,0,0,0,0,0,1,0,0,0
0.15,0.523598775598299,0.324756564647956,7.33988611199759,-0.219544994022825,0.324756564647956,0.324756564647956,0.198842210950343,0.299501199129202,0.299501199129202,0,0,0,0,0,0,0,0,0,0,0,0,0,1,151,0,0,0,0,0,0,0,0,0,1,0,0,0
0.151,0.523598775598299,0.332034784593451,7.21603833486407,-0.225551485174134,0.332034784593451,0.332034784593451,0.191563991004848,0.284295224679868,0.284295224679868,0,0,0,0,0,0,0,0,0,0,0,0,0,1,152,0,0,0,0,0,0,0,0,0,1,0,0,0
0.152,0.523598775598299,0.339187659094934,7.08925298520318,-0.230910289355735,0.339187659094934,0.339187659094934,0.184411116503364,0.269566092814312,0.269566092814312,0,0,0,0,0,0,0,0,0,0,0,0,0,1,153,0,0,0,0,0,0,0,0,0,1,0,0,0
0.153,0.523598775598299,0.346212421943824,6.95987048951525,-0.235646874984695,0.346212421943824,0.346212421943824,0.177386353654474,0.255310904454038,0.255310904454038,0,0,0,0,0,0,0,0,0,0,0,0,0,1,154,0,0,0,0,0,0,0,0,0,1,0,0,0
0.154,0.523598775598299,0.353106640477031,6.8282175429096,-0.239786385440538,0.353106640477031,0.353106640477031,0.170492135121268,0.241526138410923,0.241526138410923,0,0,0,0,0,0,0,0,0,0,0,0,0,1,155,0,0,0,0,0,0,0,0,0,1,0,0,0
0.155,0.523598775598299,0.359868201939412,6.69460729897545,-0.243353614209058,0.359868201939412,0.359868201939412,0.163730573658886,0.228207690852388,0.228207690852388,0,0,0,0,0,0,0,0,0,0,0,0,0,1,156,0,0,0,0,0,0,0,0,0,1,0,0,0
0.156,0.523598775598299,0.36649530004248,6.55933957223839,-0.246372981964737,0.36649530004248,0.36649530004248,0.157103475555819,0.215350913612295,0.215350913612295,0,0,0,0,0,0,0,0,0,0,0,0,0,1,157,0,0,0,0,0,0,0,0,0,1,0,0,0
0.157,0.523598775598299,0.372986421731426,6.42270105217802,-0.248868515525155,0.372986421731426,0.372986421731426,0.150612353866872,0.202950651345481,0.202950651345481,0,0,0,0,0,0,0,0,0,0,0,0,0,1,158,0,0,0,0,0,0,0,0,0,1,0,0,0
0.158,0.523598775598299,0.37934033417154,6.28496552781871,-0.250863828611288,0.37934033417154,0.37934033417154,0.144258441426759,0.191001277525903,0.191001277525903,0,0,0,0,0,0,0,0,0,0,0,0,0,1,159,0,0,0,0,0,0,0,0,0,1,0,0,0
0.159,0.523598775598299,0.385556071964093,6.14639412194099,-0.252382104348206,0.385556071964093,0.385556071964093,0.138042703634206,0.179496729290311,0.179496729290311,0,0,0,0,0,0,0,0,0,0,0,0,0,1,160,0,0,0,0,0,0,0,0,0,1,0,0,0
0.16,0.523598775598299,0.391632924600873,6.00723553399676,-0.253446079441286,0.391632924600873,0.391632924600873,0.131965850997426,0.168430541131233,0.168430541131233,0,0,0,0,0,0,0,0,0,0,0,0,0,1,161,0,0,0,0,0,0,0,0,0,1,0,0,0
0.161,0.523598775598299,0.397570424165607,5.86772629084638,-0.254078029963802,0.397570424165607,0.397570424165607,0.126028351432692,0.157795877444771,0.157795877444771,0,0,0,0,0,0,0,0,0,0,0,0,0,1,162,0,0,0,0,0,0,0,0,0,1,0,0,0
0.162,0.523598775598299,0.403368333289688,5.72809100447035,-0.254299758692499,0.403368333289688,0.403368333289688,0.120230442308611,0.147585563940343,0.147585563940343,0,0,0,0,0,0,0,0,0,0,0,0,0,1,163,0,0,0,0,0,0,0,0,0,1,0,0,0
0.163,0.523598775598299,0.409026633368747,5.58854263584245,-0.254132583928592,0.409026633368747,0.409026633368747,0.114572142229551,0.137792117921064,0.137792117921064,0,0,0,0,0,0,0,0,0,0,0,0,0,1,164,0,0,0,0,0,0,0,0,0,1,0,0,0
0.164,0.523598775598299,0.414545513045867,5.44928276418499,-0.253597329742536,0.414545513045867,0.414545513045867,0.109053262552432,0.12840777744486,0.12840777744486,0,0,0,0,0,0,0,0,0,0,0,0,0,1,165,0,0,0,0,0,0,0,0,0,1,0,0,0
0.165,0.523598775598299,0.419925356966416,5.3105018608598,-0.252714317581835,0.419925356966416,0.419925356966416,0.103673418631883,0.119424529377771,0.119424529377771,0,0,0,0,0,0,0,0,0,0,0,0,0,1,166,0,0,0,0,0,0,0,0,0,1,0,0,0
0.166,0.523598775598299,0.425166734808806,5.17237956718151,-0.251503359182174,0.425166734808806,0.425166734808806,0.0984320407894929,0.11083413635214,0.11083413635214,0,0,0,0,0,0,0,0,0,0,0,0,0,1,167,0,0,0,0,0,0,0,0,0,1,0,0,0
0.167,0.523598775598299,0.430270390594726,5.03508497547135,-0.249983750723175,0.430270390594726,0.430270390594726,0.0933283850035725,0.102628162643558,0.102628162643558,0,0,0,0,0,0,0,0,0,0,0,0,0,1,168,0,0,0,0,0,0,0,0,0,1,0,0,0
0.168,0.523598775598299,0.435237232281788,4.89877691270157,-0.248174268171176,0.435237232281788,0.435237232281788,0.0883615433165104,0.0947979989814731,0.0947979989814731,0,0,0,0,0,0,0,0,0,0,0,0,0,1,169,0,0,0,0,0,0,0,0,0,1,0,0,0
0.169,0.523598775598299,0.440068321640847,4.76360422611119,-0.246093163752551,0.440068321640847,0.440068321640847,0.0835304539574521,0.087334886309418,0.087334886309418,0,0,0,0,0,0,0,0,0,0,0,0,0,1,170,0,0,0,0,0,0,0,0,0,1,0,0,0
0.17,0.523598775598299,0.444764864419675,4.62970607020414,-0.243758163502229,0.444764864419675,0.444764864419675,0.078833911178624,0.0802299385116552,0.0802299385116552,0,0,0,0,0,0,0,0,0,0,0,0,0,1,171,0,0,0,0,0,0,0,0,0,1,0,0,0
0.171,0.523598775598299,0.449328200794098,4.49721219457029,-0.241186465833282,0.449328200794098,0.449328200794098,0.0742705748042013,0.0734741641239259,0.0734741641239259,0,0,0,0,0,0,0,0,0,0,0,0,0,1,172,0,0,0,0,0,0,0,0,0,1,0,0,0
0.172,0.523598775598299,0.453759796107132,4.36624323199917,-0.238394741074629,0.453759796107132,0.453759796107132,0.0698389794911668,0.0670584870467105,0.0670584870467105,0,0,0,0,0,0,0,0,0,0,0,0,0,1,173,0,0,0,0,0,0,0,0,0,1,0,0,0
0.173,0.523598775598299,0.458061231896179,4.23691098638395,-0.235399131925176,0.458061231896179,0.458061231896179,0.06553754370212,0.0609737662801109,0.0609737662801109,0,0,0,0,0,0,0,0,0,0,0,0,0,1,174,0,0,0,0,0,0,0,0,0,1,0,0,0
0.174,0.523598775598299,0.462234197207813,4.1093187199412,-0.232215254773934,0.462234197207813,0.462234197207813,0.0613645783904855,0.0552108147000697,0.0552108147000697,0,0,0,0,0,0,0,0,0,0,0,0,0,1,175,0,0,0,0,0,0,0,0,0,1,0,0,0
0.175,0.523598775598299,0.466280480199266,3.98356143929862,-0.228858201836961,0.466280480199266,0.466280480199266,0.0573182953990324,0.0497604168961997,0.0497604168961997,0,0,0,0,0,0,0,0,0,0,0,0,0,1,176,0,0,0,0,0,0,0,0,0,1,0,0,0
0.176,0.523598775598299,0.470201960025251,3.85972618002935,-0.225342544063238,0.470201960025251,0.470201960025251,0.0533968155730478,0.044613346091973,0.044613346091973,0,0,0,0,0,0,0,0,0,0,0,0,0,1,177,0,0,0,0,0,0,0,0,0,1,0,0,0
0.177,0.523598775598299,0.474000599008379,3.73789228923654,-0.221682334762887,0.474000599008379,0.474000599008379,0.0495981765899197,0.0397603801684505,0.0397603801684505,0,0,0,0,0,0,0,0,0,0,0,0,0,1,178,0,0,0,0,0,0,0,0,0,1,0,0,0
0.178,0.523598775598299,0.477678435091033,3.61813170581705,-0.217891113912479,0.477678435091033,0.477678435091033,0.0459203405072661,0.0351923168130888,0.0351923168130888,0,0,0,0,0,0,0,0,0,0,0,0,0,1,179,0,0,0,0,0,0,0,0,0,1,0,0,0
0.179,0.523598775598299,0.481237574566193,3.500509238057,-0.213981913093432,0.481237574566193,0.481237574566193,0.0423612010321056,0.0308999878154796,0.0308999878154796,0,0,0,0,0,0,0,0,0,0,0,0,0,1,180,0,0,0,0,0,0,0,0,0,1,0,0,0
0.18,0.523598775598299,0.484680185084395,3.38508283823505,-0.209967261020874,0.484680185084395,0.484680185084395,0.0389185905139035,0.0268742725321228,0.0268742725321228,0,0,0,0,0,0,0,0,0,0,0,0,0,1,181,0,0,0,0,0,0,0,0,0,1,0,0,0
0.181,0.523598775598299,0.488008488933662,3.2719038739323,-0.205859189621627,0.488008488933662,0.488008488933662,0.0355902866646372,0.0231061105425472,0.0231061105425472,0,0,0,0,0,0,0,0,0,0,0,0,0,1,182,0,0,0,0,0,0,0,0,0,1,0,0,0
0.182,0.523598775598299,0.491224756588983,3.16101739576918,-0.201669240621289,0.491224756588983,0.491224756588983,0.0323740190093155,0.0195865135192382,0.0195865135192382,0,0,0,0,0,0,0,0,0,0,0,0,0,1,183,0,0,0,0,0,0,0,0,0,1,0,0,0
0.183,0.523598775598299,0.494331300527643,3.05246240131119,-0.1974084726017,0.494331300527643,0.494331300527643,0.0292674750706562,0.0163065763339516,0.0163065763339516,0,0,0,0,0,0,0,0,0,0,0,0,0,1,184,0,0,0,0,0,0,0,0,0,1,0,0,0
0.184,0.523598775598299,0.497330469306425,2.9462720949056,-0.193087468491398,0.497330469306425,0.497330469306425,0.0262683062918735,0.0132574874230475,0.0132574874230475,0,0,0,0,0,0,0,0,0,0,0,0,0,1,185,0,0,0,0,0,0,0,0,0,1,0,0,0
0.185,0.523598775598299,0.500224641896544,2.84247414323104,-0.188716343452936,0.500224641896544,0.500224641896544,0.0233741337017552,0.0104305384345091,0.0104305384345091,0,0,0,0,0,0,0,0,0,0,0,0,0,1,186,0,0,0,0,0,0,0,0,0,1,0,0,0
0.186,0.523598775598299,0.503016222271882,2.74109092636115,-0.18430475313226,0.503016222271882,0.503016222271882,0.0205825533264171,0.00781713317928982,0.00781713317928982,0,0,0,0,0,0,0,0,0,0,0,0,0,1,187,0,0,0,0,0,0,0,0,0,1,0,0,0
0.187,0.523598775598299,0.505707634245985,2.64213978416144,-0.179861902236584,0.505707634245985,0.505707634245985,0.0178911413523134,0.00540879590958355,0.00540879590958355,0,0,0,0,0,0,0,0,0,0,0,0,0,1,188,0,0,0,0,0,0,0,0,0,1,0,0,0
0.188,0.523598775598299,0.508301316553047,2.5456332578565,-0.175396553408495,0.508301316553047,0.508301316553047,0.0152974590452523,0.00319717894651906,0.00319717894651906,0,0,0,0,0,0,0,0,0,0,0,0,0,1,189,0,0,0,0,0,0,0,0,0,1,0,0,0
0.189,0.523598775598299,0.510799718167979,2.45157932662156,-0.170917036365241,0.510799718167979,0.510799718167979,0.0127990574303198,0.0011740696796578,0.0011740696796578,0,0,0,0,0,0,0,0,0,0,0,0,0,1,190,0,0,0,0,0,0,0,0,0,1,0,0,0
0.19,0.523598775598299,0.513205293860543,2.35998163906875,-0.166431257273423,0.513205293860543,0.513205293860543,0.0103934817377562,-0.000668603039470878,-0.000668603039470878,0,0,0,0,0,0,0,0,0,0,0,0,0,1,191,0,0,0,0,0,0,0,0,0,1,0,0,0
0.191,0.523598775598299,0.515520499978353,2.27083973951392,-0.161946708330499,0.515520499978353,0.515520499978353,0.00807827561994556,-0.00233876308775706,-0.00233876308775706,0,0,0,0,0,0,0,0,0,0,0,0,0,1,192,0,0,0,0,0,0,0,0,0,1,0,0,0
0.192,0.523598775598299,0.517747790453508,2.18414928892513,-0.157470477525727,0.517747790453508,0.517747790453508,0.00585098514479099,-0.00384418182298074,-0.00384418182298074,0,0,0,0,0,0,0,0,0,0,0,0,0,1,193,0,0,0,0,0,0,0,0,0,1,0,0,0
0.193,0.523598775598299,0.519889613027463,2.09990228046792,-0.153009258554348,0.519889613027463,0.519889613027463,0.00370916257083631,-0.00519247337676596,-0.00519247337676596,0,0,0,0,0,0,0,0,0,0,0,0,0,1,194,0,0,0,0,0,0,0,0,0,1,0,0,0
0.194,0.523598775598299,0.521948405688725,2.01808724957655,-0.14856936085997,0.521948405688725,0.521948405688725,0.00165036990957423,-0.00639109046667464,-0.00639109046667464,0,0,0,0,0,0,0,0,0,0,0,0,0,1,195,0,0,0,0,0,0,0,0,0,1,0,0,0
0.195,0.523598775598299,0.523926593317854,1.93868947849322,-0.144156719781267,0.523926593317854,0.523926593317854,-0.000327817719555257,-0.00744732070638134,-0.00744732070638134,0,0,0,0,0,0,0,0,0,0,0,0,0,1,196,0,0,0,0,0,0,0,0,0,1,0,0,0
0.196,0.523598775598299,0.525826584534219,1.86169119522978,-0.139776906780203,0.525826584534219,0.525826584534219,-0.00222780893591978,-0.00836828339316562,-0.00836828339316562,0,0,0,0,0,0,0,0,0,0,0,0,0,1,197,0,0,0,0,0,0,0,0,0,1,0,0,0
0.197,0.523598775598299,0.527650768738907,1.78707176691845,-0.135435139730117,0.527650768738907,0.527650768738907,-0.00405199314060833,-0.0091609267522838,-0.0091609267522838,0,0,0,0,0,0,0,0,0,0,0,0,0,1,198,0,0,0,0,0,0,0,0,0,1,0,0,0
0.198,0.523598775598299,0.529401513348179,1.71480788752929,-0.131136293243047,0.529401513348179,0.529401513348179,-0.00580273774988005,-0.00983202561811463,-0.00983202561811463,0,0,0,0,0,0,0,0,0,0,0,0,0,1,199,0,0,0,0,0,0,0,0,0,1,0,0,0
0.199,0.523598775598299,0.531081161211808,1.64487375994281,-0.12688490901676,0.531081161211808,0.531081161211808,-0.007482385613509,-0.01038817953233,-0.01038817953233,0,0,0,0,0,0,0,0,0,0,0,0,0,1,200,0,0,0,0,0,0,0,0,0,1,0,0,0
0.2,0.523598775598299,0.532692028210677,1.57724127237627,-0.122685206182933,0.532692028210677,0.532692028210677,-0.00909325261237781,-0.0108358112397049,-0.0108358112397049,0,0,0,0,0,0,0,0,0,0,0,0,0,1,201,0,0,0,0,0,0,0,0,0,1,0,0,0
0.201,0.523598775598299,0.534236401027976,1.51188016917205,-0.118541091638991,0.534236401027976,0.534236401027976,-0.0106376254296775,-0.011181165562563,-0.011181165562563,0,0,0,0,0,0,0,0,0,0,0,0,0,1,202,0,0,0,0,0,0,0,0,0,1,0,0,0
0.202,0.523598775598299,0.535716535088383,1.44875821596512,-0.114456170347023,0.535716535088383,0.535716535088383,-0.0121177594900838,-0.0114303086352447,-0.0114303086352447,0,0,0,0,0,0,0,0,0,0,0,0,0,1,203,0,0,0,0,0,0,0,0,0,1,0,0,0
0.203,0.523598775598299,0.537134652659599,1.38784135925559,-0.110433755584205,0.537134652659599,0.537134652659599,-0.0135358770613003,-0.0115891274803853,-0.0115891274803853,0,0,0,0,0,0,0,0,0,0,0,0,0,1,204,0,0,0,0,0,0,0,0,0,1,0,0,0
0.204,0.523598775598299,0.53849294111069,1.32909388042019,-0.106476879130049,0.53849294111069,0.53849294111069,-0.0148941655123909,-0.0116633299092,-0.0116633299092,0,0,0,0,0,0,0,0,0,0,0,0,0,1,205,0,0,0,0,0,0,0,0,0,1,0,0,0
0.205,0.523598775598299,0.539793551321659,1.27247854420397,-0.102588301376714,0.539793551321659,0.539793551321659,-0.0161947757233598,-0.011658444728398,-0.011658444728398,0,0,0,0,0,0,0,0,0,0,0,0,0,1,206,0,0,0,0,0,0,0,0,0,1,0,0,0
0.206,0.523598775598299,0.541038596238783,1.21795674174081,-0.0987705213494892,0.541038596238783,0.541038596238783,-0.0174398206404841,-0.0115798222367602,-0.0115798222367602,0,0,0,0,0,0,0,0,0,0,0,0,0,1,207,0,0,0,0,0,0,0,0,0,1,0,0,0
0.207,0.523598775598299,0.542230149570251,1.16548862815786,-0.0950257866254077,0.542230149570251,0.542230149570251,-0.0186313739719525,-0.0114326349948553,-0.0114326349948553,0,0,0,0,0,0,0,0,0,0,0,0,0,1,208,0,0,0,0,0,0,0,0,0,1,0,0,0
0.208,0.523598775598299,0.543370244616726,1.11503325482494,-0.091356103138779,0.543370244616726,0.543370244616726,-0.0197714690184267,-0.0112218788518016,-0.0112218788518016,0,0,0,0,0,0,0,0,0,0,0,0,0,1,209,0,0,0,0,0,0,0,0,0,1,0,0,0
0.209,0.523598775598299,0.544460873231501,1.06654869631608,-0.0877632448632171,0.544460873231501,0.544460873231501,-0.0208620976332025,-0.0109523742134184,-0.0109523742134184,0,0,0,0,0,0,0,0,0,0,0,0,0,1,210,0,0,0,0,0,0,0,0,0,1,0,0,0
0.21,0.523598775598299,0.545503984905016,1.01999217215537,-0.0842487633605247,0.545503984905016,0.545503984905016,-0.0219052093067172,-0.0106287675365541,-0.0106287675365541,0,0,0,0,0,0,0,0,0,0,0,0,0,1,211,0,0,0,0,0,0,0,0,0,1,0,0,0
0.211,0.523598775598299,0.546501485968527,0.975320163424174,-0.080813997187535,0.546501485968527,0.546501485968527,-0.0229027103702284,-0.010255533034818,-0.010255533034818,0,0,0,0,0,0,0,0,0,0,0,0,0,1,212,0,0,0,0,0,0,0,0,0,1,0,0,0
0.212,0.523598775598299,0.547455238911862,0.932488524311464,-0.0774600811527368,0.547455238911862,0.547455238911862,-0.0238564633135632,-0.00983697458139363,-0.00983697458139363,0,0,0,0,0,0,0,0,0,0,0,0,0,1,213,0,0,0,0,0,0,0,0,0,1,0,0,0
0.213,0.523598775598299,0.548367061810225,0.89145258869289,-0.0741879554152043,0.548367061810225,0.548367061810225,-0.0247682862119259,-0.00937722779504559,-0.00937722779504559,0,0,0,0,0,0,0,0,0,0,0,0,0,1,214,0,0,0,0,0,0,0,0,0,1,0,0,0
0.214,0.523598775598299,0.549238727855135,0.85216727182815,-0.0709983744190262,0.549238727855135,0.549238727855135,-0.025639952256836,-0.00888026229588307,-0.00888026229588307,0,0,0,0,0,0,0,0,0,0,0,0,0,1,215,0,0,0,0,0,0,0,0,0,1,0,0,0
0.215,0.523598775598299,0.550071964984659,0.814587167269476,-0.0678919156570714,0.550071964984659,0.550071964984659,-0.0264731893863606,-0.00834988411788173,-0.00834988411788173,0,0,0,0,0,0,0,0,0,0,0,0,0,1,216,0,0,0,0,0,0,0,0,0,1,0,0,0
0.216,0.523598775598299,0.5508684556082,0.778666639077152,-0.0648689882585555,0.5508684556082,0.5508684556082,-0.0272696800099013,-0.00778973826560528,-0.00778973826560528,0,0,0,0,0,0,0,0,0,0,0,0,0,1,217,0,0,0,0,0,0,0,0,0,1,0,0,0
0.217,0.523598775598299,0.55162983642119,0.744359909440708,-0.0619298413954653,0.55162983642119,0.55162983642119,-0.028031060822891,-0.00720331140300733,-0.00720331140300733,0,0,0,0,0,0,0,0,0,0,0,0,0,1,218,0,0,0,0,0,0,0,0,0,1,0,0,0
0.218,0.523598775598299,0.552357698305156,0.711621141806824,-0.0590745725034743,0.552357698305156,0.552357698305156,-0.0287589227068573,-0.0065939346626291,-0.0065939346626291,0,0,0,0,0,0,0,0,0,0,0,0,0,1,219,0,0,0,0,0,0,0,0,0,1,0,0,0
0.219,0.523598775598299,0.553053586308707,0.680404519617081,-0.0563031353135329,0.553053586308707,0.553053586308707,-0.0294548107104087,-0.00596478656392987,-0.00596478656392987,0,0,0,0,0,0,0,0,0,0,0,0,0,1,220,0,0,0,0,0,0,0,0,0,1,0,0,0
0.22,0.523598775598299,0.553718999705107,0.650664320760533,-0.0536153476908394,0.553718999705107,0.553718999705107,-0.0301202241068083,-0.00531889602992895,-0.00531889602992895,0,0,0,0,0,0,0,0,0,0,0,0,0,1,221,0,0,0,0,0,0,0,0,0,1,0,0,0
0.221,0.523598775598299,0.5543553921222,0.622354987847598,-0.0510108992784066,0.5543553921222,0.5543553921222,-0.0307566165239015,-0.00465914549174255,-0.00465914549174255,0,0,0,0,0,0,0,0,0,0,0,0,0,1,222,0,0,0,0,0,0,0,0,0,1,0,0,0
0.222,0.523598775598299,0.554964171740572,0.595431194413052,-0.0484893589429146,0.554964171740572,0.554964171740572,-0.0313653961422727,-0.00398827407102523,-0.00398827407102523,0,0,0,0,0,0,0,0,0,0,0,0,0,1,223,0,0,0,0,0,0,0,0,0,1,0,0,0
0.223,0.523598775598299,0.555546701555915,0.569847907156935,-0.0460501820210026,0.555546701555915,0.555546701555915,-0.0319479259576158,-0.00330888083073422,-0.00330888083073422,0,0,0,0,0,0,0,0,0,0,0,0,0,1,224,0,0,0,0,0,0,0,0,0,1,0,0,0
0.224,0.523598775598299,0.556104299701708,0.545560444332978,-0.0436927173645881,0.556104299701708,0.556104299701708,-0.0325055241034089,-0.00262342808503391,-0.00262342808503391,0,0,0,0,0,0,0,0,0,0,0,0,0,1,225,0,0,0,0,0,0,0,0,0,1,0,0,0
0.225,0.523598775598299,0.556638239828397,0.522524530394696,-0.0414162141842178,0.556638239828397,0.556638239828397,-0.0330394642300981,-0.00193424475955942,-0.00193424475955942,0,0,0,0,0,0,0,0,0,0,0,0,0,1,226,0,0,0,0,0,0,0,0,0,1,0,0,0
0.226,0.523598775598299,0.557149751535401,0.500696347009665,-0.0392198286898471,0.557149751535401,0.557149751535401,-0.0335509759371021,-0.00124352979365411,-0.00124352979365411,0,0,0,0,0,0,0,0,0,0,0,0,0,1,227,0,0,0,0,0,0,0,0,0,1,0,0,0
0.227,0.523598775598299,0.55764002085236,0.480032580552615,-0.0371026305288252,0.55764002085236,0.55764002085236,-0.0340412452540612,-0.000553355576565995,-0.000553355576565995,0,0,0,0,0,0,0,0,0,0,0,0,0,1,228,0,0,0,0,0,0,0,0,0,1,0,0,0
0.228,0.523598775598299,0.558110190766163,0.460490466187942,-0.0350636090212093,0.558110190766163,0.558110190766163,-0.0345114151678637,0.000134328590022936,0.000134328590022936,0,0,0,0,0,0,0,0,0,0,0,0,0,1,229,0,0,0,0,0,0,0,0,0,1,0,0,0
0.229,0.523598775598299,0.558561361790397,0.442027828651971,-0.0331016791928732,0.558561361790397,0.558561361790397,-0.0349625861920984,0.000817693010391057,0.000817693010391057,0,0,0,0,0,0,0,0,0,0,0,0,0,1,230,0,0,0,0,0,0,0,0,0,1,0,0,0
0.23,0.523598775598299,0.55899459257398,0.424603119844929,-0.0312156876071893,0.55899459257398,0.55899459257398,-0.0353958169756816,0.00149502410100469,0.00149502410100469,0,0,0,0,0,0,0,0,0,0,0,0,0,1,231,0,0,0,0,0,0,0,0,0,1,0,0,0
0.231,0.523598775598299,0.559410900545828,0.408175453341968,-0.0294044179963584,0.559410900545828,0.559410900545828,-0.0358121249475294,0.00216472089111645,0.00216472089111645,0,0,0,0,0,0,0,0,0,0,0,0,0,1,232,0,0,0,0,0,0,0,0,0,1,0,0,0
0.232,0.523598775598299,0.559811262592543,0.392704635931899,-0.0276665966937458,0.559811262592543,0.559811262592543,-0.0362124869942441,0.00282529152393955,0.00282529152393955,0,0,0,0,0,0,0,0,0,0,0,0,0,1,233,0,0,0,0,0,0,0,0,0,1,0,0,0
0.233,0.523598775598299,0.560196615766198,0.378151196291374,-0.026000897868841,0.560196615766198,0.560196615766198,-0.0365978401678988,0.00347534976426202,0.00347534976426202,0,0,0,0,0,0,0,0,0,0,0,0,0,1,234,0,0,0,0,0,0,0,0,0,1,0,0,0
0.234,0.523598775598299,0.560567858019407,0.364476410901297,-0.0244059485667044,0.560567858019407,0.560567858019407,-0.0369690824211085,0.00411361151803526,0.00411361151803526,0,0,0,0,0,0,0,0,0,0,0,0,0,1,235,0,0,0,0,0,0,0,0,0,1,0,0,0
0.235,0.523598775598299,0.560925848964982,0.35164232731106,-0.0228803335539948,0.560925848964982,0.560925848964982,-0.0373270733666827,0.0047388913691517,0.0047388913691517,0,0,0,0,0,0,0,0,0,0,0,0,0,1,236,0,0,0,0,0,0,0,0,0,1,0,0,0
0.236,0.523598775598299,0.561271410657558,0.339611784855007,-0.0214225999738828,0.561271410657558,0.561271410657558,-0.0376726350592592,0.0053500991383184,0.0053500991383184,0,0,0,0,0,0,0,0,0,0,0,0,0,1,237,0,0,0,0,0,0,0,0,0,1,0,0,0
0.237,0.523598775598299,0.561605328394724,0.328348432924123,-0.0200312618123517,0.561605328394724,0.561605328394724,-0.0380065527964247,0.00594623646862101,0.00594623646862101,0,0,0,0,0,0,0,0,0,0,0,0,0,1,238,0,0,0,0,0,0,0,0,0,1,0,0,0
0.238,0.523598775598299,0.561928351535224,0.317816746894515,-0.0187048041785746,0.561928351535224,0.561928351535224,-0.0383295759369253,0.0065263934420938,0.0065263934420938,0,0,0,0,0,0,0,0,0,0,0,0,0,1,239,0,0,0,0,0,0,0,0,0,1,0,0,0
0.239,0.523598775598299,0.562241194331976,0.307982041812692,-0.0174416874022185,0.562241194331976,0.562241194331976,-0.0386424187336776,0.00708974523130479,0.00708974523130479,0,0,0,0,0,0,0,0,0,0,0,0,0,1,240,0,0,0,0,0,0,0,0,0,1,0,0,0
0.24,0.523598775598299,0.562544536777682,0.298810483936022,-0.0162403509506849,0.562544536777682,0.562544536777682,-0.0389457611793829,0.00763554878971055,0.00763554878971055,0,0,0,0,0,0,0,0,0,0,0,0,0,1,241,0,0,0,0,0,0,0,0,0,1,0,0,0
0.241,0.523598775598299,0.56283902546095,0.290269100225021,-0.0150992171694359,0.56283902546095,0.56283902546095,-0.0392402498626508,0.008163139584249,0.008163139584249,0,0,0,0,0,0,0,0,0,0,0,0,0,1,242,0,0,0,0,0,0,0,0,0,1,0,0,0
0.242,0.523598775598299,0.563125274430929,0.28232578588236,-0.0140166948486812,0.563125274430929,0.563125274430929,-0.0395264988326306,0.00867192837338893,0.00867192837338893,0,0,0,0,0,0,0,0,0,0,0,0,0,1,243,0,0,0,0,0,0,0,0,0,1,0,0,0
0.243,0.523598775598299,0.563403866068542,0.274949310031621,-0.0129911826198195,0.563403866068542,0.563403866068542,-0.0398050904702428,0.00916139803360135,0.00916139803360135,0,0,0,0,0,0,0,0,0,0,0,0,0,1,244,0,0,0,0,0,0,0,0,0,1,0,0,0
0.244,0.523598775598299,0.563675351962498,0.268109319626928,-0.0120210721851283,0.563675351962498,0.563675351962498,-0.0400765763641991,0.00963110043697345,0.00963110043697345,0,0,0,0,0,0,0,0,0,0,0,0,0,1,245,0,0,0,0,0,0,0,0,0,1,0,0,0
0.245,0.523598775598299,0.563940253788382,0.261776341682642,-0.0111047513842906,0.563940253788382,0.563940253788382,-0.0403414781900828,0.0100806533824573,0.0100806533824573,0,0,0,0,0,0,0,0,0,0,0,0,0,1,246,0,0,0,0,0,0,0,0,0,1,0,0,0
0.246,0.523598775598299,0.564199064189156,0.255921783910281,-0.0102406071014255,0.564199064189156,0.564199064189156,-0.0406002885908571,0.010509737583011,0.010509737583011,0,0,0,0,0,0,0,0,0,0,0,0,0,1,247,0,0,0,0,0,0,0,0,0,1,0,0,0
0.247,0.523598775598299,0.564452247655547,0.250517933847827,-0.00942702801636246,0.564452247655547,0.564452247655547,-0.0408534720572482,0.0109180937106862,0.0109180937106862,0,0,0,0,0,0,0,0,0,0,0,0,0,1,248,0,0,0,0,0,0,0,0,0,1,0,0,0
0.248,0.523598775598299,0.564700241404838,0.245537956564471,-0.00866240720395735,0.564700241404838,0.564700241404838,-0.0411014658065393,0.0113055195014942,0.0113055195014942,0,0,0,0,0,0,0,0,0,0,0,0,0,1,249,0,0,0,0,0,0,0,0,0,1,0,0,0
0.249,0.523598775598299,0.564943456256689,0.240955891021789,-0.00794514458529826,0.564943456256689,0.564943456256689,-0.0413446806583906,0.0116718669216901,0.0116718669216901,0,0,0,0,0,0,0,0,0,0,0,0,0,1,250,0,0,0,0,0,0,0,0,0,1,0,0,0
0.25,0.523598775598299,0.565182277504681,0.236746645170185,-0.00727364923469377,0.565182277504681,0.565182277504681,-0.0415835019063819,0.0120170393969204,0.0120170393969204,0,0,0,0,0,0,0,0,0,0,0,0,0,1,251,0,0,0,0,0,0,0,0,0,1,0,0,0
0.251,0.523598775598299,0.56541706578235,0.232885989857328,-0.00664634154636476,0.56541706578235,0.56541706578235,-0.0418182901840509,0.0123409891054957,0.0123409891054957,0,0,0,0,0,0,0,0,0,0,0,0,0,1,252,0,0,0,0,0,0,0,0,0,1,0,0,0
0.252,0.523598775598299,0.565648157922577,0.229350551623132,-0.00606165526478733,0.565648157922577,0.565648157922577,-0.0420493823242778,0.0126437143368691,0.0126437143368691,0,0,0,0,0,0,0,0,0,0,0,0,0,1,253,0,0,0,0,0,0,0,0,0,1,0,0,0
0.253,0.523598775598299,0.565875867809236,0.226117804453685,-0.00551803938265054,0.565875867809236,0.565875867809236,-0.0422770922109377,0.0129252569162413,0.0129252569162413,0,0,0,0,0,0,0,0,0,0,0,0,0,1,254,0,0,0,0,0,0,0,0,0,1,0,0,0
0.254,0.523598775598299,0.566100487220115,0.223166060564357,-0.00501395991039965,0.566100487220115,0.566100487220115,-0.0425017116218163,0.0131856996960428,0.0131856996960428,0,0,0,0,0,0,0,0,0,0,0,0,0,1,255,0,0,0,0,0,0,0,0,0,1,0,0,0
0.255,0.523598775598299,0.56632228666015,0.220474460280156,-0.0045479015213387,0.56632228666015,0.56632228666015,-0.0427235110618511,0.0134251641148966,0.0134251641148966,0,0,0,0,0,0,0,0,0,0,0,0,0,1,256,0,0,0,0,0,0,0,0,0,1,0,0,0
0.256,0.523598775598299,0.566541516184129,0.218022961079219,-0.00411836907625957,0.566541516184129,0.566541516184129,-0.0429427405858304,0.013643807824513,0.013643807824513,0,0,0,0,0,0,0,0,0,0,0,0,0,1,257,0,0,0,0,0,0,0,0,0,1,0,0,0
0.257,0.523598775598299,0.566758406208041,0.215792325863192,-0.00372388903155425,0.566758406208041,0.566758406208041,-0.0431596306097422,0.0138418223848347,0.0138418223848347,0,0,0,0,0,0,0,0,0,0,0,0,0,1,258,0,0,0,0,0,0,0,0,0,1,0,0,0
0.258,0.523598775598299,0.566973168308333,0.213764110516083,-0.00336301073474765,0.566973168308333,0.566973168308333,-0.0433743927100344,0.0140194310276138,0.0140194310276138,0,0,0,0,0,0,0,0,0,0,0,0,0,1,259,0,0,0,0,0,0,0,0,0,1,0,0,0
0.259,0.523598775598299,0.567185996008401,0.21192065081104,-0.00303430761136609,0.567185996008401,0.567185996008401,-0.043587220410102,0.0141768864884792,0.0141768864884792,0,0,0,0,0,0,0,0,0,0,0,0,0,1,260,0,0,0,0,0,0,0,0,0,1,0,0,0
0.26,0.523598775598299,0.567397065551678,0.210245048722391,-0.00273637824702683,0.567397065551678,0.567397065551678,-0.0437982899533792,0.0143144689074311,0.0143144689074311,0,0,0,0,0,0,0,0,0,0,0,0,0,1,261,0,0,0,0,0,0,0,0,0,1,0,0,0
0.261,0.523598775598299,0.567606536660768,0.208721158198174,-0.00246784736860126,0.567606536660768,0.567606536660768,-0.0440077610624694,0.0144324837975943,0.0144324837975943,0,0,0,0,0,0,0,0,0,0,0,0,0,1,262,0,0,0,0,0,0,0,0,0,1,0,0,0
0.262,0.523598775598299,0.567814553282099,0.207333570446299,-0.00222736672826443,0.567814553282099,0.567814553282099,-0.0442157776838003,0.0145312600819464,0.0145312600819464,0,0,0,0,0,0,0,0,0,0,0,0,0,1,263,0,0,0,0,0,0,0,0,0,1,0,0,0
0.263,0.523598775598299,0.568021244315642,0.206067598785437,-0.00201361589420241,0.568021244315642,0.568021244315642,-0.044422468717343,0.0146111481976466,0.0146111481976466,0,0,0,0,0,0,0,0,0,0,0,0,0,1,264,0,0,0,0,0,0,0,0,0,1,0,0,0
0.264,0.523598775598299,0.568226724329284,0.204909263109681,-0.00182530295170066,0.568226724329284,0.568226724329284,-0.0446279487309853,0.0146725182674914,0.0146725182674914,0,0,0,0,0,0,0,0,0,0,0,0,0,1,265,0,0,0,0,0,0,0,0,0,1,0,0,0
0.265,0.523598775598299,0.568431094257495,0.20384527401404,-0.00166116511828657,0.568431094257495,0.568431094257495,-0.0448323186591958,0.0147157583379383,0.0147157583379383,0,0,0,0,0,0,0,0,0,0,0,0,0,1,266,0,0,0,0,0,0,0,0,0,1,0,0,0
0.266,0.523598775598299,0.568634442083962,0.202863016625819,-0.00151996927654574,0.568634442083962,0.568634442083962,-0.045035666485663,0.0147412726830564,0.0147412726830564,0,0,0,0,0,0,0,0,0,0,0,0,0,1,267,0,0,0,0,0,0,0,0,0,1,0,0,0
0.267,0.523598775598299,0.568836843507936,0.201950534185023,-0.00140051242817331,0.568836843507936,0.568836843507936,-0.0452380679096375,0.0147494801736844,0.0147494801736844,0,0,0,0,0,0,0,0,0,0,0,0,0,1,268,0,0,0,0,0,0,0,0,0,1,0,0,0
0.268,0.523598775598299,0.569038362594044,0.201096511414989,-0.00130162207276278,0.569038362594044,0.569038362594044,-0.0454395869957447,0.0147408127110113,0.0147408127110113,0,0,0,0,0,0,0,0,0,0,0,0,0,1,269,0,0,0,0,0,0,0,0,0,1,0,0,0
0.269,0.523598775598299,0.56923905240538,0.200290257722588,-0.00122215651477015,0.56923905240538,0.56923905240538,-0.0456402768070812,0.0147157137237211,0.0147157137237211,0,0,0,0,0,0,0,0,0,0,0,0,0,1,270,0,0,0,0,0,0,0,0,0,1,0,0,0
0.27,0.523598775598299,0.56943895561974,0.199521690265472,-0.00116100510202766,0.56943895561974,0.56943895561974,-0.0458401800214416,0.0146746367277861,0.0146746367277861,0,0,0,0,0,0,0,0,0,0,0,0,0,1,271,0,0,0,0,0,0,0,0,0,1,0,0,0
0.271,0.523598775598299,0.569638105128859,0.198781316922059,-0.00111708839911409,0.569638105128859,0.569638105128859,-0.0460393295305604,0.0146180439479419,0.0146180439479419,0,0,0,0,0,0,0,0,0,0,0,0,0,1,272,0,0,0,0,0,0,0,0,0,1,0,0,0
0.272,0.523598775598299,0.569836524620589,0.198060219198165,-0.00108935829881702,0.569836524620589,0.569836524620589,-0.0462377490222901,0.0145464049998141,0.0145464049998141,0,0,0,0,0,0,0,0,0,0,0,0,0,1,273,0,0,0,0,0,0,0,0,0,1,0,0,0
0.273,0.523598775598299,0.570034229143966,0.197350035102468,-0.0010767980748548,0.570034229143966,0.570034229143966,-0.046435453545667,0.0144601956316334,0.0144601956316334,0,0,0,0,0,0,0,0,0,0,0,0,0,1,274,0,0,0,0,0,0,0,0,0,1,0,0,0
0.274,0.523598775598299,0.57023122565715,0.196642942021289,-0.00107842237895072,0.57023122565715,0.57023122565715,-0.0466324500588513,0.0143598965244216,0.0143598965244216,0,0,0,0,0,0,0,0,0,0,0,0,0,1,275,0,0,0,0,0,0,0,0,0,1,0,0,0
0.275,0.523598775598299,0.570427513558251,0.19593163962154,-0.00109327718527982,0.570427513558251,0.570427513558251,-0.0468287379599518,0.0142459921495013,0.0142459921495013,0,0,0,0,0,0,0,0,0,0,0,0,0,1,276,0,0,0,0,0,0,0,0,0,1,0,0,0
0.276,0.523598775598299,0.570623085199078,0.195209332809064,-0.00112043968523299,0.570623085199078,0.570623085199078,-0.0470243096007795,0.014118969682146,0.014118969682146,0,0,0,0,0,0,0,0,0,0,0,0,0,1,277,0,0,0,0,0,0,0,0,0,1,0,0,0
0.277,0.523598775598299,0.570817926381898,0.194469714768027,-0.00115901813536662,0.570817926381898,0.570817926381898,-0.0472191507835993,0.0139793179701472,0.0139793179701472,0,0,0,0,0,0,0,0,0,0,0,0,0,1,278,0,0,0,0,0,0,0,0,0,1,0,0,0
0.278,0.523598775598299,0.571012016839269,0.193706950105507,-0.0012081516613324,0.571012016839269,0.571012016839269,-0.0474132412409702,0.0138275265560658,0.0138275265560658,0,0,0,0,0,0,0,0,0,0,0,0,0,1,279,0,0,0,0,0,0,0,0,0,1,0,0,0
0.279,0.523598775598299,0.571205330697092,0.192915658123916,-0.00126701002050121,0.571205330697092,0.571205330697092,-0.0476065550987932,0.0136640847518982,0.0136640847518982,0,0,0,0,0,0,0,0,0,0,0,0,0,1,280,0,0,0,0,0,0,0,0,0,1,0,0,0
0.28,0.523598775598299,0.571397836921002,0.192090896242477,-0.00133479332591937,0.571397836921002,0.571397836921002,-0.0477990613227034,0.0134894807648707,0.0134894807648707,0,0,0,0,0,0,0,0,0,0,0,0,0,1,281,0,0,0,0,0,0,0,0,0,1,0,0,0
0.281,0.523598775598299,0.571589499746266,0.191228143587556,-0.00141073173415807,0.571589499746266,0.571589499746266,-0.0479907241479677,0.0133042008730639,0.0133042008730639,0,0,0,0,0,0,0,0,0,0,0,0,0,1,282,0,0,0,0,0,0,0,0,0,1,0,0,0
0.282,0.523598775598299,0.571780279091363,0.190323284770293,-0.00149408509953806,0.571780279091363,0.571780279091363,-0.048181503493064,0.0131087286495489,0.0131087286495489,0,0,0,0,0,0,0,0,0,0,0,0,0,1,283,0,0,0,0,0,0,0,0,0,1,0,0,0
0.283,0.523598775598299,0.571970130955438,0.189372593868686,-0.00158414259713449,0.571970130955438,0.571970130955438,-0.0483713553571397,0.012903544233712,0.012903544233712,0,0,0,0,0,0,0,0,0,0,0,0,0,1,284,0,0,0,0,0,0,0,0,0,1,0,0,0
0.284,0.523598775598299,0.572159007799858,0.18837271862996,-0.00168022231688861,0.572159007799858,0.572159007799858,-0.0485602322015596,0.0126891236484333,0.0126891236484333,0,0,0,0,0,0,0,0,0,0,0,0,0,1,285,0,0,0,0,0,0,0,0,0,1,0,0,0
0.285,0.523598775598299,0.572346858914074,0.187320664907886,-0.00178167083107613,0.572346858914074,0.572346858914074,-0.0487480833157752,0.0124659381617797,0.0124659381617797,0,0,0,0,0,0,0,0,0,0,0,0,0,1,286,0,0,0,0,0,0,0,0,0,1,0,0,0
0.286,0.523598775598299,0.57253363076605,0.186213781348459,-0.0018878627373053,0.57253363076605,0.57253363076605,-0.0489348551677513,0.0122344536918755,0.0122344536918755,0,0,0,0,0,0,0,0,0,0,0,0,0,1,287,0,0,0,0,0,0,0,0,0,1,0,0,0
0.287,0.523598775598299,0.572719267337509,0.185049744336255,-0.00199820017913985,0.572719267337509,0.572719267337509,-0.0491204917392104,0.0119951302536029,0.0119951302536029,0,0,0,0,0,0,0,0,0,0,0,0,0,1,288,0,0,0,0,0,0,0,0,0,1,0,0,0
0.288,0.523598775598299,0.572903710444255,0.183826543212644,-0.00211211234636854,0.572903710444255,0.572903710444255,-0.0493049348459563,0.011748421445801,0.011748421445801,0,0,0,0,0,0,0,0,0,0,0,0,0,1,289,0,0,0,0,0,0,0,0,0,1,0,0,0
0.289,0.523598775598299,0.573086900041857,0.182542465775986,-0.00222905495686523,0.573086900041857,0.573086900041857,-0.0494881244435579,0.011494773977622,0.011494773977622,0,0,0,0,0,0,0,0,0,0,0,0,0,1,290,0,0,0,0,0,0,0,0,0,1,0,0,0
0.29,0.523598775598299,0.573268774516975,0.181196084072916,-0.00234850972191115,0.573268774516975,0.573268774516975,-0.0496699989186761,0.0112346272327221,0.0112346272327221,0,0,0,0,0,0,0,0,0,0,0,0,0,1,291,0,0,0,0,0,0,0,0,0,1,0,0,0
0.291,0.523598775598299,0.573449270964632,0.17978624048883,-0.00246998379677586,0.573449270964632,0.573449270964632,-0.0498504953663335,0.0109684128699603,0.0109684128699603,0,0,0,0,0,0,0,0,0,0,0,0,0,1,292,0,0,0,0,0,0,0,0,0,1,0,0,0
0.292,0.523598775598299,0.573628325451723,0.178312034144746,-0.00259300921828327,0.573628325451723,0.573628325451723,-0.0500295498534244,0.010696554459303,0.010696554459303,0,0,0,0,0,0,0,0,0,0,0,0,0,1,293,0,0,0,0,0,0,0,0,0,1,0,0,0
0.293,0.523598775598299,0.573805873267079,0.176772807606811,-0.00271714233101377,0.573805873267079,0.573805873267079,-0.0502070976687801,0.010419467151629,0.010419467151629,0,0,0,0,0,0,0,0,0,0,0,0,0,1,294,0,0,0,0,0,0,0,0,0,1,0,0,0
0.294,0.523598775598299,0.573981849158399,0.175168133913857,-0.00284196320372731,0.573981849158399,0.573981849158399,-0.0503830735600997,0.0101375573811538,0.0101375573811538,0,0,0,0,0,0,0,0,0,0,0,0,0,1,295,0,0,0,0,0,0,0,0,0,1,0,0,0
0.295,0.523598775598299,0.574156187556371,0.173497803927572,-0.0029670750375198,0.574156187556371,0.574156187556371,-0.0505574119580725,0.00985122259919982,0.00985122259919982,0,0,0,0,0,0,0,0,0,0,0,0,0,1,296,0,0,0,0,0,0,0,0,0,1,0,0,0
0.296,0.523598775598299,0.574328822786309,0.171761814009075,-0.00309210356715908,0.574328822786309,0.574328822786309,-0.0507300471880101,0.0095608510380622,0.0095608510380622,0,0,0,0,0,0,0,0,0,0,0,0,0,1,297,0,0,0,0,0,0,0,0,0,1,0,0,0
0.297,0.523598775598299,0.574499689267621,0.169960354024919,-0.00321669645697813,0.574499689267621,0.574499689267621,-0.0509009136693225,0.00926682150372704,0.00926682150372704,0,0,0,0,0,0,0,0,0,0,0,0,0,1,298,0,0,0,0,0,0,0,0,0,1,0,0,0
0.298,0.523598775598299,0.574668721701463,0.168093795684823,-0.00334052269263982,0.574668721701463,0.574668721701463,-0.0510699461031643,0.00896950319622777,0.00896950319622777,0,0,0,0,0,0,0,0,0,0,0,0,0,1,299,0,0,0,0,0,0,0,0,0,1,0,0,0
0.299,0.523598775598299,0.574835855246884,0.166162681212769,-0.00346327197002158,0.574835855246884,0.574835855246884,-0.0512370796485851,0.00866925555644091,0.00866925555644091,0,0,0,0,0,0,0,0,0,0,0,0,0,1,300,0,0,0,0,0,0,0,0,0,1,0,0,0
0.3,0.523598775598299,0.575001025685819,0.164167712352429,-0.00358465408240521,0.575001025685819,0.575001025685819,-0.0514022500875198,0.00836642813813543,0.00836642813813543,0,0,0,0,0,0,0,0,0,0,0,0,0,1,301,0,0,0,0,0,0,0,0,0,1,0,0,0
0.301,0.523598775598299,0.575164169577248,0.162109739707272,-0.00370439830709858,0.575164169577248,0.575164169577248,-0.0515653939789489,0.0080613605041279,0.0080613605041279,0,0,0,0,0,0,0,0,0,0,0,0,0,1,302,0,0,0,0,0,0,0,0,0,1,0,0,0
0.302,0.523598775598299,0.575325224400868,0.159989752415143,-0.00382225279255171,0.575325224400868,0.575325224400868,-0.0517264488025692,0.00775438214539947,0.00775438214539947,0,0,0,0,0,0,0,0,0,0,0,0,0,1,303,0,0,0,0,0,0,0,0,0,1,0,0,0
0.303,0.523598775598299,0.575484128690602,0.157808868156524,-0.00393798394697488,0.575484128690602,0.575484128690602,-0.0518853530923035,0.0074458124220679,0.0074458124220679,0,0,0,0,0,0,0,0,0,0,0,0,0,1,304,0,0,0,0,0,0,0,0,0,1,0,0,0
0.304,0.523598775598299,0.575640822158285,0.155568323495175,-0.00405137582940695,0.575640822158285,0.575640822158285,-0.0520420465599867,0.00713596052512058,0.00713596052512058,0,0,0,0,0,0,0,0,0,0,0,0,0,1,305,0,0,0,0,0,0,0,0,0,1,0,0,0
0.305,0.523598775598299,0.575795245807856,0.153269464549378,-0.00416222954412826,0.575795245807856,0.575795245807856,-0.0521964702095569,0.00682512545784822,0.00682512545784822,0,0,0,0,0,0,0,0,0,0,0,0,0,1,306,0,0,0,0,0,0,0,0,0,1,0,0,0
0.306,0.523598775598299,0.575947342040381,0.150913737991534,-0.00427036263925669,0.575947342040381,0.575947342040381,-0.0523485664420822,0.00651359603593549,0.00651359603593549,0,0,0,0,0,0,0,0,0,0,0,0,0,1,307,0,0,0,0,0,0,0,0,0,1,0,0,0
0.307,0.523598775598299,0.57609705475025,0.148502682373427,-0.00437560851031421,0.57609705475025,0.57609705475025,-0.0524982791519513,0.00620165090519206,0.00620165090519206,0,0,0,0,0,0,0,0,0,0,0,0,0,1,308,0,0,0,0,0,0,0,0,0,1,0,0,0
0.308,0.523598775598299,0.576244329412848,0.146037919774071,-0.00447781580950021,0.576244329412848,0.576244329412848,-0.0526455538145489,0.00588955857593906,0.00588955857593906,0,0,0,0,0,0,0,0,0,0,0,0,0,1,309,0,0,0,0,0,0,0,0,0,1,0,0,0
0.309,0.523598775598299,0.57638911316404,0.143521147766696,-0.00457684786135687,0.57638911316404,0.57638911316404,-0.0527903375657413,0.00557757747307852,0.00557757747307852,0,0,0,0,0,0,0,0,0,0,0,0,0,1,310,0,0,0,0,0,0,0,0,0,1,0,0,0
0.31,0.523598775598299,0.576531354871783,0.14095413170104,-0.00467258208546626,0.576531354871783,0.576531354871783,-0.0529325792734846,0.00526595600091315,0.00526595600091315,0,0,0,0,0,0,0,0,0,0,0,0,0,1,311,0,0,0,0,0,0,0,0,0,1,0,0,0
0.311,0.523598775598299,0.576671005200172,0.138338697296832,-0.00476490942677043,0.576671005200172,0.576671005200172,-0.0530722296018729,0.00495493262180263,0.00495493262180263,0,0,0,0,0,0,0,0,0,0,0,0,0,1,312,0,0,0,0,0,0,0,0,0,1,0,0,0
0.312,0.523598775598299,0.576808016666231,0.135676723544012,-0.00485373379406098,0.576808016666231,0.576808016666231,-0.0532092410679327,0.00464473594776538,0.00464473594776538,0,0,0,0,0,0,0,0,0,0,0,0,0,1,313,0,0,0,0,0,0,0,0,0,1,0,0,0
0.313,0.523598775598299,0.576942343689768,0.132970135904997,-0.00493897150714309,0.576942343689768,0.576942343689768,-0.0533435680914695,0.00433558484417224,0.00433558484417224,0,0,0,0,0,0,0,0,0,0,0,0,0,1,314,0,0,0,0,0,0,0,0,0,1,0,0,0
0.314,0.523598775598299,0.577073942636564,0.130220899814011,-0.0050205507531341,0.577073942636564,0.577073942636564,-0.0534751670382653,0.0040276885446916,0.0040276885446916,0,0,0,0,0,0,0,0,0,0,0,0,0,1,315,0,0,0,0,0,0,0,0,0,1,0,0,0
0.315,0.523598775598299,0.577202771855221,0.127431014468282,-0.00509841105231914,0.577202771855221,0.577202771855221,-0.0536039962569222,0.00372124677668226,0.00372124677668226,0,0,0,0,0,0,0,0,0,0,0,0,0,1,316,0,0,0,0,0,0,0,0,0,1,0,0,0
0.316,0.523598775598299,0.577328791707939,0.124602506905713,-0.0051725027339454,0.577328791707939,0.577328791707939,-0.0537300161096403,0.00341644989625195,0.00341644989625195,0,0,0,0,0,0,0,0,0,0,0,0,0,1,317,0,0,0,0,0,0,0,0,0,1,0,0,0
0.317,0.523598775598299,0.577451964595514,0.121737426363418,-0.00524278642229958,0.577451964595514,0.577451964595514,-0.0538531889972147,0.00311347903222256,0.00311347903222256,0,0,0,0,0,0,0,0,0,0,0,0,0,1,318,0,0,0,0,0,0,0,0,0,1,0,0,0
0.318,0.523598775598299,0.577572254976827,0.118837838911353,-0.00530923253337831,0.577572254976827,0.577572254976827,-0.0539734793785284,0.00281250623827789,0.00281250623827789,0,0,0,0,0,0,0,0,0,0,0,0,0,1,319,0,0,0,0,0,0,0,0,0,1,0,0,0
0.319,0.523598775598299,0.577689629383114,0.115905822355136,-0.00537182078242445,0.577689629383114,0.577689629383114,-0.0540908537848152,0.00251369465258372,0.00251369465258372,0,0,0,0,0,0,0,0,0,0,0,0,0,1,320,0,0,0,0,0,0,0,0,0,1,0,0,0
0.32,0.523598775598299,0.577804056427255,0.112943461402002,-0.00543053970257158,0.577804056427255,0.577804056427255,-0.0542052808289563,0.00221719866420794,0.00221719866420794,0,0,0,0,0,0,0,0,0,0,0,0,0,1,321,0,0,0,0,0,0,0,0,0,1,0,0,0
0.321,0.523598775598299,0.577915506808371,0.10995284308371,-0.00548538617480485,0.577915506808371,0.577915506808371,-0.0543167312100722,0.00192316408568485,0.00192316408568485,0,0,0,0,0,0,0,0,0,0,0,0,0,1,322,0,0,0,0,0,0,0,0,0,1,0,0,0
0.322,0.523598775598299,0.578023953311962,0.106936052430166,-0.00553636496941705,0.578023953311962,0.578023953311962,-0.0544251777136635,0.00163172833109532,0.00163172833109532,0,0,0,0,0,0,0,0,0,0,0,0,0,1,323,0,0,0,0,0,0,0,0,0,1,0,0,0
0.323,0.523598775598299,0.578129370805847,0.10389516838739,-0.00558348829911014,0.578129370805847,0.578129370805847,-0.0545305952075478,0.00134302059906127,0.00134302059906127,0,0,0,0,0,0,0,0,0,0,0,0,0,1,324,0,0,0,0,0,0,0,0,0,1,0,0,0
0.324,0.523598775598299,0.578231736232133,0.100832259973421,-0.0056267753838635,0.578231736232133,0.578231736232133,-0.0546329606338346,0.00105716206007331,0.00105716206007331,0,0,0,0,0,0,0,0,0,0,0,0,0,1,325,0,0,0,0,0,0,0,0,0,1,0,0,0
0.325,0.523598775598299,0.578331028595471,0.0977493826656874,-0.00566625202766534,0.578331028595471,0.578331028595471,-0.0547322529971718,0.000774266047601335,0.000774266047601335,0,0,0,0,0,0,0,0,0,0,0,0,0,1,326,0,0,0,0,0,0,0,0,0,1,0,0,0
0.326,0.523598775598299,0.578427228947791,0.0946485750133452,-0.00570195020717625,0.578427228947791,0.578427228947791,-0.0548284533494926,0.000494438252452378,0.000494438252452378,0,0,0,0,0,0,0,0,0,0,0,0,0,1,327,0,0,0,0,0,0,0,0,0,1,0,0,0
0.327,0.523598775598299,0.578520320369784,0.0915318554680311,-0.00573390767237226,0.578520320369784,0.578520320369784,-0.0549215447714853,0.000217776919870571,0.000217776919870571,0,0,0,0,0,0,0,0,0,0,0,0,0,1,328,0,0,0,0,0,0,0,0,0,1,0,0,0
0.328,0.523598775598299,0.578610287949298,0.0884012194264982,-0.00576216755919084,0.578610287949298,0.578610287949298,-0.055011512350999,-5.56269511051422e-05,-5.56269511051422e-05,0,0,0,0,0,0,0,0,0,0,0,0,0,1,329,0,0,0,0,0,0,0,0,0,1,0,0,0
0.329,0.523598775598299,0.578697118756895,0.085258636478576,-0.00578677801418162,0.578697118756895,0.578697118756895,-0.0550983431585966,-0.000325689406488749,-0.000325689406488749,0,0,0,0,0,0,0,0,0,0,0,0,0,1,330,0,0,0,0,0,0,0,0,0,1,0,0,0
0.33,0.523598775598299,0.578780801818753,0.0821060478539151,-0.00580779183114399,0.578780801818753,0.578780801818753,-0.0551820262204543,-0.000592333334839351,-0.000592333334839351,0,0,0,0,0,0,0,0,0,0,0,0,0,1,331,0,0,0,0,0,0,0,0,0,1,0,0,0
0.331,0.523598775598299,0.578861328087105,0.0789453640609949,-0.00582526609971357,0.578861328087105,0.578861328087105,-0.0552625524888058,-0.000855488263819121,-0.000855488263819121,0,0,0,0,0,0,0,0,0,0,0,0,0,1,332,0,0,0,0,0,0,0,0,0,1,0,0,0
0.332,0.523598775598299,0.578938690408417,0.0757784627119024,-0.00583926186584301,0.578938690408417,0.578938690408417,-0.0553399148101182,-0.00111509015620986,-0.00111509015620986,0,0,0,0,0,0,0,0,0,0,0,0,0,1,333,0,0,0,0,0,0,0,0,0,1,0,0,0
0.333,0.523598775598299,0.579012883489482,0.0726071865264281,-0.00584984380410327,0.579012883489482,0.579012883489482,-0.0554141078911827,-0.00137108120576795,-0.00137108120576795,0,0,0,0,0,0,0,0,0,0,0,0,0,1,334,0,0,0,0,0,0,0,0,0,1,0,0,0
0.334,0.523598775598299,0.579083903861596,0.0694333415090745,-0.00585707990171718,0.579083903861596,0.579083903861596,-0.055485128263297,-0.0016234096332744,-0.0016234096332744,0,0,0,0,0,0,0,0,0,0,0,0,0,1,335,0,0,0,0,0,0,0,0,0,1,0,0,0
0.335,0.523598775598299,0.579151749843007,0.0662586952926272,-0.00586104115422203,0.579151749843007,0.579151749843007,-0.055552974244708,-0.00187202948311496,-0.00187202948311496,0,0,0,0,0,0,0,0,0,0,0,0,0,1,336,0,0,0,0,0,0,0,0,0,1,0,0,0
0.336,0.523598775598299,0.579216421499778,0.0630849756420023,-0.00586180127264302,0.579216421499778,0.579216421499778,-0.0556176459014791,-0.0021169004207103,-0.0021169004207103,0,0,0,0,0,0,0,0,0,0,0,0,0,1,337,0,0,0,0,0,0,0,0,0,1,0,0,0
0.337,0.523598775598299,0.579277920605238,0.0599138691121555,-0.00585943640204734,0.579277920605238,0.579277920605238,-0.0556791450069387,-0.0023579875310922,-0.0023579875310922,0,0,0,0,0,0,0,0,0,0,0,0,0,1,338,0,0,0,0,0,0,0,0,0,1,0,0,0
0.338,0.523598775598299,0.57933625059816,0.0567470198539144,-0.00585402485133568,0.57933625059816,0.57933625059816,-0.055737474999861,-0.0025952611189102,-0.0025952611189102,0,0,0,0,0,0,0,0,0,0,0,0,0,1,339,0,0,0,0,0,0,0,0,0,1,0,0,0
0.339,0.523598775598299,0.579391416539823,0.0535860285616811,-0.00584564683411759,0.579391416539823,0.579391416539823,-0.0557926409415245,-0.0028286965101294,-0.0028286965101294,0,0,0,0,0,0,0,0,0,0,0,0,0,1,340,0,0,0,0,0,0,0,0,0,1,0,0,0
0.34,0.523598775598299,0.579443425070085,0.0504324515570378,-0.00583438422050629,0.579443425070085,0.579443425070085,-0.0558446494717857,-0.00305827385566509,-0.00305827385566509,0,0,0,0,0,0,0,0,0,0,0,0,0,1,341,0,0,0,0,0,0,0,0,0,1,0,0,0
0.341,0.523598775598299,0.579492284362602,0.047287800002387,-0.0058203202996586,0.579492284362602,0.579492284362602,-0.0558935087643033,-0.00328397793718635,-0.00328397793718635,0,0,0,0,0,0,0,0,0,0,0,0,0,1,342,0,0,0,0,0,0,0,0,0,1,0,0,0
0.342,0.523598775598299,0.579538004079336,0.044153539238854,-0.00580353955287822,0.579538004079336,0.579538004079336,-0.0559392284810372,-0.00350579797529771,-0.00350579797529771,0,0,0,0,0,0,0,0,0,0,0,0,0,1,343,0,0,0,0,0,0,0,0,0,1,0,0,0
0.343,0.523598775598299,0.579580595324445,0.0410310882427844,-0.00578412743709096,0.579580595324445,0.579580595324445,-0.0559818197261462,-0.00372372744030236,-0.00372372744030236,0,0,0,0,0,0,0,0,0,0,0,0,0,1,344,0,0,0,0,0,0,0,0,0,1,0,0,0
0.344,0.523598775598299,0.579620070597698,0.0379218191952754,-0.00576217017849552,0.579620070597698,0.579620070597698,-0.0560212949993991,-0.00393776386572259,-0.00393776386572259,0,0,0,0,0,0,0,0,0,0,0,0,0,1,345,0,0,0,0,0,0,0,0,0,1,0,0,0
0.345,0.523598775598299,0.579656443747507,0.0348270571592939,-0.00573775457618448,0.579656443747507,0.579656443747507,-0.0560576681492084,-0.00414790866475048,-0.00414790866475048,0,0,0,0,0,0,0,0,0,0,0,0,0,1,346,0,0,0,0,0,0,0,0,0,1,0,0,0
0.346,0.523598775598299,0.579689729923693,0.0317480798590439,-0.00571096781552621,0.579689729923693,0.579689729923693,-0.0560909543253946,-0.00435416694978194,-0.00435416694978194,0,0,0,0,0,0,0,0,0,0,0,0,0,1,347,0,0,0,0,0,0,0,0,0,1,0,0,0
0.347,0.523598775598299,0.579719945530076,0.028686117556368,-0.00568189729109312,0.579719945530076,0.579719945530076,-0.056121169931777,-0.00455654735517216,-0.00455654735517216,0,0,0,0,0,0,0,0,0,0,0,0,0,1,348,0,0,0,0,0,0,0,0,0,1,0,0,0
0.348,0.523598775598299,0.579747108176987,0.0256423530190829,-0.00565063043891621,0.579747108176987,0.579747108176987,-0.0561483325786883,-0.0047550618633419,-0.0047550618633419,0,0,0,0,0,0,0,0,0,0,0,0,0,1,349,0,0,0,0,0,0,0,0,0,1,0,0,0
0.349,0.523598775598299,0.579771236633801,0.0226179215762736,-0.00561725457784297,0.579771236633801,0.579771236633801,-0.0561724610355018,-0.00494972563434964,-0.00494972563434964,0,0,0,0,0,0,0,0,0,0,0,0,0,1,350,0,0,0,0,0,0,0,0,0,1,0,0,0
0.35,0.523598775598299,0.579792350781553,0.0196139112556921,-0.0055818567597725,0.579792350781553,0.579792350781553,-0.0561935751832537,-0.00514055683903011,-0.00514055683903011,0,0,0,0,0,0,0,0,0,0,0,0,0,1,351,0,0,0,0,0,0,0,0,0,1,0,0,0
0.351,0.523598775598299,0.579810471565743,0.0166313629985331,-0.00554452362853823,0.579810471565743,0.579810471565743,-0.0562116959674439,-0.00532757649579135,-0.00532757649579135,0,0,0,0,0,0,0,0,0,0,0,0,0,1,352,0,0,0,0,0,0,0,0,0,1,0,0,0
0.352,0.523598775598299,0.579825620949385,0.0136712709469844,-0.00550534128720682,0.579825620949385,0.579825620949385,-0.0562268453510865,-0.00551080831115069,-0.00551080831115069,0,0,0,0,0,0,0,0,0,0,0,0,0,1,353,0,0,0,0,0,0,0,0,0,1,0,0,0
0.353,0.523598775598299,0.579837821866383,0.0107345828000769,-0.00546439517356066,0.579837821866383,0.579837821866383,-0.0562390462680837,-0.0056902785240788,-0.0056902785240788,0,0,0,0,0,0,0,0,0,0,0,0,0,1,354,0,0,0,0,0,0,0,0,0,1,0,0,0
0.354,0.523598775598299,0.579847098175286,0.00782220023348659,-0.00542176994352978,0.579847098175286,0.579847098175286,-0.0562483225769876,-0.00586601575420925,-0.00586601575420925,0,0,0,0,0,0,0,0,0,0,0,0,0,1,355,0,0,0,0,0,0,0,0,0,1,0,0,0
0.355,0.523598775598299,0.57985347461351,0.00493497937907064,-0.00537754936233789,0.57985347461351,0.57985347461351,-0.0562546990152115,-0.00603805085396536,-0.00603805085396536,0,0,0,0,0,0,0,0,0,0,0,0,0,1,356,0,0,0,0,0,0,0,0,0,1,0,0,0
0.356,0.523598775598299,0.579856976752048,0.00207373136004463,-0.00533181620312792,0.579856976752048,0.579856976752048,-0.0562582011537491,-0.00620641676464137,-0.00620641676464137,0,0,0,0,0,0,0,0,0,0,0,0,0,1,357,0,0,0,0,0,0,0,0,0,1,0,0,0
0.357,0.523598775598299,0.579857630950754,-0.000760777122159858,-0.00528465215283153,0.579857630950754,0.579857630950754,-0.0562588553524556,-0.0063711483764719,-0.0063711483764719,0,0,0,0,0,0,0,0,0,0,0,0,0,1,358,0,0,0,0,0,0,0,0,0,1,0,0,0
0.358,0.523598775598299,0.579855464314238,-0.00356782315319292,-0.0052361377250484,0.579855464314238,0.579855464314238,-0.0562566887159389,-0.00653228239271053,-0.00653228239271053,0,0,0,0,0,0,0,0,0,0,0,0,0,1,359,0,0,0,0,0,0,0,0,0,1,0,0,0
0.359,0.523598775598299,0.579850504648408,-0.00634672692694612,-0.00518635217970179,0.579850504648408,0.579850504648408,-0.056251729050109,-0.00668985719773227,-0.00668985719773227,0,0,0,0,0,0,0,0,0,0,0,0,0,1,360,0,0,0,0,0,0,0,0,0,1,0,0,0
0.36,0.523598775598299,0.579842780417725,-0.00909685102615486,-0.00513537344923746,0.579842780417725,0.579842780417725,-0.0562440048194258,-0.00684391272916862,-0.00684391272916862,0,0,0,0,0,0,0,0,0,0,0,0,0,1,361,0,0,0,0,0,0,0,0,0,1,0,0,0
0.361,0.523598775598299,0.579832320703185,-0.0118175996658974,-0.00508327807113602,0.579832320703185,0.579832320703185,-0.056233545104886,-0.00699449035407276,-0.00699449035407276,0,0,0,0,0,0,0,0,0,0,0,0,0,1,362,0,0,0,0,0,0,0,0,0,1,0,0,0
0.362,0.523598775598299,0.579819155161081,-0.0145084179033203,-0.00503014112650895,0.579819155161081,0.579819155161081,-0.0562203795627825,-0.00714163274910815,-0.00714163274910815,0,0,0,0,0,0,0,0,0,0,0,0,0,1,363,0,0,0,0,0,0,0,0,0,1,0,0,0
0.363,0.523598775598299,0.57980331398257,-0.0171687908167951,-0.00497603618455154,0.57980331398257,0.57980331398257,-0.0562045383842711,-0.00728538378474997,-0.00728538378474997,0,0,0,0,0,0,0,0,0,0,0,0,0,1,364,0,0,0,0,0,0,0,0,0,1,0,0,0
0.364,0.523598775598299,0.57978482785407,-0.0197982426575895,-0.00492103525262903,0.57978482785407,0.57978482785407,-0.0561860522557708,-0.00742578841347619,-0.00742578841347619,0,0,0,0,0,0,0,0,0,0,0,0,0,1,365,0,0,0,0,0,0,0,0,0,1,0,0,0
0.365,0.523598775598299,0.579763727918525,-0.0223963359770152,-0.00486520873177365,0.579763727918525,0.579763727918525,-0.056164952320226,-0.0075628925619266,-0.0075628925619266,0,0,0,0,0,0,0,0,0,0,0,0,0,1,366,0,0,0,0,0,0,0,0,0,1,0,0,0
0.366,0.523598775598299,0.57974004573755,-0.0249626707318942,-0.00480862537737419,0.57974004573755,0.57974004573755,-0.0561412701392512,-0.0076967430269935,-0.0076967430269935,0,0,0,0,0,0,0,0,0,0,0,0,0,1,367,0,0,0,0,0,0,0,0,0,1,0,0,0
0.367,0.523598775598299,0.57971381325448,-0.027496883371068,-0.00475135226484128,0.57971381325448,0.57971381325448,-0.0561150376561814,-0.00782738737581759,-0.00782738737581759,0,0,0,0,0,0,0,0,0,0,0,0,0,1,368,0,0,0,0,0,0,0,0,0,1,0,0,0
0.368,0.523598775598299,0.579685062758343,-0.0299986459055589,-0.00469345476003772,0.579685062758343,0.579685062758343,-0.0560862871600438,-0.00795487384964014,-0.00795487384964014,0,0,0,0,0,0,0,0,0,0,0,0,0,1,369,0,0,0,0,0,0,0,0,0,1,0,0,0
0.369,0.523598775598299,0.579653826848765,-0.0324676649648768,-0.00463499649426347,0.579653826848765,0.579653826848765,-0.0560550512504658,-0.00807925127147058,-0.00807925127147058,0,0,0,0,0,0,0,0,0,0,0,0,0,1,370,0,0,0,0,0,0,0,0,0,1,0,0,0
0.37,0.523598775598299,0.579620138401833,-0.0349036808418541,-0.00457603934359037,0.579620138401833,0.579620138401833,-0.0560213628035339,-0.00820056895752277,-0.00820056895752277,0,0,0,0,0,0,0,0,0,0,0,0,0,1,371,0,0,0,0,0,0,0,0,0,1,0,0,0
0.371,0.523598775598299,0.57958403053691,-0.0373064665282803,-0.00451664341234562,0.57958403053691,0.57958403053691,-0.0559852549386115,-0.00831887663236405,-0.00831887663236405,0,0,0,0,0,0,0,0,0,0,0,0,0,1,372,0,0,0,0,0,0,0,0,0,1,0,0,0
0.372,0.523598775598299,0.579545536584424,-0.0396758267435012,-0.00445686702054591,0.579545536584424,0.579545536584424,-0.0559467609861254,-0.00843422434772229,-0.00843422434772229,0,0,0,0,0,0,0,0,0,0,0,0,0,1,373,0,0,0,0,0,0,0,0,0,1,0,0,0
0.373,0.523598775598299,0.579504690054625,-0.0420115969580403,-0.0043967666950886,0.579504690054625,0.579504690054625,-0.0559059144563259,-0.0085466624048941,-0.0085466624048941,0,0,0,0,0,0,0,0,0,0,0,0,0,1,374,0,0,0,0,0,0,0,0,0,1,0,0,0
0.374,0.523598775598299,0.579461524607324,-0.0443136424141965,-0.00433639716451115,0.579461524607324,0.579461524607324,-0.0558627490090254,-0.00865624128068981,-0.00865624128068981,0,0,0,0,0,0,0,0,0,0,0,0,0,1,375,0,0,0,0,0,0,0,0,0,1,0,0,0
0.375,0.523598775598299,0.579416074022616,-0.046581857145474,-0.00427581135713322,0.579416074022616,0.579416074022616,-0.0558172984243168,-0.00876301155685069,-0.00876301155685069,0,0,0,0,0,0,0,0,0,0,0,0,0,1,376,0,0,0,0,0,0,0,0,0,1,0,0,0
0.376,0.523598775598299,0.579368372172571,-0.0488161629965962,-0.00421506040240054,0.579368372172571,0.579368372172571,-0.0557695965742719,-0.00886702385287333,-0.00886702385287333,0,0,0,0,0,0,0,0,0,0,0,0,0,1,377,0,0,0,0,0,0,0,0,0,1,0,0,0
0.377,0.523598775598299,0.579318452993919,-0.0510165086457646,-0.00415419363525437,0.579318452993919,0.579318452993919,-0.0557196773956203,-0.00896832876217252,-0.00896832876217252,0,0,0,0,0,0,0,0,0,0,0,0,0,1,378,0,0,0,0,0,0,0,0,0,1,0,0,0
0.378,0.523598775598299,0.579266350461701,-0.053182868630725,-0.00409325860335524,0.579266350461701,0.579266350461701,-0.0556675748634025,-0.0090669767915075,-0.0090669767915075,0,0,0,0,0,0,0,0,0,0,0,0,0,1,379,0,0,0,0,0,0,0,0,0,1,0,0,0
0.379,0.523598775598299,0.579212098563894,-0.0553152423801149,-0.00403230107699221,0.579212098563894,0.579212098563894,-0.0556133229655953,-0.0091630183036045,-0.0091630183036045,0,0,0,0,0,0,0,0,0,0,0,0,0,1,380,0,0,0,0,0,0,0,0,0,1,0,0,0
0.38,0.523598775598299,0.579155731277002,-0.0574136532514762,-0.00397136506151598,0.579155731277002,0.579155731277002,-0.0555569556787028,-0.00925650346289664,-0.00925650346289664,0,0,0,0,0,0,0,0,0,0,0,0,0,1,381,0,0,0,0,0,0,0,0,0,1,0,0,0
0.381,0.523598775598299,0.579097282542604,-0.0594781475772293,-0.00391049281213673,0.579097282542604,0.579097282542604,-0.0554985069443052,-0.00934748218431108,-0.00934748218431108,0,0,0,0,0,0,0,0,0,0,0,0,0,1,382,0,0,0,0,0,0,0,0,0,1,0,0,0
0.382,0.523598775598299,0.579036786244856,-0.0615087937198218,-0.00384972485093405,0.579036786244856,0.579036786244856,-0.0554380106465571,-0.00943600408501988,-0.00943600408501988,0,0,0,0,0,0,0,0,0,0,0,0,0,1,383,0,0,0,0,0,0,0,0,0,1,0,0,0
0.383,0.523598775598299,0.578974276188924,-0.0635056811371852,-0.00378909998592825,0.578974276188924,0.578974276188924,-0.0553755005906249,-0.00952211843908363,-0.00952211843908363,0,0,0,0,0,0,0,0,0,0,0,0,0,1,384,0,0,0,0,0,0,0,0,0,1,0,0,0
0.384,0.523598775598299,0.578909786080354,-0.0654689194595494,-0.00372865533206984,0.578909786080354,0.578909786080354,-0.0553110104820556,-0.00960587413490929,-0.00960587413490929,0,0,0,0,0,0,0,0,0,0,0,0,0,1,385,0,0,0,0,0,0,0,0,0,1,0,0,0
0.385,0.523598775598299,0.578843349505358,-0.067398637578593,-0.00366842633400752,0.578843349505358,0.578843349505358,-0.0552445739070589,-0.00968731963543656,-0.00968731963543656,0,0,0,0,0,0,0,0,0,0,0,0,0,1,386,0,0,0,0,0,0,0,0,0,1,0,0,0
0.386,0.523598775598299,0.578774999911997,-0.0692949827498312,-0.00360844679049757,0.578774999911997,0.578774999911997,-0.055176224313698,-0.00976650294098591,-0.00976650294098591,0,0,0,0,0,0,0,0,0,0,0,0,0,1,387,0,0,0,0,0,0,0,0,0,1,0,0,0
0.387,0.523598775598299,0.578704770592265,-0.0711581197090707,-0.00354874888032652,0.578704770592265,0.578704770592265,-0.0551059949939664,-0.00984347155467602,-0.00984347155467602,0,0,0,0,0,0,0,0,0,0,0,0,0,1,388,0,0,0,0,0,0,0,0,0,1,0,0,0
0.388,0.523598775598299,0.578632694665044,-0.0729882298036941,-0.00348936318961828,0.578632694665044,0.578632694665044,-0.055033919066745,-0.00991827245034202,-0.00991827245034202,0,0,0,0,0,0,0,0,0,0,0,0,0,1,389,0,0,0,0,0,0,0,0,0,1,0,0,0
0.389,0.523598775598299,0.578558805059917,-0.0747855101394686,-0.00343031874040595,0.578558805059917,0.578558805059917,-0.0549600294616177,-0.00999095204286951,-0.00999095204286951,0,0,0,0,0,0,0,0,0,0,0,0,0,1,390,0,0,0,0,0,0,0,0,0,1,0,0,0
0.39,0.523598775598299,0.578483134501832,-0.076550172743509,-0.00337164302035021,0.578483134501832,0.578483134501832,-0.0548843589035328,-0.0100615561608671,-0.0100615561608671,0,0,0,0,0,0,0,0,0,0,0,0,0,1,391,0,0,0,0,0,0,0,0,0,1,0,0,0
0.391,0.523598775598299,0.578405715496593,-0.0782824437439647,-0.0033133620134917,0.578405715496593,0.578405715496593,-0.0548069398982938,-0.010130130021599,-0.010130130021599,0,0,0,0,0,0,0,0,0,0,0,0,0,1,392,0,0,0,0,0,0,0,0,0,1,0,0,0
0.392,0.523598775598299,0.578326580317159,-0.0799825625669396,-0.00325550023192905,0.578326580317159,0.578326580317159,-0.0547278047188605,-0.0101967182080983,-0.0101967182080983,0,0,0,0,0,0,0,0,0,0,0,0,0,1,393,0,0,0,0,0,0,0,0,0,1,0,0,0
0.393,0.523598775598299,0.578245760990745,-0.0816507811510987,-0.00319808074831801,0.578245760990745,0.578245760990745,-0.0546469853924463,-0.0102613646483857,-0.0102613646483857,0,0,0,0,0,0,0,0,0,0,0,0,0,1,394,0,0,0,0,0,0,0,0,0,1,0,0,0
0.394,0.523598775598299,0.578163289286688,-0.0832873631803583,-0.00314112522909269,0.578163289286688,0.578163289286688,-0.0545645136883897,-0.010324112596713,-0.010324112596713,0,0,0,0,0,0,0,0,0,0,0,0,0,1,395,0,0,0,0,0,0,0,0,0,1,0,0,0
0.395,0.523598775598299,0.578079196705085,-0.0848925833350053,-0.00308465396831217,0.578079196705085,0.578079196705085,-0.054480421106786,-0.0103850046167596,-0.0103850046167596,0,0,0,0,0,0,0,0,0,0,0,0,0,1,396,0,0,0,0,0,0,0,0,0,1,0,0,0
0.396,0.523598775598299,0.577993514466156,-0.0864667265615427,-0.0030286859220422,0.577993514466156,0.577993514466156,-0.0543947388678567,-0.0104440825667008,-0.0104440825667008,0,0,0,0,0,0,0,0,0,0,0,0,0,1,397,0,0,0,0,0,0,0,0,0,1,0,0,0
0.397,0.523598775598299,0.57790627350034,-0.0880100873615071,-0.00297323874318308,0.57790627350034,0.57790627350034,-0.0543074979020416,-0.010501387586081,-0.010501387586081,0,0,0,0,0,0,0,0,0,0,0,0,0,1,398,0,0,0,0,0,0,0,0,0,1,0,0,0
0.398,0.523598775598299,0.577817504439089,-0.089522969099461,-0.00291832881666212,0.577817504439089,0.577817504439089,-0.0542187288407902,-0.0105569600844091,-0.0105569600844091,0,0,0,0,0,0,0,0,0,0,0,0,0,1,399,0,0,0,0,0,0,0,0,0,1,0,0,0
0.399,0.523598775598299,0.577727237606336,-0.0910056833303183,-0.00286397129490907,0.577727237606336,0.577727237606336,-0.0541284620080371,-0.0106108397314113,-0.0106108397314113,0,0,0,0,0,0,0,0,0,0,0,0,0,1,400,0,0,0,0,0,0,0,0,0,1,0,0,0
0.4,0.523598775598299,0.577635503010639,-0.09245854914612,-0.00281018013354031,0.577635503010639,0.577635503010639,-0.0540367274123403,-0.0106630654488669,-0.0106630654488669,0,0,0,0,0,0,0,0,0,0,0,0,0,1,401,0,0,0,0,0,0,0,0,0,1,0,0,0
0.401,0.523598775598299,0.577542330337961,-0.0938818925423368,-0.00275696812717939,0.577542330337961,0.577542330337961,-0.0539435547396621,-0.0107136754039555,-0.0107136754039555,0,0,0,0,0,0,0,0,0,0,0,0,0,1,402,0,0,0,0,0,0,0,0,0,1,0,0,0
0.402,0.523598775598299,0.577447748945073,-0.0952760458037394,-0.00270434694534555,0.577447748945073,0.577447748945073,-0.0538489733467739,-0.0107627070040477,-0.0107627070040477,0,0,0,0,0,0,0,0,0,0,0,0,0,1,403,0,0,0,0,0,0,0,0,0,1,0,0,0
0.403,0.523598775598299,0.577351787853566,-0.0966413469098413,-0.00265232716834516,0.577351787853566,0.577351787853566,-0.0537530122552669,-0.0108101968928751,-0.0108101968928751,0,0,0,0,0,0,0,0,0,0,0,0,0,1,404,0,0,0,0,0,0,0,0,0,1,0,0,0
0.404,0.523598775598299,0.577254475744445,-0.0979781389598841,-0.00260091832310613,0.577254475744445,0.577254475744445,-0.0536557001461457,-0.0108561809480065,-0.0108561809480065,0,0,0,0,0,0,0,0,0,0,0,0,0,1,405,0,0,0,0,0,0,0,0,0,1,0,0,0
0.405,0.523598775598299,0.577155840953287,-0.099286769617306,-0.00255012891889611,0.577155840953287,0.577155840953287,-0.0535570653549883,-0.0109006942795705,-0.0109006942795705,0,0,0,0,0,0,0,0,0,0,0,0,0,1,406,0,0,0,0,0,0,0,0,0,1,0,0,0
0.406,0.523598775598299,0.57705591146595,-0.100567590573602,-0.00249996648287071,0.57705591146595,0.57705591146595,-0.0534571358676512,-0.0109437712301599,-0.0109437712301599,0,0,0,0,0,0,0,0,0,0,0,0,0,1,407,0,0,0,0,0,0,0,0,0,1,0,0,0
0.407,0.523598775598299,0.576954714914801,-0.101820957031459,-0.00245043759540079,0.576954714914801,0.576954714914801,-0.0533559393165021,-0.010985445375854,-0.010985445375854,0,0,0,0,0,0,0,0,0,0,0,0,0,1,408,0,0,0,0,0,0,0,0,0,1,0,0,0
0.408,0.523598775598299,0.576852278575457,-0.103047227207018,-0.00240154792513028,0.576852278575457,0.576852278575457,-0.0532535029771583,-0.0110257495282998,-0.0110257495282998,0,0,0,0,0,0,0,0,0,0,0,0,0,1,409,0,0,0,0,0,0,0,0,0,1,0,0,0
0.409,0.523598775598299,0.576748629364013,-0.104246761851095,-0.00235330226371961,0.576748629364013,0.576748629364013,-0.0531498537657147,-0.0110647157377925,-0.0110647157377925,0,0,0,0,0,0,0,0,0,0,0,0,0,1,410,0,0,0,0,0,0,0,0,0,1,0,0,0
0.41,0.523598775598299,0.57664379383474,-0.105419923789176,-0.00230570456023299,0.57664379383474,0.57664379383474,-0.0530450182364407,-0.0111023752972975,-0.0111023752972975,0,0,0,0,0,0,0,0,0,0,0,0,0,1,411,0,0,0,0,0,0,0,0,0,1,0,0,0
0.411,0.523598775598299,0.576537798178226,-0.106567077479952,-0.00225875795513036,0.576537798178226,0.576537798178226,-0.0529390225799277,-0.011138758747358,-0.011138758747358,0,0,0,0,0,0,0,0,0,0,0,0,0,1,412,0,0,0,0,0,0,0,0,0,1,0,0,0
0.412,0.523598775598299,0.576430668219968,-0.107688588592184,-0.00221246481382748,0.576430668219968,0.576430668219968,-0.0528318926216688,-0.0111738958818327,-0.0111738958818327,0,0,0,0,0,0,0,0,0,0,0,0,0,1,413,0,0,0,0,0,0,0,0,0,1,0,0,0
0.413,0.523598775598299,0.576322429419352,-0.108784823599631,-0.00216682675979075,0.576322429419352,0.576322429419352,-0.0527236538210533,-0.0112078157544126,-0.0112078157544126,0,0,0,0,0,0,0,0,0,0,0,0,0,1,414,0,0,0,0,0,0,0,0,0,1,0,0,0
0.414,0.523598775598299,0.576213106869055,-0.109856149393771,-0.00212184470713569,0.576213106869055,0.576213106869055,-0.0526143312707559,-0.0112405466858609,-0.0112405466858609,0,0,0,0,0,0,0,0,0,0,0,0,0,1,415,0,0,0,0,0,0,0,0,0,1,0,0,0
0.415,0.523598775598299,0.576102725294805,-0.110902932914039,-0.00207751889270006,0.576102725294805,0.576102725294805,-0.0525039496965063,-0.0112721162719336,-0.0112721162719336,0,0,0,0,0,0,0,0,0,0,0,0,0,1,416,0,0,0,0,0,0,0,0,0,1,0,0,0
0.416,0.523598775598299,0.575991309055517,-0.111925540795278,-0.0020338489075667,0.575991309055517,0.575991309055517,-0.0523925334572182,-0.0113025513919234,-0.0113025513919234,0,0,0,0,0,0,0,0,0,0,0,0,0,1,417,0,0,0,0,0,0,0,0,0,1,0,0,0
0.417,0.523598775598299,0.575878882143762,-0.112924339032081,-0.00199083372801112,0.575878882143762,0.575878882143762,-0.0522801065454636,-0.0113318782177881,-0.0113318782177881,0,0,0,0,0,0,0,0,0,0,0,0,0,1,418,0,0,0,0,0,0,0,0,0,1,0,0,0
0.418,0.523598775598299,0.575765468186572,-0.113899692659722,-0.00194847174585351,0.575765468186572,0.575765468186572,-0.0521666925882734,-0.0113601222238113,-0.0113601222238113,0,0,0,0,0,0,0,0,0,0,0,0,0,1,419,0,0,0,0,0,0,0,0,0,1,0,0,0
0.419,0.523598775598299,0.575651090446549,-0.114851965451316,-0.00190676079819459,0.575651090446549,0.575651090446549,-0.0520523148482505,-0.0113873081967583,-0.0113873081967583,0,0,0,0,0,0,0,0,0,0,0,0,0,1,420,0,0,0,0,0,0,0,0,0,1,0,0,0
0.42,0.523598775598299,0.575535771823274,-0.115781519630879,-0.00186569819651965,0.575535771823274,0.575535771823274,-0.0519369962249752,-0.011413460246478,-0.011413460246478,0,0,0,0,0,0,0,0,0,0,0,0,0,1,421,0,0,0,0,0,0,0,0,0,1,0,0,0
0.421,0.523598775598299,0.575419534854992,-0.116688715601939,-0.00182528075515395,0.575419534854992,0.575419534854992,-0.0518207592566928,-0.0114386018169167,-0.0114386018169167,0,0,0,0,0,0,0,0,0,0,0,0,0,1,422,0,0,0,0,0,0,0,0,0,1,0,0,0
0.422,0.523598775598299,0.575302401720561,-0.117573911691316,-0.00178550481905779,0.575302401720561,0.575302401720561,-0.0517036261222626,-0.0114627556974992,-0.0114627556974992,0,0,0,0,0,0,0,0,0,0,0,0,0,1,423,0,0,0,0,0,0,0,0,0,1,0,0,0
0.423,0.523598775598299,0.575184394241655,-0.11843746390773,-0.00174636629094833,0.575184394241655,0.575184394241655,-0.0515856186433566,-0.0114859440348424,-0.0114859440348424,0,0,0,0,0,0,0,0,0,0,0,0,0,1,424,0,0,0,0,0,0,0,0,0,1,0,0,0
0.424,0.523598775598299,0.575065533885191,-0.119279725714854,-0.00170786065773953,0.575065533885191,0.575065533885191,-0.0514667582868924,-0.0115081883447651,-0.0115081883447651,0,0,0,0,0,0,0,0,0,0,0,0,0,1,425,0,0,0,0,0,0,0,0,0,1,0,0,0
0.425,0.523598775598299,0.574945841765985,-0.120101047818429,-0.00166998301629184,0.574945841765985,0.574945841765985,-0.0513470661676858,-0.0115295095245581,-0.0115295095245581,0,0,0,0,0,0,0,0,0,0,0,0,0,1,426,0,0,0,0,0,0,0,0,0,1,0,0,0
0.426,0.523598775598299,0.574825338649608,-0.120901777967072,-0.00163272809846527,0.574825338649608,0.574825338649608,-0.0512265630513093,-0.0115499278654803,-0.0115499278654803,0,0,0,0,0,0,0,0,0,0,0,0,0,1,427,0,0,0,0,0,0,0,0,0,1,0,0,0
0.427,0.523598775598299,0.574704044955443,-0.121682260766396,-0.00159609029547066,0.574704044955443,0.574704044955443,-0.0511052693571439,-0.0115694630654535,-0.0115694630654535,0,0,0,0,0,0,0,0,0,0,0,0,0,1,428,0,0,0,0,0,0,0,0,0,1,0,0,0
0.428,0.523598775598299,0.574581980759907,-0.122442837506043,-0.00156006368151665,0.574581980759907,0.574581980759907,-0.0509832051616085,-0.0115881342419171,-0.0115881342419171,0,0,0,0,0,0,0,0,0,0,0,0,0,1,429,0,0,0,0,0,0,0,0,0,1,0,0,0
0.429,0.523598775598299,0.574459165799857,-0.123183845999263,-0.0015246420367488,0.574459165799857,0.574459165799857,-0.0508603902015582,-0.0116059599448237,-0.0116059599448237,0,0,0,0,0,0,0,0,0,0,0,0,0,1,430,0,0,0,0,0,0,0,0,0,1,0,0,0
0.43,0.523598775598299,0.574335619476134,-0.123905620434633,-0.00148981886948179,0.574335619476134,0.574335619476134,-0.0507368438778353,-0.0116229581697381,-0.0116229581697381,0,0,0,0,0,0,0,0,0,0,0,0,0,1,431,0,0,0,0,0,0,0,0,0,1,0,0,0
0.431,0.523598775598299,0.574211360857262,-0.124608491239553,-0.00145558743772383,0.574211360857262,0.574211360857262,-0.0506125852589633,-0.0116391463710198,-0.0116391463710198,0,0,0,0,0,0,0,0,0,0,0,0,0,1,432,0,0,0,0,0,0,0,0,0,1,0,0,0
0.432,0.523598775598299,0.57408640868327,-0.125292784955113,-0.00142194076999595,0.57408640868327,0.57408640868327,-0.0504876330849715,-0.0116545414750606,-0.0116545414750606,0,0,0,0,0,0,0,0,0,0,0,0,0,1,433,0,0,0,0,0,0,0,0,0,1,0,0,0
0.433,0.523598775598299,0.573960781369638,-0.125958824121963,-0.00138887168544804,0.573960781369638,0.573960781369638,-0.0503620057713393,-0.0116691598935536,-0.0116691598935536,0,0,0,0,0,0,0,0,0,0,0,0,0,1,434,0,0,0,0,0,0,0,0,0,1,0,0,0
0.434,0.523598775598299,0.573834497011348,-0.126606927176788,-0.0013563728132762,0.573834497011348,0.573834497011348,-0.0502357214130494,-0.0116830175367731,-0.0116830175367731,0,0,0,0,0,0,0,0,0,0,0,0,0,1,435,0,0,0,0,0,0,0,0,0,1,0,0,0
0.435,0.523598775598299,0.573707573387038,-0.127237408359034,-0.00132443661144596,0.573707573387038,0.573707573387038,-0.050108797788739,-0.0116961298268391,-0.0116961298268391,0,0,0,0,0,0,0,0,0,0,0,0,0,1,436,0,0,0,0,0,0,0,0,0,1,0,0,0
0.436,0.523598775598299,0.573580027963239,-0.127850577627479,-0.00129305538472663,0.573580027963239,0.573580027963239,-0.0499812523649398,-0.0117085117109525,-0.0117085117109525,0,0,0,0,0,0,0,0,0,0,0,0,0,1,437,0,0,0,0,0,0,0,0,0,1,0,0,0
0.437,0.523598775598299,0.573451877898695,-0.128446740586303,-0.00126222130204427,0.573451877898695,0.573451877898695,-0.0498531023003962,-0.0117201776745749,-0.0117201776745749,0,0,0,0,0,0,0,0,0,0,0,0,0,1,438,0,0,0,0,0,0,0,0,0,1,0,0,0
0.438,0.523598775598299,0.573323140048752,-0.129026198420272,-0.00123192641315956,0.573323140048752,0.573323140048752,-0.0497243644504531,-0.0117311417545402,-0.0117311417545402,0,0,0,0,0,0,0,0,0,0,0,0,0,1,439,0,0,0,0,0,0,0,0,0,1,0,0,0
0.439,0.523598775598299,0.573193830969803,-0.129589247838681,-0.00120216266467934,0.573193830969803,0.573193830969803,-0.0495950553715044,-0.0117414175520789,-0.0117414175520789,0,0,0,0,0,0,0,0,0,0,0,0,0,1,440,0,0,0,0,0,0,0,0,0,1,0,0,0
0.44,0.523598775598299,0.573063966923791,-0.13013618102769,-0.00117292191541069,0.573063966923791,0.573063966923791,-0.0494651913254924,-0.0117510182457382,-0.0117510182457382,0,0,0,0,0,0,0,0,0,0,0,0,0,1,441,0,0,0,0,0,0,0,0,0,1,0,0,0
0.441,0.523598775598299,0.572933563882751,-0.130667285610705,-0.00114419595106633,0.572933563882751,0.572933563882751,-0.0493347882844518,-0.0117599566041844,-0.0117599566041844,0,0,0,0,0,0,0,0,0,0,0,0,0,1,442,0,0,0,0,0,0,0,0,0,1,0,0,0
0.442,0.523598775598299,0.572802637533388,-0.131182844616453,-0.00111597649833203,0.572802637533388,0.572802637533388,-0.0492038619350887,-0.0117682449988737,-0.0117682449988737,0,0,0,0,0,0,0,0,0,0,0,0,0,1,443,0,0,0,0,0,0,0,0,0,1,0,0,0
0.443,0.523598775598299,0.572671203281688,-0.131683136454406,-0.00108825523830594,0.572671203281688,0.572671203281688,-0.0490724276833888,-0.0117758954165778,-0.0117758954165778,0,0,0,0,0,0,0,0,0,0,0,0,0,1,444,0,0,0,0,0,0,0,0,0,1,0,0,0
0.444,0.523598775598299,0.572539276257544,-0.132168434897224,-0.00106102381932185,0.572539276257544,0.572539276257544,-0.0489405006592454,-0.0117829194717519,-0.0117829194717519,0,0,0,0,0,0,0,0,0,0,0,0,0,1,445,0,0,0,0,0,0,0,0,0,1,0,0,0
0.445,0.523598775598299,0.572406871319401,-0.132639009069875,-0.0010342738691666,0.572406871319401,0.572406871319401,-0.0488080957211021,-0.0117893284187342,-0.0117893284187342,0,0,0,0,0,0,0,0,0,0,0,0,0,1,446,0,0,0,0,0,0,0,0,0,1,0,0,0
0.446,0.523598775598299,0.572274003058903,-0.133095123445117,-0.00100799700670426,0.572274003058903,0.572274003058903,-0.048675227460604,-0.0117951331637688,-0.0117951331637688,0,0,0,0,0,0,0,0,0,0,0,0,0,1,447,0,0,0,0,0,0,0,0,0,1,0,0,0
0.447,0.523598775598299,0.572140685805548,-0.133537037845027,-0.0009821848529196,0.572140685805548,0.572140685805548,-0.0485419102072491,-0.0118003442768383,-0.0118003442768383,0,0,0,0,0,0,0,0,0,0,0,0,0,1,448,0,0,0,0,0,0,0,0,0,1,0,0,0
0.448,0.523598775598299,0.572006933631334,-0.133965007448252,-0.000956829041392617,0.572006933631334,0.572006933631334,-0.0484081580330356,-0.0118049720033012,-0.0118049720033012,0,0,0,0,0,0,0,0,0,0,0,0,0,1,449,0,0,0,0,0,0,0,0,0,1,0,0,0
0.449,0.523598775598299,0.571872760355399,-0.134379282802692,-0.000931921228217468,0.571872760355399,0.571872760355399,-0.0482739847571,-0.0118090262753254,-0.0118090262753254,0,0,0,0,0,0,0,0,0,0,0,0,0,1,450,0,0,0,0,0,0,0,0,0,1,0,0,0
0.45,0.523598775598299,0.571738179548638,-0.134780109843318,-0.00090745310137894,0.571738179548638,0.571738179548638,-0.0481394039503391,-0.0118125167231091,-0.0118125167231091,0,0,0,0,0,0,0,0,0,0,0,0,0,1,451,0,0,0,0,0,0,0,0,0,1,0,0,0
0.451,0.523598775598299,0.571603204538311,-0.135167729914824,-0.000883416389599413,0.571603204538311,0.571603204538311,-0.0480044289400119,-0.0118154526858849,-0.0118154526858849,0,0,0,0,0,0,0,0,0,0,0,0,0,1,452,0,0,0,0,0,0,0,0,0,1,0,0,0
0.452,0.523598775598299,0.571467848412615,-0.135542379798846,-0.000859802870670041,0.571467848412615,0.571467848412615,-0.0478690728143166,-0.0118178432227001,-0.0118178432227001,0,0,0,0,0,0,0,0,0,0,0,0,0,1,453,0,0,0,0,0,0,0,0,0,1,0,0,0
0.453,0.523598775598299,0.571332124025238,-0.135904291745457,-0.000836604379279712,0.571332124025238,0.571332124025238,-0.0477333484269388,-0.0118196971229703,-0.0118196971229703,0,0,0,0,0,0,0,0,0,0,0,0,0,1,454,0,0,0,0,0,0,0,0,0,1,0,0,0
0.454,0.523598775598299,0.571196043999863,-0.136253693508691,-0.000813812814355696,0.571196043999863,0.571196043999863,-0.0475972684015645,-0.011821022916797,-0.011821022916797,0,0,0,0,0,0,0,0,0,0,0,0,0,1,455,0,0,0,0,0,0,0,0,0,1,0,0,0
0.455,0.523598775598299,0.571059620734657,-0.136590808385821,-0.000791420145929019,0.571059620734657,0.571059620734657,-0.0474608451363582,-0.0118218288850532,-0.0118218288850532,0,0,0,0,0,0,0,0,0,0,0,0,0,1,456,0,0,0,0,0,0,0,0,0,1,0,0,0
0.456,0.523598775598299,0.570922866406696,-0.136915855260137,-0.000769418421539713,0.570922866406696,0.570922866406696,-0.0473240908083973,-0.0118221230692265,-0.0118221230692265,0,0,0,0,0,0,0,0,0,0,0,0,0,1,457,0,0,0,0,0,0,0,0,0,1,0,0,0
0.457,0.523598775598299,0.570785792976363,-0.137229048646998,-0.000747799772194567,0.570785792976363,0.570785792976363,-0.0471870173780641,-0.0118219132810213,-0.0118219132810213,0,0,0,0,0,0,0,0,0,0,0,0,0,1,458,0,0,0,0,0,0,0,0,0,1,0,0,0
0.458,0.523598775598299,0.570648412191688,-0.1375305987429,-0.000726556417892121,0.570648412191688,0.570648412191688,-0.0470496365933893,-0.0118212071117187,-0.0118212071117187,0,0,0,0,0,0,0,0,0,0,0,0,0,1,459,0,0,0,0,0,0,0,0,0,1,0,0,0
0.459,0.523598775598299,0.570510735592644,-0.137820711477347,-0.000705680672728561,0.570510735592644,0.570510735592644,-0.0469119599943449,-0.0118200119412868,-0.0118200119412868,0,0,0,0,0,0,0,0,0,0,0,0,0,1,460,0,0,0,0,0,0,0,0,0,1,0,0,0
0.46,0.523598775598299,0.570372774515383,-0.138099588567293,-0.000685164949597772,0.570372774515383,0.570372774515383,-0.0467739989170843,-0.0118183349472498,-0.0118183349472498,0,0,0,0,0,0,0,0,0,0,0,0,0,1,461,0,0,0,0,0,0,0,0,0,1,0,0,0
0.461,0.523598775598299,0.570234540096426,-0.138367427573943,-0.000665001764500332,0.570234540096426,0.570234540096426,-0.046635764498127,-0.011816183113307,-0.011816183113307,0,0,0,0,0,0,0,0,0,0,0,0,0,1,462,0,0,0,0,0,0,0,0,0,1,0,0,0
0.462,0.523598775598299,0.570096043276783,-0.138624421961709,-0.000645183740474672,0.570096043276783,0.570096043276783,-0.0464972676784841,-0.0118135632377037,-0.0118135632377037,0,0,0,0,0,0,0,0,0,0,0,0,0,1,463,0,0,0,0,0,0,0,0,0,1,0,0,0
0.463,0.523598775598299,0.569957294806025,-0.138870761159125,-0.00062570361116309,0.569957294806025,0.569957294806025,-0.0463585192077257,-0.0118104819413592,-0.0118104819413592,0,0,0,0,0,0,0,0,0,0,0,0,0,1,464,0,0,0,0,0,0,0,0,0,1,0,0,0
0.464,0.523598775598299,0.569818305246285,-0.139106630621518,-0.000606554224028048,0.569818305246285,0.569818305246285,-0.0462195296479857,-0.0118069456757462,-0.0118069456757462,0,0,0,0,0,0,0,0,0,0,0,0,0,1,465,0,0,0,0,0,0,0,0,0,1,0,0,0
0.465,0.523598775598299,0.569679084976201,-0.139332211895259,-0.000587728543230435,0.569679084976201,0.569679084976201,-0.046080309377902,-0.0118029607305239,-0.0118029607305239,0,0,0,0,0,0,0,0,0,0,0,0,0,1,466,0,0,0,0,0,0,0,0,0,1,0,0,0
0.466,0.523598775598299,0.569539644194792,-0.139547682683412,-0.000569219652183159,0.569539644194792,0.569539644194792,-0.0459408685964934,-0.0117985332409302,-0.0117985332409302,0,0,0,0,0,0,0,0,0,0,0,0,0,1,467,0,0,0,0,0,0,0,0,0,1,0,0,0
0.467,0.523598775598299,0.569399992925269,-0.139753216912624,-0.000551020755793851,0.569399992925269,0.569399992925269,-0.0458012173269697,-0.0117936691949315,-0.0117936691949315,0,0,0,0,0,0,0,0,0,0,0,0,0,1,468,0,0,0,0,0,0,0,0,0,1,0,0,0
0.468,0.523598775598299,0.569260141018773,-0.139948984801064,-0.000533125182409201,0.569260141018773,0.569260141018773,-0.0456613654204739,-0.0117883744401306,-0.0117883744401306,0,0,0,0,0,0,0,0,0,0,0,0,0,1,469,0,0,0,0,0,0,0,0,0,1,0,0,0
0.469,0.523598775598299,0.569120098158055,-0.140135152927287,-0.000515526385472947,0.569120098158055,0.569120098158055,-0.0455213225597565,-0.0117826546904397,-0.0117826546904397,0,0,0,0,0,0,0,0,0,0,0,0,0,1,470,0,0,0,0,0,0,0,0,0,1,0,0,0
0.47,0.523598775598299,0.568979873861079,-0.140311884299851,-0.000498217944910973,0.568979873861079,0.568979873861079,-0.0453810982627801,-0.0117765155325169,-0.0117765155325169,0,0,0,0,0,0,0,0,0,0,0,0,0,1,471,0,0,0,0,0,0,0,0,0,1,0,0,0
0.471,0.523598775598299,0.568839477484554,-0.140479338427554,-0.00048119356825496,0.568839477484554,0.568839477484554,-0.0452407018862547,-0.0117699624319708,-0.0117699624319708,0,0,0,0,0,0,0,0,0,0,0,0,0,1,472,0,0,0,0,0,0,0,0,0,1,0,0,0
0.472,0.523598775598299,0.568698918227401,-0.140637671390153,-0.000464447091516866,0.568698918227401,0.568698918227401,-0.0451001426291018,-0.0117630007393363,-0.0117630007393363,0,0,0,0,0,0,0,0,0,0,0,0,0,1,473,0,0,0,0,0,0,0,0,0,1,0,0,0
0.473,0.523598775598299,0.568558205134147,-0.140787035909435,-0.000447972479826184,0.568558205134147,0.568558205134147,-0.0449594295358481,-0.0117556356958251,-0.0117556356958251,0,0,0,0,0,0,0,0,0,0,0,0,0,1,474,0,0,0,0,0,0,0,0,0,1,0,0,0
0.474,0.523598775598299,0.568417347098247,-0.140927581420507,-0.000431763827841421,0.568417347098247,0.568417347098247,-0.0448185714999478,-0.0117478724388528,-0.0117478724388528,0,0,0,0,0,0,0,0,0,0,0,0,0,1,475,0,0,0,0,0,0,0,0,0,1,0,0,0
0.475,0.523598775598299,0.568276352865333,-0.141059454143213,-0.000415815359946888,0.568276352865333,0.568276352865333,-0.0446775772670337,-0.0117397160073482,-0.0117397160073482,0,0,0,0,0,0,0,0,0,0,0,0,0,1,476,0,0,0,0,0,0,0,0,0,1,0,0,0
0.476,0.523598775598299,0.568135231036395,-0.141182797153533,-0.000400121430246096,0.568135231036395,0.568135231036395,-0.0445364554380966,-0.0117311713468481,-0.0117311713468481,0,0,0,0,0,0,0,0,0,0,0,0,0,1,477,0,0,0,0,0,0,0,0,0,1,0,0,0
0.477,0.523598775598299,0.567993990070892,-0.141297750454885,-0.000384676522362784,0.567993990070892,0.567993990070892,-0.0443952144725933,-0.0117222433143795,-0.0117222433143795,0,0,0,0,0,0,0,0,0,0,0,0,0,1,478,0,0,0,0,0,0,0,0,0,1,0,0,0
0.478,0.523598775598299,0.567852638289783,-0.141404451049218,-0.000369475249059207,0.567852638289783,0.567852638289783,-0.0442538626914843,-0.0117129366831377,-0.0117129366831377,0,0,0,0,0,0,0,0,0,0,0,0,0,1,479,0,0,0,0,0,0,0,0,0,1,0,0,0
0.479,0.523598775598299,0.567711183878498,-0.141503033007805,-0.000354512351683446,0.567711183878498,0.567711183878498,-0.044112408280199,-0.0117032561469586,-0.0117032561469586,0,0,0,0,0,0,0,0,0,0,0,0,0,1,480,0,0,0,0,0,0,0,0,0,1,0,0,0
0.48,0.523598775598299,0.56756963488983,-0.141593627541645,-0.00033978269945401,0.56756963488983,0.56756963488983,-0.0439708592915315,-0.011693206324596,-0.011693206324596,0,0,0,0,0,0,0,0,0,0,0,0,0,1,481,0,0,0,0,0,0,0,0,0,1,0,0,0
0.481,0.523598775598299,0.567427999246765,-0.141676363071392,-0.00032528128859307,0.567427999246765,0.567427999246765,-0.0438292236484663,-0.0116827917638033,-0.0116827917638033,0,0,0,0,0,0,0,0,0,0,0,0,0,1,482,0,0,0,0,0,0,0,0,0,1,0,0,0
0.482,0.523598775598299,0.567286284745232,-0.141751365296741,-0.000311003241317009,0.567286284745232,0.567286284745232,-0.0436875091469331,-0.0116720169452254,-0.0116720169452254,0,0,0,0,0,0,0,0,0,0,0,0,0,1,483,0,0,0,0,0,0,0,0,0,1,0,0,0
0.483,0.523598775598299,0.567144499056793,-0.141818757265176,-0.000296943804693278,0.567144499056793,0.567144499056793,-0.0435457234584937,-0.0116608862861068,-0.0116608862861068,0,0,0,0,0,0,0,0,0,0,0,0,0,1,484,0,0,0,0,0,0,0,0,0,1,0,0,0
0.484,0.523598775598299,0.567002649731259,-0.141878659440042,-0.000283098349372964,0.567002649731259,0.567002649731259,-0.0434038741329605,-0.0116494041438201,-0.0116494041438201,0,0,0,0,0,0,0,0,0,0,0,0,0,1,485,0,0,0,0,0,0,0,0,0,1,0,0,0
0.485,0.523598775598299,0.566860744199245,-0.141931189767847,-0.000269462368207906,0.566860744199245,0.566860744199245,-0.0432619686009462,-0.0116375748192165,-0.0116375748192165,0,0,0,0,0,0,0,0,0,0,0,0,0,1,486,0,0,0,0,0,0,0,0,0,1,0,0,0
0.486,0.523598775598299,0.566718789774647,-0.141976463744763,-0.000256031474759858,0.566718789774647,0.566718789774647,-0.0431200141763477,-0.0116254025598082,-0.0116254025598082,0,0,0,0,0,0,0,0,0,0,0,0,0,1,487,0,0,0,0,0,0,0,0,0,1,0,0,0
0.487,0.523598775598299,0.566576793657063,-0.142014594482245,-0.000242801401710826,0.566576793657063,0.566576793657063,-0.0429780180587638,-0.0116128915627844,-0.0116128915627844,0,0,0,0,0,0,0,0,0,0,0,0,0,1,488,0,0,0,0,0,0,0,0,0,1,0,0,0
0.488,0.523598775598299,0.566434762934146,-0.142045692771743,-0.000229767999182096,0.566434762934146,0.566434762934146,-0.0428359873358468,-0.0116000459778626,-0.0116000459778626,0,0,0,0,0,0,0,0,0,0,0,0,0,1,489,0,0,0,0,0,0,0,0,0,1,0,0,0
0.489,0.523598775598299,0.56629270458389,-0.14206986714844,-0.000216927232968825,0.56629270458389,0.56629270458389,-0.0426939289855913,-0.0115868699099881,-0.0115868699099881,0,0,0,0,0,0,0,0,0,0,0,0,0,1,490,0,0,0,0,0,0,0,0,0,1,0,0,0
0.49,0.523598775598299,0.566150625476857,-0.14208722395399,-0.000204275182698731,0.566150625476857,0.566150625476857,-0.0425518498785585,-0.0115733674218787,-0.0115733674218787,0,0,0,0,0,0,0,0,0,0,0,0,0,1,491,0,0,0,0,0,0,0,0,0,1,0,0,0
0.491,0.523598775598299,0.566008532378338,-0.142097867398204,-0.000191808039921043,0.566008532378338,0.566008532378338,-0.0424097567800389,-0.0115595425364219,-0.0115595425364219,0,0,0,0,0,0,0,0,0,0,0,0,0,1,492,0,0,0,0,0,0,0,0,0,1,0,0,0
0.492,0.523598775598299,0.565866431950453,-0.142101899619662,-0.000179522106132605,0.565866431950453,0.565866431950453,-0.042267656352154,-0.0115453992389327,-0.0115453992389327,0,0,0,0,0,0,0,0,0,0,0,0,0,1,493,0,0,0,0,0,0,0,0,0,1,0,0,0
0.493,0.523598775598299,0.565724330754196,-0.142099420745213,-0.000167413790748429,0.565724330754196,0.565724330754196,-0.0421255551558976,-0.0115309414792701,-0.0115309414792701,0,0,0,0,0,0,0,0,0,0,0,0,0,1,494,0,0,0,0,0,0,0,0,0,1,0,0,0
0.494,0.523598775598299,0.565582235251416,-0.142090528948336,-0.00015547960902164,0.565582235251416,0.565582235251416,-0.0419834596531177,-0.011516173173822,-0.011516173173822,0,0,0,0,0,0,0,0,0,0,0,0,0,1,495,0,0,0,0,0,0,0,0,0,1,0,0,0
0.495,0.523598775598299,0.565440151806741,-0.14207532050634,-0.000143716179919718,0.565440151806741,0.565440151806741,-0.041841376208442,-0.0115010982073629,-0.0115010982073629,0,0,0,0,0,0,0,0,0,0,0,0,0,1,496,0,0,0,0,0,0,0,0,0,1,0,0,0
0.496,0.523598775598299,0.565298086689444,-0.14205388985638,-0.000132120223962862,0.565298086689444,0.565298086689444,-0.0416993110911456,-0.0114857204347862,-0.0114857204347862,0,0,0,0,0,0,0,0,0,0,0,0,0,1,497,0,0,0,0,0,0,0,0,0,1,0,0,0
0.497,0.523598775598299,0.565156046075262,-0.142026329650275,-0.000120688561029684,0.565156046075262,0.565156046075262,-0.0415572704769632,-0.011470043682717,-0.011470043682717,0,0,0,0,0,0,0,0,0,0,0,0,0,1,498,0,0,0,0,0,0,0,0,0,1,0,0,0
0.498,0.523598775598299,0.565014036048147,-0.141992730808103,-0.000109418108135154,0.565014036048147,0.565014036048147,-0.0414152604498486,-0.0114540717510119,-0.0114540717510119,0,0,0,0,0,0,0,0,0,0,0,0,0,1,499,0,0,0,0,0,0,0,0,0,1,0,0,0
0.499,0.523598775598299,0.564872062601978,-0.141953182570578,-9.83058771869181e-05,0.564872062601978,0.564872062601978,-0.041273287003679,-0.0114378084141476,-0.0114378084141476,0,0,0,0,0,0,0,0,0,0,0,0,0,1,500,0,0,0,0,0,0,0,0,0,1,0,0,0
0.5,0.523598775598299,0.564730131642209,-0.141907772550179,-8.73489727237489e-05,0.564730131642209,0.564730131642209,-0.0411313560439097,-0.0114212574225018,-0.0114212574225018,0,0,0,0,0,0,0,0,0,0,0,0,0,1,501,0,0,0,0,0,0,0,0,0,1,0,0,0
0.501,0.523598775598299,0.564588248987475,-0.141856586781038,-7.65445896409676e-05,0.564588248987475,0.564588248987475,-0.0409894733891762,-0.0114044225035348,-0.0114044225035348,0,0,0,0,0,0,0,0,0,0,0,0,0,1,502,0,0,0,0,0,0,0,0,0,1,0,0,0
0.502,0.523598775598299,0.564446420371148,-0.14179970976758,-6.58900109073621e-05,0.564446420371148,0.564446420371148,-0.0408476447728492,-0.0113873073628734,-0.0113873073628734,0,0,0,0,0,0,0,0,0,0,0,0,0,1,503,0,0,0,0,0,0,0,0,0,1,0,0,0
0.503,0.523598775598299,0.564304651442839,-0.141737224531909,-5.53826052779077e-05,0.564304651442839,0.564304651442839,-0.0407058758445399,-0.0113699156853003,-0.0113699156853003,0,0,0,0,0,0,0,0,0,0,0,0,0,1,504,0,0,0,0,0,0,0,0,0,1,0,0,0
0.504,0.523598775598299,0.564162947769858,-0.141669212659934,-4.50198250058465e-05,0.564162947769858,0.564162947769858,-0.0405641721715593,-0.0113522511356553,-0.0113522511356553,0,0,0,0,0,0,0,0,0,0,0,0,0,1,505,0,0,0,0,0,0,0,0,0,1,0,0,0
0.505,0.523598775598299,0.56402131483863,-0.141595754346255,-3.47992035577291e-05,0.56402131483863,0.56402131483863,-0.0404225392403316,-0.0113343173596498,-0.0113343173596498,0,0,0,0,0,0,0,0,0,0,0,0,0,1,506,0,0,0,0,0,0,0,0,0,1,0,0,0
0.506,0.523598775598299,0.563879758056063,-0.141516928437795,-2.47183533351207e-05,0.563879758056063,0.563879758056063,-0.0402809824577641,-0.0113161179846039,-0.0113161179846039,0,0,0,0,0,0,0,0,0,0,0,0,0,1,507,0,0,0,0,0,0,0,0,0,1,0,0,0
0.507,0.523598775598299,0.563738282750872,-0.141432812476188,-1.47749634067966e-05,0.563738282750872,0.563738282750872,-0.0401395071525734,-0.0112976566201014,-0.0112976566201014,0,0,0,0,0,0,0,0,0,0,0,0,0,1,508,0,0,0,0,0,0,0,0,0,1,0,0,0
0.508,0.523598775598299,0.563596894174868,-0.141343482738935,-4.96679725356516e-06,0.563596894174868,0.563596894174868,-0.0399981185765697,-0.0112789368585742,-0.0112789368585742,0,0,0,0,0,0,0,0,0,0,0,0,0,1,509,0,0,0,0,0,0,0,0,0,1,0,0,0
0.509,0.523598775598299,0.5634555975042,-0.141249014279329,4.70830947091935e-06,0.5634555975042,0.5634555975042,-0.039856821905901,-0.0112599622758162,-0.0112599622758162,0,0,0,0,0,0,0,0,0,0,0,0,0,1,510,0,0,0,0,0,0,0,0,0,1,0,0,0
0.51,0.523598775598299,0.563314397840557,-0.141149480965172,1.4252451160338e-05,0.563314397840557,0.563314397840557,-0.0397156222422581,-0.0112407364314299,-0.0112407364314299,0,0,0,0,0,0,0,0,0,0,0,0,0,1,511,0,0,0,0,0,0,0,0,0,1,0,0,0
0.511,0.523598775598299,0.56317330021234,-0.141044955516274,2.36676544549713e-05,0.56317330021234,0.56317330021234,-0.039574524614041,-0.0112212628692117,-0.0112212628692117,0,0,0,0,0,0,0,0,0,0,0,0,0,1,512,0,0,0,0,0,0,0,0,0,1,0,0,0
0.512,0.523598775598299,0.563032309575788,-0.140935509540771,3.29558804168482e-05,0.563032309575788,0.563032309575788,-0.0394335339774888,-0.0112015451174775,-0.0112015451174775,0,0,0,0,0,0,0,0,0,0,0,0,0,1,513,0,0,0,0,0,0,0,0,0,1,0,0,0
0.513,0.523598775598299,0.562891430816073,-0.140821213570256,4.21190266791157e-05,0.562891430816073,0.562891430816073,-0.0392926552177737,-0.0111815866893305,-0.0111815866893305,0,0,0,0,0,0,0,0,0,0,0,0,0,1,514,0,0,0,0,0,0,0,0,0,1,0,0,0
0.514,0.523598775598299,0.562750668748359,-0.140702137093758,5.1158929567756e-05,0.562750668748359,0.562750668748359,-0.0391518931500598,-0.0111613910828776,-0.0111613910828776,0,0,0,0,0,0,0,0,0,0,0,0,0,1,515,0,0,0,0,0,0,0,0,0,1,0,0,0
0.515,0.523598775598299,0.562610028118829,-0.140578348590561,6.00773661934896e-05,0.562610028118829,0.562610028118829,-0.0390112525205306,-0.0111409617813976,-0.0111409617813976,0,0,0,0,0,0,0,0,0,0,0,0,0,1,516,0,0,0,0,0,0,0,0,0,1,0,0,0
0.516,0.523598775598299,0.56246951360568,-0.140449915561903,6.88760565112734e-05,0.56246951360568,0.56246951360568,-0.0388707380073813,-0.0111203022534592,-0.0111203022534592,0,0,0,0,0,0,0,0,0,0,0,0,0,1,517,0,0,0,0,0,0,0,0,0,1,0,0,0
0.517,0.523598775598299,0.562329129820081,-0.140316904561558,7.75566653477e-05,0.562329129820081,0.562329129820081,-0.0387303542217822,-0.011099415952998,-0.011099415952998,0,0,0,0,0,0,0,0,0,0,0,0,0,1,518,0,0,0,0,0,0,0,0,0,1,0,0,0
0.518,0.523598775598299,0.56218888130711,-0.140179381225333,8.61208043931362e-05,0.56218888130711,0.56218888130711,-0.0385901057088115,-0.0110783063193522,-0.0110783063193522,0,0,0,0,0,0,0,0,0,0,0,0,0,1,519,0,0,0,0,0,0,0,0,0,1,0,0,0
0.519,0.523598775598299,0.562048772546657,-0.14003741029948,9.4570034157835e-05,0.562048772546657,0.562048772546657,-0.0384499969483584,-0.0110569767772588,-0.0110569767772588,0,0,0,0,0,0,0,0,0,0,0,0,0,1,520,0,0,0,0,0,0,0,0,0,1,0,0,0
0.52,0.523598775598299,0.561908807954298,-0.139891055668067,0.000102905865891429,0.561908807954298,0.561908807954298,-0.0383100323559992,-0.0110354307368163,-0.0110354307368163,0,0,0,0,0,0,0,0,0,0,0,0,0,1,521,0,0,0,0,0,0,0,0,0,1,0,0,0
0.521,0.523598775598299,0.561768991882145,-0.13974038037931,0.000111129763463701,0.561768991882145,0.561768991882145,-0.0381702162838464,-0.0110136715934144,-0.0110136715934144,0,0,0,0,0,0,0,0,0,0,0,0,0,1,522,0,0,0,0,0,0,0,0,0,1,0,0,0
0.522,0.523598775598299,0.56162932861967,-0.139585446670898,0.000119243145206173,0.56162932861967,0.56162932861967,-0.0380305530213716,-0.0109917027276313,-0.0109917027276313,0,0,0,0,0,0,0,0,0,0,0,0,0,1,523,0,0,0,0,0,0,0,0,0,1,0,0,0
0.523,0.523598775598299,0.561489822394502,-0.139426315994325,0.000127247385714139,0.561489822394502,0.561489822394502,-0.0378910467962036,-0.0109695275051056,-0.0109695275051056,0,0,0,0,0,0,0,0,0,0,0,0,0,1,524,0,0,0,0,0,0,0,0,0,1,0,0,0
0.524,0.523598775598299,0.561350477373202,-0.139263049038261,0.000135143817607662,0.561350477373202,0.561350477373202,-0.0377517017749032,-0.0109471492763813,-0.0109471492763813,0,0,0,0,0,0,0,0,0,0,0,0,0,1,525,0,0,0,0,0,0,0,0,0,1,0,0,0
0.525,0.523598775598299,0.561211297662013,-0.139095705750978,0.00014293373325129,0.561211297662013,0.561211297662013,-0.0376125220637145,-0.01092457137673,-0.01092457137673,0,0,0,0,0,0,0,0,0,0,0,0,0,1,526,0,0,0,0,0,0,0,0,0,1,0,0,0
0.526,0.523598775598299,0.561072287307593,-0.138924345361848,0.000150618386432021,0.561072287307593,0.561072287307593,-0.0374735117092946,-0.0109017971259518,-0.0109017971259518,0,0,0,0,0,0,0,0,0,0,0,0,0,1,527,0,0,0,0,0,0,0,0,0,1,0,0,0
0.527,0.523598775598299,0.560933450297721,-0.138749026401952,0.000158198993994919,0.560933450297721,0.560933450297721,-0.037334674699422,-0.010878829828156,-0.010878829828156,0,0,0,0,0,0,0,0,0,0,0,0,0,1,528,0,0,0,0,0,0,0,0,0,1,0,0,0
0.528,0.523598775598299,0.560794790561984,-0.138569806723812,0.0001656767374364,0.560794790561984,0.560794790561984,-0.0371960149636849,-0.0108556727715262,-0.0108556727715262,0,0,0,0,0,0,0,0,0,0,0,0,0,1,529,0,0,0,0,0,0,0,0,0,1,0,0,0
0.529,0.523598775598299,0.560656311972449,-0.138386743520264,0.000173052764454581,0.560656311972449,0.560656311972449,-0.0370575363741504,-0.0108323292280701,-0.0108323292280701,0,0,0,0,0,0,0,0,0,0,0,0,0,1,530,0,0,0,0,0,0,0,0,0,1,0,0,0
0.53,0.523598775598299,0.560518018344314,-0.138199893342516,0.000180328190456509,0.560518018344314,0.560518018344314,-0.0369192427460153,-0.0108088024533541,-0.0108088024533541,0,0,0,0,0,0,0,0,0,0,0,0,0,1,531,0,0,0,0,0,0,0,0,0,1,0,0,0
0.531,0.523598775598299,0.560379913436537,-0.138009312117392,0.000187504100022628,0.560379913436537,0.560379913436537,-0.0367811378382387,-0.0107850956862283,-0.0107850956862283,0,0,0,0,0,0,0,0,0,0,0,0,0,1,532,0,0,0,0,0,0,0,0,0,1,0,0,0
0.532,0.523598775598299,0.560242000952457,-0.137815055163793,0.000194581548328038,0.560242000952457,0.560242000952457,-0.0366432253541578,-0.0107612121485389,-0.0107612121485389,0,0,0,0,0,0,0,0,0,0,0,0,0,1,533,0,0,0,0,0,0,0,0,0,1,0,0,0
0.533,0.523598775598299,0.560104284540388,-0.137617177208415,0.000201561562521291,0.560104284540388,0.560104284540388,-0.0365055089420888,-0.0107371550448356,-0.0107371550448356,0,0,0,0,0,0,0,0,0,0,0,0,0,1,534,0,0,0,0,0,0,0,0,0,1,0,0,0
0.534,0.523598775598299,0.55996676779421,-0.137415732400713,0.000208445143059574,0.55996676779421,0.55996676779421,-0.0363679921959108,-0.0107129275620675,-0.0107129275620675,0,0,0,0,0,0,0,0,0,0,0,0,0,1,535,0,0,0,0,0,0,0,0,0,1,0,0,0
0.535,0.523598775598299,0.559829454253935,-0.137210774327171,0.000215233265002274,0.559829454253935,0.559829454253935,-0.0362306786556361,-0.0106885328692778,-0.0106885328692778,0,0,0,0,0,0,0,0,0,0,0,0,0,1,536,0,0,0,0,0,0,0,0,0,1,0,0,0
0.536,0.523598775598299,0.559692347406265,-0.137002356024873,0.000221926879261429,0.559692347406265,0.559692347406265,-0.0360935718079662,-0.0106639741172908,-0.0106639741172908,0,0,0,0,0,0,0,0,0,0,0,0,0,1,537,0,0,0,0,0,0,0,0,0,1,0,0,0
0.537,0.523598775598299,0.559555450685134,-0.136790529994419,0.000228526913810786,0.559555450685134,0.559555450685134,-0.0359566750868351,-0.0106392544383986,-0.0106392544383986,0,0,0,0,0,0,0,0,0,0,0,0,0,1,538,0,0,0,0,0,0,0,0,0,1,0,0,0
0.538,0.523598775598299,0.559418767472238,-0.136575348212187,0.000235034274852698,0.559418767472238,0.559418767472238,-0.035819991873939,-0.0106143769460437,-0.0106143769460437,0,0,0,0,0,0,0,0,0,0,0,0,0,1,539,0,0,0,0,0,0,0,0,0,1,0,0,0
0.539,0.523598775598299,0.559282301097554,-0.136356862141987,0.000241449847944201,0.559282301097554,0.559282301097554,-0.0356835254992554,-0.010589344734503,-0.010589344734503,0,0,0,0,0,0,0,0,0,0,0,0,0,1,540,0,0,0,0,0,0,0,0,0,1,0,0,0
0.54,0.523598775598299,0.559146054839848,-0.136135122746112,0.000247774499082186,0.559146054839848,0.559146054839848,-0.035547279241549,-0.0105641608785701,-0.0105641608785701,0,0,0,0,0,0,0,0,0,0,0,0,0,1,541,0,0,0,0,0,0,0,0,0,1,0,0,0
0.541,0.523598775598299,0.559010031927168,-0.135910180495815,0.000254009075748639,0.559010031927168,0.559010031927168,-0.0354112563288693,-0.0105388284332418,-0.0105388284332418,0,0,0,0,0,0,0,0,0,0,0,0,0,1,542,0,0,0,0,0,0,0,0,0,1,0,0,0
0.542,0.523598775598299,0.558874235537334,-0.135682085381231,0.000260154407915651,0.558874235537334,0.558874235537334,-0.0352754599390352,-0.010513350433403,-0.010513350433403,0,0,0,0,0,0,0,0,0,0,0,0,0,1,543,0,0,0,0,0,0,0,0,0,1,0,0,0
0.543,0.523598775598299,0.558738668798412,-0.135450886920768,0.000266211309012255,0.558738668798412,0.558738668798412,-0.0351398932001128,-0.0104877298935204,-0.0104877298935204,0,0,0,0,0,0,0,0,0,0,0,0,0,1,544,0,0,0,0,0,0,0,0,0,1,0,0,0
0.544,0.523598775598299,0.55860333478918,-0.135216634169989,0.000272180576851588,0.55860333478918,0.55860333478918,-0.0350045591908812,-0.0104619698073345,-0.0104619698073345,0,0,0,0,0,0,0,0,0,0,0,0,0,1,545,0,0,0,0,0,0,0,0,0,1,0,0,0
0.545,0.523598775598299,0.558468236539591,-0.134979375730002,0.000278062994521441,0.558468236539591,0.558468236539591,-0.0348694609412924,-0.0104360731475613,-0.0104360731475613,0,0,0,0,0,0,0,0,0,0,0,0,0,1,546,0,0,0,0,0,0,0,0,0,1,0,0,0
0.546,0.523598775598299,0.55833337703122,-0.134739159755377,0.000283859331236713,0.55833337703122,0.55833337703122,-0.0347346014329212,-0.0104100428655968,-0.0104100428655968,0,0,0,0,0,0,0,0,0,0,0,0,0,1,547,0,0,0,0,0,0,0,0,0,1,0,0,0
0.547,0.523598775598299,0.558198759197706,-0.134496033961616,0.000289570343155868,0.558198759197706,0.558198759197706,-0.0345999835994076,-0.0103838818912278,-0.0103838818912278,0,0,0,0,0,0,0,0,0,0,0,0,0,1,548,0,0,0,0,0,0,0,0,0,1,0,0,0
0.548,0.523598775598299,0.558064385925192,-0.134250045632194,0.000295196774161901,0.558064385925192,0.558064385925192,-0.034465610326893,-0.0103575931323513,-0.0103575931323513,0,0,0,0,0,0,0,0,0,0,0,0,0,1,549,0,0,0,0,0,0,0,0,0,1,0,0,0
0.549,0.523598775598299,0.557930260052747,-0.134001241625185,0.000300739356607965,0.557930260052747,0.557930260052747,-0.0343314844544484,-0.0103311794747006,-0.0103311794747006,0,0,0,0,0,0,0,0,0,0,0,0,0,1,550,0,0,0,0,0,0,0,0,0,1,0,0,0
0.55,0.523598775598299,0.557796384372796,-0.133749668379498,0.000306198812028701,0.557796384372796,0.557796384372796,-0.0341976087744968,-0.0103046437815778,-0.0103046437815778,0,0,0,0,0,0,0,0,0,0,0,0,0,1,551,0,0,0,0,0,0,0,0,0,1,0,0,0
0.551,0.523598775598299,0.557662761631529,-0.133495371920733,0.000311575851818663,0.557662761631529,0.557662761631529,-0.0340639860332297,-0.0102779888935984,-0.0102779888935984,0,0,0,0,0,0,0,0,0,0,0,0,0,1,552,0,0,0,0,0,0,0,0,0,1,0,0,0
0.552,0.523598775598299,0.557529394529316,-0.133238397866692,0.000316871177877331,0.557529394529316,0.557529394529316,-0.0339306189310169,-0.0102512176284407,-0.0102512176284407,0,0,0,0,0,0,0,0,0,0,0,0,0,1,553,0,0,0,0,0,0,0,0,0,1,0,0,0
0.553,0.523598775598299,0.557396285721111,-0.132978791432536,0.000322085483223036,0.557396285721111,0.557396285721111,-0.0337975101228126,-0.0102243327806072,-0.0102243327806072,0,0,0,0,0,0,0,0,0,0,0,0,0,1,554,0,0,0,0,0,0,0,0,0,1,0,0,0
0.554,0.523598775598299,0.557263437816854,-0.132716597435635,0.000327219452575256,0.557263437816854,0.557263437816854,-0.0336646622185548,-0.0101973371211943,-0.0101973371211943,0,0,0,0,0,0,0,0,0,0,0,0,0,1,555,0,0,0,0,0,0,0,0,0,1,0,0,0
0.555,0.523598775598299,0.55713085338186,-0.1324518603001,0.000332273762907262,0.55713085338186,0.55713085338186,-0.0335320777835612,-0.0101702333976725,-0.0101702333976725,0,0,0,0,0,0,0,0,0,0,0,0,0,1,556,0,0,0,0,0,0,0,0,0,1,0,0,0
0.556,0.523598775598299,0.556998534937219,-0.13218462406103,0.000337249083968871,0.556998534937219,0.556998534937219,-0.0333997593389203,-0.0101430243336776,-0.0101430243336776,0,0,0,0,0,0,0,0,0,0,0,0,0,1,557,0,0,0,0,0,0,0,0,0,1,0,0,0
0.557,0.523598775598299,0.556866484960177,-0.131914932368491,0.000342146078780723,0.556866484960177,0.556866484960177,-0.0332677093618784,-0.0101157126288102,-0.0101157126288102,0,0,0,0,0,0,0,0,0,0,0,0,0,1,558,0,0,0,0,0,0,0,0,0,1,0,0,0
0.558,0.523598775598299,0.556734705884521,-0.131642828491226,0.000346965404100974,0.556734705884521,0.556734705884521,-0.0331359302862224,-0.0100883009584467,-0.0100883009584467,0,0,0,0,0,0,0,0,0,0,0,0,0,1,559,0,0,0,0,0,0,0,0,0,1,0,0,0
0.559,0.523598775598299,0.556603200100959,-0.131368355320128,0.000351707710865329,0.556603200100959,0.556603200100959,-0.0330044245026602,-0.0100607919735636,-0.0100607919735636,0,0,0,0,0,0,0,0,0,0,0,0,0,1,560,0,0,0,0,0,0,0,0,0,1,0,0,0
0.56,0.523598775598299,0.556471969957495,-0.131091555371485,0.000356373644600125,0.556471969957495,0.556471969957495,-0.0328731943591958,-0.0100331883005683,-0.0100331883005683,0,0,0,0,0,0,0,0,0,0,0,0,0,1,561,0,0,0,0,0,0,0,0,0,1,0,0,0
0.561,0.523598775598299,0.556341017759802,-0.130812470789998,0.000360963845811154,0.556341017759802,0.556341017759802,-0.0327422421615033,-0.0100054925411442,-0.0100054925411442,0,0,0,0,0,0,0,0,0,0,0,0,0,1,562,0,0,0,0,0,0,0,0,0,1,0,0,0
0.562,0.523598775598299,0.556210345771595,-0.130531143351616,0.000365478950347403,0.556210345771595,0.556210345771595,-0.0326115701732966,-0.00997770727210552,-0.00997770727210552,0,0,0,0,0,0,0,0,0,0,0,0,0,1,563,0,0,0,0,0,0,0,0,0,1,0,0,0
0.563,0.523598775598299,0.556079956214996,-0.130247614466158,0.000369919589741626,0.556079956214996,0.556079956214996,-0.032481180616697,-0.00994983504526431,-0.00994983504526431,0,0,0,0,0,0,0,0,0,0,0,0,0,1,564,0,0,0,0,0,0,0,0,0,1,0,0,0
0.564,0.523598775598299,0.555949851270897,-0.12996192517978,0.000374286391527621,0.555949851270897,0.555949851270897,-0.0323510756725979,-0.00992187838730703,-0.00992187838730703,0,0,0,0,0,0,0,0,0,0,0,0,0,1,565,0,0,0,0,0,0,0,0,0,1,0,0,0
0.565,0.523598775598299,0.555820033079326,-0.129674116177263,0.000378579979536043,0.555820033079326,0.555820033079326,-0.0322212574810274,-0.00989383979968421,-0.00989383979968421,0,0,0,0,0,0,0,0,0,0,0,0,0,1,566,0,0,0,0,0,0,0,0,0,1,0,0,0
0.566,0.523598775598299,0.555690503739808,-0.129384227784153,0.0003828009741686,0.555690503739808,0.555690503739808,-0.032091728141509,-0.00986572175850969,-0.00986572175850969,0,0,0,0,0,0,0,0,0,0,0,0,0,1,567,0,0,0,0,0,0,0,0,0,1,0,0,0
0.567,0.523598775598299,0.555561265311718,-0.12909229996876,0.000386949992652144,0.555561265311718,0.555561265311718,-0.0319624897134188,-0.00983752671447154,-0.00983752671447154,0,0,0,0,0,0,0,0,0,0,0,0,0,1,568,0,0,0,0,0,0,0,0,0,1,0,0,0
0.568,0.523598775598299,0.555432319814642,-0.128798372344019,0.000391027649273118,0.555432319814642,0.555432319814642,-0.0318335442163428,-0.00980925709275447,-0.00980925709275447,0,0,0,0,0,0,0,0,0,0,0,0,0,1,569,0,0,0,0,0,0,0,0,0,1,0,0,0
0.569,0.523598775598299,0.55530366922873,-0.128502484169241,0.000395034555593019,0.55530366922873,0.55530366922873,-0.0317048936304311,-0.00978091529297294,-0.00978091529297294,0,0,0,0,0,0,0,0,0,0,0,0,0,1,570,0,0,0,0,0,0,0,0,0,1,0,0,0
0.57,0.523598775598299,0.555175315495049,-0.128204674351744,0.000398971320645791,0.555175315495049,0.555175315495049,-0.0315765398967504,-0.0097525036891145,-0.0097525036891145,0,0,0,0,0,0,0,0,0,0,0,0,0,1,571,0,0,0,0,0,0,0,0,0,1,0,0,0
0.571,0.523598775598299,0.555047260515934,-0.127904981448385,0.000402838551118066,0.555047260515934,0.555047260515934,-0.0314484849176356,-0.00972402462949519,-0.00972402462949519,0,0,0,0,0,0,0,0,0,0,0,0,0,1,572,0,0,0,0,0,0,0,0,0,1,0,0,0
0.572,0.523598775598299,0.554919506155338,-0.127603443667002,0.000406636851512528,0.554919506155338,0.554919506155338,-0.0313207305570394,-0.00969548043672386,-0.00969548043672386,0,0,0,0,0,0,0,0,0,0,0,0,0,1,573,0,0,0,0,0,0,0,0,0,1,0,0,0
0.573,0.523598775598299,0.554792054239179,-0.127300098867768,0.000410366824295774,0.554792054239179,0.554792054239179,-0.0311932786408805,-0.00966687340767856,-0.00966687340767856,0,0,0,0,0,0,0,0,0,0,0,0,0,1,574,0,0,0,0,0,0,0,0,0,1,0,0,0
0.574,0.523598775598299,0.554664906555689,-0.126994984564474,0.000414029070030715,0.554664906555689,0.554664906555689,-0.0310661309573906,-0.00963820581349221,-0.00963820581349221,0,0,0,0,0,0,0,0,0,0,0,0,0,1,575,0,0,0,0,0,0,0,0,0,1,0,0,0
0.575,0.523598775598299,0.554538064855759,-0.126688137925741,0.000417624187494683,0.554538064855759,0.554538064855759,-0.0309392892574606,-0.00960947989954918,-0.00960947989954918,0,0,0,0,0,0,0,0,0,0,0,0,0,1,576,0,0,0,0,0,0,0,0,0,1,0,0,0
0.576,0.523598775598299,0.554411530853283,-0.126379595776175,0.000421152773783594,0.554411530853283,0.554411530853283,-0.0308127552549845,-0.00958069788549087,-0.00958069788549087,0,0,0,0,0,0,0,0,0,0,0,0,0,1,577,0,0,0,0,0,0,0,0,0,1,0,0,0
0.577,0.523598775598299,0.554285306225503,-0.126069394597466,0.000424615424403208,0.554285306225503,0.554285306225503,-0.0306865306272037,-0.00955186196523271,-0.00955186196523271,0,0,0,0,0,0,0,0,0,0,0,0,0,1,578,0,0,0,0,0,0,0,0,0,1,0,0,0
0.578,0.523598775598299,0.554159392613347,-0.125757570529447,0.000428012733347564,0.554159392613347,0.554159392613347,-0.0305606170150486,-0.00952297430698808,-0.00952297430698808,0,0,0,0,0,0,0,0,0,0,0,0,0,1,579,0,0,0,0,0,0,0,0,0,1,0,0,0
0.579,0.523598775598299,0.554033791621779,-0.125444159371106,0.000431345293166145,0.554033791621779,0.554033791621779,-0.0304350160234806,-0.0094940370533048,-0.0094940370533048,0,0,0,0,0,0,0,0,0,0,0,0,0,1,580,0,0,0,0,0,0,0,0,0,1,0,0,0
0.58,0.523598775598299,0.55390850482013,-0.125129196581569,0.000434613695019224,0.55390850482013,0.55390850482013,-0.0303097292218316,-0.00946505232110685,-0.00946505232110685,0,0,0,0,0,0,0,0,0,0,0,0,0,1,581,0,0,0,0,0,0,0,0,0,1,0,0,0
0.581,0.523598775598299,0.553783533742443,-0.12481271728106,0.000437818528723446,0.553783533742443,0.553783533742443,-0.0301847581441445,-0.00943602220175009,-0.00943602220175009,0,0,0,0,0,0,0,0,0,0,0,0,0,1,582,0,0,0,0,0,0,0,0,0,1,0,0,0
0.582,0.523598775598299,0.553658879887809,-0.124494756251828,0.000440960382786285,0.553658879887809,0.553658879887809,-0.0300601042895103,-0.00940694876108086,-0.00940694876108086,0,0,0,0,0,0,0,0,0,0,0,0,0,1,583,0,0,0,0,0,0,0,0,0,1,0,0,0
0.583,0.523598775598299,0.553534544720706,-0.12417534793907,0.000444039844432255,0.553534544720706,0.553534544720706,-0.0299357691224073,-0.00937783403950855,-0.00937783403950855,0,0,0,0,0,0,0,0,0,0,0,0,0,1,584,0,0,0,0,0,0,0,0,0,1,0,0,0
0.584,0.523598775598299,0.553410529671335,-0.123854526451831,0.000447057499619206,0.553410529671335,0.553410529671335,-0.0298117540730359,-0.00934868005208206,-0.00934868005208206,0,0,0,0,0,0,0,0,0,0,0,0,0,1,585,0,0,0,0,0,0,0,0,0,1,0,0,0
0.585,0.523598775598299,0.553286836135955,-0.123532325563908,0.000450013933047008,0.553286836135955,0.553286836135955,-0.0296880605376558,-0.00931948878857651,-0.00931948878857651,0,0,0,0,0,0,0,0,0,0,0,0,0,1,586,0,0,0,0,0,0,0,0,0,1,0,0,0
0.586,0.523598775598299,0.553163465477219,-0.123208778714738,0.000452909728158163,0.553163465477219,0.553163465477219,-0.0295646898789197,-0.00929026221358666,-0.00929026221358666,0,0,0,0,0,0,0,0,0,0,0,0,0,1,587,0,0,0,0,0,0,0,0,0,1,0,0,0
0.587,0.523598775598299,0.553040419024507,-0.122883919010302,0.000455745467131269,0.553040419024507,0.553040419024507,-0.0294416434262079,-0.00926100226662914,-0.00926100226662914,0,0,0,0,0,0,0,0,0,0,0,0,0,1,588,0,0,0,0,0,0,0,0,0,1,0,0,0
0.588,0.523598775598299,0.55291769807426,-0.122557779224019,0.000458521730867322,0.55291769807426,0.55291769807426,-0.0293189224759614,-0.00923171086225046,-0.00923171086225046,0,0,0,0,0,0,0,0,0,0,0,0,0,1,589,0,0,0,0,0,0,0,0,0,1,0,0,0
0.589,0.523598775598299,0.552795303890312,-0.122230391797663,0.00046123909896997,0.552795303890312,0.552795303890312,-0.0291965282920128,-0.00920238989014079,-0.00920238989014079,0,0,0,0,0,0,0,0,0,0,0,0,0,1,590,0,0,0,0,0,0,0,0,0,1,0,0,0
0.59,0.523598775598299,0.552673237704218,-0.121901788842277,0.00046389814972039,0.552673237704218,0.552673237704218,-0.0290744621059191,-0.00917304121525846,-0.00917304121525846,0,0,0,0,0,0,0,0,0,0,0,0,0,1,591,0,0,0,0,0,0,0,0,0,1,0,0,0
0.591,0.523598775598299,0.55255150071559,-0.121572002139115,0.000466499460045827,0.55255150071559,0.55255150071559,-0.0289527251172911,-0.0091436666779573,-0.0091436666779573,0,0,0,0,0,0,0,0,0,0,0,0,0,1,592,0,0,0,0,0,0,0,0,0,1,0,0,0
0.592,0.523598775598299,0.552430094092421,-0.121241063140592,0.000469043605483673,0.552430094092421,0.552430094092421,-0.0288313184941227,-0.00911426809412152,-0.00911426809412152,0,0,0,0,0,0,0,0,0,0,0,0,0,1,593,0,0,0,0,0,0,0,0,0,1,0,0,0
0.593,0.523598775598299,0.552309018971418,-0.120909002971257,0.00047153116014089,0.552309018971418,0.552309018971418,-0.0287102433731194,-0.00908484725530591,-0.00908484725530591,0,0,0,0,0,0,0,0,0,0,0,0,0,1,594,0,0,0,0,0,0,0,0,0,1,0,0,0
0.594,0.523598775598299,0.552188276458325,-0.120575852428792,0.000473962696649414,0.552188276458325,0.552188276458325,-0.0285895008600259,-0.00905540592888246,-0.00905540592888246,0,0,0,0,0,0,0,0,0,0,0,0,0,1,595,0,0,0,0,0,0,0,0,0,1,0,0,0
0.595,0.523598775598299,0.552067867628251,-0.120241641985027,0.000476338786117574,0.552067867628251,0.552067867628251,-0.028469092029952,-0.00902594585819237,-0.00902594585819237,0,0,0,0,0,0,0,0,0,0,0,0,0,1,596,0,0,0,0,0,0,0,0,0,1,0,0,0
0.596,0.523598775598299,0.551947793525997,-0.119906401786987,0.000478659998078047,0.551947793525997,0.551947793525997,-0.0283490179276982,-0.0089964687627019,-0.0089964687627019,0,0,0,0,0,0,0,0,0,0,0,0,0,1,597,0,0,0,0,0,0,0,0,0,1,0,0,0
0.597,0.523598775598299,0.551828055166379,-0.11957016165797,0.000480926900433081,0.551828055166379,0.551828055166379,-0.0282292795680801,-0.00896697633816504,-0.00896697633816504,0,0,0,0,0,0,0,0,0,0,0,0,0,1,598,0,0,0,0,0,0,0,0,0,1,0,0,0
0.598,0.523598775598299,0.55170865353455,-0.119232951098645,0.000483140059396619,0.55170865353455,0.55170865353455,-0.0281098779362511,-0.00893747025678876,-0.00893747025678876,0,0,0,0,0,0,0,0,0,0,0,0,0,1,599,0,0,0,0,0,0,0,0,0,1,0,0,0
0.599,0.523598775598299,0.551589589586324,-0.118894799288189,0.000485300039434455,0.551589589586324,0.551589589586324,-0.0279908139880252,-0.0089079521674055,-0.0089079521674055,0,0,0,0,0,0,0,0,0,0,0,0,0,1,600,0,0,0,0,0,0,0,0,0,1,0,0,0
0.6,0.523598775598299,0.551470864248496,-0.118555735085451,0.000487407403201655,0.551470864248496,0.551470864248496,-0.0278720886501971,-0.00887842369564629,-0.00887842369564629,0,0,0,0,0,0,0,0,0,0,0,0,0,1,601,0,0,0,0,0,0,0,0,0,1,0,0,0
0.601,0.523598775598299,0.551352478419161,-0.118215787030152,0.000489462711478923,0.551352478419161,0.551352478419161,-0.0277537028208625,-0.00884888644412071,-0.00884888644412071,0,0,0,0,0,0,0,0,0,0,0,0,0,1,602,0,0,0,0,0,0,0,0,0,1,0,0,0
0.602,0.523598775598299,0.551234432968035,-0.117874983344119,0.000491466523106977,0.551234432968035,0.551234432968035,-0.0276356573697366,-0.00881934199259936,-0.00881934199259936,0,0,0,0,0,0,0,0,0,0,0,0,0,1,603,0,0,0,0,0,0,0,0,0,1,0,0,0
0.603,0.523598775598299,0.55111672873677,-0.117533351932549,0.000493419394919796,0.55111672873677,0.55111672873677,-0.0275179531384708,-0.00878979189819928,-0.00878979189819928,0,0,0,0,0,0,0,0,0,0,0,0,0,1,604,0,0,0,0,0,0,0,0,0,1,0,0,0
0.604,0.523598775598299,0.550999366539268,-0.117190920385315,0.000495321881677062,0.550999366539268,0.550999366539268,-0.0274005909409692,-0.00876023769557358,-0.00876023769557358,0,0,0,0,0,0,0,0,0,0,0,0,0,1,605,0,0,0,0,0,0,0,0,0,1,0,0,0
0.605,0.523598775598299,0.550882347162002,-0.1168477159783,0.000497174535995736,0.550882347162002,0.550882347162002,-0.0272835715637035,-0.00873068089710481,-0.00873068089710481,0,0,0,0,0,0,0,0,0,0,0,0,0,1,606,0,0,0,0,0,0,0,0,0,1,0,0,0
0.606,0.523598775598299,0.550765671364324,-0.116503765674772,0.000498977908280728,0.550765671364324,0.550765671364324,-0.0271668957660256,-0.00870112299309835,-0.00870112299309835,0,0,0,0,0,0,0,0,0,0,0,0,0,1,607,0,0,0,0,0,0,0,0,0,1,0,0,0
0.607,0.523598775598299,0.550649339878779,-0.116159096126796,0.000500732546656014,0.550649339878779,0.550649339878779,-0.0270505642804797,-0.00867156545198043,-0.00867156545198043,0,0,0,0,0,0,0,0,0,0,0,0,0,1,608,0,0,0,0,0,0,0,0,0,1,0,0,0
0.608,0.523598775598299,0.550533353411412,-0.115813733676674,0.000502438996895372,0.550533353411412,0.550533353411412,-0.0269345778131134,-0.00864200972049965,-0.00864200972049965,0,0,0,0,0,0,0,0,0,0,0,0,0,1,609,0,0,0,0,0,0,0,0,0,1,0,0,0
0.609,0.523598775598299,0.550417712642085,-0.115467704358432,0.000504097802352776,0.550417712642085,0.550417712642085,-0.0268189370437859,-0.00861245722392749,-0.00861245722392749,0,0,0,0,0,0,0,0,0,0,0,0,0,1,610,0,0,0,0,0,0,0,0,0,1,0,0,0
0.61,0.523598775598299,0.550302418224775,-0.115121033899335,0.000505709503893746,0.550302418224775,0.550302418224775,-0.0267036426264761,-0.00858290936626314,-0.00858290936626314,0,0,0,0,0,0,0,0,0,0,0,0,0,1,611,0,0,0,0,0,0,0,0,0,1,0,0,0
0.611,0.523598775598299,0.550187470787887,-0.114773747721439,0.000507274639826867,0.550187470787887,0.550187470787887,-0.0265886951895883,-0.00855336753044009,-0.00855336753044009,0,0,0,0,0,0,0,0,0,0,0,0,0,1,612,0,0,0,0,0,0,0,0,0,1,0,0,0
0.612,0.523598775598299,0.550072870934555,-0.114425870943184,0.000508793745835738,0.550072870934555,0.550072870934555,-0.0264740953362566,-0.00852383307853219,-0.00852383307853219,0,0,0,0,0,0,0,0,0,0,0,0,0,1,613,0,0,0,0,0,0,0,0,0,1,0,0,0
0.613,0.523598775598299,0.549958619242947,-0.114077428381011,0.000510267354912249,0.549958619242947,0.549958619242947,-0.0263598436446477,-0.00849430735196396,-0.00849430735196396,0,0,0,0,0,0,0,0,0,0,0,0,0,1,614,0,0,0,0,0,0,0,0,0,1,0,0,0
0.614,0.523598775598299,0.549844716266562,-0.113728444551024,0.000511695997290216,0.549844716266562,0.549844716266562,-0.0262459406682627,-0.00846479167172093,-0.00846479167172093,0,0,0,0,0,0,0,0,0,0,0,0,0,1,615,0,0,0,0,0,0,0,0,0,1,0,0,0
0.615,0.523598775598299,0.549731162534534,-0.113378943670682,0.000513080200380107,0.549731162534534,0.549731162534534,-0.0261323869362355,-0.00843528733855969,-0.00843528733855969,0,0,0,0,0,0,0,0,0,0,0,0,0,1,616,0,0,0,0,0,0,0,0,0,1,0,0,0
0.616,0.523598775598299,0.54961795855193,-0.113028949660522,0.000514420488705346,0.54961795855193,0.54961795855193,-0.0260191829536314,-0.00840579563322039,-0.00840579563322039,0,0,0,0,0,0,0,0,0,0,0,0,0,1,617,0,0,0,0,0,0,0,0,0,1,0,0,0
0.617,0.523598775598299,0.549505104800042,-0.112678486145918,0.00051571738383972,0.549505104800042,0.549505104800042,-0.0259063292017429,-0.00837631781664076,-0.00837631781664076,0,0,0,0,0,0,0,0,0,0,0,0,0,1,618,0,0,0,0,0,0,0,0,0,1,0,0,0
0.618,0.523598775598299,0.549392601736683,-0.11232757645887,0.000516971404345735,0.549392601736683,0.549392601736683,-0.0257938261383838,-0.00834685513016768,-0.00834685513016768,0,0,0,0,0,0,0,0,0,0,0,0,0,1,619,0,0,0,0,0,0,0,0,0,1,0,0,0
0.619,0.523598775598299,0.549280449796481,-0.111976243639825,0.000518183065715192,0.549280449796481,0.549280449796481,-0.025681674198182,-0.00831740879577229,-0.00831740879577229,0,0,0,0,0,0,0,0,0,0,0,0,0,1,620,0,0,0,0,0,0,0,0,0,1,0,0,0
0.62,0.523598775598299,0.549168649391169,-0.111624510439528,0.000519352880310758,0.549168649391169,0.549168649391169,-0.02556987379287,-0.00828798001626355,-0.00828798001626355,0,0,0,0,0,0,0,0,0,0,0,0,0,1,621,0,0,0,0,0,0,0,0,0,1,0,0,0
0.621,0.523598775598299,0.549057200909872,-0.111272399320901,0.000520481357309418,0.549057200909872,0.549057200909872,-0.0254584253115734,-0.00825856997550214,-0.00825856997550214,0,0,0,0,0,0,0,0,0,0,0,0,0,1,622,0,0,0,0,0,0,0,0,0,1,0,0,0
0.622,0.523598775598299,0.548946104719397,-0.110919932460955,0.000521569002647699,0.548946104719397,0.548946104719397,-0.0253473291210983,-0.00822917983861586,-0.00822917983861586,0,0,0,0,0,0,0,0,0,0,0,0,0,1,623,0,0,0,0,0,0,0,0,0,1,0,0,0
0.623,0.523598775598299,0.548835361164514,-0.110567131752723,0.000522616318968254,0.548835361164514,0.548835361164514,-0.0252365855662156,-0.00819981075221164,-0.00819981075221164,0,0,0,0,0,0,0,0,0,0,0,0,0,1,624,0,0,0,0,0,0,0,0,0,1,0,0,0
0.624,0.523598775598299,0.548724970568243,-0.110214018807224,0.000523623805569029,0.548724970568243,0.548724970568243,-0.0251261949699446,-0.00817046384459133,-0.00817046384459133,0,0,0,0,0,0,0,0,0,0,0,0,0,1,625,0,0,0,0,0,0,0,0,0,1,0,0,0
0.625,0.523598775598299,0.548614933232133,-0.109860614955452,0.000524591958353482,0.548614933232133,0.548614933232133,-0.0250161576338337,-0.00814114022596319,-0.00814114022596319,0,0,0,0,0,0,0,0,0,0,0,0,0,1,626,0,0,0,0,0,0,0,0,0,1,0,0,0
0.626,0.523598775598299,0.548505249436538,-0.109506941250387,0.000525521269783479,0.548505249436538,0.548505249436538,-0.0249064738382394,-0.00811184098865615,-0.00811184098865615,0,0,0,0,0,0,0,0,0,0,0,0,0,1,627,0,0,0,0,0,0,0,0,0,1,0,0,0
0.627,0.523598775598299,0.548395919440902,-0.109153018469034,0.000526412228833547,0.548395919440902,0.548395919440902,-0.0247971438426035,-0.00808256720733107,-0.00808256720733107,0,0,0,0,0,0,0,0,0,0,0,0,0,1,628,0,0,0,0,0,0,0,0,0,1,0,0,0
0.628,0.523598775598299,0.548286943484027,-0.108798867114479,0.000527265320947524,0.548286943484027,0.548286943484027,-0.0246881678857279,-0.00805331993919316,-0.00805331993919316,0,0,0,0,0,0,0,0,0,0,0,0,0,1,629,0,0,0,0,0,0,0,0,0,1,0,0,0
0.629,0.523598775598299,0.548178321784346,-0.10844450741797,0.000528081027996848,0.548178321784346,0.548178321784346,-0.0245795461860474,-0.00802410022420064,-0.00802410022420064,0,0,0,0,0,0,0,0,0,0,0,0,0,1,630,0,0,0,0,0,0,0,0,0,1,0,0,0
0.63,0.523598775598299,0.5480700545402,-0.108089959341019,0.000528859828241617,0.5480700545402,0.5480700545402,-0.0244712789419007,-0.0079949090852767,-0.0079949090852767,0,0,0,0,0,0,0,0,0,0,0,0,0,1,631,0,0,0,0,0,0,0,0,0,1,0,0,0
0.631,0.523598775598299,0.547962141930098,-0.107735242577515,0.000529602196292781,0.547962141930098,0.547962141930098,-0.024363366331799,-0.00796574752851696,-0.00796574752851696,0,0,0,0,0,0,0,0,0,0,0,0,0,1,632,0,0,0,0,0,0,0,0,0,1,0,0,0
0.632,0.523598775598299,0.547854584112991,-0.107380376555869,0.000530308603076949,0.547854584112991,0.547854584112991,-0.0242558085146926,-0.00793661654339702,-0.00793661654339702,0,0,0,0,0,0,0,0,0,0,0,0,0,1,633,0,0,0,0,0,0,0,0,0,1,0,0,0
0.633,0.523598775598299,0.547747381228534,-0.107025380441162,0.000530979515803223,0.547747381228534,0.547747381228534,-0.0241486056302349,-0.00790751710297888,-0.00790751710297888,0,0,0,0,0,0,0,0,0,0,0,0,0,1,634,0,0,0,0,0,0,0,0,0,1,0,0,0
0.634,0.523598775598299,0.547640533397344,-0.106670273137317,0.000531615397932047,0.547640533397344,0.547640533397344,-0.0240417577990454,-0.00787845016411605,-0.00787845016411605,0,0,0,0,0,0,0,0,0,0,0,0,0,1,635,0,0,0,0,0,0,0,0,0,1,0,0,0
0.635,0.523598775598299,0.547534040721268,-0.106315073289282,0.000532216709146131,0.547534040721268,0.547534040721268,-0.0239352651229688,-0.00784941666765672,-0.00784941666765672,0,0,0,0,0,0,0,0,0,0,0,0,0,1,636,0,0,0,0,0,0,0,0,0,1,0,0,0
0.636,0.523598775598299,0.547427903283633,-0.10595979928523,0.000532783905323593,0.547427903283633,0.547427903283633,-0.0238291276853343,-0.00782041753864801,-0.00782041753864801,0,0,0,0,0,0,0,0,0,0,0,0,0,1,637,0,0,0,0,0,0,0,0,0,1,0,0,0
0.637,0.523598775598299,0.547322121149508,-0.105604469258765,0.000533317438512486,0.547322121149508,0.547322121149508,-0.0237233455512096,-0.00779145368653403,-0.00779145368653403,0,0,0,0,0,0,0,0,0,0,0,0,0,1,638,0,0,0,0,0,0,0,0,0,1,0,0,0
0.638,0.523598775598299,0.547216694365954,-0.105249101091147,0.000533817756908439,0.547216694365954,0.547216694365954,-0.0236179187676554,-0.00776252600535667,-0.00776252600535667,0,0,0,0,0,0,0,0,0,0,0,0,0,1,639,0,0,0,0,0,0,0,0,0,1,0,0,0
0.639,0.523598775598299,0.547111622962275,-0.104893712413521,0.000534285304833617,0.547111622962275,0.547111622962275,-0.0235128473639766,-0.00773363537395361,-0.00773363537395361,0,0,0,0,0,0,0,0,0,0,0,0,0,1,640,0,0,0,0,0,0,0,0,0,1,0,0,0
0.64,0.523598775598299,0.54700690695027,-0.104538320609159,0.000534720522717649,0.54700690695027,0.54700690695027,-0.0234081313519707,-0.00770478265615256,-0.00770478265615256,0,0,0,0,0,0,0,0,0,0,0,0,0,1,641,0,0,0,0,0,0,0,0,0,1,0,0,0
0.641,0.523598775598299,0.546902546324474,-0.104182942815708,0.000535123847081165,0.546902546324474,0.546902546324474,-0.0233037707261753,-0.00767596870096784,-0.00767596870096784,0,0,0,0,0,0,0,0,0,0,0,0,0,1,642,0,0,0,0,0,0,0,0,0,1,0,0,0
0.642,0.523598775598299,0.546798541062411,-0.103827595927443,0.000535495710520399,0.546798541062411,0.546798541062411,-0.023199765464112,-0.00764719434279128,-0.00764719434279128,0,0,0,0,0,0,0,0,0,0,0,0,0,1,643,0,0,0,0,0,0,0,0,0,1,0,0,0
0.643,0.523598775598299,0.546694891124828,-0.103472296597533,0.000535836541694426,0.546694891124828,0.546694891124828,-0.0230961155265288,-0.00761846040158331,-0.00761846040158331,0,0,0,0,0,0,0,0,0,0,0,0,0,1,644,0,0,0,0,0,0,0,0,0,1,0,0,0
0.644,0.523598775598299,0.546591596455939,-0.103117061240305,0.000536146765314092,0.546591596455939,0.546591596455939,-0.0229928208576405,-0.00758976768306262,-0.00758976768306262,0,0,0,0,0,0,0,0,0,0,0,0,0,1,645,0,0,0,0,0,0,0,0,0,1,0,0,0
0.645,0.523598775598299,0.546488656983665,-0.102761906033511,0.000536426802132566,0.546488656983665,0.546488656983665,-0.0228898813853659,-0.00756111697889196,-0.00756111697889196,0,0,0,0,0,0,0,0,0,0,0,0,0,1,646,0,0,0,0,0,0,0,0,0,1,0,0,0
0.646,0.523598775598299,0.546386072619862,-0.102406846920608,0.000536677068938207,0.546386072619862,0.546386072619862,-0.0227872970215629,-0.00753250906686371,-0.00753250906686371,0,0,0,0,0,0,0,0,0,0,0,0,0,1,647,0,0,0,0,0,0,0,0,0,1,0,0,0
0.647,0.523598775598299,0.546283843260562,-0.102051899613025,0.000536897978548992,0.546283843260562,0.546283843260562,-0.0226850676622629,-0.00750394471108393,-0.00750394471108393,0,0,0,0,0,0,0,0,0,0,0,0,0,1,648,0,0,0,0,0,0,0,0,0,1,0,0,0
0.648,0.523598775598299,0.546181968786199,-0.101697079592444,0.000537089939808425,0.546181968786199,0.546181968786199,-0.0225831931879005,-0.00747542466215277,-0.00747542466215277,0,0,0,0,0,0,0,0,0,0,0,0,0,1,649,0,0,0,0,0,0,0,0,0,1,0,0,0
0.649,0.523598775598299,0.546080449061841,-0.101342402113076,0.000537253357583532,0.546080449061841,0.546080449061841,-0.0224816734635426,-0.00744694965734347,-0.00744694965734347,0,0,0,0,0,0,0,0,0,0,0,0,0,1,650,0,0,0,0,0,0,0,0,0,1,0,0,0
0.65,0.523598775598299,0.545979283937414,-0.100987882203933,0.000537388632764605,0.545979283937414,0.545979283937414,-0.0223805083391148,-0.00741852042078055,-0.00741852042078055,0,0,0,0,0,0,0,0,0,0,0,0,0,1,651,0,0,0,0,0,0,0,0,0,1,0,0,0
0.651,0.523598775598299,0.545878473247924,-0.100633534671103,0.000537496162266201,0.545878473247924,0.545878473247924,-0.0222796976496251,-0.00739013766361414,-0.00739013766361414,0,0,0,0,0,0,0,0,0,0,0,0,0,1,652,0,0,0,0,0,0,0,0,0,1,0,0,0
0.652,0.523598775598299,0.545778016813685,-0.100279374100019,0.000537576339030147,0.545778016813685,0.545778016813685,-0.0221792412153863,-0.00736180208419387,-0.00736180208419387,0,0,0,0,0,0,0,0,0,0,0,0,0,1,653,0,0,0,0,0,0,0,0,0,1,0,0,0
0.653,0.523598775598299,0.545677914440534,-0.0999254148577305,0.000537629552029796,0.545677914440534,0.545677914440534,-0.0220791388422349,-0.00733351436823999,-0.00733351436823999,0,0,0,0,0,0,0,0,0,0,0,0,0,1,654,0,0,0,0,0,0,0,0,0,1,0,0,0
0.654,0.523598775598299,0.545578165920047,-0.0995716710951611,0.000537656186275878,0.545578165920047,0.545578165920047,-0.0219793903217486,-0.00730527518901155,-0.00730527518901155,0,0,0,0,0,0,0,0,0,0,0,0,0,1,655,0,0,0,0,0,0,0,0,0,1,0,0,0
0.655,0.523598775598299,0.54547877102976,-0.0992181567493691,0.000537656622824119,0.54547877102976,0.54547877102976,-0.0218799954314612,-0.00727708520747453,-0.00727708520747453,0,0,0,0,0,0,0,0,0,0,0,0,0,1,656,0,0,0,0,0,0,0,0,0,1,0,0,0
0.656,0.523598775598299,0.545379729533375,-0.0988648855457987,0.000537631238783852,0.545379729533375,0.545379729533375,-0.021780953935076,-0.00724894507246674,-0.00724894507246674,0,0,0,0,0,0,0,0,0,0,0,0,0,1,657,0,0,0,0,0,0,0,0,0,1,0,0,0
0.657,0.523598775598299,0.545281041180974,-0.0985118710005255,0.000537580407328096,0.545281041180974,0.545281041180974,-0.0216822655826748,-0.00722085542085957,-0.00722085542085957,0,0,0,0,0,0,0,0,0,0,0,0,0,1,658,0,0,0,0,0,0,0,0,0,1,0,0,0
0.658,0.523598775598299,0.545182705709227,-0.0981591264224943,0.000537504497705385,0.545182705709227,0.545182705709227,-0.021583930110928,-0.00719281687772037,-0.00719281687772037,0,0,0,0,0,0,0,0,0,0,0,0,0,1,659,0,0,0,0,0,0,0,0,0,1,0,0,0
0.659,0.523598775598299,0.545084722841598,-0.0978066649157493,0.000537403875252259,0.545084722841598,0.545084722841598,-0.0214859472432989,-0.00716483005646977,-0.00716483005646977,0,0,0,0,0,0,0,0,0,0,0,0,0,1,660,0,0,0,0,0,0,0,0,0,1,0,0,0
0.66,0.523598775598299,0.544987092288548,-0.097454499381655,0.000537278901407569,0.544987092288548,0.544987092288548,-0.021388316690249,-0.00713689555904008,-0.00713689555904008,0,0,0,0,0,0,0,0,0,0,0,0,0,1,661,0,0,0,0,0,0,0,0,0,1,0,0,0
0.661,0.523598775598299,0.544889813747737,-0.0971026425211086,0.000537129933727351,0.544889813747737,0.544889813747737,-0.0212910381494383,-0.00710901397602783,-0.00710901397602783,0,0,0,0,0,0,0,0,0,0,0,0,0,1,662,0,0,0,0,0,0,0,0,0,1,0,0,0
0.662,0.523598775598299,0.544792886904224,-0.0967511068367418,0.000536957325901631,0.544792886904224,0.544792886904224,-0.0211941113059255,-0.00708118588684767,-0.00708118588684767,0,0,0,0,0,0,0,0,0,0,0,0,0,1,663,0,0,0,0,0,0,0,0,0,1,0,0,0
0.663,0.523598775598299,0.544696311430664,-0.0963999046351123,0.000536761427771772,0.544696311430664,0.544696311430664,-0.0210975358323648,-0.00705341185988285,-0.00705341185988285,0,0,0,0,0,0,0,0,0,0,0,0,0,1,664,0,0,0,0,0,0,0,0,0,1,0,0,0
0.664,0.523598775598299,0.5446000869875,-0.0960490480288841,0.000536542585348931,0.5446000869875,0.5446000869875,-0.0210013113892012,-0.0070256924526336,-0.0070256924526336,0,0,0,0,0,0,0,0,0,0,0,0,0,1,665,0,0,0,0,0,0,0,0,0,1,0,0,0
0.665,0.523598775598299,0.544504213223162,-0.0956985489389965,0.000536301140833606,0.544504213223162,0.544504213223162,-0.0209054376248627,-0.00699802821186246,-0.00699802821186246,0,0,0,0,0,0,0,0,0,0,0,0,0,1,666,0,0,0,0,0,0,0,0,0,1,0,0,0
0.666,0.523598775598299,0.54440868977425,-0.0953484190968202,0.000536037432636509,0.54440868977425,0.54440868977425,-0.0208099141759515,-0.00697041967373985,-0.00697041967373985,0,0,0,0,0,0,0,0,0,0,0,0,0,1,667,0,0,0,0,0,0,0,0,0,1,0,0,0
0.667,0.523598775598299,0.544313516265731,-0.0949986700463016,0.000535751795399878,0.544313516265731,0.544313516265731,-0.0207147406674323,-0.0069428673639868,-0.0069428673639868,0,0,0,0,0,0,0,0,0,0,0,0,0,1,668,0,0,0,0,0,0,0,0,0,1,0,0,0
0.668,0.523598775598299,0.544218692311118,-0.0946493131460929,0.000535444560019616,0.544218692311118,0.544218692311118,-0.0206199167128187,-0.00691537179801393,-0.00691537179801393,0,0,0,0,0,0,0,0,0,0,0,0,0,1,669,0,0,0,0,0,0,0,0,0,1,0,0,0
0.669,0.523598775598299,0.544124217512656,-0.0943003595716699,0.000535116053668808,0.544124217512656,0.544124217512656,-0.0205254419143575,-0.00688793348106104,-0.00688793348106104,0,0,0,0,0,0,0,0,0,0,0,0,0,1,670,0,0,0,0,0,0,0,0,0,1,0,0,0
0.67,0.523598775598299,0.544030091461509,-0.0939518203174343,0.000534766599821546,0.544030091461509,0.544030091461509,-0.0204313158632105,-0.006860552908333,-0.006860552908333,0,0,0,0,0,0,0,0,0,0,0,0,0,1,671,0,0,0,0,0,0,0,0,0,1,0,0,0
0.671,0.523598775598299,0.543936313737934,-0.0936037061988031,0.000534396518277744,0.543936313737934,0.543936313737934,-0.020337538139635,-0.00683323056513489,-0.00683323056513489,0,0,0,0,0,0,0,0,0,0,0,0,0,1,672,0,0,0,0,0,0,0,0,0,1,0,0,0
0.672,0.523598775598299,0.54384288391146,-0.0932560278542819,0.000534006125188455,0.54384288391146,0.54384288391146,-0.0202441083131616,-0.00680596692700385,-0.00680596692700385,0,0,0,0,0,0,0,0,0,0,0,0,0,1,673,0,0,0,0,0,0,0,0,0,1,0,0,0
0.673,0.523598775598299,0.543749801541069,-0.0929087957475237,0.00053359573308213,0.543749801541069,0.543749801541069,-0.0201510259427697,-0.00677876245984012,-0.00677876245984012,0,0,0,0,0,0,0,0,0,0,0,0,0,1,674,0,0,0,0,0,0,0,0,0,1,0,0,0
0.674,0.523598775598299,0.543657066175361,-0.0925620201693719,0.000533165650891357,0.543657066175361,0.543657066175361,-0.0200582905770618,-0.00675161762003527,-0.00675161762003527,0,0,0,0,0,0,0,0,0,0,0,0,0,1,675,0,0,0,0,0,0,0,0,0,1,0,0,0
0.675,0.523598775598299,0.543564677352734,-0.0922157112398881,0.000532716183980374,0.543564677352734,0.543564677352734,-0.0199659017544347,-0.00672453285459966,-0.00672453285459966,0,0,0,0,0,0,0,0,0,0,0,0,0,1,676,0,0,0,0,0,0,0,0,0,1,0,0,0
0.676,0.523598775598299,0.543472634601549,-0.0918698789103627,0.000532247634172916,0.543472634601549,0.543472634601549,-0.0198738590032504,-0.00669750860128861,-0.00669750860128861,0,0,0,0,0,0,0,0,0,0,0,0,0,1,677,0,0,0,0,0,0,0,0,0,1,0,0,0
0.677,0.523598775598299,0.543380937440302,-0.0915245329653098,0.00053176029978023,0.543380937440302,0.543380937440302,-0.0197821618420029,-0.00667054528872354,-0.00667054528872354,0,0,0,0,0,0,0,0,0,0,0,0,0,1,678,0,0,0,0,0,0,0,0,0,1,0,0,0
0.678,0.523598775598299,0.543289585377783,-0.0911796830244458,0.000531254475630418,0.543289585377783,0.543289585377783,-0.0196908097794839,-0.00664364333651454,-0.00664364333651454,0,0,0,0,0,0,0,0,0,0,0,0,0,1,679,0,0,0,0,0,0,0,0,0,1,0,0,0
0.679,0.523598775598299,0.543198577913246,-0.0908353385446503,0.000530730453097688,0.543198577913246,0.543198577913246,-0.0195998023149474,-0.00661680315538019,-0.00661680315538019,0,0,0,0,0,0,0,0,0,0,0,0,0,1,680,0,0,0,0,0,0,0,0,0,1,0,0,0
0.68,0.523598775598299,0.54310791453657,-0.0904915088219104,0.000530188520132002,0.54310791453657,0.54310791453657,-0.019509138938271,-0.00659002514726524,-0.00659002514726524,0,0,0,0,0,0,0,0,0,0,0,0,0,1,681,0,0,0,0,0,0,0,0,0,1,0,0,0
0.681,0.523598775598299,0.543017594728415,-0.0901482029932476,0.000529628961289219,0.543017594728415,0.543017594728415,-0.0194188191301158,-0.00656330970545633,-0.00656330970545633,0,0,0,0,0,0,0,0,0,0,0,0,0,1,682,0,0,0,0,0,0,0,0,0,1,0,0,0
0.682,0.523598775598299,0.542927617960384,-0.0898054300386274,0.000529052057761704,0.542927617960384,0.542927617960384,-0.0193288423620848,-0.00653665721469759,-0.00653665721469759,0,0,0,0,0,0,0,0,0,0,0,0,0,1,683,0,0,0,0,0,0,0,0,0,1,0,0,0
0.683,0.523598775598299,0.542837983695177,-0.0894631987828508,0.000528458087408835,0.542837983695177,0.542837983695177,-0.0192392080968785,-0.00651006805130229,-0.00651006805130229,0,0,0,0,0,0,0,0,0,0,0,0,0,1,684,0,0,0,0,0,0,0,0,0,1,0,0,0
0.684,0.523598775598299,0.542748691386749,-0.0891215178974287,0.000527847324788255,0.542748691386749,0.542748691386749,-0.0191499157884497,-0.00648354258326481,-0.00648354258326481,0,0,0,0,0,0,0,0,0,0,0,0,0,1,685,0,0,0,0,0,0,0,0,0,1,0,0,0
0.685,0.523598775598299,0.542659740480454,-0.0887803959024379,0.000527220041187017,0.542659740480454,0.542659740480454,-0.0190609648821553,-0.00645708117036942,-0.00645708117036942,0,0,0,0,0,0,0,0,0,0,0,0,0,1,686,0,0,0,0,0,0,0,0,0,1,0,0,0
0.686,0.523598775598299,0.542571130413206,-0.0884398411683593,0.000526576504653214,0.542571130413206,0.542571130413206,-0.0189723548149071,-0.00643068416429926,-0.00643068416429926,0,0,0,0,0,0,0,0,0,0,0,0,0,1,687,0,0,0,0,0,0,0,0,0,1,0,0,0
0.687,0.523598775598299,0.54248286061362,-0.088099861917898,0.000525916980027428,0.54248286061362,0.54248286061362,-0.018884085015321,-0.00640435190874255,-0.00640435190874255,0,0,0,0,0,0,0,0,0,0,0,0,0,1,688,0,0,0,0,0,0,0,0,0,1,0,0,0
0.688,0.523598775598299,0.542394930502161,-0.0877604662277851,0.000525241728974421,0.542394930502161,0.542394930502161,-0.0187961549038627,-0.0063780847394956,-0.0063780847394956,0,0,0,0,0,0,0,0,0,0,0,0,0,1,689,0,0,0,0,0,0,0,0,0,1,0,0,0
0.689,0.523598775598299,0.542307339491292,-0.0874216620305617,0.000524551010015598,0.542307339491292,0.542307339491292,-0.0187085638929934,-0.0063518829845676,-0.0063518829845676,0,0,0,0,0,0,0,0,0,0,0,0,0,1,690,0,0,0,0,0,0,0,0,0,1,0,0,0
0.69,0.523598775598299,0.542220086985612,-0.0870834571163441,0.000523845078560859,0.542220086985612,0.542220086985612,-0.0186213113873134,-0.00632574696428249,-0.00632574696428249,0,0,0,0,0,0,0,0,0,0,0,0,0,1,691,0,0,0,0,0,0,0,0,0,1,0,0,0
0.691,0.523598775598299,0.542133172382002,-0.0867458591345709,0.000523124186940584,0.542133172382002,0.542133172382002,-0.0185343967837033,-0.00629967699137856,-0.00629967699137856,0,0,0,0,0,0,0,0,0,0,0,0,0,1,692,0,0,0,0,0,0,0,0,0,1,0,0,0
0.692,0.523598775598299,0.542046595069763,-0.0864088755957317,0.000522388584437916,0.542046595069763,0.542046595069763,-0.0184478194714639,-0.00627367337110774,-0.00627367337110774,0,0,0,0,0,0,0,0,0,0,0,0,0,1,693,0,0,0,0,0,0,0,0,0,1,0,0,0
0.693,0.523598775598299,0.541960354430753,-0.0860725138730776,0.000521638517320889,0.541960354430753,0.541960354430753,-0.0183615788324543,-0.00624773640133251,-0.00624773640133251,0,0,0,0,0,0,0,0,0,0,0,0,0,1,694,0,0,0,0,0,0,0,0,0,1,0,0,0
0.694,0.523598775598299,0.541874449839527,-0.0857367812043134,0.000520874228874734,0.541874449839527,0.541874449839527,-0.018275674241228,-0.00622186637262191,-0.00622186637262191,0,0,0,0,0,0,0,0,0,0,0,0,0,1,695,0,0,0,0,0,0,0,0,0,1,0,0,0
0.695,0.523598775598299,0.541788880663467,-0.0854016846932709,0.000520095959434127,0.541788880663467,0.541788880663467,-0.0181901050651683,-0.00619606356834666,-0.00619606356834666,0,0,0,0,0,0,0,0,0,0,0,0,0,1,696,0,0,0,0,0,0,0,0,0,1,0,0,0
0.696,0.523598775598299,0.541703646262919,-0.0850672313115649,0.000519303946415201,0.541703646262919,0.541703646262919,-0.0181048706646205,-0.0061703282647717,-0.0061703282647717,0,0,0,0,0,0,0,0,0,0,0,0,0,1,697,0,0,0,0,0,0,0,0,0,1,0,0,0
0.697,0.523598775598299,0.541618745991323,-0.08473342790023,0.000518498424347789,0.541618745991323,0.541618745991323,-0.0180199703930241,-0.00614466073114847,-0.00614466073114847,0,0,0,0,0,0,0,0,0,0,0,0,0,1,698,0,0,0,0,0,0,0,0,0,1,0,0,0
0.698,0.523598775598299,0.541534179195341,-0.0844002811713398,0.000517679624907413,0.541534179195341,0.541534179195341,-0.0179354035970418,-0.00611906122980558,-0.00611906122980558,0,0,0,0,0,0,0,0,0,0,0,0,0,1,699,0,0,0,0,0,0,0,0,0,1,0,0,0
0.699,0.523598775598299,0.541449945214987,-0.0840677977096076,0.000516847776947169,0.541449945214987,0.541449945214987,-0.0178511696166884,-0.00609353001623769,-0.00609353001623769,0,0,0,0,0,0,0,0,0,0,0,0,0,1,700,0,0,0,0,0,0,0,0,0,1,0,0,0
0.7,0.523598775598299,0.541366043383756,-0.0837359839739691,0.000516003106529657,0.541366043383756,0.541366043383756,-0.0177672677854568,-0.00606806733919384,-0.00606806733919384,0,0,0,0,0,0,0,0,0,0,0,0,0,1,701,0,0,0,0,0,0,0,0,0,1,0,0,0
0.701,0.523598775598299,0.541282473028742,-0.083404846299147,0.000515145836958665,0.541282473028742,0.541282473028742,-0.0176836974304431,-0.00604267344076396,-0.00604267344076396,0,0,0,0,0,0,0,0,0,0,0,0,0,1,702,0,0,0,0,0,0,0,0,0,1,0,0,0
0.702,0.523598775598299,0.541199233470769,-0.0830743908971981,0.000514276188810787,0.541199233470769,0.541199233470769,-0.0176004578724703,-0.00601734855646521,-0.00601734855646521,0,0,0,0,0,0,0,0,0,0,0,0,0,1,703,0,0,0,0,0,0,0,0,0,1,0,0,0
0.703,0.523598775598299,0.541116324024509,-0.082744623859042,0.000513394379966653,0.541116324024509,0.541116324024509,-0.0175175484262101,-0.00599209291532539,-0.00599209291532539,0,0,0,0,0,0,0,0,0,0,0,0,0,1,704,0,0,0,0,0,0,0,0,0,1,0,0,0
0.704,0.523598775598299,0.541033743998602,-0.0824155511559722,0.000512500625642353,0.541033743998602,0.541033743998602,-0.0174349684003031,-0.00596690673996701,-0.00596690673996701,0,0,0,0,0,0,0,0,0,0,0,0,0,1,705,0,0,0,0,0,0,0,0,0,1,0,0,0
0.705,0.523598775598299,0.540951492695777,-0.0820871786411497,0.000511595138420337,0.540951492695777,0.540951492695777,-0.0173527170974779,-0.00594179024668885,-0.00594179024668885,0,0,0,0,0,0,0,0,0,0,0,0,0,1,706,0,0,0,0,0,0,0,0,0,1,0,0,0
0.706,0.523598775598299,0.540869569412967,-0.0817595120510794,0.000510678128280349,0.540869569412967,0.540869569412967,-0.0172707938146681,-0.00591674364554685,-0.00591674364554685,0,0,0,0,0,0,0,0,0,0,0,0,0,1,707,0,0,0,0,0,0,0,0,0,1,0,0,0
0.707,0.523598775598299,0.540787973441428,-0.0814325570070681,0.000509749802630146,0.540787973441428,0.540787973441428,-0.0171891978431289,-0.00589176714043448,-0.00589176714043448,0,0,0,0,0,0,0,0,0,0,0,0,0,1,708,0,0,0,0,0,0,0,0,0,1,0,0,0
0.708,0.523598775598299,0.54070670406685,-0.0811063190166666,0.000508810366335806,0.54070670406685,0.54070670406685,-0.017107928468551,-0.00586686092916146,-0.00586686092916146,0,0,0,0,0,0,0,0,0,0,0,0,0,1,709,0,0,0,0,0,0,0,0,0,1,0,0,0
0.709,0.523598775598299,0.540625760569473,-0.0807808034750933,0.000507860021751856,0.540625760569473,0.540625760569473,-0.0170269849711738,-0.00584202520353061,-0.00584202520353061,0,0,0,0,0,0,0,0,0,0,0,0,0,1,710,0,0,0,0,0,0,0,0,0,1,0,0,0
0.71,0.523598775598299,0.540545142224196,-0.0804560156666417,0.000506898968751498,0.540545142224196,0.540545142224196,-0.0169463666258972,-0.00581726014941583,-0.00581726014941583,0,0,0,0,0,0,0,0,0,0,0,0,0,1,711,0,0,0,0,0,0,0,0,0,1,0,0,0
0.711,0.523598775598299,0.54046484830069,-0.0801319607660707,0.00050592740475603,0.54046484830069,0.54046484830069,-0.0168660727023916,-0.00579256594683696,-0.00579256594683696,0,0,0,0,0,0,0,0,0,0,0,0,0,1,712,0,0,0,0,0,0,0,0,0,1,0,0,0
0.712,0.523598775598299,0.540384878063506,-0.0798086438399786,0.000504945524764412,0.540384878063506,0.540384878063506,-0.0167861024652067,-0.0057679427700343,-0.0057679427700343,0,0,0,0,0,0,0,0,0,0,0,0,0,1,713,0,0,0,0,0,0,0,0,0,1,0,0,0
0.713,0.523598775598299,0.540305230772178,-0.0794860698481595,0.00050395352138254,0.540305230772178,0.540305230772178,-0.0167064551738796,-0.00574339078754347,-0.00574339078754347,0,0,0,0,0,0,0,0,0,0,0,0,0,1,714,0,0,0,0,0,0,0,0,0,1,0,0,0
0.714,0.523598775598299,0.540225905681339,-0.0791642436449446,0.000502951584851868,0.540225905681339,0.540225905681339,-0.0166271300830397,-0.0057189101622661,-0.0057189101622661,0,0,0,0,0,0,0,0,0,0,0,0,0,1,715,0,0,0,0,0,0,0,0,0,1,0,0,0
0.715,0.523598775598299,0.540146902040814,-0.0788431699805262,0.000501939903078495,0.540146902040814,0.540146902040814,-0.0165481264425148,-0.00569450105154343,-0.00569450105154343,0,0,0,0,0,0,0,0,0,0,0,0,0,1,716,0,0,0,0,0,0,0,0,0,1,0,0,0
0.716,0.523598775598299,0.540068219095733,-0.0785228535022666,0.000500918661661231,0.540068219095733,0.540068219095733,-0.016469443497434,-0.00567016360722709,-0.00567016360722709,0,0,0,0,0,0,0,0,0,0,0,0,0,1,717,0,0,0,0,0,0,0,0,0,1,0,0,0
0.717,0.523598775598299,0.539989856086629,-0.0782032987559897,0.000499888043919498,0.539989856086629,0.539989856086629,-0.0163910804883297,-0.00564589797574816,-0.00564589797574816,0,0,0,0,0,0,0,0,0,0,0,0,0,1,718,0,0,0,0,0,0,0,0,0,1,0,0,0
0.718,0.523598775598299,0.539911812249538,-0.0778845101872583,0.000498848230921301,0.539911812249538,0.539911812249538,-0.016313036651239,-0.00562170429818651,-0.00562170429818651,0,0,0,0,0,0,0,0,0,0,0,0,0,1,719,0,0,0,0,0,0,0,0,0,1,0,0,0
0.719,0.523598775598299,0.539834086816101,-0.0775664921426351,0.000497799401510723,0.539834086816101,0.539834086816101,-0.0162353112178026,-0.0055975827103393,-0.0055975827103393,0,0,0,0,0,0,0,0,0,0,0,0,0,1,720,0,0,0,0,0,0,0,0,0,1,0,0,0
0.72,0.523598775598299,0.539756679013663,-0.0772492488709282,0.000496741732335025,0.539756679013663,0.539756679013663,-0.016157903415364,-0.00557353334278794,-0.00557353334278794,0,0,0,0,0,0,0,0,0,0,0,0,0,1,721,0,0,0,0,0,0,0,0,0,1,0,0,0
0.721,0.523598775598299,0.539679588065365,-0.0769327845244212,0.000495675397871598,0.539679588065365,0.539679588065365,-0.0160808124670663,-0.00554955632096561,-0.00554955632096561,0,0,0,0,0,0,0,0,0,0,0,0,0,1,722,0,0,0,0,0,0,0,0,0,1,0,0,0
0.722,0.523598775598299,0.539602813190246,-0.0766171031600894,0.000494600570454233,0.539602813190246,0.539602813190246,-0.0160040375919476,-0.00552565176522141,-0.00552565176522141,0,0,0,0,0,0,0,0,0,0,0,0,0,1,723,0,0,0,0,0,0,0,0,0,1,0,0,0
0.723,0.523598775598299,0.539526353603335,-0.0763022087407993,0.000493517420299693,0.539526353603335,0.539526353603335,-0.0159275780050366,-0.00550181979088686,-0.00550181979088686,0,0,0,0,0,0,0,0,0,0,0,0,0,1,724,0,0,0,0,0,0,0,0,0,1,0,0,0
0.724,0.523598775598299,0.539450208515745,-0.075988105136495,0.00049242611553334,0.539450208515745,0.539450208515745,-0.0158514329174457,-0.00547806050833893,-0.00547806050833893,0,0,0,0,0,0,0,0,0,0,0,0,0,1,725,0,0,0,0,0,0,0,0,0,1,0,0,0
0.725,0.523598775598299,0.539374377134762,-0.075674796125369,0.000491326822214894,0.539374377134762,0.539374377134762,-0.0157756015364632,-0.00545437402306389,-0.00545437402306389,0,0,0,0,0,0,0,0,0,0,0,0,0,1,726,0,0,0,0,0,0,0,0,0,1,0,0,0
0.726,0.523598775598299,0.539298858663943,-0.0753622853950193,0.000490219704363662,0.539298858663943,0.539298858663943,-0.0157000830656444,-0.00543076043571944,-0.00543076043571944,0,0,0,0,0,0,0,0,0,0,0,0,0,1,727,0,0,0,0,0,0,0,0,0,1,0,0,0
0.727,0.523598775598299,0.539223652303201,-0.0750505765435918,0.000489104923983613,0.539223652303201,0.539223652303201,-0.0156248767049023,-0.00540721984219759,-0.00540721984219759,0,0,0,0,0,0,0,0,0,0,0,0,0,1,728,0,0,0,0,0,0,0,0,0,1,0,0,0
0.728,0.523598775598299,0.539148757248894,-0.0747396730809092,0.00048798264108777,0.539148757248894,0.539148757248894,-0.0155499816505955,-0.00538375233368408,-0.00538375233368408,0,0,0,0,0,0,0,0,0,0,0,0,0,1,729,0,0,0,0,0,0,0,0,0,1,0,0,0
0.729,0.523598775598299,0.539074172693916,-0.0744295784295857,0.000486853013722927,0.539074172693916,0.539074172693916,-0.015475397095617,-0.00536035799672101,-0.00536035799672101,0,0,0,0,0,0,0,0,0,0,0,0,0,1,730,0,0,0,0,0,0,0,0,0,1,0,0,0
0.73,0.523598775598299,0.538999897827779,-0.0741202959261283,0.000485716197993168,0.538999897827779,0.538999897827779,-0.0154011222294798,-0.00533703691326427,-0.00533703691326427,0,0,0,0,0,0,0,0,0,0,0,0,0,1,731,0,0,0,0,0,0,0,0,0,1,0,0,0
0.731,0.523598775598299,0.538925931836702,-0.0738118288220244,0.000484572348084009,0.538925931836702,0.538925931836702,-0.0153271562384034,-0.00531378916074455,-0.00531378916074455,0,0,0,0,0,0,0,0,0,0,0,0,0,1,732,0,0,0,0,0,0,0,0,0,1,0,0,0
0.732,0.523598775598299,0.538852273903696,-0.0735041802848163,0.000483421616285398,0.538852273903696,0.538852273903696,-0.0152534983053977,-0.00529061481212378,-0.00529061481212378,0,0,0,0,0,0,0,0,0,0,0,0,0,1,733,0,0,0,0,0,0,0,0,0,1,0,0,0
0.733,0.523598775598299,0.538778923208645,-0.0731973533991626,0.000482264153015141,0.538778923208645,0.538778923208645,-0.0151801476103465,-0.00526751393595428,-0.00526751393595428,0,0,0,0,0,0,0,0,0,0,0,0,0,1,734,0,0,0,0,0,0,0,0,0,1,0,0,0
0.734,0.523598775598299,0.538705878928389,-0.0728913511678866,0.00048110010684142,0.538705878928389,0.538705878928389,-0.0151071033300901,-0.00524448659643553,-0.00524448659643553,0,0,0,0,0,0,0,0,0,0,0,0,0,1,735,0,0,0,0,0,0,0,0,0,1,0,0,0
0.735,0.523598775598299,0.538633140236805,-0.072586176513012,0.000479929624505141,0.538633140236805,0.538633140236805,-0.0150343646385066,-0.00522153285347009,-0.00522153285347009,0,0,0,0,0,0,0,0,0,0,0,0,0,1,736,0,0,0,0,0,0,0,0,0,1,0,0,0
0.736,0.523598775598299,0.53856070630489,-0.0722818322767858,0.000478752850942154,0.53856070630489,0.53856070630489,-0.0149619307065916,-0.00519865276271907,-0.00519865276271907,0,0,0,0,0,0,0,0,0,0,0,0,0,1,737,0,0,0,0,0,0,0,0,0,1,0,0,0
0.737,0.523598775598299,0.538488576300837,-0.0719783212226894,0.000477569929305229,0.538488576300837,0.538488576300837,-0.0148898007025383,-0.00517584637565868,-0.00517584637565868,0,0,0,0,0,0,0,0,0,0,0,0,0,1,738,0,0,0,0,0,0,0,0,0,1,0,0,0
0.738,0.523598775598299,0.538416749390114,-0.0716756460364366,0.00047638100098517,0.538416749390114,0.538416749390114,-0.0148179737918153,-0.00515311373963304,-0.00515311373963304,0,0,0,0,0,0,0,0,0,0,0,0,0,1,739,0,0,0,0,0,0,0,0,0,1,0,0,0
0.739,0.523598775598299,0.538345224735543,-0.0713738093269604,0.000475186205632352,0.538345224735543,0.538345224735543,-0.0147464491372439,-0.00513045489790957,-0.00513045489790957,0,0,0,0,0,0,0,0,0,0,0,0,0,1,740,0,0,0,0,0,0,0,0,0,1,0,0,0
0.74,0.523598775598299,0.538274001497373,-0.0710728136273874,0.000473985681177336,0.538274001497373,0.538274001497373,-0.0146752258990743,-0.00510786988973076,-0.00510786988973076,0,0,0,0,0,0,0,0,0,0,0,0,0,1,741,0,0,0,0,0,0,0,0,0,1,0,0,0
0.741,0.523598775598299,0.53820307883336,-0.0707726613960003,0.000472779563851784,0.53820307883336,0.53820307883336,-0.0146043032350617,-0.00508535875036924,-0.00508535875036924,0,0,0,0,0,0,0,0,0,0,0,0,0,1,742,0,0,0,0,0,0,0,0,0,1,0,0,0
0.742,0.523598775598299,0.538132455898838,-0.0704733550171899,0.000471567988208227,0.538132455898838,0.538132455898838,-0.0145336803005391,-0.00506292151117697,-0.00506292151117697,0,0,0,0,0,0,0,0,0,0,0,0,0,1,743,0,0,0,0,0,0,0,0,0,1,0,0,0
0.743,0.523598775598299,0.538062131846791,-0.0701748968023944,0.000470351087140685,0.538062131846791,0.538062131846791,-0.0144633562484925,-0.00504055819963955,-0.00504055819963955,0,0,0,0,0,0,0,0,0,0,0,0,0,1,744,0,0,0,0,0,0,0,0,0,1,0,0,0
0.744,0.523598775598299,0.537992105827931,-0.0698772889910281,0.000469128991903911,0.537992105827931,0.537992105827931,-0.0143933302296321,-0.00501826883942603,-0.00501826883942603,0,0,0,0,0,0,0,0,0,0,0,0,0,1,745,0,0,0,0,0,0,0,0,0,1,0,0,0
0.745,0.523598775598299,0.537922376990763,-0.0695805337513994,0.000467901832132907,0.537922376990763,0.537922376990763,-0.0143236013924645,-0.00499605345043965,-0.00499605345043965,0,0,0,0,0,0,0,0,0,0,0,0,0,1,746,0,0,0,0,0,0,0,0,0,1,0,0,0
0.746,0.523598775598299,0.537852944481662,-0.0692846331816171,0.000466669735862079,0.537852944481662,0.537852944481662,-0.0142541688833629,-0.00497391204886741,-0.00497391204886741,0,0,0,0,0,0,0,0,0,0,0,0,0,1,747,0,0,0,0,0,0,0,0,0,1,0,0,0
0.747,0.523598775598299,0.537783807444936,-0.0689895893104867,0.000465432829544218,0.537783807444936,0.537783807444936,-0.0141850318466377,-0.00495184464723065,-0.00495184464723065,0,0,0,0,0,0,0,0,0,0,0,0,0,1,748,0,0,0,0,0,0,0,0,0,1,0,0,0
0.748,0.523598775598299,0.537714965022903,-0.0686954040983957,0.000464191238068812,0.537714965022903,0.537714965022903,-0.0141161894246039,-0.00492985125443251,-0.00492985125443251,0,0,0,0,0,0,0,0,0,0,0,0,0,1,749,0,0,0,0,0,0,0,0,0,1,0,0,0
0.749,0.523598775598299,0.53764641635595,-0.0684020794381885,0.000462945084780655,0.53764641635595,0.53764641635595,-0.0140476407576509,-0.00490793187580829,-0.00490793187580829,0,0,0,0,0,0,0,0,0,0,0,0,0,1,750,0,0,0,0,0,0,0,0,0,1,0,0,0
0.75,0.523598775598299,0.537578160582607,-0.0681096171560313,0.000461694491497456,0.537578160582607,0.537578160582607,-0.0139793849843078,-0.00488608651317125,-0.00488608651317125,0,0,0,0,0,0,0,0,0,0,0,0,0,1,751,0,0,0,0,0,0,0,0,0,1,0,0,0
0.751,0.523598775598299,0.53751019683961,-0.0678180190122664,0.000460439578528034,0.53751019683961,0.53751019683961,-0.0139114212413113,-0.00486431516486191,-0.00486431516486191,0,0,0,0,0,0,0,0,0,0,0,0,0,1,752,0,0,0,0,0,0,0,0,0,1,0,0,0
0.752,0.523598775598299,0.537442524261968,-0.067527286702257,0.000459180464689488,0.537442524261968,0.537442524261968,-0.0138437486636697,-0.00484261782579376,-0.00484261782579376,0,0,0,0,0,0,0,0,0,0,0,0,0,1,753,0,0,0,0,0,0,0,0,0,1,0,0,0
0.753,0.523598775598299,0.537375141983027,-0.0672374218572221,0.000457917267324629,0.537375141983027,0.537375141983027,-0.0137763663847285,-0.00482099448750084,-0.00482099448750084,0,0,0,0,0,0,0,0,0,0,0,0,0,1,754,0,0,0,0,0,0,0,0,0,1,0,0,0
0.754,0.523598775598299,0.537308049134532,-0.0669484260450614,0.000456650102318736,0.537308049134532,0.537308049134532,-0.0137092735362334,-0.0047994451381825,-0.0047994451381825,0,0,0,0,0,0,0,0,0,0,0,0,0,1,755,0,0,0,0,0,0,0,0,0,1,0,0,0
0.755,0.523598775598299,0.537241244846693,-0.0666603007711709,0.00045537908411655,0.537241244846693,0.537241244846693,-0.0136424692483937,-0.00477796976274968,-0.00477796976274968,0,0,0,0,0,0,0,0,0,0,0,0,0,1,756,0,0,0,0,0,0,0,0,0,1,0,0,0
0.756,0.523598775598299,0.537174728248243,-0.0663730474792489,0.000454104325738672,0.537174728248243,0.537174728248243,-0.0135759526499444,-0.00475656834287042,-0.00475656834287042,0,0,0,0,0,0,0,0,0,0,0,0,0,1,757,0,0,0,0,0,0,0,0,0,1,0,0,0
0.757,0.523598775598299,0.537108498466506,-0.0660866675520933,0.000452825938797628,0.537108498466506,0.537108498466506,-0.0135097228682067,-0.00473524085701302,-0.00473524085701302,0,0,0,0,0,0,0,0,0,0,0,0,0,1,758,0,0,0,0,0,0,0,0,0,1,0,0,0
0.758,0.523598775598299,0.537042554627449,-0.065801162312389,0.000451544033514206,0.537042554627449,0.537042554627449,-0.0134437790291498,-0.00471398728049192,-0.00471398728049192,0,0,0,0,0,0,0,0,0,0,0,0,0,1,759,0,0,0,0,0,0,0,0,0,1,0,0,0
0.759,0.523598775598299,0.536976895855748,-0.0655165330234865,0.0004502587187329,0.536976895855748,0.536976895855748,-0.0133781202574497,-0.00469280758551033,-0.00469280758551033,0,0,0,0,0,0,0,0,0,0,0,0,0,1,760,0,0,0,0,0,0,0,0,0,1,0,0,0
0.76,0.523598775598299,0.536911521274847,-0.0652327808901724,0.000448970101937595,0.536911521274847,0.536911521274847,-0.0133127456765481,-0.00467170174120345,-0.00467170174120345,0,0,0,0,0,0,0,0,0,0,0,0,0,1,761,0,0,0,0,0,0,0,0,0,1,0,0,0
0.761,0.523598775598299,0.53684643000701,-0.0649499070594296,0.00044767828926698,0.53684643000701,0.53684643000701,-0.0132476544087112,-0.00465066971368221,-0.00465066971368221,0,0,0,0,0,0,0,0,0,0,0,0,0,1,762,0,0,0,0,0,0,0,0,0,1,0,0,0
0.762,0.523598775598299,0.536781621173386,-0.0646679126211906,0.000446383385529405,0.536781621173386,0.536781621173386,-0.013182845575087,-0.00462971146607507,-0.00462971146607507,0,0,0,0,0,0,0,0,0,0,0,0,0,1,763,0,0,0,0,0,0,0,0,0,1,0,0,0
0.763,0.523598775598299,0.53671709389406,-0.0643867986090812,0.000445085494217837,0.53671709389406,0.53671709389406,-0.0131183182957613,-0.00460882695856975,-0.00460882695856975,0,0,0,0,0,0,0,0,0,0,0,0,0,1,764,0,0,0,0,0,0,0,0,0,1,0,0,0
0.764,0.523598775598299,0.536652847288113,-0.0641065660011562,0.000443784717524612,0.536652847288113,0.536652847288113,-0.0130540716898144,-0.00458801614845554,-0.00458801614845554,0,0,0,0,0,0,0,0,0,0,0,0,0,1,765,0,0,0,0,0,0,0,0,0,1,0,0,0
0.765,0.523598775598299,0.536588880473675,-0.0638272157206267,0.000442481156355731,0.536588880473675,0.536588880473675,-0.0129901048753761,-0.00456727899016371,-0.00456727899016371,0,0,0,0,0,0,0,0,0,0,0,0,0,1,766,0,0,0,0,0,0,0,0,0,1,0,0,0
0.766,0.523598775598299,0.536525192567979,-0.0635487486365794,0.000441174910345233,0.536525192567979,0.536525192567979,-0.0129264169696799,-0.00454661543530869,-0.00454661543530869,0,0,0,0,0,0,0,0,0,0,0,0,0,1,767,0,0,0,0,0,0,0,0,0,1,0,0,0
0.767,0.523598775598299,0.536461782687416,-0.0632711655646877,0.000439866077869177,0.536461782687416,0.536461782687416,-0.0128630070891169,-0.00452602543272797,-0.00452602543272797,0,0,0,0,0,0,0,0,0,0,0,0,0,1,768,0,0,0,0,0,0,0,0,0,1,0,0,0
0.768,0.523598775598299,0.536398649947588,-0.0629944672679154,0.00043855475605958,0.536398649947588,0.536398649947588,-0.0127998743492894,-0.00450550892852326,-0.00450550892852326,0,0,0,0,0,0,0,0,0,0,0,0,0,1,769,0,0,0,0,0,0,0,0,0,1,0,0,0
0.769,0.523598775598299,0.536335793463361,-0.0627186544572117,0.000437241040817745,0.536335793463361,0.536335793463361,-0.0127370178650623,-0.00448506586609807,-0.00448506586609807,0,0,0,0,0,0,0,0,0,0,0,0,0,1,770,0,0,0,0,0,0,0,0,0,1,0,0,0
0.77,0.523598775598299,0.536273212348914,-0.0624437277921993,0.000435925026828127,0.536273212348914,0.536273212348914,-0.0126744367506155,-0.00446469618619848,-0.00446469618619848,0,0,0,0,0,0,0,0,0,0,0,0,0,1,771,0,0,0,0,0,0,0,0,0,1,0,0,0
0.771,0.523598775598299,0.536210905717794,-0.0621696878818545,0.000434606807571342,0.536210905717794,0.536210905717794,-0.0126121301194948,-0.00444439982695156,-0.00444439982695156,0,0,0,0,0,0,0,0,0,0,0,0,0,1,772,0,0,0,0,0,0,0,0,0,1,0,0,0
0.772,0.523598775598299,0.536148872682961,-0.0618965352851801,0.000433286475337195,0.536148872682961,0.536148872682961,-0.0125500970846619,-0.00442417672390338,-0.00442417672390338,0,0,0,0,0,0,0,0,0,0,0,0,0,1,773,0,0,0,0,0,0,0,0,0,1,0,0,0
0.773,0.523598775598299,0.536087112356843,-0.0616242705118708,0.000431964121237673,0.536087112356843,0.536087112356843,-0.0124883367585441,-0.00440402681005633,-0.00440402681005633,0,0,0,0,0,0,0,0,0,0,0,0,0,1,774,0,0,0,0,0,0,0,0,0,1,0,0,0
0.774,0.523598775598299,0.536025623851382,-0.0613528940229709,0.000430639835219921,0.536025623851382,0.536025623851382,-0.0124268482530835,-0.00438395001590824,-0.00438395001590824,0,0,0,0,0,0,0,0,0,0,0,0,0,1,775,0,0,0,0,0,0,0,0,0,1,0,0,0
0.775,0.523598775598299,0.535964406278084,-0.0610824062315257,0.000429313706078485,0.535964406278084,0.535964406278084,-0.0123656306797852,-0.00436394626948883,-0.00436394626948883,0,0,0,0,0,0,0,0,0,0,0,0,0,1,776,0,0,0,0,0,0,0,0,0,1,0,0,0
0.776,0.523598775598299,0.535903458748064,-0.0608128075032249,0.000427985821467736,0.535903458748064,0.535903458748064,-0.0123046831497652,-0.00434401549639654,-0.00434401549639654,0,0,0,0,0,0,0,0,0,0,0,0,0,1,777,0,0,0,0,0,0,0,0,0,1,0,0,0
0.777,0.523598775598299,0.535842780372096,-0.0605440981570394,0.000426656267914144,0.535842780372096,0.535842780372096,-0.0122440047737967,-0.00432415761983476,-0.00432415761983476,0,0,0,0,0,0,0,0,0,0,0,0,0,1,778,0,0,0,0,0,0,0,0,0,1,0,0,0
0.778,0.523598775598299,0.535782370260656,-0.0602762784658517,0.000425325130828437,0.535782370260656,0.535782370260656,-0.0121835946623575,-0.00430437256064855,-0.00430437256064855,0,0,0,0,0,0,0,0,0,0,0,0,0,1,779,0,0,0,0,0,0,0,0,0,1,0,0,0
0.779,0.523598775598299,0.535722227523974,-0.0600093486570784,0.000423992494517377,0.535722227523974,0.535722227523974,-0.0121234519256752,-0.00428466023736035,-0.00428466023736035,0,0,0,0,0,0,0,0,0,0,0,0,0,1,780,0,0,0,0,0,0,0,0,0,1,0,0,0
0.78,0.523598775598299,0.535662351272071,-0.0597433089132867,0.000422658442195451,0.535662351272071,0.535662351272071,-0.0120635756737723,-0.00426502056620454,-0.00426502056620454,0,0,0,0,0,0,0,0,0,0,0,0,0,1,781,0,0,0,0,0,0,0,0,0,1,0,0,0
0.781,0.523598775598299,0.53560274061481,-0.0594781593728044,0.000421323055996695,0.53560274061481,0.53560274061481,-0.012003965016511,-0.00424545346116391,-0.00424545346116391,0,0,0,0,0,0,0,0,0,0,0,0,0,1,782,0,0,0,0,0,0,0,0,0,1,0,0,0
0.782,0.523598775598299,0.535543394661936,-0.0592139001303229,0.000419986416985834,0.535543394661936,0.535543394661936,-0.0119446190636372,-0.00422595883400293,-0.00422595883400293,0,0,0,0,0,0,0,0,0,0,0,0,0,1,783,0,0,0,0,0,0,0,0,0,1,0,0,0
0.783,0.523598775598299,0.535484312523122,-0.0589505312374937,0.000418648605169833,0.535484312523122,0.535484312523122,-0.0118855369248233,-0.00420653659430261,-0.00420653659430261,0,0,0,0,0,0,0,0,0,0,0,0,0,1,784,0,0,0,0,0,0,0,0,0,1,0,0,0
0.784,0.523598775598299,0.535425493308011,-0.0586880527035191,0.000417309699509073,0.535425493308011,0.535425493308011,-0.0118267177097118,-0.00418718664949537,-0.00418718664949537,0,0,0,0,0,0,0,0,0,0,0,0,0,1,785,0,0,0,0,0,0,0,0,0,1,0,0,0
0.785,0.523598775598299,0.535366936126255,-0.0584264644957358,0.000415969777928075,0.535366936126255,0.535366936126255,-0.0117681605279565,-0.00416790890489699,-0.00416790890489699,0,0,0,0,0,0,0,0,0,0,0,0,0,1,786,0,0,0,0,0,0,0,0,0,1,0,0,0
0.786,0.523598775598299,0.535308640087564,-0.0581657665401929,0.000414628917326766,0.535308640087564,0.535308640087564,-0.0117098644892649,-0.00414870326374158,-0.00414870326374158,0,0,0,0,0,0,0,0,0,0,0,0,0,1,787,0,0,0,0,0,0,0,0,0,1,0,0,0
0.787,0.523598775598299,0.535250604301738,-0.0579059587222233,0.000413287193590919,0.535250604301738,0.535250604301738,-0.0116518287034388,-0.00412956962721355,-0.00412956962721355,0,0,0,0,0,0,0,0,0,0,0,0,0,1,788,0,0,0,0,0,0,0,0,0,1,0,0,0
0.788,0.523598775598299,0.535192827878713,-0.0576470408870096,0.00041194468160292,0.535192827878713,0.535192827878713,-0.0115940522804147,-0.0041105078944802,-0.0041105078944802,0,0,0,0,0,0,0,0,0,0,0,0,0,1,789,0,0,0,0,0,0,0,0,0,1,0,0,0
0.789,0.523598775598299,0.535135309928602,-0.057389012840143,0.000410601455252355,0.535135309928602,0.535135309928602,-0.0115365343303035,-0.00409151796272459,-0.00409151796272459,0,0,0,0,0,0,0,0,0,0,0,0,0,1,790,0,0,0,0,0,0,0,0,0,1,0,0,0
0.79,0.523598775598299,0.53507804956173,-0.0571318743481773,0.000409257587446253,0.53507804956173,0.53507804956173,-0.0114792739634307,-0.0040725997271775,-0.0040725997271775,0,0,0,0,0,0,0,0,0,0,0,0,0,1,791,0,0,0,0,0,0,0,0,0,1,0,0,0
0.791,0.523598775598299,0.535021045888673,-0.0568756251391767,0.000407913150119274,0.535021045888673,0.535021045888673,-0.011422270290374,-0.00405375308114836,-0.00405375308114836,0,0,0,0,0,0,0,0,0,0,0,0,0,1,792,0,0,0,0,0,0,0,0,0,1,0,0,0
0.792,0.523598775598299,0.534964298020301,-0.056620264903257,0.000406568214244005,0.534964298020301,0.534964298020301,-0.0113655224220025,-0.0040349779160581,-0.0040349779160581,0,0,0,0,0,0,0,0,0,0,0,0,0,1,793,0,0,0,0,0,0,0,0,0,1,0,0,0
0.793,0.523598775598299,0.534907805067812,-0.0563657932931226,0.000405222849840609,0.534907805067812,0.534907805067812,-0.0113090294695135,-0.00401627412146786,-0.00401627412146786,0,0,0,0,0,0,0,0,0,0,0,0,0,1,794,0,0,0,0,0,0,0,0,0,1,0,0,0
0.794,0.523598775598299,0.534851566142769,-0.0561122099245965,0.000403877125987214,0.534851566142769,0.534851566142769,-0.0112527905444704,-0.00399764158511163,-0.00399764158511163,0,0,0,0,0,0,0,0,0,0,0,0,0,1,795,0,0,0,0,0,0,0,0,0,1,0,0,0
0.795,0.523598775598299,0.534795580357137,-0.0558595143771454,0.00040253111082938,0.534795580357137,0.534795580357137,-0.0111968047588387,-0.00397908019292543,-0.00397908019292543,0,0,0,0,0,0,0,0,0,0,0,0,0,1,796,0,0,0,0,0,0,0,0,0,1,0,0,0
0.796,0.523598775598299,0.534739846823322,-0.0556077061943987,0.000401184871589943,0.534739846823322,0.534739846823322,-0.0111410712250227,-0.00396058982907856,-0.00396058982907856,0,0,0,0,0,0,0,0,0,0,0,0,0,1,797,0,0,0,0,0,0,0,0,0,1,0,0,0
0.797,0.523598775598299,0.534684364654199,-0.0553567848846629,0.000399838474578312,0.534684364654199,0.534684364654199,-0.0110855890559006,-0.00394217037600166,-0.00394217037600166,0,0,0,0,0,0,0,0,0,0,0,0,0,1,798,0,0,0,0,0,0,0,0,0,1,0,0,0
0.798,0.523598775598299,0.534629132963159,-0.0551067499214295,0.000398491985200291,0.534629132963159,0.534629132963159,-0.0110303573648597,-0.00392382171441739,-0.00392382171441739,0,0,0,0,0,0,0,0,0,0,0,0,0,1,799,0,0,0,0,0,0,0,0,0,1,0,0,0
0.799,0.523598775598299,0.53457415086413,-0.0548576007438784,0.000397145467967257,0.53457415086413,0.53457415086413,-0.0109753752658311,-0.00390554372336973,-0.00390554372336973,0,0,0,0,0,0,0,0,0,0,0,0,0,1,800,0,0,0,0,0,0,0,0,0,1,0,0,0
0.8,0.523598775598299,0.534519417471623,-0.0546093367573757,0.000395798986505235,0.534519417471623,0.534519417471623,-0.0109206418733239,-0.00388733628025197,-0.00388733628025197,0,0,0,0,0,0,0,0,0,0,0,0,0,1,801,0,0,0,0,0,0,0,0,0,1,0,0,0
0.801,0.523598775598299,0.534464931900757,-0.0543619573339659,0.000394452603564214,0.534464931900757,0.534464931900757,-0.0108661563024579,-0.00386919926083506,-0.00386919926083506,0,0,0,0,0,0,0,0,0,0,0,0,0,1,802,0,0,0,0,0,0,0,0,0,1,0,0,0
0.802,0.523598775598299,0.534410693267297,-0.0541154618128599,0.000393106381027347,0.534410693267297,0.534410693267297,-0.010811917668998,-0.00385113253929713,-0.00385113253929713,0,0,0,0,0,0,0,0,0,0,0,0,0,1,803,0,0,0,0,0,0,0,0,0,1,0,0,0
0.803,0.523598775598299,0.534356700687685,-0.0538698495009165,0.000391760379919585,0.534356700687685,0.534356700687685,-0.0107579250893858,-0.00383313598824992,-0.00383313598824992,0,0,0,0,0,0,0,0,0,0,0,0,0,1,804,0,0,0,0,0,0,0,0,0,1,0,0,0
0.804,0.523598775598299,0.534302953279071,-0.0536251196731201,0.000390414660416793,0.534302953279071,0.534302953279071,-0.0107041776807718,-0.00381520947876697,-0.00381520947876697,0,0,0,0,0,0,0,0,0,0,0,0,0,1,805,0,0,0,0,0,0,0,0,0,1,0,0,0
0.805,0.523598775598299,0.534249450159347,-0.0533812715730525,0.000389069281854518,0.534249450159347,0.534249450159347,-0.0106506745610477,-0.00379735288041155,-0.00379735288041155,0,0,0,0,0,0,0,0,0,0,0,0,0,1,806,0,0,0,0,0,0,0,0,0,1,0,0,0
0.806,0.523598775598299,0.534196190447176,-0.0531383044133603,0.000387724302736453,0.534196190447176,0.534196190447176,-0.0105974148488769,-0.0037795660612625,-0.0037795660612625,0,0,0,0,0,0,0,0,0,0,0,0,0,1,807,0,0,0,0,0,0,0,0,0,1,0,0,0
0.807,0.523598775598299,0.534143173262024,-0.0528962173762168,0.000386379780743272,0.534143173262024,0.534143173262024,-0.0105443976637254,-0.00376184888794207,-0.00376184888794207,0,0,0,0,0,0,0,0,0,0,0,0,0,1,808,0,0,0,0,0,0,0,0,0,1,0,0,0
0.808,0.523598775598299,0.534090397724191,-0.0526550096137798,0.000385035772740945,0.534090397724191,0.534090397724191,-0.0104916221258919,-0.00374420122564097,-0.00374420122564097,0,0,0,0,0,0,0,0,0,0,0,0,0,1,809,0,0,0,0,0,0,0,0,0,1,0,0,0
0.809,0.523598775598299,0.534037862954837,-0.0524146802486436,0.000383692334789466,0.534037862954837,0.534037862954837,-0.0104390873565383,-0.0037266229381466,-0.0037266229381466,0,0,0,0,0,0,0,0,0,0,0,0,0,1,810,0,0,0,0,0,0,0,0,0,1,0,0,0
0.81,0.523598775598299,0.533985568076017,-0.0521752283742872,0.00038234952215074,0.533985568076017,0.533985568076017,-0.010386792477718,-0.00370911388786698,-0.00370911388786698,0,0,0,0,0,0,0,0,0,0,0,0,0,1,811,0,0,0,0,0,0,0,0,0,1,0,0,0
0.811,0.523598775598299,0.533933512210704,-0.0519366530555172,0.000381007389297155,0.533933512210704,0.533933512210704,-0.0103347366124056,-0.00369167393585751,-0.00369167393585751,0,0,0,0,0,0,0,0,0,0,0,0,0,1,812,0,0,0,0,0,0,0,0,0,1,0,0,0
0.812,0.523598775598299,0.533881694482824,-0.0516989533289062,0.000379665989919599,0.533881694482824,0.533881694482824,-0.0102829188845248,-0.00367430294184558,-0.00367430294184558,0,0,0,0,0,0,0,0,0,0,0,0,0,1,813,0,0,0,0,0,0,0,0,0,1,0,0,0
0.813,0.523598775598299,0.533830114017276,-0.0514621282032263,0.000378325376935669,0.533830114017276,0.533830114017276,-0.0102313384189767,-0.00365700076425549,-0.00365700076425549,0,0,0,0,0,0,0,0,0,0,0,0,0,1,814,0,0,0,0,0,0,0,0,0,1,0,0,0
0.814,0.523598775598299,0.533778769939966,-0.0512261766598786,0.000376985602497795,0.533778769939966,0.533778769939966,-0.0101799943416675,-0.00363976726023431,-0.00363976726023431,0,0,0,0,0,0,0,0,0,0,0,0,0,1,815,0,0,0,0,0,0,0,0,0,1,0,0,0
0.815,0.523598775598299,0.533727661377834,-0.0509910976533174,0.000375646718000893,0.533727661377834,0.533727661377834,-0.0101288857795354,-0.00362260228567554,-0.00362260228567554,0,0,0,0,0,0,0,0,0,0,0,0,0,1,816,0,0,0,0,0,0,0,0,0,1,0,0,0
0.816,0.523598775598299,0.533676787458876,-0.0507568901114706,0.000374308774090326,0.533676787458876,0.533676787458876,-0.0100780118605777,-0.00360550569524372,-0.00360550569524372,0,0,0,0,0,0,0,0,0,0,0,0,0,1,817,0,0,0,0,0,0,0,0,0,1,0,0,0
0.817,0.523598775598299,0.533626147312175,-0.0505235529361552,0.000372971820669616,0.533626147312175,0.533626147312175,-0.0100273717138765,-0.00358847734239769,-0.00358847734239769,0,0,0,0,0,0,0,0,0,0,0,0,0,1,818,0,0,0,0,0,0,0,0,0,1,0,0,0
0.818,0.523598775598299,0.533575740067924,-0.0502910850034888,0.000371635906908324,0.533575740067924,0.533575740067924,-0.00997696446962504,-0.00357151707941458,-0.00357151707941458,0,0,0,0,0,0,0,0,0,0,0,0,0,1,819,0,0,0,0,0,0,0,0,0,1,0,0,0
0.819,0.523598775598299,0.533525564857452,-0.0500594851642958,0.000370301081249719,0.533525564857452,0.533525564857452,-0.00992678925915313,-0.00355462475741323,-0.00355462475741323,0,0,0,0,0,0,0,0,0,0,0,0,0,1,820,0,0,0,0,0,0,0,0,0,1,0,0,0
0.82,0.523598775598299,0.533475620813251,-0.0498287522445108,0.000368967391418335,0.533475620813251,0.533475620813251,-0.00987684521495247,-0.00353780022637834,-0.00353780022637834,0,0,0,0,0,0,0,0,0,0,0,0,0,1,821,0,0,0,0,0,0,0,0,0,1,0,0,0
0.821,0.523598775598299,0.533425907069,-0.0495988850455761,0.000367634884427168,0.533425907069,0.533425907069,-0.0098271314707008,-0.00352104333518164,-0.00352104333518164,0,0,0,0,0,0,0,0,0,0,0,0,0,1,822,0,0,0,0,0,0,0,0,0,1,0,0,0
0.822,0.523598775598299,0.533376422759586,-0.049369882344836,0.000366303606585452,0.533376422759586,0.533376422759586,-0.00977764716128682,-0.0035043539316062,-0.0035043539316062,0,0,0,0,0,0,0,0,0,0,0,0,0,1,823,0,0,0,0,0,0,0,0,0,1,0,0,0
0.823,0.523598775598299,0.533327167021132,-0.0491417428959265,0.000364973603505719,0.533327167021132,0.533327167021132,-0.00972839142283344,-0.00348773186236711,-0.00348773186236711,0,0,0,0,0,0,0,0,0,0,0,0,0,1,824,0,0,0,0,0,0,0,0,0,1,0,0,0
0.824,0.523598775598299,0.533278138991021,-0.0489144654291612,0.000363644920111431,0.533278138991021,0.533278138991021,-0.0096793633927218,-0.00347117697313492,-0.00347117697313492,0,0,0,0,0,0,0,0,0,0,0,0,0,1,825,0,0,0,0,0,0,0,0,0,1,0,0,0
0.825,0.523598775598299,0.533229337807913,-0.0486880486519124,0.000362317600644003,0.533229337807913,0.533229337807913,-0.00963056220961411,-0.00345468910855682,-0.00345468910855682,0,0,0,0,0,0,0,0,0,0,0,0,0,1,826,0,0,0,0,0,0,0,0,0,1,0,0,0
0.826,0.523598775598299,0.533180762611775,-0.0484624912489884,0.000360991688670066,0.533180762611775,0.533180762611775,-0.00958198701347657,-0.00343826811227856,-0.00343826811227856,0,0,0,0,0,0,0,0,0,0,0,0,0,1,827,0,0,0,0,0,0,0,0,0,1,0,0,0
0.827,0.523598775598299,0.533132412543901,-0.0482377918830074,0.00035966722708853,0.533132412543901,0.533132412543901,-0.00953363694560194,-0.00342191382696658,-0.00342191382696658,0,0,0,0,0,0,0,0,0,0,0,0,0,1,828,0,0,0,0,0,0,0,0,0,1,0,0,0
0.828,0.523598775598299,0.53308428674693,-0.048013949194766,0.00035834425813735,0.53308428674693,0.53308428674693,-0.00948551114863105,-0.00340562609432754,-0.00340562609432754,0,0,0,0,0,0,0,0,0,0,0,0,0,1,829,0,0,0,0,0,0,0,0,0,1,0,0,0
0.829,0.523598775598299,0.533036384364873,-0.0477909618036052,0.000357022823400843,0.533036384364873,0.533036384364873,-0.00943760876657451,-0.00338940475512958,-0.00338940475512958,0,0,0,0,0,0,0,0,0,0,0,0,0,1,830,0,0,0,0,0,0,0,0,0,1,0,0,0
0.83,0.523598775598299,0.532988704543134,-0.0475688283077716,0.000355702963816697,0.532988704543134,0.532988704543134,-0.0093899289448347,-0.00337324964922488,-0.00337324964922488,0,0,0,0,0,0,0,0,0,0,0,0,0,1,831,0,0,0,0,0,0,0,0,0,1,0,0,0
0.831,0.523598775598299,0.532941246428525,-0.0473475472847747,0.000354384719682272,0.532941246428525,0.532941246428525,-0.00934247083022577,-0.00335716061556749,-0.00335716061556749,0,0,0,0,0,0,0,0,0,0,0,0,0,1,832,0,0,0,0,0,0,0,0,0,1,0,0,0
0.832,0.523598775598299,0.532894009169293,-0.0471271172917403,0.000353068130661849,0.532894009169293,0.532894009169293,-0.0092952335709946,-0.00334113749223472,-0.00334113749223472,0,0,0,0,0,0,0,0,0,0,0,0,0,1,833,0,0,0,0,0,0,0,0,0,1,0,0,0
0.833,0.523598775598299,0.53284699191514,-0.0469075368657611,0.000351753235793279,0.53284699191514,0.53284699191514,-0.00924821631684114,-0.00332518011644731,-0.00332518011644731,0,0,0,0,0,0,0,0,0,0,0,0,0,1,834,0,0,0,0,0,0,0,0,0,1,0,0,0
0.834,0.523598775598299,0.532800193817237,-0.0466888045242415,0.000350440073494509,0.532800193817237,0.532800193817237,-0.00920141821893783,-0.003309288324588,-0.003309288324588,0,0,0,0,0,0,0,0,0,0,0,0,0,1,835,0,0,0,0,0,0,0,0,0,1,0,0,0
0.835,0.523598775598299,0.532753614028249,-0.0464709187652406,0.00034912868157047,0.532753614028249,0.532753614028249,-0.0091548384299498,-0.00329346195222281,-0.00329346195222281,0,0,0,0,0,0,0,0,0,0,0,0,0,1,836,0,0,0,0,0,0,0,0,0,1,0,0,0
0.836,0.523598775598299,0.532707251702352,-0.0462538780678103,0.000347819097219202,0.532707251702352,0.532707251702352,-0.00910847610405341,-0.00327770083411863,-0.00327770083411863,0,0,0,0,0,0,0,0,0,0,0,0,0,1,837,0,0,0,0,0,0,0,0,0,1,0,0,0
0.837,0.523598775598299,0.532661105995254,-0.0460376808923299,0.000346511357038647,0.532661105995254,0.532661105995254,-0.00906233039695536,-0.00326200480426284,-0.00326200480426284,0,0,0,0,0,0,0,0,0,0,0,0,0,1,838,0,0,0,0,0,0,0,0,0,1,0,0,0
0.838,0.523598775598299,0.53261517606421,-0.0458223256808375,0.000345205497033029,0.53261517606421,0.53261517606421,-0.00901640046591112,-0.003246373695882,-0.003246373695882,0,0,0,0,0,0,0,0,0,0,0,0,0,1,839,0,0,0,0,0,0,0,0,0,1,0,0,0
0.839,0.523598775598299,0.532569461068042,-0.045607810857357,0.000343901552619268,0.532569461068042,0.532569461068042,-0.00897068546974333,-0.00323080734146095,-0.00323080734146095,0,0,0,0,0,0,0,0,0,0,0,0,0,1,840,0,0,0,0,0,0,0,0,0,1,0,0,0
0.84,0.523598775598299,0.532523960167158,-0.0453941348282223,0.000342599558633123,0.532523960167158,0.532523960167158,-0.00892518456885938,-0.00321530557276043,-0.00321530557276043,0,0,0,0,0,0,0,0,0,0,0,0,0,1,841,0,0,0,0,0,0,0,0,0,1,0,0,0
0.841,0.523598775598299,0.532478672523568,-0.0451812959823973,0.000341299549335589,0.532478672523568,0.532478672523568,-0.00887989692526892,-0.00319986822083517,-0.00319986822083517,0,0,0,0,0,0,0,0,0,0,0,0,0,1,842,0,0,0,0,0,0,0,0,0,1,0,0,0
0.842,0.523598775598299,0.5324335973009,-0.0449692926917925,0.000340001558419205,0.5324335973009,0.5324335973009,-0.00883482170260141,-0.00318449511605268,-0.00318449511605268,0,0,0,0,0,0,0,0,0,0,0,0,0,1,843,0,0,0,0,0,0,0,0,0,1,0,0,0
0.843,0.523598775598299,0.532388733664421,-0.0447581233115783,0.000338705619013966,0.532388733664421,0.532388733664421,-0.00878995806612259,-0.00316918608810974,-0.00316918608810974,0,0,0,0,0,0,0,0,0,0,0,0,0,1,844,0,0,0,0,0,0,0,0,0,1,0,0,0
0.844,0.523598775598299,0.53234408078105,-0.0445477861804949,0.000337411763693682,0.53234408078105,0.53234408078105,-0.00874530518275152,-0.00315394096605116,-0.00315394096605116,0,0,0,0,0,0,0,0,0,0,0,0,0,1,845,0,0,0,0,0,0,0,0,0,1,0,0,0
0.845,0.523598775598299,0.532299637819375,-0.0443382796211579,0.000336120024481751,0.532299637819375,0.532299637819375,-0.00870086222107636,-0.00313875957828574,-0.00313875957828574,0,0,0,0,0,0,0,0,0,0,0,0,0,1,846,0,0,0,0,0,0,0,0,0,1,0,0,0
0.846,0.523598775598299,0.532255403949669,-0.044129601940362,0.000334830432857419,0.532255403949669,0.532255403949669,-0.0086566283513706,-0.0031236417526039,-0.0031236417526039,0,0,0,0,0,0,0,0,0,0,0,0,0,1,847,0,0,0,0,0,0,0,0,0,1,0,0,0
0.847,0.523598775598299,0.532211378343908,-0.0439217514293798,0.000333543019761675,0.532211378343908,0.532211378343908,-0.00861260274560904,-0.00310858731619544,-0.00310858731619544,0,0,0,0,0,0,0,0,0,0,0,0,0,1,848,0,0,0,0,0,0,0,0,0,1,0,0,0
0.848,0.523598775598299,0.532167560175781,-0.0437147263642579,0.000332257815602856,0.532167560175781,0.532167560175781,-0.00856878457748245,-0.00309359609566415,-0.00309359609566415,0,0,0,0,0,0,0,0,0,0,0,0,0,1,849,0,0,0,0,0,0,0,0,0,1,0,0,0
0.849,0.523598775598299,0.532123948620712,-0.0435085250061099,0.000330974850262921,0.532123948620712,0.532123948620712,-0.00852517302241318,-0.00307866791704588,-0.00307866791704588,0,0,0,0,0,0,0,0,0,0,0,0,0,1,850,0,0,0,0,0,0,0,0,0,1,0,0,0
0.85,0.523598775598299,0.532080542855869,-0.043303145601406,0.000329694153103009,0.532080542855869,0.532080542855869,-0.00848176725756988,-0.00306380260582433,-0.00306380260582433,0,0,0,0,0,0,0,0,1,0,0,0,0,1,851,0,0,0,0,0,0,0,0,0,0,1,0,1
0.851,0.523598775598299,0.532037342060181,-0.0430985863822584,0.000328415752969153,0.532725523870869,0.532725523870869,-0.00912674827257065,-0.00489864755200174,-0.00489864755200174,0.000164291305422885,0.00394299132901367,0,0,0,0,0.00394299132901367,0.000688181810688755,1,0,0,0,0,1,852,0,0,0,0,0,0,0,-0.00184964756505477,0.000688181810688748,0,1,0,1
0.852,0.523598775598299,0.53199428689796,-0.0430637541347354,-0.000258794002216224,0.532997612797869,0.532997612797869,-0.0093988371995698,-0.00570678937672736,-0.00570678937672736,0.000239526414822785,0.00574863395409124,0,0,0,0,0.00574863395409124,0.00100332589990833,1,0,0,0,0,1,853,0,0,0,0,0,0,-5.85163920652221e-08,-0.00267252949188657,0.0010032673835163,0,1,0,1
0.853,0.523598775598299,0.531951106842453,-0.0433509318301866,-0.000875380017479275,0.53272571123999,0.53272571123999,-0.00912693564169087,-0.00504229387928674,-0.00504229387928674,0.000184923178266189,0.00443815627711035,0,0,0,0,0.00443815627711035,0.000774604397536295,1,0,0,0,0,1,854,0,0,0,0,0,0,-4.45258423242834e-07,-0.00202271175585861,0.000774159139113051,0,1,0,1
0.854,0.523598775598299,0.531907520688426,-0.043835476031761,-0.00103529916648746,0.532033519397451,0.532033519397451,-0.00843474379915232,-0.00325699462039601,-0.00325699462039601,3.00799760554324e-05,0.000721919425122466,0,0,0,0,0.000721919425122466,0.000125998709024917,1,0,0,0,0,1,855,0,0,0,0,0,0,-1.4406156233493e-06,-0.000252028094253634,0.000124558093401617,0,1,0,1
0.855,0.523598775598299,0.531863471349174,-0.0442206474573666,-0.000555434271986632,0.531272565163587,0.531272565163587,-0.00767378956528852,-0.00131000675773089,-0.00131000675773089,-0.000141068460550194,-0.00338564305222959,0,0,0,0,-0.00338564305222959,-0.000590906185586768,1,0,0,0,0,1,856,0,0,0,0,0,0,-3.10086080845817e-06,0.00168040615821162,-0.000594007046395228,0,1,0,1
0.856,0.523598775598299,0.531819209089776,-0.0442223414271352,0.000365037254089082,0.530831706238667,0.530831706238667,-0.00723293064036834,-0.000247972146536421,-0.000247972146536421,-0.000235748940174885,-0.00565797456256775,0,0,0,0,-0.00565797456256775,-0.000987502851108932,1,0,0,0,0,1,857,0,0,0,0,0,0,-5.17491684037807e-06,0.00272794896879222,-0.000992677767949313,0,1,0,1
0.857,0.523598775598299,0.531775188882424,-0.0437383935365925,0.00126535405365593,0.530926377872116,0.530926377872116,-0.00732760227381701,-0.000637805678942973,-0.000637805678942973,-0.000202638702120483,-0.00486332884949096,0,0,0,0,-0.00486332884949096,-0.00084881101030845,1,0,0,0,0,1,858,0,0,0,0,0,0,-7.20700130929508e-06,0.0023236852674132,-0.000856018011617721,0,1,0,1
0.858,0.523598775598299,0.531731844444893,-0.0429137679036143,0.00168109737591637,0.531481834101752,0.531481834101752,-0.00788305850345361,-0.00225944928893007,-0.00225944928893007,-5.9685572919564e-05,-0.00143245374965699,0,0,0,0,-0.00143245374965699,-0.000250010343140531,1,0,0,0,0,1,859,0,0,0,0,0,0,-8.76258807791519e-06,0.000687672941721777,-0.000258772931218454,0,1,0,1
0.859,0.523598775598299,0.531689365881831,-0.0420682658740043,0.00140116698951648,0.532173677498779,0.532173677498779,-0.00857490190047994,-0.00422519262710133,-0.00422519262710133,0.000115620881784413,0.00277490116202673,0,0,0,0,0.00277490116202673,0.000484311616947831,1,0,0,0,0,1,860,0,0,0,0,0,0,-9.65076600145665e-06,-0.00129237783767365,0.000474660850946385,0,1,0,1
0.86,0.523598775598299,0.531647604302601,-0.0415272061023648,0.00058556362708718,0.532603710595043,0.532603710595043,-0.00900493499674437,-0.00546088905503112,-0.00546088905503112,0.000228253563910837,0.00547808553228241,0,0,0,0,0.00547808553228241,0.000956106292441941,1,0,0,0,0,1,861,0,0,0,0,0,0,-1.00196210991443e-05,-0.00254232061153694,0.000946086671342772,0,1,0,1
0.861,0.523598775598299,0.531606156939691,-0.0414476680494003,-0.000319192211705527,0.532515788306083,0.532515788306083,-0.00891701270778467,-0.00528822278517668,-0.00528822278517668,0.000217158492591844,0.00521180382070326,0,0,0,0,0.00521180382070326,0.000909631366392921,1,0,0,0,0,1,862,0,0,0,0,0,0,-1.02711181575454e-05,-0.00238383977190102,0.000899360248235337,0,1,0,1
0.862,0.523598775598299,0.531564587795382,-0.0417350047244327,-0.000820724213774307,0.531934666960178,0.531934666960178,-0.00833589136187873,-0.00379240510312156,-0.00379240510312156,8.83498926443211e-05,0.00212039742285303,0,0,0,0,0.00212039742285303,0.000370079164795879,1,0,0,0,0,1,863,0,0,0,0,0,0,-1.08404540692941e-05,-0.000902146784297481,0.000359238710726628,0,1,0,1
0.863,0.523598775598299,0.531522664960797,-0.0420952124285268,-0.000646814913877175,0.531152585796001,0.531152585796001,-0.00755381019770218,-0.00177598733863429,-0.00177598733863429,-8.83498926443245e-05,-0.00212039742285311,0,0,0,0,-0.00212039742285311,-0.000370079164795893,1,0,0,0,0,1,864,0,0,0,0,0,0,-1.19587388004438e-05,0.00110020684119787,-0.000382037903596366,0,1,0,1
0.864,0.523598775598299,0.531480486445671,-0.0421949827843921,0.000107603064045109,0.530570855079278,0.530570855079278,-0.00697207948097955,-0.000323828193189643,-0.000323828193189643,-0.000217158492591845,-0.00521180382070329,0,0,0,0,-0.00521180382070329,-0.000909631366392926,1,0,0,0,0,1,865,0,0,0,0,0,0,-1.35271656296343e-05,0.00253836222245854,-0.000923158532022517,0,1,0,1
0.865,0.523598775598299,0.531438426619505,-0.0418428152678129,0.00103227135486349,0.530482320327063,0.530482320327063,-0.0068835447287644,-0.000215031287953769,-0.000215031287953769,-0.000228253563910836,-0.00547808553228238,0,0,0,0,-0.00547808553228238,-0.000956106292441937,1,0,0,0,0,1,866,0,0,0,0,0,0,-1.51705700046634e-05,0.00263321555733384,-0.00097127686244658,0,1,0,1
0.866,0.523598775598299,0.531396932494502,-0.0410931033289134,0.00162422656976606,0.530912620877554,0.530912620877554,-0.0073138452792556,-0.00150062023068919,-0.00150062023068919,-0.00011562088178441,-0.00277490116202666,0,0,0,0,-0.00277490116202666,-0.000484311616947819,1,0,0,0,0,1,867,0,0,0,0,0,0,-1.64411466163639e-05,0.00133374305675917,-0.000500752763564205,0,1,0,1
0.867,0.523598775598299,0.531356280405283,-0.0402168289424451,0.00156058963821689,0.531606290748423,0.531606290748423,-0.00800751515012466,-0.00347587816818769,-0.00347587816818769,5.96855729195676e-05,0.00143245374965708,0,0,0,0,0.00143245374965708,0.000250010343140546,1,0,0,0,0,1,868,0,0,0,0,0,0,-1.70617696949593e-05,-0.000655338607665278,0.000232948573445579,0,1,0,1
0.868,0.523598775598299,0.531316425062551,-0.0395547869154134,0.000873684719678036,0.532165236072859,0.532165236072859,-0.00856646047456056,-0.0050623457499132,-0.0050623457499132,0.000202638702120485,0.004863328849491,0,0,0,0,0.004863328849491,0.000848811010308457,1,0,0,0,0,1,869,0,0,0,0,0,0,-1.70769393533776e-05,-0.00225557026730412,0.000831734070955048,0,1,0,1
0.869,0.523598775598299,0.531277022856393,-0.0393329236388625,-6.64186084488436e-05,0.532264525707502,0.532264525707502,-0.00866575010920356,-0.00539241078446149,-0.00539241078446149,0.000235748940174885,0.00565797456256774,0,0,0,0,0.00565797456256774,0.000987502851108929,1,0,0,0,0,1,870,0,0,0,0,0,0,-1.68294782975087e-05,-0.00259933991293309,0.000970673372811426,0,1,0,1
0.87,0.523598775598299,0.531237616812042,-0.0395399030654444,-0.000752464392449501,0.531828522997629,0.531828522997629,-0.0082297473993298,-0.00427960540925831,-0.00427960540925831,0.000141068460550191,0.00338564305222953,0,0,0,0,0.00338564305222953,0.000590906185586756,1,0,0,0,0,1,871,0,0,0,0,0,0,-1.67755760743793e-05,-0.00150017986442596,0.000574130609512391,0,1,0,1
0.871,0.523598775598299,0.531197882963183,-0.0399332763458068,-0.000814947131011598,0.531071884254158,0.531071884254158,-0.00747310865585882,-0.00231968025963272,-0.00231968025963272,-3.00799760554361e-05,-0.000721919425122553,0,0,0,0,-0.000721919425122553,-0.000125998709024932,1,0,0,0,0,1,872,0,0,0,0,0,0,-1.72384157710592e-05,0.000446159060185226,-0.000143237124796025,0,1,0,1
0.872,0.523598775598299,0.531157804608051,-0.04017091691652,-0.000222388343931754,0.530383200210515,0.530383200210515,-0.00678442461221584,-0.000567667135224249,-0.000567667135224249,-0.000184923178266191,-0.0044381562771104,0,0,0,0,-0.0044381562771104,-0.000774604397536304,1,0,0,0,0,1,873,0,0,0,0,0,0,-1.82339179304325e-05,0.0021846448783163,-0.000792838315466726,0,1,0,1
0.873,0.523598775598299,0.531117680000642,-0.0399964789266502,0.000701612812612817,0.530114354100734,0.530114354100734,-0.00651557850243523,3.40175130216329e-05,3.40175130216329e-05,-0.000239526414822785,-0.00574863395409123,0,0,0,0,-0.00574863395409123,-0.00100332589990833,1,0,0,0,0,1,874,0,0,0,0,0,0,-1.94630493483006e-05,0.00277286095584649,-0.00102278894925667,0,1,0,1
0.874,0.523598775598299,0.531077959314785,-0.0393783514592594,0.00145379945612018,0.530389777504096,0.530389777504096,-0.0067910019057974,-0.00083357553528245,-0.00083357553528245,-0.000164291305422883,-0.00394299132901361,0,0,0,0,-0.00394299132901361,-0.000688181810688744,1,0,0,0,0,1,875,0,0,0,0,0,0,-2.04748590094672e-05,0.00189185788899332,-0.000708656669698216,0,1,0,1
0.875,0.523598775598299,0.53103899926156,-0.0385267883089045,0.00162406014180918,0.53103899926156,0.53103899926156,-0.00744022366326147,-0.00269303480368501,-0.00269303480368501,3.23425599257126e-18,7.76221437993551e-17,0,0,0,0,7.76221437993551e-17,1.35476198175525e-17,1,0,0,0,0,1,876,0,0,0,0,0,0,-2.09118606758762e-05,1.90469706073809e-05,-2.09118606758762e-05,0,1,0,1
0.876,0.523598775598299,0.531000868376251,-0.0377799289963121,0.00111773970009068,0.53168905018694,0.53168905018694,-0.00809027458864076,-0.00452937218238664,-0.00452937218238664,0.000164291305422888,0.00394299132901373,0,0,0,0,0.00394299132901373,0.000688181810688767,1,0,0,0,0,1,877,0,0,0,0,0,0,-2.07047459473975e-05,-0.00183058387330814,0.000667477064741351,0,1,0,1
0.877,0.523598775598299,0.53096330852403,-0.037420495509736,0.000206951871631269,0.531966634423938,0.531966634423938,-0.00836785882563906,-0.00534020732640376,-0.00534020732640376,0.000239526414822785,0.00574863395409124,0,0,0,0,0.00574863395409124,0.00100332589990833,1,0,0,0,0,1,878,0,0,0,0,0,0,-2.01108785802262e-05,-0.00265465448174966,0.000983215021328143,0,1,0,1
0.878,0.523598775598299,0.530925873492649,-0.0375225271320815,-0.000616920575812326,0.531700477890185,0.531700477890185,-0.00810170229188645,-0.00467911792633094,-0.00467911792633094,0.000184923178266187,0.0044381562771103,0,0,0,0,0.0044381562771103,0.000774604397536286,1,0,0,0,0,1,879,0,0,0,0,0,0,-1.95757018052189e-05,-0.00200674272946509,0.000755028695731075,0,1,0,1
0.879,0.523598775598299,0.530888169547709,-0.0379112330333939,-0.000909583830130071,0.531014168256734,0.531014168256734,-0.00741539265843527,-0.0028976259143811,-0.0028976259143811,3.00799760554288e-05,0.000721919425122379,0,0,0,0,0.000721919425122379,0.000125998709024902,1,0,0,0,0,1,880,0,0,0,0,0,0,-1.94921830685146e-05,-0.000238370732981084,0.00010650652595634,0,1,0,1
0.88,0.523598775598299,0.530850067555685,-0.0382577252834953,-0.000514666230799747,0.530259161370098,0.530259161370098,-0.00666038577179939,-0.000954647899851967,-0.000954647899851967,-0.000141068460550197,-0.00338564305222966,0,0,0,0,-0.00338564305222966,-0.000590906185586779,1,0,0,0,0,1,881,0,0,0,0,0,0,-1.99886910113856e-05,0.00169154471394056,-0.000610894876598156,0,1,0,1
0.881,0.523598775598299,0.530811771691741,-0.0382572812248485,0.000351520121055642,0.529824268840632,0.529824268840632,-0.00622549324233301,0.000103300345192861,0.000103300345192861,-0.000235748940174886,-0.00565797456256777,0,0,0,0,-0.00565797456256777,-0.000987502851108935,1,0,0,0,0,1,882,0,0,0,0,0,0,-2.08602876620168e-05,0.00273648765463196,-0.00100836313877095,0,1,0,1
0.882,0.523598775598299,0.530773707489256,-0.0377945059496422,0.00121723551243716,0.529924896478948,0.529924896478948,-0.00632612088064921,-0.000290616433766284,-0.000290616433766284,-0.000202638702120481,-0.00486332884949091,0,0,0,0,-0.00486332884949091,-0.000848811010308441,1,0,0,0,0,1,883,0,0,0,0,0,0,-2.16806789176127e-05,0.00232962264984102,-0.000870491689226038,0,1,0,1
0.883,0.523598775598299,0.530736289915988,-0.0370058665629538,0.00161102637947573,0.530486279572847,0.530486279572847,-0.00688750397454818,-0.00191629030826009,-0.00191629030826009,-5.96855729195609e-05,-0.00143245374965692,0,0,0,0,-0.00143245374965692,-0.000250010343140518,1,0,0,0,0,1,884,0,0,0,0,0,0,-2.20341383905254e-05,0.00069105744318591,-0.000272044481531064,0,1,0,1
0.884,0.523598775598299,0.530699697194785,-0.0362057008267,0.00131728380474045,0.531184008811733,0.531184008811733,-0.00758523321343418,-0.00388598016004478,-0.00388598016004478,0.000115620881784416,0.00277490116202681,0,0,0,0,0.00277490116202681,0.000484311616947846,1,0,0,0,0,1,885,0,0,0,0,0,0,-2.17416866953313e-05,-0.00129146703204789,0.00046256993025251,0,1,0,1
0.885,0.523598775598299,0.5306637729728,-0.0357158082183334,0.000493118029899266,0.531619879265242,0.531619879265242,-0.00802110366694331,-0.00512552083020655,-0.00512552083020655,0.000228253563910838,0.00547808553228243,0,0,0,0,0.00547808553228243,0.000956106292441946,1,0,0,0,0,1,886,0,0,0,0,0,0,-2.09589222508466e-05,-0.00254378580200265,0.00093514737019107,0,1,0,1
0.886,0.523598775598299,0.530628109870098,-0.0356909958102583,-0.000416804321366167,0.531537741236491,0.531537741236491,-0.0079389656381923,-0.00495658587134953,-0.00495658587134953,0.000217158492591843,0.00521180382070323,0,0,0,0,0.00521180382070323,0.000909631366392915,1,0,0,0,0,1,887,0,0,0,0,0,0,-2.00924726714291e-05,-0.00238757260442646,0.000889538893721453,0,1,0,1
0.887,0.523598775598299,0.530592269119522,-0.0360351441103979,-0.000921296730988036,0.530962348284318,0.530962348284318,-0.00736357268601873,-0.00346438095641975,-0.00346438095641975,8.83498926443177e-05,0.00212039742285295,0,0,0,0,0.00212039742285295,0.000370079164795864,1,0,0,0,0,1,888,0,0,0,0,0,0,-1.95803549111195e-05,-0.000908033297486247,0.000350498809884692,0,1,0,1
0.888,0.523598775598299,0.530556017239587,-0.0364532905007561,-0.000748906076369893,0.530185938074791,0.530185938074791,-0.00658716247649249,-0.00145145504491588,-0.00145145504491588,-8.83498926443275e-05,-0.00212039742285319,0,0,0,0,-0.00212039742285319,-0.000370079164795906,1,0,0,0,0,1,889,0,0,0,0,0,0,-1.96553023721346e-05,0.00109228297403038,-0.000389734467168057,0,1,0,1
0.889,0.523598775598299,0.530519451449173,-0.036611497834306,4.94327335807905e-06,0.52960982008278,0.52960982008278,-0.00601104448448142,-2.66655172753011e-06,-2.66655172753011e-06,-0.000217158492591847,-0.00521180382070333,0,0,0,0,-0.00521180382070333,-0.000909631366392934,1,0,0,0,0,1,890,0,0,0,0,0,0,-2.02193502232273e-05,0.00252851760988792,-0.00092985071661611,0,1,0,1
0.89,0.523598775598299,0.530482945841637,-0.0363178494284459,0.000929675893064823,0.529526839549195,0.529526839549195,-0.0059280639508964,0.000102879849517876,0.000102879849517876,-0.000228253563910835,-0.00547808553228235,0,0,0,0,-0.00547808553228235,-0.000956106292441932,1,0,0,0,0,1,891,0,0,0,0,0,0,-2.08976612872114e-05,0.00262156575106413,-0.000977003953729128,0,1,0,1
0.891,0.523598775598299,0.530446947495589,-0.0356264598578981,0.00152212330053819,0.529962635878642,0.529962635878642,-0.00636386028034275,-0.00118584136114585,-0.00118584136114585,-0.000115620881784407,-0.00277490116202659,0,0,0,0,-0.00277490116202659,-0.000484311616947807,1,0,0,0,0,1,892,0,0,0,0,0,0,-2.12424152736812e-05,0.00132040169215974,-0.000505554032221522,0,1,0,1
0.892,0.523598775598299,0.53041173304325,-0.0348081212144666,0.00145927312325177,0.530661743386391,0.530661743386391,-0.00706296778809179,-0.003164115793239,-0.003164115793239,5.96855729195711e-05,0.00143245374965716,0,0,0,0,0.00143245374965716,0.00025001034314056,1,0,0,0,0,1,893,0,0,0,0,0,0,-2.09762404261848e-05,-0.000670260361808842,0.000229034102714354,0,1,0,1
0.893,0.523598775598299,0.530377257651752,-0.0342034964436697,0.000773362275086558,0.53122606866206,0.53122606866206,-0.0076272930637612,-0.00475348690933361,-0.00475348690933361,0.000202638702120487,0.00486332884949106,0,0,0,0,0.00486332884949106,0.000848811010308467,1,0,0,0,0,1,894,0,0,0,0,0,0,-2.01432322254336e-05,-0.00227196405889633,0.000828667778082992,0,1,0,1
0.894,0.523598775598299,0.530343178279087,-0.0340384382200064,-0.000165597341078052,0.531330681130196,0.531330681130196,-0.00773190553189718,-0.00508634555134794,-0.00508634555134794,0.000235748940174884,0.00565797456256772,0,0,0,0,0.00565797456256772,0.000987502851108927,1,0,0,0,0,1,895,0,0,0,0,0,0,-1.90856974452425e-05,-0.00261710042651584,0.000968417153663692,0,1,0,1
0.895,0.523598775598299,0.530309038598578,-0.0343015421550324,-0.000850388435512503,0.530899944784165,0.530899944784165,-0.00730116918586632,-0.00397622702501648,-0.00397622702501648,0.000141068460550188,0.00338564305222945,0,0,0,0,0.00338564305222945,0.000590906185586743,1,0,0,0,0,1,896,0,0,0,0,0,0,-1.82592296897877e-05,-0.00151920495589782,0.000572646955896983,0,1,0,1
0.896,0.523598775598299,0.530274515351221,-0.0347503082171425,-0.000911531925767845,0.530148516642196,0.530148516642196,-0.00654974104389716,-0.00201888521263803,-0.00201888521263803,-3.00799760554401e-05,-0.000721919425122651,0,0,0,0,-0.000721919425122651,-0.000125998709024949,1,0,0,0,0,1,897,0,0,0,0,0,0,-1.7986357052524e-05,0.000425968285168459,-0.00014398506607749,0,1,0,1
0.897,0.523598775598299,0.530239592587461,-0.0350425705197501,-0.00031756783989699,0.529464988189924,0.529464988189924,-0.00586621259162567,-0.000269355201772145,-0.000269355201772145,-0.000184923178266193,-0.00443815627711045,0,0,0,0,-0.00443815627711045,-0.000774604397536312,1,0,0,0,0,1,898,0,0,0,0,0,0,-1.82823003440635e-05,0.0021633840236485,-0.000792886697880357,0,1,0,1
0.898,0.523598775598299,0.530204569348385,-0.0349219523170406,0.000607891290822435,0.529201243448477,0.529201243448477,-0.00560246785017793,0.000329943253446447,0.000329943253446447,-0.000239526414822785,-0.00574863395409123,0,0,0,0,-0.00574863395409123,-0.00100332589990832,1,0,0,0,0,1,899,0,0,0,0,0,0,-1.88472919055993e-05,0.00275062231995663,-0.00102217319181397,0,1,0,1
0.899,0.523598775598299,0.530169896622562,-0.0343568179923544,0.00136157856181799,0.529481714811873,0.529481714811873,-0.0058829392135743,-0.000539942367954826,-0.000539942367954826,-0.00016429130542288,-0.00394299132901353,0,0,0,0,-0.00394299132901353,-0.000688181810688732,1,0,0,0,0,1,900,0,0,0,0,0,0,-1.92296187735419e-05,0.00186873046770195,-0.00070741142946229,0,1,0,1
0.9,0.523598775598299,0.53013593195805,-0.0335574013703448,0.00153337471792893,0.53013593195805,0.53013593195805,-0.00653715635975072,-0.00240160387473282,-0.00240160387473282,6.46851198514252e-18,1.5524428759871e-16,0,0,0,0,1.5524428759871e-16,2.70952396351049e-17,1,0,0,0,0,1,901,0,0,0,0,0,0,-1.90710106729997e-05,-4.88352725114619e-06,-1.90710106729997e-05,0,1,0,1
0.901,0.523598775598299,0.530102744745133,-0.0328618257587245,0.00102861825866649,0.530790926555821,0.530790926555821,-0.00719215095752268,-0.00424005641750497,-0.00424005641750497,0.00016429130542289,0.00394299132901379,0,0,0,0,0.00394299132901379,0.000688181810688776,1,0,0,0,0,1,902,0,0,0,0,0,0,-1.83013572866431e-05,-0.00185523500084912,0.000669880453402105,0,1,0,1
0.902,0.523598775598299,0.530070077718605,-0.0325528000327456,0.000119417603091559,0.531073403618513,0.531073403618513,-0.00747462802021448,-0.00505292287974667,-0.00505292287974667,0.000239526414822786,0.00574863395409125,0,0,0,0,0.00574863395409125,0.00100332589990833,1,0,0,0,0,1,903,0,0,0,0,0,0,-1.71772059750497e-05,-0.00267994702184004,0.00098614869393332,0,1,0,1
0.903,0.523598775598299,0.530037485547597,-0.0327043530085499,-0.000702849095737515,0.530812089945134,0.530812089945134,-0.00721331434683481,-0.00439378414291158,-0.00439378414291158,0.000184923178266185,0.00443815627711025,0,0,0,0,0.00443815627711025,0.000774604397536278,1,0,0,0,0,1,904,0,0,0,0,0,0,-1.61431719513105e-05,-0.00203260065688519,0.000758461225584983,0,1,0,1
0.904,0.523598775598299,0.530004575388371,-0.0331416857126608,-0.00099389212843895,0.530130574097396,0.530130574097396,-0.00653179849909746,-0.00261416528789706,-0.00261416528789706,3.00799760554256e-05,0.000721919425122302,0,0,0,0,0.000721919425122302,0.000125998709024888,1,0,0,0,0,1,905,0,0,0,0,0,0,-1.55913854916756e-05,-0.000264721172017285,0.000110407323533179,0,1,0,1
0.905,0.523598775598299,0.529971219005147,-0.0335359041560861,-0.000597343551392277,0.52938031281956,0.52938031281956,-0.00578153722126129,-0.000672986026695861,-0.000672986026695861,-0.0001410684605502,-0.00338564305222974,0,0,0,0,-0.00338564305222974,-0.000590906185586793,1,0,0,0,0,1,906,0,0,0,0,0,0,-1.56493711108707e-05,0.00166477153571615,-0.000606555556697641,0,1,0,1
0.906,0.523598775598299,0.529937621475928,-0.0335822815234613,0.000270481121099711,0.528950118624819,0.528950118624819,-0.00535134302652029,0.000383234815164446,0.000383234815164446,-0.000235748940174887,-0.00565797456256778,0,0,0,0,-0.00565797456256778,-0.000987502851108937,1,0,0,0,0,1,907,0,0,0,0,0,0,-1.61113417385117e-05,0.00270935845582089,-0.00100361419284745,0,1,0,1
0.907,0.523598775598299,0.529904209240205,-0.0331654205022497,0.00113783901265916,0.529055398229896,0.529055398229896,-0.00545662263159741,-1.23410182671733e-05,-1.23410182671733e-05,-0.000202638702120479,-0.00486332884949087,0,0,0,0,-0.00486332884949087,-0.000848811010308434,1,0,0,0,0,1,908,0,0,0,0,0,0,-1.65501510213106e-05,0.0023022011474751,-0.000865361161329736,0,1,0,1
0.908,0.523598775598299,0.529871398173423,-0.0324217874217093,0.00153327360995029,0.529621387830282,0.529621387830282,-0.00602261223198364,-0.00163960854547651,-0.00163960854547651,-5.96855729195569e-05,-0.00143245374965682,0,0,0,0,-0.00143245374965682,-0.000250010343140501,1,0,0,0,0,1,909,0,0,0,0,0,0,-1.65492188541894e-05,0.000663404407424508,-0.000266559561994728,0,1,0,1
0.909,0.523598775598299,0.529839367406132,-0.0316657207885666,0.00124117323563159,0.530323679023079,0.530323679023079,-0.0067249034247806,-0.00361082953855182,-0.00361082953855182,0.000115620881784418,0.00277490116202686,0,0,0,0,0.00277490116202686,0.000484311616947854,1,0,0,0,0,1,910,0,0,0,0,0,0,-1.59287122375451e-05,-0.00131929372107691,0.000468382904710296,0,1,0,1
0.91,0.523598775598299,0.529807961491715,-0.0312190222483885,0.000418645544034157,0.530764067784157,0.530764067784157,-0.00716529218585804,-0.00485184167040587,-0.00485184167040587,0.000228253563910839,0.00547808553228246,0,0,0,0,0.00547808553228246,0.00095610629244195,1,0,0,0,0,1,911,0,0,0,0,0,0,-1.4843377545426e-05,-0.00257173109548289,0.00094126291489649,0,1,0,1
0.911,0.523598775598299,0.52977677395363,-0.0312365023754459,-0.00048964526819548,0.530686405320022,0.530686405320022,-0.00708762972172361,-0.00468432126530813,-0.00468432126530813,0.000217158492591841,0.00521180382070318,0,0,0,0,0.00521180382070318,0.000909631366392907,1,0,0,0,0,1,912,0,0,0,0,0,0,-1.36989932925102e-05,-0.0024155842244782,0.000895932373100372,0,1,0,1
0.912,0.523598775598299,0.529745366923976,-0.0316220464294739,-0.000992514958984281,0.530115446088772,0.530115446088772,-0.006516670490473,-0.00319347670627037,-0.00319347670627037,8.83498926443139e-05,0.00212039742285286,0,0,0,0,0.00212039742285286,0.000370079164795849,1,0,0,0,0,1,913,0,0,0,0,0,0,-1.29327315631089e-05,-0.000936061675359635,0.000357146433232702,0,1,0,1
0.913,0.523598775598299,0.529713507815185,-0.0320806977148732,-0.000818512538030827,0.529343428650389,0.529343428650389,-0.00574465305208982,-0.00118185960000586,-0.00118185960000586,-8.83498926443305e-05,-0.00212039742285326,0,0,0,0,-0.00212039742285326,-0.000370079164795918,1,0,0,0,0,1,914,0,0,0,0,0,0,-1.27764863282476e-05,0.00106428476101321,-0.00038285565112417,0,1,0,1
0.914,0.523598775598299,0.529681294733572,-0.0322785261018559,-6.30643691711351e-05,0.528771663367179,0.528771663367179,-0.00517288776887981,0.000265669055294772,0.000265669055294772,-0.000217158492591849,-0.00521180382070337,0,0,0,0,-0.00521180382070337,-0.000909631366392939,1,0,0,0,0,1,915,0,0,0,0,0,0,-1.31314598910137e-05,0.00250059390244899,-0.000922762826284007,0,1,0,1
0.915,0.523598775598299,0.529649102652399,-0.0320236229472455,0.000863252260021774,0.528692996359957,0.528692996359957,-0.00509422076165844,0.000370002067508653,0.000370002067508653,-0.000228253563910834,-0.00547808553228232,0,0,0,0,-0.00547808553228232,-0.000956106292441927,1,0,0,0,0,1,916,0,0,0,0,0,0,-1.36219898285717e-05,0.00259375837297572,-0.000969728282270488,0,1,0,1
0.916,0.523598775598299,0.529617379521659,-0.0313701118174653,0.00145726713233756,0.529133067904712,0.529133067904712,-0.00553429230641278,-0.000919888536280583,-0.000919888536280583,-0.000115620881784404,-0.00277490116202652,0,0,0,0,-0.00277490116202652,-0.000484311616947795,1,0,0,0,0,1,917,0,0,0,0,0,0,-1.37994392089835e-05,0.00129275001598569,-0.000498111056156825,0,1,0,1
0.917,0.523598775598299,0.529586402835516,-0.0305887946809114,0.00139596626320606,0.529836413178656,0.529836413178656,-0.00623763758035756,-0.0028992907524258,-0.0028992907524258,5.96855729195743e-05,0.00143245374965724,0,0,0,0,0.00143245374965724,0.000250010343140574,1,0,0,0,0,1,918,0,0,0,0,0,0,-1.33856291523182e-05,-0.000697719348399262,0.00023662471398822,0,1,0,1
0.918,0.523598775598299,0.529556128612752,-0.0300203451795807,0.000711585073143205,0.53040493962306,0.53040493962306,-0.00680616402476153,-0.0044897503637735,-0.0044897503637735,0.000202638702120489,0.0048633288494911,0,0,0,0,0.0048633288494911,0.000848811010308474,1,0,0,0,0,1,919,0,0,0,0,0,0,-1.24238583820713e-05,-0.00229919568638123,0.000836387151926354,0,1,0,1
0.919,0.523598775598299,0.529526214651931,-0.0298906274416149,-0.000225865913784398,0.53051371750304,0.53051371750304,-0.00691494190474151,-0.00482366046566028,-0.00482366046566028,0.000235748940174884,0.00565797456256771,0,0,0,0,0.00565797456256771,0.000987502851108924,1,0,0,0,0,1,920,0,0,0,0,0,0,-1.12556480671433e-05,-0.00264407227647423,0.000976247203041791,0,1,0,1
0.92,0.523598775598299,0.52949620545514,-0.0301882492288702,-0.000909170676129874,0.530087111640727,0.530087111640727,-0.00648833604242827,-0.00371455855021597,-0.00371455855021597,0.000141068460550186,0.00338564305222939,0,0,0,0,0.00338564305222939,0.000590906185586732,1,0,0,0,0,1,921,0,0,0,0,0,0,-1.03358180804092e-05,-0.00154588679380202,0.000580570367506361,0,1,0,1
0.921,0.523598775598299,0.529465778579664,-0.0306707232983588,-0.000968851293140653,0.529339779870639,0.529339779870639,-0.00574100427233992,-0.0017582006190634,-0.0017582006190634,-3.00799760554433e-05,-0.000721919425122728,0,0,0,0,-0.000721919425122728,-0.000125998709024963,1,0,0,0,0,1,922,0,0,0,0,0,0,-9.98613532310344e-06,0.000399604577208362,-0.000135984844348069,0,1,0,1
0.922,0.523598775598299,0.529434918879153,-0.0309958971342119,-0.000373448851858216,0.528660314481617,0.528660314481617,-0.00506153888331806,-9.62381208661524e-06,-9.62381208661524e-06,-0.000184923178266195,-0.0044381562771105,0,0,0,0,-0.0044381562771105,-0.000774604397536321,1,0,0,0,0,1,923,0,0,0,0,0,0,-1.02210725582141e-05,0.00213736451406477,-0.000784825470094508,0,1,0,1
0.923,0.523598775598299,0.529403926184262,-0.0309074078893101,0.000553423156336397,0.528400600284354,0.528400600284354,-0.00480182468605528,0.000588750131075772,0.000588750131075772,-0.000239526414822784,-0.00574863395409122,0,0,0,0,-0.00574863395409122,-0.00100332589990832,1,0,0,0,0,1,924,0,0,0,0,0,0,-1.07401277752439e-05,0.00272497109472147,-0.00101406602768361,0,1,0,1
0.924,0.523598775598299,0.529373252258985,-0.0303736343216045,0.00130849696188309,0.528685070448296,0.528685070448296,-0.00508629484999723,-0.00028203322951394,-0.00028203322951394,-0.000164291305422877,-0.00394299132901348,0,0,0,0,-0.00394299132901348,-0.000688181810688722,1,0,0,0,0,1,925,0,0,0,0,0,0,-1.10908678538912e-05,0.00184346969704141,-0.00069927267854264,0,1,0,1
0.925,0.523598775598299,0.529343255412212,-0.0296048250562457,0.00148165253603205,0.529343255412212,0.529343255412212,-0.00574447981391368,-0.00214456755542055,-0.00214456755542055,9.70276797771378e-18,2.32866431398065e-16,0,0,0,0,2.32866431398065e-16,4.06428594526574e-17,1,0,0,0,0,1,926,0,0,0,0,0,0,-1.09143170046178e-05,-2.97335225267203e-05,-1.09143170046178e-05,0,1,0,1
0.926,0.523598775598299,0.529314005780071,-0.0289391185793029,0.000978227692438791,0.530002187590759,0.530002187590759,-0.00640341199246064,-0.00398386978438305,-0.00398386978438305,0.000164291305422893,0.00394299132901385,0,0,0,0,0.00394299132901385,0.000688181810688787,1,0,0,0,0,1,927,0,0,0,0,0,0,-1.01396744354165e-05,-0.00187965568348986,0.000678042136253332,0,1,0,1
0.927,0.523598775598299,0.529285246827845,-0.0286592392761912,7.03302484307614e-05,0.530288572727754,0.530288572727754,-0.00668979712945494,-0.00479756452186899,-0.00479756452186899,0.000239526414822786,0.00574863395409125,0,0,0,0,0.00574863395409125,0.00100332589990833,1,0,0,0,0,1,928,0,0,0,0,0,0,-9.02281242420866e-06,-0.00270392157285891,0.000994303087484161,0,1,0,1
0.928,0.523598775598299,0.529256533939503,-0.028839231760912,-0.000750662164099804,0.530031138337039,0.530031138337039,-0.00643236273874026,-0.00413923430683136,-0.00413923430683136,0.000184923178266182,0.00443815627711018,0,0,0,0,0.00443815627711018,0.000774604397536264,1,0,0,0,0,1,929,0,0,0,0,0,0,-8.00768679931618e-06,-0.00205611391090095,0.000766596710736978,0,1,0,1
0.929,0.523598775598299,0.529227474970215,-0.0293043131033439,-0.00104046027986679,0.52935347367924,0.52935347367924,-0.00575469808094109,-0.00236040581388462,-0.00236040581388462,3.00799760554224e-05,0.000721919425122225,0,0,0,0,0.000721919425122225,0.000125998709024875,1,0,0,0,0,1,930,0,0,0,0,0,0,-7.48578441400749e-06,-0.000287759553309376,0.000118512924610847,0,1,0,1
0.93,0.523598775598299,0.529197942366963,-0.0297256055630241,-0.000642696525711091,0.528607036181377,0.528607036181377,-0.00500826058307791,-0.000420000285737777,-0.000420000285737777,-0.000141068460550203,-0.0033856430522298,0,0,0,0,-0.0033856430522298,-0.000590906185586804,1,0,0,0,0,1,931,0,0,0,0,0,0,-7.58400254330382e-06,0.00164222007636832,-0.000598490188130074,0,1,0,1
0.931,0.523598775598299,0.529168141874179,-0.0297983987398134,0.0002263132838636,0.528180639023071,0.528180639023071,-0.00458186342477174,0.000635461983520807,0.000635461983520807,-0.000235748940174887,-0.0056579745625678,0,0,0,0,-0.0056579745625678,-0.000987502851108941,1,0,0,0,0,1,932,0,0,0,0,0,0,-8.09594324269192e-06,0.00268730450345058,-0.000995598794351626,0,1,0,1
0.932,0.523598775598299,0.529138500581296,-0.0294073118664252,0.00109482603922969,0.528289689570987,0.528289689570987,-0.00469091397268862,0.000239141330633935,0.000239141330633935,-0.000202638702120478,-0.00486332884949083,0,0,0,0,-0.00486332884949083,-0.000848811010308427,1,0,0,0,0,1,933,0,0,0,0,0,0,-8.59386579665777e-06,0.00228065388433769,-0.000857404876105083,0,1,0,1
0.933,0.523598775598299,0.529109434997107,-0.028688827912495,0.00149138505751136,0.528859424653966,0.528859424653966,-0.00526064905566748,-0.00138885860989737,-0.00138885860989737,-5.96855729195538e-05,-0.00143245374965675,0,0,0,0,-0.00143245374965675,-0.000250010343140488,1,0,0,0,0,1,934,0,0,0,0,0,0,-8.66061235815785e-06,0.000642371673443415,-0.000258670955498697,0,1,0,1
0.934,0.523598775598299,0.529081124868835,-0.0279573020870897,0.00120037855236246,0.529565436485782,0.529565436485782,-0.00596666088748365,-0.00336080089788813,-0.00336080089788813,0.000115620881784422,0.00277490116202697,0,0,0,0,0.00277490116202697,0.000484311616947872,1,0,0,0,0,1,935,0,0,0,0,0,0,-8.11578888171294e-06,-0.00133980536887403,0.000476195828066128,0,1,0,1
0.935,0.523598775598299,0.529053415349817,-0.0275345527686123,0.000378914126541373,0.530009521642259,0.530009521642259,-0.0064107460439603,-0.00460252443574545,-0.00460252443574545,0.00022825356391084,0.00547808553228248,0,0,0,0,0.00547808553228248,0.000956106292441954,1,0,0,0,0,1,936,0,0,0,0,0,0,-7.11359743532647e-06,-0.00259171632458252,0.00094899269500659,0,1,0,1
0.936,0.523598775598299,0.529025900546729,-0.0275754072648561,-0.000528344020478246,0.529935531913122,0.529935531913122,-0.00633675631482356,-0.00443570672009797,-0.00443570672009797,0.000217158492591839,0.00521180382070313,0,0,0,0,0.00521180382070313,0.000909631366392899,1,0,0,0,0,1,937,0,0,0,0,0,0,-6.05928897823294e-06,-0.00243503886960164,0.000903572077414649,0,1,0,1
0.937,0.523598775598299,0.528998143158168,-0.0279837675415727,-0.0010302115923565,0.529368222322963,0.529368222322963,-0.00576944672466462,-0.00294555725030967,-0.00294555725030967,8.83498926443109e-05,0.00212039742285279,0,0,0,0,0.00212039742285279,0.000370079164795836,1,0,0,0,0,1,938,0,0,0,0,0,0,-5.38952477580068e-06,-0.000954982682312132,0.000364689640020011,0,1,0,1
0.938,0.523598775598299,0.528969911146377,-0.0284646935550589,-0.000855237495970219,0.528599831981581,0.528599831981581,-0.0050010563832823,-0.000934628694609266,-0.000934628694609266,-8.83498926443335e-05,-0.00212039742285333,0,0,0,0,-0.00212039742285333,-0.000370079164795931,1,0,0,0,0,1,939,0,0,0,0,0,0,-5.33570467109445e-06,0.00104589939032071,-0.000375414869467017,0,1,0,1
0.939,0.523598775598299,0.528941303150875,-0.0286842717482255,-9.88479465908128e-05,0.528031671784482,0.528031671784482,-0.00443289618618303,0.000512216940941381,0.000512216940941381,-0.000217158492591851,-0.00521180382070342,0,0,0,0,-0.00521180382070342,-0.000909631366392948,1,0,0,0,0,1,940,0,0,0,0,0,0,-5.79855346116709e-06,0.0024827451637821,-0.00091542991985416,0,1,0,1
0.94,0.523598775598299,0.5289126946616,-0.028450609947816,0.00082837995978055,0.527956588369158,0.527956588369158,-0.00435781277085912,0.000615871508772787,0.000615871508772787,-0.000228253563910833,-0.0054780855322823,0,0,0,0,-0.0054780855322823,-0.000956106292441922,1,0,0,0,0,1,941,0,0,0,0,0,0,-6.40194774614855e-06,0.00257644631233817,-0.000962508240188065,0,1,0,1
0.941,0.523598775598299,0.528884534128813,-0.0278178480652683,0.00142327623785317,0.528400222511865,0.528400222511865,-0.00480144691356632,-0.000674693868301804,-0.000674693868301804,-0.000115620881784401,-0.00277490116202646,0,0,0,0,-0.00277490116202646,-0.000484311616947783,1,0,0,0,0,1,942,0,0,0,0,0,0,-6.69680602749523e-06,0.00127597378092985,-0.000491008422975225,0,1,0,1
0.942,0.523598775598299,0.528857099530672,-0.0270568042683739,0.00136282717273925,0.529107109873812,0.529107109873812,-0.00550833427551323,-0.00265476804098609,-0.00265476804098609,5.9685572919579e-05,0.00143245374965735,0,0,0,0,0.00143245374965735,0.000250010343140594,1,0,0,0,0,1,943,0,0,0,0,0,0,-6.40452113276346e-06,-0.000713961458720437,0.000243605822007775,0,1,0,1
0.943,0.523598775598299,0.528830347353835,-0.0265081682335636,0.000679268489893433,0.529679158364143,0.529679158364143,-0.00608038276584444,-0.00424589759784027,-0.00424589759784027,0.000202638702120491,0.00486332884949114,0,0,0,0,0.00486332884949114,0.000848811010308481,1,0,0,0,0,1,944,0,0,0,0,0,0,-5.5679796088226e-06,-0.00231490617244656,0.000843243030699714,0,1,0,1
0.944,0.523598775598299,0.528803935848798,-0.026397819940439,-0.000257388948854102,0.529791438699907,0.529791438699907,-0.00619266310160804,-0.00458047639256706,-0.00458047639256706,0.000235748940174883,0.00565797456256769,0,0,0,0,0.00565797456256769,0.000987502851108922,1,0,0,0,0,1,945,0,0,0,0,0,0,-4.52830638586477e-06,-0.00265925439091917,0.00098297454472307,0,1,0,1
0.945,0.523598775598299,0.528777409953826,-0.0267143828026172,-0.000939928753822365,0.529368316139412,0.529368316139412,-0.00576954054111356,-0.00347204262961787,-0.00347204262961787,0.000141068460550182,0.00338564305222929,0,0,0,0,0.00338564305222929,0.000590906185586715,1,0,0,0,0,1,946,0,0,0,0,0,0,-3.7399408434613e-06,-0.00156054449524744,0.000587166244743309,0,1,0,1
0.946,0.523598775598299,0.528750447646836,-0.0272153850136937,-0.000998872607832718,0.528624448937811,0.528624448937811,-0.00502567333951198,-0.00151635297819874,-0.00151635297819874,-3.00799760554466e-05,-0.000721919425122805,0,0,0,0,-0.000721919425122805,-0.000125998709024976,1,0,0,0,0,1,947,0,0,0,0,0,0,-3.5242849240058e-06,0.000385466669017604,-0.000129522993948972,0,1,0,1
0.947,0.523598775598299,0.52872303418679,-0.0275586892649322,-0.000402761175510285,0.527948429789254,0.527948429789254,-0.00434965419095501,0.000231554797646168,0.000231554797646168,-0.000184923178266197,-0.00443815627711055,0,0,0,0,-0.00443815627711055,-0.00077460439753633,1,0,0,0,0,1,948,0,0,0,0,0,0,-3.89546174139888e-06,0.00212374116180492,-0.000778499859277693,0,1,0,1
0.948,0.523598775598299,0.528695469794565,-0.0274879476737842,0.000524792498043627,0.527692143894657,0.527692143894657,-0.00409336829635809,0.000829258376227337,0.000829258376227337,-0.000239526414822784,-0.00574863395409122,0,0,0,0,-0.00574863395409122,-0.00100332589990832,1,0,0,0,0,1,949,0,0,0,0,0,0,-4.55263470788836e-06,0.00271185648571934,-0.00100787853461626,0,1,0,1
0.949,0.523598775598299,0.52866820660954,-0.0269715537082226,0.00128052111136085,0.527980024798851,0.527980024798851,-0.00438124920055216,-4.21972236528279e-05,-4.21972236528279e-05,-0.000164291305422875,-0.00394299132901342,0,0,0,0,-0.00394299132901342,-0.000688181810688712,1,0,0,0,0,1,950,0,0,0,0,0,0,-5.04305094506385e-06,0.00183085748418222,-0.000693224861633812,0,1,0,1
0.95,0.523598775598299,0.528641603301413,-0.0262197704379648,0.00145430512361794,0.528641603301413,0.528641603301413,-0.00504282770311371,-0.00190540616533812,-0.00190540616533812,1.2937023970285e-17,3.1048857519742e-16,0,0,0,0,3.1048857519742e-16,5.41904792702099e-17,1,0,0,0,0,1,951,0,0,0,0,0,0,-5.00742946396571e-06,-4.18501812012705e-05,-5.00742946396571e-06,0,1,0,1
0.951,0.523598775598299,0.528615730352808,-0.0255707505183277,0.000951482854328461,0.529303912163496,0.529303912163496,-0.00570513656519767,-0.00374538585017507,-0.00374538585017507,0.000164291305422896,0.00394299132901393,0,0,0,0,0.00394299132901393,0.000688181810688802,1,0,0,0,0,1,952,0,0,0,0,0,0,-4.37467855807228e-06,-0.00189128408649652,0.000683807132130676,0,1,0,1
0.952,0.523598775598299,0.528590331561483,-0.0253072322197925,4.41626427793156e-05,0.529593657461391,0.529593657461391,-0.00599488186309216,-0.00455976131037028,-0.00455976131037028,0.000239526414822786,0.00574863395409126,0,0,0,0,0.00574863395409126,0.00100332589990833,1,0,0,0,0,1,953,0,0,0,0,0,0,-3.40039359314481e-06,-0.00271506943829313,0.000999925506315225,0,1,0,1
0.953,0.523598775598299,0.528564962630135,-0.0255032737493448,-0.000776277342834805,0.529339567027671,0.529339567027671,-0.00574079142937234,-0.0039021154760403,-0.0039021154760403,0.000184923178266181,0.00443815627711015,0,0,0,0,0.00443815627711015,0.00077460439753626,1,0,0,0,0,1,954,0,0,0,0,0,0,-2.52826719804311e-06,-0.00206678934075064,0.000772076130338251,0,1,0,1
0.954,0.523598775598299,0.528539231719224,-0.0259841054707888,-0.0010655472882692,0.528665230428249,0.528665230428249,-0.0050664548299505,-0.0021239753786728,-0.0021239753786728,3.00799760554175e-05,0.000721919425122107,0,0,0,0,0.000721919425122107,0.000125998709024854,1,0,0,0,0,1,955,0,0,0,0,0,0,-2.14953644084304e-06,-0.00029797099905602,0.000123849172584012,0,1,0,1
0.955,0.523598775598299,0.528513011567878,-0.0264208626324375,-0.000667279060367195,0.527922105382291,0.527922105382291,-0.00432332978399252,-0.00018426258482968,-0.00018426258482968,-0.000141068460550205,-0.00338564305222986,0,0,0,0,-0.00338564305222986,-0.000590906185586815,1,0,0,0,0,1,956,0,0,0,0,0,0,-2.39086192166393e-06,0.00163246384687558,-0.000593297047508434,0,1,0,1
0.956,0.523598775598299,0.528486508199839,-0.0265088475125328,0.000202212095856836,0.52749900534873,0.52749900534873,-0.00390022975043147,0.000870502319305999,0.000870502319305999,-0.000235748940174888,-0.00565797456256781,0,0,0,0,-0.00565797456256781,-0.000987502851108942,1,0,0,0,0,1,957,0,0,0,0,0,0,-3.04562182062984e-06,0.00267799443785781,-0.000990548472929564,0,1,0,1
0.957,0.523598775598299,0.528460148971331,-0.0261326917073417,0.00107118364827592,0.527611337961023,0.527611337961023,-0.00401256236272374,0.000473479408898378,0.000473479408898378,-0.000202638702120475,-0.00486332884949076,0,0,0,0,-0.00486332884949076,-0.000848811010308416,1,0,0,0,0,1,958,0,0,0,0,0,0,-3.68586403243221e-06,0.00227178067640499,-0.000852496874340858,0,1,0,1
0.958,0.523598775598299,0.528434350645734,-0.0254288902315648,0.00146817949811348,0.528184340302593,0.528184340302593,-0.00458556470429428,-0.0011552279138444,-0.0011552279138444,-5.96855729195507e-05,-0.00143245374965667,0,0,0,0,-0.00143245374965667,-0.000250010343140475,1,0,0,0,0,1,959,0,0,0,0,0,0,-3.89423148661194e-06,0.000633925792431928,-0.00025390457462704,0,1,0,1
0.959,0.523598775598299,0.52840929321297,-0.0247118100179245,0.00117758844837349,0.528893604829918,0.528893604829918,-0.0052948292316195,-0.0031278829129545,-0.0031278829129545,0.000115620881784424,0.002774901162027,0,0,0,0,0.002774901162027,0.000484311616947878,1,0,0,0,0,1,960,0,0,0,0,0,0,-3.49014275857762e-06,-0.001347833650027,0.000480821474189264,0,1,0,1
0.96,0.523598775598299,0.528384822057519,-0.02430328084485,0.00035651869513234,0.529340928349961,0.529340928349961,-0.00574215275166234,-0.00437032466817666,-0.00437032466817666,0.000228253563910836,0.00547808553228236,0,0,0,0,0.00547808553228236,0.000956106292441934,1,0,0,0,0,1,961,0,0,0,0,0,0,-2.62762405633943e-06,-0.002599336902288,0.000953478668385577,0,1,0,1
0.961,0.523598775598299,0.528360531505956,-0.0243581410949808,-0.000550364966071419,0.529270162872349,0.529270162872349,-0.00567138727405037,-0.00420423082776786,-0.00420423082776786,0.000217158492591847,0.00521180382070333,0,0,0,0,0.00521180382070333,0.000909631366392933,1,0,0,0,0,1,962,0,0,0,0,0,0,-1.71176167296228e-06,-0.00244226178381328,0.00090791960471992,0,1,0,1
0.962,0.523598775598299,0.528335984465868,-0.0247803034828196,-0.00105187764124404,0.528706063630664,0.528706063630664,-0.00510728803236504,-0.00271481101816911,-0.00271481101816911,8.83498926443253e-05,0.00212039742285313,0,0,0,0,0.00212039742285313,0.000370079164795896,1,0,0,0,0,1,963,0,0,0,0,0,0,-1.17906307284255e-06,-0.000961818091880551,0.00036890010172308,0,1,0,1
0.963,0.523598775598299,0.528310949097904,-0.0252748383870048,-0.00087656763911889,0.527940869933108,0.527940869933108,-0.00434209433480925,-0.000704618011264221,-0.000704618011264221,-8.83498926443191e-05,-0.00212039742285298,0,0,0,0,-0.00212039742285298,-0.00037007916479587,1,0,0,0,0,1,964,0,0,0,0,0,0,-1.26078483531078e-06,0.00103944123116152,-0.000371339949631233,0,1,0,1
0.964,0.523598775598299,0.528285524229727,-0.0255078423466355,-0.000119860577373421,0.527375892863334,0.527375892863334,-0.00377711726503493,0.000741486105537056,0.000741486105537056,-0.000217158492591843,-0.00521180382070322,0,0,0,0,-0.00521180382070322,-0.000909631366392914,1,0,0,0,0,1,965,0,0,0,0,0,0,-1.85751870296347e-06,0.00247665392781302,-0.000911488885095846,0,1,0,1
0.965,0.523598775598299,0.528260085529487,-0.0252874329592847,0.000807667044052509,0.527303979237045,0.527303979237045,-0.00370520363874594,0.0008443931245391,0.0008443931245391,-0.000228253563910838,-0.00547808553228241,0,0,0,0,-0.00547808553228241,-0.000956106292441943,1,0,0,0,0,1,966,0,0,0,0,0,0,-2.59301810234813e-06,0.00257071162066545,-0.000958699310544264,0,1,0,1
0.966,0.523598775598299,0.528235081616048,-0.0246677595831632,0.00140284583347088,0.5277507699991,0.5277507699991,-0.00415199440080094,-0.000446925871416287,-0.000446925871416287,-0.000115620881784415,-0.00277490116202678,0,0,0,0,-0.00277490116202678,-0.00048431161694784,1,0,0,0,0,1,967,0,0,0,0,0,0,-3.01808791647318e-06,0.00127058522322661,-0.000487329704864314,0,1,0,1
0.967,0.523598775598299,0.528210790626885,-0.0239196495105595,0.00134266266626573,0.528460800970025,0.528460800970025,-0.00486202537172664,-0.00242775975389318,-0.00242775975389318,5.96855729195607e-05,0.00143245374965691,0,0,0,0,0.00143245374965691,0.000250010343140517,1,0,0,0,0,1,968,0,0,0,0,0,0,-2.85401658350892e-06,-0.000719014305017184,0.00024715632655703,0,1,0,1
0.968,0.523598775598299,0.528187169199011,-0.0233838012223549,0.000659353854012872,0.52903598020932,0.52903598020932,-0.00543720461102071,-0.0040196551142149,-0.0040196551142149,0.000202638702120482,0.00486332884949094,0,0,0,0,0.00486332884949094,0.000848811010308446,1,0,0,0,0,1,969,0,0,0,0,0,0,-2.14359516781393e-06,-0.00231963372395417,0.000846667415140612,0,1,0,1
0.969,0.523598775598299,0.528163875724629,-0.0232861031852061,-0.000277069160253837,0.529151378575738,0.529151378575738,-0.0055526029774392,-0.00435500579174647,-0.00435500579174647,0.000235748940174886,0.00565797456256776,0,0,0,0,0.00565797456256776,0.000987502851108934,1,0,0,0,0,1,970,0,0,0,0,0,0,-1.22786170320133e-06,-0.00266366704112719,0.000986274989405733,0,1,0,1
0.97,0.523598775598299,0.528140455275382,-0.023615186985434,-0.000959389411285446,0.528731361460969,0.528731361460969,-0.00513258586266974,-0.00324734996046722,-0.00324734996046722,0.000141068460550197,0.00338564305222966,0,0,0,0,0.00338564305222966,0.00059090618558678,1,0,0,0,0,1,971,0,0,0,0,0,0,-5.61176941138442e-07,-0.00156465259830125,0.000590345008645632,0,1,0,1
0.971,0.523598775598299,0.528116585954548,-0.0241285886783986,-0.00101812801264005,0.527990587245524,0.527990587245524,-0.00439181164722469,-0.00129244424392111,-0.00129244424392111,-3.00799760554312e-05,-0.000721919425122435,0,0,0,0,-0.000721919425122435,-0.000125998709024912,1,0,0,0,0,1,972,0,0,0,0,0,0,-4.64872149774642e-07,0.000381652813585135,-0.000126463581174741,0,1,0,1
0.972,0.523598775598299,0.528092253138744,-0.0244841785099416,-0.000421825066606764,0.527317648741208,0.527317648741208,-0.00371887314290931,0.000454673653782591,0.000454673653782591,-0.000184923178266188,-0.00443815627711031,0,0,0,0,-0.00443815627711031,-0.000774604397536288,1,0,0,0,0,1,973,0,0,0,0,0,0,-9.53007412207718e-07,0.00212021132342508,-0.000775557404948501,0,1,0,1
0.973,0.523598775598299,0.528067757159097,-0.0244256158489757,0.000505906936545114,0.527064431259189,0.527064431259189,-0.00346565566088974,0.00105158148427058,0.00105158148427058,-0.000239526414822785,-0.00574863395409124,0,0,0,0,-0.00574863395409124,-0.00100332589990833,1,0,0,0,0,1,974,0,0,0,0,0,0,-1.72469044601442e-06,0.00270860051624415,-0.00100505059035438,0,1,0,1
0.974,0.523598775598299,0.528043550258134,-0.0239213011161811,0.00126180124214275,0.527355368447445,0.527355368447445,-0.00375659284914598,0.000179324352175724,0.000179324352175724,-0.000164291305422886,-0.00394299132901369,0,0,0,0,-0.00394299132901369,-0.000688181810688759,1,0,0,0,0,1,975,0,0,0,0,0,0,-2.32711971248634e-06,0.00182786533047532,-0.000690508930401235,0,1,0,1
0.975,0.523598775598299,0.528019991201897,-0.0231815040398594,0.00143573884763097,0.528019991201897,0.528019991201897,-0.00442121560359832,-0.00168469180834157,-0.00168469180834157,-2.58704826121033e-18,-6.20891582511664e-17,0,0,0,0,-6.20891582511664e-17,-1.08366024127466e-17,1,0,0,0,0,1,976,0,0,0,0,0,0,-2.40097229708969e-06,-4.45884655199437e-05,-2.40097229708969e-06,0,1,0,1
0.976,0.523598775598299,0.527997150562842,-0.0225443836446681,0.00093305860181516,0.528685332373531,0.528685332373531,-0.00508655677523207,-0.00352548429026491,-0.00352548429026491,0.000164291305422883,0.0039429913290136,0,0,0,0,0.0039429913290136,0.000688181810688744,1,0,0,0,0,1,977,0,0,0,0,0,0,-1.87512101046394e-06,-0.00189377833011886,0.000686306689678284,0,1,0,1
0.977,0.523598775598299,0.527974772222329,-0.0222926842862885,2.5869363887814e-05,0.528978098122238,0.528978098122238,-0.0053793225239388,-0.00434067800736779,-0.00434067800736779,0.000239526414822785,0.00574863395409124,0,0,0,0,0.00574863395409124,0.00100332589990833,1,0,0,0,0,1,978,0,0,0,0,0,0,-1.00513188983076e-06,-0.0027173293420818,0.00100232076801854,0,1,0,1
0.978,0.523598775598299,0.527952411960714,-0.0225004699780738,-0.000794450187808605,0.528727016358251,0.528727016358251,-0.00512824075995189,-0.0036838557620273,-0.0036838557620273,0.000184923178266191,0.00443815627711039,0,0,0,0,0.00443815627711039,0.000774604397536302,1,0,0,0,0,1,979,0,0,0,0,0,0,-2.34674106258659e-07,-0.0020688244683642,0.000774369723430035,0,1,0,1
0.979,0.523598775598299,0.527929678010446,-0.022992976616857,-0.0010836097389745,0.528055676719471,0.528055676719471,-0.00445690112117236,-0.00190654444942205,-0.00190654444942205,3.00799760554363e-05,0.000721919425122558,0,0,0,0,0.000721919425122558,0.000125998709024933,1,0,0,0,0,1,980,0,0,0,0,0,0,4.50331365531298e-08,-0.000299790768312574,0.000126043742161519,0,1,0,1
0.98,0.523598775598299,0.527906443177242,-0.0234413447162969,-0.000685240666790684,0.527315536991655,0.527315536991655,-0.00371676139335642,3.2334508051117e-05,3.2334508051117e-05,-0.000141068460550193,-0.00338564305222956,0,0,0,0,-0.00338564305222956,-0.000590906185586762,1,0,0,0,0,1,981,0,0,0,0,0,0,-2.92658218437047e-07,0.00163085017192223,-0.000591198843805207,0,1,0,1
0.981,0.523598775598299,0.527882913546301,-0.0235408815581037,0.000184342262732364,0.526895410695192,0.526895410695192,-0.00329663509689326,0.00108626067554449,0.00108626067554449,-0.000235748940174885,-0.00565797456256774,0,0,0,0,-0.00565797456256774,-0.00098750285110893,1,0,0,0,0,1,982,0,0,0,0,0,0,-1.04111886367608e-06,0.00267657775415179,-0.000988543969972611,0,1,0,1
0.982,0.523598775598299,0.527859516530428,-0.023176223486067,0.00105339698557975,0.52701070552012,0.52701070552012,-0.00341192992182071,0.000688394286064811,0.000688394286064811,-0.000202638702120485,-0.00486332884949101,0,0,0,0,-0.00486332884949101,-0.000848811010308458,1,0,0,0,0,1,983,0,0,0,0,0,0,-1.77239400078744e-06,0.00227055204846053,-0.000850583404309213,0,1,0,1
0.983,0.523598775598299,0.527836668944962,-0.0224838700125093,0.00145046785999252,0.527586658601822,0.527586658601822,-0.00398788300352271,-0.000941161094465362,-0.000941161094465362,-5.96855729195657e-05,-0.00143245374965703,0,0,0,0,-0.00143245374965703,-0.000250010343140538,1,0,0,0,0,1,984,0,0,0,0,0,0,-2.06912840650109e-06,0.000632876458266013,-0.00025207947154704,0,1,0,1
0.984,0.523598775598299,0.527814550827411,-0.0217781923240136,0.00115994413472552,0.528298862444359,0.528298862444359,-0.00470008684606005,-0.00291466856110705,-0.00291466856110705,0.00011562088178441,0.00277490116202667,0,0,0,0,0.00277490116202667,0.000484311616947821,1,0,0,0,0,1,985,0,0,0,0,0,0,-1.75074679542586e-06,-0.00134871227357695,0.000482560870152415,0,1,0,1
0.985,0.523598775598299,0.527793007605702,-0.021381024215329,0.000338934440194476,0.528749113898143,0.528749113898143,-0.00515033829984468,-0.00415796701996148,-0.00415796701996148,0.000228253563910836,0.00547808553228238,0,0,0,0,0.00547808553228238,0.000956106292441936,1,0,0,0,0,1,986,0,0,0,0,0,0,-9.71285565531943e-07,-0.0026000532148309,0.000955135006876384,0,1,0,1
0.986,0.523598775598299,0.52777163364596,-0.0214472078541585,-0.000567896005250577,0.528681265012352,0.528681265012352,-0.00508248941405365,-0.0039927339415378,-0.0039927339415378,0.000217158492591845,0.00521180382070328,0,0,0,0,0.00521180382070328,0.000909631366392924,1,0,0,0,0,1,987,0,0,0,0,0,0,-1.35845013571334e-07,-0.00244282399724304,0.000909495521379311,0,1,0,1
0.987,0.523598775598299,0.527749991891648,-0.0218806595151476,-0.0010693618964242,0.528120071056444,0.528120071056444,-0.00452129545814517,-0.00250417877096207,-0.00250417877096207,8.83498926443239e-05,0.0021203974228531,0,0,0,0,0.0021203974228531,0.00037007916479589,1,0,0,0,0,1,988,0,0,0,0,0,0,3.19049806796201e-07,-0.000962234226751771,0.000370398214602718,0,1,0,1
0.988,0.523598775598299,0.527727850535844,-0.0223864529185301,-0.00089401114255383,0.527357771371048,0.527357771371048,-0.0037589957727493,-0.000494854095757233,-0.000494854095757233,-8.83498926443205e-05,-0.00212039742285302,0,0,0,0,-0.00212039742285302,-0.000370079164795876,1,0,0,0,0,1,989,0,0,0,0,0,0,1.62121365887558e-07,0.00103916334873504,-0.000369917043430035,0,1,0,1
0.989,0.523598775598299,0.527705308435402,-0.022630687732851,-0.000137268973540856,0.526795677069009,0.526795677069009,-0.00319690147070983,0.00095037818358216,0.00095037818358216,-0.000217158492591845,-0.00521180382070327,0,0,0,0,-0.00521180382070327,-0.000909631366392923,1,0,0,0,0,1,990,0,0,0,0,0,0,-5.07246174952236e-07,0.00247650666876737,-0.000910138612567835,0,1,0,1
0.99,0.523598775598299,0.527682741284637,-0.0224214844793893,0.000790288486700417,0.526726634992195,0.526726634992195,-0.00312785939389626,0.0010524100483576,0.0010524100483576,-0.000228253563910837,-0.0054780855322824,0,0,0,0,-0.0054780855322824,-0.000956106292441941,1,0,0,0,0,1,991,0,0,0,0,0,0,-1.31283327331477e-06,0.00257068755512101,-0.000957419125715231,0,1,0,1
0.991,0.523598775598299,0.527660597725756,-0.0218129952407334,0.00138549221075711,0.527176286108809,0.527176286108809,-0.00357751051050981,-0.00023978722796182,-0.00023978722796182,-0.000115620881784413,-0.00277490116202675,0,0,0,0,-0.00277490116202675,-0.000484311616947834,1,0,0,0,0,1,992,0,0,0,0,0,0,-1.80547457462321e-06,0.00127067712217165,-0.000486117091522464,0,1,0,1
0.992,0.523598775598299,0.52763915591695,-0.0210760498406223,0.00132532942655733,0.527889166260091,0.527889166260091,-0.00429039066179193,-0.00222150232510888,-0.00222150232510888,5.96855729195655e-05,0.00143245374965703,0,0,0,0,0.00143245374965703,0.000250010343140537,1,0,0,0,0,1,993,0,0,0,0,0,0,-1.70649081299157e-06,-0.000718813468473939,0.000248303852327547,0,1,0,1
0.993,0.523598775598299,0.527618372513508,-0.0205513491048411,0.000642036786528933,0.528467183523816,0.528467183523816,-0.00486840792551757,-0.00381428164178039,-0.00381428164178039,0.000202638702120483,0.00486332884949096,0,0,0,0,0.00486332884949096,0.00084881101030845,1,0,0,0,0,1,994,0,0,0,0,0,0,-1.05870769218086e-06,-0.00231933077373709,0.000847752302616245,0,1,0,1
0.994,0.523598775598299,0.527597905923656,-0.0204647836647546,-0.000294373937078137,0.528585408774765,0.528585408774765,-0.00498663317646586,-0.0041505188243061,-0.0041505188243061,0.000235748940174885,0.00565797456256774,0,0,0,0,0.00565797456256774,0.00098750285110893,1,0,0,0,0,1,995,0,0,0,0,0,0,-2.03200043791263e-07,-0.00266326859773649,0.000987299651065143,0,1,0,1
0.995,0.523598775598299,0.527577301232982,-0.0208049870975084,-0.000976685461362033,0.528168207418569,0.528168207418569,-0.00456943182027003,-0.00304375185358679,-0.00304375185358679,0.000141068460550193,0.00338564305222957,0,0,0,0,0.00338564305222957,0.000590906185586763,1,0,0,0,0,1,996,0,0,0,0,0,0,4.056326028401e-07,-0.00156416507872359,0.00059131181818961,0,1,0,1
0.996,0.523598775598299,0.527556236556806,-0.0213294972816673,-0.00103541859370241,0.527430237847781,0.527430237847781,-0.00383146224948194,-0.00108973716039282,-0.00108973716039282,-3.00799760554327e-05,-0.000721919425122471,0,0,0,0,-0.000721919425122471,-0.000125998709024918,1,0,0,0,0,1,997,0,0,0,0,0,0,4.46418393362791e-07,0.000382223195618701,-0.000125552290631603,0,1,0,1
0.997,0.523598775598299,0.527534697282039,-0.0216961861248668,-0.000439113141581664,0.526760092884503,0.526760092884503,-0.00316131728620384,0.00065648774331024,0.00065648774331024,-0.000184923178266191,-0.00443815627711039,0,0,0,0,-0.00443815627711039,-0.000774604397536301,1,0,0,0,0,1,998,0,0,0,0,0,0,-9.4944984541101e-08,0.00212085855685348,-0.000774699342520835,0,1,0,1
0.998,0.523598775598299,0.527512983748523,-0.021648714502548,0.000488618688283176,0.526509657848614,0.526509657848614,-0.00291088225031555,0.00125250080035195,0.00125250080035195,-0.000239526414822785,-0.00574863395409124,0,0,0,0,-0.00574863395409124,-0.00100332589990833,1,0,0,0,0,1,999,0,0,0,0,0,0,-9.17608960926408e-07,0.00270931879178006,-0.0010042435088693,0,1,0,1
0.999,0.523598775598299,0.527491548206067,-0.0211554841927292,0.0012445104136461,0.526803366395378,0.526803366395378,-0.00320459079707947,0.00037934730533754,0.00037934730533754,-0.000164291305422885,-0.00394299132901367,0,0,0,0,-0.00394299132901367,-0.000688181810688755,1,0,0,0,0,1,1000,0,0,0,0,0,0,-1.56881703905487e-06,0.0018286490394163,-0.000689750627727803,0,1,0,1
1,0.523598775598299,0.527470749426711,-0.0204267661378588,0.00141844329339451,0.527470749426711,0.527470749426711,-0.00387197382841242,-0.00148556661910126,-0.00148556661910126,2.35251029718517e-18,5.64602471161835e-17,0,0,0,0,5.64602471161835e-17,9.85417208667035e-18,1,0,0,0,0,1,1001,0,0,0,0,0,0,-1.68929253019368e-06,-4.37447327496492e-05,-1.68929253019368e-06,0,1,0,1
1.001,0.523598775598299,0.527450657987762,-0.0198007204394658,0.000915756426944873,0.528138839798451,0.528138839798451,-0.00454006420015218,-0.00332725807923714,-0.00332725807923714,0.000164291305422901,0.00394299132901405,0,0,0,0,0.00394299132901405,0.000688181810688821,1,0,0,0,0,1,1002,0,0,0,0,0,0,-1.2079555113953e-06,-0.00189287978568846,0.000686973855177464,0,1,0,1
1.002,0.523598775598299,0.527431017774421,-0.019560092398656,8.55891343053768e-06,0.52843434367433,0.52843434367433,-0.00483556807603081,-0.0041433518041255,-0.0041433518041255,0.000239526414822785,0.00574863395409124,0,0,0,0,0.00574863395409124,0.00100332589990833,1,0,0,0,0,1,1003,0,0,0,0,0,0,-3.8042019290252e-07,-0.00271638100270844,0.00100294547971547,0,1,0,1
1.003,0.523598775598299,0.527411384570004,-0.0197789468484951,-0.000811770339362574,0.52818598896754,0.52818598896754,-0.00458721336924151,-0.00348743041364786,-0.00348743041364786,0.000184923178266177,0.00443815627711005,0,0,0,0,0.00443815627711005,0.000774604397536243,1,0,0,0,0,1,1004,0,0,0,0,0,0,3.49595305038086e-07,-0.00206783115749599,0.000774953992841332,0,1,0,1
1.004,0.523598775598299,0.527391366609159,-0.0202825203854532,-0.00110094079801043,0.527517365318184,0.527517365318184,-0.00391858971988512,-0.00171102062290993,-0.00171102062290993,3.00799760554314e-05,0.000721919425122441,0,0,0,0,0.000721919425122441,0.000125998709024913,1,0,0,0,0,1,1005,0,0,0,0,0,0,5.90822176294026e-07,-0.000298757118513604,0.00012658953120126,0,1,0,1
1.005,0.523598775598299,0.527370836699161,-0.0207419541082869,-0.000702583630699769,0.526779930513574,0.526779930513574,-0.0031811549152756,0.000226956323148536,0.000226956323148536,-0.000141068460550211,-0.00338564305222999,0,0,0,0,-0.00338564305222999,-0.000590906185586837,1,0,0,0,0,1,1006,0,0,0,0,0,0,2.16562227262074e-07,0.00163191971639123,-0.000590689623359619,0,1,0,1
1.006,0.523598775598299,0.527350000926238,-0.0208525557746932,0.000166986595617294,0.526362498075129,0.526362498075129,-0.00276372247683043,0.00127998016434267,0.00127998016434267,-0.000235748940174886,-0.00565797456256776,0,0,0,0,-0.00565797456256776,-0.000987502851108934,1,0,0,0,0,1,1007,0,0,0,0,0,0,-5.66605793173025e-07,0.00267767893457604,-0.000988069456902108,0,1,0,1
1.007,0.523598775598299,0.527329286703799,-0.0204989621006576,0.0010360280062487,0.52648047569349,0.52648047569349,-0.00288170009519151,0.00088121130538885,0.00088121130538885,-0.000202638702120472,-0.00486332884949068,0,0,0,0,-0.00486332884949068,-0.000848811010308401,1,0,0,0,0,1,1008,0,0,0,0,0,0,-1.33077795883008e-06,0.00227168078875044,-0.000850141788267256,0,1,0,1
1.008,0.523598775598299,0.527309110847464,-0.0198176728721153,0.00143308513922989,0.527059100504323,0.527059100504323,-0.00346032490602466,-0.000749246519184668,-0.000749246519184668,-5.96855729195642e-05,-0.001432453749657,0,0,0,0,-0.001432453749657,-0.000250010343140532,1,0,0,0,0,1,1009,0,0,0,0,0,0,-1.65865013179722e-06,0.000634028861888564,-0.000251668993272336,0,1,0,1
1.009,0.523598775598299,0.527289653394797,-0.019123059455771,0.00114254741379268,0.527773965011745,0.527773965011745,-0.00417518941344608,-0.00272365623907137,-0.00272365623907137,0.000115620881784432,0.00277490116202721,0,0,0,0,0.00277490116202721,0.000484311616947914,1,0,0,0,0,1,1010,0,0,0,0,0,0,-1.36969822706057e-06,-0.00134753992680499,0.000482941918720892,0,1,0,1
1.01,0.523598775598299,0.527270759773644,-0.0187369557379793,0.000321523621728047,0.528226866066086,0.528226866066086,-0.00462809046778745,-0.00396785659836507,-0.00396785659836507,0.000228253563910838,0.00547808553228241,0,0,0,0,0.00547808553228241,0.000956106292441942,1,0,0,0,0,1,1011,0,0,0,0,0,0,-6.18009866171221e-07,-0.00259886447207183,0.000955488282575745,0,1,0,1
1.011,0.523598775598299,0.527252024350002,-0.0188142038943878,-0.000585320866120834,0.528161655716395,0.528161655716395,-0.00456288011809636,-0.00380352490903875,-0.00380352490903875,0.000217158492591835,0.00521180382070305,0,0,0,0,0.00521180382070305,0.000909631366392884,1,0,0,0,0,1,1012,0,0,0,0,0,0,1.91263493376503e-07,-0.00244162223607872,0.000909822629886259,0,1,0,1
1.012,0.523598775598299,0.527233010067237,-0.0192587201286599,-0.00108680060073524,0.527603089232033,0.527603089232033,-0.00400431363373388,-0.00231587046125241,-0.00231587046125241,8.83498926443193e-05,0.00212039742285299,0,0,0,0,0.00212039742285299,0.000370079164795871,1,0,0,0,0,1,1013,0,0,0,0,0,0,6.21545783618949e-07,-0.00096102265872432,0.000370700710579541,0,1,0,1
1.013,0.523598775598299,0.527213485118435,-0.0197755780157318,-0.000911463355944428,0.526843405953639,0.526843405953639,-0.00324463035534062,-0.000307445691216702,-0.000307445691216702,-8.83498926443441e-05,-0.00212039742285359,0,0,0,0,-0.00212039742285359,-0.000370079164795975,1,0,0,0,0,1,1014,0,0,0,0,0,0,4.41508682613723e-07,0.00104038167449807,-0.000369637656113309,0,1,0,1
1.014,0.523598775598299,0.527193548360644,-0.0200308770090232,-0.000154734234458646,0.526283916994251,0.526283916994251,-0.002685141395952,0.0011368876481527,0.0011368876481527,-0.000217158492591845,-0.00521180382070329,0,0,0,0,-0.00521180382070329,-0.000909631366392926,1,0,0,0,0,1,1015,0,0,0,0,0,0,-2.49514144012863e-07,0.00247772886184672,-0.000909880880536895,0,1,0,1
1.015,0.523598775598299,0.527173575488618,-0.0198327373492224,0.00077281075901998,0.526217469196176,0.526217469196176,-0.00261869359787725,0.00123802168193866,0.00123802168193866,-0.000228253563910829,-0.00547808553228221,0,0,0,0,-0.00547808553228221,-0.000956106292441908,1,0,0,0,0,1,1016,0,0,0,0,0,0,-1.07535328575104e-06,0.00257191088003594,-0.000957181645727667,0,1,0,1
1.016,0.523598775598299,0.527154015145316,-0.0192353107770997,0.00136800270854176,0.526669703528368,0.526669703528368,-0.00307092793006902,-5.50721764620149e-05,-5.50721764620149e-05,-0.000115620881784409,-0.00277490116202665,0,0,0,0,-0.00277490116202665,-0.000484311616947816,1,0,0,0,0,1,1017,0,0,0,0,0,0,-1.58689309104343e-06,0.00127189899455093,-0.000485898510038885,0,1,0,1
1.017,0.523598775598299,0.527135145490049,-0.0185094267174596,0.00130782894597942,0.527385155833189,0.527385155833189,-0.00378638023489064,-0.00203768247075346,-0.00203768247075346,5.96855729195868e-05,0.00143245374965754,0,0,0,0,0.00143245374965754,0.000250010343140626,1,0,0,0,0,1,1018,0,0,0,0,0,0,-1.50550350952461e-06,-0.000717595485764857,0.000248504839631125,0,1,0,1
1.018,0.523598775598299,0.527116923179655,-0.0179957855440228,0.000624526220417798,0.527965734189964,0.527965734189964,-0.0043669585916648,-0.00363135546754073,-0.00363135546754073,0.000202638702120486,0.00486332884949102,0,0,0,0,0.00486332884949102,0.000848811010308461,1,0,0,0,0,1,1019,0,0,0,0,0,0,-8.74058915467657e-07,-0.00231811897450995,0.000847936951392958,0,1,0,1
1.019,0.523598775598299,0.527099006624386,-0.0179202773868194,-0.0003118936062934,0.528086509475495,0.528086509475495,-0.0044877338771957,-0.00396848468502781,-0.00396848468502781,0.000235748940174881,0.00565797456256764,0,0,0,0,0.00565797456256764,0.000987502851108913,1,0,0,0,0,1,1020,0,0,0,0,0,0,-3.36822155722061e-08,-0.00266206513642235,0.000987469168893362,0,1,0,1
1.02,0.523598775598299,0.527080940912378,-0.0182715352761246,-0.000994213168480013,0.527671847097965,0.527671847097965,-0.00407307149966585,-0.00286260797997482,-0.00286260797997482,0.000141068460550192,0.00338564305222954,0,0,0,0,0.00338564305222954,0.000590906185586758,1,0,0,0,0,1,1021,0,0,0,0,0,0,5.61179630431674e-07,-0.00156297197433631,0.000591467365217202,0,1,0,1
1.021,0.523598775598299,0.527062404162068,-0.0188070965017067,-0.00105295319734758,0.526936405453043,0.526936405453043,-0.00333762985474428,-0.000909481663008669,-0.000909481663008669,-3.00799760554579e-05,-0.000721919425123076,0,0,0,0,-0.000721919425123076,-0.000125998709025024,1,0,0,0,0,1,1022,0,0,0,0,0,0,5.89108025694784e-07,0.000383404055507805,-0.000125409600999382,0,1,0,1
1.022,0.523598775598299,0.527043381764094,-0.0191848323439638,-0.000456653430574501,0.526268777366558,0.526268777366558,-0.00267000176825927,0.000835856870044042,0.000835856870044042,-0.000184923178266194,-0.00443815627711046,0,0,0,0,-0.00443815627711046,-0.000774604397536314,1,0,0,0,0,1,1023,0,0,0,0,0,0,3.59546452610715e-08,0.00212202541213089,-0.000774568442891033,0,1,0,1
1.023,0.523598775598299,0.527024174062668,-0.0191484030160203,0.000471073988781701,0.52602084816276,0.52602084816276,-0.00242207256446125,0.00143098567415212,0.00143098567415212,-0.000239526414822784,-0.0057486339540912,0,0,0,0,-0.0057486339540912,-0.00100332589990832,1,0,0,0,0,1,1024,0,0,0,0,0,0,-7.97477186731399e-07,0.00271047000581072,-0.0010041233770951,0,1,0,1
1.024,0.523598775598299,0.527005233312649,-0.0186662096017377,0.00122696263621501,0.52631705150196,0.52631705150196,-0.00271827590366158,0.000556950152068135,0.000556950152068135,-0.000164291305422882,-0.00394299132901358,0,0,0,0,-0.00394299132901358,-0.00068818181068874,1,0,0,0,0,1,1025,0,0,0,0,0,0,-1.45847541910271e-06,0.00182978309507086,-0.000689640286107851,0,1,0,1
1.025,0.523598775598299,0.526986918291834,-0.0179485223206851,0.00140089382265557,0.526986918291834,0.526986918291834,-0.0033881426935356,-0.00130884346940835,-0.00130884346940835,-1.31715619343102e-17,-3.16117486332403e-16,0,0,0,0,-3.16117486332403e-16,-5.51729095962861e-17,1,0,0,0,0,1,1026,0,0,0,0,0,0,-1.58780697590011e-06,-4.26292370563439e-05,-1.58780697590011e-06,0,1,0,1
1.026,0.523598775598299,0.526969299584025,-0.0173335005257876,0.000898206694084433,0.527657481394713,0.527657481394713,-0.00405870579641465,-0.00315141219633633,-0.00315141219633633,0.000164291305422887,0.00394299132901372,0,0,0,0,0.00394299132901372,0.000688181810688763,1,0,0,0,0,1,1027,0,0,0,0,0,0,-1.11443468786554e-06,-0.00189178413993477,0.000687067376000883,0,1,0,1
1.027,0.523598775598299,0.526952121081676,-0.0171038887467016,-8.98960906040762e-06,0.527955446981584,0.527955446981584,-0.00435667138328555,-0.00396838066149026,-0.00396838066149026,0.000239526414822784,0.00574863395409121,0,0,0,0,0.00574863395409121,0.00100332589990832,1,0,0,0,0,1,1028,0,0,0,0,0,0,-2.94014634527606e-07,-0.00271530638918043,0.00100303188527384,0,1,0,1
1.028,0.523598775598299,0.52693493857614,-0.0173337510249601,-0.000829316142735009,0.527709542973676,0.527709542973676,-0.00411076737537708,-0.00331333139236695,-0.00331333139236695,0.000184923178266185,0.00443815627711024,0,0,0,0,0.00443815627711024,0.000774604397536275,1,0,0,0,0,1,1029,0,0,0,0,0,0,4.29694101300448e-07,-0.00206677865466892,0.000775034091637594,0,1,0,1
1.029,0.523598775598299,0.5269173603109,-0.0178483231480638,-0.00111848234209168,0.527043359019925,0.527043359019925,-0.00344458342162657,-0.00153779101555092,-0.00153779101555092,3.00799760554502e-05,0.000721919425122891,0,0,0,0,0.000721919425122891,0.000125998709024991,1,0,0,0,0,1,1030,0,0,0,0,0,0,6.65382676623416e-07,-0.000297727704899802,0.000126664091701589,0,1,0,1
1.03,0.523598775598299,0.526899259102887,-0.018318745390896,-0.000720119348520446,0.5263083529173,0.5263083529173,-0.00270957731900134,0.000399319308717283,0.000399319308717283,-0.000141068460550198,-0.00338564305222969,0,0,0,0,-0.00338564305222969,-0.000590906185586784,1,0,0,0,0,1,1031,0,0,0,0,0,0,2.86313803998794e-07,0.00163292515843425,-0.000590619871782772,0,1,0,1
1.031,0.523598775598299,0.52688084104881,-0.0184403246747981,0.000149458293400725,0.525893338197701,0.525893338197701,-0.00229456259940175,0.00145147940117818,0.00145147940117818,-0.000235748940174883,-0.00565797456256769,0,0,0,0,-0.00565797456256769,-0.000987502851108922,1,0,0,0,0,1,1032,0,0,0,0,0,0,-5.0097190540388e-07,0.00267865961508623,-0.000988003823014338,0,1,0,1
1.032,0.523598775598299,0.526862533573402,-0.0180976968692293,0.00101850872713316,0.526013722563094,0.526013722563094,-0.00241494696479516,0.0010518497437438,0.0010518497437438,-0.000202638702120482,-0.00486332884949092,0,0,0,0,-0.00486332884949092,-0.000848811010308444,1,0,0,0,0,1,1033,0,0,0,0,0,0,-1.2686076937829e-06,0.00227263600644349,-0.000850079618002209,0,1,0,1
1.033,0.523598775598299,0.526844753504462,-0.0174273609056311,0.00141557650484105,0.526594743161322,0.526594743161322,-0.00299596756302278,-0.000579465855533928,-0.000579465855533928,-5.96855729195793e-05,-0.00143245374965736,0,0,0,0,-0.00143245374965736,-0.000250010343140595,1,0,0,0,0,1,1034,0,0,0,0,0,0,-1.59932561383247e-06,0.000634958000498715,-0.000251609668754482,0,1,0,1
1.034,0.523598775598299,0.526827680892585,-0.0167436872903455,0.00112505105605459,0.527311992509533,0.527311992509533,-0.0037132169112345,-0.00255473025644489,-0.00255473025644489,0.000115620881784419,0.00277490116202688,0,0,0,0,0.00277490116202688,0.000484311616947857,1,0,0,0,0,1,1035,0,0,0,0,0,0,-1.31263678526672e-06,-0.00134663740213342,0.000482998980162574,0,1,0,1
1.035,0.523598775598299,0.526811161179514,-0.0163685090454901,0.000304041179221377,0.527767267471956,0.527767267471956,-0.00416849187365753,-0.00379978213673659,-0.00379978213673659,0.000228253563910832,0.00547808553228227,0,0,0,0,0.00547808553228227,0.000956106292441918,1,0,0,0,0,1,1036,0,0,0,0,0,0,-5.62663043601752e-07,-0.00259798901833134,0.000955543629398314,0,1,0,1
1.036,0.523598775598299,0.526794788746007,-0.0164566674804943,-0.000602787751614635,0.527704420112399,0.527704420112399,-0.00410564451410067,-0.00363629874553337,-0.00363629874553337,0.000217158492591842,0.00521180382070321,0,0,0,0,0.00521180382070321,0.000909631366392912,1,0,0,0,0,1,1037,0,0,0,0,0,0,2.45410934462953e-07,-0.00244077423588585,0.000909876777327345,0,1,0,1
1.037,0.523598775598299,0.526778126551055,-0.0169120779326167,-0.00110425028750901,0.527148205715851,0.527148205715851,-0.00354943011755249,-0.0021494893135786,-0.0021494893135786,8.83498926443338e-05,0.00212039742285334,0,0,0,0,0.00212039742285334,0.000370079164795932,1,0,0,0,0,1,1038,0,0,0,0,0,0,6.74976857295562e-07,-0.000960202423742444,0.000370754141653218,0,1,0,1
1.038,0.523598775598299,0.526760942804242,-0.0174398131118998,-0.000928894205463392,0.526390863639446,0.526390863639446,-0.00279208804114717,-0.000141906221032701,-0.000141906221032701,-8.83498926443265e-05,-0.00212039742285316,0,0,0,0,-0.00212039742285316,-0.000370079164795901,1,0,0,0,0,1,1039,0,0,0,0,0,0,4.94675175377601e-07,0.00104117390020115,-0.000369584489620545,0,1,0,1
1.039,0.523598775598299,0.526743336379968,-0.0177059716099836,-0.0001721446142863,0.525833705013576,0.525833705013576,-0.0022349294152767,0.00130158883194353,0.00130158883194353,-0.000217158492591839,-0.00521180382070313,0,0,0,0,-0.00521180382070313,-0.000909631366392898,1,0,0,0,0,1,1040,0,0,0,0,0,0,-1.96190679813135e-07,0.00247849289851129,-0.000909827557072695,0,1,0,1
1.04,0.523598775598299,0.526725682991208,-0.0175186728104031,0.000755422472464574,0.525769576698766,0.525769576698766,-0.00217080110046708,0.00140188801996021,0.00140188801996021,-0.000228253563910834,-0.00547808553228233,0,0,0,0,-0.00547808553228233,-0.000956106292441928,1,0,0,0,0,1,1041,0,0,0,0,0,0,-1.02148054093032e-06,0.00257264660899022,-0.000957127772982846,0,1,0,1
1.041,0.523598775598299,0.526708431299988,-0.0169320676028232,0.00135063812738972,0.52622411968304,0.52622411968304,-0.00262534408474147,0.000107962802789095,0.000107962802789095,-0.000115620881784426,-0.00277490116202705,0,0,0,0,-0.00277490116202705,-0.000484311616947886,1,0,0,0,0,1,1042,0,0,0,0,0,0,-1.53210701481221e-06,0.00127260635506614,-0.000485843723962653,0,1,0,1
1.042,0.523598775598299,0.52669185948554,-0.016216984568326,0.00129048966847756,0.52694186982868,0.52694186982868,-0.00334309423038137,-0.00187547531997916,-0.00187547531997916,5.96855729195718e-05,0.00143245374965718,0,0,0,0,0.00143245374965718,0.000250010343140563,1,0,0,0,0,1,1043,0,0,0,0,0,0,-1.44946732993922e-06,-0.000716916499549016,0.000248560875810599,0,1,0,1
1.043,0.523598775598299,0.526675924225458,-0.0157141232455429,0.00060721382864864,0.527524735235766,0.527524735235766,-0.00392595963746745,-0.00346997257466043,-0.00346997257466043,0.000202638702120478,0.00486332884949082,0,0,0,0,0.00486332884949082,0.000848811010308426,1,0,0,0,0,1,1044,0,0,0,0,0,0,-8.16462167874121e-07,-0.00231746831658596,0.000847994548140552,0,1,0,1
1.044,0.523598775598299,0.526660283951581,-0.0156493729392167,-0.00032917754854165,0.52764778680269,0.52764778680269,-0.00404901120439161,-0.00380792244209699,-0.00380792244209699,0.000235748940174884,0.00565797456256773,0,0,0,0,0.00565797456256773,0.000987502851108928,1,0,0,0,0,1,1045,0,0,0,0,0,0,2.57602198461271e-08,-0.00266144271183644,0.000987528611328781,0,1,0,1
1.045,0.523598775598299,0.526644483774456,-0.0160113658652252,-0.00101146711769728,0.527235389960043,0.527235389960043,-0.00363661436174445,-0.00270286274454041,-0.00270286274454041,0.000141068460550204,0.00338564305222984,0,0,0,0,0.00338564305222984,0.00059090618558681,1,0,0,0,0,1,1046,0,0,0,0,0,0,6.2272848144751e-07,-0.00156237764203771,0.000591528914068218,0,1,0,1
1.046,0.523598775598299,0.526628201835735,-0.0165576385108414,-0.00107017563214505,0.52650220312671,0.52650220312671,-0.00290342752841144,-0.000750549760883106,-0.000750549760883106,-3.00799760554425e-05,-0.000721919425122707,0,0,0,0,-0.000721919425122707,-0.000125998709024959,1,0,0,0,0,1,1047,0,0,0,0,0,0,6.53000569617035e-07,0.000383970479896177,-0.000125345708455349,0,1,0,1
1.047,0.523598775598299,0.526611423550068,-0.0169460613668058,-0.000473842853390937,0.525836819152532,0.525836819152532,-0.00223804355423318,0.000993979142086925,0.000993979142086925,-0.00018492317826618,-0.00443815627711012,0,0,0,0,-0.00443815627711012,-0.000774604397536255,1,0,0,0,0,1,1048,0,0,0,0,0,0,1.02405638635616e-07,0.00212256415361994,-0.000774501991897658,0,1,0,1
1.048,0.523598775598299,0.526594449286463,-0.0169202938702881,0.000453919050106012,0.525591123386555,0.525591123386555,-0.00199234778825597,0.00158830204575724,0.00158830204575724,-0.000239526414822785,-0.00574863395409123,0,0,0,0,-0.00574863395409123,-0.00100332589990832,1,0,0,0,0,1,1049,0,0,0,0,0,0,-7.2827459141056e-07,0.00271098132742751,-0.00100405417449978,0,1,0,1
1.049,0.523598775598299,0.526577731325343,-0.016448736343692,0.0012098436269913,0.525889549514654,0.525889549514654,-0.00229077391635546,0.000713464376760214,0.000713464376760214,-0.000164291305422893,-0.00394299132901385,0,0,0,0,-0.00394299132901385,-0.000688181810688787,1,0,0,0,0,1,1050,0,0,0,0,0,0,-1.38634877022703e-06,0.00183026729532132,-0.000689568159458975,0,1,0,1
1.05,0.523598775598299,0.526561628470824,-0.0157416582603535,0.00138381216002326,0.526561628470824,0.526561628470824,-0.00296285287252473,-0.00115312761668451,-0.00115312761668451,5.41041715067921e-18,1.29850011578904e-16,0,0,0,0,1.29850011578904e-16,2.26631023580464e-17,1,0,0,0,0,1,1051,0,0,0,0,0,0,-1.5126036352342e-06,-4.21718266453135e-05,-1.5126036352342e-06,0,1,0,1
1.051,0.523598775598299,0.526546211333762,-0.0151372182428509,0.000881163765806959,0.527234393144451,0.527234393144451,-0.00363561754615183,-0.00299649092160018,-0.00299649092160018,0.000164291305422876,0.00394299132901344,0,0,0,0,0.00394299132901344,0.000688181810688716,1,0,0,0,0,1,1052,0,0,0,0,0,0,-1.03602095702371e-06,-0.00189135315719836,0.000687145789731725,0,1,0,1
1.052,0.523598775598299,0.526531223834393,-0.0149181601069797,-2.59924456860437e-05,0.527534549734301,0.527534549734301,-0.00393577413600243,-0.00381425015403,-0.00381425015403,0.000239526414822786,0.00574863395409125,0,0,0,0,0.00574863395409125,0.00100332589990833,1,0,0,0,0,1,1053,0,0,0,0,0,0,-2.12274897215536e-07,-0.00271490144362167,0.00100311362501115,0,1,0,1
1.053,0.523598775598299,0.526516221792552,-0.0151585471974374,-0.00084627756185858,0.527290826190088,0.527290826190088,-0.00369205059178901,-0.00315998782696426,-0.00315998782696426,0.000184923178266199,0.00443815627711058,0,0,0,0,0.00443815627711058,0.000774604397536335,1,0,0,0,0,1,1054,0,0,0,0,0,0,5.14858218836345e-07,-0.00206639932968238,0.00077511925575513,0,1,0,1
1.054,0.523598775598299,0.526500813480895,-0.0156836146223962,-0.0011354010501837,0.52662681218992,0.52662681218992,-0.0030280365916211,-0.00138523055463115,-0.00138523055463115,3.0079976055425e-05,0.000721919425122287,0,0,0,0,0.000721919425122287,0.000125998709024886,1,0,0,0,0,1,1055,0,0,0,0,0,0,7.54053130380683e-07,-0.00029737355992404,0.000126752762155236,0,1,0,1
1.055,0.523598775598299,0.526484871746195,-0.0161645019953434,-0.000736994085145151,0.525893965560608,0.525893965560608,-0.00229518996230893,0.000551100513012314,0.000551100513012314,-0.000141068460550185,-0.00338564305222939,0,0,0,0,-0.00338564305222939,-0.000590906185586731,1,0,0,0,0,1,1056,0,0,0,0,0,0,3.78556937907781e-07,0.00163325458584348,-0.000590527628648863,0,1,0,1
1.056,0.523598775598299,0.526468602715655,-0.0162965155945298,0.000132628754909559,0.525481099864546,0.525481099864546,-0.00188232426624746,0.00160248520499602,0.00160248520499602,-0.000235748940174886,-0.00565797456256778,0,0,0,0,-0.00565797456256778,-0.000987502851108936,1,0,0,0,0,1,1057,0,0,0,0,0,0,-4.05104570888604e-07,0.00267896480725948,-0.000987907955679823,0,1,0,1
1.057,0.523598775598299,0.52645243384514,-0.0159642906649507,0.00100172557909025,0.525603622834831,0.525603622834831,-0.0020048472365326,0.00120208400960076,0.00120208400960076,-0.00020263870212049,-0.00486332884949112,0,0,0,0,-0.00486332884949112,-0.000848811010308478,1,0,0,0,0,1,1058,0,0,0,0,0,0,-1.16907869207594e-06,0.00227291746367515,-0.000849980089000502,0,1,0,1
1.058,0.523598775598299,0.526436781994189,-0.0153043255324837,0.00139884090471658,0.526186771651048,0.526186771651048,-0.00258799605274929,-0.000429999260598698,-0.000429999260598698,-5.96855729195547e-05,-0.00143245374965677,0,0,0,0,-0.00143245374965677,-0.000250010343140492,1,0,0,0,0,1,1059,0,0,0,0,0,0,-1.49611078015255e-06,0.000635216239197208,-0.000251506453920691,0,1,0,1
1.059,0.523598775598299,0.526421827245738,-0.0146309901170323,0.00110836412606629,0.526906138862686,0.526906138862686,-0.00330736326438674,-0.00240602746264006,-0.00240602746264006,0.000115620881784399,0.00277490116202641,0,0,0,0,0.00277490116202641,0.000484311616947775,1,0,0,0,0,1,1060,0,0,0,0,0,0,-1.20572452388945e-06,-0.00134640185121919,0.000483105892423841,0,1,0,1
1.06,0.523598775598299,0.526407415074446,-0.0142661168735826,0.000287404006008176,0.527363521366888,0.527363521366888,-0.00376474576858943,-0.00365183927322046,-0.00365183927322046,0.00022825356391084,0.00547808553228246,0,0,0,0,0.00547808553228246,0.000956106292441951,1,0,0,0,0,1,1061,0,0,0,0,0,0,-4.52053613764214e-07,-0.00259777561181869,0.000955654238828152,0,1,0,1
1.061,0.523598775598299,0.526393139894545,-0.0143645465638793,-0.000619374117242428,0.527302771260938,0.527302771260938,-0.00370399566263957,-0.00348911194203785,-0.00348911194203785,0.000217158492591849,0.00521180382070337,0,0,0,0,0.00521180382070337,0.00090963136639294,1,0,0,0,0,1,1062,0,0,0,0,0,0,3.59706112784686e-07,-0.00244058241938623,0.000909991072505778,0,1,0,1
1.062,0.523598775598299,0.52637856469904,-0.0148301939970414,-0.00112078483074458,0.526748643863836,0.526748643863836,-0.00314986826553731,-0.00200305470196631,-0.00200305470196631,8.83498926443165e-05,0.00212039742285292,0,0,0,0,0.00212039742285292,0.000370079164795859,1,0,0,0,0,1,1063,0,0,0,0,0,0,7.92935878624057e-07,-0.000960031633422793,0.000370872100674435,0,1,0,1
1.063,0.523598775598299,0.526363457732042,-0.0153681313745773,-0.000945375947608631,0.525993378567246,0.525993378567246,-0.00239460296894756,3.78006321378847e-06,3.78006321378847e-06,-8.83498926443121e-05,-0.00212039742285282,0,0,0,0,-0.00212039742285282,-0.000370079164795841,1,0,0,0,0,1,1064,0,0,0,0,0,0,6.16266304764856e-07,0.0010413242361226,-0.000369462898491046,0,1,0,1
1.064,0.523598775598299,0.526347917902982,-0.0156444567992227,-0.000188572612791361,0.525438286536589,0.525438286536589,-0.00183951093829049,0.00144653064830612,0.00144653064830612,-0.00021715849259185,-0.00521180382070339,0,0,0,0,-0.00521180382070339,-0.000909631366392944,1,0,0,0,0,1,1065,0,0,0,0,0,0,-7.10083701838116e-08,0.00247862335834434,-0.000909702374763177,0,1,0,1
1.065,0.523598775598299,0.526332320960342,-0.0154672891852272,0.000739049124025918,0.5253762146679,0.5253762146679,-0.00177743906960082,0.00154608922152952,0.00154608922152952,-0.000228253563910841,-0.0054780855322825,0,0,0,0,-0.0054780855322825,-0.000956106292441957,1,0,0,0,0,1,1066,0,0,0,0,0,0,-8.92756554793372e-07,0.00257275777621006,-0.00095699904899671,0,1,0,1
1.066,0.523598775598299,0.526317115602115,-0.0148907789725468,0.00133432029940271,0.525832803985168,0.525832803985168,-0.0022340283868687,0.000251427234981408,0.000251427234981408,-0.000115620881784403,-0.00277490116202651,0,0,0,0,-0.00277490116202651,-0.000484311616947793,1,0,0,0,0,1,1067,0,0,0,0,0,0,-1.39989883429781e-06,0.00127269881702363,-0.000485711515782139,0,1,0,1
1.067,0.523598775598299,0.526302580043941,-0.0141857543120567,0.00127422819542654,0.526552590387082,0.526552590387082,-0.00295381478878309,-0.00173274382064527,-0.00173274382064527,5.96855729195567e-05,0.00143245374965681,0,0,0,0,0.00143245374965681,0.0002500103431405,1,0,0,0,0,1,1068,0,0,0,0,0,0,-1.3138398373691e-06,-0.000716842152858291,0.00024869650330317,0,1,0,1
1.068,0.523598775598299,0.526288671000243,-0.0136929143315817,0.000591009509309396,0.527137482010551,0.527137482010551,-0.00353870641225262,-0.00332797018172341,-0.00332797018172341,0.000202638702120488,0.00486332884949106,0,0,0,0,0.00486332884949106,0.000848811010308468,1,0,0,0,0,1,1069,0,0,0,0,0,0,-6.77487087097361e-07,-0.00231741149368772,0.000848133523221328,0,1,0,1
1.069,0.523598775598299,0.526275046940088,-0.0136381479443271,-0.000345323950859832,0.527262549791197,0.527262549791197,-0.00366377419289821,-0.00366664534024964,-0.00366664534024964,0.000235748940174887,0.0056579745625678,0,0,0,0,0.0056579745625678,0.00098750285110894,1,0,0,0,0,1,1070,0,0,0,0,0,0,1.68004863465576e-07,-0.00266140282088461,0.0009876708559724,0,1,0,1
1.07,0.523598775598299,0.526261253011634,-0.0140100869937475,-0.00102755487486283,0.52685215919722,0.52685215919722,-0.00325338359892147,-0.00256230713066776,-0.00256230713066776,0.000141068460550184,0.00338564305222935,0,0,0,0,0.00338564305222935,0.000590906185586724,1,0,0,0,0,1,1071,0,0,0,0,0,0,7.68158881392367e-07,-0.00156235409186013,0.000591674344468163,0,1,0,1
1.071,0.523598775598299,0.526246967394506,-0.0145662676136268,-0.00108620405087177,0.526120968685481,0.526120968685481,-0.00252219308718205,-0.000610711845042244,-0.000610711845042244,-3.00799760554271e-05,-0.000721919425122337,0,0,0,0,-0.000721919425122337,-0.000125998709024894,1,0,0,0,0,1,1072,0,0,0,0,0,0,8.01527640037492e-07,0.000383978278808842,-0.000125197181384817,0,1,0,1
1.072,0.523598775598299,0.526232175541673,-0.0149645599599498,-0.000489811274865103,0.525457571144137,0.525457571144137,-0.00185879554583834,0.00113310313574605,0.00113310313574605,-0.000184923178266196,-0.00443815627711051,0,0,0,0,-0.00443815627711051,-0.000774604397536322,1,0,0,0,0,1,1073,0,0,0,0,0,0,2.53935497185331e-07,0.00212255678818405,-0.000774350462039108,0,1,0,1
1.073,0.523598775598299,0.526217177860787,-0.0149486231536402,0.000438011250636901,0.525213851960879,0.525213851960879,-0.00161507636258029,0.00172671587812415,0.00172671587812415,-0.000239526414822786,-0.00574863395409125,0,0,0,0,-0.00574863395409125,-0.00100332589990833,1,0,0,0,0,1,1074,0,0,0,0,0,0,-5.73840159279193e-07,0.00271095938108852,-0.00100389974006765,0,1,0,1
1.074,0.523598775598299,0.526202426671222,-0.0144868572191242,0.00119399704066453,0.525514244860533,0.525514244860533,-0.00191546926223418,0.000851171792951597,0.000851171792951597,-0.000164291305422879,-0.00394299132901353,0,0,0,0,-0.00394299132901353,-0.000688181810688731,1,0,0,0,0,1,1075,0,0,0,0,0,0,-1.22911186495323e-06,0.00183023134723157,-0.000689410922553702,0,1,0,1
1.075,0.523598775598299,0.526188280816332,-0.0137895313497684,0.00136802734483954,0.526188280816332,0.526188280816332,-0.00258950521803292,-0.00101612288808568,-0.00101612288808568,-1.01136550808162e-17,-2.42727721869683e-16,0,0,0,0,-2.42727721869683e-16,-4.23639793249101e-17,1,0,0,0,0,1,1076,0,0,0,0,0,0,-1.35266981493576e-06,-4.22212023980951e-05,-1.35266981493576e-06,0,1,0,1
1.076,0.523598775598299,0.526174810946485,-0.0131948039059142,0.000865441247138869,0.526862992757174,0.526862992757174,-0.00326421715887504,-0.0028601851692527,-0.0028601851692527,0.000164291305422895,0.00394299132901389,0,0,0,0,0.00394299132901389,0.000688181810688794,1,0,0,0,0,1,1077,0,0,0,0,0,0,-8.73498827491659e-07,-0.00189141539231059,0.000687308311861257,0,1,0,1
1.077,0.523598775598299,0.526161761021681,-0.0129854184585612,-4.16521745577618e-05,0.527165086921589,0.527165086921589,-0.00356631132329033,-0.00367863968449444,-0.00367863968449444,0.000239526414822785,0.00574863395409123,0,0,0,0,0.00574863395409123,0.00100332589990832,1,0,0,0,0,1,1078,0,0,0,0,0,0,-4.72757192282458e-08,-0.00271497597624492,0.00100327862418914,0,1,0,1
1.078,0.523598775598299,0.526148686901754,-0.0132354381247468,-0.000861874039183702,0.52692329129929,0.52692329129929,-0.00332451570099168,-0.00302506896531532,-0.00302506896531532,0.000184923178266183,0.00443815627711019,0,0,0,0,0.00443815627711019,0.000774604397536267,1,0,0,0,0,1,1079,0,0,0,0,0,0,6.82220905323661e-07,-0.00206648560504788,0.000775286618441617,0,1,0,1
1.079,0.523598775598299,0.526135196899582,-0.0137700978018009,-0.00115093384515857,0.526261195608607,0.526261195608607,-0.00266242001030859,-0.00125099964502383,-0.00125099964502383,3.00799760554404e-05,0.000721919425122656,0,0,0,0,0.000721919425122656,0.00012599870902495,1,0,0,0,0,1,1080,0,0,0,0,0,0,9.23663864726976e-07,-0.000297471030920426,0.000126922372889693,0,1,0,1
1.08,0.523598775598299,0.526121163902358,-0.0142605369088581,-0.000752462797308257,0.525530257716771,0.525530257716771,-0.0019314821184726,0.000684647106825167,0.000684647106825167,-0.000141068460550206,-0.00338564305222988,0,0,0,0,-0.00338564305222988,-0.000590906185586817,1,0,0,0,0,1,1081,0,0,0,0,0,0,5.5029868017975e-07,0.00163314645813974,-0.000590355886906591,0,1,0,1
1.081,0.523598775598299,0.526106794077896,-0.0144020615459662,0.000117224496301567,0.525119291226787,0.525119291226787,-0.00152051562848787,0.00173535109918198,0.00173535109918198,-0.000235748940174883,-0.00565797456256771,0,0,0,0,-0.00565797456256771,-0.000987502851108924,1,0,0,0,0,1,1082,0,0,0,0,0,0,-2.31350113066853e-07,0.00267884655308886,-0.000987734201222001,0,1,0,1
1.082,0.523598775598299,0.526092514922836,-0.0140793067957193,0.00098638611570136,0.525243703912527,0.525243703912527,-0.00164492831422858,0.00133427279981551,0.00133427279981551,-0.000202638702120476,-0.0048633288494908,0,0,0,0,-0.0048633288494908,-0.000848811010308421,1,0,0,0,0,1,1083,0,0,0,0,0,0,-9.93430754769875e-07,0.00227278960415016,-0.000849804441063196,0,1,0,1
1.083,0.523598775598299,0.526078743337653,-0.0134287708370389,0.00138356654978607,0.525828732994512,0.525828732994512,-0.00222995739621323,-0.000298483999608465,-0.000298483999608465,-5.96855729195697e-05,-0.00143245374965713,0,0,0,0,-0.00143245374965713,-0.000250010343140554,1,0,0,0,0,1,1084,0,0,0,0,0,0,-1.31868924846401e-06,0.000635079285891845,-0.000251329032389003,0,1,0,1
1.084,0.523598775598299,0.526065659446355,-0.0127648234579552,0.00109315516507518,0.526549971063303,0.526549971063303,-0.00295119546500389,-0.0022751821773926,-0.0022751821773926,0.000115620881784422,0.00277490116202695,0,0,0,0,0.00277490116202695,0.000484311616947869,1,0,0,0,0,1,1085,0,0,0,0,0,0,-1.02664965295762e-06,-0.0013465473966404,0.000483284967294884,0,1,0,1
1.085,0.523598775598299,0.526053108764799,-0.0124092969962938,0.000272260697356888,0.527009215057241,0.527009215057241,-0.00341043945894171,-0.00352166043181653,-0.00352166043181653,0.000228253563910835,0.00547808553228235,0,0,0,0,0.00547808553228235,0.00095610629244193,1,0,0,0,0,1,1086,0,0,0,0,0,0,-2.71445765309686e-07,-0.00259792925793136,0.000955834846676606,0,1,0,1
1.086,0.523598775598299,0.526040685748522,-0.0125170321109776,-0.000634451541546916,0.526950317114915,0.526950317114915,-0.00335154151661643,-0.00335959603444607,-0.00335959603444607,0.000217158492591838,0.00521180382070311,0,0,0,0,0.00521180382070311,0.000909631366392895,1,0,0,0,0,1,1087,0,0,0,0,0,0,5.41726720482139e-07,-0.00244074368530685,0.000910173093113364,0,1,0,1
1.087,0.523598775598299,0.526027953431934,-0.0129919435222644,-0.00113579616439492,0.52639803259673,0.52639803259673,-0.00279925699843142,-0.00187419824027162,-0.00187419824027162,8.83498926443309e-05,0.00212039742285327,0,0,0,0,0.00212039742285327,0.00037007916479592,1,0,0,0,0,1,1088,0,0,0,0,0,0,9.76249405870711e-07,-0.000960200049072169,0.000371055414201793,0,1,0,1
1.088,0.523598775598299,0.526014680100631,-0.0135391033563802,-0.000960321009297152,0.525644600935835,0.525644600935835,-0.00204582533753583,0.000131980544597195,0.000131980544597195,-8.83498926443357e-05,-0.00212039742285338,0,0,0,0,-0.00212039742285338,-0.00037007916479594,1,0,0,0,0,1,1089,0,0,0,0,0,0,8.00753511942531e-07,0.0010411491297916,-0.00036927841128398,0,1,0,1
1.089,0.523598775598299,0.526000964705596,-0.0138246096539726,-0.000203451245504761,0.525091333339203,0.525091333339203,-0.00149255774090451,0.00157407859244615,0.00157407859244615,-0.000217158492591843,-0.00521180382070323,0,0,0,0,-0.00521180382070323,-0.000909631366392916,1,0,0,0,0,1,1090,0,0,0,0,0,0,1.14534085993157e-07,0.00247844200914149,-0.000909516832306889,0,1,0,1
1.09,0.523598775598299,0.525987183036921,-0.0136565812800125,0.00072423705371311,0.525031076744479,0.525031076744479,-0.00143230114618065,0.0016729880488274,0.0016729880488274,-0.000228253563910833,-0.00547808553228231,0,0,0,0,-0.00547808553228231,-0.000956106292441924,1,0,0,0,0,1,1091,0,0,0,0,0,0,-7.06276277351314e-07,0.00257257062054436,-0.000956812568719267,0,1,0,1
1.091,0.523598775598299,0.525973783834254,-0.0130891686375985,0.00131957490203829,0.525489472217306,0.525489472217306,-0.00189069661900698,0.000377680343044142,0.000377680343044142,-0.000115620881784417,-0.00277490116202684,0,0,0,0,-0.00277490116202684,-0.00048431161694785,1,0,0,0,0,1,1092,0,0,0,0,0,0,-1.21259697749565e-06,0.00127250627975863,-0.000485524213925337,0,1,0,1
1.092,0.523598775598299,0.525961045354914,-0.0123931998527838,0.00125954955938993,0.526211055698055,0.526211055698055,-0.00261228009975611,-0.00160713305710272,-0.00160713305710272,5.96855729195813e-05,0.00143245374965741,0,0,0,0,0.00143245374965741,0.000250010343140603,1,0,0,0,0,1,1093,0,0,0,0,0,0,-1.1258312864193e-06,-0.000717039658518574,0.00024888451185423,0,1,0,1
1.093,0.523598775598299,0.525948924355028,-0.0119093740402191,0.000576397701520032,0.526797735365337,0.526797735365337,-0.00319895976703799,-0.00320299841094531,-0.00320299841094531,0.000202638702120479,0.00486332884949086,0,0,0,0,0.00486332884949086,0.000848811010308433,1,0,0,0,0,1,1094,0,0,0,0,0,0,-4.88885213090207e-07,-0.00231761356628308,0.000848322125095335,0,1,0,1
1.094,0.523598775598299,0.525937079345374,-0.0118635801111982,-0.000359868884234785,0.526924582196483,0.526924582196483,-0.00332580659818382,-0.0035423092334892,-0.0035423092334892,0.000235748940174883,0.00565797456256768,0,0,0,0,0.00565797456256768,0.00098750285110892,1,0,0,0,0,1,1095,0,0,0,0,0,0,3.57088351221613e-07,-0.00266160907076547,0.000987859939460156,0,1,0,1
1.095,0.523598775598299,0.525925055515813,-0.0122444499181428,-0.00104203290770537,0.5265159617014,0.5265159617014,-0.0029171861031011,-0.00243860338220658,-0.00243860338220658,0.000141068460550196,0.00338564305222965,0,0,0,0,0.00338564305222965,0.000590906185586777,1,0,0,0,0,1,1096,0,0,0,0,0,0,9.57614070373758e-07,-0.00156256414122368,0.000591863799657144,0,1,0,1
1.096,0.523598775598299,0.525912531087665,-0.0128095196143006,-0.00110061517641295,0.52578653237864,0.52578653237864,-0.00218775678034111,-0.000487637172189672,-0.000487637172189672,-3.00799760554455e-05,-0.000721919425122779,0,0,0,0,-0.000721919425122779,-0.000125998709024972,1,0,0,0,0,1,1097,0,0,0,0,0,0,9.91246539960855e-07,0.000383764795900359,-0.000125007462485005,0,1,0,1
1.097,0.523598775598299,0.525899491555565,-0.0132166593852374,-0.000504155504990045,0.525124887158029,0.525124887158029,-0.00152611155972993,0.00125555199267352,0.00125555199267352,-0.000184923178266186,-0.00443815627711027,0,0,0,0,-0.00443815627711027,-0.000774604397536281,1,0,0,0,0,1,1098,0,0,0,0,0,0,4.43812154582446e-07,0.00212234022580637,-0.000774160585381711,0,1,0,1
1.098,0.523598775598299,0.525886237368797,-0.0132095283911994,0.000423733886077539,0.524882911468889,0.524882911468889,-0.00128413587058995,0.00184854215584724,0.00184854215584724,-0.000239526414822784,-0.00574863395409121,0,0,0,0,-0.00574863395409121,-0.00100332589990832,1,0,0,0,0,1,1099,0,0,0,0,0,0,-3.83909556811446e-07,0.00271074008148229,-0.00100370980946518,0,1,0,1
1.099,0.523598775598299,0.525873220888324,-0.0127565267053043,0.00117978649453718,0.525185039077635,0.525185039077635,-0.00158626347933633,0.000972378705288691,0.000972378705288691,-0.000164291305422891,-0.0039429913290138,0,0,0,0,-0.0039429913290138,-0.000688181810688778,1,0,0,0,0,1,1100,0,0,0,0,0,0,-1.03922889349573e-06,0.00183000964084336,-0.000689221039582244,0,1,0,1
1.1,0.523598775598299,0.525860800999036,-0.0120679235786108,0.00135388355340235,0.525860800999036,0.525860800999036,-0.00226202540073761,-0.000895532150139058,-0.000895532150139058,1.52895342674702e-17,3.66948822313604e-16,0,0,0,0,3.66948822313604e-16,6.40446513568802e-17,1,0,0,0,0,1,1101,0,0,0,0,0,0,-1.16293372831588e-06,-4.24449968556284e-05,-1.16293372820486e-06,0,1,0,1
1.101,0.523598775598299,0.525849048392776,-0.0114818774377889,0.000851364130708136,0.526537230203464,0.526537230203464,-0.00293845460516551,-0.00274020743742611,-0.00274020743742611,0.000164291305422883,0.00394299132901362,0,0,0,0,0.00394299132901362,0.000688181810688746,1,0,0,0,0,1,1102,0,0,0,0,0,0,-6.84006480899946e-07,-0.00189164096777888,0.000687497804207848,0,1,0,1
1.102,0.523598775598299,0.525837707070944,-0.0112811319284447,-5.56627109495587e-05,0.526841032970852,0.526841032970852,-0.00324225737255313,-0.00355927181313187,-0.00355927181313187,0.000239526414822786,0.00574863395409126,0,0,0,0,0.00574863395409126,0.00100332589990833,1,0,0,0,0,1,1103,0,0,0,0,0,0,1.41878499171355e-07,-0.00271520303722857,0.00100346777840754,0,1,0,1
1.103,0.523598775598299,0.5258263329347,-0.0115397502501457,-0.000875818105140103,0.526600937332237,0.526600937332237,-0.00300216173393786,-0.00290630783124719,-0.00290630783124719,0.000184923178266192,0.00443815627711043,0,0,0,0,0.00443815627711043,0.000774604397536309,1,0,0,0,0,1,1104,0,0,0,0,0,0,8.70945134678891e-07,-0.00206671386750629,0.000775475342670973,0,1,0,1
1.104,0.523598775598299,0.525814534338161,-0.0120829673903272,-0.00116481156428102,0.525940533047186,0.525940533047186,-0.00234175744888676,-0.00113284214742418,-0.00113284214742418,3.00799760554152e-05,0.000721919425122051,0,0,0,0,0.000721919425122051,0.000125998709024845,1,0,0,0,0,1,1105,0,0,0,0,0,0,1.11186882323366e-06,-0.000297700222145075,0.000127110577848089,0,1,0,1
1.105,0.523598775598299,0.525802184209662,-0.0125819228654616,-0.000766274306568096,0.525211278024075,0.525211278024075,-0.00161250242577626,0.000802204046590113,0.000802204046590113,-0.000141068460550188,-0.00338564305222945,0,0,0,0,-0.00338564305222945,-0.000590906185586742,1,0,0,0,0,1,1106,0,0,0,0,0,0,7.37897710156865e-07,0.00163291659965721,-0.000590168287876613,0,1,0,1
1.106,0.523598775598299,0.525789488758061,-0.0127319228798303,0.000103479047179025,0.524801985906952,0.524801985906952,-0.00120321030865345,0.00185231053772308,0.00185231053772308,-0.000235748940174888,-0.00565797456256782,0,0,0,0,-0.00565797456256782,-0.000987502851108944,1,0,0,0,0,1,1107,0,0,0,0,0,0,-4.44410078737079e-08,0.002678616277805,-0.000987547292116808,0,1,0,1
1.107,0.523598775598299,0.525776875520936,-0.0124176026268265,0.000972706564842397,0.524928064510628,0.524928064510628,-0.00132928891232897,0.00145063777189525,0.00145063777189525,-0.000202638702120485,-0.004863328849491,0,0,0,0,-0.004863328849491,-0.000848811010308456,1,0,0,0,0,1,1108,0,0,0,0,0,0,-8.07292878102217e-07,0.00227255915162429,-0.000849618303186528,0,1,0,1
1.108,0.523598775598299,0.525764761439582,-0.0117754604024124,0.00136995272376113,0.525514751096442,0.525514751096442,-0.00191597549814315,-0.000182710480886243,-0.000182710480886243,-5.96855729195517e-05,-0.00143245374965669,0,0,0,0,-0.00143245374965669,-0.000250010343140479,1,0,0,0,0,1,1109,0,0,0,0,0,0,-1.13340118790273e-06,0.000634848884954369,-0.00025114374432833,0,1,0,1
1.109,0.523598775598299,0.525753326678711,-0.0111198661175824,0.0010796068794801,0.526237638295658,0.526237638295658,-0.00263886269735958,-0.00215999712038497,-0.00215999712038497,0.000115620881784408,0.00277490116202662,0,0,0,0,0.00277490116202662,0.000484311616947812,1,0,0,0,0,1,1110,0,0,0,0,0,0,-8.42287261826336e-07,-0.00134677752771107,0.000483469329686015,0,1,0,1
1.11,0.523598775598299,0.525742416794753,-0.0107726522387405,0.000258777757381601,0.526698523087195,0.526698523087195,-0.00309974748889608,-0.00340706086613801,-0.00340706086613801,0.000228253563910843,0.00547808553228253,0,0,0,0,0.00547808553228253,0.000956106292441963,1,0,0,0,0,1,1111,0,0,0,0,0,0,-8.80821504622986e-08,-0.00259815891122644,0.000956018210291454,0,1,0,1
1.111,0.523598775598299,0.525731626283693,-0.0108886595586975,-0.00064786934056333,0.526641257650086,0.526641257650086,-0.00304248205178725,-0.00324557901075355,-0.00324557901075355,0.000217158492591847,0.00521180382070334,0,0,0,0,0.00521180382070334,0.000909631366392934,1,0,0,0,0,1,1112,0,0,0,0,0,0,7.24021204878689e-07,-0.00244097266309314,0.000910355387597761,0,1,0,1
1.112,0.523598775598299,0.525720518220248,-0.0113718029366131,-0.00114914903642157,0.526090597385044,0.526090597385044,-0.0024918217867449,-0.00176076083004335,-0.00176076083004335,8.83498926443073e-05,0.0021203974228527,0,0,0,0,0.0021203974228527,0.000370079164795821,1,0,0,0,0,1,1113,0,0,0,0,0,0,1.15740715989077e-06,-0.00096042816359392,0.000371236571955702,0,1,0,1
1.113,0.523598775598299,0.52570886093018,-0.0119271546423393,-0.000973609177081906,0.525338781765384,0.525338781765384,-0.00174000616708558,0.000244841249288062,0.000244841249288062,-8.83498926443213e-05,-0.00212039742285304,0,0,0,0,-0.00212039742285304,-0.000370079164795879,1,0,0,0,0,1,1114,0,0,0,0,0,0,9.80709685238779e-07,0.00104092205651897,-0.000369098455110684,0,1,0,1
1.114,0.523598775598299,0.525696753404497,-0.0122208128645928,-0.000216674940058536,0.524787122038104,0.524787122038104,-0.00118834643980514,0.00168636547916611,0.00168636547916611,-0.000217158492591851,-0.00521180382070342,0,0,0,0,-0.00521180382070342,-0.000909631366392949,1,0,0,0,0,1,1115,0,0,0,0,0,0,2.93226569803018e-07,0.00247821614554277,-0.00090933813982319,0,1,0,1
1.115,0.523598775598299,0.525684571473159,-0.012060896620581,0.000711077593619121,0.524728465180717,0.524728465180717,-0.0011296895824181,0.00178470398501929,0.00178470398501929,-0.000228253563910838,-0.00547808553228242,0,0,0,0,-0.00547808553228242,-0.000956106292441944,1,0,0,0,0,1,1116,0,0,0,0,0,0,-5.28906863528356e-07,0.00257234612569864,-0.000956635199305444,0,1,0,1
1.116,0.523598775598299,0.525672763915531,-0.0115015564695403,0.00130647943036115,0.525188452298583,0.525188452298583,-0.00158967670028431,0.000488828176269627,0.000488828176269627,-0.000115620881784395,-0.0027749011620263,0,0,0,0,-0.0027749011620263,-0.000484311616947756,1,0,0,0,0,1,1117,0,0,0,0,0,0,-1.03660730266242e-06,0.0012722833036198,-0.000485348224250393,0,1,0,1
1.117,0.523598775598299,0.525661609028493,-0.0108136206973028,0.00124651782328987,0.525911619371634,0.525911619371634,-0.00231284377333474,-0.00149655049891465,-0.00149655049891465,5.96855729195597e-05,0.00143245374965689,0,0,0,0,0.00143245374965689,0.000250010343140512,1,0,0,0,0,1,1118,0,0,0,0,0,0,-9.51275330063339e-07,-0.000717260974895754,0.000249059067810475,0,1,0,1
1.118,0.523598775598299,0.525651063607568,-0.0103377885816874,0.000563429441822298,0.526499874617877,0.526499874617877,-0.0029010990195778,-0.00309297831925315,-0.00309297831925315,0.000202638702120493,0.00486332884949119,0,0,0,0,0.00486332884949119,0.00084881101030849,1,0,0,0,0,1,1119,0,0,0,0,0,0,-3.15814289497673e-07,-0.00231783309052073,0.000848495196019039,0,1,0,1
1.119,0.523598775598299,0.525640786202766,-0.0102999492003007,-0.00037277393259348,0.526628289053875,0.526628289053875,-0.00302951345557656,-0.00343284881888154,-0.00343284881888154,0.000235748940174885,0.00565797456256775,0,0,0,0,0.00565797456256775,0.000987502851108932,1,0,0,0,0,1,1120,0,0,0,0,0,0,5.28625564211183e-07,-0.00266182667892799,0.000988031476673146,0,1,0,1
1.12,0.523598775598299,0.525630322043016,-0.0106887345747851,-0.00105487501524216,0.526221228228603,0.526221228228603,-0.0026224526303037,-0.00232969987415073,-0.00232969987415073,0.000141068460550181,0.00338564305222929,0,0,0,0,0.00338564305222929,0.000590906185586714,1,0,0,0,0,1,1121,0,0,0,0,0,0,1.12757150050324e-06,-0.00156277971759126,0.000592033757087163,0,1,0,1
1.121,0.523598775598299,0.525619349388529,-0.0112616810302866,-0.00111339461867925,0.525493350679504,0.525493350679504,-0.00189457508120527,-0.00037928781877597,-0.00037928781877597,-3.00799760554301e-05,-0.00072191942512241,0,0,0,0,-0.00072191942512241,-0.000125998709024907,1,0,0,0,0,1,1122,0,0,0,0,0,0,1.15958068536148e-06,0.000383551359066325,-0.000124839128339493,0,1,0,1
1.122,0.523598775598299,0.525607853772663,-0.0116766589267257,-0.000516872562165737,0.524833249375127,0.524833249375127,-0.00123447377682795,0.00136334992499187,0.00136334992499187,-0.000184923178266202,-0.00443815627711066,0,0,0,0,-0.00443815627711066,-0.000774604397536349,1,0,0,0,0,1,1123,0,0,0,0,0,0,6.10482046914385e-07,0.00212212902849873,-0.000773993915489379,0,1,0,1
1.123,0.523598775598299,0.525596135683247,-0.0116773276009448,0.000411078929577378,0.524592809783339,0.524592809783339,-0.000994034185040293,0.00195579138250929,0.00195579138250929,-0.000239526414822785,-0.00574863395409124,0,0,0,0,-0.00574863395409124,-0.00100332589990833,1,0,0,0,0,1,1124,0,0,0,0,0,0,-2.18942391994048e-07,0.002710531216179,-0.00100354484230036,0,1,0,1
1.124,0.523598775598299,0.525584647519613,-0.011232087304692,0.00116719335044074,0.524896465708924,0.524896465708924,-0.00129769011062542,0.00107908192388563,0.00107908192388563,-0.000164291305422872,-0.00394299132901335,0,0,0,0,-0.00394299132901335,-0.0006881818106887,1,0,0,0,0,1,1125,0,0,0,0,0,0,-8.76000479044237e-07,0.00182980319274399,-0.000689057811167793,0,1,0,1
1.125,0.523598775598299,0.525573748204839,-0.0105512074694907,0.0013413519299468,0.525573748204839,0.525573748204839,-0.00197497260654012,-0.000789372259605189,-0.000789372259605189,-2.34537964025167e-19,-5.62891113498288e-18,0,0,0,0,-5.62891113498288e-18,-9.82430326076223e-19,1,0,0,0,0,1,1126,0,0,0,0,0,0,-1.00147768011816e-06,-4.2648949594673e-05,-1.00147768011816e-06,0,1,0,1
1.126,0.523598775598299,0.525563508468774,-0.00997284670411801,0.000838893732992077,0.526251690279463,0.526251690279463,-0.0026529146811638,-0.00263458821228676,-0.00263458821228676,0.000164291305422897,0.00394299132901394,0,0,0,0,0.00394299132901394,0.000688181810688803,1,0,0,0,0,1,1127,0,0,0,0,0,0,-5.24354053399456e-07,-0.00189184235381384,0.000687657456635349,0,1,0,1
1.127,0.523598775598299,0.525553672350644,-0.00977974883774324,-6.80721806276465e-05,0.526556998250552,0.526556998250552,-0.00295822265225354,-0.00345419060779266,-0.00345419060779266,0.000239526414822785,0.00574863395409123,0,0,0,0,0.00574863395409123,0.00100332589990833,1,0,0,0,0,1,1128,0,0,0,0,0,0,2.996983646808e-07,-0.00271540179179301,0.00100362559827305,0,1,0,1
1.128,0.523598775598299,0.525543795789249,-0.0100459772547756,-0.000888166946955456,0.526318400186786,0.526318400186786,-0.00271962458848696,-0.0028017620169335,-0.0028017620169335,0.000184923178266176,0.00443815627711004,0,0,0,0,0.00443815627711004,0.000774604397536241,1,0,0,0,0,1,1129,0,0,0,0,0,0,1.02690576087028e-06,-0.00206690993218196,0.000775631303297164,0,1,0,1
1.129,0.523598775598299,0.52553348717616,-0.0105967671285994,-0.0011771000805697,0.525659485885185,0.525659485885185,-0.00206071028688615,-0.00102882911192756,-0.00102882911192756,3.00799760554373e-05,0.000721919425122583,0,0,0,0,0.000721919425122583,0.000125998709024937,1,0,0,0,0,1,1130,0,0,0,0,0,0,1.26594574567651e-06,-0.000297893544632015,0.000127264654770642,0,1,0,1
1.13,0.523598775598299,0.525522619476981,-0.0111032581625792,-0.000778502801526906,0.524931713291394,0.524931713291394,-0.00133293769309528,0.000905686899166606,0.000905686899166606,-0.000141068460550208,-0.00338564305222994,0,0,0,0,-0.00338564305222994,-0.000590906185586828,1,0,0,0,0,1,1131,0,0,0,0,0,0,8.90068625247764e-07,0.00163272606576957,-0.000590016116961634,0,1,0,1
1.131,0.523598775598299,0.525511398937651,-0.011260756748674,9.13102677808735e-05,0.524523896086542,0.524523896086542,-0.000925120488243336,0.0019552657872113,0.0019552657872113,-0.000235748940174885,-0.00565797456256775,0,0,0,0,-0.00565797456256775,-0.000987502851108932,1,0,0,0,0,1,1132,0,0,0,0,0,0,1.05803703798202e-07,0.0026784285732603,-0.000987397047405136,0,1,0,1
1.132,0.523598775598299,0.52550025313264,-0.0109538982685899,0.0009605971939379,0.524651442122332,0.524651442122332,-0.00105266652403313,0.00155306798231449,0.00155306798231449,-0.000202638702120475,-0.00486332884949076,0,0,0,0,-0.00486332884949076,-0.000848811010308415,1,0,0,0,0,1,1133,0,0,0,0,0,0,-6.58992512780898e-07,0.00227237431172569,-0.000849470002821207,0,1,0,1
1.133,0.523598775598299,0.525489599039949,-0.0103191812070928,0.00135790245324979,0.525239588696809,0.525239588696809,-0.00164081309850983,-8.08027610873603e-05,-8.08027610873603e-05,-5.96855729195667e-05,-0.00143245374965706,0,0,0,0,-0.00143245374965706,-0.000250010343140542,1,0,0,0,0,1,1134,0,0,0,0,0,0,-9.87061312796023e-07,0.000634666939781054,-0.000250997404453335,0,1,0,1
1.134,0.523598775598299,0.525479616860804,-0.00967097566433451,0.00106761540047889,0.525963928477752,0.525963928477752,-0.00236515287945283,-0.00205860935808583,-0.00205860935808583,0.00011562088178443,0.00277490116202715,0,0,0,0,0.00277490116202715,0.000484311616947905,1,0,0,0,0,1,1135,0,0,0,0,0,0,-6.97922078352065e-07,-0.0013469565530852,0.0004836136948696,0,1,0,1
1.135,0.523598775598299,0.525470152187962,-0.00933111429609868,0.000246844760464488,0.526426258480404,0.526426258480404,-0.00282748288210533,-0.00330619054330356,-0.00330619054330356,0.000228253563910838,0.00547808553228242,0,0,0,0,0.00547808553228242,0.000956106292441943,1,0,0,0,0,1,1136,0,0,0,0,0,0,5.42960268967718e-08,-0.0025983349965175,0.000956160588468813,0,1,0,1
1.136,0.523598775598299,0.525460799553545,-0.00945443808467358,-0.000659744165136154,0.526370430919938,0.526370430919938,-0.00277165532163903,-0.00314522362420118,-0.00314522362420118,0.000217158492591836,0.00521180382070308,0,0,0,0,0.00521180382070308,0.000909631366392889,1,0,0,0,0,1,1137,0,0,0,0,0,0,8.64401892064492e-07,-0.00244114579259963,0.000910495768284947,0,1,0,1
1.137,0.523598775598299,0.525451122068216,-0.00994486207867448,-0.00116096599848703,0.525821201233012,0.525821201233012,-0.00222242563471309,-0.00166091789120945,-0.00166091789120945,8.83498926443217e-05,0.00212039742285305,0,0,0,0,0.00212039742285305,0.000370079164795881,1,0,0,0,0,1,1138,0,0,0,0,0,0,1.29578164642652e-06,-0.000960598325988366,0.000371374946442349,0,1,0,1
1.138,0.523598775598299,0.525440888093496,-0.0105074587372754,-0.000985368586367866,0.525070808928701,0.525070808928701,-0.00147203333040169,0.000344174214578232,0.000344174214578232,-8.83498926443386e-05,-0.00212039742285345,0,0,0,0,-0.00212039742285345,-0.000370079164795952,1,0,0,0,0,1,1139,0,0,0,0,0,0,1.1170709776076e-06,0.00104075486839341,-0.000368962093818315,0,1,0,1
1.139,0.523598775598299,0.525430196655961,-0.0108083264382738,-0.000228377105988037,0.524520565289568,0.524520565289568,-0.000921789691269437,0.0017851909309229,0.0017851909309229,-0.000217158492591844,-0.00521180382070326,0,0,0,0,-0.00521180382070326,-0.000909631366392921,1,0,0,0,0,1,1140,0,0,0,0,0,0,4.27569333716349e-07,0.0024780519348717,-0.000909203797059166,0,1,0,1
1.14,0.523598775598299,0.525419423620951,-0.0106555843876157,0.000699432362112813,0.524463317328509,0.524463317328509,-0.000864541730210444,0.00188302436931099,0.00188302436931099,-0.00022825356391083,-0.00547808553228223,0,0,0,0,-0.00547808553228223,-0.000956106292441911,1,0,0,0,0,1,1141,0,0,0,0,0,0,-3.96586358974993e-07,0.00257218489189135,-0.000956502878800891,0,1,0,1
1.141,0.523598775598299,0.525409017803023,-0.010103383332838,0.00129489082500959,0.524924706186075,0.524924706186075,-0.00132593058777597,0.000586645925439209,0.000586645925439209,-0.000115620881784408,-0.00277490116202663,0,0,0,0,-0.00277490116202663,-0.000484311616947813,1,0,0,0,0,1,1142,0,0,0,0,0,0,-9.06311242721003e-07,0.00127212504250144,-0.000485217928190562,0,1,0,1
1.142,0.523598775598299,0.525399257534058,-0.00942255174754546,0.00123498553665419,0.525649267877199,0.525649267877199,-0.00205049227890031,-0.00139923296603592,-0.00139923296603592,5.96855729195843e-05,0.00143245374965748,0,0,0,0,0.00143245374965748,0.000250010343140616,1,0,0,0,0,1,1143,0,0,0,0,0,0,-8.23004410399619e-07,-0.000717416270898601,0.00024918733873025,0,1,0,1
1.143,0.523598775598299,0.525390099644397,-0.0089537890967164,0.000551953167448489,0.526238910654706,0.526238910654706,-0.00264013505640681,-0.00299615859713378,-0.00299615859713378,0.000202638702120484,0.00486332884949099,0,0,0,0,0.00486332884949099,0.000848811010308455,1,0,0,0,0,1,1144,0,0,0,0,0,0,-1.89567772257426e-07,-0.00231798543219458,0.000848621442536168,0,1,0,1
1.144,0.523598775598299,0.525381202718678,-0.00892298464442408,-0.000384194500027909,0.526368705569787,0.526368705569787,-0.00276992997148817,-0.00333652451508879,-0.00333652451508879,0.000235748940174882,0.00565797456256767,0,0,0,0,0.00565797456256767,0.000987502851108917,1,0,0,0,0,1,1145,0,0,0,0,0,0,6.52849794335886e-07,-0.00266197608009744,0.00098815570090327,0,1,0,1
1.145,0.523598775598299,0.525372112020272,-0.00931877059800936,-0.00106624017979219,0.525963018205859,0.525963018205859,-0.00236424260755974,-0.00223386860914744,-0.00223386860914744,0.000141068460550194,0.00338564305222959,0,0,0,0,0.00338564305222959,0.000590906185586766,1,0,0,0,0,1,1146,0,0,0,0,0,0,1.24977688098493e-06,-0.00156292619494208,0.000592155962467755,0,1,0,1
1.146,0.523598775598299,0.525362505843648,-0.00989868346747959,-0.00112470468300414,0.525236507134623,0.525236507134623,-0.00163773153632452,-0.000283947225722872,-0.000283947225722872,-3.00799760554553e-05,-0.000721919425123015,0,0,0,0,-0.000721919425123015,-0.000125998709025013,1,0,0,0,0,1,1147,0,0,0,0,0,0,1.27977192099227e-06,0.000383407786156967,-0.000124718937103974,0,1,0,1
1.147,0.523598775598299,0.525352369756238,-0.0103205937967132,-0.000528127827409096,0.524577765358702,0.524577765358702,-0.000978989760402893,0.00145820220042485,0.00145820220042485,-0.000184923178266192,-0.00443815627711042,0,0,0,0,-0.00443815627711042,-0.000774604397536308,1,0,0,0,0,1,1148,0,0,0,0,0,0,7.28665055738098e-07,0.0021219883381243,-0.000773875732480556,0,1,0,1
1.148,0.523598775598299,0.52534200427976,-0.0103281611055466,0.000399878163897974,0.524338678379851,0.524338678379851,-0.00073990278155267,0.0020501576823334,0.0020501576823334,-0.000239526414822784,-0.00574863395409121,0,0,0,0,-0.00574863395409121,-0.00100332589990832,1,0,0,0,0,1,1149,0,0,0,0,0,0,-1.02760532527668e-07,0.00271039338406802,-0.0010034286604409,0,1,0,1
1.149,0.523598775598299,0.525331861847252,-0.00988978582770186,0.00115604678653723,0.524643680036563,0.524643680036563,-0.0010449044382641,0.00117296457797524,0.00117296457797524,-0.000164291305422884,-0.00394299132901362,0,0,0,0,-0.00394299132901362,-0.000688181810688748,1,0,0,0,0,1,1150,0,0,0,0,0,0,-7.61811584482075e-07,0.00182966819241338,-0.00068894362227323,0,1,0,1
1.15,0.523598775598299,0.525322301415319,-0.00921573757560438,0.00133025927185582,0.525322301415319,0.525322301415319,-0.00172352581701984,-0.000695970933334415,-0.000695970933334415,0,0,0,0,0,0,0,0,0,0,0,0,0,1,1151,0,0,0,0,0,0,-8.89272511295225e-07,-4.27811466871758e-05,-8.89272511295225e-07,0,0,1,0
1.151,0.523598775598299,0.525313393747154,-0.00864417513781249,0.000827854686662568,0.525313393747154,0.525313393747154,-0.00171461814885565,-0.000692018342647971,-0.000692018342647971,0,0,0,0,0,0,0,0,0,0,0,0,0,1,1152,0,0,0,0,0,0,-4.14122367287106e-07,-4.23242130691334e-05,-4.14122367287106e-07,0,0,1,0
1.152,0.523598775598299,0.525304941431544,-0.00828893395408269,0.000506875773160529,0.525304941431544,0.525304941431544,-0.00170616583324479,-0.000689215538491723,-0.000689215538491723,0,0,0,0,0,0,0,0,0,0,0,0,0,1,1153,0,0,0,0,0,0,4.66484156191882e-07,-4.2998983659559e-05,4.66484156191882e-07,0,0,1,0
1.153,0.523598775598299,0.525296770149521,-0.00807179281913054,0.000302146330232137,0.525296770149521,0.525296770149521,-0.00169799455122255,-0.000687079127762624,-0.000687079127762624,0,0,0,0,0,0,0,0,0,0,0,0,0,1,1154,0,0,0,0,0,0,1.57848339688016e-06,-4.43221533783147e-05,1.57848339688016e-06,0,0,1,0
1.154,0.523598775598299,0.525288768714999,-0.00794262871008786,0.000171913746434574,0.525288768714999,0.525288768714999,-0.00168999311669971,-0.000685302056685351,-0.000685302056685351,0,0,0,0,0,0,0,0,0,0,0,0,0,1,1155,0,0,0,0,0,0,2.81094335063958e-06,-4.59867560944432e-05,2.81094335063958e-06,0,0,1,0
1.155,0.523598775598299,0.525280866399032,-0.00786931896478922,8.94296534928127e-05,0.525280866399032,0.525280866399032,-0.00168209080073334,-0.000683690209734537,-0.000683690209734537,0,0,0,0,0,0,0,0,0,0,0,0,0,1,1156,0,0,0,0,0,0,4.09338794704617e-06,-4.77987635489926e-05,4.09338794704617e-06,0,0,1,0
1.156,0.523598775598299,0.525273018402884,-0.00783127299316172,3.75568695517279e-05,0.525273018402884,0.525273018402884,-0.0016742428045855,-0.000682121794283803,-0.000682121794283803,0,0,0,0,0,0,0,0,0,0,0,0,0,1,1157,0,0,0,0,0,0,5.3812701138467e-06,-4.96364700073512e-05,5.3812701138467e-06,0,0,1,0
1.157,0.523598775598299,0.525265196550904,-0.007815288905448,5.31484744874342e-06,0.525265196550904,0.525265196550904,-0.00166642095260539,-0.000680521320986448,-0.000680521320986448,0,0,0,0,0,0,0,0,0,0,0,0,0,1,1158,0,0,0,0,0,0,6.6466646632124e-06,-5.14244726387818e-05,6.6466646632124e-06,0,0,1,0
1.158,0.523598775598299,0.525257383327072,-0.00781289937880452,-1.43331579779553e-05,0.525257383327072,0.525257383327072,-0.00165860772877269,-0.000678842933743565,-0.000678842933743565,0,0,0,0,0,0,0,0,0,0,0,0,0,1,1159,0,0,0,0,0,0,7.87230484078361e-06,-5.31170014876192e-05,7.87230484078361e-06,0,0,1,0
1.159,0.523598775598299,0.525249568053414,-0.00781867146429038,-2.58975333106697e-05,0.525249568053414,0.525249568053414,-0.00165079245511535,-0.00067705972880742,-0.00067705972880742,0,0,0,0,0,0,0,0,0,0,0,0,0,1,1160,0,0,0,0,0,0,9.04776074783786e-06,-5.46872385764632e-05,9.04776074783786e-06,0,0,1,0
1.16,0.523598775598299,0.525241744440488,-0.00782911744648295,-3.22702594734615e-05,0.525241744440488,0.525241744440488,-0.0016429688421894,-0.000675156910458177,-0.000675156910458177,0,0,0,0,0,0,0,0,0,0,0,0,0,1,1161,0,0,0,0,0,0,1.01669898262546e-05,-5.61204735845559e-05,1.01669898262546e-05,0,0,1,0
1.161,0.523598775598299,0.525233909016811,-0.00784199711728807,-3.53065080419702e-05,0.525233909016811,0.525233909016811,-0.00163513341851174,-0.000673127404410852,-0.000673127404410852,0,0,0,0,0,0,0,0,0,0,0,0,0,1,1162,0,0,0,0,0,0,1.12267662959464e-05,-5.74097172552235e-05,1.12267662959464e-05,0,0,1,0
1.162,0.523598775598299,0.525226060121382,-0.00785587077348736,-3.61971882669017e-05,0.525226060121382,0.525226060121382,-0.00162728452308358,-0.000670969045728479,-0.000670969045728479,0,0,0,0,0,0,0,0,0,0,0,0,0,1,1163,0,0,0,0,0,0,1.22256736838633e-05,-5.85528893119651e-05,1.22256736838633e-05,0,0,1,0
1.163,0.523598775598299,0.525218197256971,-0.00786981281808413,-3.57075866023792e-05,0.525218197256971,0.525218197256971,-0.00161942165867202,-0.000668682775470457,-0.000668682775470457,0,0,0,0,0,0,0,0,0,0,0,0,0,1,1164,0,0,0,0,0,0,1.3163458109644e-05,-5.95510151058572e-05,1.3163458109644e-05,0,0,1,0
1.164,0.523598775598299,0.525210320674546,-0.00788322823870493,-3.43302311812313e-05,0.525210320674546,0.525210320674546,-0.00161154507624717,-0.00066627148367348,-0.00066627148367348,0,0,0,0,0,0,0,0,0,0,0,0,0,1,1165,0,0,0,0,0,0,1.40406127281389e-05,-6.04070685988707e-05,1.40406127281389e-05,0,0,1,0
1.165,0.523598775598299,0.525202431105852,-0.00789573498593415,-3.23828127094301e-05,0.525202431105852,0.525202431105852,-0.00160365550755293,-0.000663739266511273,-0.000663739266511273,0,0,0,0,0,0,0,0,0,0,0,0,0,1,1166,0,0,0,0,0,0,1.48581103047718e-05,-6.11252295242459e-05,1.48581103047718e-05,0,0,1,0
1.166,0.523598775598299,0.525194529590929,-0.00790708856572846,-3.00709110252474e-05,0.525194529590929,0.525194529590929,-0.00159575399263046,-0.000661090948922508,-0.000661090948922508,0,0,0,0,0,0,0,0,0,0,0,0,0,1,1167,0,0,0,0,0,0,1.56172307440583e-05,-6.17104060159708e-05,1.56172307440583e-05,0,0,1,0
1.167,0.523598775598299,0.525186617366528,-0.00791713367384349,-2.75281777943786e-05,0.525186617366528,0.525186617366528,-0.00158784176822879,-0.000658331777445879,-0.000658331777445879,0,0,0,0,0,0,0,0,0,0,0,0,0,1,1168,0,0,0,0,0,0,1.63194495049757e-05,-6.21679274448537e-05,1.63194495049757e-05,0,0,1,0
1.168,0.523598775598299,0.525178695793577,-0.00792577315374907,-2.48420786577449e-05,0.525178695793577,0.525178695793577,-0.00157992019527786,-0.000655467222230527,-0.000655467222230527,0,0,0,0,0,0,0,0,0,0,0,0,0,1,1169,0,0,0,0,0,0,1.69663650785301e-05,-6.25033464293876e-05,1.69663650785301e-05,0,0,1,0
1.169,0.523598775598299,0.525170766309744,-0.00793294805280114,-2.20703854441168e-05,0.525170766309744,0.525170766309744,-0.00157199071144476,-0.000652502849127819,-0.000652502849127819,0,0,0,0,0,0,0,0,0,0,0,0,0,1,1170,0,0,0,0,0,0,1.75596515493703e-05,-6.27223109301066e-05,1.75596515493703e-05,0,0,1,0
1.17,0.523598775598299,0.525162830398114,-0.00793862478907978,-1.92517433149298e-05,0.525162830398114,0.525162830398114,-0.00156405479981503,-0.000649444236810462,-0.000649444236810462,0,0,0,0,0,0,0,0,0,0,0,0,0,1,1171,0,0,0,0,0,0,1.8101027281392e-05,-6.28304813686028e-05,1.8101027281392e-05,0,0,1,0
1.171,0.523598775598299,0.52515488956626,-0.00794278687463247,-1.64124425943473e-05,0.52515488956626,0.52515488956626,-0.00155611396796074,-0.000646296922869184,-0.000646296922869184,0,0,0,0,0,0,0,0,0,0,0,0,0,1,1172,0,0,0,0,0,0,1.85922339909217e-05,-6.28334767262578e-05,1.85922339909217e-05,0,0,1,0
1.172,0.523598775598299,0.525146945332016,-0.00794542955898426,-1.35707595033711e-05,0.525146945332016,0.525146945332016,-0.00154816973371763,-0.000643066368599084,-0.000643066368599084,0,0,0,0,0,0,0,0,0,0,0,0,0,1,1173,0,0,0,0,0,0,1.90350225284242e-05,-6.27368393311652e-05,1.90350225284242e-05,0,0,1,0
1.173,0.523598775598299,0.525138999213612,-0.00794655634488212,-1.07397396495759e-05,0.525138999213612,0.525138999213612,-0.00154022361531314,-0.000639757935877774,-0.000639757935877774,0,0,0,0,0,0,0,0,0,0,0,0,0,1,1174,0,0,0,0,0,0,1.94311430112837e-05,-6.25460117375004e-05,1.94311430112837e-05,0,0,1,0
1.174,0.523598775598299,0.525131052722633,-0.0079461767049512,-7.92898401644131e-06,0.525131052722633,0.525131052722633,-0.0015322771243339,-0.000636376871905738,-0.000636376871905738,0,0,0,0,0,0,0,0,0,0,0,0,0,1,1175,0,0,0,0,0,0,1.97823377962036e-05,-6.226632146743e-05,1.97823377962036e-05,0,0,1,0
1.175,0.523598775598299,0.525123107358862,-0.00794430456924199,-5.14579599434375e-06,0.525123107358862,0.525123107358862,-0.00152433176056332,-0.000632928299094857,-0.000632928299094857,0,0,0,0,0,0,0,0,0,0,0,0,0,1,1176,0,0,0,0,0,0,2.00903363213323e-05,-6.19029709003232e-05,2.00903363213323e-05,0,0,1,0
1.176,0.523598775598299,0.525115164606364,-0.00794095730821145,-2.39591911475518e-06,0.525115164606364,0.525115164606364,-0.00151638900806506,-0.000629417208357047,-0.000629417208357047,0,0,0,0,0,0,0,0,0,0,0,0,0,1,1177,0,0,0,0,0,0,2.03568511943919e-05,-6.14610305624255e-05,2.03568511943919e-05,0,0,1,0
1.177,0.523598775598299,0.525107225930412,-0.00793615503468543,3.15987407067351e-07,0.525107225930412,0.525107225930412,-0.00150845033211289,-0.000625848454673306,-0.000625848454673306,0,0,0,0,0,0,0,0,0,0,0,0,0,1,1178,0,0,0,0,0,0,2.05835751275751e-05,-6.0945434697863e-05,2.05835751275751e-05,0,0,1,0
1.178,0.523598775598299,0.525099292775007,-0.00792992011176501,2.98604109510569e-06,0.525099292775007,0.525099292775007,-0.0015005171767084,-0.000622226754217583,-0.000622226754217583,0,0,0,0,0,0,0,0,0,0,0,0,0,1,1179,0,0,0,0,0,0,2.07721784598602e-05,-6.03609783936089e-05,2.07721784598602e-05,0,0,1,0
1.179,0.523598775598299,0.525091366560817,-0.00792227679425833,5.61093624888039e-06,0.525091366560817,0.525091366560817,-0.0014925909625183,-0.000618556682563518,-0.000618556682563518,0,0,0,0,0,0,0,0,0,0,0,0,0,1,1180,0,0,0,0,0,0,2.09243070984355e-05,-5.97123157858649e-05,2.09243070984355e-05,0,0,1,0
1.18,0.523598775598299,0.525083448683423,-0.00791325095723579,8.18781293862803e-06,0.525083448683423,0.525083448683423,-0.00148467308512468,-0.000614842673673786,-0.000614842673673786,0,0,0,0,0,0,0,0,0,0,0,0,0,1,1181,0,0,0,0,0,0,2.1041580774428e-05,-5.90039590526734e-05,2.1041580774428e-05,0,0,1,0
1.181,0.523598775598299,0.525075540511814,-0.00790286988196967,1.0714170200936e-05,0.525075540511814,0.525075540511814,-0.00147676491351512,-0.000611089019466109,-0.000611089019466109,0,0,0,0,0,0,0,0,0,0,0,0,0,1,1182,0,0,0,0,0,0,2.11255915369968e-05,-5.82402779793429e-05,2.11255915369968e-05,0,0,1,0
1.182,0.523598775598299,0.525067643387066,-0.00789116208019108,1.31878075807314e-05,0.525067643387066,0.525067643387066,-0.00146886778876765,-0.00060729986982874,-0.00060729986982874,0,0,0,0,0,0,0,0,0,0,0,0,0,1,1183,0,0,0,0,0,0,2.11779024433811e-05,-5.74254999763778e-05,2.11779024433811e-05,0,0,1,0
1.183,0.523598775598299,0.525059758621195,-0.0078781571444313,1.56067848653528e-05,0.525059758621195,0.525059758621195,-0.00146098302289643,-0.000603479232989277,-0.000603479232989277,0,0,0,0,0,0,0,0,0,0,0,0,0,1,1184,0,0,0,0,0,0,2.12000464090423e-05,-5.65637104489708e-05,2.12000464090423e-05,0,0,1,0
1.184,0.523598775598299,0.525051887496137,-0.00786388561659082,1.79693935111853e-05,0.525051887496137,0.525051887496137,-0.00145311189783826,-0.000599630976179918,-0.000599630976179918,0,0,0,0,0,0,0,0,0,0,0,0,0,1,1185,0,0,0,0,0,0,2.11935251985818e-05,-5.5658853462977e-05,2.11935251985818e-05,0,0,1,0
1.185,0.523598775598299,0.525044031262862,-0.00784837886968105,2.02741356005174e-05,0.525044031262862,0.525044031262862,-0.00144525566456277,-0.000595758826551195,-0.000595758826551195,0,0,0,0,0,0,0,0,0,0,0,0,0,1,1186,0,0,0,0,0,0,2.11598085410047e-05,-5.4714732660905e-05,2.11598085410047e-05,0,0,1,0
1.186,0.523598775598299,0.525036191140596,-0.00783166899947686,2.25197076660842e-05,0.525036191140596,0.525036191140596,-0.00143741554229693,-0.000591866372306563,-0.000591866372306563,0,0,0,0,0,0,0,0,0,0,0,0,0,1,1187,0,0,0,0,0,0,2.1100333358004e-05,-5.37350123958023e-05,2.1100333358004e-05,0,0,1,0
1.187,0.523598775598299,0.525028368316151,-0.00781378872396601,2.47049876784538e-05,0.525028368316151,0.525028368316151,-0.00142959271785226,-0.000587957064026517,-0.000587957064026517,0,0,0,0,0,0,0,0,0,0,0,0,0,1,1188,0,0,0,0,0,0,2.10165030968268e-05,-5.27232190591963e-05,2.10165030968268e-05,0,0,1,0
1.188,0.523598775598299,0.52502056394335,-0.00779477128921504,2.68290241083224e-05,0.52502056394335,0.52502056394335,-0.00142178834505113,-0.000584034216170687,-0.000584034216170687,0,0,0,0,0,0,0,0,0,0,0,0,0,1,1189,0,0,0,0,0,0,2.09096871601755e-05,-5.16827425819512e-05,2.09096871601755e-05,0,0,1,0
1.189,0.523598775598299,0.525012779142542,-0.00777465038074085,2.88910263659777e-05,0.525012779142542,0.525012779142542,-0.00141400354424281,-0.000580101008732882,-0.000580101008732882,0,0,0,0,0,0,0,0,0,0,0,0,0,1,1190,0,0,0,0,0,0,2.07812204272573e-05,-5.06168380917222e-05,2.07812204272573e-05,0,0,1,0
1.19,0.523598775598299,0.525005015000205,-0.00775346003977646,3.08903561753813e-05,0.525005015000205,0.525005015000205,-0.00140623940190632,-0.000576160489040775,-0.000576160489040775,0,0,0,0,0,0,0,0,0,0,0,0,0,1,1191,0,0,0,0,0,0,2.06324028609872e-05,-4.95286277132764e-05,2.06324028609872e-05,0,0,1,0
1.191,0.523598775598299,0.524997272568634,-0.00773123458401052,3.28265195989259e-05,0.524997272568634,0.524997272568634,-0.00139849697033489,-0.000572215573686107,-0.000572215573686107,0,0,0,0,0,0,0,0,0,0,0,0,0,1,1192,0,0,0,0,0,0,2.04644991970149e-05,-4.84211024999715e-05,2.04644991970149e-05,0,0,1,0
1.192,0.523598775598299,0.524989552865696,-0.00770800853250222,3.46991595327594e-05,0.524989552865696,0.524989552865696,-0.00139077726739734,-0.000568269050572664,-0.000568269050572664,0,0,0,0,0,0,0,0,0,0,0,0,0,1,1193,0,0,0,0,0,0,2.02787387098002e-05,-4.72971244836508e-05,2.02787387098002e-05,0,0,1,0
1.193,0.523598775598299,0.524981856874671,-0.00768381653455023,3.65080485588214e-05,0.524981856874671,0.524981856874671,-0.00138308127637232,-0.000564323581072158,-0.000564323581072158,0,0,0,0,0,0,0,0,0,0,0,0,0,1,1194,0,0,0,0,0,0,2.00763150509653e-05,-4.61594288303628e-05,2.00763150509653e-05,0,0,1,0
1.194,0.523598775598299,0.524974185544152,-0.00765869330234358,3.82530820813799e-05,0.524974185544152,0.524974185544152,-0.00137540994585272,-0.000560381702280057,-0.000560381702280057,0,0,0,0,0,0,0,0,0,0,0,0,0,1,1195,0,0,0,0,0,0,1.98583861584778e-05,-4.50106260984863e-05,1.98583861584778e-05,0,0,1,0
1.195,0.523598775598299,0.524966539788013,-0.00763267354725316,3.99342717019811e-05,0.524966539788013,0.524966539788013,-0.00136776418971418,-0.000556445829356665,-0.000556445829356665,0,0,0,0,0,0,0,0,0,0,0,0,0,1,1196,0,0,0,0,0,0,1.96260742292287e-05,-4.3853204579729e-05,1.96260742292287e-05,0,0,1,0
1.196,0.523598775598299,0.524958920485446,-0.00760579191964206,4.15517388056706e-05,0.524958920485446,0.524958920485446,-0.00136014488714675,-0.000552518257950864,-0.000552518257950864,0,0,0,0,0,0,0,0,0,0,0,0,0,1,1197,0,0,0,0,0,0,1.93804657558916e-05,-4.26895327261356e-05,1.93804657558916e-05,0,0,1,0
1.197,0.523598775598299,0.524951328481043,-0.00757808295208504,4.3105708339583e-05,0.524951328481043,0.524951328481043,-0.0013525528827445,-0.000548601166693539,-0.000548601166693539,0,0,0,0,0,0,0,0,0,0,0,0,0,1,1198,0,0,0,0,0,0,1.91226116199594e-05,-4.15218616419944e-05,1.91226116199594e-05,0,0,1,0
1.198,0.523598775598299,0.524943764584949,-0.00754958100589505,4.45965027736646e-05,0.524943764584949,0.524943764584949,-0.00134498898664992,-0.000544696619753213,-0.000544696619753213,0,0,0,0,0,0,0,0,0,0,0,0,0,1,1199,0,0,0,0,0,0,1.88535272412915e-05,-4.03523276425221e-05,1.88535272412915e-05,0,0,1,0
1.199,0.523598775598299,0.52493622957305,-0.00752032022085924,4.60245362370286e-05,0.52493622957305,0.52493622957305,-0.00133745397475116,-0.00054080656944922,-0.00054080656944922,0,0,0,0,0,0,0,0,0,0,0,0,0,1,1200,0,0,0,0,0,0,1.8574192779619e-05,-3.91829548680007e-05,1.8574192779619e-05,0,0,1,0
1.2,0.523598775598299,0.524928724187226,-0.00749033446809005,4.73903088249796e-05,0.524928724187226,0.524928724187226,-0.00132994858892732,-0.000536932858911216,-0.000536932858911216,0,0,0,0,0,0,0,0,0,0,0,0,0,1,1201,0,0,0,0,0,0,1.82855533841231e-05,-3.80156579439851e-05,1.82855533841231e-05,0,0,1,0
1.201,0.523598775598299,0.524921249135638,-0.00745965730589856,4.86944010748176e-05,0.524921249135638,0.524921249135638,-0.00132247353733872,-0.000533077224777231,-0.000533077224777231,0,0,0,0,0,0,0,0,0,0,0,0,0,1,1202,0,0,0,0,0,0,1.79885194877549e-05,-3.6852244679812e-05,1.79885194877549e-05,0,0,1,0
1.202,0.523598775598299,0.52491380509306,-0.00742832193859846,4.99374686093849e-05,0.52491380509306,0.52491380509306,-0.00131502949476148,-0.000529241299930343,-0.000529241299930343,0,0,0,0,0,0,0,0,0,0,0,0,0,1,1203,0,0,0,0,0,0,1.76839671468532e-05,-3.56944188081489e-05,1.76839671468532e-05,0,0,1,0
1.203,0.523598775598299,0.524906392701259,-0.00739636117814983,5.11202369453722e-05,0.524906392701259,0.524906392701259,-0.00130761710296057,-0.000525426616259064,-0.000525426616259064,0,0,0,0,0,0,0,0,0,0,0,0,0,1,1204,0,0,0,0,0,0,1.73727384179534e-05,-3.45437827449983e-05,1.73727384179534e-05,0,0,1,0
1.204,0.523598775598299,0.524899012569399,-0.00736380740855281,5.2243496466979e-05,0.524899012569399,0.524899012569399,-0.00130023697109971,-0.000521634607438703,-0.000521634607438703,0,0,0,0,0,0,0,0,0,0,0,0,0,1,1205,0,0,0,0,0,0,1.70556417725676e-05,-3.34018403737118e-05,1.70556417725676e-05,0,0,1,0
1.205,0.523598775598299,0.524891665274486,-0.00733069255290125,5.33080975638831e-05,0.524891665274486,0.524891665274486,-0.0012928896761869,-0.000517866611731808,-0.000517866611731808,0,0,0,0,0,0,0,0,0,0,0,0,0,1,1206,0,0,0,0,0,0,1.67334525463803e-05,-3.22699998448191e-05,1.67334525463803e-05,0,0,1,0
1.206,0.523598775598299,0.524884351361849,-0.00729704804300757,5.43149459312004e-05,0.524884351361849,0.524884351361849,-0.00128557576354993,-0.000514123874793922,-0.000514123874793922,0,0,0,0,0,0,0,0,0,0,0,0,0,1,1207,0,0,0,0,0,0,1.64069134196421e-05,-3.11495763845177e-05,1.64069134196421e-05,0,0,1,0
1.207,0.523598775598299,0.524877071345641,-0.00726290479151039,5.52649980321259e-05,0.524877071345641,0.524877071345641,-0.0012782957473424,-0.0005104075524877,-0.0005104075524877,0,0,0,0,0,0,0,0,0,0,0,0,0,1,1208,0,0,0,0,0,0,1.60767349270952e-05,-3.00417951088461e-05,1.60767349270952e-05,0,0,1,0
1.208,0.523598775598299,0.524869825709374,-0.00722829316637722,5.61592567204777e-05,0.524869825709374,0.524869825709374,-0.00127105011107542,-0.000506718713693781,-0.000506718713693781,0,0,0,0,0,0,0,0,0,0,0,0,0,1,1209,0,0,0,0,0,0,1.57435959940999e-05,-2.89477938361618e-05,1.57435959940999e-05,0,0,1,0
1.209,0.523598775598299,0.524862614906473,-0.00719324296771537,5.6998767022891e-05,0.524862614906473,0.524862614906473,-0.00126383930817431,-0.000503058343118242,-0.000503058343118242,0,0,0,0,0,0,0,0,0,0,0,0,0,1,1210,0,0,0,0,0,0,1.54081444975196e-05,-2.78686258956299e-05,1.54081444975196e-05,0,0,1,0
1.21,0.523598775598299,0.524855439360856,-0.00715778340680487,5.77846120783641e-05,0.524855439360856,0.524855439360856,-0.00125666376255695,-0.000499427344089606,-0.000499427344089606,0,0,0,0,0,0,0,0,0,0,0,0,0,1,1211,0,0,0,0,0,0,1.50709978484764e-05,-2.68052629256075e-05,1.50709978484764e-05,0,0,1,0
1.211,0.523598775598299,0.524848299467531,-0.00712194308726831,5.85179092337928e-05,0.524848299467531,0.524848299467531,-0.0012495238692326,-0.000495826541343177,-0.000495826541343177,0,0,0,0,0,0,0,0,0,0,0,0,0,1,1212,0,0,0,0,0,0,1.47327435953137e-05,-2.57585976590822e-05,1.47327435953137e-05,0,0,1,0
1.212,0.523598775598299,0.524841195593216,-0.00708574998829369,5.91998062932081e-05,0.524841195593216,0.524841195593216,-0.00124241999491748,-0.000492256683785127,-0.000492256683785127,0,0,0,0,0,0,0,0,0,0,0,0,0,1,1213,0,0,0,0,0,0,1.43939400433224e-05,-2.47294466886069e-05,1.43939400433224e-05,0,0,1,0
1.213,0.523598775598299,0.524834128076966,-0.00704923144982691,5.98314779195862e-05,0.524834128076966,0.524834128076966,-0.00123535247866713,-0.000488718447237757,-0.000488718447237757,0,0,0,0,0,0,0,0,0,0,0,0,0,1,1214,0,0,0,0,0,0,1.40551168914538e-05,-2.37185532130477e-05,1.40551168914538e-05,0,0,1,0
1.214,0.523598775598299,0.524827097230821,-0.00701241415965238,6.04141221859815e-05,0.524827097230821,0.524827097230821,-0.00122832163252229,-0.00048521243715868,-0.00048521243715868,0,0,0,0,0,0,0,0,0,0,0,0,0,1,1215,0,0,0,0,0,0,1.37167758821333e-05,-2.27265897573821e-05,1.37167758821333e-05,0,0,1,0
1.215,0.523598775598299,0.524820103340466,-0.00697532414228093,6.09489572742214e-05,0.524820103340466,0.524820103340466,-0.00122132774216688,-0.000481739191332367,-0.000481739191332367,0,0,0,0,0,0,0,0,0,0,0,0,0,1,1216,0,0,0,0,0,0,1.33793914638414e-05,-2.17541608664032e-05,1.33793914638414e-05,0,0,1,0
1.216,0.523598775598299,0.524813146665895,-0.00693798674956614,6.1437218318531e-05,0.524813146665895,0.524813146665895,-0.00121437106759581,-0.00047829918252923,-0.00047829918252923,0,0,0,0,0,0,0,0,0,0,0,0,0,1,1217,0,0,0,0,0,0,1.30434114625766e-05,-2.08018057635921e-05,1.30434114625766e-05,0,0,1,0
1.217,0.523598775598299,0.52480622744209,-0.00690042665297083,6.18801543920047e-05,0.52480622744209,0.52480622744209,-0.00120745184379145,-0.000474892821131014,-0.000474892821131014,0,0,0,0,0,0,0,0,0,0,0,0,0,1,1218,0,0,0,0,0,0,1.27092577629773e-05,-1.98700009790415e-05,1.27092577629773e-05,0,0,1,0
1.218,0.523598775598299,0.524799345879707,-0.00686266783740741,6.22790256330599e-05,0.524799345879707,0.524799345879707,-0.00120057028140796,-0.000471520457722144,-0.000471520457722144,0,0,0,0,0,0,0,0,0,0,0,0,0,1,1219,0,0,0,0,0,0,1.23773269961047e-05,-1.89591629400697e-05,1.23773269961047e-05,0,0,1,0
1.219,0.523598775598299,0.524792502165759,-0.00682473359657722,6.26351005082884e-05,0.524792502165759,0.524792502165759,-0.00119372656745975,-0.000468182385638601,-0.000468182385638601,0,0,0,0,0,0,0,0,0,0,0,0,0,1,1220,0,0,0,0,0,0,1.20479912329996e-05,-1.80696505238942e-05,1.20479912329996e-05,0,0,1,0
1.22,0.523598775598299,0.524785696464313,-0.00678664652973541,6.2949653210294e-05,0.524785696464313,0.524785696464313,-0.00118692086601446,-0.00046487884347728,-0.00046487884347728,0,0,0,0,0,0,0,0,0,0,0,0,0,1,1221,0,0,0,0,0,0,1.17215986809027e-05,-1.72017675657285e-05,1.17215986809027e-05,0,0,1,0
1.221,0.523598775598299,0.524778928917188,-0.00674842853980958,6.32239611868427e-05,0.524778928917188,0.524778928917188,-0.00118015331888877,-0.000461610017562793,-0.000461610017562793,0,0,0,0,0,0,0,0,0,0,0,0,0,1,1222,0,0,0,0,0,0,1.13984743835838e-05,-1.63557653279564e-05,1.13984743835838e-05,0,0,1,0
1.222,0.523598775598299,0.524772199644643,-0.00671010083280176,6.34593027982305e-05,0.524772199644643,0.524772199644643,-0.00117342404634446,-0.000458376044366839,-0.000458376044366839,0,0,0,0,0,0,0,0,0,0,0,0,0,1,1223,0,0,0,0,0,0,1.10789209213369e-05,-1.55318449201157e-05,1.10789209213369e-05,0,0,1,0
1.223,0.523598775598299,0.524765508746085,-0.00667168391840535,6.36569551007257e-05,0.524765508746085,0.524765508746085,-0.00116673314778593,-0.000455177012884588,-0.000455177012884588,0,0,0,0,0,0,0,0,0,0,0,0,0,1,1224,0,0,0,0,0,0,1.07632191126417e-05,-1.47301596768283e-05,1.07632191126417e-05,0,0,1,0
1.224,0.523598775598299,0.524758856300754,-0.00663319761176997,6.38181917516368e-05,0.524758856300754,0.524758856300754,-0.00116008070245543,-0.000452012966960461,-0.000452012966960461,0,0,0,0,0,0,0,0,0,0,0,0,0,1,1225,0,0,0,0,0,0,1.04516287133816e-05,-1.39508174842591e-05,1.04516287133816e-05,0,0,1,0
1.225,0.523598775598299,0.524752242368425,-0.00659466103634913,6.39442810339934e-05,0.524752242368425,0.524752242368425,-0.00115346677012584,-0.000448883907563531,-0.000448883907563531,0,0,0,0,0,0,0,0,0,0,0,0,0,1,1226,0,0,0,0,0,0,1.01443891136199e-05,-1.31938830568406e-05,1.01443891136199e-05,0,0,1,0
1.226,0.523598775598299,0.52474566699009,-0.00655609262776712,6.40364839978877e-05,0.52474566699009,0.52474566699009,-0.00114689139179103,-0.000445789795015408,-0.000445789795015408,0,0,0,0,0,0,0,0,0,0,0,0,0,1,1227,0,0,0,0,0,0,9.84172003204442e-06,-1.24593801662139e-05,9.84172003204442e-06,0,0,1,0
1.227,0.523598775598299,0.52473913018865,-0.00651751013864315,6.40960527141478e-05,0.52473913018865,0.52473913018865,-0.00114035459035133,-0.00044273055116476,-0.00044273055116476,0,0,0,0,0,0,0,0,0,0,0,0,0,1,1228,0,0,0,0,0,0,9.54382220574868e-06,-1.17472938177331e-05,9.54382220574868e-06,0,0,1,0
1.228,0.523598775598299,0.524732631969592,-0.0064789306443131,6.412422863798e-05,0.524732631969592,0.524732631969592,-0.00113385637129348,-0.000439706061508601,-0.000439706061508601,0,0,0,0,0,0,0,0,0,0,0,0,0,1,1229,0,0,0,0,0,0,9.2508780735745e-06,-1.10575723713795e-05,9.2508780735745e-06,0,0,1,0
1.229,0.523598775598299,0.524726172321664,-0.0064403705493902,6.41222410795721e-05,0.524726172321664,0.524726172321664,-0.00112739672336482,-0.000436716177261663,-0.000436716177261663,0,0,0,0,0,0,0,0,0,0,0,0,0,1,1230,0,0,0,0,0,0,8.96305245445816e-06,-1.03901296126083e-05,8.96305245445816e-06,0,0,1,0
1.23,0.523598775598299,0.524719751217539,-0.00640184559510816,6.40913057779151e-05,0.524719751217539,0.524719751217539,-0.00112097561924029,-0.00043376071737124,-0.00043376071737124,0,0,0,0,0,0,0,0,0,0,0,0,0,1,1231,0,0,0,0,0,0,8.68049321900433e-06,-9.74484676987807e-06,8.68049321900433e-06,0,0,1,0
1.231,0.523598775598299,0.524713368614481,-0.00636337086739191,6.40326235749527e-05,0.524713368614481,0.524713368614481,-0.00111459301618233,-0.000430839470479026,-0.000430839470479026,0,0,0,0,0,0,0,0,0,0,0,0,0,1,1232,0,0,0,0,0,0,8.40333195240017e-06,-9.12157447533054e-06,8.40333195240017e-06,0,0,1,0
1.232,0.523598775598299,0.52470702445499,-0.00632496080560304,6.39473791864055e-05,0.52470702445499,0.52470702445499,-0.00110824885669114,-0.000427952196825516,-0.000427952196825516,0,0,0,0,0,0,0,0,0,0,0,0,0,1,1233,0,0,0,0,0,0,8.131684609336e-06,-8.52013467195949e-06,8.131684609336e-06,0,0,1,0
1.233,0.523598775598299,0.524700718667446,-0.00628662921190839,6.38367400671036e-05,0.524700718667446,0.524700718667446,-0.00110194306914713,-0.000425098630102354,-0.000425098630102354,0,0,0,0,0,0,0,0,0,0,0,0,0,1,1234,0,0,0,0,0,0,7.86565216004398e-06,-7.94032246636146e-06,7.86565216004398e-06,0,0,1,0
1.234,0.523598775598299,0.524694451166742,-0.00624838926122214,6.37018553664876e-05,0.524694451166742,0.524694451166742,-0.00109567556844292,-0.000422278479247786,-0.000422278479247786,0,0,0,0,0,0,0,0,0,0,0,0,0,1,1235,0,0,0,0,0,0,7.60532122623392e-06,-7.38190792523748e-06,7.60532122623392e-06,0,0,1,0
1.235,0.523598775598299,0.524688221854904,-0.00621025351167377,6.3543854971895e-05,0.524688221854904,0.524688221854904,-0.00108944625660556,-0.000419491430187876,-0.000419491430187876,0,0,0,0,0,0,0,0,0,0,0,0,0,1,1236,0,0,0,0,0,0,7.35076470725904e-06,-6.84463781797876e-06,7.35076470725904e-06,0,0,1,0
1.236,0.523598775598299,0.524682030621707,-0.0061722339155554,6.33638486361218e-05,0.524682030621707,0.524682030621707,-0.00108325502340789,-0.000416737147522469,-0.000416737147522469,0,0,0,0,0,0,0,0,0,0,0,0,0,1,1237,0,0,0,0,0,0,7.10204239540158e-06,-6.32823730374946e-06,7.10204239540158e-06,0,0,1,0
1.237,0.523598775598299,0.524675877345267,-0.00613434183070432,6.31629251862563e-05,0.524675877345267,0.524675877345267,-0.00107710174696851,-0.000414015276155496,-0.000414015276155496,0,0,0,0,0,0,0,0,0,0,0,0,0,1,1238,0,0,0,0,0,0,6.85920157972308e-06,-5.83241156293813e-06,6.85920157972308e-06,0,0,1,0
1.238,0.523598775598299,0.524669761892639,-0.00609658803227762,6.29421518109511e-05,0.524669761892639,0.524669761892639,-0.00107098629434066,-0.00041132544287186,-0.00041132544287186,0,0,0,0,0,0,0,0,0,0,0,0,0,1,1239,0,0,0,0,0,0,6.62227763870149e-06,-5.35684737491956e-06,6.62227763870149e-06,0,0,1,0
1.239,0.523598775598299,0.524663684120387,-0.006058982724878,6.27025734226025e-05,0.524663684120387,0.524663684120387,-0.00106490852208851,-0.000408667257858298,-0.000408667257858298,0,0,0,0,0,0,0,0,0,0,0,0,0,1,1240,0,0,0,0,0,0,6.39129462032262e-06,-4.90121463984482e-06,6.39129462032262e-06,0,0,1,0
1.24,0.523598775598299,0.524657643875151,-0.00602153555499102,6.24452120920534e-05,0.524657643875151,0.524657643875151,-0.00105886827685198,-0.000406040316172205,-0.000406040316172205,0,0,0,0,0,0,0,0,0,0,0,0,0,1,1241,0,0,0,0,0,0,6.16626581084745e-06,-4.46516784902151e-06,6.16626581084745e-06,0,0,1,0
1.241,0.523598775598299,0.524651640994197,-0.00598425562369613,6.21710665520993e-05,0.524651640994197,0.524651640994197,-0.00105286539589811,-0.000403444199154862,-0.000403444199154862,0,0,0,0,0,0,0,0,0,0,0,0,0,1,1242,0,0,0,0,0,0,5.94719429014567e-06,-4.04834749942375e-06,5.94719429014567e-06,0,0,1,0
1.242,0.523598775598299,0.524645675305959,-0.005947151499615,6.18811117676872e-05,0.524645675305959,0.524645675305959,-0.00104689970766036,-0.000400878475793262,-0.000400878475793262,0,0,0,0,0,0,0,0,0,0,0,0,0,1,1243,0,0,0,0,0,0,5.73407347437271e-06,-3.65038145564746e-06,5.73407347437271e-06,0,0,1,0
1.243,0.523598775598299,0.524639746630563,-0.00591023123206255,6.15762985692604e-05,0.524639746630563,0.524639746630563,-0.00104097103226419,-0.000398342704027829,-0.000398342704027829,0,0,0,0,0,0,0,0,0,0,0,0,0,1,1244,0,0,0,0,0,0,5.5268876455461e-06,-3.27088625929001e-06,5.5268876455461e-06,0,0,1,0
1.244,0.523598775598299,0.524633854780339,-0.00587350236436731,6.12575533470611e-05,0.524633854780339,0.524633854780339,-0.00103507918203982,-0.000395836432009539,-0.000395836432009539,0,0,0,0,0,0,0,0,0,0,0,0,0,1,1245,0,0,0,0,0,0,5.32561246824326e-06,-2.9094683874735e-06,5.32561246824326e-06,0,0,1,0
1.245,0.523598775598299,0.52462799956032,-0.00583697194732957,6.09257778030905e-05,0.52462799956032,0.52462799956032,-0.00102922396202165,-0.00039335919930578,-0.00039335919930578,0,0,0,0,0,0,0,0,0,0,0,0,0,1,1246,0,0,0,0,0,0,5.13021549264359e-06,-2.56572545951923e-06,5.13021549264359e-06,0,0,1,0
1.246,0.523598775598299,0.524622180768733,-0.00580064655278704,6.05818487581173e-05,0.524622180768733,0.524622180768733,-0.00102340517043376,-0.000390910538054776,-0.000390910538054776,0,0,0,0,0,0,0,0,0,0,0,0,0,1,1247,0,0,0,0,0,0,4.9406566436927e-06,-2.23924739225492e-06,4.9406566436927e-06,0,0,1,0
1.247,0.523598775598299,0.524616398197461,-0.00576453228725934,6.02266180114214e-05,0.524616398197461,0.524616398197461,-0.00101762259916227,-0.00038848997407176,-0.00038848997407176,0,0,0,0,0,0,0,0,0,0,0,0,0,1,1248,0,0,0,0,0,0,4.75688869738811e-06,-1.92961750767337e-06,4.75688869738811e-06,0,0,1,0
1.248,0.523598775598299,0.524610651632513,-0.00572863480564396,5.98609122501275e-05,0.524610651632513,0.524610651632513,-0.00101187603421371,-0.000386097027905147,-0.000386097027905147,0,0,0,0,0,0,0,0,0,0,0,0,0,1,1249,0,0,0,0,0,0,4.57885774274303e-06,-1.6364135900491e-06,4.57885774274303e-06,0,0,1,0
1.249,0.523598775598299,0.524604940854459,-0.00569295932493778,5.94855330060541e-05,0.524604940854459,0.524604940854459,-0.00100616525615993,-0.000383731215845804,-0.000383731215845804,0,0,0,0,0,0,0,0,0,0,0,0,0,1,1250,0,0,0,0,0,0,4.40650363020545e-06,-1.35920889557557e-06,4.40650363020545e-06,0,0,1,0
1.25,0.523598775598299,0.524599265638868,-0.00565751063795963,5.91012566571759e-05,0.524599265638868,0.524599265638868,-0.0010004900405689,-0.00038139205088794,-0.00038139205088794,0,0,0,0,0,0,0,0,0,0,0,0,0,1,1251,0,0,0,0,0,0,4.23976040664353e-06,-1.09757311576083e-06,4.23976040664353e-06,0,0,1,0
1.251,0.523598775598299,0.524593625756721,-0.00562229312705059,5.87088344717666e-05,0.524593625756721,0.524593625756721,-0.000994850158422156,-0.000379079043644911,-0.000379079043644911,0,0,0,0,0,0,0,0,0,0,0,0,0,1,1252,0,0,0,0,0,0,4.07855673589808e-06,-8.51073292774257e-07,4.07855673589808e-06,0,0,1,0
1.252,0.523598775598299,0.524588020974817,-0.00558731077773008,5.83089926924034e-05,0.524588020974817,0.524588020974817,-0.000989245376518344,-0.000376791703219304,-0.000376791703219304,0,0,0,0,0,0,0,0,0,0,0,0,0,1,1253,0,0,0,0,0,0,3.92281630634539e-06,-6.19274691507701e-07,3.92281630634539e-06,0,0,1,0
1.253,0.523598775598299,0.524582451056162,-0.00555256719228711,5.79024326577528e-05,0.524582451056162,0.524582451056162,-0.000983675457863487,-0.000374529538029645,-0.000374529538029645,0,0,0,0,0,0,0,0,0,0,0,0,0,1,1254,0,0,0,0,0,0,3.77245822480443e-06,-4.01741627384638e-07,3.77245822480443e-06,0,0,1,0
1.254,0.523598775598299,0.524576915760346,-0.00551806560328731,5.74898309596001e-05,0.524576915760346,0.524576915760346,-0.000978140162047114,-0.000372292056592395,-0.000372292056592395,0,0,0,0,0,0,0,0,0,0,0,0,0,1,1255,0,0,0,0,0,0,3.62739739612206e-06,-1.98038248908679e-07,3.62739739612206e-06,0,0,1,0
1.255,0.523598775598299,0.524571414843905,-0.00548380888697734,5.70718396334915e-05,0.524571414843905,0.524571414843905,-0.000972639245605755,-0.000370078768263948,-0.000370078768263948,0,0,0,0,0,0,0,0,0,0,0,0,0,1,1256,0,0,0,0,0,0,3.48754489043479e-06,-7.72928113006166e-09,3.48754489043479e-06,0,0,1,0
1.256,0.523598775598299,0.524565948060671,-0.00544979957656976,5.66490863800453e-05,0.524565948060671,0.524565948060671,-0.000967172462372101,-0.000367889183938817,-0.000367889183938817,0,0,0,0,0,0,0,0,0,0,0,0,0,1,1257,0,0,0,0,0,0,3.35280829599771e-06,1.6961927494551e-07,3.35280829599771e-06,0,0,1,0
1.257,0.523598775598299,0.52456051516211,-0.00541603987539237,5.62221748158934e-05,0.52456051516211,0.52456051516211,-0.000961739563811626,-0.000365722816709557,-0.000365722816709557,0,0,0,0,0,0,0,0,0,0,0,0,0,1,1258,0,0,0,0,0,0,3.22309205924576e-06,3.34439481798881e-07,3.22309205924576e-06,0,0,1,0
1.258,0.523598775598299,0.524555115897645,-0.00538253166988701,5.57916847514642e-05,0.524555115897645,0.524555115897645,-0.000956340299346103,-0.000363579182487564,-0.000363579182487564,0,0,0,0,0,0,0,0,0,0,0,0,0,1,1259,0,0,0,0,0,0,3.09829781186544e-06,4.87160843610536e-07,3.09829781186544e-06,0,0,1,0
1.259,0.523598775598299,0.524549750014963,-0.00534927654244416,5.5358172493785e-05,0.524549750014963,0.524549750014963,-0.00095097441666403,-0.000361457800585407,-0.000361457800585407,0,0,0,0,0,0,0,0,0,0,0,0,0,1,1260,0,0,0,0,0,0,2.97832468498793e-06,6.28209722317984e-07,2.97832468498793e-06,0,0,1,0
1.26,0.523598775598299,0.524544417260317,-0.00531627578406062,5.49221711726401e-05,0.524544417260317,0.524544417260317,-0.000945641662018049,-0.000359358194261598,-0.000359358194261598,0,0,0,0,0,0,0,0,0,0,0,0,0,1,1261,0,0,0,0,0,0,2.86306960994853e-06,7.58008792391303e-07,2.86306960994853e-06,0,0,1,0
1.261,0.523598775598299,0.524539117378809,-0.00528353040680827,5.44841910884471e-05,0.524539117378809,0.524539117378809,-0.00094034178051039,-0.000357279891231097,-0.000357279891231097,0,0,0,0,0,0,0,0,0,0,0,0,0,1,1262,0,0,0,0,0,0,2.7524276073887e-06,8.76976528947897e-07,2.7524276073887e-06,0,0,1,0
1.262,0.523598775598299,0.524533850114664,-0.00525104115610324,5.40447200795098e-05,0.524533850114664,0.524533850114664,-0.000935074516365653,-0.000355222424140291,-0.000355222424140291,0,0,0,0,0,0,0,0,0,0,0,0,0,1,1263,0,0,0,0,0,0,2.64629206336853e-06,9.8552673225439e-07,2.64629206336853e-06,0,0,1,0
1.263,0.523598775598299,0.52452861521149,-0.0052188085227656,5.3604223907336e-05,0.52452861521149,0.52452861521149,-0.000929839613191263,-0.000353185331007882,-0.000353185331007882,0,0,0,0,0,0,0,0,0,0,0,0,0,1,1264,0,0,0,0,0,0,2.54455499382189e-06,1.08406808448655e-06,2.54455499382189e-06,0,0,1,0
1.264,0.523598775598299,0.524523412412525,-0.00518683275486049,5.31631466585142e-05,0.524523412412525,0.524523412412525,-0.000924636814225943,-0.00035116815563309,-0.00035116815563309,0,0,0,0,0,0,0,0,0,0,0,0,0,1,1265,0,0,0,0,0,0,2.44710729613296e-06,1.17300374155192e-06,2.44710729613296e-06,0,0,1,0
1.265,0.523598775598299,0.524518241460876,-0.00515511386931243,5.27219111615511e-05,0.524518241460876,0.524518241460876,-0.000919465862577074,-0.000349170447974031,-0.000349170447974031,0,0,0,0,0,0,0,0,0,0,0,0,0,1,1266,0,0,0,0,0,0,2.35383898994357e-06,1.25273095378424e-06,2.35383898994357e-06,0,0,1,0
1.266,0.523598775598299,0.524513102099745,-0.00512365166328573,5.22809194165742e-05,0.524513102099745,0.524513102099745,-0.000914326501446183,-0.000347191764494616,-0.000347191764494616,0,0,0,0,0,0,0,0,0,0,0,0,0,1,1267,0,0,0,0,0,0,2.26463944630328e-06,1.32364071749307e-06,2.26463944630328e-06,0,0,1,0
1.267,0.523598775598299,0.524507994072641,-0.00509244572532427,5.18405530369616e-05,0.524507994072641,0.524507994072641,-0.000909218474342333,-0.000345231668479811,-0.000345231668479811,0,0,0,0,0,0,0,0,0,0,0,0,0,1,1268,0,0,0,0,0,0,2.17939760427388e-06,1.38611745931954e-06,2.17939760427388e-06,0,0,1,0
1.268,0.523598775598299,0.524502917123585,-0.00506149544624501,5.14011737022071e-05,0.524502917123585,0.524502917123585,-0.000904141525286284,-0.000343289730327446,-0.000343289730327446,0,0,0,0,0,0,0,0,0,0,0,0,0,1,1269,0,0,0,0,0,0,2.09800217898515e-06,1.44053874220678e-06,2.09800217898515e-06,0,0,1,0
1.269,0.523598775598299,0.524497870997301,-0.00503080002977995,5.09631236188531e-05,0.524497870997301,0.524497870997301,-0.000899095399001903,-0.000341365527807331,-0.000341365527807331,0,0,0,0,0,0,0,0,0,0,0,0,0,1,1270,0,0,0,0,0,0,2.02034185614597e-06,1.48727500613472e-06,2.02034185614597e-06,0,0,1,0
1.27,0.523598775598299,0.524492855439398,-0.0050003585029624,5.0526725990354e-05,0.524492855439398,0.524492855439398,-0.000894079841099127,-0.000339458646299751,-0.000339458646299751,0,0,0,0,0,0,0,0,0,0,0,0,0,1,1271,0,0,0,0,0,0,1.94630547822872e-06,1.52668932913496e-06,1.94630547822872e-06,0,0,1,0
1.271,0.523598775598299,0.524487870196543,-0.00497016972625385,5.0092285492461e-05,0.524487870196543,0.524487870196543,-0.0008890945982446,-0.000337568679003153,-0.000337568679003153,0,0,0,0,0,0,0,0,0,0,0,0,0,1,1272,0,0,0,0,0,0,1.87578221921836e-06,1.55913721668934e-06,1.87578221921836e-06,0,0,1,0
1.272,0.523598775598299,0.524482915016622,-0.00494023240340838,4.966008875518e-05,0.524482915016622,0.524482915016622,-0.000884139418323548,-0.000335695227120941,-0.000335695227120941,0,0,0,0,0,0,0,0,0,0,0,0,0,1,1273,0,0,0,0,0,0,1.80866174903649e-06,1.58496641618298e-06,1.80866174903649e-06,0,0,1,0
1.273,0.523598775598299,0.524477989648891,-0.00491054509107195,4.92304048487228e-05,0.524477989648891,0.524477989648891,-0.000879214050592103,-0.000333837900025552,-0.000333837900025552,0,0,0,0,0,0,0,0,0,0,0,0,0,1,1274,0,0,0,0,0,0,1.74483438974971e-06,1.60451675043378e-06,1.74483438974971e-06,0,0,1,0
1.274,0.523598775598299,0.524473093844118,-0.00488110620811508,4.88034857723871e-05,0.524473093844118,0.524473093844118,-0.000874318245819183,-0.000331996315397681,-0.000331996315397681,0,0,0,0,0,0,0,0,0,0,0,0,0,1,1275,0,0,0,0,0,0,1.68419126067576e-06,1.61811997785978e-06,1.68419126067576e-06,0,0,1,0
1.275,0.523598775598299,0.524468227354719,-0.00485191404469739,4.83795669463478e-05,0.524468227354719,0.524468227354719,-0.00086945175642017,-0.00033017009934689,-0.00033017009934689,0,0,0,0,0,0,0,0,0,0,0,0,0,1,1276,0,0,0,0,0,0,1.62662441560713e-06,1.62609967030956e-06,1.62662441560713e-06,0,0,1,0
1.276,0.523598775598299,0.52446338993488,-0.00482296677106324,4.79588677043335e-05,0.52446338993488,0.52446338993488,-0.000864614336580694,-0.000328358886509345,-0.000328358886509345,0,0,0,0,0,0,0,0,0,0,0,0,0,1,1277,0,0,0,0,0,0,1.57202696959846e-06,1.62877111524982e-06,1.57202696959846e-06,0,0,1,0
1.277,0.523598775598299,0.524458581340671,-0.00479426244606821,4.75415917872836e-05,0.524458581340671,0.524458581340671,-0.000859805742372655,-0.00032656232012857,-0.00032656232012857,0,0,0,0,0,0,0,0,0,0,0,0,0,1,1278,0,0,0,0,0,0,1.52029321864866e-06,1.62644123308719e-06,1.52029321864866e-06,0,0,1,0
1.278,0.523598775598299,0.52445380133016,-0.00476579902543658,4.71279278361637e-05,0.52445380133016,0.52445380133016,-0.000855025731861248,-0.000324780052116107,-0.000324780052116107,0,0,0,0,0,0,0,0,0,0,0,0,0,1,1279,0,0,0,0,0,0,1.47131874983497e-06,1.61940851606908e-06,1.47131874983497e-06,0,0,1,0
1.279,0.523598775598299,0.524449049663503,-0.00473757436975039,4.67180498838163e-05,0.524449049663503,0.524449049663503,-0.000850274065204437,-0.000323011743096146,-0.000323011743096146,0,0,0,0,0,0,0,0,0,0,0,0,0,1,1280,0,0,0,0,0,0,1.4250005438976e-06,1.60796298315875e-06,1.4250005438976e-06,0,0,1,0
1.28,0.523598775598299,0.524444326103043,-0.00470958625217128,4.63121178444999e-05,0.524444326103043,0.524444326103043,-0.000845550504743775,-0.000321257062431295,-0.000321257062431295,0,0,0,0,0,0,0,0,0,0,0,0,0,1,1281,0,0,0,0,0,0,1.38123706994175e-06,1.59238615165288e-06,1.38123706994175e-06,0,0,1,0
1.281,0.523598775598299,0.524439630413387,-0.00468183236589646,4.59102780012157e-05,0.524439630413387,0.524439630413387,-0.000840854815087999,-0.000319515688233519,-0.000319515688233519,0,0,0,0,0,0,0,0,0,0,0,0,0,1,1282,0,0,0,0,0,0,1.33992837181296e-06,1.57295102660277e-06,1.33992837181296e-06,0,0,1,0
1.282,0.523598775598299,0.524434962361489,-0.00465431033135041,4.55126634896425e-05,0.524434962361489,0.524434962361489,-0.000836186763190194,-0.000317787307362467,-0.000317787307362467,0,0,0,0,0,0,0,0,0,0,0,0,0,1,1283,0,0,0,0,0,0,1.30097614847724e-06,1.5499221016021e-06,1.30097614847724e-06,0,0,1,0
1.283,0.523598775598299,0.524430321716715,-0.00462701770311489,4.51193947772964e-05,0.524430321716715,0.524430321716715,-0.00083154611841596,-0.000316071615404388,-0.000316071615404388,0,0,0,0,0,0,0,0,0,0,0,0,0,1,1284,0,0,0,0,0,0,1.26428382585253e-06,1.52355537775379e-06,1.26428382585253e-06,0,0,1,0
1.284,0.523598775598299,0.524425708250905,-0.00459995197659938,4.47305801392788e-05,0.524425708250905,0.524425708250905,-0.000826932652606582,-0.000314368316642556,-0.000314368316642556,0,0,0,0,0,0,0,0,0,0,0,0,0,1,1285,0,0,0,0,0,0,1.22975662286695e-06,1.49409839321122e-06,1.22975662286695e-06,0,0,1,0
1.285,0.523598775598299,0.524421121738434,-0.00457311059445483,4.43463161280573e-05,0.524421121738434,0.524421121738434,-0.000822346140134878,-0.000312677124012947,-0.000312677124012947,0,0,0,0,0,0,0,0,0,0,0,0,0,1,1286,0,0,0,0,0,0,1.19730161074472e-06,1.46179026591555e-06,1.19730161074472e-06,0,0,1,0
1.286,0.523598775598299,0.524416561956254,-0.00454649095273392,4.39666880377526e-05,0.524416561956254,0.524416561956254,-0.000817786357955042,-0.000310997759048854,-0.000310997759048854,0,0,0,0,0,0,0,0,0,0,0,0,0,1,1287,0,0,0,0,0,0,1.16682776585275e-06,1.4268617485793e-06,1.16682776585275e-06,0,0,1,0
1.287,0.523598775598299,0.524412028683944,-0.00452009040680102,4.35917703621461e-05,0.524412028683944,0.524412028683944,-0.000813253085645615,-0.000309329951812102,-0.000309329951812102,0,0,0,0,0,0,0,0,0,0,0,0,0,1,1288,0,0,0,0,0,0,1.13824601610801e-06,1.38953529582771e-06,1.13824601610801e-06,0,0,1,0
1.288,0.523598775598299,0.524407521703747,-0.00449390627699555,4.32216272467469e-05,0.524407521703747,0.524407521703747,-0.000808746105448233,-0.000307673440818088,-0.000307673440818088,0,0,0,0,0,0,0,0,0,0,0,0,0,1,1289,0,0,0,0,0,0,1.11146928249983e-06,1.35002513928606e-06,1.11146928249983e-06,0,0,1,0
1.289,0.523598775598299,0.524403040800598,-0.00446793585405232,4.28563129329237e-05,0.524403040800598,0.524403040800598,-0.000804265202299148,-0.000306027972946585,-0.000306027972946585,0,0,0,0,0,0,0,0,0,0,0,0,0,1,1290,0,0,0,0,0,0,1.08641251428399e-06,1.30853737446935e-06,1.08641251428399e-06,0,0,1,0
1.29,0.523598775598299,0.524398585762155,-0.00444217640428308,4.24958721955337e-05,0.524398585762155,0.524398585762155,-0.00079981016385644,-0.000304393303346137,-0.000304393303346137,0,0,0,0,0,0,0,0,0,0,0,0,0,1,1291,0,0,0,0,0,0,1.0629927194028e-06,1.2652700552571e-06,1.0629927194028e-06,0,0,1,0
1.291,0.523598775598299,0.524394156378821,-0.00441662517452331,4.21403407725468e-05,0.524394156378821,0.524394156378821,-0.000795380780522104,-0.00030276919532995,-0.00030276919532995,0,0,0,0,0,0,0,0,0,0,0,0,0,1,1292,0,0,0,0,0,0,1.04112898891007e-06,1.22041329923633e-06,1.04112898891007e-06,0,0,1,0
1.292,0.523598775598299,0.524389752443758,-0.00439127939684854,4.17897457865125e-05,0.524389752443758,0.524389752443758,-0.000790976845459146,-0.000301155420263573,-0.000301155420263573,0,0,0,0,0,0,0,0,0,0,0,0,0,1,1293,0,0,0,0,0,0,1.02074251795425e-06,1.17414939701087e-06,1.02074251795425e-06,0,0,1,0
1.293,0.523598775598299,0.524385373752903,-0.00436613629306502,4.14441061577951e-05,0.524385373752903,0.524385373752903,-0.000786598154603801,-0.00029955175744467,-0.00029955175744467,0,0,0,0,0,0,0,0,0,0,0,0,0,1,1294,0,0,0,0,0,0,1.00175662109958e-06,1.1266529315085e-06,1.00175662109958e-06,0,0,1,0
1.294,0.523598775598299,0.524381020104973,-0.00434119307897904,4.11034330095523e-05,0.524381020104973,0.524381020104973,-0.00078224450667419,-0.000297957993978464,-0.000297957993978464,0,0,0,0,0,0,0,0,0,0,0,0,0,1,1295,0,0,0,0,0,0,9.84096743539276e-07,1.07809090307397e-06,9.84096743539276e-07,0,0,1,0
1.295,0.523598775598299,0.524376691301472,-0.00431644696844991,4.07677300634211e-05,0.524376691301472,0.524376691301472,-0.000777915703173537,-0.000296373924643726,-0.000296373924643726,0,0,0,0,0,0,0,0,0,0,0,0,0,1,1296,0,0,0,0,0,0,9.67690467978954e-07,1.02862286097865e-06,9.67690467978954e-07,0,0,1,0
1.296,0.523598775598299,0.52437238714669,-0.00429189517723129,4.04369940270252e-05,0.52437238714669,0.52437238714669,-0.00077361154839084,-0.000294799351757091,-0.000294799351757091,0,0,0,0,0,0,0,0,0,0,0,0,0,1,1297,0,0,0,0,0,0,9.52467518078315e-07,9.78401038990648e-07,9.52467518078315e-07,0,0,1,0
1.297,0.523598775598299,0.524368107447695,-0.00426753492660594,4.01112149716436e-05,0.524368107447695,0.524368107447695,-0.000769331849396648,-0.000293234085029332,-0.000293234085029332,0,0,0,0,0,0,0,0,0,0,0,0,0,1,1298,0,0,0,0,0,0,9.38359757451934e-07,9.27570497736034e-07,9.38359757451934e-07,0,0,1,0
1.298,0.523598775598299,0.524363852014335,-0.0042433634468189,3.9790376701161e-05,0.524363852014335,0.524363852014335,-0.000765076416036292,-0.000291677941419881,-0.000291677941419881,0,0,0,0,0,0,0,0,0,0,0,0,0,1,1299,0,0,0,0,0,0,9.25301185894511e-07,8.76269269400745e-07,9.25301185894511e-07,0,0,1,0
1.299,0.523598775598299,0.524359620659218,-0.0042193779803142,3.94744571111324e-05,0.524359620659218,0.524359620659218,-0.00076084506091878,-0.000290130744984711,-0.000290130744984711,0,0,0,0,0,0,0,0,0,0,0,0,0,1,1300,0,0,0,0,0,0,9.13227931387262e-07,8.24628508725063e-07,9.13227931387262e-07,0,0,1,0
1.3,0.523598775598299,0.524355413197702,-0.00419557578478037,3.91634285389147e-05,0.524355413197702,0.524355413197702,-0.000756637599403254,-0.000288592326722657,-0.000288592326722657,0,0,0,0,0,0,0,0,0,0,0,0,0,1,1301,0,0,0,0,0,0,9.02078239439774e-07,7.72772646139355e-07,9.02078239439774e-07,0,0,1,0
1.301,0.523598775598299,0.524351229447881,-0.00417195413600968,3.88572581039779e-05,0.524351229447881,0.524351229447881,-0.000752453849582668,-0.000287062524419176,-0.000287062524419176,0,0,0,0,0,0,0,0,0,0,0,0,0,1,1302,0,0,0,0,0,0,8.91792459767338e-07,7.20819543117025e-07,8.91792459767338e-07,0,0,1,0
1.302,0.523598775598299,0.524347069230563,-0.0041485103305768,3.85559080382929e-05,0.524347069230563,0.524347069230563,-0.000748293632263808,-0.000285541182485104,-0.000285541182485104,0,0,0,0,0,0,0,0,0,0,0,0,0,1,1303,0,0,0,0,0,0,8.82313029637594e-07,6.68880651615543e-07,8.82313029637594e-07,0,0,1,0
1.303,0.523598775598299,0.524342932369244,-0.0041252416883417,3.82593360076522e-05,0.524342932369244,0.524342932369244,-0.000744156770945525,-0.000284028151795422,-0.000284028151795422,0,0,0,0,0,0,0,0,0,0,0,0,0,1,1304,0,0,0,0,0,0,8.73584454774701e-07,6.17061175263705e-07,8.73584454774701e-07,0,0,1,0
1.304,0.523598775598299,0.524338818690093,-0.00410214555478239,3.79674954229782e-05,0.524338818690093,0.524338818690093,-0.000740043091794096,-0.00028252328952497,-0.00028252328952497,0,0,0,0,0,0,0,0,0,0,0,0,0,1,1305,0,0,0,0,0,0,8.65553287821008e-07,5.65460232383134e-07,8.65553287821008e-07,0,0,1,0
1.305,0.523598775598299,0.524334728021915,-0.00407921930316247,3.76803357421573e-05,0.524334728021915,0.524334728021915,-0.00073595242361657,-0.000281026458983414,-0.000281026458983414,0,0,0,0,0,0,0,0,0,0,0,0,0,1,1306,0,0,0,0,0,0,8.58168104689305e-07,5.14171020015927e-07,8.58168104689305e-07,0,0,1,0
1.306,0.523598775598299,0.524330660196131,-0.00405646033653901,3.73978027621212e-05,0.524330660196131,0.524330660196131,-0.000731884597832133,-0.000279537529449384,-0.000279537529449384,0,0,0,0,0,0,0,0,0,0,0,0,0,1,1307,0,0,0,0,0,0,8.5137947891667e-07,4.63280978759383e-07,8.5137947891667e-07,0,0,1,0
1.307,0.523598775598299,0.52432661504674,-0.00403386608961588,3.71198389011717e-05,0.52432661504674,0.52432661504674,-0.000727839448441014,-0.000278056376002495,-0.000278056376002495,0,0,0,0,0,0,0,0,0,0,0,0,0,1,1308,0,0,0,0,0,0,8.45139953242757e-07,4.12871960578593e-07,8.45139953242757e-07,0,0,1,0
1.308,0.523598775598299,0.524322592410291,-0.0040114340304478,3.68463834720831e-05,0.524322592410291,0.524322592410291,-0.000723816811992406,-0.00027658287935707,-0.00027658287935707,0,0,0,0,0,0,0,0,0,0,0,0,0,1,1309,0,0,0,0,0,0,8.39404010855027e-07,3.63020393094301e-07,8.39404010855027e-07,0,0,1,0
1.309,0.523598775598299,0.524318592125849,-0.0039891616620003,3.65773729452379e-05,0.524318592125849,0.524318592125849,-0.000719816527550154,-0.000275116925694151,-0.000275116925694151,0,0,0,0,0,0,0,0,0,0,0,0,0,1,1310,0,0,0,0,0,0,8.34128043747384e-07,3.13797447348873e-07,8.34128043747384e-07,0,0,1,0
1.31,0.523598775598299,0.524314614034956,-0.00396704652357083,3.63127412025451e-05,0.524314614034956,0.524314614034956,-0.00071583843665679,-0.000273658406493232,-0.000273658406493232,0,0,0,0,0,0,0,0,0,0,0,0,0,1,1311,0,0,0,0,0,0,8.29270319635533e-07,2.65269205221644e-07,8.29270319635533e-07,0,0,1,0
1.311,0.523598775598299,0.524310657981596,-0.00394508619207593,3.60524197822867e-05,0.524310657981596,0.524310657981596,-0.000711882383297224,-0.000272207218367187,-0.000272207218367187,0,0,0,0,0,0,0,0,0,0,0,0,0,1,1312,0,0,0,0,0,0,8.24790948761311e-07,2.17496823017027e-07,8.24790948761311e-07,0,0,1,0
1.312,0.523598775598299,0.524306723812159,-0.00392327828320969,3.57963381139989e-05,0.524306723812159,0.524306723812159,-0.000707948213859888,-0.000270763262894313,-0.000270763262894313,0,0,0,0,0,0,0,0,0,0,0,0,0,1,1313,0,0,0,0,0,0,8.20651847810439e-07,1.70536698813287e-07,8.20651847810439e-07,0,0,1,0
1.313,0.523598775598299,0.524302811375397,-0.00390162045247851,3.5544423744904e-05,0.524302811375397,0.524302811375397,-0.000704035777097767,-0.000269326446453985,-0.000269326446453985,0,0,0,0,0,0,0,0,0,0,0,0,0,1,1314,0,0,0,0,0,0,8.1681670383027e-07,1.24440635867638e-07,8.1681670383027e-07,0,0,1,0
1.314,0.523598775598299,0.524298920522387,-0.00388011039611697,3.5296602556889e-05,0.524298920522387,0.524298920522387,-0.000700144924087986,-0.000267896680062216,-0.000267896680062216,0,0,0,0,0,0,0,0,0,0,0,0,0,1,1315,0,0,0,0,0,0,8.13250936482213e-07,7.92560066822674e-08,8.13250936482213e-07,0,0,1,0
1.315,0.523598775598299,0.52429505110649,-0.00385874585188975,3.50527989747092e-05,0.52429505110649,0.52429505110649,-0.000696275508190736,-0.000266473879209117,-0.000266473879209117,0,0,0,0,0,0,0,0,0,0,0,0,0,1,1316,0,0,0,0,0,0,8.09921660183122e-07,3.50259136427684e-08,8.09921660183122e-07,0,0,1,0
1.316,0.523598775598299,0.524291202983306,-0.00383752459978443,3.4812936165331e-05,0.524291202983306,0.524291202983306,-0.000692427385007632,-0.000265057963698464,-0.000265057963698464,0,0,0,0,0,0,0,0,0,0,0,0,0,1,1317,0,0,0,0,0,0,8.06797645025448e-07,-8.21065067454704e-09,8.06797645025448e-07,0,0,1,0
1.317,0.523598775598299,0.524287376010637,-0.00381644446259996,3.4576936228414e-05,0.524287376010637,0.524287376010637,-0.000688600412338536,-0.000263648857486557,-0.000263648857486557,0,0,0,0,0,0,0,0,0,0,0,0,0,1,1318,0,0,0,0,0,0,8.03849276587165e-07,-5.04186437216055e-08,8.03849276587165e-07,0,0,1,0
1.318,0.523598775598299,0.524283570048438,-0.0037955033064353,3.4344720378946e-05,0.524283570048438,0.524283570048438,-0.000684794450139359,-0.000262246488527175,-0.000262246488527175,0,0,0,0,0,0,0,0,0,0,0,0,0,1,1319,0,0,0,0,0,0,8.0104851629681e-07,-9.15668181260959e-08,8.0104851629681e-07,0,0,1,0
1.319,0.523598775598299,0.524279784958776,-0.00377469904108285,3.41162091206104e-05,0.524279784958776,0.524279784958776,-0.000681009360477658,-0.000260850788613824,-0.000260850788613824,0,0,0,0,0,0,0,0,0,0,0,0,0,1,1320,0,0,0,0,0,0,7.98368860022158e-07,-1.31627565352335e-07,7.98368860022158e-07,0,0,1,0
1.32,0.523598775598299,0.524276020605788,-0.00375402962033119,3.38913224119268e-05,0.524276020605788,0.524276020605788,-0.000677245007489558,-0.000259461693228758,-0.000259461693228758,0,0,0,0,0,0,0,0,0,0,0,0,0,1,1321,0,0,0,0,0,0,7.95785298102203e-07,-1.70576766474933e-07,7.95785298102203e-07,0,0,1,0
1.321,0.523598775598299,0.524272276855634,-0.00373349304218145,3.36699798235139e-05,0.524272276855634,0.524272276855634,-0.000673501257335007,-0.000258079141390595,-0.000258079141390595,0,0,0,0,0,0,0,0,0,0,0,0,0,1,1322,0,0,0,0,0,0,7.93274272603561e-07,-2.0839363855797e-07,7.93274272603561e-07,0,0,1,0
1.322,0.523598775598299,0.524268553576453,-0.00371308734898164,3.34521006881796e-05,0.524268553576453,0.524268553576453,-0.00066977797815404,-0.000256703075507597,-0.000256703075507597,0,0,0,0,0,0,0,0,0,0,0,0,0,1,1323,0,0,0,0,0,0,7.90813637130405e-07,-2.45060590952674e-07,7.90813637130405e-07,0,0,1,0
1.323,0.523598775598299,0.524264850638321,-0.00369281062748314,3.32376042427386e-05,0.524264850638321,0.524264850638321,-0.000666075040022029,-0.000255333441231128,-0.000255333441231128,0,0,0,0,0,0,0,0,0,0,0,0,0,1,1324,0,0,0,0,0,0,7.88382614413941e-07,-2.80563078477146e-07,7.88382614413941e-07,0,0,1,0
1.324,0.523598775598299,0.524261167913204,-0.00367266100882347,3.30264097627372e-05,0.524261167913204,0.524261167913204,-0.000662392314905391,-0.000253970187313085,-0.000253970187313085,0,0,0,0,0,0,0,0,0,0,0,0,0,1,1325,0,0,0,0,0,0,7.85961754568021e-07,-3.14889459217824e-07,7.85961754568021e-07,0,0,1,0
1.325,0.523598775598299,0.524257505274916,-0.00365263666843934,3.28184366897075e-05,0.524257505274916,0.524257505274916,-0.000658729676617065,-0.000252613265465399,-0.000252613265465399,0,0,0,0,0,0,0,0,0,0,0,0,0,1,1326,0,0,0,0,0,0,7.83532893899874e-07,-3.48030856520522e-07,7.83532893899874e-07,0,0,1,0
1.326,0.523598775598299,0.524253862599072,-0.00363273582591374,3.26136047514207e-05,0.524253862599072,0.524253862599072,-0.000655087000772769,-0.000251262630224203,-0.000251262630224203,0,0,0,0,0,0,0,0,0,0,0,0,0,1,1327,0,0,0,0,0,0,7.81079113276739e-07,-3.79981022374017e-07,7.81079113276739e-07,0,0,1,0
1.327,0.523598775598299,0.524250239763046,-0.00361295674476119,3.24118340747066e-05,0.524250239763046,0.524250239763046,-0.000651464164746707,-0.00024991823881496,-0.00024991823881496,0,0,0,0,0,0,0,0,0,0,0,0,0,1,1328,0,0,0,0,0,0,7.78584697269658e-07,-4.10736205386534e-07,7.78584697269658e-07,0,0,1,0
1.328,0.523598775598299,0.524246636645926,-0.00359329773215464,3.22130452918445e-05,0.524246636645926,0.524246636645926,-0.000647861047627374,-0.000248580051020275,-0.000248580051020275,0,0,0,0,0,0,0,0,0,0,0,0,0,1,1329,0,0,0,0,0,0,7.76035091853977e-07,-4.40295017266898e-07,7.76035091853977e-07,0,0,1,0
1.329,0.523598775598299,0.524243053128474,-0.00357375713859763,3.20171596406912e-05,0.524243053128474,0.524243053128474,-0.000644277530174708,-0.000247248029053579,-0.000247248029053579,0,0,0,0,0,0,0,0,0,0,0,0,0,1,1330,0,0,0,0,0,0,7.73416864552345e-07,-4.68658308224118e-07,7.73416864552345e-07,0,0,1,0
1.33,0.523598775598299,0.524239489093075,-0.00355433335754521,3.18240990577236e-05,0.524239489093075,0.524239489093075,-0.000640713494776346,-0.000245922137432586,-0.000245922137432586,0,0,0,0,0,0,0,0,0,0,0,0,0,1,1331,0,0,0,0,0,0,7.70717663578502e-07,-4.95829041850891e-07,7.70717663578502e-07,0,0,1,0
1.331,0.523598775598299,0.524235944423704,-0.00353502482497707,3.1633786265516e-05,0.524235944423704,0.524235944423704,-0.000637168825405432,-0.000244602342859041,-0.000244602342859041,0,0,0,0,0,0,0,0,0,0,0,0,0,1,1332,0,0,0,0,0,0,7.67926178202316e-07,-5.21812175427678e-07,7.67926178202316e-07,0,0,1,0
1.332,0.523598775598299,0.524232419005877,-0.00351583001892613,3.14461448536052e-05,0.524232419005877,0.524232419005877,-0.000633643407577877,-0.000243288614098946,-0.000243288614098946,0,0,0,0,0,0,0,0,0,0,0,0,0,1,1333,0,0,0,0,0,0,7.6503209833767e-07,-5.46614540143523e-07,7.6503209833767e-07,0,0,1,0
1.333,0.523598775598299,0.52422891272661,-0.00349674745896582,3.1261099354023e-05,0.52422891272661,0.52422891272661,-0.000630137128310948,-0.000241980921868299,-0.000241980921868299,0,0,0,0,0,0,0,0,0,0,0,0,0,1,1334,0,0,0,0,0,0,7.62026076239763e-07,-5.7024472894943e-07,7.62026076239763e-07,0,0,1,0
1.334,0.523598775598299,0.52422542547438,-0.00347777570565913,3.10785753107723e-05,0.52422542547438,0.52422542547438,-0.000626649876081409,-0.000240679238719439,-0.000240679238719439,0,0,0,0,0,0,0,0,0,0,0,0,0,1,1335,0,0,0,0,0,0,7.58899686981174e-07,-5.92712982946117e-07,7.58899686981174e-07,0,0,1,0
1.335,0.523598775598299,0.524221957139085,-0.00345891335997232,3.08984993444311e-05,0.524221957139085,0.524221957139085,-0.000623181540785778,-0.000239383538934815,-0.000239383538934815,0,0,0,0,0,0,0,0,0,0,0,0,0,1,1336,0,0,0,0,0,0,7.55645391592452e-07,-6.1403108671948e-07,7.55645391592452e-07,0,0,1,0
1.336,0.523598775598299,0.524218507611998,-0.00344015906265632,3.07207992105253e-05,0.524218507611998,0.524218507611998,-0.000619732013699248,-0.000238093798418782,-0.000238093798418782,0,0,0,0,0,0,0,0,0,0,0,0,0,1,1337,0,0,0,0,0,0,7.52256498093296e-07,-6.3421225964303e-07,7.52256498093296e-07,0,0,1,0
1.337,0.523598775598299,0.524215076785735,-0.00342151149359855,3.05454038538913e-05,0.524215076785735,0.524215076785735,-0.000616301187436608,-0.000236809994596371,-0.000236809994596371,0,0,0,0,0,0,0,0,0,0,0,0,0,1,1338,0,0,0,0,0,0,7.48727125632342e-07,-6.53271057171265e-07,7.48727125632342e-07,0,0,1,0
1.338,0.523598775598299,0.524211664554212,-0.00340296937114772,3.0372243457624e-05,0.524211664554212,0.524211664554212,-0.000612888955913604,-0.000235532106314716,-0.000235532106314716,0,0,0,0,0,0,0,0,0,0,0,0,0,1,1339,0,0,0,0,0,0,7.45052167849813e-07,-6.71223271518293e-07,7.45052167849813e-07,0,0,1,0
1.339,0.523598775598299,0.524208270812608,-0.00338453145141432,3.02012494871801e-05,0.524208270812608,0.524208270812608,-0.000609495214308864,-0.000234260113747366,-0.000234260113747366,0,0,0,0,0,0,0,0,0,0,0,0,0,1,1340,0,0,0,0,0,0,7.41227257794463e-07,-6.88085837956525e-07,7.41227257794463e-07,0,0,1,0
1.34,0.523598775598299,0.524204895457325,-0.0033661965275493,3.00323547299858e-05,0.524204895457325,0.524204895457325,-0.000606119859026033,-0.000232993998300518,-0.000232993998300518,0,0,0,0,0,0,0,0,0,0,0,0,0,1,1341,0,0,0,0,0,0,7.37248732507467e-07,-7.03876741555776e-07,7.37248732507467e-07,0,0,1,0
1.341,0.523598775598299,0.524201538385956,-0.0033479634290033,2.9865493331128e-05,0.524201538385956,0.524201538385956,-0.000602762787657585,-0.000231733742524994,-0.000231733742524994,0,0,0,0,0,0,0,0,0,0,0,0,0,1,1342,0,0,0,0,0,0,7.3311359927164e-07,-7.18614929690531e-07,7.3311359927164e-07,0,0,1,0
1.342,0.523598775598299,0.524198199497247,-0.00332983102076858,2.97006008243368e-05,0.524198199497247,0.524198199497247,-0.000599423898948626,-0.000230479330029362,-0.000230479330029362,0,0,0,0,0,0,0,0,0,0,0,0,0,1,1343,0,0,0,0,0,0,7.28819502193723e-07,-7.32320226626282e-07,7.28819502193723e-07,0,0,1,0
1.343,0.523598775598299,0.524194878691061,-0.00331179820260602,2.953761415928e-05,0.524194878691061,0.524194878691061,-0.000596103092761702,-0.000229230745396863,-0.000229230745396863,0,0,0,0,0,0,0,0,0,0,0,0,0,1,1344,0,0,0,0,0,0,7.24364688897694e-07,-7.45013249540917e-07,7.24364688897694e-07,0,0,1,0
1.344,0.523598775598299,0.524191575868342,-0.00329386390825921,2.93764717250156e-05,0.524191575868342,0.524191575868342,-0.000592800270042715,-0.000227987974106348,-0.000227987974106348,0,0,0,0,0,0,0,0,0,0,0,0,0,1,1345,0,0,0,0,0,0,7.19747979993635e-07,-7.56715333077689e-07,7.19747979993635e-07,0,0,1,0
1.345,0.523598775598299,0.524188290931086,-0.00327602710465759,2.92171133694939e-05,0.524188290931086,0.524188290931086,-0.000589515332787172,-0.000226751002455071,-0.000226751002455071,0,0,0,0,0,0,0,0,0,0,0,0,0,1,1346,0,0,0,0,0,0,7.14968737103305e-07,-7.67448450971061e-07,7.14968737103305e-07,0,0,1,0
1.346,0.523598775598299,0.524185023782306,-0.00325828679111072,2.90594804157753e-05,0.524185023782306,0.524185023782306,-0.000586248184007432,-0.000225519817485057,-0.000225519817485057,0,0,0,0,0,0,0,0,0,0,0,0,0,1,1347,0,0,0,0,0,0,7.10026832551058e-07,-7.77235143093998e-07,7.10026832551058e-07,0,0,1,0
1.347,0.523598775598299,0.524181774325999,-0.00324064199849542,2.89035156748765e-05,0.524181774325999,0.524181774325999,-0.000582998727700512,-0.000224294406911808,-0.000224294406911808,0,0,0,0,0,0,0,0,0,0,0,0,0,1,1348,0,0,0,0,0,0,7.04922620164972e-07,-7.86098446357419e-07,7.04922620164972e-07,0,0,1,0
1.348,0.523598775598299,0.524178542467116,-0.00322309178843738,2.87491634556329e-05,0.524178542467116,0.524178542467116,-0.000579766868817111,-0.000223074759057059,-0.000223074759057059,0,0,0,0,0,0,0,0,0,0,0,0,0,1,1349,0,0,0,0,0,0,6.99656906300028e-07,-7.9406182698985e-07,6.99656906300028e-07,0,0,1,0
1.349,0.523598775598299,0.52417532811153,-0.00320563525248904,2.85963695713073e-05,0.52417532811153,0.52417532811153,-0.00057655251323141,-0.000221860862784337,-0.000221860862784337,0,0,0,0,0,0,0,0,0,0,0,0,0,1,1350,0,0,0,0,0,0,6.94230922304584e-07,-8.01149117443363e-07,6.94230922304584e-07,0,0,1,0
1.35,0.523598775598299,0.52417213116601,-0.00318827151130536,2.84450813432275e-05,0.52417213116601,0.52417213116601,-0.000573355567711431,-0.000220652707436647,-0.000220652707436647,0,0,0,0,0,0,0,0,0,0,0,0,0,1,1351,0,0,0,0,0,0,6.88646297319906e-07,-8.07384454861847e-07,6.88646297319906e-07,0,0,1,0
1.351,0.523598775598299,0.524168951538189,-0.0031709997138189,2.82952476018703e-05,0.524168951538189,0.524168951538189,-0.000570175939890283,-0.000219450282777165,-0.000219450282777165,0,0,0,0,0,0,0,0,0,0,0,0,0,1,1352,0,0,0,0,0,0,6.82905031967884e-07,-8.12792222568354e-07,6.82905031967884e-07,0,0,1,0
1.352,0.523598775598299,0.524165789136537,-0.00315381903641559,2.81468186854176e-05,0.524165789136537,0.524165789136537,-0.000567013538238181,-0.00021825357893255,-0.00021825357893255,0,0,0,0,0,0,0,0,0,0,0,0,0,1,1353,0,0,0,0,0,0,6.77009472704881e-07,-8.1739699390646e-07,6.77009472704881e-07,0,0,1,0
1.353,0.523598775598299,0.524162643870335,-0.00313672868211253,2.79997464359488e-05,0.524162643870335,0.524162643870335,-0.000563868272035917,-0.000217062586340635,-0.000217062586340635,0,0,0,0,0,0,0,0,0,0,0,0,0,1,1354,0,0,0,0,0,0,6.70962287951937e-07,-8.21223481389886e-07,6.70962287951937e-07,0,0,1,0
1.354,0.523598775598299,0.524159515649647,-0.00311972787973921,2.78539841928489e-05,0.524159515649647,0.524159515649647,-0.000560740051347985,-0.000215877295697648,-0.000215877295697648,0,0,0,0,0,0,0,0,0,0,0,0,0,1,1355,0,0,0,0,0,0,6.64766443447817e-07,-8.24296484196749e-07,6.64766443447817e-07,0,0,1,0
1.355,0.523598775598299,0.524156404385296,-0.00310281588312312,2.77094867847472e-05,0.524156404385296,0.524156404385296,-0.00055762878699761,-0.000214697697910926,-0.000214697697910926,0,0,0,0,0,0,0,0,0,0,0,0,0,1,1356,0,0,0,0,0,0,6.58425179600464e-07,-8.26640841487076e-07,6.58425179600464e-07,0,0,1,0
1.356,0.523598775598299,0.524153309988841,-0.00308599197028102,2.75662105189297e-05,0.524153309988841,0.524153309988841,-0.000554534390541983,-0.000213523784052543,-0.000213523784052543,0,0,0,0,0,0,0,0,0,0,0,0,0,1,1357,0,0,0,0,0,0,6.51941989171512e-07,-8.28281386973644e-07,6.51941989171512e-07,0,0,1,0
1.357,0.523598775598299,0.524150232372547,-0.00306925544261688,2.74241131690525e-05,0.524150232372547,0.524150232372547,-0.000551456774248504,-0.00021235554531595,-0.00021235554531595,0,0,0,0,0,0,0,0,0,0,0,0,0,1,1358,0,0,0,0,0,0,6.45320595960008e-07,-8.29242906511029e-07,6.45320595960008e-07,0,0,1,0
1.358,0.523598775598299,0.524147171449371,-0.00305260562412739,2.72831539610341e-05,0.524147171449371,0.524147171449371,-0.000548395851071914,-0.000211192972975249,-0.000211192972975249,0,0,0,0,0,0,0,0,0,0,0,0,0,1,1359,0,0,0,0,0,0,6.38564934374308e-07,-8.29550098354389e-07,6.38564934374308e-07,0,0,1,0
1.359,0.523598775598299,0.524144127132931,-0.00303604186061611,2.71432935571879e-05,0.524144127132931,0.524144127132931,-0.000545351534631755,-0.000210036058345583,-0.000210036058345583,0,0,0,0,0,0,0,0,0,0,0,0,0,1,1360,0,0,0,0,0,0,6.31679129114993e-07,-8.29227533952984e-07,6.31679129114993e-07,0,0,1,0
1.36,0.523598775598299,0.52414109933749,-0.00301956351891691,2.70044940391412e-05,0.52414109933749,0.52414109933749,-0.000542323739191497,-0.000208884792748191,-0.000208884792748191,0,0,0,0,0,0,0,0,0,0,0,0,0,1,1361,0,0,0,0,0,0,6.24667476634144e-07,-8.28299623743161e-07,6.24667476634144e-07,0,0,1,0
1.361,0.523598775598299,0.524138087977936,-0.00300316998612766,2.68667188887692e-05,0.524138087977936,0.524138087977936,-0.000539312379637558,-0.000207739167475294,-0.000207739167475294,0,0,0,0,0,0,0,0,0,0,0,0,0,1,1362,0,0,0,0,0,0,6.17534426483601e-07,-8.26790582792803e-07,6.17534426483601e-07,0,0,1,0
1.362,0.523598775598299,0.524135092969758,-0.00298686066885482,2.67299329682262e-05,0.524135092969758,0.524135092969758,-0.000536317371459205,-0.000206599173757482,-0.000206599173757482,0,0,0,0,0,0,0,0,0,0,0,0,0,1,1363,0,0,0,0,0,0,6.10284563662411e-07,-8.24724399271651e-07,6.10284563662411e-07,0,0,1,0
1.363,0.523598775598299,0.524132114229029,-0.00297063499246959,2.65941024989083e-05,0.524132114229029,0.524132114229029,-0.000533338630729685,-0.000205464802734474,-0.000205464802734474,0,0,0,0,0,0,0,0,0,0,0,0,0,1,1364,0,0,0,0,0,0,6.02922591852462e-07,-8.22124805420488e-07,6.02922591852462e-07,0,0,1,0
1.364,0.523598775598299,0.524129151672387,-0.0029544924003761,2.64591950389848e-05,0.524129151672387,0.524129151672387,-0.000530376074088013,-0.000204336045427692,-0.000204336045427692,0,0,0,0,0,0,0,0,0,0,0,0,0,1,1365,0,0,0,0,0,0,5.95453317764338e-07,-8.19015251560858e-07,5.95453317764338e-07,0,0,1,0
1.365,0.523598775598299,0.52412620521702,-0.00293843235329247,2.63251794597841e-05,0.52412620521702,0.52412620521702,-0.000527429618720876,-0.000203212892713143,-0.000203212892713143,0,0,0,0,0,0,0,0,0,0,0,0,0,1,1366,0,0,0,0,0,0,5.87881635150111e-07,-8.15418879235915e-07,5.87881635150111e-07,0,0,1,0
1.366,0.523598775598299,0.524123274780645,-0.00292245432854513,2.61920259217057e-05,0.524123274780645,0.524123274780645,-0.000524499182346094,-0.000202095335298479,-0.000202095335298479,0,0,0,0,0,0,0,0,0,0,0,0,0,1,1367,0,0,0,0,0,0,5.80212510814526e-07,-8.1135849975102e-07,5.80212510814526e-07,0,0,1,0
1.367,0.523598775598299,0.524120360281495,-0.00290655781937674,2.60597058488537e-05,0.524120360281495,0.524120360281495,-0.000521584683195853,-0.000200983363699401,-0.000200983363699401,0,0,0,0,0,0,0,0,0,0,0,0,0,1,1368,0,0,0,0,0,0,5.72450969738014e-07,-8.06856570282916e-07,5.72450969738014e-07,0,0,1,0
1.368,0.523598775598299,0.5241174616383,-0.00289074233426828,2.5928191903443e-05,0.5241174616383,0.5241174616383,-0.000518686040001604,-0.000199876968220482,-0.000199876968220482,0,0,0,0,0,0,0,0,0,0,0,0,0,1,1369,0,0,0,0,0,0,5.64602082198107e-07,-8.01935175346593e-07,5.64602082198107e-07,0,0,1,0
1.369,0.523598775598299,0.524114578770278,-0.00287500739627553,2.57974579590203e-05,0.524114578770278,0.524114578770278,-0.000515803171978857,-0.000198776138935586,-0.000198776138935586,0,0,0,0,0,0,0,0,0,0,0,0,0,1,1370,0,0,0,0,0,0,5.56670951445959e-07,-7.96616009670096e-07,5.56670951445959e-07,0,0,1,0
1.37,0.523598775598299,0.524111711597112,-0.0028593525423804,2.56674790734549e-05,0.524111711597112,0.524111711597112,-0.000512935998813413,-0.000197680865672061,-0.000197680865672061,0,0,0,0,0,0,0,0,0,0,0,0,0,1,1371,0,0,0,0,0,0,5.48662701493896e-07,-7.9092036126124e-07,5.48662701493896e-07,0,0,1,0
1.371,0.523598775598299,0.524108860038946,-0.00284377732285739,2.55382314609694e-05,0.524108860038946,0.524108860038946,-0.00051008444064693,-0.000196591137992982,-0.000196591137992982,0,0,0,0,0,0,0,0,0,0,0,0,0,1,1372,0,0,0,0,0,0,5.4058246534705e-07,-7.84869095563513e-07,5.4058246534705e-07,0,0,1,0
1.372,0.523598775598299,0.524106024016364,-0.00282828130065522,2.5409692464581e-05,0.524106024016364,0.524106024016364,-0.00050724841806471,-0.000195506945185233,-0.000195506945185233,0,0,0,0,0,0,0,0,0,0,0,0,0,1,1373,0,0,0,0,0,0,5.32435374789308e-07,-7.78482643670579e-07,5.32435374789308e-07,0,0,1,0
1.373,0.523598775598299,0.524103203450382,-0.00281286405079405,2.52818405273303e-05,0.524103203450382,0.524103203450382,-0.000504427852082712,-0.000194428276245303,-0.000194428276245303,0,0,0,0,0,0,0,0,0,0,0,0,0,1,1374,0,0,0,0,0,0,5.24226549725171e-07,-7.71780989170141e-07,5.24226549725171e-07,0,0,1,0
1.374,0.523598775598299,0.524100398262435,-0.00279752515977826,2.51546551638875e-05,0.524100398262435,0.524100398262435,-0.000501622664136447,-0.000193355119869972,-0.000193355119869972,0,0,0,0,0,0,0,0,0,0,0,0,0,1,1375,0,0,0,0,0,0,5.15961089186945e-07,-7.64783659314627e-07,5.15961089186945e-07,0,0,1,0
1.375,0.523598775598299,0.524097608374368,-0.00278226422502507,2.50281169312327e-05,0.524097608374368,0.524097608374368,-0.000498832776069102,-0.000192287464444681,-0.000192287464444681,0,0,0,0,0,0,0,0,0,0,0,0,0,1,1376,0,0,0,0,0,0,5.07644061675805e-07,-7.57509714194348e-07,5.07644061675805e-07,0,0,1,0
1.376,0.523598775598299,0.52409483370842,-0.00276708085430907,2.49022073999056e-05,0.52409483370842,0.52409483370842,-0.000496058110121655,-0.00019122529803707,-0.00019122529803707,0,0,0,0,0,0,0,0,0,0,0,0,0,1,1377,0,0,0,0,0,0,4.99280497279209e-07,-7.49977740504204e-07,4.99280497279209e-07,0,0,1,0
1.377,0.523598775598299,0.524092074187221,-0.00275197466522271,2.47769091243697e-05,0.524092074187221,0.524092074187221,-0.000493298588921776,-0.000190168608386963,-0.000190168608386963,0,0,0,0,0,0,0,0,0,0,0,0,0,1,1378,0,0,0,0,0,0,4.90875379233202e-07,-7.42205843581303e-07,4.90875379233202e-07,0,0,1,0
1.378,0.523598775598299,0.524089329733774,-0.00273694528465261,2.46522056143623e-05,0.524089329733774,0.524089329733774,-0.000490554135475163,-0.000189117382902709,-0.000189117382902709,0,0,0,0,0,0,0,0,0,0,0,0,0,1,1379,0,0,0,0,0,0,4.82433637261082e-07,-7.34211644010758e-07,4.82433637261082e-07,0,0,1,0
1.379,0.523598775598299,0.524086600271455,-0.00272199234827197,2.45280813052399e-05,0.524086600271455,0.524086600271455,-0.000487824673156334,-0.000188071608655724,-0.000188071608655724,0,0,0,0,0,0,0,0,0,0,0,0,0,1,1380,0,0,0,0,0,0,4.73960139912855e-07,-7.2601227127443e-07,4.73960139912855e-07,0,0,1,0
1.38,0.523598775598299,0.524083885723999,-0.00270711550004888,2.44045215286787e-05,0.524083885723999,0.524083885723999,-0.000485110125699739,-0.000187031272375675,-0.000187031272375675,0,0,0,0,0,0,0,0,0,0,0,0,0,1,1381,0,0,0,0,0,0,4.65459688570036e-07,-7.17624361657333e-07,4.65459688570036e-07,0,0,1,0
1.381,0.523598775598299,0.524081186015491,-0.00269231439177056,2.42815124838007e-05,0.524081186015491,0.524081186015491,-0.000482410417191881,-0.00018599636044806,-0.00018599636044806,0,0,0,0,0,0,0,0,0,0,0,0,0,1,1382,0,0,0,0,0,0,4.56937011450442e-07,-7.09064055871064e-07,4.56937011450442e-07,0,0,1,0
1.382,0.523598775598299,0.524078501070363,-0.0026775886825834,2.41590412081986e-05,0.524078501070363,0.524078501070363,-0.000479725472063985,-0.000184966858912997,-0.000184966858912997,0,0,0,0,0,0,0,0,0,0,0,0,0,1,1383,0,0,0,0,0,0,4.48396758390146e-07,-7.00346998507148e-07,4.48396758390146e-07,0,0,1,0
1.383,0.523598775598299,0.524075830813383,-0.0026629380385487,2.40370955489191e-05,0.524075830813383,0.524075830813383,-0.000477055215084454,-0.000183942753463089,-0.000183942753463089,0,0,0,0,0,0,0,0,0,0,0,0,0,1,1384,0,0,0,0,0,0,4.39843495181336e-07,-6.91488336003942e-07,4.39843495181336e-07,0,0,1,0
1.384,0.523598775598299,0.524073175169651,-0.00264836213221406,2.39156641341082e-05,0.524073175169651,0.524073175169651,-0.000474399571352202,-0.000182924029443403,-0.000182924029443403,0,0,0,0,0,0,0,0,0,0,0,0,0,1,1385,0,0,0,0,0,0,4.31281699242447e-07,-6.8250271793662e-07,4.31281699242447e-07,0,0,1,0
1.385,0.523598775598299,0.52407053406459,-0.00263386064220016,2.37947363447943e-05,0.52407053406459,0.52407053406459,-0.000471758466290773,-0.000181910671853202,-0.000181910671853202,0,0,0,0,0,0,0,0,0,0,0,0,0,1,1386,0,0,0,0,0,0,4.22715756176473e-07,-6.73404300389254e-07,4.22715756176473e-07,0,0,1,0
1.386,0.523598775598299,0.524067907423941,-0.00261943325280289,2.3674302286584e-05,0.524067907423941,0.524067907423941,-0.000469131825642344,-0.000180902665347063,-0.000180902665347063,0,0,0,0,0,0,0,0,0,0,0,0,0,1,1387,0,0,0,0,0,0,4.14149955108023e-07,-6.64206745728656e-07,4.14149955108023e-07,0,0,1,0
1.387,0.523598775598299,0.524065295173761,-0.00260507965361068,2.35543527618913e-05,0.524065295173761,0.524065295173761,-0.000466519575461732,-0.000179899994235664,-0.000179899994235664,0,0,0,0,0,0,0,0,0,0,0,0,0,1,1388,0,0,0,0,0,0,4.05588485352659e-07,-6.54923225682207e-07,4.05588485352659e-07,0,0,1,0
1.388,0.523598775598299,0.524062697240411,-0.00259079953913676,2.34348792429841e-05,0.524062697240411,0.524062697240411,-0.000463921642112064,-0.000178902642490745,-0.000178902642490745,0,0,0,0,0,0,0,0,0,0,0,0,0,1,1389,0,0,0,0,0,0,3.9703543386338e-07,-6.45566426206142e-07,3.9703543386338e-07,0,0,1,0
1.389,0.523598775598299,0.524060113550558,-0.00257659260846607,2.33158738445835e-05,0.524060113550558,0.524060113550558,-0.000461337952259333,-0.000177910593746725,-0.000177910593746725,0,0,0,0,0,0,0,0,0,0,0,0,0,1,1390,0,0,0,0,0,0,3.88494781899951e-07,-6.36148549929341e-07,3.88494781899951e-07,0,0,1,0
1.39,0.523598775598299,0.524057544031167,-0.00256245856491679,2.3197329297625e-05,0.524057544031167,0.524057544031167,-0.000458768432868406,-0.000176923831305889,-0.000176923831305889,0,0,0,0,0,0,0,0,0,0,0,0,0,1,1391,0,0,0,0,0,0,3.79970403363572e-07,-6.26681322798408e-07,3.79970403363572e-07,0,0,1,0
1.391,0.523598775598299,0.524054988609498,-0.0025483971157161,2.30792389229654e-05,0.524054988609498,0.524054988609498,-0.000456213011198803,-0.000175942338142634,-0.000175942338142634,0,0,0,0,0,0,0,0,0,0,0,0,0,1,1392,0,0,0,0,0,0,3.71466062243364e-07,-6.17175997989468e-07,3.71466062243364e-07,0,0,1,0
1.392,0.523598775598299,0.5240524472131,-0.00253440797168996,2.29615966057193e-05,0.5240524472131,0.5240524472131,-0.000453671614801143,-0.000174966096909174,-0.000174966096909174,0,0,0,0,0,0,0,0,0,0,0,0,0,1,1393,0,0,0,0,0,0,3.62985411062056e-07,-6.07643362218226e-07,3.62985411062056e-07,0,0,1,0
1.393,0.523598775598299,0.524049919769812,-0.00252049084696683,2.28443967698729e-05,0.524049919769812,0.524049919769812,-0.000451144171513373,-0.0001739950899403,-0.0001739950899403,0,0,0,0,0,0,0,0,0,0,0,0,0,1,1394,0,0,0,0,0,0,3.54531989432694e-07,-5.98093742026386e-07,3.54531989432694e-07,0,0,1,0
1.394,0.523598775598299,0.524047406207757,-0.00250664545869475,2.27276343537169e-05,0.524047406207757,0.524047406207757,-0.000448630609458101,-0.000173029299260813,-0.000173029299260813,0,0,0,0,0,0,0,0,0,0,0,0,0,1,1395,0,0,0,0,0,0,3.46109223281488e-07,-5.88537011545192e-07,3.46109223281488e-07,0,0,1,0
1.395,0.523598775598299,0.524044906455338,-0.0024928715267719,2.26113047852805e-05,0.524044906455338,0.524044906455338,-0.000446130857038929,-0.000172068706589907,-0.000172068706589907,0,0,0,0,0,0,0,0,0,0,0,0,0,1,1396,0,0,0,0,0,0,3.3772042296043e-07,-5.78982596954099e-07,3.3772042296043e-07,0,0,1,0
1.396,0.523598775598299,0.524042420441237,-0.00247916877358995,2.24954039590645e-05,0.524042420441237,0.524042420441237,-0.000443644842938462,-0.000171113293349731,-0.000171113293349731,0,0,0,0,0,0,0,0,0,0,0,0,0,1,1397,0,0,0,0,0,0,3.29368783580364e-07,-5.69439486625438e-07,3.29368783580364e-07,0,0,1,0
1.397,0.523598775598299,0.524039948094415,-0.0024655369237901,2.2379928212578e-05,0.524039948094415,0.524039948094415,-0.000441172496115971,-0.000170163040672695,-0.000170163040672695,0,0,0,0,0,0,0,0,0,0,0,0,0,1,1398,0,0,0,0,0,0,3.21057384677914e-07,-5.59916239140567e-07,3.21057384677914e-07,0,0,1,0
1.398,0.523598775598299,0.524037489344104,-0.00245197570403165,2.22648743034692e-05,0.524037489344104,0.524037489344104,-0.000438713745804953,-0.000169217929408154,-0.000169217929408154,0,0,0,0,0,0,0,0,0,0,0,0,0,1,1399,0,0,0,0,0,0,3.12789189327312e-07,-5.50420989499758e-07,3.12789189327312e-07,0,0,1,0
1.399,0.523598775598299,0.52403504411981,-0.0024384848427727,2.21502393875385e-05,0.52403504411981,0.52403504411981,-0.000436268521511018,-0.000168277940129664,-0.000168277940129664,0,0,0,0,0,0,0,0,0,0,0,0,0,1,1400,0,0,0,0,0,0,3.04567044362436e-07,-5.40961458039314e-07,3.04567044362436e-07,0,0,1,0
1.4,0.523598775598299,0.52403261235131,-0.00242506407006249,2.20360209974136e-05,0.52403261235131,0.52403261235131,-0.000433836753011008,-0.000167343053145207,-0.000167343053145207,0,0,0,0,0,0,0,0,0,0,0,0,0,1,1401,0,0,0,0,0,0,2.96393681376017e-07,-5.3154496112962e-07,2.96393681376017e-07,0,0,1,0
1.401,0.523598775598299,0.524030193968649,-0.00241171311734535,2.19222170209881e-05,0.524030193968649,0.524030193968649,-0.000431418370350656,-0.000166413248503188,-0.000166413248503188,0,0,0,0,0,0,0,0,0,0,0,0,0,1,1402,0,0,0,0,0,0,2.88271716053501e-07,-5.22178417067124e-07,2.88271716053501e-07,0,0,1,0
1.402,0.523598775598299,0.524027788902143,-0.00239843171727593,2.18088256813487e-05,0.524027788902143,0.524027788902143,-0.000429013303843817,-0.000165488506002319,-0.000165488506002319,0,0,0,0,0,0,0,0,0,0,0,0,0,1,1403,0,0,0,0,0,0,2.80203649949406e-07,-5.12868358281586e-07,2.80203649949406e-07,0,0,1,0
1.403,0.523598775598299,0.52402539708237,-0.00238521960354514,2.16958455166655e-05,0.52402539708237,0.52402539708237,-0.000426621484071021,-0.000164568805199382,-0.000164568805199382,0,0,0,0,0,0,0,0,0,0,0,0,0,1,1404,0,0,0,0,0,0,2.72191870376304e-07,-5.03620938130779e-07,2.72191870376304e-07,0,0,1,0
1.404,0.523598775598299,0.524023018440177,-0.00237207651071686,2.15832753610069e-05,0.524023018440177,0.524023018440177,-0.000424242841878586,-0.000163654125418185,-0.000163654125418185,0,0,0,0,0,0,0,0,0,0,0,0,0,1,1405,0,0,0,0,0,0,2.64238651737081e-07,-4.94441941322919e-07,2.64238651737081e-07,0,0,1,0
1.405,0.523598775598299,0.524020652906677,-0.0023590021740747,2.14711143256122e-05,0.524020652906677,0.524020652906677,-0.000421877308378282,-0.000162744445759702,-0.000162744445759702,0,0,0,0,0,0,0,0,0,0,0,0,0,1,1406,0,0,0,0,0,0,2.56346156857212e-07,-4.85336794043005e-07,2.56346156857212e-07,0,0,1,0
1.406,0.523598775598299,0.524018300413245,-0.00234599632947891,2.13593617803263e-05,0.524018300413245,0.524018300413245,-0.000419524814945893,-0.000161839745108917,-0.000161839745108917,0,0,0,0,0,0,0,0,0,0,0,0,0,1,1407,0,0,0,0,0,0,2.48516437872937e-07,-4.76310572595324e-07,2.48516437872937e-07,0,0,1,0
1.407,0.523598775598299,0.52401596089152,-0.00233305871323286,2.12480173364354e-05,0.52401596089152,0.52401596089152,-0.000417185293221212,-0.000160940002145269,-0.000160940002145269,0,0,0,0,0,0,0,0,0,0,0,0,0,1,1408,0,0,0,0,0,0,2.40751437785569e-07,-4.67368013574673e-07,2.40751437785569e-07,0,0,1,0
1.408,0.523598775598299,0.524013634273407,-0.00232018906195884,2.11370808294604e-05,0.524013634273407,0.524013634273407,-0.000414858675107821,-0.000160045195352205,-0.000160045195352205,0,0,0,0,0,0,0,0,0,0,0,0,0,1,1409,0,0,0,0,0,0,2.33052992015814e-07,-4.58513523767185e-07,2.33052992015814e-07,0,0,1,0
1.409,0.523598775598299,0.524011320491071,-0.00230738711248289,2.10265523024443e-05,0.524011320491071,0.524011320491071,-0.000412544892772204,-0.000159155303024641,-0.000159155303024641,0,0,0,0,0,0,0,0,0,0,0,0,0,1,1410,0,0,0,0,0,0,2.25422829736033e-07,-4.49751189182169e-07,2.25422829736033e-07,0,0,1,0
1.41,0.523598775598299,0.524009019476943,-0.00229465260172834,2.09164319904339e-05,0.524009019476943,0.524009019476943,-0.000410243878644079,-0.000158270303279453,-0.000158270303279453,0,0,0,0,0,0,0,0,0,0,0,0,0,1,1411,0,0,0,0,0,0,2.17862575757621e-07,-4.41084785328611e-07,2.17862575757621e-07,0,0,1,0
1.411,0.523598775598299,0.524006731163715,-0.00228198526661776,2.08067203049549e-05,0.524006731163715,0.524006731163715,-0.000407955565416174,-0.000157390174064184,-0.000157390174064184,0,0,0,0,0,0,0,0,0,0,0,0,0,1,1412,0,0,0,0,0,0,2.10373752640436e-07,-4.32517787831788e-07,2.10373752640436e-07,0,0,1,0
1.412,0.523598775598299,0.524004455484343,-0.00226938484398293,2.06974178192576e-05,0.524004455484343,0.524004455484343,-0.000405679886044674,-0.000156514893167274,-0.000156514893167274,0,0,0,0,0,0,0,0,0,0,0,0,0,1,1413,0,0,0,0,0,0,2.02957782358126e-07,-4.24053381593804e-07,2.02957782358126e-07,0,0,1,0
1.413,0.523598775598299,0.524002192372047,-0.00225685107048281,2.05885252537584e-05,0.524002192372047,0.524002192372047,-0.000403416773748666,-0.000155644438225337,-0.000155644438225337,0,0,0,0,0,0,0,0,0,0,0,0,0,1,1414,0,0,0,0,0,0,1.95615988074493e-07,-4.1569447002004e-07,1.95615988074493e-07,0,0,1,0
1.414,0.523598775598299,0.52399994176031,-0.00224438368252884,2.04800434627389e-05,0.52399994176031,0.52399994176031,-0.000401166162010691,-0.000154778786733184,-0.000154778786733184,0,0,0,0,0,0,0,0,0,0,0,0,0,1,1415,0,0,0,0,0,0,1.88349596252912e-07,-4.0744368491304e-07,1.88349596252912e-07,0,0,1,0
1.415,0.523598775598299,0.523997703582876,-0.00223198241621751,2.0371973421132e-05,0.523997703582876,0.523997703582876,-0.000398927984577191,-0.000153917916053279,-0.000153917916053279,0,0,0,0,0,0,0,0,0,0,0,0,0,1,1416,0,0,0,0,0,0,1.81159738987802e-07,-3.99303396726247e-07,1.81159738987802e-07,0,0,1,0
1.416,0.523598775598299,0.523995477773758,-0.00221964700726982,2.02643162117217e-05,0.523995477773758,0.523995477773758,-0.00039670217545873,-0.000153061803424357,-0.000153061803424357,0,0,0,0,0,0,0,0,0,0,0,0,0,1,1417,0,0,0,0,0,0,1.74047456003024e-07,-3.91275723694287e-07,1.74047456003024e-07,0,0,1,0
1.417,0.523598775598299,0.523993264267229,-0.00220737719097742,2.0157073013039e-05,0.523993264267229,0.523993264267229,-0.000394488668930104,-0.000152210425969506,-0.000152210425969506,0,0,0,0,0,0,0,0,0,0,0,0,0,1,1418,0,0,0,0,0,0,1.67013696983354e-07,-3.83362541642391e-07,1.67013696983354e-07,0,0,1,0
1.418,0.523598775598299,0.52399106299783,-0.00219517270215507,2.00502450880247e-05,0.52399106299783,0.52399106299783,-0.000392287399531233,-0.000151363760706113,-0.000151363760706113,0,0,0,0,0,0,0,0,0,0,0,0,0,1,1419,0,0,0,0,0,0,1.60059323572881e-07,-3.75565492686473e-07,1.60059323572881e-07,0,0,1,0
1.419,0.523598775598299,0.523988873900366,-0.00218303327509914,1.99438337727275e-05,0.523988873900366,0.523988873900366,-0.000390098302067488,-0.000150521784554075,-0.000150521784554075,0,0,0,0,0,0,0,0,0,0,0,0,0,1,1420,0,0,0,0,0,0,1.53185112039544e-07,-3.6788599552405e-07,1.53185112039544e-07,0,0,1,0
1.42,0.523598775598299,0.523986696909909,-0.00217095864355195,1.98378404657284e-05,0.523986696909909,0.523986696909909,-0.000387921311610251,-0.000149684474344403,-0.000149684474344403,0,0,0,0,0,0,0,0,0,0,0,0,0,1,1421,0,0,0,0,0,0,1.46391755273534e-07,-3.60325253721122e-07,1.46391755273534e-07,0,0,1,0
1.421,0.523598775598299,0.523984531961796,-0.00215894854067171,1.97322666180368e-05,0.523984531961796,0.523984531961796,-0.000385756363497358,-0.000148851806827296,-0.000148851806827296,0,0,0,0,0,0,0,0,0,0,0,0,0,1,1422,0,0,0,0,0,0,1.39679865118758e-07,-3.5288426471409e-07,1.39679865118758e-07,0,0,1,0
1.422,0.523598775598299,0.523982378991633,-0.00214700269900762,1.96271137235775e-05,0.523982378991633,0.523982378991633,-0.000383603393333765,-0.000148023758680623,-0.000148023758680623,0,0,0,0,0,0,0,0,0,0,0,0,0,1,1423,0,0,0,0,0,0,1.33049974926358e-07,-3.45563829217918e-07,1.33049974926358e-07,0,0,1,0
1.423,0.523598775598299,0.523980237935291,-0.00213512085048002,1.95223833100486e-05,0.523980237935291,0.523980237935291,-0.000381462336992211,-0.000147200306518195,-0.000147200306518195,0,0,0,0,0,0,0,0,0,0,0,0,0,1,1424,0,0,0,0,0,0,1.26502541886175e-07,-3.38364559849982e-07,1.26502541886175e-07,0,0,1,0
1.424,0.523598775598299,0.523978108728913,-0.00212330272636528,1.94180769301983e-05,0.523978108728913,0.523978108728913,-0.00037933313061389,-0.000146381426897834,-0.000146381426897834,0,0,0,0,0,0,0,0,0,0,0,0,0,1,1425,0,0,0,0,0,0,1.20037949469243e-07,-3.31286889876338e-07,1.20037949469243e-07,0,0,1,0
1.425,0.523598775598299,0.523975991308908,-0.00211154805728524,1.93141961535406e-05,0.523975991308908,0.523975991308908,-0.000377215710609113,-0.000145567096329266,-0.000145567096329266,0,0,0,0,0,0,0,0,0,0,0,0,0,1,1426,0,0,0,0,0,0,1.13656509759252e-07,-3.24331081491438e-07,1.13656509759252e-07,0,0,1,0
1.426,0.523598775598299,0.523973885611957,-0.002099856573201,1.92107425585152e-05,0.523973885611957,0.523973885611957,-0.000375110013657864,-0.000144757291281516,-0.000144757291281516,0,0,0,0,0,0,0,0,0,0,0,0,0,1,1427,0,0,0,0,0,0,1.0735846556198e-07,-3.17497233335239e-07,1.0735846556198e-07,0,0,1,0
1.427,0.523598775598299,0.523971791575009,-0.00208822800341063,1.91077177251826e-05,0.523971791575009,0.523971791575009,-0.000373015976710356,-0.000143951988190137,-0.000143951988190137,0,0,0,0,0,0,0,0,0,0,0,0,0,1,1428,0,0,0,0,0,0,1.01143993291863e-07,-3.10785289952317e-07,1.01143993291863e-07,0,0,1,0
1.428,0.523598775598299,0.523969709135287,-0.00207666207655077,1.9005123228403e-05,0.523969709135287,0.523969709135287,-0.000370933536987916,-0.000143151163465172,-0.000143151163465172,0,0,0,0,0,0,0,0,0,0,0,0,0,1,1429,0,0,0,0,0,0,9.50132049704067e-08,-3.04195048696394e-07,9.50132049704067e-08,0,0,1,0
1.429,0.523598775598299,0.523967638230282,-0.00206515852060173,1.89029606311767e-05,0.523967638230282,0.523967638230282,-0.000368862631983546,-0.00014235479349803,-0.00014235479349803,0,0,0,0,0,0,0,0,0,0,0,0,0,1,1430,0,0,0,0,0,0,8.89661506686679e-08,-2.97726167691314e-07,8.89661506686679e-08,0,0,1,0
1.43,0.523598775598299,0.523965578797762,-0.00205371706289607,1.88012314785142e-05,0.523965578797762,0.523965578797762,-0.000366803199462695,-0.000141562854668826,-0.000141562854668826,0,0,0,0,0,0,0,0,0,0,0,0,0,1,1431,0,0,0,0,0,0,8.30028210607736e-08,-2.91378173951275e-07,8.30028210607736e-08,0,0,1,0
1.431,0.523598775598299,0.523963530775762,-0.00204233743013028,1.86999372915744e-05,0.523963530775762,0.523963530775762,-0.000364755177463594,-0.000140775323352345,-0.000140775323352345,0,0,0,0,0,0,0,0,0,0,0,0,0,1,1432,0,0,0,0,0,0,7.71231494223201e-08,-2.85150469864041e-07,7.71231494223201e-08,0,0,1,0
1.432,0.523598775598299,0.523961494102597,-0.00203101934837945,1.85990795624803e-05,0.523961494102597,0.523961494102597,-0.000362718504298365,-0.000139992175925979,-0.000139992175925979,0,0,0,0,0,0,0,0,0,0,0,0,0,1,1433,0,0,0,0,0,0,7.13270145169531e-08,-2.79042341945002e-07,7.13270145169531e-08,0,0,1,0
1.433,0.523598775598299,0.523959468716852,-0.00201976254311476,1.84986597490017e-05,0.523959468716852,0.523959468716852,-0.000360693118553246,-0.000139213388775101,-0.000139213388775101,0,0,0,0,0,0,0,0,0,0,0,0,0,1,1434,0,0,0,0,0,0,6.561424215068e-08,-2.73052965868849e-07,6.561424215068e-08,0,0,1,0
1.434,0.523598775598299,0.523957454557388,-0.00200856673922345,1.83986792700362e-05,0.523957454557388,0.523957454557388,-0.000358678959089032,-0.000138438938298922,-0.000138438938298922,0,0,0,0,0,0,0,0,0,0,0,0,0,1,1435,0,0,0,0,0,0,5.99846077253829e-08,-2.67181414089889e-07,5.99846077253829e-08,0,0,1,0
1.435,0.523598775598299,0.523955451563341,-0.00199743166103123,1.82991395014948e-05,0.523955451563341,0.523955451563341,-0.000356675965042297,-0.000137668800918304,-0.000137668800918304,0,0,0,0,0,0,0,0,0,0,0,0,0,1,1436,0,0,0,0,0,0,5.44378386813094e-08,-2.61426663044836e-07,5.44378386813094e-08,0,0,1,0
1.436,0.523598775598299,0.523953459674124,-0.00198635703232682,1.82000417718712e-05,0.523953459674124,0.523953459674124,-0.000354684075825284,-0.00013690295307985,-0.00013690295307985,0,0,0,0,0,0,0,0,0,0,0,0,0,1,1437,0,0,0,0,0,0,4.89736166064958e-08,-2.55787599341326e-07,4.89736166064958e-08,0,0,1,0
1.437,0.523598775598299,0.523951478829426,-0.00197534257638864,1.81013873588563e-05,0.523951478829426,0.523951478829426,-0.000352703231127016,-0.00013614137126317,-0.00013614137126317,0,0,0,0,0,0,0,0,0,0,0,0,0,1,1438,0,0,0,0,0,0,4.35915792351693e-08,-2.50263025552977e-07,4.35915792351693e-08,0,0,1,0
1.438,0.523598775598299,0.523949508969212,-0.00196438801601332,1.80031774856373e-05,0.523949508969212,0.523949508969212,-0.000350733370913181,-0.000135384031984735,-0.000135384031984735,0,0,0,0,0,0,0,0,0,0,0,0,0,1,1439,0,0,0,0,0,0,3.82913227792159e-08,-2.44851666814159e-07,3.82913227792159e-08,0,0,1,0
1.439,0.523598775598299,0.523947550033726,-0.00195349307354593,1.7905413318133e-05,0.523947550033726,0.523947550033726,-0.000348774435427135,-0.00013463091180462,-0.00013463091180462,0,0,0,0,0,0,0,0,0,0,0,0,0,1,1440,0,0,0,0,0,0,3.30724039265817e-08,-2.39552176422068e-07,3.30724039265817e-08,0,0,1,0
1.44,0.523598775598299,0.523945601963489,-0.00194265747091175,1.7808095961929e-05,0.523945601963489,0.523945601963489,-0.00034682636518979,-0.000133881987330142,-0.000133881987330142,0,0,0,0,0,0,0,0,0,0,0,0,0,1,1441,0,0,0,0,0,0,2.79343417286526e-08,-2.3436314105466e-07,2.79343417286526e-08,0,0,1,0
1.441,0.523598775598299,0.523943664699299,-0.00193188092964938,1.77112264600538e-05,0.523943664699299,0.523943664699299,-0.000344889101000612,-0.000133137235222395,-0.000133137235222395,0,0,0,0,0,0,0,0,0,0,0,0,0,1,1442,0,0,0,0,0,0,2.28766199317221e-08,-2.29283087105651e-07,2.28766199317221e-08,0,0,1,0
1.442,0.523598775598299,0.523941738182237,-0.00192116317094516,1.76148057903843e-05,0.523941738182237,0.523941738182237,-0.000342962583937734,-0.000132396632200285,-0.000132396632200285,0,0,0,0,0,0,0,0,0,0,0,0,0,1,1443,0,0,0,0,0,0,1.78986888643706e-08,-2.24310485735812e-07,1.78986888643706e-08,0,0,1,0
1.443,0.523598775598299,0.523939822353657,-0.00191050391566876,1.75188348636506e-05,0.523939822353657,0.523939822353657,-0.000341046755357843,-0.000131660155043881,-0.000131660155043881,0,0,0,0,0,0,0,0,0,0,0,0,0,1,1444,0,0,0,0,0,0,1.2999966991778e-08,-2.19443756958133e-07,1.2999966991778e-08,0,0,1,0
1.444,0.523598775598299,0.523937917155196,-0.00189990288440966,1.74233145220546e-05,0.523937917155196,0.523937917155196,-0.000339141556897515,-0.000130927780601574,-0.000130927780601574,0,0,0,0,0,0,0,0,0,0,0,0,0,1,1445,0,0,0,0,0,0,8.17984358025825e-09,-2.1468127664871e-07,8.17984358025825e-09,0,0,1,0
1.445,0.523598775598299,0.523936022528771,-0.00188935979751452,1.73282455370784e-05,0.523936022528771,0.523936022528771,-0.000337246930472324,-0.000130199485791149,-0.000130199485791149,0,0,0,0,0,0,0,0,0,0,0,0,0,1,1446,0,0,0,0,0,0,3.43767991850541e-09,-2.10021379588366e-07,3.43767991850541e-09,0,0,1,0
1.446,0.523598775598299,0.523934138416577,-0.00187887437512535,1.72336286087512e-05,0.523934138416577,0.523934138416577,-0.00033536281827784,-0.000129475247605889,-0.000129475247605889,0,0,0,0,0,0,0,0,0,0,0,0,0,1,1447,0,0,0,0,0,0,-1.22718901707231e-09,-2.05462363655909e-07,-1.22718901707231e-09,0,0,1,0
1.447,0.523598775598299,0.523932264761088,-0.00186844633721818,1.71394643642314e-05,0.523932264761088,0.523932264761088,-0.000333489162789635,-0.000128755043117892,-0.000128755043117892,0,0,0,0,0,0,0,0,0,0,0,0,0,1,1448,0,0,0,0,0,0,-5.81545211986167e-09,-2.01002496057309e-07,-5.81545211986167e-09,0,0,1,0
1.448,0.523598775598299,0.523930401505062,-0.00185807540364234,1.70457533568686e-05,0.523930401505062,0.523930401505062,-0.000331625906763278,-0.000128038849481321,-0.000128038849481321,0,0,0,0,0,0,0,0,0,0,0,0,0,1,1449,0,0,0,0,0,0,-1.03278209317992e-08,-1.9664001619569e-07,-1.03278209317992e-08,0,0,1,0
1.449,0.523598775598299,0.523928548591533,-0.00184776129416017,1.69524960655942e-05,0.523928548591533,0.523928548591533,-0.000329772993234667,-0.000127326643936489,-0.000127326643936489,0,0,0,0,0,0,0,0,0,0,0,0,0,1,1450,0,0,0,0,0,0,-1.47650279780365e-08,-1.92373139701633e-07,-1.47650279780365e-08,0,0,1,0
1.45,0.523598775598299,0.523926705963818,-0.00183750372848696,1.68596928942587e-05,0.523926705963818,0.523926705963818,-0.000327930365519591,-0.000126618403811781,-0.000126618403811781,0,0,0,0,0,0,0,0,0,0,0,0,0,1,1451,0,0,0,0,0,0,-1.91278251016058e-08,-1.88200062415235e-07,-1.91278251016058e-08,0,0,1,0
1.451,0.523598775598299,0.523924873565513,-0.00182730242633108,1.67673441716301e-05,0.523924873565513,0.523924873565513,-0.000326097967214611,-0.000125914106529117,-0.000125914106529117,0,0,0,0,0,0,0,0,0,0,0,0,0,1,1452,0,0,0,0,0,0,-2.34169816870633e-08,-1.84118964623278e-07,-2.34169816870633e-08,0,0,1,0
1.452,0.523598775598299,0.523923051340495,-0.00181715710743428,1.66754501506794e-05,0.523923051340495,0.523923051340495,-0.000324275742196289,-0.000125213729604849,-0.000125213729604849,0,0,0,0,0,0,0,0,0,0,0,0,0,1,1453,0,0,0,0,0,0,-2.76332834392434e-08,-1.80128013757921e-07,-2.76332834392434e-08,0,0,1,0
1.453,0.523598775598299,0.52392123923292,-0.00180706749161206,1.65840110088784e-05,0.52392123923292,0.52392123923292,-0.000322463634621517,-0.000124517250653614,-0.000124517250653614,0,0,0,0,0,0,0,0,0,0,0,0,0,1,1454,0,0,0,0,0,0,-3.17775306069024e-08,-1.76225368559596e-07,-3.17775306069024e-08,0,0,1,0
1.454,0.523598775598299,0.523919437187226,-0.00179703329879393,1.64930268481848e-05,0.523919437187226,0.523919437187226,-0.000320661588927185,-0.00012382464739034,-0.00012382464739034,0,0,0,0,0,0,0,0,0,0,0,0,0,1,1455,0,0,0,0,0,0,-3.58505369835171e-08,-1.72409181108807e-07,-3.58505369835171e-08,0,0,1,0
1.455,0.523598775598299,0.523917645148129,-0.00178705424906352,1.64024976954175e-05,0.523917645148129,0.523917645148129,-0.000318869549830292,-0.000123135897633395,-0.000123135897633395,0,0,0,0,0,0,0,0,0,0,0,0,0,1,1456,0,0,0,0,0,0,-3.98531284639958e-08,-1.68677600034936e-07,-3.98531284639958e-08,0,0,1,0
1.456,0.523598775598299,0.523915863060626,-0.00177713006269856,1.63124235025058e-05,0.523915863060626,0.523915863060626,-0.000317087462327614,-0.000122450979306498,-0.000122450979306498,0,0,0,0,0,0,0,0,0,0,0,0,0,1,1457,0,0,0,0,0,0,-4.37861411572982e-08,-1.65028774890886e-07,-4.37861411572982e-08,0,0,1,0
1.457,0.523598775598299,0.523914090869994,-0.00176726046021056,1.62228041470476e-05,0.523914090869994,0.523914090869994,-0.000315315271695593,-0.000121769870441193,-0.000121769870441193,0,0,0,0,0,0,0,0,0,0,0,0,0,1,1458,0,0,0,0,0,0,-4.76504207203021e-08,-1.61460857198798e-07,-4.76504207203021e-08,0,0,1,0
1.458,0.523598775598299,0.523912328521789,-0.00175744516238416,1.61336394328757e-05,0.523912328521789,0.523912328521789,-0.00031355292348989,-0.000121092549178371,-0.000121092549178371,0,0,0,0,0,0,0,0,0,0,0,0,0,1,1459,0,0,0,0,0,0,-5.14468209145136e-08,-1.57972003586105e-07,-5.14468209145136e-08,0,0,1,0
1.459,0.523598775598299,0.523910575961844,-0.00174768389031612,1.60449290909159e-05,0.523910575961844,0.523910575961844,-0.000311800363545389,-0.000120418993770976,-0.000120418993770976,0,0,0,0,0,0,0,0,0,0,0,0,0,1,1460,0,0,0,0,0,0,-5.51762021627766e-08,-1.5456037889426e-07,-5.51762021627766e-08,0,0,1,0
1.46,0.523598775598299,0.523908833136274,-0.00173797636545379,1.59566727798466e-05,0.523908833136274,0.523908833136274,-0.000310057537975639,-0.000119749182585159,-0.000119749182585159,0,0,0,0,0,0,0,0,0,0,0,0,0,1,1461,0,0,0,0,0,0,-5.8839430994162e-08,-1.51224156875671e-07,-5.8839430994162e-08,0,0,1,0
1.461,0.523598775598299,0.523907099991471,-0.00172832230963323,1.58688700871098e-05,0.523907099991471,0.523907099991471,-0.000308324393172521,-0.000119083094102014,-0.000119083094102014,0,0,0,0,0,0,0,0,0,0,0,0,0,1,1462,0,0,0,0,0,0,-6.24373784896548e-08,-1.47961523580412e-07,-6.24373784896548e-08,0,0,1,0
1.462,0.523598775598299,0.523905376474105,-0.00171872144511663,1.57815205299467e-05,0.523905376474105,0.523905376474105,-0.000306600875805918,-0.000118420706919282,-0.000118420706919282,0,0,0,0,0,0,0,0,0,0,0,0,0,1,1463,0,0,0,0,0,0,-6.59709193939761e-08,-1.44770678927892e-07,-6.59709193939761e-08,0,0,1,0
1.463,0.523598775598299,0.523903662531122,-0.00170917349462924,1.56946235564403e-05,0.523903662531122,0.523903662531122,-0.000304886932823378,-0.000117761999753023,-0.000117761999753023,0,0,0,0,0,0,0,0,0,0,0,0,0,1,1464,0,0,0,0,0,0,-6.94409306722932e-08,-1.41649839761264e-07,-6.94409306722932e-08,0,0,1,0
1.464,0.523598775598299,0.523901958109748,-0.00169967818139566,1.56081785465594e-05,0.523901958109748,0.523901958109748,-0.000303182511449007,-0.000117106951437178,-0.000117106951437178,0,0,0,0,0,0,0,0,0,0,0,0,0,1,1465,0,0,0,0,0,0,-7.28482916212414e-08,-1.3859723870652e-07,-7.28482916212414e-08,0,0,1,0
1.465,0.523598775598299,0.523900263157483,-0.00169023522917541,1.55221848138577e-05,0.523900263157483,0.523900263157483,-0.000301487559184022,-0.000116455540927596,-0.000116455540927596,0,0,0,0,0,0,0,0,0,0,0,0,0,1,1466,0,0,0,0,0,0,-7.61938817595009e-08,-1.35611129027549e-07,-7.61938817595009e-08,0,0,1,0
1.466,0.523598775598299,0.523898577622104,-0.0016808443622978,1.5436641606138e-05,0.523898577622104,0.523898577622104,-0.000299802023804974,-0.000115807747299747,-0.000115807747299747,0,0,0,0,0,0,0,0,0,0,0,0,0,1,1467,0,0,0,0,0,0,-7.94785808277965e-08,-1.32689783767124e-07,-7.94785808277965e-08,0,0,1,0
1.467,0.523598775598299,0.523896901451663,-0.00167150530569612,1.53515481074684e-05,0.523896901451663,0.523896901451663,-0.000298125853364417,-0.000115163549753019,-0.000115163549753019,0,0,0,0,0,0,0,0,0,0,0,0,0,1,1468,0,0,0,0,0,0,-8.27032672345851e-08,-1.29831499094809e-07,-8.27032672345851e-08,0,0,1,0
1.468,0.523598775598299,0.523895234594488,-0.00166221778494103,1.52669034389224e-05,0.523895234594488,0.523895234594488,-0.000296458996189131,-0.000114522927608386,-0.000114522927608386,0,0,0,0,0,0,0,0,0,0,0,0,0,1,1469,0,0,0,0,0,0,-8.5868817945034e-08,-1.27034593747511e-07,-8.5868817945034e-08,0,0,1,0
1.469,0.523598775598299,0.523893576999179,-0.00165298152627319,1.5182706660615e-05,0.523893576999179,0.523893576999179,-0.00029480140088034,-0.000113885860311482,-0.000113885860311482,0,0,0,0,0,0,0,0,0,0,0,0,0,1,1470,0,0,0,0,0,0,-8.89761071487527e-08,-1.24297411780317e-07,-8.89761071487527e-08,0,0,1,0
1.47,0.523598775598299,0.523891928614611,-0.00164379625663501,1.50989567728049e-05,0.523891928614611,0.523891928614611,-0.000293153016312497,-0.000113252327431741,-0.000113252327431741,0,0,0,0,0,0,0,0,0,0,0,0,0,1,1471,0,0,0,0,0,0,-9.20260059267264e-08,-1.21618322612466e-07,-9.20260059267264e-08,0,0,1,0
1.471,0.523598775598299,0.523890289389932,-0.00163466170370168,1.50156527176456e-05,0.523890289389932,0.523890289389932,-0.000291513791632836,-0.00011262230866364,-0.00011262230866364,0,0,0,0,0,0,0,0,0,0,0,0,0,1,1472,0,0,0,0,0,0,-9.5019381252115e-08,-1.18995722880356e-07,-9.5019381252115e-08,0,0,1,0
1.472,0.523598775598299,0.523888659274559,-0.00162557759591127,1.49327933806503e-05,0.523888659274559,0.523888659274559,-0.000289883676260483,-0.000111995783826723,-0.000111995783826723,0,0,0,0,0,0,0,0,0,0,0,0,0,1,1473,0,0,0,0,0,0,-9.79570958792308e-08,-1.16428035899785e-07,-9.79570958792308e-08,0,0,1,0
1.473,0.523598775598299,0.523887038218184,-0.00161654366249395,1.48503775923435e-05,0.523887038218184,0.523887038218184,-0.000288262619885682,-0.000111372732865922,-0.000111372732865922,0,0,0,0,0,0,0,0,0,0,0,0,0,1,1474,0,0,0,0,0,0,-1.00840007122294e-07,-1.13913714133154e-07,-1.00840007122294e-07,0,0,1,0
1.474,0.523598775598299,0.523885426170768,-0.00160755963350039,1.47684041299132e-05,0.523885426170768,0.523885426170768,-0.000286650572469238,-0.000110753135852466,-0.000110753135852466,0,0,0,0,0,0,0,0,0,0,0,0,0,1,1475,0,0,0,0,0,0,-1.03668966633386e-07,-1.11451238962008e-07,-1.03668966633386e-07,0,0,1,0
1.475,0.523598775598299,0.52388382308254,-0.00159862523982926,1.46868717186526e-05,0.52388382308254,0.52388382308254,-0.000285047484241296,-0.000110136972982979,-0.000110136972982979,0,0,0,0,0,0,0,0,0,0,0,0,0,1,1476,0,0,0,0,0,0,-1.06444819736318e-07,-1.09039121670078e-07,-1.06444819736318e-07,0,0,1,0
1.476,0.523598775598299,0.523882228903999,-0.00158974021325381,1.46057790338258e-05,0.523882228903999,0.523882228903999,-0.000283453305700565,-0.000109524224579791,-0.000109524224579791,0,0,0,0,0,0,0,0,0,0,0,0,0,1,1477,0,0,0,0,0,0,-1.0916840542663e-07,-1.06675902643576e-07,-1.0916840542663e-07,0,0,1,0
1.477,0.523598775598299,0.523880643585913,-0.00158090428644753,1.45251247023872e-05,0.523880643585913,0.523880643585913,-0.000281867987613871,-0.000108914871092118,-0.000108914871092118,0,0,0,0,0,0,0,0,0,0,0,0,0,1,1478,0,0,0,0,0,0,-1.11840554706255e-07,-1.04360155072226e-07,-1.11840554706255e-07,0,0,1,0
1.478,0.523598775598299,0.523879067079313,-0.00157211719300897,1.44449073043089e-05,0.523879067079313,0.523879067079313,-0.000280291481014605,-0.000108308893094257,-0.000108308893094257,0,0,0,0,0,0,0,0,0,0,0,0,0,1,1479,0,0,0,0,0,0,-1.14462091360679e-07,-1.02090482059867e-07,-1.14462091360679e-07,0,0,1,0
1.479,0.523598775598299,0.523877499335501,-0.00156337866748557,1.4365125374595e-05,0.523877499335501,0.523877499335501,-0.000278723737202391,-0.00010770627128707,-0.00010770627128707,0,0,0,0,0,0,0,0,0,0,0,0,0,1,1480,0,0,0,0,0,0,-1.17033830848712e-07,-9.98655188589898e-08,-1.17033830848712e-07,0,0,1,0
1.48,0.523598775598299,0.52387594030604,-0.0015546884453967,1.42857774046503e-05,0.52387594030604,0.52387594030604,-0.000277164707741417,-0.000107106986495868,-0.000107106986495868,0,0,0,0,0,0,0,0,0,0,0,0,0,1,1481,0,0,0,0,0,0,-1.1955658063556e-07,-9.76839312150568e-08,-1.1955658063556e-07,0,0,1,0
1.481,0.523598775598299,0.523874389942759,-0.00154604626325566,1.42068618443708e-05,0.523874389942759,0.523874389942759,-0.000275614344460329,-0.000106511019672497,-0.000106511019672497,0,0,0,0,0,0,0,0,0,0,0,0,0,1,1482,0,0,0,0,0,0,-1.22031138860557e-07,-9.55444182274912e-08,-1.22031138860557e-07,0,0,1,0
1.482,0.523598775598299,0.523872848197749,-0.00153745185859085,1.4128377103322e-05,0.523872848197749,0.523872848197749,-0.000274072599450448,-0.000105918351892915,-0.000105918351892915,0,0,0,0,0,0,0,0,0,0,0,0,0,1,1483,0,0,0,0,0,0,-1.24458294781249e-07,-9.3445710413185e-08,-1.24458294781249e-07,0,0,1,0
1.483,0.523598775598299,0.523871315023364,-0.00152890496996602,1.40503215527644e-05,0.523871315023364,0.523871315023364,-0.000272539425064888,-0.000105328964357179,-0.000105328964357179,0,0,0,0,0,0,0,0,0,0,0,0,0,1,1484,0,0,0,0,0,0,-1.26838828440334e-07,-9.13865699015467e-08,-1.26838828440334e-07,0,0,1,0
1.484,0.523598775598299,0.523869790372217,-0.00152040533699956,1.3972693527411e-05,0.523869790372217,0.523869790372217,-0.000271014773917999,-0.00010474283839033,-0.00010474283839033,0,0,0,0,0,0,0,0,0,0,0,0,0,1,1485,0,0,0,0,0,0,-1.29173509888503e-07,-8.93657918374586e-08,-1.29173509888503e-07,0,0,1,0
1.485,0.523598775598299,0.523868274197183,-0.00151195270038289,1.38954913267118e-05,0.523868274197183,0.523868274197183,-0.000269498598884033,-0.000104159955441169,-0.000104159955441169,0,0,0,0,0,0,0,0,0,0,0,0,0,1,1486,0,0,0,0,0,0,-1.31463099184437e-07,-8.73822036928087e-08,-1.31463099184437e-07,0,0,1,0
1.486,0.523598775598299,0.523866766451394,-0.00150354680189816,1.38187132164962e-05,0.523866766451394,0.523866766451394,-0.00026799085309559,-0.000103580297080443,-0.000103580297080443,0,0,0,0,0,0,0,0,0,0,0,0,0,1,1487,0,0,0,0,0,0,-1.33708346838901e-07,-8.54346634092526e-08,-1.33708346838901e-07,0,0,1,0
1.487,0.523598775598299,0.523865267088242,-0.00149518738443482,1.37423574309993e-05,0.523865267088242,0.523865267088242,-0.000266491489943288,-0.000103003845002339,-0.000103003845002339,0,0,0,0,0,0,0,0,0,0,0,0,0,1,1488,0,0,0,0,0,0,-1.35909992482475e-07,-8.35220623548322e-08,-1.35909992482475e-07,0,0,1,0
1.488,0.523598775598299,0.523863776061373,-0.00148687419200547,1.36664221740522e-05,0.523863776061373,0.523863776061373,-0.000265000463074205,-0.000102430581022663,-0.000102430581022663,0,0,0,0,0,0,0,0,0,0,0,0,0,1,1489,0,0,0,0,0,0,-1.38068765420662e-07,-8.16433231843033e-08,-1.38068765420662e-07,0,0,1,0
1.489,0.523598775598299,0.52386229332469,-0.00147860696976081,1.35909056207872e-05,0.52386229332469,0.52386229332469,-0.000263517726390883,-0.000101860487078537,-0.000101860487078537,0,0,0,0,0,0,0,0,0,0,0,0,0,1,1490,0,0,0,0,0,0,-1.40185384300828e-07,-7.97974001292678e-08,-1.40185384300828e-07,0,0,1,0
1.49,0.523598775598299,0.523860818832349,-0.00147038546400377,1.35158059191593e-05,0.523860818832349,0.523860818832349,-0.000262043234049991,-0.000101293545227189,-0.000101293545227189,0,0,0,0,0,0,0,0,0,0,0,0,0,1,1491,0,0,0,0,0,0,-1.42260557001173e-07,-7.7983278704355e-08,-1.42260557001173e-07,0,0,1,0
1.491,0.523598775598299,0.52385935253876,-0.00146220942220279,1.34411211916179e-05,0.52385935253876,0.52385935253876,-0.000260576940461554,-0.000100729737646253,-0.000100729737646253,0,0,0,0,0,0,0,0,0,0,0,0,0,1,1492,0,0,0,0,0,0,-1.44294980630733e-07,-7.61999751289081e-08,-1.44294980630733e-07,0,0,1,0
1.492,0.523598775598299,0.523857894398586,-0.00145407859300427,1.33668495363724e-05,0.523857894398586,0.523857894398586,-0.000259118800287284,-0.000100169046631665,-0.000100169046631665,0,0,0,0,0,0,0,0,0,0,0,0,0,1,1493,0,0,0,0,0,0,-1.46289341307337e-07,-7.44465363705692e-08,-1.46289341307337e-07,0,0,1,0
1.493,0.523598775598299,0.523856444366739,-0.00144599272624423,1.32929890291502e-05,0.523856444366739,0.523856444366739,-0.000257668768439689,-9.96114545976749e-05,-9.96114545976749e-05,0,0,0,0,0,0,0,0,0,0,0,0,0,1,1494,0,0,0,0,0,0,-1.48244314046586e-07,-7.27220399016591e-08,-1.48244314046586e-07,0,0,1,0
1.494,0.523598775598299,0.52385500239838,-0.00143795157295915,1.32195377245649e-05,0.52385500239838,0.52385500239838,-0.000256226800081083,-9.90569440765428e-05,-9.90569440765428e-05,0,0,0,0,0,0,0,0,0,0,0,0,0,1,1495,0,0,0,0,0,0,-1.50160562761847e-07,-7.10255931730139e-08,-1.50160562761847e-07,0,0,1,0
1.495,0.523598775598299,0.523853568448921,-0.00142995488539603,1.31464936573238e-05,0.523853568448921,0.523853568448921,-0.00025479285062191,-9.85054977164517e-05,-9.85054977164517e-05,0,0,0,0,0,0,0,0,0,0,0,0,0,1,1496,0,0,0,0,0,0,-1.52038740375282e-07,-6.93563328109164e-08,-1.52038740375282e-07,0,0,1,0
1.496,0.523598775598299,0.523852142474019,-0.00142200241702181,1.30738548438861e-05,0.523852142474019,0.523852142474019,-0.000253366875719752,-9.79570982812239e-05,-9.79570982812239e-05,0,0,0,0,0,0,0,0,0,0,0,0,0,1,1497,0,0,0,0,0,0,-1.53879488595798e-07,-6.77134247296365e-08,-1.53879488595798e-07,0,0,1,0
1.497,0.523598775598299,0.523850724429577,-0.00141409392253184,1.30016192838047e-05,0.523850724429577,0.523850724429577,-0.000251948831278215,-9.74117286497365e-05,-9.74117286497365e-05,0,0,0,0,0,0,0,0,0,0,0,0,0,1,1498,0,0,0,0,0,0,-1.55683438141097e-07,-6.60960630629497e-08,-1.55683438141097e-07,0,0,1,0
1.498,0.523598775598299,0.523849314271744,-0.00140622915785779,1.29297849609502e-05,0.523849314271744,0.523849314271744,-0.000250538673445599,-9.68693718147394e-05,-9.68693718147394e-05,0,0,0,0,0,0,0,0,0,0,0,0,0,1,1499,0,0,0,0,0,0,-1.57451208515624e-07,-6.45034703137572e-08,-1.57451208515624e-07,0,0,1,0
1.499,0.523598775598299,0.523847911956912,-0.0013984078801748,1.28583498448333e-05,0.523847911956912,0.523847911956912,-0.000249136358613566,-9.63300108816803e-05,-9.63300108816803e-05,0,0,0,0,0,0,0,0,0,0,0,0,0,1,1500,0,0,0,0,0,0,-1.59183407899555e-07,-6.29348972148742e-08,-1.59183407899555e-07,0,0,1,0
1.5,0.523598775598299,0.523846517441715,-0.00139062984790788,1.27873118919691e-05,0.523846517441715,0.523846517441715,-0.000247741843416027,-9.57936290681318e-05,-9.57936290681318e-05,0,0,0,0,0,0,0,0,0,0,0,0,0,1,1501,0,0,0,0,0,0,-1.60880633592875e-07,-6.13896211103162e-08,-1.60880633592875e-07,0,0,1,0
