time_s,theta_ref_rad,theta_rad,theta_measured_rad,omega_rad_s,current_A,true_tracking_error_rad,measurement_error_rad,voltage_cmd_unsaturated_V,voltage_cmd_V,gaussian_fault_rad,sinusoidal_fault_rad,count_jump_fault_rad,dropout_active,measurement_stale
0,0,0,0,0,0,0,0,0,0,0,0,0,0,0
0.001,0,0,0,0,0,0,0,0,0,0,0,0,0,0
0.002,0,0,0,0,0,0,0,0,0,0,0,0,0,0
0.003,0,0,0,0,0,0,0,0,0,0,0,0,0,0
0.004,0,0,0,0,0,0,0,0,0,0,0,0,0,0
0.005,0,0,0,0,0,0,0,0,0,0,0,0,0,0
0.006,0,0,0,0,0,0,0,0,0,0,0,0,0,0
0.007,0,0,0,0,0,0,0,0,0,0,0,0,0,0
0.008,0,0,0,0,0,0,0,0,0,0,0,0,0,0
0.009,0,0,0,0,0,0,0,0,0,0,0,0,0,0
0.01,0,0,0,0,0,0,0,0,0,0,0,0,0,0
0.011,0,0,0,0,0,0,0,0,0,0,0,0,0,0
0.012,0,0,0,0,0,0,0,0,0,0,0,0,0,0
0.013,0,0,0,0,0,0,0,0,0,0,0,0,0,0
0.014,0,0,0,0,0,0,0,0,0,0,0,0,0,0
0.015,0,0,0,0,0,0,0,0,0,0,0,0,0,0
0.016,0,0,0,0,0,0,0,0,0,0,0,0,0,0
0.017,0,0,0,0,0,0,0,0,0,0,0,0,0,0
0.018,0,0,0,0,0,0,0,0,0,0,0,0,0,0
0.019,0,0,0,0,0,0,0,0,0,0,0,0,0,0
0.02,0,0,0,0,0,0,0,0,0,0,0,0,0,0
0.021,0,0,0,0,0,0,0,0,0,0,0,0,0,0
0.022,0,0,0,0,0,0,0,0,0,0,0,0,0,0
0.023,0,0,0,0,0,0,0,0,0,0,0,0,0,0
0.024,0,0,0,0,0,0,0,0,0,0,0,0,0,0
0.025,0,0,0,0,0,0,0,0,0,0,0,0,0,0
0.026,0,0,0,0,0,0,0,0,0,0,0,0,0,0
0.027,0,0,0,0,0,0,0,0,0,0,0,0,0,0
0.028,0,0,0,0,0,0,0,0,0,0,0,0,0,0
0.029,0,0,0,0,0,0,0,0,0,0,0,0,0,0
0.03,0,0,0,0,0,0,0,0,0,0,0,0,0,0
0.031,0,0,0,0,0,0,0,0,0,0,0,0,0,0
0.032,0,0,0,0,0,0,0,0,0,0,0,0,0,0
0.033,0,0,0,0,0,0,0,0,0,0,0,0,0,0
0.034,0,0,0,0,0,0,0,0,0,0,0,0,0,0
0.035,0,0,0,0,0,0,0,0,0,0,0,0,0,0
0.036,0,0,0,0,0,0,0,0,0,0,0,0,0,0
0.037,0,0,0,0,0,0,0,0,0,0,0,0,0,0
0.038,0,0,0,0,0,0,0,0,0,0,0,0,0,0
0.039,0,0,0,0,0,0,0,0,0,0,0,0,0,0
0.04,0,0,0,0,0,0,0,0,0,0,0,0,0,0
0.041,0,0,0,0,0,0,0,0,0,0,0,0,0,0
0.042,0,0,0,0,0,0,0,0,0,0,0,0,0,0
0.043,0,0,0,0,0,0,0,0,0,0,0,0,0,0
0.044,0,0,0,0,0,0,0,0,0,0,0,0,0,0
0.045,0,0,0,0,0,0,0,0,0,0,0,0,0,0
0.046,0,0,0,0,0,0,0,0,0,0,0,0,0,0
0.047,0,0,0,0,0,0,0,0,0,0,0,0,0,0
0.048,0,0,0,0,0,0,0,0,0,0,0,0,0,0
0.049,0,0,0,0,0,0,0,0,0,0,0,0,0,0
0.05,0,0,0,0,0,0,0,0,0,0,0,0,0,0
0.051,0,0,0,0,0,0,0,0,0,0,0,0,0,0
0.052,0,0,0,0,0,0,0,0,0,0,0,0,0,0
0.053,0,0,0,0,0,0,0,0,0,0,0,0,0,0
0.054,0,0,0,0,0,0,0,0,0,0,0,0,0,0
0.055,0,0,0,0,0,0,0,0,0,0,0,0,0,0
0.056,0,0,0,0,0,0,0,0,0,0,0,0,0,0
0.057,0,0,0,0,0,0,0,0,0,0,0,0,0,0
0.058,0,0,0,0,0,0,0,0,0,0,0,0,0,0
0.059,0,0,0,0,0,0,0,0,0,0,0,0,0,0
0.06,0,0,0,0,0,0,0,0,0,0,0,0,0,0
0.061,0,0,0,0,0,0,0,0,0,0,0,0,0,0
0.062,0,0,0,0,0,0,0,0,0,0,0,0,0,0
0.063,0,0,0,0,0,0,0,0,0,0,0,0,0,0
0.064,0,0,0,0,0,0,0,0,0,0,0,0,0,0
0.065,0,0,0,0,0,0,0,0,0,0,0,0,0,0
0.066,0,0,0,0,0,0,0,0,0,0,0,0,0,0
0.067,0,0,0,0,0,0,0,0,0,0,0,0,0,0
0.068,0,0,0,0,0,0,0,0,0,0,0,0,0,0
0.069,0,0,0,0,0,0,0,0,0,0,0,0,0,0
0.07,0,0,0,0,0,0,0,0,0,0,0,0,0,0
0.071,0,0,0,0,0,0,0,0,0,0,0,0,0,0
0.072,0,0,0,0,0,0,0,0,0,0,0,0,0,0
0.073,0,0,0,0,0,0,0,0,0,0,0,0,0,0
0.074,0,0,0,0,0,0,0,0,0,0,0,0,0,0
0.075,0,0,0,0,0,0,0,0,0,0,0,0,0,0
0.076,0,0,0,0,0,0,0,0,0,0,0,0,0,0
0.077,0,0,0,0,0,0,0,0,0,0,0,0,0,0
0.078,0,0,0,0,0,0,0,0,0,0,0,0,0,0
0.079,0,0,0,0,0,0,0,0,0,0,0,0,0,0
0.08,0,0,0,0,0,0,0,0,0,0,0,0,0,0
0.081,0,0,0,0,0,0,0,0,0,0,0,0,0,0
0.082,0,0,0,0,0,0,0,0,0,0,0,0,0,0
0.083,0,0,0,0,0,0,0,0,0,0,0,0,0,0
0.084,0,0,0,0,0,0,0,0,0,0,0,0,0,0
0.085,0,0,0,0,0,0,0,0,0,0,0,0,0,0
0.086,0,0,0,0,0,0,0,0,0,0,0,0,0,0
0.087,0,0,0,0,0,0,0,0,0,0,0,0,0,0
0.088,0,0,0,0,0,0,0,0,0,0,0,0,0,0
0.089,0,0,0,0,0,0,0,0,0,0,0,0,0,0
0.09,0,0,0,0,0,0,0,0,0,0,0,0,0,0
0.091,0,0,0,0,0,0,0,0,0,0,0,0,0,0
0.092,0,0,0,0,0,0,0,0,0,0,0,0,0,0
0.093,0,0,0,0,0,0,0,0,0,0,0,0,0,0
0.094,0,0,0,0,0,0,0,0,0,0,0,0,0,0
0.095,0,0,0,0,0,0,0,0,0,0,0,0,0,0
0.096,0,0,0,0,0,0,0,0,0,0,0,0,0,0
0.097,0,0,0,0,0,0,0,0,0,0,0,0,0,0
0.098,0,0,0,0,0,0,0,0,0,0,0,0,0,0
0.099,0,0,0,0,0,0,0,0,0,0,0,0,0,0
0.1,0.523598775598299,0,0,0,0,0.523598775598299,0,1.4072926446309,1.4072926446309,0,0,0,0,0
0.101,0.523598775598299,4.45218265702949e-05,4.45218265702949e-05,0.128513015071065,0.445803932742211,0.523554253771728,0,1.38892542072261,1.38892542072261,0,0,0,0,0
0.102,0.523598775598299,0.00031838385052,0.00031838385052,0.442553049219617,0.709810168316796,0.523280391747779,0,1.37064920251435,1.37064920251435,0,0,0,0,0
0.103,0.523598775598299,0.000965080559626825,0.000965080559626825,0.863890571767915,0.857783766312187,0.522633695038672,0,1.35206237097213,1.35206237097213,0,0,0,0,0
0.104,0.523598775598299,0.00206510228706424,0.00206510228706424,1.34265039784167,0.931864162920198,0.521533673311235,0,1.33293814664519,1.33293814664519,0,0,0,0,0
0.105,0.523598775598299,0.00365882019882503,0.00365882019882503,1.84712638475507,0.959055829432812,0.519939955399474,0,1.3131606748891,1.3131606748891,0,0,0,0,0
0.106,0.523598775598299,0.00576115152665334,0.00576115152665334,2.35725642139455,0.95666706512572,0.517837624071645,0,1.29268409317719,1.29268409317719,0,0,0,0,0
0.107,0.523598775598299,0.0083709588486258,0.0083709588486258,2.86044206838806,0.935793901406138,0.515227816749673,0,1.27150632104951,1.27150632104951,0,0,0,0,0
0.108,0.523598775598299,0.0114770755216481,0.0114770755216481,3.34887010732695,0.903551791240415,0.512121700076651,0,1.24965228197709,1.24965228197709,0,0,0,0,0
0.109,0.523598775598299,0.0150621692937141,0.0150621692937141,3.81779617606732,0.864505185195562,0.508536606304585,0,1.22716316805648,1.22716316805648,0,0,0,0,0
0.11,0.523598775598299,0.0191052204968749,0.0191052204968749,4.26444470325191,0.821583308728979,0.504493555101424,0,1.20408957655543,1.20408957655543,0,0,0,0,0
0.111,0.523598775598299,0.0235831121783154,0.0235831121783154,4.68730364598261,0.776666822078567,0.500015663419983,0,1.18048712759693,1.18048712759693,0,0,0,0,0
0.112,0.523598775598299,0.0284716507836206,0.0284716507836206,5.08567214964507,0.730963661288177,0.495127124814678,0,1.15641367207565,1.15641367207565,0,0,0,0,0
0.113,0.523598775598299,0.0337462215107945,0.0337462215107945,5.45937024670473,0.685249837058868,0.489852554087504,0,1.13192751905639,1.13192751905639,0,0,0,0,0
0.114,0.523598775598299,0.0393822091123181,0.0393822091123181,5.80855237818639,0.640023730538261,0.484216566485981,0,1.10708631698504,1.10708631698504,0,0,0,0,0
0.115,0.523598775598299,0.0453552679427882,0.0453552679427882,6.13358744647892,0.59560497799568,0.478243507655511,0,1.08194635441002,1.08194635441002,0,0,0,0,0
0.116,0.523598775598299,0.0516414949559411,0.0516414949559411,6.43498151166334,0.552197860464924,0.471957280642358,0,1.05656213006334,1.05656213006334,0,0,0,0,0
0.117,0.523598775598299,0.0582175400775308,0.0582175400775308,6.71332782926786,0.50993195568237,0.465381235520768,0,1.03098609605619,1.03098609605619,0,0,0,0,0
0.118,0.523598775598299,0.0650606760316851,0.0650606760316851,6.96927442696146,0.468888224075176,0.458538099566614,0,1.00526851247641,1.00526851247641,0,0,0,0,0
0.119,0.523598775598299,0.0721488417875956,0.0721488417875956,7.20350294049228,0.429115763245315,0.451449933810703,0,0.979457373797389,0.979457373797389,0,0,0,0,0
0.12,0.523598775598299,0.0794606687254459,0.0794606687254459,7.4167146857151,0.390642583889821,0.444138106872853,0,0.953598381680952,0.953598381680952,0,0,0,0,0
0.121,0.523598775598299,0.0869754953735181,0.0869754953735181,7.60962138898456,0.353482554892528,0.436623280224781,0,0.927734947838143,0.927734947838143,0,0,0,0,0
0.122,0.523598775598299,0.0946733744878818,0.0946733744878818,7.78293892406754,0.317639893324848,0.428925401110417,0,0.901908216430822,0.901908216430822,0,0,0,0,0
0.123,0.523598775598299,0.102535074912699,0.102535074912699,7.93738299680053,0.283112080588452,0.4210637006856,0,0.876157099227207,0.876157099227207,0,0,0,0,0
0.124,0.523598775598299,0.110542079804407,0.110542079804407,8.07366609861401,0.249891769177506,0.413056695793892,0,0.850518319115961,0.850518319115961,0,0,0,0,0
0.125,0.523598775598299,0.118676582254839,0.118676582254839,8.19249529339039,0.217968041641061,0.404922193343459,0,0.825026459117694,0.825026459117694,0,0,0,0,0
0.126,0.523598775598299,0.126921478996508,0.126921478996508,8.29457055799957,0.187327253361473,0.396677296601791,0,0.799714015017708,0.799714015017708,0,0,0,0,0
0.127,0.523598775598299,0.135260362647249,0.135260362647249,8.38058349670773,0.157953607517076,0.38833841295105,0,0.774611450376941,0.774611450376941,0,0,0,0,0
0.128,0.523598775598299,0.143677512805954,0.143677512805954,8.45121631361853,0.129829557274348,0.379921262792345,0,0.749747253085782,0.749747253085782,0,0,0,0,0
0.129,0.523598775598299,0.152157886217305,0.152157886217305,8.50714096828339,0.102936096100235,0.371440889380994,0,0.725147992888616,0.725147992888616,0,0,0,0,0
0.13,0.523598775598299,0.160687106162626,0.160687106162626,8.5490184658715,0.0772529752089061,0.362911669435672,0,0.700838379477654,0.700838379477654,0,0,0,0,0
0.131,0.523598775598299,0.169251451194423,0.169251451194423,8.57749825011337,0.0527588731457079,0.354347324403876,0,0.676841320865872,0.676841320865872,0,0,0,0,0
0.132,0.523598775598299,0.177837843306165,0.177837843306165,8.59321767801564,0.0294315335372202,0.345760932292134,0,0.65317798182212,0.65317798182212,0,0,0,0,0
0.133,0.523598775598299,0.186433835611586,0.186433835611586,8.59680156226003,0.00724788128940621,0.337164939986713,0,0.629867842200258,0.629867842200258,0,0,0,0,0
0.134,0.523598775598299,0.195027599596064,0.195027599596064,8.58886177163757,-0.0138158761642524,0.328571176002235,0,0.606928755027222,0.606928755027222,0,0,0,0,0
0.135,0.523598775598299,0.203607911994534,0.203607911994534,8.56999688272142,-0.0337841583189498,0.319990863603765,0,0.584377004237936,0.584377004237936,0,0,0,0,0
0.136,0.523598775598299,0.21216414134457,0.21216414134457,8.54079187781778,-0.0526819290216796,0.311434634253729,0,0.562227361961358,0.562227361961358,0,0,0,0,0
0.137,0.523598775598299,0.220686234258944,0.220686234258944,8.50181788542155,-0.0705346200891286,0.302912541339355,0,0.540493145274213,0.540493145274213,0,0,0,0,0
0.138,0.523598775598299,0.229164701458619,0.229164701458619,8.45363196017353,-0.087368059965637,0.294434074139679,0,0.51918627234832,0.51918627234832,0,0,0,0,0
0.139,0.523598775598299,0.237590603604395,0.237590603604395,8.39677689982097,-0.103208406661289,0.286008171993904,0,0.498317317925084,0.498317317925084,0,0,0,0,0
0.14,0.523598775598299,0.245955536963099,0.245955536963099,8.33178109701805,-0.118082084462391,0.2776432386352,0,0.477895568057069,0.477895568057069,0,0,0,0,0
0.141,0.523598775598299,0.254251618942189,0.254251618942189,8.25915842402875,-0.132015724067534,0.269347156656109,0,0.457929074062119,0.457929074062119,0,0,0,0,0
0.142,0.523598775598299,0.262471473524758,0.262471473524758,8.17940814855164,-0.145036105905011,0.261127302073541,0,0.438424705640471,0.438424705640471,0,0,0,0,0
0.143,0.523598775598299,0.270608216635225,0.270608216635225,8.09301487899886,-0.157170106452551,0.252990558963074,0,0.419388203109803,0.419388203109803,0,0,0,0,0
0.144,0.523598775598299,0.278655441464376,0.278655441464376,8.00044853764641,-0.168444647421755,0.244943334133923,0,0.4008242287174,0.4008242287174,0,0,0,0,0
0.145,0.523598775598299,0.286607203780849,0.286607203780849,7.90216436013967,-0.17888664769574,0.23699157181745,0,0.382736416992539,0.382736416992539,0,0,0,0,0
0.146,0.523598775598299,0.294458007254695,0.294458007254695,7.79860291989398,-0.188522977924989,0.229140768343604,0,0.365127424105951,0.365127424105951,0,0,0,0,0
0.147,0.523598775598299,0.302202788817197,0.302202788817197,7.69019017597904,-0.197380417696722,0.221395986781102,0,0.347998976206747,0.347998976206747,0,0,0,0,0
0.148,0.523598775598299,0.309836904079742,0.309836904079742,7.57733754311964,-0.205485615199539,0.213761871518557,0,0.331351916710576,0.331351916710576,0,0,0,0,0
0.149,0.523598775598299,0.317356112833201,0.317356112833201,7.46044198248739,-0.212865049309063,0.206242662765097,0,0.315186252516008,0.315186252516008,0,0,0,0,0
0.15,0.523598775598299,0.324756564647956,0.324756564647956,7.33988611199759,-0.219544994022825,0.198842210950343,0,0.299501199129202,0.299501199129202,0,0,0,0,0
0.151,0.523598775598299,0.332034784593451,0.332034784593451,7.21603833486407,-0.225551485174134,0.191563991004848,0,0.284295224679868,0.284295224679868,0,0,0,0,0
0.152,0.523598775598299,0.339187659094934,0.339187659094934,7.08925298520318,-0.230910289355735,0.184411116503364,0,0.269566092814312,0.269566092814312,0,0,0,0,0
0.153,0.523598775598299,0.346212421943824,0.346212421943824,6.95987048951525,-0.235646874984695,0.177386353654474,0,0.255310904454038,0.255310904454038,0,0,0,0,0
0.154,0.523598775598299,0.353106640477031,0.353106640477031,6.8282175429096,-0.239786385440538,0.170492135121268,0,0.241526138410923,0.241526138410923,0,0,0,0,0
0.155,0.523598775598299,0.359868201939412,0.359868201939412,6.69460729897545,-0.243353614209058,0.163730573658886,0,0.228207690852388,0.228207690852388,0,0,0,0,0
0.156,0.523598775598299,0.36649530004248,0.36649530004248,6.55933957223839,-0.246372981964737,0.157103475555819,0,0.215350913612295,0.215350913612295,0,0,0,0,0
0.157,0.523598775598299,0.372986421731426,0.372986421731426,6.42270105217802,-0.248868515525155,0.150612353866872,0,0.202950651345481,0.202950651345481,0,0,0,0,0
0.158,0.523598775598299,0.37934033417154,0.37934033417154,6.28496552781871,-0.250863828611288,0.144258441426759,0,0.191001277525903,0.191001277525903,0,0,0,0,0
0.159,0.523598775598299,0.385556071964093,0.385556071964093,6.14639412194099,-0.252382104348206,0.138042703634206,0,0.179496729290311,0.179496729290311,0,0,0,0,0
0.16,0.523598775598299,0.391632924600873,0.391632924600873,6.00723553399676,-0.253446079441286,0.131965850997426,0,0.168430541131233,0.168430541131233,0,0,0,0,0
0.161,0.523598775598299,0.397570424165607,0.397570424165607,5.86772629084638,-0.254078029963802,0.126028351432692,0,0.157795877444771,0.157795877444771,0,0,0,0,0
0.162,0.523598775598299,0.403368333289688,0.403368333289688,5.72809100447035,-0.254299758692499,0.120230442308611,0,0.147585563940343,0.147585563940343,0,0,0,0,0
0.163,0.523598775598299,0.409026633368747,0.409026633368747,5.58854263584245,-0.254132583928592,0.114572142229551,0,0.137792117921064,0.137792117921064,0,0,0,0,0
0.164,0.523598775598299,0.414545513045867,0.414545513045867,5.44928276418499,-0.253597329742536,0.109053262552432,0,0.12840777744486,0.12840777744486,0,0,0,0,0
0.165,0.523598775598299,0.419925356966416,0.419925356966416,5.3105018608598,-0.252714317581835,0.103673418631883,0,0.119424529377771,0.119424529377771,0,0,0,0,0
0.166,0.523598775598299,0.425166734808806,0.425166734808806,5.17237956718151,-0.251503359182174,0.0984320407894929,0,0.11083413635214,0.11083413635214,0,0,0,0,0
0.167,0.523598775598299,0.430270390594726,0.430270390594726,5.03508497547135,-0.249983750723175,0.0933283850035725,0,0.102628162643558,0.102628162643558,0,0,0,0,0
0.168,0.523598775598299,0.435237232281788,0.435237232281788,4.89877691270157,-0.248174268171176,0.0883615433165104,0,0.0947979989814731,0.0947979989814731,0,0,0,0,0
0.169,0.523598775598299,0.440068321640847,0.440068321640847,4.76360422611119,-0.246093163752551,0.0835304539574521,0,0.087334886309418,0.087334886309418,0,0,0,0,0
0.17,0.523598775598299,0.444764864419675,0.444764864419675,4.62970607020414,-0.243758163502229,0.078833911178624,0,0.0802299385116552,0.0802299385116552,0,0,0,0,0
0.171,0.523598775598299,0.449328200794098,0.449328200794098,4.49721219457029,-0.241186465833282,0.0742705748042013,0,0.0734741641239259,0.0734741641239259,0,0,0,0,0
0.172,0.523598775598299,0.453759796107132,0.453759796107132,4.36624323199917,-0.238394741074629,0.0698389794911668,0,0.0670584870467105,0.0670584870467105,0,0,0,0,0
0.173,0.523598775598299,0.458061231896179,0.458061231896179,4.23691098638395,-0.235399131925176,0.06553754370212,0,0.0609737662801109,0.0609737662801109,0,0,0,0,0
0.174,0.523598775598299,0.462234197207813,0.462234197207813,4.1093187199412,-0.232215254773934,0.0613645783904855,0,0.0552108147000697,0.0552108147000697,0,0,0,0,0
0.175,0.523598775598299,0.466280480199266,0.466280480199266,3.98356143929862,-0.228858201836961,0.0573182953990324,0,0.0497604168961997,0.0497604168961997,0,0,0,0,0
0.176,0.523598775598299,0.470201960025251,0.470201960025251,3.85972618002935,-0.225342544063238,0.0533968155730478,0,0.044613346091973,0.044613346091973,0,0,0,0,0
0.177,0.523598775598299,0.474000599008379,0.474000599008379,3.73789228923654,-0.221682334762887,0.0495981765899197,0,0.0397603801684505,0.0397603801684505,0,0,0,0,0
0.178,0.523598775598299,0.477678435091033,0.477678435091033,3.61813170581705,-0.217891113912479,0.0459203405072661,0,0.0351923168130888,0.0351923168130888,0,0,0,0,0
0.179,0.523598775598299,0.481237574566193,0.481237574566193,3.500509238057,-0.213981913093432,0.0423612010321056,0,0.0308999878154796,0.0308999878154796,0,0,0,0,0
0.18,0.523598775598299,0.484680185084395,0.484680185084395,3.38508283823505,-0.209967261020874,0.0389185905139035,0,0.0268742725321228,0.0268742725321228,0,0,0,0,0
0.181,0.523598775598299,0.488008488933662,0.488008488933662,3.2719038739323,-0.205859189621627,0.0355902866646372,0,0.0231061105425472,0.0231061105425472,0,0,0,0,0
0.182,0.523598775598299,0.491224756588983,0.491224756588983,3.16101739576918,-0.201669240621289,0.0323740190093155,0,0.0195865135192382,0.0195865135192382,0,0,0,0,0
0.183,0.523598775598299,0.494331300527643,0.494331300527643,3.05246240131119,-0.1974084726017,0.0292674750706562,0,0.0163065763339516,0.0163065763339516,0,0,0,0,0
0.184,0.523598775598299,0.497330469306425,0.497330469306425,2.9462720949056,-0.193087468491398,0.0262683062918735,0,0.0132574874230475,0.0132574874230475,0,0,0,0,0
0.185,0.523598775598299,0.500224641896544,0.500224641896544,2.84247414323104,-0.188716343452936,0.0233741337017552,0,0.0104305384345091,0.0104305384345091,0,0,0,0,0
0.186,0.523598775598299,0.503016222271882,0.503016222271882,2.74109092636115,-0.18430475313226,0.0205825533264171,0,0.00781713317928982,0.00781713317928982,0,0,0,0,0
0.187,0.523598775598299,0.505707634245985,0.505707634245985,2.64213978416144,-0.179861902236584,0.0178911413523134,0,0.00540879590958355,0.00540879590958355,0,0,0,0,0
0.188,0.523598775598299,0.508301316553047,0.508301316553047,2.5456332578565,-0.175396553408495,0.0152974590452523,0,0.00319717894651906,0.00319717894651906,0,0,0,0,0
0.189,0.523598775598299,0.510799718167979,0.510799718167979,2.45157932662156,-0.170917036365241,0.0127990574303198,0,0.0011740696796578,0.0011740696796578,0,0,0,0,0
0.19,0.523598775598299,0.513205293860543,0.513205293860543,2.35998163906875,-0.166431257273423,0.0103934817377562,0,-0.000668603039470878,-0.000668603039470878,0,0,0,0,0
0.191,0.523598775598299,0.515520499978353,0.515520499978353,2.27083973951392,-0.161946708330499,0.00807827561994556,0,-0.00233876308775706,-0.00233876308775706,0,0,0,0,0
0.192,0.523598775598299,0.517747790453508,0.517747790453508,2.18414928892513,-0.157470477525727,0.00585098514479099,0,-0.00384418182298074,-0.00384418182298074,0,0,0,0,0
0.193,0.523598775598299,0.519889613027463,0.519889613027463,2.09990228046792,-0.153009258554348,0.00370916257083631,0,-0.00519247337676596,-0.00519247337676596,0,0,0,0,0
0.194,0.523598775598299,0.521948405688725,0.521948405688725,2.01808724957655,-0.14856936085997,0.00165036990957423,0,-0.00639109046667464,-0.00639109046667464,0,0,0,0,0
0.195,0.523598775598299,0.523926593317854,0.523926593317854,1.93868947849322,-0.144156719781267,-0.000327817719555257,0,-0.00744732070638134,-0.00744732070638134,0,0,0,0,0
0.196,0.523598775598299,0.525826584534219,0.525826584534219,1.86169119522978,-0.139776906780203,-0.00222780893591978,0,-0.00836828339316562,-0.00836828339316562,0,0,0,0,0
0.197,0.523598775598299,0.527650768738907,0.527650768738907,1.78707176691845,-0.135435139730117,-0.00405199314060833,0,-0.0091609267522838,-0.0091609267522838,0,0,0,0,0
0.198,0.523598775598299,0.529401513348179,0.529401513348179,1.71480788752929,-0.131136293243047,-0.00580273774988005,0,-0.00983202561811463,-0.00983202561811463,0,0,0,0,0
0.199,0.523598775598299,0.531081161211808,0.531081161211808,1.64487375994281,-0.12688490901676,-0.007482385613509,0,-0.01038817953233,-0.01038817953233,0,0,0,0,0
0.2,0.523598775598299,0.532692028210677,0.53216881913869,1.57724127237627,-0.122685206182933,-0.00909325261237781,-0.00052320907198633,-0.00942956601354075,-0.00942956601354075,-0.000523209071986365,0,0,0,0
0.201,0.523598775598299,0.534236445516666,0.536741077524781,1.51200858653758,-0.118095619508787,-0.0106376699183675,0.00250463200811479,-0.0179312961308872,-0.0179312961308872,0.00250463200811481,0,0,0,0
0.202,0.523598775598299,0.535716595776652,0.539109127813524,1.44845728092952,-0.11632486138943,-0.0121178201783532,0.00339253203687229,-0.0204789251508556,-0.0204789251508556,0.00339253203687224,0,0,0,0
0.203,0.523598775598299,0.537133700388982,0.534693281948629,1.38592750522331,-0.114437243676156,-0.0135349247906836,-0.00244041844035314,-0.00484208206443594,-0.00484208206443594,-0.00244041844035315,0,0,0,0
0.204,0.523598775598299,0.538489379930221,0.535872780107176,1.3261210520288,-0.106743421671232,-0.0148906043319217,-0.00261659982304463,-0.00452800414368012,-0.00452800414368012,-0.00261659982304462,0,0,0,0
0.205,0.523598775598299,0.539787190711816,0.538679659913178,1.27006846295247,-0.100415924640035,-0.0161884151135177,-0.00110753079863801,-0.00866652316922597,-0.00866652316922597,-0.00110753079863797,0,0,0,0
0.206,0.523598775598299,0.541030423053455,0.544457677593174,1.21675631683789,-0.0964309767420137,-0.0174316474551561,0.0034272545397187,-0.0208101193516534,-0.0208101193516534,0.0034272545397187,0,0,0,0
0.207,0.523598775598299,0.542221021497445,0.549810869578127,1.16444267559815,-0.0964862566409935,-0.0186222458991465,0.00758984808068186,-0.0317276280312911,-0.0317276280312911,0.00758984808068188,0,0,0,0
0.208,0.523598775598299,0.543359098101131,0.543346433560296,1.11152566999544,-0.098653300091233,-0.0197603225028322,-1.26645408354831e-05,-0.0108168952407962,-0.0108168952407962,-1.26645408354856e-05,0,0,0,0
0.209,0.523598775598299,0.544444576050426,0.546705019269519,1.06002500782815,-0.0920160433840135,-0.0208458004521275,0.00226044321909225,-0.0166571391621049,-0.0166571391621049,0.00226044321909228,0,0,0,0
0.21,0.523598775598299,0.545480031332076,0.544799202910143,1.01120389561472,-0.0884957402385584,-0.0218812557337774,-0.000680828421933288,-0.00834217774592374,-0.00834217774592374,-0.000680828421933255,0,0,0,0
0.211,0.523598775598299,0.546467872048519,0.547689539957655,0.965017571439874,-0.0824685269355846,-0.0228690964502197,0.00122166790913614,-0.0130963115715405,-0.0130963115715405,0.00122166790913613,0,0,0,0
0.212,0.523598775598299,0.547410884305233,0.549523493549412,0.921310048932788,-0.0791124808767027,-0.023812108706934,0.00211260924417889,-0.0150159941222415,-0.0150159941222415,0.00211260924417891,0,0,0,0
0.213,0.523598775598299,0.548311019654388,0.549910798834038,0.879192583729787,-0.076557572225367,-0.0247122440560894,0.0015997791796496,-0.0130894396570666,-0.0130894396570666,0.00159977917964959,0,0,0,0
0.214,0.523598775598299,0.549169802382958,0.546495606891169,0.838665479873834,-0.0733152715692214,-0.0255710267846595,-0.00267419549178893,-0.00103406697108706,-0.00103406697108706,-0.00267419549178895,0,0,0,0
0.215,0.523598775598299,0.549989295668781,0.560042504950021,0.800931251134196,-0.0664835736097951,-0.026390520070482,0.0100532092812398,-0.0347889964100182,-0.0347889964100182,0.0100532092812397,0,0,0,0
0.216,0.523598775598299,0.550771654564192,0.550933716641584,0.763299796974616,-0.0720357634205713,-0.0271728789658928,0.000162062077392333,-0.00727312421802336,-0.00727312421802336,0.000162062077392327,0,0,0,0
0.217,0.523598775598299,0.551516092723029,0.555969785808684,0.726136746631016,-0.0657669517766349,-0.02791731712473,0.0044536930856548,-0.0182010614896455,-0.0182010614896455,0.00445369308565475,0,0,0,0
0.218,0.523598775598299,0.552224559694488,0.560334833602692,0.690918800487916,-0.0644472481132759,-0.0286257840961893,0.00811027390820407,-0.0272427999918484,-0.0272427999918484,0.0081102739082041,0,0,0,0
0.219,0.523598775598299,0.552897924812219,0.552853916332235,0.655713075593854,-0.0656109185433926,-0.0292991492139204,-4.40084799838703e-05,-0.00439013154167724,-0.00439013154167724,-4.40084799838807e-05,0,0,0,0
0.22,0.523598775598299,0.553536642340051,0.559183163809257,0.622383513082764,-0.0581925563073871,-0.0299378667417518,0.00564652146920608,-0.0190152866752148,-0.0190152866752148,0.00564652146920613,0,0,0,0
0.221,0.523598775598299,0.554143356663587,0.549800339172468,0.591116239750738,-0.0574370119259427,-0.0305445810652885,-0.00434301749111954,0.00872429027745984,0.00872429027745984,-0.00434301749111953,0,0,0,0
0.222,0.523598775598299,0.554719943328283,0.564780572500201,0.562950343606685,-0.0473947145543749,-0.0311211677299837,0.0100606291719183,-0.0294357734858426,-0.0294357734858426,0.0100606291719183,0,0,0,0
0.223,0.523598775598299,0.555269530145224,0.558946911557487,0.535764273938815,-0.0526180914799286,-0.0316707545469255,0.00367738141226304,-0.0112071877413672,-0.0112071877413672,0.00367738141226308,0,0,0,0
0.224,0.523598775598299,0.555791392947236,0.555803316995107,0.508254078768393,-0.0493545182686812,-0.0321926173489373,1.19240478712035e-05,-0.000505283991090996,-0.000505283991090996,1.1924047871211e-05,0,0,0,0
0.225,0.523598775598299,0.556286907975491,0.563842188703446,0.483318393888628,-0.0432683053944323,-0.032688132377192,0.00755528072795486,-0.0200505818115178,-0.0200505818115178,0.00755528072795487,0,0,0,0
0.226,0.523598775598299,0.556758329855537,0.559898934170392,0.459366328476631,-0.0451000325377353,-0.0331595542572378,0.00314060431485508,-0.00718615856344233,-0.00718615856344233,0.00314060431485507,0,0,0,0
0.227,0.523598775598299,0.557205857068084,0.547582898768876,0.436006541768072,-0.0415400750544642,-0.0336070814697855,-0.00962295829920867,0.0279611615773936,0.0279611615773936,-0.00962295829920868,0,0,0,0
0.228,0.523598775598299,0.557632016061279,0.570504989665425,0.417545664471214,-0.0276336040344824,-0.0340332404629803,0.012872973604146,-0.032106661764119,-0.032106661764119,0.0128729736041459,0,0,0,0
0.229,0.523598775598299,0.558041041532128,0.554756028859683,0.399618202134074,-0.0376757829863733,-0.034442265933829,-0.00328501267244508,0.0125055674967947,0.0125055674967947,-0.00328501267244509,0,0,0,0
0.23,0.523598775598299,0.558431309643057,0.563712166352744,0.381667548779691,-0.0292407083850122,-0.0348325340447585,0.0052808567096867,-0.00991688943639156,-0.00991688943639156,0.00528085670968675,0,0,0,0
0.231,0.523598775598299,0.558804894851831,0.557799129912649,0.365373844841456,-0.0307220084211981,-0.0352061192535327,-0.00100576493918292,0.00787605612786618,0.00787605612786618,-0.00100576493918297,0,0,0,0
0.232,0.523598775598299,0.55916245774612,0.556119745383097,0.350209407792622,-0.0255801429799019,-0.035563682147821,-0.00304271236302323,0.0140129445730327,0.0140129445730327,-0.00304271236302324,0,0,0,0
0.233,0.523598775598299,0.559506267659428,0.561728268399399,0.337897265300174,-0.0201022400813412,-0.0359074920611294,0.0022220007399707,0.000442677721148629,0.000442677721148629,0.00222200073997067,0,0,0,0
0.234,0.523598775598299,0.559838621969246,0.560992833790594,0.326756922261275,-0.0207336107579317,-0.0362398463709471,0.00115421182134801,0.00406234437574626,0.00406234437574626,0.00115421182134797,0,0,0,0
0.235,0.523598775598299,0.56015983821192,0.556410059454818,0.315769337553927,-0.01969149628221,-0.0365610626136216,-0.00374977875710225,0.0179349648662486,0.0179349648662486,-0.00374977875710223,0,0,0,0
0.236,0.523598775598299,0.560470775129828,0.563437201230386,0.306576170080373,-0.0143802031332858,-0.0368719995315288,0.00296642610055819,0.000384602850968099,0.000384602850968099,0.00296642610055816,0,0,0,0
0.237,0.523598775598299,0.560773202534261,0.561957177732943,0.298096136840326,-0.0164534654614016,-0.0371744269359626,0.00118397519868196,0.00589334151422086,0.00589334151422086,0.00118397519868197,0,0,0,0
0.238,0.523598775598299,0.561066875145104,0.559252598706901,0.289311367691628,-0.0157635637353624,-0.0374680995468055,-0.00181427643820375,0.0145832521813237,0.0145832521813237,-0.0018142764382037,0,0,0,0
0.239,0.523598775598299,0.561352220566006,0.562833876450316,0.281681464845823,-0.0123656110229903,-0.0377534449677067,0.00148165588431048,0.00622966594125879,0.00622966594125879,0.00148165588431054,0,0,0,0
0.24,0.523598775598299,0.56163046940275,0.564611825074242,0.274784223924243,-0.0127371398949373,-0.0380316938044513,0.00298135567149205,0.00279869332394758,0.00279869332394758,0.0029813556714921,0,0,0,0
0.241,0.523598775598299,0.561901647387124,0.568470872443275,0.267471774036805,-0.0138768599572606,-0.0383028717888254,0.00656922505615121,-0.00621597765092563,-0.00621597765092563,0.00656922505615124,0,0,0,0
0.242,0.523598775598299,0.562164988473739,0.560601301377653,0.258913177114033,-0.017245433210768,-0.0385662128754399,-0.00156368709608612,0.0163743542536741,0.0163743542536741,-0.0015636870960861,0,0,0,0
0.243,0.523598775598299,0.562419741112746,0.562907869542993,0.251063440212957,-0.0119358643299744,-0.0388209655144475,0.000488128430246371,0.0112834335499498,0.0112834335499498,0.000488128430246376,0,0,0,0
0.244,0.523598775598299,0.562667717601187,0.560468091102981,0.245053189747126,-0.0100972990139102,-0.0390689420028881,-0.00219962649820571,0.0189860411894743,0.0189860411894743,-0.00219962649820572,0,0,0,0
0.245,0.523598775598299,0.562910364475985,0.560395526661844,0.24057052395062,-0.00637877143967739,-0.0393115888776859,-0.00251483781414108,0.0201957993161568,0.0201957993161568,-0.00251483781414113,0,0,0,0
0.246,0.523598775598299,0.563149428728312,0.560033074973128,0.237804107819797,-0.00360417182133559,-0.0395506531300129,-0.00311635375518349,0.0221416036814083,0.0221416036814083,-0.00311635375518348,0,0,0,0
0.247,0.523598775598299,0.563386429481699,0.556289003555923,0.236408929655669,-0.00121809456149226,-0.0397876538834006,-0.00709742592577645,0.0331245667430471,0.0331245667430471,-0.00709742592577646,0,0,0,0
0.248,0.523598775598299,0.563622931252388,0.558878529109052,0.237035284509832,0.00375805504253718,-0.040024155654089,-0.00474440214333571,0.0269167603703729,0.0269167603703729,-0.00474440214333566,0,0,0,0
0.249,0.523598775598299,0.563860997237448,0.559537480467802,0.239190798305145,0.00482384566193384,-0.0402622216391495,-0.00432351676964671,0.0259570894428274,0.0259570894428274,-0.00432351676964666,0,0,0,0
0.25,0.523598775598299,0.564101425521018,0.563829856128318,0.24169149660992,0.00511809092039354,-0.0405026499227193,-0.000271569392700566,0.0152212986953806,0.0152212986953806,-0.00027156939270052,0,0,0,0
0.251,0.523598775598299,0.564344074874277,0.558758593733645,0.24331611548045,0.00183408449884606,-0.0407452992759777,-0.00558548114063118,0.0297688630505485,0.0297688630505485,-0.00558548114063114,0,0,0,0
0.252,0.523598775598299,0.56458805469493,0.564746252384482,0.244869676989571,0.00438968220756313,-0.0409892790966309,0.000158197689552164,0.0143784482882724,0.0143784482882724,0.000158197689552183,0,0,0,0
0.253,0.523598775598299,0.564833680167733,0.566223075351188,0.246084445493345,0.00104037945607596,-0.0412349045694346,0.00138939518345493,0.0112908947128855,0.0112908947128855,0.00138939518345499,0,0,0,0
0.254,0.523598775598299,0.565079654610662,0.563401949655941,0.245593426593302,-0.00202011248821628,-0.0414808790123636,-0.00167770495472142,0.0197697489501365,0.0197697489501365,-0.00167770495472141,0,0,0,0
0.255,0.523598775598299,0.565324708977045,0.561390917765833,0.244588395003239,-0.00119645682118502,-0.0417259333787465,-0.00393379121121196,0.0259354359625369,0.0259354359625369,-0.00393379121121196,0,0,0,0
0.256,0.523598775598299,0.565569144290009,0.566774540672331,0.24450218640959,0.00128671409550279,-0.0419703686917101,0.00120539638232164,0.0121237321069218,0.0121237321069218,0.00120539638232164,0,0,0,0
0.257,0.523598775598299,0.565813623590897,0.561741147939683,0.244203840847515,-0.00156530726480082,-0.0422148479925979,-0.00407247565121405,0.0264691305604532,0.0264691305604532,-0.004072475651214,0,0,0,0
0.258,0.523598775598299,0.566057608127271,0.570275256336536,0.244013696827038,0.00123957869202233,-0.0424588325289718,0.00421764820926551,0.00413837862445254,0.00413837862445254,0.00421764820926554,0,0,0,0
0.259,0.523598775598299,0.566301336947846,0.56392903401262,0.242970125938893,-0.00411141560961525,-0.042702561349547,-0.00237230293522595,0.0220723935747018,0.0220723935747018,-0.00237230293522599,0,0,0,0
0.26,0.523598775598299,0.566543370932709,0.569037953497906,0.241313282924218,-0.00168160737305949,-0.04294459533441,0.00249458256519675,0.00895933440744698,0.00895933440744698,0.00249458256519676,0,0,0,0
0.261,0.523598775598299,0.566783892689046,0.567060895582328,0.23949809019513,-0.00430520941049024,-0.043185117090747,0.000277002893281808,0.0150417823325991,0.0150417823325991,0.000277002893281788,0,0,0,0
0.262,0.523598775598299,0.567022197914407,0.5617162827652,0.237145065519623,-0.00393952461627521,-0.0434234223161084,-0.0053059151492072,0.0300727208871398,0.0300727208871398,-0.00530591514920718,0,0,0,0
0.263,0.523598775598299,0.56725871586521,0.565293120211351,0.236337810796748,0.00110560779299442,-0.0436599402669112,-0.00196559565385879,0.0209090549751659,0.0209090549751659,-0.0019655956538588,0,0,0,0
0.264,0.523598775598299,0.567495290761886,0.573169196451031,0.236830340333036,0.00131361156876987,-0.0438965151635871,0.00567390568914483,0.000293176447655974,0.000293176447655974,0.00567390568914478,0,0,0,0
0.265,0.523598775598299,0.5677317520501,0.567912598119603,0.23552414007671,-0.00510217561724798,-0.0441329764518009,0.000180846069503748,0.0152231194577225,0.0152231194577225,0.000180846069503759,0,0,0,0
0.266,0.523598775598299,0.567965918496568,0.557043975395603,0.232882851262339,-0.00426959405610507,-0.0443671428982696,-0.0109219431009653,0.045017975939784,0.045017975939784,-0.0109219431009652,0,0,0,0
0.267,0.523598775598299,0.568198583900424,0.564378851803561,0.233334995445021,0.00574577438969396,-0.0445998083021255,-0.00381973209686381,0.02548073255241,0.02548073255241,-0.00381973209686377,0,0,0,0
0.268,0.523598775598299,0.568433368555185,0.568183440515321,0.236228125024447,0.00568027104398449,-0.044834592956886,-0.000249928039863789,0.0156759307400176,0.0156759307400176,-0.00024992803986377,0,0,0,0
0.269,0.523598775598299,0.568670712910324,0.568568030110877,0.238175170588191,0.00246087635507473,-0.0450719373120255,-0.000102682799447251,0.0151746187882134,0.0151746187882134,-0.00010268279944726,0,0,0,0
0.27,0.523598775598299,0.56890924789304,0.56468754181967,0.238701616265546,0.000280682324203661,-0.0453104722947414,-0.00422170607337047,0.0261245392931694,0.0261245392931694,-0.00422170607337045,0,0,0,0
0.271,0.523598775598299,0.569148156496464,0.566768720931668,0.239303277715047,0.0024005822652924,-0.0455493808981655,-0.00237943556479603,0.0208906589883563,0.0208906589883563,-0.00237943556479598,0,0,0,0
0.272,0.523598775598299,0.569387983426211,0.575507937485701,0.24031725943168,0.00202590440592649,-0.0457892078279121,0.00611995405949006,-0.00218482778525736,-0.00218482778525736,0.00611995405949002,0,0,0,0
0.273,0.523598775598299,0.569628005867715,0.574011041955549,0.239057723980059,-0.00553917639473828,-0.0460292302694157,0.00438303608783475,0.00253488352986006,0.00253488352986006,0.00438303608783471,0,0,0,0
0.274,0.523598775598299,0.569865194600759,0.562074991623555,0.235045078586471,-0.00864619482582501,-0.0462664190024604,-0.00779020297720456,0.0352277244404229,0.0352277244404229,-0.00779020297720455,0,0,0,0
0.275,0.523598775598299,0.570098707139908,0.570100120282169,0.232738049321333,-9.12874872791482e-05,-0.0464999315416091,1.4131422613195e-06,0.0138250809326425,0.0138250809326425,1.41314226134296e-06,0,0,0,0
0.276,0.523598775598299,0.570331195222536,0.571261738257815,0.232107009829074,-0.0015724310648625,-0.0467324196242371,0.000930543035279063,0.0111372344267487,0.0111372344267487,0.000930543035279107,0,0,0,0
0.277,0.523598775598299,0.570562630896148,0.565171147123297,0.230610174979431,-0.00331518888925189,-0.0469638552978495,-0.00539148377285181,0.027959298920995,0.027959298920995,-0.0053914837728518,0,0,0,0
0.278,0.523598775598299,0.570792708344194,0.563008835079155,0.229925617834565,0.000984107303249651,-0.0471939327458949,-0.00778387326503827,0.0339875856716898,0.0339875856716898,-0.00778387326503831,0,0,0,0
0.279,0.523598775598299,0.571023275431513,0.566646861312855,0.231612276818461,0.00554466143980419,-0.0474244998332143,-0.00437641411865786,0.0243364057521559,0.0243364057521559,-0.00437641411865786,0,0,0,0
0.28,0.523598775598299,0.571256260184827,0.572665112081135,0.234329723361833,0.00523821889359572,-0.0476574845865283,0.00140885189630824,0.00840364894208043,0.00840364894208043,0.00140885189630822,0,0,0,0
0.281,0.523598775598299,0.571491380585479,0.576692512395773,0.235441155393301,-6.55354191393311e-05,-0.0478926049871801,0.00520113181029447,-0.00198399331595334,-0.00198399331595334,0.00520113181029449,0,0,0,0
0.282,0.523598775598299,0.571726069768395,0.572689987661913,0.233355770438766,-0.00663315364952056,-0.0481272941700966,0.000963917893517463,0.00932791605530195,0.00932791605530195,0.000963917893517426,0,0,0,0
0.283,0.523598775598299,0.571957538031532,0.570648742061725,0.229547004343018,-0.00701996311947907,-0.0483587624332332,-0.00130879596980693,0.0152012145711109,0.0152012145711109,-0.00130879596980691,0,0,0,0
0.284,0.523598775598299,0.572185305938633,0.570461138445643,0.226141621146568,-0.00529986618571805,-0.0485865303403341,-0.00172416749299042,0.0159998868733082,0.0159998868733082,-0.00172416749299043,0,0,0,0
0.285,0.523598775598299,0.572410096177131,0.571418064162248,0.223562578265107,-0.00390693461811536,-0.0488113205788321,-0.000992032014882627,0.01369791251654,0.01369791251654,-0.000992032014882573,0,0,0,0
0.286,0.523598775598299,0.572632559935973,0.564733024076371,0.221382003873702,-0.00371757119747507,-0.0490337843376738,-0.00789953585960201,0.0319517728900668,0.0319517728900668,-0.00789953585960203,0,0,0,0
0.287,0.523598775598299,0.572853470084809,0.57171658358832,0.220965693094565,0.00223614680771072,-0.0492546944865101,-0.00113688649648847,0.01321736393697,0.01321736393697,-0.00113688649648849,0,0,0,0
0.288,0.523598775598299,0.573074731647557,0.581433816880082,0.221355682397449,-4.10249356791919e-05,-0.0494759560492581,0.00835908523252493,-0.0126292077938092,-0.0126292077938092,0.00835908523252495,0,0,0,0
0.289,0.523598775598299,0.573295044513006,0.575111664788714,0.218420798017617,-0.0096335115249772,-0.0496962689147067,0.00181662027570861,0.00495512110260288,0.00495512110260288,0.00181662027570857,0,0,0,0
0.29,0.523598775598299,0.573510797257113,0.57771595913082,0.213064927965842,-0.00986471949524947,-0.0499120216588144,0.00420516187370634,-0.00170258020400865,-0.00170258020400865,0.00420516187370629,0,0,0,0
0.291,0.523598775598299,0.573720946058216,0.576502265490257,0.207046147752517,-0.0119797003007984,-0.0501221704599167,0.00278131943204141,0.00197191984679232,0.00197191984679232,0.00278131943204142,0,0,0,0
0.292,0.523598775598299,0.57392472671718,0.571441490894532,0.200517898771176,-0.0119587577611022,-0.0503259511188808,-0.00248323582264731,0.0159209327112465,0.0159209327112465,-0.00248323582264733,0,0,0,0
0.293,0.523598775598299,0.574122443901644,0.573492436174865,0.195324338779763,-0.00736176089786532,-0.0505236683033451,-0.000630007726779236,0.0105584960308903,0.0105584960308903,-0.000630007726779236,0,0,0,0
0.294,0.523598775598299,0.574315862237021,0.57669715152015,0.191623435871745,-0.00611298760158354,-0.0507170866387221,0.00238128928312953,0.00215334369529968,0.00215334369529968,0.00238128928312947,0,0,0,0
0.295,0.523598775598299,0.574505609451104,0.569755032372895,0.187711738011926,-0.00791688122873396,-0.0509068338528051,-0.00475057707820881,0.0211163503241857,0.0211163503241857,-0.00475057707820878,0,0,0,0
0.296,0.523598775598299,0.574691644266904,0.576950632861605,0.184801261509275,-0.00291564724176557,-0.0510928686686055,0.00225898859470053,0.00181975138909216,0.00181975138909216,0.00225898859470049,0,0,0,0
0.297,0.523598775598299,0.574875308237332,0.571304996812848,0.182263465057671,-0.00589117531563418,-0.0512765326390334,-0.0035703114244845,0.0172784372529323,0.0172784372529323,-0.0035703114244845,0,0,0,0
0.298,0.523598775598299,0.575056251429733,0.571942297374611,0.179901236554711,-0.00275254283407665,-0.0514574758314346,-0.00311395405512205,0.0156348682136335,0.0156348682136335,-0.00311395405512208,0,0,0,0
0.299,0.523598775598299,0.575235503706176,0.568008714617683,0.178732948340678,-0.00129076036801485,-0.0516367281078769,-0.00722678908849228,0.0262883963257795,0.0262883963257795,-0.00722678908849224,0,0,0,0
0.3,0.523598775598299,0.575414261802999,0.572145955289043,0.17916404264043,0.00300909933609087,-0.0518154862046999,-0.00326830651395549,0.0151017115774714,0.0151017115774714,-0.00326830651395546,0,0,0,0
0.301,0.523598775598299,0.575594077502642,0.569763048219746,0.180385639330166,0.00208835513795933,-0.0519953019043428,-0.00583102928289547,0.0215783618295824,0.0215783618295824,-0.00583102928289552,0,0,0,0
0.302,0.523598775598299,0.575775105994885,0.579960790978019,0.181800183653041,0.00354508113205201,-0.0521763303965866,0.00418568498313321,-0.00585208673891402,-0.00585208673891402,0.00418568498313324,0,0,0,0
0.303,0.523598775598299,0.575957009745005,0.578297616310898,0.181313586510229,-0.00428787838888887,-0.0523582341467064,0.0023406065658933,-0.00105526509218415,-0.00105526509218415,0.00234060656589326,0,0,0,0
0.304,0.523598775598299,0.576136791794716,0.575866689416888,0.177961656029893,-0.00755414181402183,-0.0525380161964167,-0.00027010237782743,0.00572651886170336,0.00572651886170336,-0.000270102377827376,0,0,0,0
0.305,0.523598775598299,0.576312700382569,0.573064037899811,0.173876658466738,-0.00732165642651948,-0.0527139247842701,-0.00324866248275746,0.0134050315974086,0.0134050315974086,-0.00324866248275745,0,0,0,0
0.306,0.523598775598299,0.576484831668624,0.575575617818945,0.170623576811552,-0.00464335022329425,-0.0528860560703255,-0.000909213849679236,0.00668887232508183,0.00668887232508183,-0.000909213849679204,0,0,0,0
0.307,0.523598775598299,0.576654118165988,0.572593447299874,0.167913950041891,-0.00504787701461218,-0.0530553425676888,-0.0040606708661135,0.014816435244879,0.014816435244879,-0.00406067086611356,0,0,0,0
0.308,0.523598775598299,0.576820867571205,0.571025628888273,0.165797322945095,-0.00265236913961819,-0.0532220919729058,-0.00579523868293119,0.0190260770336809,0.0190260770336809,-0.00579523868293115,0,0,0,0
0.309,0.523598775598299,0.576986186479591,0.574594259473772,0.165093425724458,0.000202172759017898,-0.0533874108812926,-0.00239192700581914,0.00936753941378879,0.00936753941378879,-0.00239192700581911,0,0,0,0
0.31,0.523598775598299,0.577151149631231,0.577118518820504,0.164718380340182,-0.00109106937305616,-0.0535523740329318,-3.26308107261308e-05,0.00263460017289283,0.00263460017289283,-3.26308107261256e-05,0,0,0,0
0.311,0.523598775598299,0.57731523055983,0.580007113070206,0.163185440384061,-0.00400662161571556,-0.0537164549615308,0.00269188251037666,-0.00499997649121384,-0.00499997649121384,0.00269188251037669,0,0,0,0
0.312,0.523598775598299,0.577476875791412,0.579109391557778,0.159736521371947,-0.00817221965088479,-0.0538781001931132,0.00163251576636603,-0.00237071307151021,-0.00237071307151021,0.00163251576636604,0,0,0,0
0.313,0.523598775598299,0.577634214162528,0.587700138587908,0.154796383344368,-0.00980361155303677,-0.0540354385642289,0.0100659244253807,-0.0252920525150283,-0.0252920525150283,0.0100659244253807,0,0,0,0
0.314,0.523598775598299,0.577785528947744,0.576395540997686,0.14711364758556,-0.0179388323741612,-0.0541867533494448,-0.00138998795005807,0.00554424629038125,0.00554424629038125,-0.00138998795005804,0,0,0,0
0.315,0.523598775598299,0.577928301294276,0.585702062941643,0.138873219772888,-0.0129591273235513,-0.0543295256959769,0.00777376164736721,-0.019436723858461,-0.019436723858461,0.00777376164736721,0,0,0,0
0.316,0.523598775598299,0.578063203359083,0.578876241018852,0.130519770387989,-0.0176135197332503,-0.0544644277607844,0.000813037659769145,-0.000743990867134448,-0.000743990867134448,0.000813037659769172,0,0,0,0
0.317,0.523598775598299,0.578189304679562,0.578085383210189,0.121974717655223,-0.0143314716682242,-0.0545905290812633,-0.000103921469373547,0.00146826179179008,0.00146826179179008,-0.000103921469373533,0,0,0,0
0.318,0.523598775598299,0.578307704692179,0.577423421960164,0.115085548564603,-0.0114037551812701,-0.0547089290938805,-0.000884282732015018,0.00329422904426771,0.00329422904426771,-0.000884282732015026,0,0,0,0
0.319,0.523598775598299,0.578419961424519,0.583320599919071,0.109654183023448,-0.00885740405080869,-0.0548211858262206,0.00490063849455147,-0.0125428776446526,-0.0125428776446526,0.00490063849455143,0,0,0,0
0.32,0.523598775598299,0.578526882642282,0.581173706808984,0.103895000744043,-0.0121769227562593,-0.054928107043983,0.00264682416670214,-0.00656371214676557,-0.00656371214676557,0.0026468241667021,0,0,0,0
0.321,0.523598775598299,0.578627492490015,0.582129240987714,0.097326157739211,-0.0121703299467076,-0.0550287168917158,0.00350174849769891,-0.00901502843922336,-0.00901502843922336,0.00350174849769893,0,0,0,0
0.322,0.523598775598299,0.578721476260293,0.581424505365681,0.0905886014912274,-0.0127764116102959,-0.0551227006619945,0.00270302910538756,-0.00698438252852923,-0.00698438252852923,0.00270302910538752,0,0,0,0
0.323,0.523598775598299,0.578808667644116,0.581548575893856,0.0838342813232695,-0.0123337155831611,-0.0552098920458172,0.00273990824974035,-0.00722042661247299,-0.00722042661247299,0.00273990824974032,0,0,0,0
0.324,0.523598775598299,0.57888921764959,0.570344958576536,0.0772991561114011,-0.0119662037159131,-0.0552904420512909,-0.00854425907305389,0.0229805500959478,0.0229805500959478,-0.00854425907305388,0,0,0,0
0.325,0.523598775598299,0.57896429060062,0.574217478776582,0.0737292225466167,-0.00200842167282028,-0.0553655150023213,-0.00474681182403769,0.0122576706435432,0.0122576706435432,-0.00474681182403772,0,0,0,0
0.326,0.523598775598299,0.579037737951853,0.5797200895385,0.073412939035443,0.000784918094474371,-0.0554389623535538,0.000682351586647312,-0.00270876395729444,-0.00270876395729444,0.000682351586647272,0,0,0,0
0.327,0.523598775598299,0.579111034154344,0.577482692062087,0.0729118634537633,-0.00223707566615936,-0.0555122585560454,-0.00162834209225748,0.0033170472246912,0.0033170472246912,-0.00162834209225751,0,0,0,0
0.328,0.523598775598299,0.579183331435759,0.577206575941324,0.0716890999109659,-0.00216666096189684,-0.0555845558374605,-0.00197675549443499,0.00398357559756835,0.00398357559756835,-0.00197675549443503,0,0,0,0
0.329,0.523598775598299,0.579254446617508,0.577718049341842,0.0705666797805103,-0.0018814075304633,-0.055655671019209,-0.00153639727566568,0.00251709176339845,0.00251709176339845,-0.00153639727566573,0,0,0,0
0.33,0.523598775598299,0.579324461321903,0.571448489697099,0.0694397278700802,-0.00214279346899931,-0.0557256857236043,-0.00787597162480358,0.0192880588589667,0.0192880588589667,-0.00787597162480358,0,0,0,0
0.331,0.523598775598299,0.579393823202579,0.585329372496647,0.0697429084058544,0.00303837028236175,-0.05579504760428,0.00593554929406848,-0.018324892383365,-0.018324892383365,0.00593554929406844,0,0,0,0
0.332,0.523598775598299,0.57946348030403,0.574885805954976,0.0687964886832946,-0.00571063042800564,-0.0558647047057317,-0.00457767434905487,0.00992570076353899,0.00992570076353899,-0.00457767434905483,0,0,0,0
0.333,0.523598775598299,0.579531090064106,0.583273095530616,0.0667434096569496,-0.00209665717734412,-0.0559323144658073,0.00374200546651038,-0.0128165140673498,-0.0128165140673498,0.00374200546651036,0,0,0,0
0.334,0.523598775598299,0.57959675820437,0.586920671506302,0.0641557925173494,-0.00703518875122754,-0.0559979826060707,0.00732391330193283,-0.0225292867274194,-0.0225292867274194,0.00732391330193284,0,0,0,0
0.335,0.523598775598299,0.579658411401126,0.588598261232425,0.0586166749441019,-0.0130715918405447,-0.0560596358028275,0.00893984983129881,-0.0268333209841753,-0.0268333209841753,0.00893984983129876,0,0,0,0
0.336,0.523598775598299,0.579713027077684,0.58212182004774,0.0501799572377211,-0.0179923453542428,-0.0561142514793849,0.00240879297005636,-0.00918069468900995,-0.00918069468900995,0.00240879297005634,0,0,0,0
0.337,0.523598775598299,0.579758665264914,0.577961160839683,0.0413448542814649,-0.0152008354729429,-0.0561598896666157,-0.00179750442523163,0.00200271694257109,0.00200271694257109,-0.00179750442523159,0,0,0,0
0.338,0.523598775598299,0.579796484751804,0.58621909121546,0.0347800705314193,-0.00972435859345552,-0.0561977091535047,0.00642260646365611,-0.0203466253043816,-0.0203466253043816,0.00642260646365617,0,0,0,0
0.339,0.523598775598299,0.579828301470099,0.584371127683073,0.0285389766999306,-0.0132832492832844,-0.0562295258717997,0.00454282621297486,-0.0152502336112709,-0.0152502336112709,0.00454282621297488,0,0,0,0
0.34,0.523598775598299,0.579853243710784,0.575537250679653,0.0213103805040081,-0.0136907231977897,-0.0562544681124847,-0.00431599303113073,0.00854303302793552,0.00854303302793552,-0.00431599303113078,0,0,0,0
0.341,0.523598775598299,0.579871637766442,0.574815046127654,0.0161401386932728,-0.00621993857143155,-0.0562728621681435,-0.00505659163878869,0.0102144622806301,0.0102144622806301,-0.00505659163878869,0,0,0,0
0.342,0.523598775598299,0.579886634832281,0.583623317012065,0.0143180747510138,-0.000983200457492986,-0.0562878592339824,0.00373668217978429,-0.0137542984073441,-0.0137542984073441,0.00373668217978427,0,0,0,0
0.343,0.523598775598299,0.579900252302675,0.574720659186329,0.0125327924357997,-0.00532209527159015,-0.0563014767043766,-0.00517959311634597,0.0101874185530919,0.0101874185530919,-0.00517959311634592,0,0,0,0
0.344,0.523598775598299,0.579911856473331,0.579481820321512,0.0111161004444766,-0.00035040102153522,-0.0563130808750322,-0.000430036151819246,-0.00291641670916845,-0.00291641670916845,-0.000430036151819278,0,0,0,0
0.345,0.523598775598299,0.579922768478855,0.576576043516304,0.0106132292389943,-0.00142011500033994,-0.0563239928805559,-0.00334672496255073,0.0047540805015665,0.0047540805015665,-0.00334672496255075,0,0,0,0
0.346,0.523598775598299,0.579933177507127,0.579651984184335,0.0103631730587754,0.000367233440812166,-0.0563344019088281,-0.000281193322791973,-0.0037586758279339,-0.0037586758279339,-0.000281193322791931,0,0,0,0
0.347,0.523598775598299,0.579943475930059,0.572843865091463,0.0100923900179333,-0.00122826074118286,-0.05634470033176,-0.00709961083859545,0.0144007971847683,0.0144007971847683,-0.00709961083859548,0,0,0,0
0.348,0.523598775598299,0.579953714599106,0.577762361104734,0.0108084219895446,0.00355384874732213,-0.0563549390008076,-0.00219135349437283,0.000800232964669911,0.000800232964669911,-0.00219135349437279,0,0,0,0
0.349,0.523598775598299,0.579965328722749,0.576443873443469,0.012295868325458,0.00215661980013124,-0.0563665531244498,-0.00352145527927938,0.00413896788692497,0.00413896788692497,-0.00352145527927941,0,0,0,0
0.35,0.523598775598299,0.57997821267396,0.581039501572131,0.0134864083509732,0.00232070412244715,-0.0563794370756613,0.00106128889817092,-0.00846602961370274,-0.00846602961370274,0.00106128889817095,0,0,0,0
0.351,0.523598775598299,0.579991922437846,0.581312427301504,0.0135856596852714,-0.0016019722265746,-0.056393146839547,0.00132050486365853,-0.00929298480732016,-0.00929298480732016,0.00132050486365853,0,0,0,0
0.352,0.523598775598299,0.580004809466464,0.579620702395417,0.011952359533929,-0.00426931314623619,-0.0564060338681649,-0.000384107071046413,-0.00483653636195458,-0.00483653636195458,-0.000384107071046376,0,0,0,0
0.353,0.523598775598299,0.580015599909329,0.574747526410417,0.00961282496759943,-0.00445011501871815,-0.0564168243110299,-0.00526807349891167,0.00810513332731375,0.00810513332731375,-0.00526807349891167,0,0,0,0
0.354,0.523598775598299,0.580024425669954,0.577423404557445,0.00839742307390795,-0.000401919779856308,-0.0564256500716551,-0.00260102111250893,0.000582946096605752,0.000582946096605752,-0.00260102111250893,0,0,0,0
0.355,0.523598775598299,0.580032725729693,0.579988927439319,0.00821402760843534,-0.000274267369768645,-0.0564339501313939,-4.37982903734868e-05,-0.00654686808203581,-0.00654686808203581,-4.37982903734372e-05,0,0,0,0
0.356,0.523598775598299,0.580040646499563,0.580717778768973,0.00743490179817222,-0.00245001847112138,-0.0564418709012643,0.000677132269410019,-0.00865197369680493,-0.00865197369680493,0.000677132269409971,0,0,0,0
0.357,0.523598775598299,0.580047227056343,0.568333238213548,0.00555109728781652,-0.0044299100415498,-0.0564484514580442,-0.0117139888427954,0.0245089925584947,0.0245089925584947,-0.0117139888427954,0,0,0,0
0.358,0.523598775598299,0.580052526294659,0.576875633943991,0.00587458895925322,0.00490978930845885,-0.0564537506963602,-0.00317689235066787,0.00098695413246136,0.00098695413246136,-0.00317689235066784,0,0,0,0
0.359,0.523598775598299,0.580059536180677,0.579044999213953,0.00799091972742234,0.00317135098590937,-0.056460760582378,-0.0010145369667236,-0.00509693440147121,-0.00509693440147121,-0.00101453696672361,0,0,0,0
0.36,0.523598775598299,0.580068066981291,0.57247019091212,0.00880079778567914,0.0001255828728526,-0.0564692913829926,-0.00759787606917106,0.0123963164953367,0.0123963164953367,-0.00759787606917102,0,0,0,0
0.361,0.523598775598299,0.580077263422345,0.578094153040634,0.00991569997031337,0.00378089352648671,-0.0564784878240457,-0.00198311038171051,-0.00312993850222515,-0.00312993850222515,-0.00198311038171049,0,0,0,0
0.362,0.523598775598299,0.580087914877534,0.57789493710293,0.0111472244490078,0.00107330865560852,-0.0564891392792347,-0.00219297777460314,-0.00280344272888589,-0.00280344272888589,-0.00219297777460319,0,0,0,0
0.363,0.523598775598299,0.580099186522551,0.589400559647944,0.0112555445843409,-0.000513012185324196,-0.0565004109242525,0.00930137312539303,-0.0339455001051062,-0.0339455001051062,0.009301373125393,0,0,0,0
0.364,0.523598775598299,0.580109218797148,0.582202186060327,0.00784934885797057,-0.0113526882254833,-0.0565104431988491,0.00209296726317876,-0.0144170858503501,-0.0144170858503501,0.00209296726317878,0,0,0,0
0.365,0.523598775598299,0.5801139977616,0.577351537320107,0.00167686468287372,-0.011720081049171,-0.0565152221633011,-0.00276246044149298,-0.00146685113225423,-0.00146685113225423,-0.00276246044149293,0,0,0,0
0.366,0.523598775598299,0.580112947743375,0.581631698934409,-0.00341893785088427,-0.00768636862755452,-0.0565141721450759,0.00151875119103473,-0.013233798114431,-0.013233798114431,0.00151875119103472,0,0,0,0
0.367,0.523598775598299,0.580107365140331,0.578046985686783,-0.00784554955862323,-0.00881394447712697,-0.0565085895420319,-0.0020603794535472,-0.00371311103914945,-0.00371311103914945,-0.00206037945354722,0,0,0,0
0.368,0.523598775598299,0.580097412379919,0.582397876946497,-0.0118435453495129,-0.00637653269157779,-0.0564986367816206,0.00230046456657773,-0.0156520840198636,-0.0156520840198636,0.00230046456657774,0,0,0,0
0.369,0.523598775598299,0.580083651822544,0.576976833897538,-0.0158708040061121,-0.00856423933815337,-0.0564848762242455,-0.00310681792500611,-0.00117602440412928,-0.00117602440412928,-0.00310681792500614,0,0,0,0
0.37,0.523598775598299,0.580065834061822,0.577357707953831,-0.0194677198373378,-0.00521656585214075,-0.0564670584635227,-0.00270812610799032,-0.00248964356245793,-0.00248964356245793,-0.00270812610799031,0,0,0,0
0.371,0.523598775598299,0.580045152395817,0.581791800478633,-0.0217424618659134,-0.00349093313964975,-0.056446376797518,0.0017466480828161,-0.0146831748220594,-0.0146831748220594,0.00174664808281612,0,0,0,0
0.372,0.523598775598299,0.580022210700348,0.582145215099204,-0.0243839770666088,-0.00623894011555971,-0.0564234351020491,0.00212300439885604,-0.0157541768972471,-0.0157541768972471,0.00212300439885607,0,0,0,0
0.373,0.523598775598299,0.579995973806188,0.579788163733829,-0.0282625130044794,-0.00819460578074737,-0.0563971982078887,-0.000207810072358483,-0.00953360906723208,-0.00953360906723208,-0.000207810072358533,0,0,0,0
0.374,0.523598775598299,0.579965619805118,0.576421979097001,-0.0323678044283658,-0.0073237466912622,-0.0563668442068188,-0.00354364070811664,-0.000688938370591835,-0.000688938370591835,-0.00354364070811664,0,0,0,0
0.375,0.523598775598299,0.579931650899312,0.579819400856465,-0.0352649894991906,-0.00388446914649806,-0.0563328753010134,-0.000112250042847428,-0.0101429849365268,-0.0101429849365268,-0.000112250042847448,0,0,0,0
0.376,0.523598775598299,0.579895279193479,0.578307663415953,-0.0375502788508448,-0.00469918509444294,-0.0562965035951798,-0.00158761577752564,-0.00628215405442828,-0.00628215405442828,-0.00158761577752568,0,0,0,0
0.377,0.523598775598299,0.579856564887721,0.583481829712154,-0.0398087769378338,-0.00391731207023531,-0.0562577892894225,0.00362526482443226,-0.0204465879316038,-0.0204465879316038,0.0036252648244323,0,0,0,0
0.378,0.523598775598299,0.579815328938699,0.578114009554352,-0.0430126360315389,-0.00786818212040976,-0.0562165533404001,-0.00170131938434692,-0.00609721871571942,-0.00609721871571942,-0.00170131938434688,0,0,0,0
0.379,0.523598775598299,0.579770450292609,0.577796458026686,-0.0465487321334261,-0.00566153925246019,-0.0561716746943099,-0.00197399226592232,-0.00551618133209192,-0.00551618133209192,-0.00197399226592235,0,0,0,0
0.38,0.523598775598299,0.579722567831746,0.575462969634907,-0.0490718895810959,-0.00403620185828239,-0.0561237922334477,-0.0042595981968393,0.000472076769713281,0.000472076769713281,-0.00425959819683927,0,0,0,0
0.381,0.523598775598299,0.579672729948493,0.577629564892828,-0.0503418384851095,-0.00107970214271643,-0.056073954350194,-0.00204316505566471,-0.00571558212042225,-0.00571558212042225,-0.00204316505566474,0,0,0,0
0.382,0.523598775598299,0.579622104961122,0.580944866513429,-0.0509184167285824,-0.00119663998347202,-0.0560233293628233,0.00132276155230737,-0.0149115967760138,-0.0149115967760138,0.00132276155230736,0,0,0,0
0.383,0.523598775598299,0.57957058742017,0.577804320603323,-0.0523795471477125,-0.00416678948160837,-0.0559718118218707,-0.00176626681684677,-0.00663998036077057,-0.00663998036077057,-0.00176626681684676,0,0,0,0
0.384,0.523598775598299,0.579517196538054,0.579532514848833,-0.0543277383502053,-0.00332886678670385,-0.0559184209397551,1.53183107789445e-05,-0.011567652572813,-0.011567652572813,1.53183107789874e-05,0,0,0,0
0.385,0.523598775598299,0.579461898445857,0.592090021152121,-0.0563566035050495,-0.00432723137083879,-0.0558631228475579,0.0126281227062638,-0.0455409819364676,-0.0455409819364676,0.0126281227062638,0,0,0,0
0.386,0.523598775598299,0.579403274576169,0.58044858807462,-0.0618932518112119,-0.0156495025180611,-0.0558044989778703,0.00104531349845072,-0.0140383907909893,-0.0140383907909893,0.0010453134984507,0,0,0,0
0.387,0.523598775598299,0.579337541690344,0.579631112731238,-0.0692894971177647,-0.0124653459806688,-0.0557387660920455,0.000293571040893448,-0.0120522067039155,-0.0120522067039155,0.000293571040893414,0,0,0,0
0.388,0.523598775598299,0.579265223513697,0.576285391529583,-0.0751009915914633,-0.00969831107722044,-0.0556664479153987,-0.00297983198411422,-0.00330175055627596,-0.00330175055627596,-0.00297983198411428,0,0,0,0
0.389,0.523598775598299,0.579188019028523,0.575517801049069,-0.0788987756840079,-0.00508413939975154,-0.0555892434302241,-0.00367021797945377,-0.00159851284749363,-0.00159851284749363,-0.00367021797945374,0,0,0,0
0.39,0.523598775598299,0.579108134927262,0.588046888754426,-0.0805625432330844,-0.00162193204348667,-0.0555093593289636,0.00893875382716347,-0.0356566627572392,-0.0356566627572392,0.00893875382716352,0,0,0,0
0.391,0.523598775598299,0.579026304758196,0.578404643172012,-0.0838613944071582,-0.0102479675781433,-0.0554275291598969,-0.000621661586184152,-0.00968340992957073,-0.00968340992957073,-0.000621661586184203,0,0,0,0
0.392,0.523598775598299,0.578940037578718,0.576214706886932,-0.0884042017720946,-0.00722049487054694,-0.0553412619804189,-0.00272533069178538,-0.0040888448181477,-0.0040888448181477,-0.00272533069178538,0,0,0,0
0.393,0.523598775598299,0.578850108760756,0.576669986761628,-0.0911216416364004,-0.00347865745438329,-0.0552513331624573,-0.00218012199912865,-0.00567964598650642,-0.00567964598650642,-0.00218012199912866,0,0,0,0
0.394,0.523598775598299,0.578758274212771,0.573636863047331,-0.0923828044603637,-0.00162166304310147,-0.0551594986144722,-0.0051214111654404,0.00212482534047173,0.00212482534047173,-0.00512141116544035,0,0,0,0
0.395,0.523598775598299,0.578665852968536,0.583414120373761,-0.0921371509774416,0.00202011152052672,-0.055067077370237,0.00474826740522538,-0.0246044835485617,-0.0246044835485617,0.00474826740522538,0,0,0,0
0.396,0.523598775598299,0.578573662463261,0.574989346949374,-0.0927967175951855,-0.00422266147098261,-0.0549748868649625,-0.00358431551388694,-0.00206411295844505,-0.00206411295844505,-0.00358431551388698,0,0,0,0
0.397,0.523598775598299,0.578480102164295,0.590239829198449,-0.0940284969846503,-0.000889639457526964,-0.0548813265659959,0.0117597270341541,-0.0434566981925213,-0.0434566981925213,0.0117597270341541,0,0,0,0
0.398,0.523598775598299,0.57838476501985,0.574146628001284,-0.0976231237610067,-0.0119291637269247,-0.0547859894215514,-0.0042381370185659,-6.94618064794039e-05,-6.94618064794039e-05,-0.00423813701856595,0,0,0,0
0.399,0.523598775598299,0.57828469585866,0.574472711436359,-0.10188814607045,-0.00485617371622193,-0.0546859202603615,-0.0038119844223008,-0.00138947473247869,-0.00138947473247869,-0.00381198442230084,0,0,0,0
0.4,0.523598775598299,0.578181946880203,0.579985080232342,-0.103253339828141,-0.000833672529583579,-0.0545831712819042,0.00180313335213944,-0.0166310115808883,-0.0166310115808883,0.00180313335213949,0,0,0,0
0.401,0.523598775598299,0.578078272758778,0.581598746398032,-0.104301107686215,-0.00316330973121404,-0.0544794971604791,0.00352047363925378,-0.0211959831356725,-0.0211959831356725,0.00352047363925379,0,0,0,0
0.402,0.523598775598299,0.577972877598029,0.572917378064447,-0.106741020605872,-0.0060098991173907,-0.0543741019997306,-0.00505549953358253,0.00196373183307005,0.00196373183307005,-0.00505549953358251,0,0,0,0
0.403,0.523598775598299,0.577865132332635,0.581104186015336,-0.108248452099856,-0.00035522238771092,-0.0542663567343359,0.00323905368270139,-0.020520167659753,-0.020520167659753,0.00323905368270143,0,0,0,0
0.404,0.523598775598299,0.577756463593721,0.569659589645361,-0.109409549943267,-0.00397570050397134,-0.0541576879954226,-0.00809687394836045,0.0100530688984451,0.0100530688984451,-0.0080968739483605,0,0,0,0
0.405,0.523598775598299,0.577646777763485,0.577382273343859,-0.109298114588758,0.00352099330205848,-0.0540480021651861,-0.000264504419625444,-0.0112924473898588,-0.0112924473898588,-0.000264504419625437,0,0,0,0
0.406,0.523598775598299,0.577538239234414,0.574865335137649,-0.107971550430912,0.00134846265176479,-0.0539394636361152,-0.00267290409676546,-0.0048353465850853,-0.0048353465850853,-0.00267290409676549,0,0,0,0
0.407,0.523598775598299,0.577430731765599,0.582450662494802,-0.106983193298552,0.00202954608196172,-0.0538319561673006,0.00501993072920237,-0.0256168244646849,-0.0256168244646849,0.00501993072920241,0,0,0,0
0.408,0.523598775598299,0.577323707860296,0.577231936291879,-0.107612895255209,-0.00416147263001213,-0.0537249322619967,-9.17715684169984e-05,-0.0117154422264382,-0.0117154422264382,-9.17715684170192e-05,0,0,0,0
0.409,0.523598775598299,0.577215082448417,0.575641708856354,-0.109582102765837,-0.00353417433376635,-0.0536163068501178,-0.00157337359206267,-0.00775408773070832,-0.00775408773070832,-0.00157337359206263,0,0,0,0
0.41,0.523598775598299,0.577104762002913,0.578874355131322,-0.110909007224784,-0.00184514888956822,-0.0535059864046138,0.00176959312840919,-0.0168092363380056,-0.0168092363380056,0.00176959312840924,0,0,0,0
0.411,0.523598775598299,0.57699321758124,0.576676433748876,-0.112339100845752,-0.00364541101935666,-0.0533944419829407,-0.000316783832363554,-0.0111522247655346,-0.0111522247655346,-0.00031678383236355,0,0,0,0
0.412,0.523598775598299,0.576880015132664,0.583178529629529,-0.114001313441072,-0.00291990976620186,-0.0532812395343647,0.00629851449686547,-0.0289560000594983,-0.0289560000594983,0.00629851449686544,0,0,0,0
0.413,0.523598775598299,0.576764757613064,0.581390572621947,-0.116969783270467,-0.00807329180460751,-0.0531659820147653,0.00462581500888337,-0.0242496336491576,-0.0242496336491576,0.00462581500888342,0,0,0,0
0.414,0.523598775598299,0.576645512509161,0.577854652701301,-0.121660686734868,-0.00966394175905328,-0.0530467369108617,0.00120914019214091,-0.0149142507776875,-0.0149142507776875,0.0012091401921409,0,0,0,0
0.415,0.523598775598299,0.576521522131583,0.579405769639746,-0.126133310101724,-0.00756219473092082,-0.0529227465332839,0.00288424750816341,-0.0193787711196847,-0.0193787711196847,0.0028842475081634,0,0,0,0
0.416,0.523598775598299,0.57639341052257,0.570407421289699,-0.130090576752273,-0.00757572473948287,-0.0527946349242712,-0.0059859892328713,0.0045657060877248,0.0045657060877248,-0.00598598923287126,0,0,0,0
0.417,0.523598775598299,0.576262107410316,0.582068198347237,-0.131835421956938,0.000101399839293587,-0.052663331812017,0.00580609093692142,-0.0273308852941155,-0.0273308852941155,0.00580609093692141,0,0,0,0
0.418,0.523598775598299,0.576129808027446,0.575739037107031,-0.133237678311532,-0.00525596367767166,-0.0525310324291475,-0.000390770920414951,-0.0104581089610498,-0.0104581089610498,-0.000390770920414928,0,0,0,0
0.419,0.523598775598299,0.575995421122617,0.576796489288825,-0.135349948783311,-0.00315715074004913,-0.052396645524318,0.00080106816620773,-0.0136643507162907,-0.0136643507162907,0.000801068166207698,0,0,0,0
0.42,0.523598775598299,0.575859305717485,0.573461686161916,-0.136852008955941,-0.00283367466389046,-0.0522605301191857,-0.00239761955556839,-0.00502504607447118,-0.00502504607447118,-0.0023976195555684,0,0,0,0
0.421,0.523598775598299,0.575722039720185,0.57625105014469,-0.137416582802555,0.000139294880243632,-0.0521232641218861,0.000529010424505483,-0.0129601242682439,-0.0129601242682439,0.000529010424505489,0,0,0,0
0.422,0.523598775598299,0.575584638451596,0.572925903353067,-0.137446027256795,-0.000538973462245019,-0.0519858628532972,-0.00265873509852865,-0.00435745314880004,-0.00435745314880004,-0.0026587350985286,0,0,0,0
0.423,0.523598775598299,0.575447325133839,0.585027884319072,-0.136976027271467,0.00177145945032056,-0.0518485495355401,0.00958055918523282,-0.0373322302142229,-0.0373322302142229,0.00958055918523286,0,0,0,0
0.424,0.523598775598299,0.575309964731208,0.578948173670055,-0.138545490251098,-0.00727096682794505,-0.0517111891329095,0.00363820893884637,-0.021010949845076,-0.021010949845076,0.00363820893884636,0,0,0,0
0.425,0.523598775598299,0.575169491337809,0.576177987341459,-0.142429914454915,-0.00759993235772355,-0.0515707157395103,0.00100849600364983,-0.0138064003729086,-0.0138064003729086,0.00100849600364982,0,0,0,0
0.426,0.523598775598299,0.575025297468739,0.567742630455671,-0.145764360770977,-0.00542077069073952,-0.0514265218704401,-0.00728266701306746,0.00852684688421165,0.00852684688421165,-0.0072826670130675,0,0,0,0
0.427,0.523598775598299,0.574878982747282,0.563967594215371,-0.146112681699217,0.00307331681785761,-0.0512802071489831,-0.0109113885319108,0.0180429922544054,0.0180429922544054,-0.0109113885319107,0,0,0,0
0.428,0.523598775598299,0.574734560945875,0.57126422666244,-0.142002820928868,0.0112997897521803,-0.0511357853475758,-0.00347033428343424,-0.00231624448627993,-0.00231624448627993,-0.00347033428343428,0,0,0,0
0.429,0.523598775598299,0.574595471230351,0.576250942516446,-0.136311504241968,0.00978543166553533,-0.050996695632052,0.00165547128609489,-0.0161942907316677,-0.0161942907316677,0.00165547128609489,0,0,0,0
0.43,0.523598775598299,0.574461271754681,0.582973431710595,-0.132572279425926,0.00431731594526874,-0.0508624961563822,0.00851215995591448,-0.0345558350241867,-0.0345558350241867,0.00851215995591443,0,0,0,0
0.431,0.523598775598299,0.574328971538867,0.578493674984191,-0.132848384392701,-0.00494353655876241,-0.0507301959405678,0.00416470344532405,-0.0225734634798889,-0.0225734634798889,0.00416470344532403,0,0,0,0
0.432,0.523598775598299,0.574194660852177,0.581753985452246,-0.135938209801728,-0.00681355069651048,-0.0505958852538781,0.0075593246000687,-0.0315585157949507,-0.0315585157949507,0.0075593246000687,0,0,0,0
0.433,0.523598775598299,0.574056558011797,0.569462482868958,-0.140613479905736,-0.0107270613244995,-0.0504577824134983,-0.00459407514283894,0.00136737197170517,0.00136737197170517,-0.00459407514283898,0,0,0,0
0.434,0.523598775598299,0.573913941502382,0.580537112826631,-0.143897090281357,-0.00257556499081314,-0.0503151659040827,0.00662317132424961,-0.0289430880135686,-0.0289430880135686,0.00662317132424964,0,0,0,0
0.435,0.523598775598299,0.573768952841748,0.571133980817733,-0.146480712356674,-0.00710090999180652,-0.0501701772434493,-0.00263497202401464,-0.00381820986947773,-0.00381820986947773,-0.00263497202401466,0,0,0,0
0.436,0.523598775598299,0.573621149692687,0.576906890238484,-0.148660059138539,-0.00184839917651096,-0.0500223740943877,0.00328574054579744,-0.0198147713034744,-0.0198147713034744,0.00328574054579746,0,0,0,0
0.437,0.523598775598299,0.573471866501944,0.574492493846084,-0.15006510118786,-0.00364313783531445,-0.0498730909036454,0.00102062734413977,-0.0135966585688635,-0.0135966585688635,0.00102062734413973,0,0,0,0
0.438,0.523598775598299,0.57332096927641,0.571366803252815,-0.151648890365065,-0.00273714145097151,-0.0497221936781116,-0.00195416602359533,-0.0055507696303909,-0.0055507696303909,-0.00195416602359532,0,0,0,0
0.439,0.523598775598299,0.573168954178559,0.577462275216726,-0.152102778771478,0.000406742452616199,-0.0495701785802597,0.00429332103816737,-0.0223944152015936,-0.0223944152015936,0.00429332103816742,0,0,0,0
0.44,0.523598775598299,0.573016671361369,0.571765073053934,-0.152763780404873,-0.00299170231760584,-0.0494178957630707,-0.00125159830743582,-0.00732259691980808,-0.00732259691980808,-0.00125159830743586,0,0,0,0
0.441,0.523598775598299,0.572863430395995,0.575811577345125,-0.153478066276702,-0.000282228329692885,-0.0492646547976966,0.00294814694912926,-0.0186387607079484,-0.0186387607079484,0.00294814694912921,0,0,0,0
0.442,0.523598775598299,0.572709737754708,0.568945716008369,-0.154076041796007,-0.00218917453954096,-0.0491109621564096,-0.00376402174633961,-0.000477657873470969,-0.000477657873470969,-0.00376402174633966,0,0,0,0
0.443,0.523598775598299,0.572555588051645,0.571771233435401,-0.153815947795731,0.00241095803069883,-0.0489568124533459,-0.000784354616243377,-0.00860259235140043,-0.00860259235140043,-0.000784354616243328,0,0,0,0
0.444,0.523598775598299,0.572402490855683,0.569126340583842,-0.152357609458288,0.00264838517480573,-0.0488037152573838,-0.00327615027184069,-0.00191578697556316,-0.00191578697556316,-0.00327615027184074,0,0,0,0
0.445,0.523598775598299,0.57225111357314,0.572606222356798,-0.15020001280745,0.00487513280972698,-0.0486523379748408,0.000355108783658076,-0.0117767813560257,-0.0117767813560257,0.000355108783658051,0,0,0,0
0.446,0.523598775598299,0.572102084103725,0.575123929988107,-0.148019928568102,0.00306070515481448,-0.0485033085054264,0.00302184588438181,-0.0189209552668807,-0.0189209552668807,0.00302184588438181,0,0,0,0
0.447,0.523598775598299,0.57195458822784,0.573710534549332,-0.14727571414809,-0.000369104376104574,-0.0483558126295416,0.00175594632149201,-0.0154071704048349,-0.0154071704048349,0.00175594632149205,0,0,0,0
0.448,0.523598775598299,0.571807162579287,0.575435418994707,-0.147664698698252,-0.00137581030006042,-0.0482083869809884,0.00362825641541953,-0.0203765715465337,-0.0203765715465337,0.00362825641541949,0,0,0,0
0.449,0.523598775598299,0.571658962016368,0.570298908314407,-0.148929439488149,-0.00355683385661615,-0.0480601864180696,-0.00136005370196102,-0.00684147841424845,-0.00684147841424845,-0.00136005370196099,0,0,0,0
0.45,0.523598775598299,0.571509430613656,0.568282069077458,-0.149868962230129,-0.000573131026114395,-0.0479106550153574,-0.00322736153619829,-0.00186985416613067,-0.00186985416613067,-0.00322736153619834,0,0,0,0
0.451,0.523598775598299,0.571359800837919,0.574248065400091,-0.149087203923634,0.00285327552060757,-0.0477610252396206,0.00288826456217195,-0.0184169424832632,-0.0184169424832632,0.00288826456217193,0,0,0,0
0.452,0.523598775598299,0.571211209332456,0.56890431334357,-0.148376038410729,-0.000309467356219763,-0.0476124337341576,-0.00230689598888645,-0.0043487917115187,-0.0043487917115187,-0.00230689598888647,0,0,0,0
0.453,0.523598775598299,0.571063049974222,0.566644626749934,-0.147721229249136,0.00219168279218679,-0.0474642743759229,-0.00441842322428743,0.00124537817356722,0.00124537817356722,-0.00441842322428745,0,0,0,0
0.454,0.523598775598299,0.570916291538308,0.571996699573532,-0.145504740650169,0.00547931933333749,-0.047317515940009,0.00108040803522469,-0.0136890186667208,-0.0136890186667208,0.00108040803522468,0,0,0,0
0.455,0.523598775598299,0.570772021333224,0.571076510659204,-0.143281602044573,0.00270609580734407,-0.0471732457349251,0.000304489325979707,-0.0115674394925376,-0.0115674394925376,0.000304489325979711,0,0,0,0
0.456,0.523598775598299,0.57062940189734,0.561528530634284,-0.14205335957999,0.0016230954020061,-0.0470306262990415,-0.00910087126305603,0.0137149574783703,0.0137149574783703,-0.00910087126305604,0,0,0,0
0.457,0.523598775598299,0.57048855978616,0.570478471307071,-0.138983402617256,0.00893756995137793,-0.046889784187861,-1.00884790891209e-05,-0.0110480091741564,-0.0110480091741564,-1.00884790891572e-05,0,0,0,0
0.458,0.523598775598299,0.570351665308743,0.565051347359239,-0.135110913555211,0.00549588608966221,-0.0467528897104442,-0.00530031794950359,0.0031601428096467,0.0031601428096467,-0.00530031794950364,0,0,0,0
0.459,0.523598775598299,0.570218295996262,0.582015789174755,-0.131424967983042,0.00779043178546011,-0.0466195203979629,0.0117974931784933,-0.0429984760866245,-0.0429984760866245,0.0117974931784933,0,0,0,0
0.46,0.523598775598299,0.570087665617078,0.568408288803942,-0.131014764926963,-0.00551959103826481,-0.046488890018779,-0.00167937681313624,-0.00638470158778319,-0.00638470158778319,-0.00167937681313626,0,0,0,0
0.461,0.523598775598299,0.569955563942476,0.564826763882582,-0.132884081364454,-0.0020845722876132,-0.046356788344177,-0.00512880005989347,0.00279646891902018,0.00279646891902018,-0.00512880005989342,0,0,0,0
0.462,0.523598775598299,0.569822672973861,0.576608084993756,-0.132449737214405,0.00297535112179327,-0.0462238973755623,0.00678541201989491,-0.0294309040684527,-0.0294309040684527,0.00678541201989494,0,0,0,0
0.463,0.523598775598299,0.569690350715947,0.568969890361224,-0.132825421800816,-0.00414518876981402,-0.0460915751176481,-0.000720460354722396,-0.00904121470323951,-0.00904121470323951,-0.00072046035472243,0,0,0,0
0.464,0.523598775598299,0.569556673300656,0.570413052527927,-0.134342593751031,-0.00203833615742276,-0.0459578977023568,0.000856379227270998,-0.0133302060092299,-0.0133302060092299,0.000856379227271031,0,0,0,0
0.465,0.523598775598299,0.569421828360399,0.563187408599281,-0.135349779942522,-0.00206800593640889,-0.0458230527621002,-0.00623441976111783,0.00573671284365973,0.00573671284365973,-0.00623441976111786,0,0,0,0
0.466,0.523598775598299,0.56928657555547,0.565542140258701,-0.13462028764304,0.00397937757219965,-0.0456877999571714,-0.00374443529676927,-0.00119361433063012,-0.00119361433063012,-0.00374443529676931,0,0,0,0
0.467,0.523598775598299,0.569153211509857,0.567395251391321,-0.131976139161752,0.00546986609377407,-0.0455544359115584,-0.00175796011853602,-0.00668001151612918,-0.00668001151612918,-0.00175796011853603,0,0,0,0
0.468,0.523598775598299,0.569022650746111,0.56241667819555,-0.129224761184537,0.00457790220595275,-0.0454238751478122,-0.00660597255056083,0.00626991219904727,0.00626991219904727,-0.0066059725505608,0,0,0,0
0.469,0.523598775598299,0.568895039537616,0.570632195808317,-0.125689341725552,0.00806411496942443,-0.0452962639393171,0.00173715627070126,-0.0164086620471104,-0.0164086620471104,0.00173715627070125,0,0,0,0
0.47,0.523598775598299,0.568771032049602,0.577792502453426,-0.122781134185756,0.00292590747400033,-0.0451722564513036,0.00902147040382384,-0.0359511579656216,-0.0359511579656216,0.00902147040382381,0,0,0,0
0.471,0.523598775598299,0.568648133140297,0.574434742866435,-0.123850181896931,-0.00648590832884412,-0.0450493575419986,0.00578660972613765,-0.0269722775324444,-0.0269722775324444,0.00578660972613768,0,0,0,0
0.472,0.523598775598299,0.568522303603521,0.572616809643928,-0.128064646986643,-0.00937975786215573,-0.0449235280052218,0.00409450604040729,-0.0222566735648616,-0.0222566735648616,0.00409450604040733,0,0,0,0
0.473,0.523598775598299,0.568391760195101,0.56248450285755,-0.133036745019218,-0.0095518239443,-0.0447929845968021,-0.00590725733755093,0.00473953991339428,0.00473953991339428,-0.00590725733755091,0,0,0,0
0.474,0.523598775598299,0.568257073711044,0.572571227260162,-0.135576588140452,-0.000979369789562086,-0.0446582981127448,0.00431415354911868,-0.0229609642969671,-0.0229609642969671,0.00431415354911873,0,0,0,0
0.475,0.523598775598299,0.568120935386911,0.568014635629435,-0.137006293617034,-0.00443891121269668,-0.044522159788612,-0.000106299757476114,-0.010939268107673,-0.010939268107673,-0.000106299757476062,0,0,0,0
0.476,0.523598775598299,0.567982961968646,0.574902528370434,-0.138787488021718,-0.00271361005611866,-0.0443841863703472,0.00691956640178759,-0.029836734645228,-0.029836734645228,0.00691956640178763,0,0,0,0
0.477,0.523598775598299,0.567843008490342,0.566333526813184,-0.14155172816106,-0.00759800439607963,-0.0442442328920428,-0.00150948167715736,-0.00694468658074464,-0.00694468658074464,-0.00150948167715739,0,0,0,0
0.478,0.523598775598299,0.567699907813482,0.567190096380815,-0.144265752783877,-0.0032681748022142,-0.0441011322151831,-0.000509811432667262,-0.0096886452615621,-0.0096886452615621,-0.000509811432667244,0,0,0,0
0.479,0.523598775598299,0.567555002567804,0.568886982518828,-0.145380569443392,-0.00141638690418078,-0.0439562269695053,0.00133197995102419,-0.014653586133057,-0.014653586133057,0.00133197995102413,0,0,0,0
0.48,0.523598775598299,0.567409251384679,0.566451629769727,-0.146158028636865,-0.00182661951338746,-0.0438104757863799,-0.000957621614951609,-0.00844674820518673,-0.00844674820518673,-0.0009576216149516,0,0,0,0
0.481,0.523598775598299,0.567262827676079,0.565842980457127,-0.14653569655672,-9.2004767242364e-05,-0.0436640520777801,-0.00141984721895161,-0.00723067547742295,-0.00723067547742295,-0.0014198472189516,0,0,0,0
0.482,0.523598775598299,0.567116461863023,0.560932028577088,-0.146066909494508,0.00136534219143148,-0.0435176862647239,-0.0061844332859351,0.00553456712181907,0.00553456712181907,-0.00618443328593505,0,0,0,0
0.483,0.523598775598299,0.566971300052107,0.569349514850689,-0.143820820335192,0.00628996383261372,-0.0433725244538087,0.00237821479858102,-0.0176870592500645,-0.0176870592500645,0.002378214798581,0,0,0,0
0.484,0.523598775598299,0.566828767529739,0.56602527605679,-0.141633928856365,0.00189349803084163,-0.0432299919314406,-0.000803491472949336,-0.0090428352440473,-0.0090428352440473,-0.000803491472949357,0,0,0,0
0.485,0.523598775598299,0.566687685403486,0.566477882165944,-0.140531371006952,0.0018833391846153,-0.0430889098051871,-0.000209803237541606,-0.0106635220649504,-0.0106635220649504,-0.00020980323754159,0,0,0,0
0.486,0.523598775598299,0.566547649085513,0.572728834373981,-0.139589890202183,0.00133578160026925,-0.0429488734872138,0.00618118528846856,-0.0278463360769671,-0.0278463360769671,0.00618118528846853,0,0,0,0
0.487,0.523598775598299,0.566407882941455,0.561210528357816,-0.140456227572809,-0.00446667290067227,-0.042809107343156,-0.00519735458363912,0.00295334686744834,0.00295334686744834,-0.00519735458363912,0,0,0,0
0.488,0.523598775598299,0.566266902644871,0.556218404055571,-0.140952982345804,0.00175770281064368,-0.042668127046572,-0.0100484985892999,0.0158080384571694,0.0158080384571694,-0.0100484985892999,0,0,0,0
0.489,0.523598775598299,0.566127254708141,0.56286262849384,-0.137643822662101,0.00965519721557675,-0.0425284791098419,-0.00326462621430101,-0.00277394858885453,-0.00277394858885453,-0.00326462621430101,0,0,0,0
0.49,0.523598775598299,0.565992121569946,0.559184292117706,-0.132723430227003,0.00852260489357674,-0.0423933459716477,-0.00680782945224034,0.0066388580874711,0.0066388580874711,-0.00680782945224035,0,0,0,0
0.491,0.523598775598299,0.565861933952848,0.570889302498351,-0.127460889969616,0.0106859782143137,-0.0422631583545496,0.00502736854550245,-0.0254134483273888,-0.0254134483273888,0.0050273685455025,0,0,0,0
0.492,0.523598775598299,0.565736473676814,0.56913348174328,-0.124253863194434,0.00172427978442203,-0.0421376980785151,0.0033970080664657,-0.0208647221767364,-0.0208647221767364,0.00339700806646576,0,0,0,0
0.493,0.523598775598299,0.565612309208613,0.566546945656132,-0.124440844288127,-0.00240556443861286,-0.0420135336103146,0.000934636447518566,-0.0141466840878078,-0.0141466840878078,0.00093463644751853,0,0,0,0
0.494,0.523598775598299,0.565487227993587,0.570067960015716,-0.125756562812723,-0.00280244379174524,-0.0418884523952884,0.00458073202212927,-0.0239340338628411,-0.0239340338628411,0.00458073202212924,0,0,0,0
0.495,0.523598775598299,0.565360434583456,0.567197714372635,-0.12812314035689,-0.00611267237684814,-0.041761658985157,0.00183727978917914,-0.0164170018527106,-0.0164170018527106,0.00183727978917912,0,0,0,0
0.496,0.523598775598299,0.565230763466111,0.561417827420306,-0.131182059282708,-0.00569916765924082,-0.0416319878678117,-0.00381293604580468,-0.00118085094512797,-0.00118085094512797,-0.00381293604580463,0,0,0,0
0.497,0.523598775598299,0.56509861861087,0.570544188034821,-0.132650651548346,-0.000541852717385137,-0.0414998430125715,0.00544556942395114,-0.0262073897681359,-0.0262073897681359,0.00544556942395115,0,0,0,0
0.498,0.523598775598299,0.564965395023024,0.567912494375797,-0.13421540932422,-0.00527343766257208,-0.0413666194247255,0.00294709935277315,-0.0193029620031371,-0.0193029620031371,0.00294709935277316,0,0,0,0
0.499,0.523598775598299,0.564829749377603,0.5711958780204,-0.137134970911897,-0.0059449689941704,-0.0412309737793038,0.0063661286427974,-0.028390617906462,-0.028390617906462,0.00636612864279737,0,0,0,0
0.5,0.523598775598299,0.564690751720304,0.564537223892544,-0.141144677160886,-0.00916115690471905,-0.0410919761220049,-0.000153527827759903,-0.0106409328725287,-0.0106409328725287,-0.000153527827759904,0,0,0,0
0.501,0.523598775598299,0.564547583127341,0.559346984523127,-0.144859483467021,-0.00540690824763165,-0.0409488075290424,-0.00520059860421462,0.00292691034634934,0.00292691034634934,-0.00520059860421458,0,0,0,0
0.502,0.523598775598299,0.564401996694176,0.568398970969098,-0.145720545929764,0.00128492982854919,-0.0408032210958776,0.00399697427492196,-0.0219594004358036,-0.0219594004358036,0.00399697427492194,0,0,0,0
0.503,0.523598775598299,0.564256292083766,0.56099223119358,-0.146021899899366,-0.00247764147374579,-0.040657516485467,-0.00326406089018594,-0.00228082616139076,-0.00228082616139076,-0.00326406089018591,0,0,0,0
0.504,0.523598775598299,0.564110050555098,0.560639894408579,-0.146112461286186,0.00145900714439673,-0.0405112749567995,-0.00347015614651947,-0.00182055916726036,-0.00182055916726036,-0.00347015614651945,0,0,0,0
0.505,0.523598775598299,0.563964632015871,0.563063373126373,-0.144498126757192,0.00401852678020219,-0.0403658564175725,-0.000901258889498768,-0.00882307982685841,-0.00882307982685841,-0.000901258889498808,0,0,0,0
0.506,0.523598775598299,0.563821185986834,0.570170029743635,-0.142455436854167,0.00332721448337111,-0.0402224103885347,0.00634884375680111,-0.0283179951001333,-0.0283179951001333,0.00634884375680107,0,0,0,0
0.507,0.523598775598299,0.563679002221453,0.565561415566563,-0.142501178143643,-0.00332362564473285,-0.0400802266231537,0.00188241334511041,-0.0160710909788489,-0.0160710909788489,0.00188241334511039,0,0,0,0
0.508,0.523598775598299,0.563535641919481,0.562002687213614,-0.144236312247083,-0.00351689549891534,-0.0399368663211825,-0.00153295470586723,-0.00680976015606963,-0.00680976015606963,-0.0015329547058672,0,0,0,0
0.509,0.523598775598299,0.563390800325389,0.562727023029977,-0.145193481262158,-0.000657511480375076,-0.0397920247270905,-0.000663777295412116,-0.00918100796321719,-0.00918100796321719,-0.000663777295412158,0,0,0,0
0.51,0.523598775598299,0.56324558207792,0.563405942868897,-0.145152264943988,0.000367105515475294,-0.0396468064796216,0.000160360790976366,-0.0113970879785354,-0.0113970879785354,0.000160360790976337,0,0,0,0
0.511,0.523598775598299,0.563100568738033,0.566169580742697,-0.144881131397164,0.000291685012244195,-0.0395017931397345,0.0030690120046637,-0.0191860524161488,-0.0191860524161488,0.00306901200466371,0,0,0,0
0.512,0.523598775598299,0.562955562121216,0.561663502574758,-0.145355286102523,-0.00222878101116535,-0.0393567865229176,-0.00129205954645795,-0.00733418516544834,-0.00733418516544834,-0.00129205954645797,0,0,0,0
0.513,0.523598775598299,0.562809882241117,0.566620611793951,-0.145807555375467,-6.24864046635957e-06,-0.0392111066428186,0.00381072955283379,-0.0210722914917271,-0.0210722914917271,0.00381072955283381,0,0,0,0
0.514,0.523598775598299,0.562663824161597,0.566017576256102,-0.146572370664725,-0.00298533808446886,-0.0390650485632984,0.00335375209450439,-0.0196858800279004,-0.0196858800279004,0.00335375209450439,0,0,0,0
0.515,0.523598775598299,0.562516367197149,0.563326568938105,-0.148462323501364,-0.00435163550163619,-0.0389175915988501,0.000810201740956473,-0.0127079294976076,-0.0127079294976076,0.00081020174095647,0,0,0,0
0.516,0.523598775598299,0.562366934526812,0.561443107264748,-0.150276873039658,-0.00293020766324403,-0.0387681589285135,-0.000923827262063859,-0.00799278713914973,-0.00799278713914973,-0.000923827262063912,0,0,0,0
0.517,0.523598775598299,0.562216166183574,0.563114545908562,-0.151046217191061,-0.000519864793058302,-0.0386173905852747,0.000898379724988185,-0.0128928809762518,-0.0128928809762518,0.000898379724988135,0,0,0,0
0.518,0.523598775598299,0.562065025954741,0.560959351904639,-0.151239200959698,-0.000576160331840605,-0.038466250356442,-0.00110567405010187,-0.00744237769262056,-0.00744237769262056,-0.00110567405010184,0,0,0,0
0.519,0.523598775598299,0.561913852877517,0.565127975956037,-0.150956679566284,0.00112086165454524,-0.0383150772792179,0.00321412307852009,-0.0190588203568069,-0.0190588203568069,0.00321412307852013,0,0,0,0
0.52,0.523598775598299,0.561762981436179,0.553008287941014,-0.151020694270596,-0.00152664426670393,-0.0381642058378806,-0.00875469349516511,0.0132562403976434,0.0132562403976434,-0.00875469349516513,0,0,0,0
0.521,0.523598775598299,0.561612464078036,0.561424450308883,-0.149251046597396,0.00709003486193581,-0.0380136884797376,-0.000188013769153006,-0.0100441670253634,-0.0100441670253634,-0.000188013769153053,0,0,0,0
0.522,0.523598775598299,0.561464941329504,0.554368346639202,-0.145985122565814,0.00494227802551719,-0.0378661657312054,-0.00709659469030199,0.00855204638726889,0.00855204638726889,-0.00709659469030202,0,0,0,0
0.523,0.523598775598299,0.56132077314223,0.562407232356115,-0.141953867201906,0.00943484965804987,-0.037721997543931,0.00108645921388495,-0.013662846675522,-0.013662846675522,0.0010864592138849,0,0,0,0
0.524,0.523598775598299,0.56118094751068,0.559180596097092,-0.138086524997106,0.00504741859205829,-0.0375821719123808,-0.00200035141358779,-0.00530351202826305,-0.00530351202826305,-0.00200035141358782,0,0,0,0
0.525,0.523598775598299,0.561044240963292,0.554267279971813,-0.135339111356639,0.00490997494916924,-0.0374454653649933,-0.00677696099147873,0.00748073586343695,0.00748073586343695,-0.00677696099147868,0,0,0,0
0.526,0.523598775598299,0.560910647032467,0.562728554800948,-0.131504178383659,0.00880599176377461,-0.0373118714341677,0.00181790776848145,-0.01584531448593,-0.01584531448593,0.00181790776848143,0,0,0,0
0.527,0.523598775598299,0.560781028551595,0.564579506191894,-0.12818494300637,0.00370611660623819,-0.0371822529532966,0.00379847764029828,-0.0210951365248354,-0.0210951365248354,0.00379847764029833,0,0,0,0
0.528,0.523598775598299,0.560653389421705,0.554453777319568,-0.127524856771156,-0.00116497998097165,-0.0370546138234065,-0.00619961210213726,0.005912321839512,0.005912321839512,-0.00619961210213723,0,0,0,0
0.529,0.523598775598299,0.560526150846295,0.567711586277872,-0.126460416832819,0.0043899303686975,-0.0369273752479964,0.00718543543157679,-0.0302816691412274,-0.0302816691412274,0.00718543543157681,0,0,0,0
0.53,0.523598775598299,0.560400096787676,0.558645251740983,-0.126364261788277,-0.00369991451688579,-0.0368013211893768,-0.00175484504669277,-0.00599858888712637,-0.00599858888712637,-0.00175484504669274,0,0,0,0
0.531,0.523598775598299,0.560273059942681,0.560553025719933,-0.127467075661359,-0.000965416439131742,-0.036674284344382,0.0002799657772522,-0.0115315206387633,-0.0115315206387633,0.000279965777252234,0,0,0,0
0.532,0.523598775598299,0.560145372680649,0.565330292653746,-0.127911795905567,-0.00101517173260155,-0.0365465970823499,0.00518491997309711,-0.0247026097335025,-0.0247026097335025,0.00518491997309707,0,0,0,0
0.533,0.523598775598299,0.56001681392561,0.568337025281607,-0.129576754386338,-0.00520673757902978,-0.0364180383273107,0.00832021135599792,-0.0329435436562512,-0.0329435436562512,0.00832021135599792,0,0,0,0
0.534,0.523598775598299,0.559885377338316,0.55594892123495,-0.133750773880987,-0.0103427047505778,-0.0362866017400172,-0.00393645610336602,0.000295825889863335,0.000295825889863335,-0.00393645610336604,0,0,0,0
0.535,0.523598775598299,0.559749657729842,0.561867515093366,-0.137024650859364,-0.00285342587784918,-0.0361508821315434,0.00211785736352399,-0.0161056707376419,-0.0161056707376419,0.00211785736352404,0,0,0,0
0.536,0.523598775598299,0.55961186452359,0.567216158305053,-0.138608063280888,-0.00337856446971712,-0.0360130889252913,0.00760429378146277,-0.0307577954776583,-0.0307577954776583,0.00760429378146273,0,0,0,0
0.537,0.523598775598299,0.559471909009079,0.559903700699517,-0.141738603065043,-0.00830164708196325,-0.0358731334107797,0.000431791690438055,-0.0111910112898489,-0.0111910112898489,0.000431791690438027,0,0,0,0
0.538,0.523598775598299,0.559328327013149,0.558182440153463,-0.145136003738652,-0.00503961792433653,-0.0357295514148498,-0.00114588685968553,-0.00691113497273539,-0.00691113497273539,-0.00114588685968559,0,0,0,0
0.539,0.523598775598299,0.559182237461948,0.552144887567284,-0.146738187561059,-0.00159958710411673,-0.0355834618636489,-0.00703734989466387,0.00891536132923811,0.00891536132923811,-0.00703734989466387,0,0,0,0
0.54,0.523598775598299,0.559035836363506,0.56447164886107,-0.145429877044598,0.00556175377197622,-0.0354370607652068,0.00543581249756431,-0.0248191814354647,-0.0248191814354647,0.00543581249756432,0,0,0,0
0.541,0.523598775598299,0.558891307507784,0.561019776787188,-0.144188928380923,-0.000771131903004915,-0.0352925319094856,0.00212846927940324,-0.0156998266970442,-0.0156998266970442,0.00212846927940322,0,0,0,0
0.542,0.523598775598299,0.558746858764391,0.553151523090753,-0.144798985918034,-0.00179298176379082,-0.035148083166092,-0.00559533567363812,0.00516771515310152,0.00516771515310152,-0.00559533567363807,0,0,0,0
0.543,0.523598775598299,0.558602228600089,0.562110412512241,-0.143930019584963,0.00420697795392265,-0.0350034530017902,0.00350818391215235,-0.0194626411358314,-0.0194626411358314,0.00350818391215232,0,0,0,0
0.544,0.523598775598299,0.558459055475814,0.560899314913436,-0.142783886846593,5.78458864132015e-05,-0.0348602798775155,0.00244025943762138,-0.0164329415572308,-0.0164329415572308,0.00244025943762134,0,0,0,0
0.545,0.523598775598299,0.558316173811306,0.558677564260405,-0.14312207721385,-0.00155301714297876,-0.0347173982130073,0.000361390449098997,-0.0107279775476193,-0.0107279775476193,0.000361390449099027,0,0,0,0
0.546,0.523598775598299,0.558172767652755,0.553153095438407,-0.14361674175118,-0.000723969309675114,-0.0345739920544565,-0.00501967221434829,0.00377907893838179,0.00377907893838179,-0.00501967221434824,0,0,0,0
0.547,0.523598775598299,0.558029516469109,0.552147395480657,-0.142432646142856,0.00439196480505631,-0.0344307408708102,-0.00588212098845153,0.00595397802206019,0.00595397802206019,-0.00588212098845148,0,0,0,0
0.548,0.523598775598299,0.557888682755465,0.559537548369456,-0.138899313739513,0.00818473591565789,-0.0342899071571665,0.00164886561399114,-0.0144591008252223,-0.0144591008252223,0.0016488656139911,0,0,0,0
0.549,0.523598775598299,0.557751592340344,0.550471186648221,-0.135656857182334,0.00395203221706394,-0.0341528167420452,-0.00728040569212296,0.00962983844994163,0.00962983844994163,-0.007280405692123,0,0,0,0
0.55,0.523598775598299,0.55761753086703,0.559097356787514,-0.132027602352505,0.00890804228023015,-0.0340187552687312,0.00147982592048379,-0.0141465968909353,-0.0141465968909353,0.00147982592048381,0,0,0,0
0.551,0.523598775598299,0.5574874675006,0.557044010197771,-0.128505981326487,0.00432001034605337,-0.0338886919023015,-0.000443457302829242,-0.00890327485014442,-0.00890327485014442,-0.000443457302829262,0,0,0,0
0.552,0.523598775598299,0.557360034110612,0.556027131325643,-0.12647078379381,0.00308135114021763,-0.0337612585123127,-0.00133290278496889,-0.00651394575332113,-0.00651394575332113,-0.0013329027849689,0,0,0,0
0.553,0.523598775598299,0.557234422896086,0.559072081725381,-0.124756605652605,0.00302793810534977,-0.0336356472977869,0.00183765882929499,-0.015071190332846,-0.015071190332846,0.00183765882929502,0,0,0,0
0.554,0.523598775598299,0.557110238035274,0.55463485640238,-0.123860084036228,0.000241018979925617,-0.0335114624369754,-0.00247538163289451,-0.0034051040619739,-0.0034051040619739,-0.00247538163289447,0,0,0,0
0.555,0.523598775598299,0.556986679953975,0.553676907533793,-0.123082069665081,0.00220675787147178,-0.0333879043556758,-0.00330977242018149,-0.00124222363484794,-0.00124222363484794,-0.00330977242018146,0,0,0,0
0.556,0.523598775598299,0.556864414859869,0.552051315048993,-0.121282763723856,0.00407633513826673,-0.0332656392615704,-0.0048130998108763,0.00269039753749094,0.00269039753749094,-0.00481309981087631,0,0,0,0
0.557,0.523598775598299,0.556744495154689,0.557714628795594,-0.118349296316673,0.00642175587569113,-0.0331457195563898,0.000970133640905257,-0.0130145757268202,-0.0130145757268202,0.000970133640905236,0,0,0,0
0.558,0.523598775598299,0.556627539121272,0.557146224489976,-0.115883086965408,0.00280910385820357,-0.0330287635229733,0.000518685368703919,-0.0117614583252841,-0.0117614583252841,0.000518685368703924,0,0,0,0
0.559,0.523598775598299,0.5565122571165,0.552697522379019,-0.114847444302777,0.000930635487284713,-0.0329134815182015,-0.00381473473748117,-9.54374235478395e-05,-9.54374235478395e-05,-0.00381473473748122,0,0,0,0
0.56,0.523598775598299,0.556397948009586,0.557615108842734,-0.113547855061243,0.00344930708588695,-0.0327991724112874,0.00121716083314827,-0.0137543555900475,-0.0137543555900475,0.00121716083314823,0,0,0,0
0.561,0.523598775598299,0.556285077658207,0.559219453456848,-0.112442506533767,0.000632324630110048,-0.032686302059908,0.00293437579864086,-0.0183267720727758,-0.0183267720727758,0.0029343757986409,0,0,0,0
0.562,0.523598775598299,0.556172521722275,0.554749032985914,-0.112952912207602,-0.00256969558116053,-0.0325737461239759,-0.00142348873636022,-0.00651289102885914,-0.00651289102885914,-0.00142348873636021,0,0,0,0
0.563,0.523598775598299,0.556059099576483,0.553723577385427,-0.113732380117134,-0.000775768921304302,-0.0324603239781838,-0.00233552219105593,-0.00411315873397666,-0.00411315873397666,-0.00233552219105595,0,0,0,0
0.564,0.523598775598299,0.555945385664565,0.548583890112223,-0.113529056740554,0.00110305007469756,-0.032346610066266,-0.00736149555234178,0.00931556940225241,0.00931556940225241,-0.00736149555234181,0,0,0,0
0.565,0.523598775598299,0.555832728263046,0.552854336263371,-0.111307771280954,0.00650275221149395,-0.0322339526647467,-0.00297839199967498,-0.0027187907555659,-0.0027187907555659,-0.00297839199967498,0,0,0,0
0.566,0.523598775598299,0.555723137803531,0.552421344093681,-0.107923282382146,0.00594184488052445,-0.0321243622052318,-0.00330179370984951,-0.00194814936506339,-0.00194814936506339,-0.00330179370984948,0,0,0,0
0.567,0.523598775598299,0.555616818466796,0.546802518106274,-0.104732222304803,0.00575664144245453,-0.0320180428684967,-0.00881430036052155,0.0127538760002691,0.0127538760002691,-0.00881430036052154,0,0,0,0
0.568,0.523598775598299,0.555514103890872,0.546646620698416,-0.100302214021324,0.0102196795625582,-0.0319153282925727,-0.008867483192456,0.012585850463229,0.012585850463229,-0.00886748319245596,0,0,0,0
0.569,0.523598775598299,0.555416820225137,0.559064022038489,-0.0940384617298153,0.0127880901884286,-0.0318180446268385,0.00364720181335165,-0.0213653213994369,-0.0213653213994369,0.00364720181335162,0,0,0,0
0.57,0.523598775598299,0.555325294641141,0.552421374761618,-0.0898405900069749,0.00344761111637752,-0.0317265190428421,-0.0029039198795231,-0.00363985803590922,-0.00363985803590922,-0.00290391987952312,0,0,0,0
0.571,0.523598775598299,0.555236383263381,0.566124787410748,-0.0880012625608114,0.00323478411544789,-0.0316376076650818,0.0108884041473677,-0.0408322932563358,-0.0408322932563358,0.0108884041473677,0,0,0,0
0.572,0.523598775598299,0.555148080718835,0.547985951132542,-0.0896628436247016,-0.00872404727738411,-0.0315493051205358,-0.0071621295862927,0.00804358387624575,0.00804358387624575,-0.00716212958629275,0,0,0,0
0.573,0.523598775598299,0.555056937432666,0.551800035716908,-0.0918971606491111,-0.000524457275814904,-0.031458161834367,-0.00325690171575743,-0.00272760354727973,-0.00272760354727973,-0.00325690171575746,0,0,0,0
0.574,0.523598775598299,0.554965097417796,0.556068712492834,-0.0916352331252665,0.00114275101857234,-0.0313663218194972,0.0011036150750382,-0.0145742288324148,-0.0145742288324148,0.0011036150750382,0,0,0,0
0.575,0.523598775598299,0.554873524415329,0.556171379725453,-0.09175328570226,-0.00159541331467168,-0.0312747488170301,0.00129785531012439,-0.015067112039734,-0.015067112039734,0.0012978553101244,0,0,0,0
0.576,0.523598775598299,0.554781192986954,0.543739665770289,-0.0930715225661995,-0.0034258403879861,-0.0311824173886548,-0.0110415272166647,0.018134471282459,0.018134471282459,-0.0110415272166647,0,0,0,0
0.577,0.523598775598299,0.554688179595592,0.558131263354432,-0.0921201545510009,0.00600395346970518,-0.0310894039972932,0.0034430837588395,-0.0211893958983247,-0.0211893958983247,0.00344308375883948,0,0,0,0
0.578,0.523598775598299,0.554597023583921,0.555093748495369,-0.0907859241912421,-0.000700926232939814,-0.0309982479856223,0.000496724911448143,-0.0131485999056872,-0.0131485999056872,0.000496724911448165,0,0,0,0
0.579,0.523598775598299,0.554505921651696,0.560840825723625,-0.0915590011366317,-0.00229467395382227,-0.0309071460533971,0.00633490407192883,-0.0288259573815211,-0.0288259573815211,0.00633490407192879,0,0,0,0
0.58,0.523598775598299,0.554413189029643,0.555383576906823,-0.0944304787758078,-0.00821764355226085,-0.0308144134313445,0.000970387877179846,-0.0141863370635872,-0.0141863370635872,0.000970387877179823,0,0,0,0
0.581,0.523598775598299,0.554316704095651,0.551196037838835,-0.0984430024828023,-0.00713549819325449,-0.0307179284973522,-0.00312066625681595,-0.00315489646315792,-0.00315489646315792,-0.00312066625681597,0,0,0,0
0.582,0.523598775598299,0.554216814177042,0.556551016434244,-0.100959254988497,-0.00287641817673127,-0.030618038578743,0.00233420225720182,-0.0179149298735622,-0.0179149298735622,0.00233420225720179,0,0,0,0
0.583,0.523598775598299,0.554114920596695,0.55591582799086,-0.103005047759378,-0.00487944591306614,-0.0305161449983965,0.00180090739416472,-0.0163806288865564,-0.0163806288865564,0.00180090739416472,0,0,0,0
0.584,0.523598775598299,0.554010578334286,0.555370823481377,-0.105740147609564,-0.00556854984798543,-0.0304118027359874,0.00136024514709099,-0.015110581390964,-0.015110581390964,0.00136024514709097,0,0,0,0
0.585,0.523598775598299,0.553903391663268,0.555873491396407,-0.108628423403072,-0.00551904871500654,-0.0303046160649687,0.00197009973313989,-0.0166742688688178,-0.0166742688688178,0.0019700997331399,0,0,0,0
0.586,0.523598775598299,0.553793286819163,0.557689900941318,-0.11161557314007,-0.00591090358141346,-0.0301945112208638,0.00389661412215525,-0.0217496052687388,-0.0217496052687388,0.00389661412215521,0,0,0,0
0.587,0.523598775598299,0.553679953354035,0.555728343278867,-0.115207840746523,-0.00768303387992291,-0.0300811777557357,0.00204838992483258,-0.0166064019122169,-0.0166064019122169,0.00204838992483262,0,0,0,0
0.588,0.523598775598299,0.553562796047291,0.555263376247003,-0.119050036863206,-0.00704828993997034,-0.0299640204489926,0.00170058019971131,-0.0155553995929679,-0.0155553995929679,0.00170058019971127,0,0,0,0
0.589,0.523598775598299,0.55344198570853,0.553513879211993,-0.122497629317566,-0.00622919952461605,-0.0298432101102314,7.18935034631496e-05,-0.011066845699216,-0.011066845699216,7.18935034632028e-05,0,0,0,0
0.59,0.523598775598299,0.553318066649489,0.553618583421519,-0.125162013042549,-0.00421823112706256,-0.0297192910511899,0.000300516772030135,-0.0116209882736601,-0.0116209882736601,0.000300516772030112,0,0,0,0
0.591,0.523598775598299,0.553191932406404,0.548048732081456,-0.127006688018427,-0.00309444263368366,-0.0295931568081055,-0.00514320032494853,0.00308436019169529,0.00308436019169529,-0.00514320032494851,0,0,0,0
0.592,0.523598775598299,0.553064680555938,0.550946013613959,-0.12701928873607,0.00229905241408604,-0.0294659049576388,-0.00211866694197838,-0.00515789603803646,-0.00515789603803646,-0.00211866694197835,0,0,0,0
0.593,0.523598775598299,0.552938386710449,0.552556662744773,-0.125507209665278,0.00299220219809583,-0.0293396111121499,-0.000381723965675262,-0.00982980068965185,-0.00982980068965185,-0.000381723965675274,0,0,0,0
0.594,0.523598775598299,0.552813611055989,0.554195357963554,-0.124141153855437,0.00189851802875074,-0.0292148354576905,0.0013817469075651,-0.0145139819956722,-0.0145139819956722,0.00138174690756515,0,0,0,0
0.595,0.523598775598299,0.552689799667904,0.550427890273895,-0.123675520605916,-0.000289893442493108,-0.0290910240696048,-0.00226190939400817,-0.00460617787612312,-0.00460617787612312,-0.00226190939400815,0,0,0,0
0.596,0.523598775598299,0.552566266417298,0.559226988642891,-0.123232821846903,0.00149639049370182,-0.0289674908189989,0.00666072222559344,-0.0286030183698471,-0.0286030183698471,0.00666072222559344,0,0,0,0
0.597,0.523598775598299,0.55244282322702,0.556343886319498,-0.1242308169956,-0.00502237321737199,-0.0288440476287215,0.00390106309247784,-0.0208873894120421,-0.0208873894120421,0.00390106309247785,0,0,0,0
0.598,0.523598775598299,0.552317140772404,0.545388562313293,-0.127268642521512,-0.00654603798838961,-0.0287183651741056,-0.00692857845911188,0.0084188229722849,0.0084188229722849,-0.00692857845911184,0,0,0,0
0.599,0.523598775598299,0.552189008487988,0.546906294178347,-0.128249358129892,0.00188124772005218,-0.0285902328896889,-0.00528271430964022,0.00381817331755535,0.00381817331755535,-0.00528271430964018,0,0,0,0
0.6,0.523598775598299,0.552061676683107,0.557502213775307,-0.126084193105638,0.00561088536435359,-0.0284629010848082,0.00544053709220038,-0.0251153592757098,-0.0251153592757098,0.0054405370922004,0,0,0,0
0.601,0.523598775598299,0.55193643995678,0.554098747591243,-0.125003737696735,-0.00132495093569393,-0.0283376643584816,0.00216230763446246,-0.016041606370623,-0.016041606370623,0.00216230763446244,0,0,0,0
0.602,0.523598775598299,0.551810984213845,0.544452590013406,-0.126031753144696,-0.00272652236108785,-0.0282122086155464,-0.00735839420043904,0.00968897089130428,0.00968897089130428,-0.00735839420043899,0,0,0,0
0.603,0.523598775598299,0.551684997448688,0.544388270072371,-0.125293651463566,0.00459194302652599,-0.0280862218503897,-0.0072967273763177,0.00933143399484982,0.00933143399484982,-0.00729672737631766,0,0,0,0
0.604,0.523598775598299,0.551561406153563,0.55006370429003,-0.121504059682227,0.00894296024234865,-0.0279626305552643,-0.00149770186353304,-0.00644084608356713,-0.00644084608356713,-0.00149770186353307,0,0,0,0
0.605,0.523598775598299,0.551442087947793,0.556216477333472,-0.117347887359411,0.00651584022650286,-0.0278433123494938,0.00477438938567964,-0.0232842815219938,-0.0232842815219938,0.00477438938567967,0,0,0,0
0.606,0.523598775598299,0.551325827037208,0.550826640711052,-0.11578775758867,-0.000411883490895828,-0.027727051438909,-0.000499186326156198,-0.00888397412457001,-0.00888397412457001,-0.000499186326156216,0,0,0,0
0.607,0.523598775598299,0.551209995776388,0.554178518443117,-0.1158500791442,-0.000133284638025592,-0.0276112201780894,0.00296852266672931,-0.0181694865253993,-0.0181694865253993,0.00296852266672935,0,0,0,0
0.608,0.523598775598299,0.551093872214937,0.555862957553737,-0.116642219916665,-0.002902524449655,-0.0274950966166381,0.00476908533880049,-0.0228518106124202,-0.0228518106124202,0.00476908533880051,0,0,0,0
0.609,0.523598775598299,0.550976178436037,0.549810293572521,-0.119024869979664,-0.00606204644579109,-0.0273774028377384,-0.00116588486351643,-0.00668011115752332,-0.00668011115752332,-0.00116588486351638,0,0,0,0
0.61,0.523598775598299,0.550855899132958,0.549445979142497,-0.121245763168565,-0.00281418175840514,-0.027257123534659,-0.0014099199904607,-0.00601030627848581,-0.00601030627848581,-0.00140991999046073,0,0,0,0
0.611,0.523598775598299,0.550734167969088,0.544269302144069,-0.122016466479152,-0.000556235348128138,-0.0271353923707895,-0.00646486582501982,0.0075871678403998,0.0075871678403998,-0.00646486582501983,0,0,0,0
0.612,0.523598775598299,0.55061261397098,0.548063263026732,-0.120585958406743,0.00515383486118192,-0.0270138383726816,-0.00254935094424835,-0.00310011095584277,-0.00310011095584277,-0.00254935094424832,0,0,0,0
0.613,0.523598775598299,0.550493451875537,0.549539949290164,-0.117731885118205,0.00522980883062352,-0.026894676277238,-0.000953502585373189,-0.00741387651714455,-0.00741387651714455,-0.000953502585373147,0,0,0,0
0.614,0.523598775598299,0.550377016552279,0.54312189827012,-0.115262411878585,0.00383752384629426,-0.0267782409539806,-0.00725511828215952,0.00955027550694527,0.00955027550694527,-0.00725511828215954,0,0,0,0
0.615,0.523598775598299,0.550263262460548,0.552795048494498,-0.111851320648752,0.00829603533267842,-0.0266644868622489,0.00253178603395043,-0.0169527837022993,-0.0169527837022993,0.00253178603395044,0,0,0,0
0.616,0.523598775598299,0.550153089097919,0.551462549960186,-0.109005173092334,0.00254504067268556,-0.0265543134996199,0.00130946086226691,-0.0135247549097988,-0.0135247549097988,0.00130946086226696,0,0,0,0
0.617,0.523598775598299,0.550044549240677,0.556450623265515,-0.108296866046005,3.60617131585864e-05,-0.0264457736423779,0.00640607402483861,-0.0271309131918843,-0.0271309131918843,0.00640607402483859,0,0,0,0
0.618,0.523598775598299,0.549935712415052,0.550267304134753,-0.109896057765847,-0.00582895050036779,-0.0263369368167531,0.00033159171970143,-0.0105355028304846,-0.0105355028304846,0.000331591719701393,0,0,0,0
0.619,0.523598775598299,0.549824467025843,0.547898300278836,-0.112443363700976,-0.0041239766027257,-0.0262256914275438,-0.00192616674700674,-0.0044121938643907,-0.0044121938643907,-0.00192616674700679,0,0,0,0
0.62,0.523598775598299,0.549711264588327,0.542325614699655,-0.113691311519547,-0.00107530164876519,-0.0261124889900284,-0.00738564988867263,0.0102429281325867,0.0102429281325867,-0.00738564988867258,0,0,0,0
0.621,0.523598775598299,0.549597977421053,0.552682695415694,-0.112303796852821,0.00546626805734312,-0.0259992018227546,0.00308471799464016,-0.0181042796573136,-0.0181042796573136,0.00308471799464018,0,0,0,0
0.622,0.523598775598299,0.549486670417589,0.552426660669318,-0.110753989049045,0.000458337483961443,-0.0258878948192902,0.00293999025172897,-0.0175512529276121,-0.0175512529276121,0.00293999025172897,0,0,0,0
0.623,0.523598775598299,0.549375782977399,0.543333416255577,-0.111280494176326,-0.00247337852232916,-0.0257770073791,-0.00604236672182157,0.00674454247575026,0.00674454247575026,-0.00604236672182156,0,0,0,0
0.624,0.523598775598299,0.549264469868192,0.546270684518867,-0.110821964620621,0.00344056922799362,-0.0256656942698927,-0.00299378534932504,-0.00161133921895991,-0.00161133921895991,-0.00299378534932507,0,0,0,0
0.625,0.523598775598299,0.549154699768798,0.550662807362435,-0.1086331395259,0.00440459619538418,-0.0255559241704995,0.00150810759363651,-0.0137628492490201,-0.0137628492490201,0.00150810759363651,0,0,0,0
0.626,0.523598775598299,0.549046947880629,0.553707822171204,-0.107164393555824,0.00109029667703948,-0.0254481722823298,0.00466087429057582,-0.0221327384214677,-0.0221327384214677,0.00466087429057584,0,0,0,0
0.627,0.523598775598299,0.548939639089244,0.55481541789809,-0.107871059427319,-0.00362853280805917,-0.025340863490945,0.00587577880884593,-0.0251875444208974,-0.0251875444208974,0.0058757788088459,0,0,0,0
0.628,0.523598775598299,0.548830451711489,0.550414211425247,-0.110843453227094,-0.00746888764180716,-0.02523167611319,0.0015837597137579,-0.0134000323668788,-0.0134000323668788,0.00158375971375793,0,0,0,0
0.629,0.523598775598299,0.548717796621322,0.557788738813738,-0.114337213906463,-0.00601196003768339,-0.025119021023023,0.009070942192416,-0.033419778307926,-0.033419778307926,0.00907094219241605,0,0,0,0
0.63,0.523598775598299,0.548601357034967,0.549754541648721,-0.119016169881102,-0.0113728804685231,-0.0250025814366686,0.00115318461375347,-0.0117658197768144,-0.0117658197768144,0.00115318461375346,0,0,0,0
0.631,0.523598775598299,0.548479713058553,0.553298939719358,-0.12394391115916,-0.00767864759788453,-0.024880937460254,0.00481922666080559,-0.0215198259832158,-0.0215198259832158,0.00481922666080562,0,0,0,0
0.632,0.523598775598299,0.5483536902571,0.550998884354803,-0.128163316726575,-0.00838076965313677,-0.0247549146588012,0.0026451940977027,-0.0154387167945217,-0.0154387167945217,0.00264519409770268,0,0,0,0
0.633,0.523598775598299,0.548223492225181,0.547468915497762,-0.132090221508858,-0.00677758622632084,-0.0246247166268818,-0.000754576727418632,-0.00613370384079938,-0.00613370384079938,-0.000754576727418598,0,0,0,0
0.634,0.523598775598299,0.548090038916346,0.559432001535932,-0.134459199549609,-0.00274840965796399,-0.0244912633180474,0.0113419626195855,-0.0385913346551698,-0.0385913346551698,0.0113419626195856,0,0,0,0
0.635,0.523598775598299,0.547954116421711,0.547652763678271,-0.138072094815389,-0.0105022644557359,-0.0243553408234126,-0.000301352743440564,-0.00681282272653669,-0.00681282272653669,-0.000301352743440601,0,0,0,0
0.636,0.523598775598299,0.547813826547441,0.544720935438994,-0.14202805629812,-0.00509357831067012,-0.024215050949142,-0.0030928911084469,0.000765630751506714,0.000765630751506714,-0.00309289110844689,0,0,0,0
0.637,0.523598775598299,0.547671066590305,0.548610300982047,-0.142976757643114,0.00072047980306768,-0.0240722909920058,0.000939234391741928,-0.0100854956467569,-0.0100854956467569,0.000939234391741953,0,0,0,0
0.638,0.523598775598299,0.54752834469657,0.549749837687287,-0.142453987137993,0.000868521825522451,-0.0239295690982707,0.00222149299071772,-0.0134004024907539,-0.0134004024907539,0.00222149299071776,0,0,0,0
0.639,0.523598775598299,0.54738607300192,0.545696110616029,-0.142175591610766,-0.000104137899701804,-0.0237872974036211,-0.00168996238589136,-0.0027132035398008,-0.0027132035398008,-0.00168996238589131,0,0,0,0
0.64,0.523598775598299,0.547244194954634,0.551667691783578,-0.141334146303473,0.00267850424931678,-0.0236454193563357,0.00442349682894339,-0.0191099943215205,-0.0191099943215205,0.00442349682894344,0,0,0,0
0.641,0.523598775598299,0.547103272478258,0.549972738264082,-0.140821856456882,-0.000832481611354534,-0.0235044968799595,0.00286946578582337,-0.0146850996247097,-0.0146850996247097,0.00286946578582333,0,0,0,0
0.642,0.523598775598299,0.546962199260729,0.549439195018433,-0.141391989633738,-0.0015944147106204,-0.0233634236624304,0.00247699575770344,-0.0134411619200985,-0.0134411619200985,0.00247699575770343,0,0,0,0
0.643,0.523598775598299,0.546820422948546,0.549830787245159,-0.142165688658398,-0.00165264257929488,-0.0232216473502472,0.00301036429661283,-0.0147003665573133,-0.0147003665573133,0.00301036429661278,0,0,0,0
0.644,0.523598775598299,0.546677822022854,0.544667655246911,-0.143072795919452,-0.00206760248972252,-0.0230790464245556,-0.00201016677594379,-0.00101370000017959,-0.00101370000017959,-0.00201016677594378,0,0,0,0
0.645,0.523598775598299,0.546534654851332,0.53617529941057,-0.142898021641656,0.00203687045182007,-0.0229358792530332,-0.0103593554407617,0.0214430912529912,0.0214430912529912,-0.0103593554407617,0,0,0,0
0.646,0.523598775598299,0.54639330945231,0.538890936558115,-0.138940899237972,0.011660556797814,-0.0227945338540114,-0.0075023728941952,0.013488747586164,0.013488747586164,-0.00750237289419516,0,0,0,0
0.647,0.523598775598299,0.546257855267188,0.535064297839981,-0.131678361705113,0.0149355784876966,-0.022659079668889,-0.0111935574272073,0.0232329654842569,0.0232329654842569,-0.0111935574272073,0,0,0,0
0.648,0.523598775598299,0.546130698776486,0.552929662724913,-0.122201084533386,0.0198445168237367,-0.0225319231781868,0.00679896394842761,-0.0254427414191616,-0.0254427414191616,0.0067989639484276,0,0,0,0
0.649,0.523598775598299,0.546012573195317,0.550079135486366,-0.115171711119775,0.00719187812990612,-0.0224137975970184,0.00406656229104885,-0.0177967587289335,-0.0177967587289335,0.00406656229104887,0,0,0,0
0.65,0.523598775598299,0.545898810173329,0.541623516897798,-0.112842370630733,0.00168544271501067,-0.0223000345750302,-0.00427529327553078,0.0048104199084217,0.0048104199084217,-0.00427529327553074,0,0,0,0
0.651,0.523598775598299,0.545786827923478,0.549754054436737,-0.110792066023585,0.0054149578770944,-0.022188052325179,0.00396722651325943,-0.0174566546104749,-0.0174566546104749,0.00396722651325946,0,0,0,0
0.652,0.523598775598299,0.545677037096194,0.551084643007489,-0.109216830819444,0.000593765318632053,-0.022078261497895,0.00540760591129552,-0.0211529772048842,-0.0211529772048842,0.00540760591129557,0,0,0,0
0.653,0.523598775598299,0.545567599384162,0.545526976108101,-0.110027313875051,-0.00357032140104322,-0.0219688237858634,-4.06232760612468e-05,-0.00628951553056311,-0.00628951553056311,-4.06232760612045e-05,0,0,0,0
0.654,0.523598775598299,0.545456873084159,0.551780556242719,-0.111232188237201,-0.00139206330722364,-0.0218580974858601,0.00632368315856002,-0.0233673405926266,-0.0233673405926266,0.00632368315856007,0,0,0,0
0.655,0.523598775598299,0.545344902370132,0.541572492962132,-0.113067284596537,-0.00543716754359341,-0.0217461267718332,-0.00377240940800039,0.00402266090055072,0.00402266090055072,-0.00377240940800043,0,0,0,0
0.656,0.523598775598299,0.545231044848556,0.546632843313337,-0.11409445349795,0.000808104031286539,-0.0216322692502569,0.00140179846478128,-0.00998367452412433,-0.00998367452412433,0.00140179846478129,0,0,0,0
0.657,0.523598775598299,0.545117145773042,0.540603961717259,-0.113755588539676,0.000222765620928168,-0.0215183701747435,-0.00451318405578316,0.00600189131744323,0.00600189131744323,-0.00451318405578315,0,0,0,0
0.658,0.523598775598299,0.54500395668779,0.541671376184423,-0.112206776576377,0.00491955556014555,-0.0214051810894915,-0.00333258050336693,0.00270790591910065,0.00270790591910065,-0.00333258050336689,0,0,0,0
0.659,0.523598775598299,0.544893280038118,0.543436094092106,-0.108988021791877,0.00671389740105442,-0.0212945044398192,-0.0014571859460123,-0.00241154283675254,-0.00241154283675254,-0.00145718594601232,0,0,0,0
0.66,0.523598775598299,0.544786060609256,0.549934472011062,-0.105504814012618,0.00610974664593157,-0.0211872850109568,0.00514841140180655,-0.0201826223068716,-0.0201826223068716,0.00514841140180652,0,0,0,0
0.661,0.523598775598299,0.544681614271626,0.545022979455503,-0.103927297676705,2.18836275950917e-05,-0.0210828386733268,0.000341365183877174,-0.00705360250721537,-0.00705360250721537,0.000341365183877159,0,0,0,0
0.662,0.523598775598299,0.544577766440215,0.545546872447508,-0.103733856024596,0.000411784441794873,-0.0209789908419163,0.000969106007293274,-0.00870663292466309,-0.00870663292466309,0.000969106007293237,0,0,0,0
0.663,0.523598775598299,0.544474148214075,0.550182219093188,-0.103528284766402,0.000122071311723405,-0.0208753726157762,0.00570807087911296,-0.0213872263429933,-0.0213872263429933,0.00570807087911292,0,0,0,0
0.664,0.523598775598299,0.54437026765976,0.542462961892123,-0.104604658703229,-0.0040775766116752,-0.0207714920614616,-0.00190730576763709,-0.000696628693000939,-0.000696628693000939,-0.00190730576763711,0,0,0,0
0.665,0.523598775598299,0.544265009619715,0.540312849367915,-0.105556189340119,-6.84384101959632e-05,-0.0206662340214161,-0.00395216025180034,0.00475400739797095,0.00475400739797095,-0.00395216025180033,0,0,0,0
0.666,0.523598775598299,0.544159890492566,0.546262712445219,-0.104309637979485,0.00413815186946935,-0.0205611148942673,0.0021028219526531,-0.011632930942615,-0.011632930942615,0.00210282195265308,0,0,0,0
0.667,0.523598775598299,0.544056456278912,0.541812289033885,-0.102793347798075,0.00149227369428342,-0.020457680680613,-0.00224416724502696,0.000151200899937434,0.000151200899937434,-0.00224416724502696,0,0,0,0
0.668,0.523598775598299,0.543954302772434,0.553304582629494,-0.101330174057127,0.0035661019985787,-0.0203555271741354,0.0093502798570595,-0.0310673338535716,-0.0310673338535716,0.00935027985705947,0,0,0,0
0.669,0.523598775598299,0.543853094055582,0.543001191718018,-0.10185390017675,-0.00509007386579808,-0.0202543184572829,-0.000851902337563271,-0.00329633035226733,-0.00329633035226733,-0.00085190233756325,0,0,0,0
0.67,0.523598775598299,0.543750265499682,0.543037282403525,-0.103492257632088,-0.00158187337455657,-0.0201514899013827,-0.000712983096156861,-0.00368182173038763,-0.00368182173038763,-0.000712983096156912,0,0,0,0
0.671,0.523598775598299,0.543646591998824,0.544678916588864,-0.103671517423404,0.000486487873415271,-0.0200478164005257,0.00103232459003999,-0.00837484880933137,-0.00837484880933137,0.00103232459003996,0,0,0,0
0.672,0.523598775598299,0.543543063483922,0.544513197984698,-0.103404603228328,0.000271355159931272,-0.0199442878856233,0.000970134500776321,-0.00814677860531179,-0.00814677860531179,0.000970134500776361,0,0,0,0
0.673,0.523598775598299,0.543439759219749,0.54750155939226,-0.103209823142081,0.000205060652224037,-0.0198409836214504,0.00406180017251068,-0.0163980175148837,-0.0163980175148837,0.00406180017251062,0,0,0,0
0.674,0.523598775598299,0.543336373002542,0.541035982962664,-0.103798084137252,-0.00245432077712211,-0.0197375974042432,-0.00230039003987814,0.000868410427677054,0.000868410427677054,-0.00230039003987813,0,0,0,0
0.675,0.523598775598299,0.54323233932618,0.537135973078457,-0.103927749461136,0.00140124003483976,-0.0196335637278813,-0.00609636624772347,0.0110136788907751,0.0110136788907751,-0.00609636624772347,0,0,0,0
0.676,0.523598775598299,0.543129377534733,0.541945095624307,-0.101502016518872,0.00698010634428096,-0.0195306019364345,-0.00118428191042641,-0.00237632806855312,-0.00237632806855312,-0.00118428191042638,0,0,0,0
0.677,0.523598775598299,0.543029684562234,0.540228581384894,-0.0979628591969318,0.00609432443060228,-0.0194309089639348,-0.00280110317733984,0.00195383810617482,0.00195383810617482,-0.0028011031773398,0,0,0,0
0.678,0.523598775598299,0.542933455380624,0.549772043734205,-0.0944304795076848,0.00683378927321514,-0.0193346797823255,0.00683858835358053,-0.024033123710467,-0.024033123710467,0.00683858835358054,0,0,0,0
0.679,0.523598775598299,0.54284009514468,0.540944778649574,-0.0929871468573934,-0.00103491590444846,-0.0192413195463811,-0.00189531649510566,-0.000303344605435532,-0.000303344605435532,-0.00189531649510571,0,0,0,0
0.68,0.523598775598299,0.542747128423294,0.541628579890708,-0.09271067739795,0.00162563885706185,-0.0191483528249951,-0.00111854853258553,-0.00244896558604171,-0.00244896558604171,-0.00111854853258552,0,0,0,0
0.681,0.523598775598299,0.542654976899836,0.543436024801105,-0.0915090012364184,0.00256868374198494,-0.0190562013015375,0.000781047901268872,-0.00758333286794291,-0.00758333286794291,0.000781047901268908,0,0,0,0
0.682,0.523598775598299,0.542564076473342,0.539028754047668,-0.0903875946941095,0.00148943861045179,-0.0189653008750429,-0.003535322425674,0.00405507380266917,0.00405507380266917,-0.00353532242567403,0,0,0,0
0.683,0.523598775598299,0.542474416050678,0.53782676019554,-0.0886679965678398,0.00448675959670285,-0.0188756404523794,-0.00464765585513871,0.00692861441165948,0.00692861441165948,-0.00464765585513868,0,0,0,0
0.684,0.523598775598299,0.542387245493765,0.543224329987356,-0.0854341570803134,0.00718950997795606,-0.0187884698954665,0.000837084493590878,-0.00796811794026763,-0.00796811794026763,0.000837084493590828,0,0,0,0
0.685,0.523598775598299,0.542303445268183,0.539756113472769,-0.0824452889639975,0.00404416885114959,-0.018704669669884,-0.00254733179541422,0.0011628734743866,0.0011628734743866,-0.00254733179541425,0,0,0,0
0.686,0.523598775598299,0.542222196147968,0.538887837878849,-0.0799744418266316,0.00493427713626903,-0.0186234205496696,-0.00333435826911899,0.00318818273101295,0.00318818273101295,-0.00333435826911896,0,0,0,0
0.687,0.523598775598299,0.542143678082942,0.544316289622914,-0.0769625141941395,0.00605850427929221,-0.0185449024846431,0.00217261153997228,-0.0117329791896041,-0.0117329791896041,0.00217261153997231,0,0,0,0
0.688,0.523598775598299,0.542067947925831,0.543153073319722,-0.0748625086374813,0.00194411072427137,-0.0184691723275323,0.00108512539389127,-0.00873972005774734,-0.00873972005774734,0.00108512539389123,0,0,0,0
0.689,0.523598775598299,0.541993467147549,0.543874467259368,-0.0742430891670007,0.000318818549749134,-0.0183946915492498,0.00188100011181891,-0.0108513261985388,-0.0108513261985388,0.00188100011181895,0,0,0,0
0.69,0.523598775598299,0.541919166159565,0.542909160271889,-0.0745076725356381,-0.00136137468964137,-0.0183203905612667,0.000989994112323478,-0.00840186044771829,-0.00840186044771829,0.000989994112323444,0,0,0,0
0.691,0.523598775598299,0.541844295253176,0.54979475702818,-0.0752558794456899,-0.00160794110138932,-0.0182455196548773,0.00795046177500425,-0.0270856784238001,-0.0270856784238001,0.00795046177500426,0,0,0,0
0.692,0.523598775598299,0.54176803090108,0.543150056621743,-0.0778084225379509,-0.00765870580952284,-0.0181692553027807,0.00138202572066304,-0.00916100669783344,-0.00916100669783344,0.00138202572066307,0,0,0,0
0.693,0.523598775598299,0.541688407010393,0.53728935691552,-0.0812585230347606,-0.00562227920513039,-0.0180896314120937,-0.0043990500948724,0.00641826386103106,0.00641826386103106,-0.00439905009487243,0,0,0,0
0.694,0.523598775598299,0.541606300685923,0.545480054586675,-0.082398610940517,0.000647771632164524,-0.0180075250876244,0.00387375390075217,-0.0159705544758095,-0.0159705544758095,0.00387375390075214,0,0,0,0
0.695,0.523598775598299,0.541523780676451,0.545800613777821,-0.0829267853034816,-0.00257494092269099,-0.0179250050781521,0.00427683310136995,-0.0169107607911019,-0.0169107607911019,0.00427683310136999,0,0,0,0
0.696,0.523598775598299,0.541439968520486,0.544123564790085,-0.084897311714608,-0.00483349518467814,-0.0178411929221877,0.00268359626959891,-0.0124718050139333,-0.0124718050139333,0.00268359626959896,0,0,0,0
0.697,0.523598775598299,0.541353816290138,0.543591120610125,-0.0874003831123233,-0.00476089022295347,-0.0177550406918394,0.00223730431998648,-0.0111691243610872,-0.0111691243610872,0.00223730431998644,0,0,0,0
0.698,0.523598775598299,0.541265225944418,0.546942835701195,-0.0897338888816935,-0.0042403395044615,-0.0176664503461188,0.00567760975677778,-0.0203237048973221,-0.0203237048973221,0.0056776097567778,0,0,0,0
0.699,0.523598775598299,0.541174137997382,0.544690536333601,-0.0926649976342051,-0.00676235651275825,-0.0175753623990829,0.00351639833621964,-0.0142978358691724,-0.0142978358691724,0.00351639833621966,0,0,0,0
0.7,0.523598775598299,0.541079742200781,0.550899322134427,-0.096087319373933,-0.0063240983255035,-0.0174809666024827,0.00981957993364524,-0.0310945936986595,-0.0310945936986595,0.00981957993364529,0,0,0,0
0.701,0.523598775598299,0.540981502545933,0.537782454419048,-0.100831190162498,-0.0112898393471951,-0.017382726947634,-0.00319904812688476,0.00426730907823875,0.00426730907823875,-0.0031990481268848,0,0,0,0
0.702,0.523598775598299,0.540878517662406,0.535260022401586,-0.104404674880671,-0.00300947226655856,-0.0172797420641069,-0.00561849526081992,0.010688843496523,0.010688843496523,-0.00561849526081989,0,0,0,0
0.703,0.523598775598299,0.540774063076495,0.533860403685454,-0.103867107790363,0.00418747425146082,-0.0171752874781963,-0.00691365939104138,0.014014363166136,0.014014363166136,-0.00691365939104143,0,0,0,0
0.704,0.523598775598299,0.540671892776805,0.538123052674028,-0.0999914260755648,0.00963585774448816,-0.0170731171785065,-0.00254884010277745,0.00208523817078238,0.00208523817078238,-0.00254884010277742,0,0,0,0
0.705,0.523598775598299,0.540574453520745,0.540355332728173,-0.0949355625787972,0.00909619561326618,-0.0169756779224465,-0.000219120792572025,-0.00422400782685409,-0.00422400782685409,-0.000219120792572021,0,0,0,0
0.706,0.523598775598299,0.540481732842988,0.551746684123399,-0.0907240095992387,0.00663888889580524,-0.0168829572446892,0.0112649512804113,-0.0350645670007237,-0.0350645670007237,0.0112649512804113,0,0,0,0
0.707,0.523598775598299,0.540391674970771,0.540859905518791,-0.0903998939846725,-0.00474275532332801,-0.0167928993724725,0.000468230548019699,-0.00562578386961593,-0.00562578386961593,0.000468230548019679,0,0,0,0
0.708,0.523598775598299,0.540300273216132,0.535011778477238,-0.0921956216590063,-0.00239721676302156,-0.0167014976178329,-0.00528849473889403,0.0098802662250122,0.0098802662250122,-0.00528849473889402,0,0,0,0
0.709,0.523598775598299,0.540208106916123,0.546386747864133,-0.0915706949205401,0.00399707704264465,-0.0166093313178243,0.00617864094801013,-0.0211042869080596,-0.0211042869080596,0.00617864094801009,0,0,0,0
0.71,0.523598775598299,0.540117043316616,0.536939111417438,-0.0910804208301468,-0.00191721105799672,-0.0165182677183171,-0.00317793189917803,0.00428513845652497,0.00428513845652497,-0.00317793189917802,0,0,0,0
0.711,0.523598775598299,0.540025921597964,0.537826113883989,-0.0907726565169044,0.00249042447074726,-0.0164271459996651,-0.00219980771397532,0.00156483690821557,0.00156483690821557,-0.00219980771397533,0,0,0,0
0.712,0.523598775598299,0.53993602695718,0.533499734230793,-0.0888547570215495,0.00432081497778,-0.0163372513588809,-0.00643629272638713,0.0128967340544074,0.0128967340544074,-0.00643629272638708,0,0,0,0
0.713,0.523598775598299,0.539848821100243,0.549331535223948,-0.0851444899396658,0.00898317916199304,-0.0162500455019439,0.00948271412370572,-0.0300942970769921,-0.0300942970769921,0.00948271412370567,0,0,0,0
0.714,0.523598775598299,0.539765019208849,0.54532795798941,-0.0834211502691745,-0.00187360371282668,-0.0161662436105506,0.00556293878056058,-0.0192082367871619,-0.0192082367871619,0.00556293878056063,0,0,0,0
0.715,0.523598775598299,0.539680801533638,0.544192316753823,-0.0853014198320479,-0.00511915960922189,-0.0160820259353395,0.00451151522018511,-0.0161785430439867,-0.0161785430439867,0.00451151522018506,0,0,0,0
0.716,0.523598775598299,0.539594063867479,0.538842390299017,-0.0882603812181941,-0.00609986366248126,-0.0159952882691798,-0.000751673568461619,-0.00186447407987336,-0.00186447407987336,-0.000751673568461572,0,0,0,0
0.717,0.523598775598299,0.539504604667745,0.541011787244831,-0.0903026832825634,-0.00209121152519155,-0.0159058290694465,0.00150718257708582,-0.00794805270051942,-0.00794805270051942,0.0015071825770858,0,0,0,0
0.718,0.523598775598299,0.53941383171992,0.540503812744037,-0.0911917115049179,-0.00151110910616306,-0.0158150561216208,0.00108998102411784,-0.0067540003127009,-0.0067540003127009,0.00108998102411782,0,0,0,0
0.719,0.523598775598299,0.539322342501878,0.537686526436572,-0.0917196813702217,-0.000754987844313459,-0.0157235669035792,-0.00163581606530616,0.000632004075026227,0.000632004075026227,-0.00163581606530621,0,0,0,0
0.72,0.523598775598299,0.539230733114548,0.533419210145001,-0.0912497065726168,0.00206130249480831,-0.0156319575162494,-0.00581152296954734,0.0118205504639345,0.0118205504639345,-0.00581152296954732,0,0,0,0
0.721,0.523598775598299,0.539140589277011,0.541178121664751,-0.0885726450858463,0.0073188564459878,-0.0155418136787127,0.00203753238773952,-0.00945576874247254,-0.00945576874247254,0.00203753238773951,0,0,0,0
0.722,0.523598775598299,0.539053642016766,0.540545654086558,-0.0856400005060557,0.0037316495111924,-0.0154548664184671,0.00149201206979166,-0.00789528978960463,-0.00789528978960463,0.0014920120697917,0,0,0,0
0.723,0.523598775598299,0.538968849417556,0.547151845997424,-0.0841028287013816,0.00195431770537381,-0.0153700738192575,0.00818299657986754,-0.0258106802075709,-0.0258106802075709,0.00818299657986759,0,0,0,0
0.724,0.523598775598299,0.538884617045812,0.537752513632727,-0.084964360021243,-0.0048486008709108,-0.0152858414475129,-0.0011321034130849,-0.000474764453515256,-0.000474764453515256,-0.0011321034130849,0,0,0,0
0.725,0.523598775598299,0.538798774055047,0.539065859887613,-0.0863777133370725,-0.000968007169125628,-0.0151999984567477,0.000267085832566738,-0.00426567232016124,-0.00426567232016124,0.000267085832566765,0,0,0,0
0.726,0.523598775598299,0.538712287760361,0.539096208274948,-0.0864875097690227,0.000243993898316743,-0.0151135121620621,0.0003839205145868,-0.00455602327227912,-0.00455602327227912,0.000383920514586764,0,0,0,0
0.727,0.523598775598299,0.538625959495782,0.535617518045457,-0.0861112112464306,0.000897217344342831,-0.0150271838974834,-0.00300844145032564,0.00459048039242405,0.00459048039242405,-0.00300844145032569,0,0,0,0
0.728,0.523598775598299,0.538540444945359,0.543028429909087,-0.0846268535529369,0.00418526192095255,-0.0149416693470604,0.00448798496372815,-0.0156483161170103,-0.0156483161170103,0.0044879849637281,0,0,0,0
0.729,0.523598775598299,0.538456520871965,0.532636625955886,-0.0836142324652892,-0.000249498712085668,-0.0148577452736662,-0.00581989491607915,0.0122288699450326,0.0122288699450326,-0.00581989491607919,0,0,0,0
0.73,0.523598775598299,0.538373476008243,0.540171736012213,-0.0819364135447948,0.00583927479481914,-0.0147747004099442,0.00179826000396954,-0.00844031181170559,-0.00844031181170559,0.00179826000396954,0,0,0,0
0.731,0.523598775598299,0.538292840314558,0.538763780935085,-0.0795886440255598,0.00297888111696911,-0.0146940647162589,0.00047094062052766,-0.0047977689680572,-0.0047977689680572,0.000470940620527658,0,0,0,0
0.732,0.523598775598299,0.538214007881257,0.535194103494441,-0.078134675843654,0.00232113949163362,-0.0146152322829582,-0.00301990438681643,0.00460782197602598,0.00460782197602598,-0.00301990438681642,0,0,0,0
0.733,0.523598775598299,0.538136772651099,0.535457342640463,-0.0761110975261567,0.00486091629945287,-0.0145379970528,-0.00267943001063575,0.00359097846444752,0.00359097846444752,-0.00267943001063579,0,0,0,0
0.734,0.523598775598299,0.538062102861622,0.536937666947025,-0.0731241535044174,0.00604329320259661,-0.0144633272633237,-0.00112443591459699,-0.000679387086181038,-0.000679387086181038,-0.00112443591459704,0,0,0,0
0.735,0.523598775598299,0.537990546297506,0.53720208202815,-0.070051756736005,0.00533912526674215,-0.0143917706992075,-0.000788464269356748,-0.00162226701338489,-0.00162226701338489,-0.000788464269356797,0,0,0,0
0.736,0.523598775598299,0.537921862741805,0.537032905076711,-0.0673872668261834,0.00453126145839606,-0.0143230871435066,-0.00088895766509467,-0.00138495569350607,-0.00138495569350607,-0.000888957665094683,0,0,0,0
0.737,0.523598775598299,0.537855659119342,0.536762314349923,-0.0650634411275414,0.00404407414451347,-0.0142568835210435,-0.00109334476941891,-0.000875915521384579,-0.000875915521384579,-0.00109334476941893,0,0,0,0
0.738,0.523598775598299,0.537791677547938,0.53907806216476,-0.0629173534167264,0.0038480282240209,-0.0141929019496387,0.00128638461682262,-0.00732257875464471,-0.00732257875464471,0.00128638461682267,0,0,0,0
0.739,0.523598775598299,0.537729587211515,0.536195569779907,-0.0614598506739895,0.00163138922106703,-0.0141308116132164,-0.00153401743160841,0.00028823454219272,0.00028823454219272,-0.00153401743160844,0,0,0,0
0.74,0.523598775598299,0.537668684928532,0.540266276594775,-0.0602548658830412,0.00264761115133656,-0.0140699093302334,0.0025975916662424,-0.0108877368773167,-0.0108877368773167,0.00259759166624238,0,0,0,0
0.741,0.523598775598299,0.537608862612598,0.538068085934503,-0.0596509952790707,-0.000300759643719419,-0.0140100870142996,0.00045922332190429,-0.00506691518230024,-0.00506691518230024,0.000459223321904286,0,0,0,0
0.742,0.523598775598299,0.537549153480333,0.531296091064636,-0.0597652535989679,-0.000278175516876144,-0.0139503778820341,-0.00625306241569668,0.012970587674301,0.012970587674301,-0.00625306241569666,0,0,0,0
0.743,0.523598775598299,0.537489906216496,0.538787497352245,-0.0582218931175283,0.00545249592062971,-0.0138911306181972,0.00129759113574879,-0.00756100803432085,-0.00756100803432085,0.00129759113574878,0,0,0,0
0.744,0.523598775598299,0.537432856647956,0.536234754587184,-0.0561461449597724,0.00241973529934081,-0.0138340810496568,-0.00119810206077164,-0.000823438710051583,-0.000823438710051583,-0.00119810206077159,0,0,0,0
0.745,0.523598775598299,0.53737739766219,0.540807294092483,-0.054752171571207,0.00264374670157032,-0.0137786220638911,0.00342989643029257,-0.0133240669770806,-0.0133240669770806,0.00342989643029252,0,0,0,0
0.746,0.523598775598299,0.537322984323009,0.53711378506325,-0.0544162747914056,-0.00121431233379112,-0.0137242087247104,-0.00020919925975893,-0.00344343139255936,-0.00344343139255936,-0.000209199259758876,0,0,0,0
0.747,0.523598775598299,0.53726833771913,0.540674024102047,-0.0548097227620559,-0.000456102430769961,-0.0136695621208313,0.0034056863829165,-0.0131889771479941,-0.0131889771479941,0.00340568638291645,0,0,0,0
0.748,0.523598775598299,0.537213163577012,0.537430682009535,-0.0557698579818125,-0.00306889455912209,-0.0136143879787127,0.000217518432523711,-0.00452056564188133,-0.00452056564188133,0.000217518432523728,0,0,0,0
0.749,0.523598775598299,0.537156709791502,0.530779966770533,-0.0570339275757445,-0.0018990647737083,-0.0135579341932027,-0.00637674302096836,0.0131916788541965,0.0131916788541965,-0.00637674302096832,0,0,0,0
0.75,0.523598775598299,0.537099822980126,0.537535586963021,-0.0561765231115247,0.00446045280099872,-0.0135010473818277,0.000435763982894133,-0.00535730260554582,-0.00535730260554582,0.000435763982894169,0,0,0,0
0.751,0.523598775598299,0.537044656159942,0.530443207508344,-0.0543346995141261,0.00245832885912025,-0.0134458805616436,-0.00660144865159862,0.0135608832180945,0.0135608832180945,-0.00660144865159867,0,0,0,0
0.752,0.523598775598299,0.536991467312675,0.543948642170515,-0.0516253022382682,0.00717818101901035,-0.013392691714376,0.00695717485784053,-0.0231269649650204,-0.0231269649650204,0.00695717485784055,0,0,0,0
0.753,0.523598775598299,0.536940896962497,0.541049443183752,-0.0502949799877361,-0.00162130157667565,-0.013342121364198,0.00410854622125512,-0.0152409069539437,-0.0152409069539437,0.00410854622125507,0,0,0,0
0.754,0.523598775598299,0.536889893705169,0.534474431812304,-0.0519704535815525,-0.00454703193493521,-0.0132911181068703,-0.00241546189286523,0.00241709179678611,0.00241709179678611,-0.00241546189286528,0,0,0,0
0.755,0.523598775598299,0.536837110470514,0.53828553932886,-0.0532553667008552,-0.000703039959076028,-0.0132383348722147,0.00144842885834662,-0.00807162776494954,-0.00807162776494954,0.00144842885834659,0,0,0,0
0.756,0.523598775598299,0.536783591752821,0.537976164741217,-0.0538648403734502,-0.00163845456293052,-0.0131848161545217,0.00119257298839659,-0.00734631805718162,-0.00734631805718162,0.00119257298839661,0,0,0,0
0.757,0.523598775598299,0.536729274699525,0.54107496574978,-0.0547981749454054,-0.00196624473360036,-0.0131304991012259,0.00434569105025484,-0.01579094184093,-0.01579094184093,0.00434569105025489,0,0,0,0
0.758,0.523598775598299,0.536673684992132,0.538216552092326,-0.0566336283924857,-0.00481848890659302,-0.013074909393833,0.00154286710019402,-0.00811469420795001,-0.00811469420795001,0.00154286710019404,0,0,0,0
0.759,0.523598775598299,0.536615856774712,0.531079106078534,-0.0589577455126576,-0.00408746129372838,-0.0130170811764132,-0.00553675069617798,0.0109600839411193,0.0109600839411193,-0.00553675069617794,0,0,0,0
0.76,0.523598775598299,0.536556481447623,0.534824130666456,-0.0592127863064307,0.00246174466023305,-0.0129577058493238,-0.00173235078116674,0.000538172225778271,0.000538172225778271,-0.00173235078116674,0,0,0,0
0.761,0.523598775598299,0.536498017269882,0.542728920636827,-0.0576522921528338,0.00317850100663259,-0.0128992416715836,0.00623090336694498,-0.0209227680937759,-0.0209227680937759,0.00623090336694504,0,0,0,0
0.762,0.523598775598299,0.536440593802465,0.528213638328356,-0.0577614033267599,-0.00322040113652632,-0.0128418182041659,-0.00822695547410879,0.0181562712806262,0.0181562712806262,-0.00822695547410883,0,0,0,0
0.763,0.523598775598299,0.536382837002156,0.538620301657103,-0.0570027357807149,0.00524217827434126,-0.0127840614038573,0.00223746465494645,-0.0102595011590118,-0.0102595011590118,0.00223746465494641,0,0,0,0
0.764,0.523598775598299,0.536326869713526,0.536121928708218,-0.0552719301566424,0.00140518635840386,-0.0127280941152276,-0.000204941005308545,-0.00361304520179307,-0.00361304520179307,-0.000204941005308577,0,0,0,0
0.765,0.523598775598299,0.536271962565809,0.539874473720457,-0.0545680352136239,0.00111643584455399,-0.0126731869675103,0.00360251115464783,-0.0138546687983631,-0.0138546687983631,0.00360251115464777,0,0,0,0
0.766,0.523598775598299,0.536217367366783,0.537215503647847,-0.0549269257391227,-0.0023226267135985,-0.0126185917684845,0.0009981362810636,-0.00672993665848311,-0.00672993665848311,0.000998136281063583,0,0,0,0
0.767,0.523598775598299,0.536161854574474,0.542724328511211,-0.056084380722924,-0.00216317486230433,-0.0125630789761756,0.00656247393673692,-0.021652720254136,-0.021652720254136,0.00656247393673692,0,0,0,0
0.768,0.523598775598299,0.536104751939651,0.538773625674051,-0.0585280247627626,-0.00676343743287028,-0.0125059763413525,0.00266887373439972,-0.0109572160542922,-0.0109572160542922,0.0026688737343997,0,0,0,0
0.769,0.523598775598299,0.536044500794999,0.541322277893932,-0.0619178217791376,-0.00613131922416925,-0.0124457251966997,0.00527777709893318,-0.0178737564331143,-0.0178737564331143,0.00527777709893321,0,0,0,0
0.77,0.523598775598299,0.535980795057184,0.529420810153587,-0.0656453201599485,-0.00784926620191639,-0.0123820194588847,-0.00655998490359611,0.0141362392915977,0.0141362392915977,-0.00655998490359606,0,0,0,0
0.771,0.523598775598299,0.535913992975729,0.534125530477324,-0.0671453344296349,0.00133299021287691,-0.0123152173774297,-0.00178846249840436,0.00109475461215674,0.00109475461215674,-0.00178846249840435,0,0,0,0
0.772,0.523598775598299,0.535847378882274,0.532748564569599,-0.0659473746064227,0.00286434766346769,-0.0122486032839751,-0.00309881431267489,0.0045755930622709,0.0045755930622709,-0.00309881431267489,0,0,0,0
0.773,0.523598775598299,0.535782419045888,0.537158102409685,-0.0637945210209086,0.00487470732759263,-0.0121836434475893,0.00137568336379656,-0.00753845827181567,-0.00753845827181567,0.00137568336379653,0,0,0,0
0.774,0.523598775598299,0.535719681613283,0.528177501004418,-0.061916253621643,0.00221412366246389,-0.0121209060149838,-0.00754218060886458,0.0164975838220899,0.0164975838220899,-0.00754218060886454,0,0,0,0
0.775,0.523598775598299,0.535658970078892,0.543868633363701,-0.0589813605443439,0.00815094944287724,-0.0120601944805929,0.00820966328480932,-0.0260891978627393,-0.0260891978627393,0.00820966328480936,0,0,0,0
0.776,0.523598775598299,0.53560119310299,0.53387637752685,-0.0574521923687366,-0.0017774516458867,-0.0120024175046917,-0.00172481557614035,0.000914102385482788,0.000914102385482788,-0.00172481557614037,0,0,0,0
0.777,0.523598775598299,0.53554352856904,0.545613002008129,-0.057661286372304,0.000656237718309262,-0.0119447529707409,0.0100694734390891,-0.0308406106970771,-0.0308406106970771,0.0100694734390891,0,0,0,0
0.778,0.523598775598299,0.535485206538786,0.53534635325335,-0.0597409736502482,-0.00790698982411257,-0.0118864309404876,-0.000138853285436169,-0.00304206172235032,-0.00304206172235032,-0.00013885328543615,0,0,0,0
0.779,0.523598775598299,0.535423735255596,0.535958297156908,-0.0628811304454188,-0.00429370956539563,-0.0118249596572974,0.000534561901311403,-0.00485068340262479,-0.00485068340262479,0.000534561901311416,0,0,0,0
0.78,0.523598775598299,0.535359900495543,0.540984294154833,-0.0646358120045202,-0.00257375634553573,-0.0117611248972446,0.00562439365928991,-0.0184982101502494,-0.0184982101502494,0.0056243936592899,0,0,0,0
0.781,0.523598775598299,0.535294276981214,0.539571724759576,-0.0668965876741099,-0.00579901573585231,-0.0116955013829148,0.00427744777836248,-0.0146628347429303,-0.0146628347429303,0.00427744777836245,0,0,0,0
0.782,0.523598775598299,0.535225784182116,0.535805183753547,-0.0701508784638405,-0.00650242267167684,-0.0116270085838168,0.000579399571430939,-0.00455409868874402,-0.00455409868874402,0.000579399571430994,0,0,0,0
0.783,0.523598775598299,0.535154205630201,0.532730994136,-0.0727531030633828,-0.00364859921516888,-0.0115554300319022,-0.00242321149420066,0.00356031293620732,0.00356031293620732,-0.00242321149420069,0,0,0,0
0.784,0.523598775598299,0.535080940540543,0.53356056647449,-0.0733886351868294,0.000735946793254976,-0.0114821649422445,-0.00152037406605343,0.0010782733652418,0.0010782733652418,-0.00152037406605344,0,0,0,0
0.785,0.523598775598299,0.535007964200159,0.539974376293773,-0.0723945047683318,0.00265156745923355,-0.0114091886018602,0.00496641209361426,-0.0163767917379095,-0.0163767917379095,0.00496641209361422,0,0,0,0
0.786,0.523598775598299,0.534935864258895,0.534210962370199,-0.0721934639015728,-0.00172962793082044,-0.0113370886605967,-0.000724901888696339,-0.000873595617913035,-0.000873595617913035,-0.000724901888696367,0,0,0,0
0.787,0.523598775598299,0.534863455030254,0.535427917564388,-0.072428124608929,0.000492669312352479,-0.011264679431955,0.000564462534134003,-0.0043358105719735,-0.0043358105719735,0.000564462534133978,0,0,0,0
0.788,0.523598775598299,0.534791209627232,0.535224564522015,-0.0720387775462331,0.000763132865638002,-0.0111924340289334,0.000433354894782356,-0.00393353026841614,-0.00393353026841614,0.000433354894782362,0,0,0,0
0.789,0.523598775598299,0.534719426929399,0.531420696347648,-0.0715016018502859,0.0010463785812818,-0.0111206513311001,-0.00329873058175134,0.00614175795745982,0.00614175795745982,-0.00329873058175139,0,0,0,0
0.79,0.523598775598299,0.534648563280393,0.52899682905225,-0.0699290462807538,0.00439793670929271,-0.0110497876820937,-0.00565173422814302,0.0123784647958042,0.0123784647958042,-0.00565173422814303,0,0,0,0
0.791,0.523598775598299,0.534580230146254,0.525868193589327,-0.0663843883030896,0.00838679062063511,-0.0109814545479552,-0.00871203655692743,0.0204330065871151,0.0204330065871151,-0.00871203655692747,0,0,0,0
0.792,0.523598775598299,0.534516596985291,0.535556888878225,-0.0604482618937303,0.0132919205344555,-0.010917821386992,0.00104029189293442,-0.00605994780037778,-0.00605994780037778,0.00104029189293442,0,0,0,0
0.793,0.523598775598299,0.53445916463946,0.535949803433744,-0.0549077092015542,0.00775373846543901,-0.0108603890411609,0.00149063879428413,-0.00721577323058089,-0.00721577323058089,0.00149063879428409,0,0,0,0
0.794,0.523598775598299,0.534405956055663,0.530926554067943,-0.0518552123917863,0.00385478187619416,-0.0108071804573641,-0.00347940198771945,0.00620063767227519,0.00620063767227519,-0.00347940198771948,0,0,0,0
0.795,0.523598775598299,0.534355325550284,0.52967229366636,-0.0492480957222946,0.00563918641791017,-0.0107565499519853,-0.00468303188392361,0.00931273483288274,0.00931273483288274,-0.00468303188392365,0,0,0,0
0.796,0.523598775598299,0.534307800527887,0.539219799827486,-0.0456241476501914,0.00765204281632595,-0.0107090249295879,0.00491199929959907,-0.016643600058849,-0.016643600058849,0.00491199929959907,0,0,0,0
0.797,0.523598775598299,0.534263527439382,0.526675887935822,-0.0435495246534515,0.00057074478096575,-0.0106647518410835,-0.00758763950356078,0.017117544917012,0.017117544917012,-0.00758763950356083,0,0,0,0
0.798,0.523598775598299,0.534220774469046,0.534534952106726,-0.0413982776017459,0.00687538723418387,-0.0106219988707477,0.000314177637679269,-0.00440039524845082,-0.00440039524845082,0.000314177637679281,0,0,0,0
0.799,0.523598775598299,0.534180925171863,0.531302635044425,-0.0385672165694326,0.00386636129391264,-0.010582149573564,-0.00287829012743768,0.00417904116876397,0.00417904116876397,-0.00287829012743762,0,0,0,0
0.8,0.523598775598299,0.534143483296135,0.537328211632898,-0.0362457309949021,0.00466924589306251,-0.0105447076978362,0.00318472833676331,-0.0122350887996174,-0.0122350887996174,0.00318472833676332,0,0,0,0
0.801,0.523598775598299,0.534108020269259,0.534866969671471,-0.0351026794504586,-9.74413406309026e-05,-0.0105092446709604,0.000758949402211551,-0.00562283620259739,-0.00562283620259739,0.000758949402211497,0,0,0,0
0.802,0.523598775598299,0.534072817982448,0.534960162491998,-0.0353775160061943,-0.000951628371456627,-0.010474042384149,0.000887344509550414,-0.00596421704113092,-0.00596421704113092,0.000887344509550365,0,0,0,0
0.803,0.523598775598299,0.534037135836587,0.531360142357916,-0.0360419939477233,-0.00157604708546035,-0.0104383602382877,-0.00267699347867012,0.00362518098872334,0.00362518098872334,-0.00267699347867012,0,0,0,0
0.804,0.523598775598299,0.53400095193702,0.539055260052231,-0.0360891222626622,0.00109603591933744,-0.0104021763387214,0.0050543081152109,-0.0172681713269965,-0.0172681713269965,0.00505430811521095,0,0,0,0
0.805,0.523598775598299,0.533964670083416,0.529414305683789,-0.0369156273956893,-0.00388458956423333,-0.010365894485117,-0.00455036439962675,0.00870717340395736,0.00870717340395736,-0.00455036439962678,0,0,0,0
0.806,0.523598775598299,0.533927248792412,0.533412622451311,-0.0374664277604047,0.00131393421231312,-0.0103284731941133,-0.000514626341100666,-0.00231691156221473,-0.00231691156221473,-0.000514626341100653,0,0,0,0
0.807,0.523598775598299,0.533890116329045,0.531198579541659,-0.036824614764026,0.00102005619645606,-0.0102913407307461,-0.00269153678738632,0.00350390655505612,0.00350390655505612,-0.00269153678738635,0,0,0,0
0.808,0.523598775598299,0.533853740899193,0.535143783285972,-0.0357804460295242,0.00266770597059529,-0.0102549653008943,0.00129004238677854,-0.00730409871216572,-0.00730409871216572,0.00129004238677858,0,0,0,0
0.809,0.523598775598299,0.533818440875947,0.532463190483397,-0.0350359040696614,0.000226759479667674,-0.0102196652776484,-0.00135525039255047,-0.000160627142803162,-0.000160627142803162,-0.00135525039255043,0,0,0,0
0.81,0.523598775598299,0.533783551993016,0.528087442129243,-0.0346755826169991,0.000975596898708106,-0.0101847763947172,-0.00569610986377267,0.011445665099303,0.011445665099303,-0.00569610986377266,0,0,0,0
0.811,0.523598775598299,0.533749560540558,0.532751697967329,-0.0329420780172201,0.00510183014876837,-0.0101507849422589,-0.000997862573228758,-0.00139391023391492,-0.00139391023391492,-0.000997862573228709,0,0,0,0
0.812,0.523598775598299,0.533717833441129,0.529082531964896,-0.0306527015355658,0.00351813066308218,-0.0101190578428304,-0.00463530147623348,0.00833656148930061,0.00833656148930061,-0.00463530147623352,0,0,0,0
0.813,0.523598775598299,0.53368833544422,0.535693082266546,-0.0281616660124298,0.00557245798723787,-0.0100895598459207,0.00200474682232621,-0.00968705881226221,-0.00968705881226221,0.00200474682232618,0,0,0,0
0.814,0.523598775598299,0.53366122014417,0.531612272916766,-0.0264690057912887,0.00105819904491891,-0.0100624445458712,-0.00204894722740445,0.00126293867030657,0.00126293867030657,-0.00204894722740443,0,0,0,0
0.815,0.523598775598299,0.53363510847898,0.53269399496586,-0.0256959132986461,0.0017188315548714,-0.0100363328806808,-0.000941113513119651,-0.00180621028281428,-0.00180621028281428,-0.000941113513119698,0,0,0,0
0.816,0.523598775598299,0.533609821416469,0.530013333360839,-0.0249303210851415,0.00113167268744915,-0.0100110458181698,-0.0035964880556294,0.00527873034865787,0.00527873034865787,-0.00359648805562936,0,0,0,0
0.817,0.523598775598299,0.533585387849117,0.538582696505597,-0.0237717507414641,0.00299698581325911,-0.00998661225081843,0.00499730865648007,-0.0179642720279211,-0.0179642720279211,0.00499730865648012,0,0,0,0
0.818,0.523598775598299,0.53356180005464,0.531044045692152,-0.0239573721044038,-0.00325270167131608,-0.00996302445634145,-0.00251775436248824,0.00239142551054636,0.00239142551054636,-0.00251775436248826,0,0,0,0
0.819,0.523598775598299,0.53353724436047,0.536822551270259,-0.0249214060527878,-0.000627985283597341,-0.00993846876217108,0.00328530690978945,-0.0133142442161652,-0.0133142442161652,0.00328530690978942,0,0,0,0
0.82,0.523598775598299,0.533511829738864,0.531877301354481,-0.0262037723943493,-0.00397103659829695,-0.00991305414056487,-0.00163452838438272,8.68467964829089e-06,8.68467964829089e-06,-0.0016345283843827,0,0,0,0
0.821,0.523598775598299,0.533484794701274,0.537621333503019,-0.0276707895276286,-0.00176590508106381,-0.00988601910297526,0.00413653880174536,-0.0155739449426647,-0.0155739449426647,0.00413653880174536,0,0,0,0
0.822,0.523598775598299,0.533456307295522,0.537531478149609,-0.0296180524892507,-0.00531425696515296,-0.00985753169722325,0.00407517085408726,-0.0152729958107489,-0.0152729958107489,0.00407517085408721,0,0,0,0
0.823,0.523598775598299,0.533425077641508,0.541384780897985,-0.0330205078066147,-0.00734315878296283,-0.00982630204320911,0.00795970325647688,-0.0255777098772089,-0.0255777098772089,0.00795970325647683,0,0,0,0
0.824,0.523598775598299,0.533389666075908,0.533865212349236,-0.0381935126874985,-0.011764121302499,-0.00979089047760928,0.00047554627332802,-0.0051850310417496,-0.0051850310417496,0.000475546273328023,0,0,0,0
0.825,0.523598775598299,0.533348732174493,0.530250309864606,-0.043329672692259,-0.00788114452879322,-0.0097499565761946,-0.00309842230988766,0.00444172727188954,0.00444172727188954,-0.00309842230988765,0,0,0,0
0.826,0.523598775598299,0.533303867855821,0.541895257714274,-0.045906305501286,-0.00232290730317693,-0.0097050922575217,0.0085913898584532,-0.0270705894332982,-0.0270705894332982,0.00859138985845319,0,0,0,0
0.827,0.523598775598299,0.533256706279658,0.537952265538075,-0.0489932707291924,-0.00883540698848338,-0.00965793068135912,0.00469555925841658,-0.0162747796973263,-0.0162747796973263,0.00469555925841657,0,0,0,0
0.828,0.523598775598299,0.533205321327596,0.529393041926779,-0.0538194917630918,-0.00932657049968605,-0.00960654572929731,-0.00381227940081696,0.00678100646786347,0.00678100646786347,-0.00381227940081693,0,0,0,0
0.829,0.523598775598299,0.533149741248371,0.533392926940182,-0.0567091879472183,-0.00220153076407652,-0.00955096565007185,0.000243185691811032,-0.00422115432954537,-0.00422115432954537,0.000243185691811056,0,0,0,0
0.83,0.523598775598299,0.53309255831292,0.528525399451047,-0.0575722079780395,-0.0012491107724764,-0.00949378271462153,-0.00456715886187364,0.00875682970474639,0.00875682970474639,-0.0045671588618736,0,0,0,0
0.831,0.523598775598299,0.5330351428429,0.536220510787908,-0.0568410752836391,0.00346734600713783,-0.00943636724460084,0.00318536794500868,-0.0121979326962872,-0.0121979326962872,0.00318536794500872,0,0,0,0
0.832,0.523598775598299,0.532978870235391,0.535477500774807,-0.0560379490709146,-0.000300153658053057,-0.00938009463709233,0.00249863053941579,-0.0101967383951106,-0.0101967383951106,0.00249863053941583,0,0,0,0
0.833,0.523598775598299,0.532922601651125,0.536854793568653,-0.0566492006004875,-0.00199436679241352,-0.00932382605282644,0.00393219191752769,-0.0139225190089592,-0.0139225190089592,0.00393219191752769,0,0,0,0
0.834,0.523598775598299,0.532865218909106,0.535943973574435,-0.0583111514731983,-0.00419694122074225,-0.0092664433108075,0.00307875466532903,-0.0114516676034285,-0.0114516676034285,0.00307875466532905,0,0,0,0
0.835,0.523598775598299,0.532805754300709,0.538643437124494,-0.060664196774225,-0.00472132125743819,-0.00920697870241016,0.00583768282378483,-0.0187190442000084,-0.0187190442000084,0.00583768282378478,0,0,0,0
0.836,0.523598775598299,0.532743593756036,0.531007399339771,-0.0638835447315683,-0.00728509201950421,-0.00914481815773749,-0.00173619441626571,0.00188501833384264,0.00188501833384264,-0.00173619441626573,0,0,0,0
0.837,0.523598775598299,0.532678289618879,0.528528290496972,-0.0662781669116639,-0.00224700985255653,-0.00907951402058038,-0.00414999912190706,0.00835725816624032,0.00835725816624032,-0.0041499991219071,0,0,0,0
0.838,0.523598775598299,0.532611952661875,0.526763338163333,-0.0659354694392994,0.00295005048715476,-0.00901317706357596,-0.00584861449854135,0.0128288449877237,0.0128288449877237,-0.00584861449854136,0,0,0,0
0.839,0.523598775598299,0.532547285366452,0.531670880759287,-0.0629928436556053,0.00754137910768664,-0.00894850976815365,-0.000876404607165759,-0.000686577359341467,-0.000686577359341467,-0.000876404607165783,0,0,0,0
0.84,0.523598775598299,0.532486172881674,0.53491294934985,-0.0593693270719584,0.00599785024245791,-0.00888739728337484,0.00242677646817613,-0.0095441571199652,-0.0095441571199652,0.00242677646817611,0,0,0,0
0.841,0.523598775598299,0.532428040928699,0.530246463212873,-0.0572352723197767,0.00215463978448799,-0.00882926533040007,-0.00218157771582561,0.00297081498827296,0.00297081498827296,-0.00218157771582563,0,0,0,0
0.842,0.523598775598299,0.532371555450643,0.527900005108653,-0.0555980589403721,0.0037109003229661,-0.00877277985234381,-0.00447155034198943,0.00908655609275333,0.00908655609275333,-0.00447155034198945,0,0,0,0
0.843,0.523598775598299,0.532317251269754,0.538119954277492,-0.0527583205979655,0.00656007454885672,-0.00871847567145567,0.00580270300773778,-0.0186492666113985,-0.0186492666113985,0.00580270300773777,0,0,0,0
0.844,0.523598775598299,0.532265551691976,0.52944307974645,-0.0512710461046798,-0.000552772904089401,-0.0086667760936775,-0.00282247194552621,0.00476897274473512,0.00476897274473512,-0.00282247194552621,0,0,0,0
0.845,0.523598775598299,0.532214452149775,0.530448241294524,-0.0506602942591012,0.00247098460855019,-0.0086156765514761,-0.00176621085525053,0.00185636945045127,0.00185636945045127,-0.00176621085525048,0,0,0,0
0.846,0.523598775598299,0.53216455978452,0.533201661803912,-0.0490436878647837,0.00338507774115389,-0.00856578418622123,0.001037102019392,-0.00571390492939935,-0.00571390492939935,0.001037102019392,0,0,0,0
0.847,0.523598775598299,0.532116248584972,0.531861079516005,-0.0477453276929537,0.00150593672001595,-0.00851747298667305,-0.000255169068967276,-0.00218005826487799,-0.00218005826487799,-0.000255169068967297,0,0,0,0
0.848,0.523598775598299,0.532068914821265,0.528716427496803,-0.0469280235548686,0.00144142038664662,-0.0084701392229658,-0.00335248732446147,0.00615664132842954,0.00615664132842954,-0.00335248732446148,0,0,0,0
0.849,0.523598775598299,0.532022645036244,0.53410878795137,-0.0453831720627807,0.00402210556679556,-0.0084238694379456,0.00208614291512599,-0.00855894245100193,-0.00855894245100193,0.00208614291512594,0,0,0,0
0.85,0.523598775598299,0.531978039295025,0.529171713956977,-0.044104826541698,0.000902164781173335,-0.00837926369672626,-0.00280632533804759,0.00468279596326764,0.00468279596326764,-0.00280632533804762,0,0,0,0
0.851,0.523598775598299,0.531934414883625,0.528148946806893,-0.0429447533685782,0.00315337312233074,-0.00833563928532577,-0.00378546807673208,0.00723103380254737,0.00723103380254737,-0.00378546807673203,0,0,0,0
0.852,0.523598775598299,0.531892541787657,0.53066889320765,-0.0406107114577905,0.00531021185217748,-0.0082937661893584,-0.00122364858000712,0.00022761252690363,0.00022761252690363,-0.00122364858000713,0,0,0,0
0.853,0.523598775598299,0.531853266888336,0.533750754230032,-0.0380241537666733,0.0043537166588091,-0.00825449129003708,0.00189748734169592,-0.0081912366803935,-0.0081912366803935,0.00189748734169589,0,0,0,0
0.854,0.523598775598299,0.531816086430216,0.530000500248993,-0.0366308694450288,0.00103534903188327,-0.00821731083191701,-0.00181558618122257,0.00186359666589176,0.00186359666589176,-0.00181558618122255,0,0,0,0
0.855,0.523598775598299,0.531779855788495,0.529274996649443,-0.0357315799282465,0.00215254605323553,-0.00818108019019614,-0.00250485913905207,0.00365713976332689,0.00365713976332689,-0.00250485913905204,0,0,0,0
0.856,0.523598775598299,0.531744833656591,0.534422864140311,-0.0342039668100048,0.003382271652231,-0.00814605805829172,0.00267803048372051,-0.0103564347348284,-0.0103564347348284,0.00267803048372055,0,0,0,0
0.857,0.523598775598299,0.531711172166808,0.533360478292343,-0.0334490212045691,-0.00034238871968664,-0.00811239656850926,0.00164930612553449,-0.00749407092395089,-0.00749407092395089,0.00164930612553447,0,0,0,0
0.858,0.523598775598299,0.531677503682173,0.530146827066692,-0.0340113401818135,-0.00173633741066172,-0.00807872808387466,-0.00153067661548134,0.00111122411372185,0.00111122411372185,-0.00153067661548131,0,0,0,0
0.859,0.523598775598299,0.531643228494261,0.52768260450934,-0.0343719045013477,0.000150031248352651,-0.00804445289596223,-0.00396062398492136,0.00758969507907857,0.00758969507907857,-0.00396062398492135,0,0,0,0
0.86,0.523598775598299,0.531609229385584,0.537241919998127,-0.0333415175386365,0.00336693195640946,-0.00801045378728538,0.00563269061254235,-0.0183299617580888,-0.0183299617580888,0.00563269061254233,0,0,0,0
0.861,0.523598775598299,0.531576172118648,0.533746140315298,-0.0333280597946798,-0.00289949781428285,-0.00797739652034968,0.0021699681966495,-0.00882090971949728,-0.00882090971949728,0.00216996819664949,0,0,0,0
0.862,0.523598775598299,0.531541998488779,0.532238485278439,-0.035092178683022,-0.00372609436882468,-0.00794322289048011,0.000696486789659723,-0.0047833731971682,-0.0047833731971682,0.000696486789659764,0,0,0,0
0.863,0.523598775598299,0.531506004814975,0.529922152049467,-0.0368225398167174,-0.00290872486135934,-0.00790722921667619,-0.00158385276550832,0.00137390851142702,0.00137390851142702,-0.0015838527655083,0,0,0,0
0.864,0.523598775598299,0.531468667134335,0.526330995384257,-0.0376317185840019,-0.000413692177381907,-0.00786989153603657,-0.00513767175007818,0.0108776995520995,0.0108776995520995,-0.00513767175007817,0,0,0,0
0.865,0.523598775598299,0.531431392870739,0.530679345119175,-0.0365131084519244,0.00414577951782541,-0.00783261727244033,-0.000752047751564122,-0.00107897386808482,-0.00107897386808482,-0.000752047751564098,0,0,0,0
0.866,0.523598775598299,0.531395896666149,0.531578351167033,-0.0345701763814192,0.00312272737677797,-0.00779712106785013,0.000182454500884277,-0.0036045449458301,-0.0036045449458301,0.000182454500884282,0,0,0,0
0.867,0.523598775598299,0.53136202436823,0.532224103975549,-0.0333053194666165,0.00164677508729416,-0.00776324876993073,0.000862079607319766,-0.00541561021938276,-0.00541561021938276,0.000862079607319791,0,0,0,0
0.868,0.523598775598299,0.531329019051791,0.52990269683368,-0.0328391098280542,0.000136915640724577,-0.00773024345349238,-0.00142632221811156,0.00077195901851761,0.00077195901851761,-0.00142632221811155,0,0,0,0
0.869,0.523598775598299,0.531296329664609,0.531976148831027,-0.0324490684712665,0.00116033604915311,-0.00769755406631056,0.000679819166417683,-0.0049332814739555,-0.0049332814739555,0.000679819166417704,0,0,0,0
0.87,0.523598775598299,0.531264082353065,0.534497014890074,-0.0321510231350603,-2.99549866551467e-05,-0.00766530675476584,0.00323293253700963,-0.0117653796378257,-0.0117653796378257,0.00323293253700963,0,0,0,0
0.871,0.523598775598299,0.531231644348157,0.534305344783466,-0.0329818239328268,-0.00293090716381055,-0.00763286874985836,0.00307370043530841,-0.0112185574544815,-0.0112185574544815,0.00307370043530838,0,0,0,0
0.872,0.523598775598299,0.531197732938711,0.533368912325286,-0.0349809157438262,-0.00451363556776153,-0.00759895734041227,0.00217117938657529,-0.00867960944633896,-0.00867960944633896,0.00217117938657525,0,0,0,0
0.873,0.523598775598299,0.531161547151576,0.528230884696219,-0.0374004832013573,-0.00462821197391668,-0.00756277155327723,-0.002930662455357,0.00511690284074794,0.00511690284074794,-0.00293066245535706,0,0,0,0
0.874,0.523598775598299,0.531123359041902,0.531074625023192,-0.0385892545478791,-0.000266624250380098,-0.00752458344360329,-4.87340187099727e-05,-0.00271970079124962,-0.00271970079124962,-4.87340187100065e-05,0,0,0,0
0.875,0.523598775598299,0.531084733385564,0.537895712748806,-0.0386426225578154,-4.72769613145117e-05,-0.00748595778726513,0.00681097936324238,-0.021141480952805,-0.021141480952805,0.00681097936324237,0,0,0,0
0.876,0.523598775598299,0.531045521789849,0.532071955162601,-0.0402852163183276,-0.00574723693766094,-0.00744674619155006,0.00102643337275188,-0.00533787226973807,-0.00533787226973807,0.00102643337275189,0,0,0,0
0.877,0.523598775598299,0.531003870984108,0.5241630135992,-0.042878196342449,-0.00419088755668162,-0.0074050953858088,-0.00684085738490714,0.0158596661716054,0.0158596661716054,-0.00684085738490714,0,0,0,0
0.878,0.523598775598299,0.530960660552042,0.531323325739273,-0.0428576384068386,0.00354313685525698,-0.00736188495374301,0.000362665187230826,-0.00371994280014678,-0.00371994280014678,0.000362665187230843,0,0,0,0
0.879,0.523598775598299,0.530918616853293,0.529594325430491,-0.0413597594868651,0.00207769328644073,-0.00731984125499396,-0.00132429142280177,0.000853290986196593,0.000853290986196593,-0.00132429142280172,0,0,0,0
0.88,0.523598775598299,0.530877876866772,0.534846797643962,-0.0400749381938125,0.00259079407774606,-0.0072791012684732,0.00396892077719035,-0.0133968601347621,-0.0133968601347621,0.00396892077719032,0,0,0,0
0.881,0.523598775598299,0.530838084337149,0.530439244506458,-0.0398850286468595,-0.0016416321027119,-0.00723930873885048,-0.000398839830691444,-0.00149693016122712,-0.00149693016122712,-0.000398839830691402,0,0,0,0
0.882,0.523598775598299,0.530797891389703,0.533421623764998,-0.0403969660343122,-0.000469370431756285,-0.00719911579140453,0.00262373237529445,-0.00961647167813118,-0.00961647167813118,0.00262373237529444,0,0,0,0
0.883,0.523598775598299,0.530757198722343,0.52929572951473,-0.0411513385628934,-0.00231044287134936,-0.00715842312404458,-0.00146146920761314,0.00147540101219616,0.00147540101219616,-0.00146146920761313,0,0,0,0
0.884,0.523598775598299,0.530715684437186,0.531733541918531,-0.0416641389603348,9.4603587360044e-05,-0.00711690883888705,0.00101785748134475,-0.00521974190318567,-0.00521974190318567,0.00101785748134477,0,0,0,0
0.885,0.523598775598299,0.530673996077263,0.520836850443293,-0.0417687826433851,-0.000540073325695622,-0.00707522047896458,-0.0098371456339702,0.024013504497041,0.024013504497041,-0.00983714563397023,0,0,0,0
0.886,0.523598775598299,0.530632983315528,0.534374703606011,-0.0394710070112906,0.00833434643680842,-0.00703420771722918,0.00374172029048303,-0.0128060296552472,-0.0128060296552472,0.00374172029048308,0,0,0,0
0.887,0.523598775598299,0.530595122922713,0.52975495893159,-0.0368068979202981,0.00204848519858827,-0.00699634732441401,-0.000840163991123188,-0.000335899029047824,-0.000335899029047824,-0.000840163991123157,0,0,0,0
0.888,0.523598775598299,0.530558878469531,0.529942830325391,-0.0356792926669113,0.0020808500326548,-0.00696010287123205,-0.000616048144140291,-0.000951979548391969,-0.000951979548391969,-0.000616048144140285,0,0,0,0
0.889,0.523598775598299,0.530523746290625,0.525568914593718,-0.0346032696559461,0.00187694653577386,-0.00692497069232578,-0.00495483169690691,0.0107020613906709,0.0107020613906709,-0.00495483169690692,0,0,0,0
0.89,0.523598775598299,0.530490009195618,0.532689930088661,-0.032557676424715,0.00541656648115093,-0.00689123359731914,0.00219992089304266,-0.00868924012024761,-0.00868924012024761,0.00219992089304268,0,0,0,0
0.891,0.523598775598299,0.530458506451956,0.527254240925701,-0.0308046794861074,0.00139016263168206,-0.00685973085365721,-0.00320426552625486,0.00592486024589219,0.00592486024589219,-0.00320426552625484,0,0,0,0
0.892,0.523598775598299,0.530428294803001,0.531277133548537,-0.0294311442257962,0.00350882475169998,-0.00682951920470198,0.000848838745536096,-0.00507428606101204,-0.00507428606101204,0.00084883874553607,0,0,0,0
0.893,0.523598775598299,0.530399588468244,0.533436120542455,-0.0281784436057755,0.00128750628236473,-0.00680081286994472,0.00303653207421184,-0.0109178598816578,-0.0109178598816578,0.00303653207421188,0,0,0,0
0.894,0.523598775598299,0.53037143925315,0.524608305990021,-0.0284072499363206,-0.00195604756074828,-0.00677266365485085,-0.00576313326312916,0.0128434551199678,0.0128434551199678,-0.00576313326312921,0,0,0,0
0.895,0.523598775598299,0.530343073114155,0.530349090184455,-0.0278338677712405,0.0035900266699035,-0.00674429751585581,6.01707030034593e-06,-0.00286218815175005,-0.00286218815175005,6.0170703003947e-06,0,0,0,0
0.896,0.523598775598299,0.530316048002971,0.536102024124318,-0.0263576053383104,0.00199753384416364,-0.00671727240467179,0.00578597612134779,-0.0183912547314131,-0.0183912547314131,0.00578597612134782,0,0,0,0
0.897,0.523598775598299,0.530289640077692,0.531916412127335,-0.0269835998468086,-0.00393467462668346,-0.00669086447939349,0.0016267720496429,-0.00700657733710426,-0.00700657733710426,0.00162677204964291,0,0,0,0
0.898,0.523598775598299,0.530261613808856,0.525681407400688,-0.0290696776602282,-0.00394617916538126,-0.00666283821055713,-0.00458020640816781,0.00973376838403789,0.00973376838403789,-0.00458020640816784,0,0,0,0
0.899,0.523598775598299,0.530232034415841,0.521466302345786,-0.0296152691992461,0.00140264878563042,-0.00663325881754229,-0.00876573207005504,0.0208270658128279,0.0208270658128279,-0.008765732070055,0,0,0,0
0.9,0.523598775598299,0.530203483075331,0.527835697904104,-0.0268850826002982,0.00820708087233862,-0.00660470747703212,-0.00236778517122715,0.00333279856447049,0.00333279856447049,-0.00236778517122721,0,0,0,0
0.901,0.523598775598299,0.530178654085678,0.527570228340663,-0.022901234664294,0.00676416221839736,-0.00657987848737962,-0.00260842574501507,0.00390628643437519,0.00390628643437519,-0.00260842574501503,0,0,0,0
0.902,0.523598775598299,0.530157486262482,0.531847352284316,-0.0195060018492101,0.00596103829476093,-0.00655871066418356,0.00168986602183385,-0.00773472704507008,-0.00773472704507008,0.00168986602183383,0,0,0,0
0.903,0.523598775598299,0.530139152316143,0.5248238834382,-0.0175399768092225,0.00169541159142268,-0.0065403767178438,-0.00531526887794309,0.0111505131267094,0.0111505131267094,-0.00531526887794313,0,0,0,0
0.904,0.523598775598299,0.530122402392331,0.521771992000214,-0.0156660790856916,0.00501515640718325,-0.00652362679403229,-0.0083504103921167,0.0191147839478771,0.0191147839478771,-0.00835041039211668,0,0,0,0
0.905,0.523598775598299,0.530108530853741,0.532949708288499,-0.0116781530709202,0.0095241487310657,-0.00650975525544251,0.00284117743475731,-0.011264805090013,-0.011264805090013,0.00284117743475731,0,0,0,0
0.906,0.523598775598299,0.530098704111948,0.527075945119045,-0.00859245620600047,0.00256145129907994,-0.00649992851364967,-0.00302275899290316,0.00458664698647803,0.00458664698647803,-0.0030227589929032,0,0,0,0
0.907,0.523598775598299,0.530090866142887,0.531872588424491,-0.00702361904694542,0.00323967444194295,-0.00649209054458777,0.00178172228160467,-0.00844954444543645,-0.00844954444543645,0.00178172228160463,0,0,0,0
0.908,0.523598775598299,0.53008433493584,0.535320402257117,-0.00637138092336563,-0.000514240297722371,-0.0064855593375408,0.00523606732127779,-0.0176889945709123,-0.0176889945709123,0.00523606732127783,0,0,0,0
0.909,0.523598775598299,0.530077304782717,0.530544252696995,-0.00815307011986477,-0.00575713485745369,-0.0064785291844186,0.00046694791427726,-0.00470681141522522,-0.00470681141522522,0.0004669479142773,0,0,0,0
0.91,0.523598775598299,0.530067711809677,0.526193893600887,-0.0109487041785169,-0.00481105784963664,-0.00646893621137812,-0.00387381820878963,0.0069576170033067,0.0069576170033067,-0.0038738182087896,0,0,0,0
0.911,0.523598775598299,0.530055916218152,0.53156556561637,-0.0122574131567796,-0.000465636684156378,-0.00645714061985292,0.00150964939821807,-0.007659992385944,-0.007659992385944,0.00150964939821809,0,0,0,0
0.912,0.523598775598299,0.530043345267654,0.534540776493718,-0.0130558256205795,-0.00240124943486816,-0.00644456966935469,0.00449743122606483,-0.0156437050003017,-0.0156437050003017,0.00449743122606487,0,0,0,0
0.913,0.523598775598299,0.53002928371722,0.530701416985964,-0.0153942016007341,-0.00609578650871497,-0.0064305081189211,0.000672133268743602,-0.00520978173582965,-0.00520978173582965,0.000672133268743626,0,0,0,0
0.914,0.523598775598299,0.530012377123651,0.519426059997013,-0.0183210390058283,-0.00499439058811795,-0.00641360152535231,-0.0105863171266377,0.0250705660629326,0.0250705660629326,-0.0105863171266377,0,0,0,0
0.915,0.523598775598299,0.529993761485734,0.530676580411088,-0.0179943332110631,0.00534667041788289,-0.0063949858874347,0.000682818925354822,-0.00558589743131464,-0.00558589743131464,0.000682818925354868,0,0,0,0
0.916,0.523598775598299,0.52997686260131,0.532236651153707,-0.0161035270895772,0.00196148956820806,-0.00637808700301168,0.00225978855239606,-0.00979010669643241,-0.00979010669643241,0.00225978855239602,0,0,0,0
0.917,0.523598775598299,0.529960943270632,0.525020648556943,-0.0160410173927581,-0.0014918416573743,-0.00636216767233289,-0.00494029471368829,0.00964695683271844,0.00964695683271844,-0.00494029471368831,0,0,0,0
0.918,0.523598775598299,0.52994491280178,0.524523326185008,-0.0156621016011409,0.00254851014783669,-0.00634613720348076,-0.00542158661677195,0.0107716402007206,0.0107716402007206,-0.00542158661677195,0,0,0,0
0.919,0.523598775598299,0.529930218150159,0.531013719673016,-0.0134775718631433,0.00537013510675258,-0.00633144255186036,0.00108350152285641,-0.00689517837140054,-0.00689517837140054,0.00108350152285641,0,0,0,0
0.92,0.523598775598299,0.529917787028087,0.528785876361081,-0.0117324210260638,0.00144668258438534,-0.00631901142978786,-0.00113191066700613,-0.000896163691579372,-0.000896163691579372,-0.00113191066700608,0,0,0,0
0.921,0.523598775598299,0.529906390129466,0.535389038410047,-0.0111099247467099,0.00089950935136649,-0.00630761453116724,0.00548264828058131,-0.01871178916816,-0.01871178916816,0.00548264828058128,0,0,0,0
0.922,0.523598775598299,0.529894925401528,0.532487352670406,-0.0123503298734659,-0.00509509157103737,-0.00629614980322912,0.00259242726887787,-0.010749392918424,-0.010749392918424,0.00259242726887788,0,0,0,0
0.923,0.523598775598299,0.529881107165811,0.530828030731147,-0.0153847851880045,-0.00621336447094387,-0.00628233156751201,0.000946923565336211,-0.00623478482010797,-0.00623478482010797,0.000946923565336258,0,0,0,0
0.924,0.523598775598299,0.529864150691319,0.535947312086286,-0.0184549443326841,-0.0053913541003276,-0.00626537509301972,0.00608316139496701,-0.0200004242462111,-0.0200004242462111,0.00608316139496706,0,0,0,0
0.925,0.523598775598299,0.529843885016649,0.530874709008055,-0.0224106307556006,-0.00917074502396904,-0.00624510941835044,0.00103082399140619,-0.00619561908259352,-0.00619561908259352,0.00103082399140618,0,0,0,0
0.926,0.523598775598299,0.529819248890917,0.535324080362008,-0.0266698887179049,-0.00701252279206834,-0.00622047329261832,0.0055048314710906,-0.0181679754859343,-0.0181679754859343,0.00550483147109057,0,0,0,0
0.927,0.523598775598299,0.5297904796596,0.522683597621636,-0.0310772559566871,-0.00937520553058887,-0.00619170406130087,-0.00710688203796328,0.0159468903451858,0.0159468903451858,-0.00710688203796327,0,0,0,0
0.928,0.523598775598299,0.529757855561413,0.532245596895466,-0.0333317271496232,9.61202820204607e-05,-0.00615907996311404,0.00248774133405349,-0.010059808435152,-0.010059808435152,0.00248774133405352,0,0,0,0
0.929,0.523598775598299,0.52972432297482,0.522368793224304,-0.0339441339119572,-0.00228347468301658,-0.00612554737652127,-0.00735552975051601,0.0165235305330862,0.0165235305330862,-0.00735552975051597,0,0,0,0
0.93,0.523598775598299,0.529690477481771,0.528338224177045,-0.0331288062961814,0.00469550574940533,-0.00609170188347263,-0.0013522533047261,0.000169524866887805,0.000169524866887805,-0.00135225330472608,0,0,0,0
0.931,0.523598775598299,0.52965852088726,0.532806564741515,-0.0308667291243987,0.00376923122261562,-0.00605974528896158,0.00314804385425438,-0.0119312303013742,-0.0119312303013742,0.00314804385425438,0,0,0,0
0.932,0.523598775598299,0.529628225599338,0.534826387630922,-0.0301188084279488,-0.000688763138458831,-0.00602945000103894,0.00519816203158407,-0.0172930275712927,-0.0172930275712927,0.00519816203158404,0,0,0,0
0.933,0.523598775598299,0.529597488709111,0.527366726831523,-0.0317487515038934,-0.00513700277724824,-0.00599871311081268,-0.00223076187758875,0.00289004584691379,0.00289004584691379,-0.00223076187758878,0,0,0,0
0.934,0.523598775598299,0.529564749539934,0.527178252089965,-0.0334007470290304,-0.00142689155065927,-0.00596597394163478,-0.00238649744996822,0.00326373990874943,0.00326373990874943,-0.00238649744996821,0,0,0,0
0.935,0.523598775598299,0.529531221940642,0.532307406222177,-0.0334389565701902,0.0010059927367777,-0.00593244634234358,0.00277618428153426,-0.0106576330680651,-0.0106576330680651,0.0027761842815343,0,0,0,0
0.936,0.523598775598299,0.52949777124097,0.533112262868037,-0.0337209327188902,-0.00191278914729331,-0.00589899564267093,0.00361449162706762,-0.0127737245695082,-0.0127737245695082,0.00361449162706764,0,0,0,0
0.937,0.523598775598299,0.529463306073927,0.522051065690203,-0.0354262777703527,-0.00436390398318469,-0.00586453047562807,-0.00741224038372368,0.0170279252949043,0.0170279252949043,-0.00741224038372367,0,0,0,0
0.938,0.523598775598299,0.529427523680295,0.525732593267124,-0.0354314807344059,0.00361845483481233,-0.00582874808199652,-0.00369493041317093,0.00681556182582471,0.00681556182582471,-0.00369493041317094,0,0,0,0
0.939,0.523598775598299,0.529393235374128,0.530373100076553,-0.0329988944001127,0.00527315064535048,-0.00579445977582871,0.000979864702425393,-0.00583497876591758,-0.00583497876591758,0.000979864702425431,0,0,0,0
0.94,0.523598775598299,0.529361350233299,0.523271817790673,-0.0310422850359016,0.00221766630219091,-0.00576257463500063,-0.00608953244262656,0.0132406374871542,0.0132406374871542,-0.0060895324426266,0,0,0,0
0.941,0.523598775598299,0.529331322022583,0.530673009395685,-0.0286493932188711,0.00633923833108735,-0.005732546424284,0.00134168737310258,-0.00691075979647278,-0.00691075979647278,0.00134168737310261,0,0,0,0
0.942,0.523598775598299,0.529303983279123,0.530328702998279,-0.0263755637587315,0.00241973093514664,-0.00570520768082461,0.00102471971915552,-0.00597759267066925,-0.00597759267066925,0.00102471971915557,0,0,0,0
0.943,0.523598775598299,0.52927804655867,0.5265733477295,-0.0256895466447068,0.000256815551039247,-0.00567927096037113,-0.00270469882917024,0.0041100972683807,0.0041100972683807,-0.00270469882917027,0,0,0,0
0.944,0.523598775598299,0.52925261924011,0.52491493238587,-0.025001028466223,0.00211011868281534,-0.00565384364181098,-0.00433768685423952,0.00842995549711733,0.00842995549711733,-0.00433768685423952,0,0,0,0
0.945,0.523598775598299,0.529228438239199,0.527482960354647,-0.0231410045903721,0.00459638002307679,-0.00562966264090048,-0.00174547788455237,0.00133662331216678,0.00133662331216678,-0.00174547788455242,0,0,0,0
0.946,0.523598775598299,0.529206455136528,0.528216984267684,-0.0208938077298236,0.00382520132055032,-0.00560767953822872,-0.000989470868843711,-0.000731659129159346,-0.000731659129159346,-0.000989470868843663,0,0,0,0
0.947,0.523598775598299,0.529186471303276,0.526921336294281,-0.0191790051068336,0.0026406882721873,-0.00558769570497752,-0.00226513500899583,0.00268342197329235,0.00268342197329235,-0.00226513500899582,0,0,0,0
0.948,0.523598775598299,0.529168034980798,0.529627844327462,-0.0176661355065888,0.00295349853408776,-0.00556925938249897,0.000459809346664009,-0.0047018751199231,-0.0047018751199231,0.000459809346664026,0,0,0,0
0.949,0.523598775598299,0.529150944964478,0.528162148980349,-0.0167076686574879,0.000767262853950856,-0.00555216936617919,-0.000988795984129265,-0.000775899184785439,-0.000775899184785439,-0.000988795984129286,0,0,0,0
0.95,0.523598775598299,0.529134435760454,0.527803207789974,-0.0163214021786256,0.000647463400251221,-0.00553566016215501,-0.00133122797047935,0.000123773151351623,0.000123773151351623,-0.00133122797047936,0,0,0,0
0.951,0.523598775598299,0.529118312829217,0.524196664937543,-0.0159066389519621,0.000849293315107979,-0.00551953723091836,-0.00492164789167426,0.00974104460697385,0.00974104460697385,-0.0049216478916743,0,0,0,0
0.952,0.523598775598299,0.529102953807755,0.527827362047155,-0.0145317215779071,0.00400898962091682,-0.00550417820945615,-0.00127559176059988,-0.000217262613876319,-0.000217262613876319,-0.00127559176059988,0,0,0,0
0.953,0.523598775598299,0.529089372073511,0.524821491317588,-0.0127430527572105,0.00275504717310049,-0.00549059647521188,-0.00426788075592277,0.00779493306342829,0.00779493306342829,-0.00426788075592281,0,0,0,0
0.954,0.523598775598299,0.529077541090745,0.528504806839297,-0.0107664149692653,0.00447973642748518,-0.00547876549244619,-0.00057273425144766,-0.0022748164370473,-0.0022748164370473,-0.00057273425144769,0,0,0,0
0.955,0.523598775598299,0.529067756257101,0.530069083287634,-0.00899689117284891,0.00229622401269968,-0.00546898065880175,0.00100132703053346,-0.00651525116422645,-0.00651525116422645,0.00100132703053347,0,0,0,0
0.956,0.523598775598299,0.529059103235028,0.528878687426758,-0.00855063340531549,-0.000429419924188903,-0.00546032763672877,-0.000180415808269996,-0.00329696203562384,-0.00329696203562384,-0.000180415808269941,0,0,0,0
0.957,0.523598775598299,0.529050374748271,0.531485288698,-0.00896486949804585,-0.00109084358671091,-0.00545159914997206,0.00243491394972906,-0.0103271969862362,-0.0103271969862362,0.00243491394972909,0,0,0,0
0.958,0.523598775598299,0.52904085979769,0.529108947959865,-0.0102970684746613,-0.0037125559133304,-0.00544208419939163,6.80881621744067e-05,-0.00387385194473798,-0.00387385194473798,6.80881621743761e-05,0,0,0,0
0.959,0.523598775598299,0.529029622092022,0.526583428256543,-0.0121362810510127,-0.00324045616771992,-0.00543084649372316,-0.00244619383547895,0.00289404993425041,0.00289404993425041,-0.00244619383547892,0,0,0,0
0.96,0.523598775598299,0.529016872333185,0.534485613512553,-0.0131434630289792,-0.000760730275749908,-0.0054180967348858,0.00546874117936869,-0.0184531841364868,-0.0184531841364868,0.00546874117936872,0,0,0,0
0.961,0.523598775598299,0.52900300904196,0.536509479443255,-0.015045035642399,-0.0059786452843277,-0.0054042334436607,0.00750647040129504,-0.0237225260506655,-0.0237225260506655,0.00750647040129502,0,0,0,0
0.962,0.523598775598299,0.528985891678965,0.521977390848149,-0.0196157676329584,-0.0107959708794829,-0.00538711608066655,-0.00700850083081628,0.0155690142658174,0.0155690142658174,-0.00700850083081631,0,0,0,0
0.963,0.523598775598299,0.52896435993327,0.522992137533312,-0.0225959772938952,-0.00118424156864941,-0.00536558433497125,-0.00597222239995765,0.0125583236754623,0.0125583236754623,-0.00597222239995767,0,0,0,0
0.964,0.523598775598299,0.528941955606338,0.525415568826054,-0.0217690766519444,0.00382525838177068,-0.00534318000803902,-0.00352638678028405,0.00580669038741825,0.00580669038741825,-0.0035263867802841,0,0,0,0
0.965,0.523598775598299,0.528921305874295,0.529550099177008,-0.0194501961097624,0.00473412331335714,-0.00532253027599661,0.000628793302712261,-0.0054513026852819,-0.0054513026852819,0.000628793302712267,0,0,0,0
0.966,0.523598775598299,0.528902819710836,0.534386526986006,-0.0177941265775391,0.00166578858903145,-0.00530404411253693,0.00548370727517056,-0.01844710380391,-0.01844710380391,0.00548370727517055,0,0,0,0
0.967,0.523598775598299,0.528884873236918,0.523711917945673,-0.0186335451246669,-0.00437252119039294,-0.00528609763861898,-0.00517295529124484,0.0104140241911619,0.0104140241911619,-0.00517295529124485,0,0,0,0
0.968,0.523598775598299,0.528865624277735,0.527974674484813,-0.0193802066342517,0.00109259991407056,-0.00526684867943572,-0.000890949792921703,-0.00125207896877167,-0.00125207896877167,-0.000890949792921648,0,0,0,0
0.969,0.523598775598299,0.528846509398446,0.529532628379965,-0.0188787589053657,0.000763610435371533,-0.00524773380014709,0.000686118981518602,-0.00549279272653544,-0.00549279272653544,0.000686118981518554,0,0,0,0
0.97,0.523598775598299,0.528827685261744,0.530952147480566,-0.0189074738492802,-0.000793996349219997,-0.00522890966344469,0.00212446221882234,-0.00930607158611189,-0.00930607158611189,0.00212446221882239,0,0,0,0
0.971,0.523598775598299,0.528808356254496,0.528024885701525,-0.0199418430936238,-0.00295536702748003,-0.00520958065619703,-0.0007834705529709,-0.00138797420144004,-0.00138797420144004,-0.000783470552970945,0,0,0,0
0.972,0.523598775598299,0.528787752903856,0.52059846964484,-0.0211574727906304,-0.00174482074988807,-0.00518897730555712,-0.00818928325901613,0.0185176742404493,0.0185176742404493,-0.00818928325901618,0,0,0,0
0.973,0.523598775598299,0.528766843515679,0.53101069848999,-0.0200345229095621,0.00533324010790916,-0.00516806791737978,0.00224385497431157,-0.00977987167973618,-0.00977987167973618,0.00224385497431155,0,0,0,0
0.974,0.523598775598299,0.528747774535325,0.526960676091108,-0.0185161173395973,0.00067637518255838,-0.00514899893702658,-0.00178709844421743,0.00116716301021769,0.00116716301021769,-0.00178709844421746,0,0,0,0
0.975,0.523598775598299,0.528729502783764,0.522601211443464,-0.017976372694809,0.00125312930724599,-0.00513072718546492,-0.00612829134029946,0.0128014107106647,0.0128014107106647,-0.00612829134029949,0,0,0,0
0.976,0.523598775598299,0.528712268970131,0.529125253586514,-0.0161349795787514,0.00527826211147236,-0.00511349337183264,0.000412984616382839,-0.00496597571152415,-0.00496597571152415,0.000412984616382823,0,0,0,0
0.977,0.523598775598299,0.528697228109278,0.531319856444264,-0.0142312657841761,0.0020688614755679,-0.00509845251097918,0.00262262833498583,-0.0108615953209303,-0.0108615953209303,0.00262262833498579,0,0,0,0
0.978,0.523598775598299,0.528683166292885,0.530272242285445,-0.0142361913282537,-0.00181292844872611,-0.00508439069458622,0.00158907599256042,-0.00796755800042418,-0.00796755800042418,0.00158907599256046,0,0,0,0
0.979,0.523598775598299,0.528668304916198,0.528668088633166,-0.0156157763289452,-0.00327384426826658,-0.00506952931789895,-2.16283031373443e-07,-0.00361815814893233,-0.00361815814893233,-2.16283031339128e-07,0,0,0,0
0.98,0.523598775598299,0.528651871980504,0.517209385172162,-0.0172040133406128,-0.00275598051372186,-0.00505309638220519,-0.0114424868083419,0.0271593050631652,0.0271593050631652,-0.0114424868083419,0,0,0,0
0.981,0.523598775598299,0.528634947275027,0.529116119370155,-0.0157503605506776,0.00735119939915645,-0.0050361716767281,0.000481172095128213,-0.00526274717451691,-0.00526274717451691,0.000481172095128258,0,0,0,0
0.982,0.523598775598299,0.528620753791023,0.530932255624108,-0.0130015718491943,0.003234898276525,-0.00502197819272465,0.00231150183308426,-0.0101337469462519,-0.0101337469462519,0.0023115018330843,0,0,0,0
0.983,0.523598775598299,0.528608207377849,0.533198129331811,-0.0124575044695762,-0.000899248074133514,-0.00500943177954982,0.00458992195396246,-0.0161515087092867,-0.0161515087092867,0.00458992195396246,0,0,0,0
0.984,0.523598775598299,0.528595069274366,0.535335362143442,-0.0142128423075343,-0.00535174533015265,-0.00499629367606713,0.00674029286907629,-0.0217482385530894,-0.0217482385530894,0.00674029286907624,0,0,0,0
0.985,0.523598775598299,0.528578987301281,0.522547439898832,-0.0183452250685656,-0.00980762394389766,-0.00498021170298246,-0.00603154740244904,0.0128376997961899,0.0128376997961899,-0.006031547402449,0,0,0,0
0.986,0.523598775598299,0.52855886168832,0.534798431426786,-0.0211676805137904,-0.0014762391421793,-0.00496008609002108,0.00623956973846584,-0.0203291622361755,-0.0203291622361755,0.0062395697384658,0,0,0,0
0.987,0.523598775598299,0.528536774460084,0.530877184853801,-0.0234787148972391,-0.00680792945105289,-0.00493799886178503,0.00234041039371691,-0.00959416946821308,-0.00959416946821308,0.00234041039371689,0,0,0,0
0.988,0.523598775598299,0.528511505217475,0.530217301907082,-0.0270421786022156,-0.00661470259481427,-0.00491272961917633,0.00170579668960669,-0.00777001756000878,-0.00777001756000878,0.00170579668960664,0,0,0,0
0.989,0.523598775598299,0.528482784539189,0.527373048357746,-0.0303290753117036,-0.00582820846814233,-0.00488400894089003,-0.00110973618144328,-0.000100804277587621,-0.000100804277587621,-0.00110973618144325,0,0,0,0
0.99,0.523598775598299,0.528451208559457,0.539686135863314,-0.032557351312313,-0.00283370483936579,-0.004852432961158,0.0112349273038573,-0.033271521915851,-0.033271521915851,0.0112349273038573,0,0,0,0
0.991,0.523598775598299,0.528417044919364,0.528442147188943,-0.0365326470999596,-0.0114508127298042,-0.00481826932106544,2.51022695787473e-05,-0.00269609444090577,-0.00269609444090577,2.51022695787538e-05,0,0,0,0
0.992,0.523598775598299,0.52837791739632,0.526108122614952,-0.041322470669975,-0.00694285204191489,-0.0047791417980213,-0.00226979478136824,0.00352517288841556,0.00352517288841556,-0.00226979478136819,0,0,0,0
0.993,0.523598775598299,0.528335239745559,0.527600097658365,-0.043602632125786,-0.00208934616151921,-0.00473646414726059,-0.000735142087193941,-0.000617220671325204,-0.000617220671325204,-0.000735142087193886,0,0,0,0
0.994,0.523598775598299,0.528291265459488,0.528587964496188,-0.0441936396959373,-0.000370765890988174,-0.00469248986118931,0.00029669903669971,-0.00334865834360812,-0.00334865834360812,0.000296699036699765,0,0,0,0
0.995,0.523598775598299,0.528247007794169,0.525685950809752,-0.0443037460106941,-0.000168333655733359,-0.00464823219586974,-0.00256105698441667,0.00441118826210347,0.00441118826210347,-0.00256105698441669,0,0,0,0
0.996,0.523598775598299,0.528202932047247,0.528573858337047,-0.0436188792795215,0.00241663094070142,-0.00460415644894807,0.000370926289799733,-0.00349134332434072,-0.00349134332434072,0.000370926289799779,0,0,0,0
0.997,0.523598775598299,0.528159879340316,0.52876080021525,-0.0425696939818251,0.00147934508897895,-0.00456110374201746,0.000600920874934019,-0.00402935819668975,-0.00402935819668975,0.000600920874934011,0,0,0,0
0.998,0.523598775598299,0.528117641812389,0.529989365792681,-0.0419737456310132,0.000708191705009653,-0.00451886621409003,0.00187172398029256,-0.0073601011597543,-0.0073601011597543,0.00187172398029256,0,0,0,0
0.999,0.523598775598299,0.528075717100069,0.528260795084666,-0.0420123069191443,-0.000834397977938533,-0.0044769415017698,0.000185077984597215,-0.00269994452524427,-0.00269994452524427,0.000185077984597182,0,0,0,0
1,0.523598775598299,0.528033549197355,0.532143322253904,-0.0422763150526133,-0.000302094839438556,-0.00443477359905575,0.00410977305654969,-0.0131827131148051,-0.0131827131148051,0.00410977305654966,0,0,0,0
1.001,0.523598775598299,0.527990907928265,0.532137033900181,-0.0432707477909041,-0.00329008524857671,-0.00439213232996616,0.00414612597191644,-0.013077264048517,-0.013077264048517,0.00414612597191645,0,0,0,0
1.002,0.523598775598299,0.527946596257111,0.52454522272249,-0.04550922276844,-0.00506180290857267,-0.0043478206588119,-0.00340137353462056,0.00741136932234301,0.00741136932234301,-0.00340137353462054,0,0,0,0
1.003,0.523598775598299,0.52790029623009,0.527409670592778,-0.0466069078507731,0.00040004227533542,-0.00430152063179134,-0.000490625637312614,-0.000472467726892535,-0.000472467726892535,-0.000490625637312616,0,0,0,0
1.004,0.523598775598299,0.527853899174444,0.525201702833651,-0.0461096751085512,0.00127608973065066,-0.00425512357614488,-0.00265219634079294,0.00538290746169583,0.00538290746169583,-0.00265219634079295,0,0,0,0
1.005,0.523598775598299,0.527808383171377,0.521207637692121,-0.0447118093309984,0.00365499521549433,-0.00420960757307864,-0.0066007454792566,0.0159639127075567,0.0159639127075567,-0.00660074547925663,0,0,0,0
1.006,0.523598775598299,0.527765138877132,0.531751029861414,-0.0413544065467769,0.00842866178510897,-0.00416636327883346,0.00398589098428181,-0.0126621135470997,-0.0126621135470997,0.00398589098428182,0,0,0,0
1.007,0.523598775598299,0.527725426563402,0.525444711820664,-0.0386223217764649,0.00219956150058494,-0.00412665096510356,-0.00228071474273883,0.00437694262298888,0.00437694262298888,-0.00228071474273883,0,0,0,0
1.008,0.523598775598299,0.527687555473604,0.533861262027509,-0.0369860856623024,0.00371232357445587,-0.00408877987530543,0.00617370655390437,-0.0183792896560975,-0.0183792896560975,0.00617370655390441,0,0,0,0
1.009,0.523598775598299,0.527650941367433,0.5328653838305,-0.0368022519748838,-0.00261122274545831,-0.0040521657691337,0.00521444246306746,-0.0155398797011031,-0.0155398797011031,0.00521444246306741,0,0,0,0
1.01,0.523598775598299,0.527613156742552,0.530036428345316,-0.0390305359939918,-0.0055899402375985,-0.00401438114425323,0.00242327160276357,-0.00781559991613257,-0.00781559991613257,0.0024232716027636,0,0,0,0
1.011,0.523598775598299,0.527572714547965,0.531437860599476,-0.0417933663638065,-0.00491121732766388,-0.00397393894966569,0.00386514605151156,-0.0115657087702935,-0.0115657087702935,0.00386514605151159,0,0,0,0
1.012,0.523598775598299,0.527529553746001,0.529198771581252,-0.0445900612535785,-0.00561343329097738,-0.00393077814770226,0.00166921783525042,-0.00548388521342038,-0.00548388521342038,0.00166921783525043,0,0,0,0
1.013,0.523598775598299,0.527483636351124,0.521794613177162,-0.0471055692086745,-0.00404612314377856,-0.00388486075282568,-0.00568902317396291,0.014398739310777,0.014398739310777,-0.00568902317396292,0,0,0,0
1.014,0.523598775598299,0.52743619748317,0.531862855109038,-0.0471236058464166,0.0032761126498141,-0.00383742188487135,0.00442665762586825,-0.0129381314029366,-0.0129381314029366,0.00442665762586828,0,0,0,0
1.015,0.523598775598299,0.527389547441155,0.529867468547268,-0.0465462683469139,-0.000897952291231315,-0.00379077184285659,0.00247792110611256,-0.007490686796682,-0.007490686796682,0.00247792110611254,0,0,0,0
1.016,0.523598775598299,0.527342692489434,0.523009908964615,-0.04723846086514,-0.00174378231739308,-0.00374391689113551,-0.00433278352481969,0.0109511782480042,0.0109511782480042,-0.00433278352481964,0,0,0,0
1.017,0.523598775598299,0.527295537662123,0.529138801001292,-0.0465981664529397,0.00359767138117718,-0.00369676206382419,0.00184326333916895,-0.00575145171684676,-0.00575145171684676,0.00184326333916891,0,0,0,0
1.018,0.523598775598299,0.527249712327549,0.523005203116946,-0.0452329646922421,0.00156231501692405,-0.0036509367292501,-0.0042445092106026,0.0107256594495369,0.0107256594495369,-0.0042445092106026,0,0,0,0
1.019,0.523598775598299,0.527205304894993,0.530996596817408,-0.0432333392103054,0.00550059816431958,-0.00360652929669414,0.00379129192241512,-0.0109758192853014,-0.0109758192853014,0.0037912919224151,0,0,0,0
1.02,0.523598775598299,0.527163103905867,0.523157563178264,-0.0415685827724117,0.000987741901616066,-0.0035643283075677,-0.00400554072760206,0.0101567698622167,0.0101567698622167,-0.00400554072760203,0,0,0,0
1.021,0.523598775598299,0.527122201189609,0.52670572900065,-0.0398927120155084,0.00487559471529611,-0.0035234255913098,-0.000416472188958683,0.000407042264412684,0.000407042264412684,-0.000416472188958685,0,0,0,0
1.022,0.523598775598299,0.527083548687731,0.524587473763416,-0.0374789968642145,0.00412613954611098,-0.00348477308943207,-0.00249607492431536,0.00601807155897778,0.00601807155897778,-0.00249607492431538,0,0,0,0
1.023,0.523598775598299,0.52704730940276,0.52829601784706,-0.0348885614125758,0.0053833769532902,-0.00344853380446086,0.00124870844429992,-0.00410333268444583,-0.00410333268444583,0.00124870844429989,0,0,0,0
1.024,0.523598775598299,0.527013619954167,0.530228181923405,-0.0327122180150381,0.00288161084584317,-0.00341484435586825,0.00321456196923753,-0.00931602511713658,-0.00931602511713658,0.00321456196923758,0,0,0,0
1.025,0.523598775598299,0.526981364556097,0.536554825141635,-0.0320855430084541,-0.00035728072985119,-0.00338258895779797,0.00957346058553843,-0.0262726921360089,-0.0262726921360089,0.00957346058553838,0,0,0,0
1.026,0.523598775598299,0.526948458155158,0.523932087460751,-0.0343798680898426,-0.00772871634040303,-0.0033496825568593,-0.00301637069440697,0.00791923041608381,0.00791923041608381,-0.00301637069440699,0,0,0,0
1.027,0.523598775598299,0.526912662826257,0.526141070663379,-0.0366459116585996,-0.00135465723992625,-0.00331388722795867,-0.000771592162878809,0.00179640154812862,0.00179640154812862,-0.000771592162878808,0,0,0,0
1.028,0.523598775598299,0.52687586942518,0.52865012859906,-0.0367617536283018,0.000667626027196399,-0.00327709382688091,0.00177425917388008,-0.00504973935206921,-0.00504973935206921,0.00177425917388008,0,0,0,0
1.029,0.523598775598299,0.526839205609735,0.522941578528387,-0.0366480031473204,-0.000259404763022507,-0.00324043001143637,-0.00389762708134833,0.0102813166229267,0.0102813166229267,-0.00389762708134828,0,0,0,0
1.03,0.523598775598299,0.526802928600545,0.52732041903456,-0.0355265511470134,0.0040264455854819,-0.00320415300224586,0.000517490434015278,-0.00169921314465966,-0.00169921314465966,0.000517490434015251,0,0,0,0
1.031,0.523598775598299,0.526768369262066,0.528863684825799,-0.033698507578341,0.00282815555020366,-0.00316959366376757,0.00209531556373266,-0.00589861545307944,-0.00589861545307944,0.00209531556373269,0,0,0,0
1.032,0.523598775598299,0.526735226310076,0.527805846200812,-0.0327744660442724,0.000717532223189562,-0.00313645071177737,0.00107061989073531,-0.003052052659767,-0.003052052659767,0.00107061989073532,0,0,0,0
1.033,0.523598775598299,0.526702612956961,0.52765328888789,-0.0324889965200386,0.00030298389902992,-0.00310383735866215,0.000950675930929124,-0.00267651359168015,-0.00267651359168015,0.000950675930929169,0,0,0,0
1.034,0.523598775598299,0.526670201495919,0.535477848158828,-0.0323465400585947,0.000160781277031821,-0.00307142589762011,0.00880764666290879,-0.0237461795520692,-0.0237461795520692,0.00880764666290875,0,0,0,0
1.035,0.523598775598299,0.526637233048081,0.528634321138516,-0.034189327892826,-0.00660441009346806,-0.00303845744978204,0.00199708809043486,-0.00511864249121763,-0.00511864249121763,0.00199708809043483,0,0,0,0
1.036,0.523598775598299,0.526601471918153,0.526965751226903,-0.0371727921412824,-0.00480093643070629,-0.0030026963198545,0.000364279308749715,-0.000648421560938446,-0.000648421560938446,0.000364279308749759,0,0,0,0
1.037,0.523598775598299,0.526563289020049,0.52209110348513,-0.0389627919957936,-0.00220454270783576,-0.00296451342175053,-0.00447218553491924,0.0123803605001244,0.0123803605001244,-0.00447218553491924,0,0,0,0
1.038,0.523598775598299,0.526524326185691,0.530081715571143,-0.0384524887641339,0.00355851698379598,-0.00292555058739241,0.00355738938545136,-0.00933719926406692,-0.00933719926406692,0.00355738938545134,0,0,0,0
1.039,0.523598775598299,0.526486500822217,0.530061488844091,-0.0374961904542329,0.000196075648523153,-0.002887725223918,0.00357498802187461,-0.00923689892197494,-0.00923689892197494,0.0035749880218746,0,0,0,0
1.04,0.523598775598299,0.526448864551921,0.530502179457381,-0.0379580542025201,-0.0018560641351471,-0.00285008895362171,0.00405331490546013,-0.0103787761903368,-0.0103787761903368,0.00405331490546016,0,0,0,0
1.041,0.523598775598299,0.526410263115475,0.523024298215377,-0.0393869724450175,-0.00346314136490084,-0.00281148751717586,-0.00338596490009779,0.00977516158325997,0.00977516158325997,-0.00338596490009783,0,0,0,0
1.042,0.523598775598299,0.526370507560063,0.528793639326437,-0.0396426024362668,0.00197302136694625,-0.00277173196176428,0.00242313176637365,-0.00593951896402964,-0.00593951896402964,0.00242313176637371,0,0,0,0
1.043,0.523598775598299,0.526331241015871,0.527164988064234,-0.0390359771009582,0.000331340320228375,-0.00273246541757188,0.000833747048363698,-0.00156218172855611,-0.00156218172855611,0.000833747048363728,0,0,0,0
1.044,0.523598775598299,0.526292343050446,0.530721022663624,-0.0387276064550561,0.000697007720339476,-0.00269356745214711,0.00442867961317828,-0.0111775219156653,-0.0111775219156653,0.00442867961317826,0,0,0,0
1.045,0.523598775598299,0.526253531858024,0.520470130649939,-0.0391453668797218,-0.00213277179079219,-0.00265475625972567,-0.00578340120808563,0.0164417184665285,0.0164417184665285,-0.00578340120808566,0,0,0,0
1.046,0.523598775598299,0.526214531843998,0.523905829875472,-0.0382324246824732,0.00489366807554042,-0.00261575624569965,-0.00230870196852617,0.00691434540480844,0.00691434540480844,-0.00230870196852614,0,0,0,0
1.047,0.523598775598299,0.526177744869281,0.525456495908416,-0.035230069006711,0.0061565415050562,-0.00257896927098256,-0.000721248960865561,0.00258361484827197,0.00258361484827197,-0.00072124896086556,0,0,0,0
1.048,0.523598775598299,0.526144102954926,0.527044511128849,-0.0321139084418763,0.00548216934398308,-0.0025453273566276,0.000900408173922562,-0.00178799875482832,-0.00178799875482832,0.000900408173922525,0,0,0,0
1.049,0.523598775598299,0.526113276016616,0.53181179428612,-0.0297065327371704,0.00360528989674191,-0.00251450041831702,0.00569851826950374,-0.0146461012473553,-0.0146461012473553,0.00569851826950371,0,0,0,0
1.05,0.523598775598299,0.526084014286002,0.517284238058765,-0.0292849991089961,-0.0016785984495518,-0.00248523868770334,-0.00879977622723671,0.0245222114500072,0.0245222114500072,-0.00879977622723667,0,0,0,0
1.051,0.523598775598299,0.526055205727733,0.525949510512982,-0.0275209795225487,0.00748182750223909,-0.00245643012943375,-0.000105695214750678,0.000842629192469703,0.000842629192469703,-0.000105695214750723,0,0,0,0
1.052,0.523598775598299,0.526029498307819,0.519591703022028,-0.0240656823985406,0.00554717365679924,-0.00243072270952038,-0.00643779528579125,0.0178572808185439,0.0178572808185439,-0.00643779528579121,0,0,0,0
1.053,0.523598775598299,0.526007332895899,0.531178058097811,-0.0199010135150701,0.00966447641769936,-0.00240855729760003,0.00517072520191231,-0.0135766343999996,-0.0135766343999996,0.00517072520191234,0,0,0,0
1.054,0.523598775598299,0.52598926574023,0.522920364510543,-0.0169016430994627,0.00212337855844573,-0.00239049014193149,-0.00306890122968695,0.00873928847067994,0.00873928847067994,-0.00306890122968695,0,0,0,0
1.055,0.523598775598299,0.525973173743507,0.532500684255372,-0.0150723270830235,0.00449730862508432,-0.00237439814520868,0.00652751051186418,-0.0171817436908895,-0.0171817436908895,0.00652751051186423,0,0,0,0
1.056,0.523598775598299,0.525958627737361,0.524328983693341,-0.0146223550193011,-0.00230616390825919,-0.00235985213906265,-0.00162964404402066,0.00494967888297719,0.00494967888297719,-0.00162964404402062,0,0,0,0
1.057,0.523598775598299,0.525943677354317,0.52082481313526,-0.0150275240806579,0.000525742287389992,-0.00234490175601865,-0.00511886421905716,0.0142440582117811,0.0142440582117811,-0.00511886421905714,0,0,0,0
1.058,0.523598775598299,0.52592926352364,0.525647861488509,-0.0133850119781132,0.0052149955599094,-0.00233048792534085,-0.000281402035130829,0.00103905927439678,0.00103905927439678,-0.000281402035130806,0,0,0,0
1.059,0.523598775598299,0.525917140289869,0.536055627141347,-0.0109815530967952,0.0038627236974201,-0.00231836469156976,0.010138486851478,-0.0269994191861161,-0.0269994191861161,0.010138486851478,0,0,0,0
1.06,0.523598775598299,0.525906217871112,0.527654714120471,-0.0117286654790527,-0.00590857198153659,-0.00230744227281332,0.00174849624935891,-0.00412065706627697,-0.00412065706627697,0.00174849624935893,0,0,0,0
1.061,0.523598775598299,0.525893043513355,0.522664923503451,-0.0145062139456887,-0.00462755712519955,-0.00229426791505649,-0.00322812000990402,0.0092849170289724,0.0092849170289724,-0.00322812000990406,0,0,0,0
1.062,0.523598775598299,0.52587781612043,0.531656786987257,-0.0154965628311501,0.00047413669266277,-0.00227904052213146,0.00577897086682666,-0.0150628246968817,-0.0150628246968817,0.00577897086682663,0,0,0,0
1.063,0.523598775598299,0.525861995645273,0.524076157497428,-0.0165483861859808,-0.00408860467660147,-0.00226322004697377,-0.00178583814784505,0.00545145302869081,0.00545145302869081,-0.00178583814784508,0,0,0,0
1.064,0.523598775598299,0.525844733692891,0.519584310627855,-0.0176449696681392,-0.000358358683545414,-0.00224595809459227,-0.00626042306503583,0.0173936417635727,0.0173936417635727,-0.00626042306503583,0,0,0,0
1.065,0.523598775598299,0.525827607715399,0.524826591023149,-0.0160672654807636,0.00573747111947938,-0.00222883211710034,-0.00100101669224972,0.00302091305302511,0.00302091305302511,-0.0010010166922497,0,0,0,0
1.066,0.523598775598299,0.525812991888649,0.531981293693737,-0.0132408455755166,0.00487853437802675,-0.00221421629035001,0.00616830180508798,-0.016298948748599,-0.016298948748599,0.00616830180508802,0,0,0,0
1.067,0.523598775598299,0.525800387080855,0.529154119374205,-0.0125638925279062,-0.00183938613017739,-0.00220161148255604,0.00335373229335056,-0.00853803245525847,-0.00853803245525847,0.00335373229335051,0,0,0,0
1.068,0.523598775598299,0.525787169125861,0.533081482549639,-0.0140200726366852,-0.00351313168156507,-0.00218839352756173,0.00729431342377818,-0.0190369298329614,-0.0190369298329614,0.00729431342377821,0,0,0,0
1.069,0.523598775598299,0.525771784899141,0.524757283258889,-0.0171300923252765,-0.00782736010397305,-0.00217300930084263,-0.0010145016402523,0.00352708498201912,0.00352708498201912,-0.00101450164025233,0,0,0,0
1.07,0.523598775598299,0.525753028474634,0.526060893485058,-0.0199763592484274,-0.00324342644138517,-0.00215425287633519,0.000307865010423902,-8.4021648148064e-05,-8.4021648148064e-05,0.000307865010423866,0,0,0,0
1.071,0.523598775598299,0.525732366195713,0.520819182712395,-0.0211942630288347,-0.00150733140546051,-0.00213359059741447,-0.00491318348331871,0.0139458002308242,0.0139458002308242,-0.00491318348331874,0,0,0,0
1.072,0.523598775598299,0.525711329702939,0.528419492136552,-0.0203882469507579,0.0040313638810448,-0.00211255410464017,0.00270816243361316,-0.00672138655292774,-0.00672138655292774,0.0027081624336132,0,0,0,0
1.073,0.523598775598299,0.525691707555167,0.521142199838824,-0.019137405133161,0.000856733641415665,-0.00209293195686788,-0.00454950771634255,0.012871865693208,0.012871865693208,-0.00454950771634254,0,0,0,0
1.074,0.523598775598299,0.525673227766488,0.529866412813938,-0.0174476916266753,0.00508717887377225,-0.00207445216818958,0.00419318504744948,-0.0107981996952747,-0.0107981996952747,0.0041931850474495,0,0,0,0
1.075,0.523598775598299,0.525656649817676,0.523357219232187,-0.0161467895805233,0.000137528285413603,-0.00205787421937709,-0.00229943058548931,0.00678699076192754,0.00678699076192754,-0.0022994305854893,0,0,0,0
1.076,0.523598775598299,0.525640795382609,0.525977834964474,-0.0153402437687406,0.00264328794277223,-0.00204201978430985,0.000337039581865262,-0.000397249955785266,-0.000397249955785266,0.000337039581865284,0,0,0,0
1.077,0.523598775598299,0.525626089960016,0.524779514944624,-0.0141381975039695,0.00188194309867197,-0.00202731436171755,-0.000846575015392426,0.00277891174982256,0.00277891174982256,-0.000846575015392475,0,0,0,0
1.078,0.523598775598299,0.525612509810255,0.535082420516455,-0.0129771441278684,0.0023912726423148,-0.00201373421195661,0.00946991070620007,-0.0249977824227941,-0.0249977824227941,0.00946991070620011,0,0,0,0
1.079,0.523598775598299,0.525599324910344,0.532375811143777,-0.0141468431244403,-0.00612528349276454,-0.00200054931204474,0.00677648623343363,-0.0174466571548165,-0.0174466571548165,0.00677648623343361,0,0,0,0
1.08,0.523598775598299,0.525583268236998,0.520288179108131,-0.0182135398640491,-0.00892047173797222,-0.00198449263869904,-0.00529508912886678,0.0152125112547035,0.0152125112547035,-0.00529508912886673,0,0,0,0
1.081,0.523598775598299,0.525563551598225,0.531967373395566,-0.0204456028022454,-0.000183848167708982,-0.00196477599992584,0.00640382179734145,-0.0164356778338857,-0.0164356778338857,0.00640382179734142,0,0,0,0
1.082,0.523598775598299,0.525542602606786,0.522537020315911,-0.0218611650456047,-0.00480117616134754,-0.00194382700848739,-0.00300558229087511,0.00906921634544738,0.00906921634544738,-0.00300558229087511,0,0,0,0
1.083,0.523598775598299,0.525519994864541,0.520971915849418,-0.0228858962965639,0.000485780899898158,-0.00192121926624189,-0.00454807901512289,0.0130990053886624,0.0130990053886624,-0.00454807901512293,0,0,0,0
1.084,0.523598775598299,0.525497699817456,0.524694786033223,-0.0213021886429116,0.00502686470202884,-0.00189892421915749,-0.000802913784233028,0.0028677568221757,0.0028677568221757,-0.000802913784232984,0,0,0,0
1.085,0.523598775598299,0.525477696983471,0.521852607615514,-0.0187480651733254,0.00452734869618278,-0.00187892138517254,-0.00362508936795691,0.0104193972204404,0.0104193972204404,-0.00362508936795696,0,0,0,0
1.086,0.523598775598299,0.525460365827467,0.52322142275711,-0.0157355951873442,0.00654888028270457,-0.00186159022916854,-0.0022389430703571,0.00655673913138807,0.00655673913138807,-0.00223894307035712,0,0,0,0
1.087,0.523598775598299,0.525446377825728,0.532298185528343,-0.0122463340853128,0.00648724980013961,-0.00184760222742908,0.00685180770261529,-0.0179685971005099,-0.0179685971005099,0.00685180770261527,0,0,0,0
1.088,0.523598775598299,0.525435079126566,0.52274954123384,-0.011050542410991,-0.00140806395428399,-0.00183630352826747,-0.00268553789272585,0.00788692012949011,0.00788692012949011,-0.0026855378927259,0,0,0,0
1.089,0.523598775598299,0.525423988286122,0.530499403445954,-0.0108367547271222,0.00191585658050024,-0.00182521268782354,0.00507541515983134,-0.0130920113535408,-0.0130920113535408,0.0050754151598314,0,0,0,0
1.09,0.523598775598299,0.525413205766424,0.533346047287522,-0.0111370177991304,-0.0026992010539519,-0.00181443016812544,0.00793284152109786,-0.0206171291521352,-0.0206171291521352,0.00793284152109789,0,0,0,0
1.091,0.523598775598299,0.525400832165199,0.520485175779437,-0.0140706589689012,-0.00790239626205716,-0.00180205656689969,-0.00491565638576152,0.0141691084992628,0.0141691084992628,-0.00491565638576156,0,0,0,0
1.092,0.523598775598299,0.525385445958446,0.529186166418903,-0.016001170072686,4.2974711980193e-06,-0.00178667036014679,0.00380072046045743,-0.00945442370881585,-0.00945442370881585,0.00380072046045745,0,0,0,0
1.093,0.523598775598299,0.525369192487842,0.5213560880737,-0.0167351929958052,-0.00258698823982761,-0.00177041688954271,-0.00401310441414182,0.0116649065427952,0.0116649065427952,-0.00401310441414183,0,0,0,0
1.094,0.523598775598299,0.525352283652097,0.529261467209423,-0.0166288624752383,0.00253450495405323,-0.00175350805379815,0.00390918355732628,-0.00978477493191797,-0.00978477493191797,0.00390918355732631,0,0,0,0
1.095,0.523598775598299,0.525335971477586,0.523443995024096,-0.0163197386362527,-0.0011258395847318,-0.00173719587928678,-0.00189197645348937,0.00593159828230801,0.00593159828230801,-0.00189197645348942,0,0,0,0
1.096,0.523598775598299,0.525319629102359,0.520595584565447,-0.0161233509648108,0.00160281225628493,-0.00172085350406004,-0.00472404453691211,0.0134615080923686,0.0134615080923686,-0.00472404453691214,0,0,0,0
1.097,0.523598775598299,0.525304343719073,0.524327554102924,-0.0140888032293054,0.00565462602639577,-0.00170556812077416,-0.000976789616148555,0.00321014225498368,0.00321014225498368,-0.000976789616148509,0,0,0,0
1.098,0.523598775598299,0.525291687761912,0.530470602235249,-0.0112958510736791,0.00483761019176092,-0.00169291216361356,0.00517891447333696,-0.0133835156577545,-0.0133835156577545,0.00517891447333701,0,0,0,0
1.099,0.523598775598299,0.525281105269848,0.528312717777812,-0.010385443964206,-0.000990173228573149,-0.00168232967154935,0.00303161250796391,-0.00744973560885081,-0.00744973560885081,0.0030316125079639,0,0,0,0
1.1,0.523598775598299,0.525270287828676,0.521647563678023,-0.0114010473775015,-0.00270337581791913,-0.00167151223037676,-0.00362272415065301,0.0105174752708317,0.0105174752708317,-0.00362272415065296,0,0,0,0
1.101,0.523598775598299,0.525258634991091,0.520934268041428,-0.0114911557567414,0.00196459433699605,-0.00165985939279201,-0.00432436694966321,0.0122528165274142,0.0122528165274142,-0.00432436694966316,0,0,0,0
1.102,0.523598775598299,0.525248012893029,0.530074929822086,-0.00945115227470945,0.00537599821095598,-0.00164923729472999,0.0048269169290569,-0.0125150071967525,-0.0125150071967525,0.00482691692905692,0,0,0,0
1.103,0.523598775598299,0.525239420206663,0.526724617263276,-0.00824881666528143,-0.000431985140708084,-0.00164064460836422,0.00148519705661254,-0.0033846753033946,-0.0033846753033946,0.00148519705661259,0,0,0,0
1.104,0.523598775598299,0.525230989311743,0.526470851638442,-0.00867455133842016,-0.00112784688184507,-0.00163221371344402,0.00123986232669904,-0.00269913209976042,-0.00269913209976042,0.00123986232669905,0,0,0,0
1.105,0.523598775598299,0.525221996725478,0.528422264648347,-0.00932809813394501,-0.00132614929355236,-0.0016232211271795,0.00320026792286865,-0.00795000658435816,-0.00795000658435816,0.00320026792286864,0,0,0,0
1.106,0.523598775598299,0.525212141072567,0.52206931090264,-0.01053967008084,-0.0030944428901863,-0.00161336547426827,-0.003142830169927,0.00918674692688974,0.00918674692688974,-0.00314283016992696,0,0,0,0
1.107,0.523598775598299,0.525201215765958,0.519065472468124,-0.0109232825516319,0.00128167209972165,-0.00160244016765965,-0.00613574329783428,0.0170976732103104,0.0170976732103104,-0.00613574329783434,0,0,0,0
1.108,0.523598775598299,0.525191157279213,0.528036141302919,-0.00873372149327426,0.00647804309922762,-0.00159238168091413,0.00284498402370648,-0.00727458063562826,-0.00727458063562826,0.00284498402370643,0,0,0,0
1.109,0.523598775598299,0.52518369735288,0.524166580676622,-0.00659324331633803,0.00188497408419758,-0.00158492175458091,-0.00101711667625759,0.00318649131780534,0.00318649131780534,-0.00101711667625758,0,0,0,0
1.11,0.523598775598299,0.52517765413682,0.519436185319485,-0.00545382587285115,0.00233110375573808,-0.0015788785385209,-0.00574146881733428,0.0158235948743211,0.0158235948743211,-0.00574146881733426,0,0,0,0
1.111,0.523598775598299,0.525173248719692,0.516012043583523,-0.00298111203568669,0.00657871585038832,-0.00157447312139303,-0.00916120513616914,0.024787490645409,0.024787490645409,-0.00916120513616911,0,0,0,0
1.112,0.523598775598299,0.525172562244219,0.523493153667892,0.00208390915275154,0.0119575721393529,-0.00157378664592067,-0.00167940857632787,0.00433046942541721,0.00433046942541721,-0.00167940857632785,0,0,0,0
1.113,0.523598775598299,0.525177507080072,0.528008919886139,0.00751151502399136,0.00864371297661946,-0.0015787314817729,0.0028314128060668,-0.00788266973984749,-0.00788266973984749,0.00283141280606683,0,0,0,0
1.114,0.523598775598299,0.525186721048951,0.527046364060365,0.0103813786697353,0.00260739241406268,-0.00158794545065177,0.00185964301141417,-0.0052115895426332,-0.0052115895426332,0.00185964301141413,0,0,0,0
1.115,0.523598775598299,0.525197503084755,0.530598873297359,0.0109236176413825,-0.000316752844704254,-0.0015987274864564,0.00540137021260412,-0.0147129222293755,-0.0147129222293755,0.00540137021260415,0,0,0,0
1.116,0.523598775598299,0.525207857640266,0.527260316513365,0.00935923868283575,-0.00513153918340715,-0.00160908204196697,0.00205245887309913,-0.00557128582700368,-0.00557128582700368,0.00205245887309914,0,0,0,0
1.117,0.523598775598299,0.525215842298667,0.517090056984424,0.00660922375074682,-0.00514533993920162,-0.00161706670036799,-0.00812578531424246,0.0218088958482623,0.0218088958482623,-0.0081257853142425,0,0,0,0
1.118,0.523598775598299,0.525221947880164,0.529244060639213,0.00637564000081849,0.00358940181822255,-0.00162317228186537,0.00402211275904862,-0.0111691229382649,-0.0111691229382649,0.00402211275904866,0,0,0,0
1.119,0.523598775598299,0.525228771364259,0.530553622740443,0.00682039476464395,-0.00150097222601855,-0.00162999576596012,0.00532485137618433,-0.0145649973634622,-0.0145649973634622,0.00532485137618428,0,0,0,0
1.12,0.523598775598299,0.525234768772029,0.527249974362917,0.00480222370173273,-0.00570613270809385,-0.00163599317373042,0.00201520559088775,-0.00552131013016471,-0.00552131013016471,0.00201520559088775,0,0,0,0
1.121,0.523598775598299,0.525238079867917,0.524900711599888,0.0018504868164459,-0.00536603528935134,-0.00163930426961834,-0.000337368268028659,0.000835375315656925,0.000835375315656925,-0.000337368268028663,0,0,0,0
1.122,0.523598775598299,0.525238726426956,0.522385601922743,-0.000353638714737477,-0.00306925000968465,-0.00163995082865709,-0.00285312450421304,0.00755388474423193,0.00755388474423193,-0.002853124504213,0,0,0,0
1.123,0.523598775598299,0.525237912074915,0.521045210628939,-0.000956911811715651,0.000521797551809264,-0.00163913647661662,-0.00419270144597605,0.01102859602852,0.01102859602852,-0.00419270144597609,0,0,0,0
1.124,0.523598775598299,0.525237425935238,0.525217897398216,0.000278153845002627,0.00383752502564653,-0.00163865033693944,-1.95285370221399e-05,-0.000356544595810316,-0.000356544595810316,-1.95285370221706e-05,0,0,0,0
1.125,0.523598775598299,0.525238568113186,0.524144047846439,0.0018636680632673,0.00223070938977181,-0.00163979251488755,-0.00109452026674739,0.00251119762891994,0.00251119762891994,-0.0010945202667474,0,0,0,0
1.126,0.523598775598299,0.525241015156892,0.534255390914097,0.00301999132420378,0.00211472388169428,-0.00164223955859322,0.00901437575720543,-0.0247209216766371,-0.0247209216766371,0.00901437575720544,0,0,0,0
1.127,0.523598775598299,0.525243727203953,0.530135381909134,0.00163130784401256,-0.00661224239098699,-0.00164495160565448,0.00489165470518027,-0.0133488254030327,-0.0133488254030327,0.00489165470518033,0,0,0,0
1.128,0.523598775598299,0.525243421966118,0.527173611468059,-0.00239253947107889,-0.00832035921518363,-0.00164464636781914,0.00193018950194068,-0.00524525089184624,-0.00524525089184624,0.0019301895019407,0,0,0,0
1.129,0.523598775598299,0.525238970812872,0.530949084607881,-0.00636550842906506,-0.00669767991391469,-0.00164019521457315,0.00571011379500874,-0.0153587409275993,-0.0153587409275993,0.00571011379500879,0,0,0,0
1.13,0.523598775598299,0.52523060856768,0.524418033563645,-0.0105452364921296,-0.0088068118349368,-0.00163183296938119,-0.000812575004034755,0.00235875566667853,0.00235875566667853,-0.000812575004034724,0,0,0,0
1.131,0.523598775598299,0.525218157572596,0.527904646120177,-0.0139642246224402,-0.00438031781124157,-0.00161938197429701,0.00268648854758113,-0.00708292559641967,-0.00708292559641967,0.00268648854758114,0,0,0,0
1.132,0.523598775598299,0.525203009239789,0.527087879404518,-0.0163492035976078,-0.00457317132265891,-0.00160423364149032,0.00188487016472905,-0.00483452200474039,-0.00483452200474039,0.00188487016472904,0,0,0,0
1.133,0.523598775598299,0.525185509861496,0.526397442062018,-0.0185912780185533,-0.00391863341335344,-0.00158673426319744,0.00121193220052185,-0.00295664899126065,-0.00295664899126065,0.00121193220052184,0,0,0,0
1.134,0.523598775598299,0.525165983668767,0.51877472238945,-0.0203676354933629,-0.00286601739955536,-0.00156720807046817,-0.00639126127931733,0.0175279318771344,0.0175279318771344,-0.00639126127931735,0,0,0,0
1.135,0.523598775598299,0.525145574576694,0.531328639692477,-0.0198147582606207,0.00431290224341163,-0.00154679897839516,0.00618306511578326,-0.0164828771996692,-0.0164828771996692,0.00618306511578329,0,0,0,0
1.136,0.523598775598299,0.52512627973053,0.528932791567012,-0.0193410281450137,-0.00207759375555846,-0.00152750413223135,0.00380651183648173,-0.00986530686495241,-0.00986530686495241,0.00380651183648173,0,0,0,0
1.137,0.523598775598299,0.525106207675202,0.519350503570661,-0.0209649749226399,-0.0039078153979705,-0.00150743207690285,-0.00575570410454107,0.0159766493859739,0.0159766493859739,-0.00575570410454105,0,0,0,0
1.138,0.523598775598299,0.52508491603644,0.523738144823101,-0.0209888696626945,0.0031984570460909,-0.00148614043814155,-0.0013467712133397,0.00393339161487714,0.00393339161487714,-0.00134677121333966,0,0,0,0
1.139,0.523598775598299,0.525064841914749,0.52422264639796,-0.0191119258088217,0.00373698059069354,-0.00146606631645019,-0.000842195516788991,0.00254282483714543,0.00254282483714543,-0.000842195516789002,0,0,0,0
1.14,0.523598775598299,0.525046718313155,0.527935308200215,-0.0171495504629772,0.00357880212624908,-0.00144794271485638,0.0028885898870602,-0.00750431788957407,-0.00750431788957407,0.00288858988706024,0,0,0,0
1.141,0.523598775598299,0.525030197498759,0.526465241780345,-0.0161871006969612,0.000249448730323031,-0.00143142190045997,0.00143504428158636,-0.00349008238725018,-0.00349008238725018,0.00143504428158641,0,0,0,0
1.142,0.523598775598299,0.525014003288547,0.52738043632045,-0.0162714736165349,-0.000542717344041901,-0.00141522769024771,0.00236643303190343,-0.00594088688281365,-0.00594088688281365,0.00236643303190341,0,0,0,0
1.143,0.523598775598299,0.52499746656196,0.529017453512588,-0.0169134504578897,-0.00180219565322155,-0.00139869096366108,0.00401998695062789,-0.0103006509207662,-0.0103006509207662,0.00401998695062793,0,0,0,0
1.144,0.523598775598299,0.524979864232503,0.523314816982379,-0.0184802217313676,-0.0039385259351074,-0.00138108863420439,-0.00166504725012384,0.00512165385736151,0.00512165385736151,-0.00166504725012383,0,0,0,0
1.145,0.523598775598299,0.524960699805896,0.521547685331221,-0.0195281582677154,-0.000321961202066338,-0.00136192420759751,-0.00341301447467512,0.00976350622648685,0.00976350622648685,-0.00341301447467516,0,0,0,0
1.146,0.523598775598299,0.524941462951414,0.522254505234742,-0.018616855479285,0.00339039023505007,-0.0013426873531156,-0.0026869577166726,0.00769814931482632,0.00769814931482632,-0.00268695771667264,0,0,0,0
1.147,0.523598775598299,0.524923916972869,0.520588052849774,-0.0163339835942447,0.00498706416501312,-0.00132514137457052,-0.00433586412309561,0.012042092019233,0.012042092019233,-0.00433586412309561,0,0,0,0
1.148,0.523598775598299,0.524909149273787,0.524106640587984,-0.0129984688195444,0.00728336466554866,-0.00131037367548847,-0.000802508685803449,0.00239676069967674,0.00239676069967674,-0.000802508685803449,0,0,0,0
1.149,0.523598775598299,0.524897926634325,0.525410537273861,-0.00960079380968915,0.00555001948302432,-0.00129915103602607,0.000512610639535782,-0.00116657360377124,-0.00116657360377124,0.000512610639535771,0,0,0,0
1.15,0.523598775598299,0.524889583488546,0.522157823738524,-0.00728745846021498,0.0032733747793939,-0.00129080789024671,-0.00273175975002127,0.00756437910460178,0.00756437910460178,-0.00273175975002132,0,0,0,0
1.151,0.523598775598299,0.524883303516024,0.529101193133668,-0.00515650770824359,0.00458599784868,-0.00128452791772471,0.00421788961764413,-0.0112222727162918,-0.0112222727162918,0.00421788961764409,0,0,0,0
1.152,0.523598775598299,0.524878853717298,0.525963091213393,-0.00420390625189684,-0.000615189110111768,-0.00128007811899966,0.00108423749609443,-0.00266620004283942,-0.00266620004283942,0.00108423749609441,0,0,0,0
1.153,0.523598775598299,0.524874437054078,0.523885567298112,-0.00467362230746482,-0.00111494145624621,-0.00127566145577918,-0.000988869755965682,0.00292491277935313,0.00292491277935313,-0.000988869755965701,0,0,0,0
1.154,0.523598775598299,0.524869614810624,0.523071080671296,-0.00484002477187301,0.000361991010053096,-0.00127083921232551,-0.00179853413932851,0.00504827229723226,0.00504827229723226,-0.00179853413932856,0,0,0,0
1.155,0.523598775598299,0.524865030998115,0.531581318782481,-0.00418760262268025,0.00194355228246792,-0.00126625539981651,0.00671628778436573,-0.0179169287514351,-0.0179169287514351,0.00671628778436576,0,0,0,0
1.156,0.523598775598299,0.524860732268362,0.523745033780657,-0.00496977590043571,-0.0043791246781665,-0.00126195667006312,-0.00111569848770543,0.00335271111685022,0.00335271111685022,-0.00111569848770542,0,0,0,0
1.157,0.523598775598299,0.524854883045945,0.525837610046837,-0.0064729642884059,-0.00149448603147432,-0.00125610744764659,0.000982727000891526,-0.00234523408483217,-0.00234523408483217,0.00098272700089156,0,0,0,0
1.158,0.523598775598299,0.524848013234938,0.52640638438313,-0.00726654408508861,-0.00149440200954076,-0.00124923763663887,0.00155837114819235,-0.00387221574444652,-0.00387221574444652,0.00155837114819238,0,0,0,0
1.159,0.523598775598299,0.524840303827559,0.524570889260696,-0.00819320626911917,-0.00195796566114724,-0.00124152822926016,-0.000269414566863024,0.00108221663073826,0.00108221663073826,-0.000269414566862974,0,0,0,0
1.16,0.523598775598299,0.524831721321869,0.513140136625256,-0.00885577439931256,-0.000648978006171986,-0.0012329457235698,-0.0116915846966127,0.0317609629182002,0.0317609629182002,-0.0116915846966127,0,0,0,0
1.161,0.523598775598299,0.524823747553587,0.532132207814458,-0.00615881479632121,0.00988808836439194,-0.00122497195528826,0.00730846026087073,-0.0197256961371126,-0.0197256961371126,0.00730846026087077,0,0,0,0
1.162,0.523598775598299,0.524819239757821,0.527351473210505,-0.00373608798147969,-3.5690081825069e-05,-0.00122046415952182,0.00253223345268461,-0.00663887977804494,-0.00663887977804494,0.00253223345268465,0,0,0,0
1.163,0.523598775598299,0.524815296190089,0.525436316975454,-0.00432763741618505,-0.00203028719375727,-0.00121652059179012,0.000621020785364745,-0.00143005452047078,-0.00143005452047078,0.00062102078536479,0,0,0,0
1.164,0.523598775598299,0.524810472192862,0.524543919573546,-0.00528097001120333,-0.00158704735682607,-0.00121169659456299,-0.000266552619316074,0.000960414424940663,0.000960414424940663,-0.000266552619316108,0,0,0,0
1.165,0.523598775598299,0.524804874410144,0.528126569670793,-0.00582126227479546,-0.000534130833025833,-0.00120609881184552,0.00332169526064841,-0.00870797913417231,-0.00870797913417231,0.00332169526064843,0,0,0,0
1.166,0.523598775598299,0.52479867238727,0.519694156801862,-0.00679559404974553,-0.00293823794354597,-0.00119989678897148,-0.00510451558540848,0.0140429063550325,0.0140429063550325,-0.00510451558540849,0,0,0,0
1.167,0.523598775598299,0.524791669727859,0.524600557584663,-0.00669963344799545,0.00282084675369928,-0.00119289412956025,-0.000191112143196559,0.000645074093499642,0.000645074093499642,-0.000191112143196598,0,0,0,0
1.168,0.523598775598299,0.524785653682925,0.526597073353879,-0.00539630176099306,0.00210200093764439,-0.00118687808462636,0.00181141967095411,-0.00475299105295893,-0.00475299105295893,0.00181141967095406,0,0,0,0
1.169,0.523598775598299,0.524780602350039,0.524906606311596,-0.00489981879187143,-8.13567036720955e-05,-0.0011818267517405,0.00012600396155682,-0.000170947333344593,-0.000170947333344593,0.000126003961556862,0,0,0,0
1.17,0.523598775598299,0.524775692581321,0.517195352005114,-0.00491072720004307,2.01403905789935e-05,-0.00117691698302169,-0.0075803405762066,0.0205326290613878,0.0205326290613878,-0.00758034057620665,0,0,0,0
1.171,0.523598775598299,0.524771450095931,0.523768824457199,-0.00298805764497711,0.00664109443927007,-0.00117267449763225,-0.00100262563873244,0.00257449330150275,0.00257449330150275,-0.0010026256387324,0,0,0,0
1.172,0.523598775598299,0.524770068193974,0.529393930772987,7.48806306753865e-05,0.00495929731558897,-0.00117129259567506,0.00462386257901359,-0.0125946948730009,-0.0125946948730009,0.0046238625790136,0,0,0,0
1.173,0.523598775598299,0.524770876607201,0.526707459548116,0.00101807321838346,-0.000953808233739018,-0.00117210100890175,0.00193658294091592,-0.00522688555535262,-0.00522688555535262,0.00193658294091593,0,0,0,0
1.174,0.523598775598299,0.52477150865169,0.519878696002242,0.000129923609577951,-0.00226583245829632,-0.00117273305339083,-0.00489281264944763,0.0131747036176134,0.0131747036176134,-0.00489281264944764,0,0,0,0
1.175,0.523598775598299,0.524771537719132,0.517314053935125,0.000375306978671283,0.00278225635793451,-0.0011727621208335,-0.00745748378400768,0.0198753572361014,0.0198753572361014,-0.00745748378400771,0,0,0,0
1.176,0.523598775598299,0.524773175922681,0.521618018636393,0.00336205198310975,0.00799092331268295,-0.00117440032438243,-0.00315515728628812,0.00803280351558446,0.00803280351558446,-0.00315515728628811,0,0,0,0
1.177,0.523598775598299,0.524778606790772,0.528015681694486,0.00744275570488964,0.00735436506954491,-0.00117983119247356,0.00323707490371361,-0.0092766995917285,-0.0092766995917285,0.00323707490371366,0,0,0,0
1.178,0.523598775598299,0.52478741373905,0.528478959169558,0.00964147342074552,0.00137773277472108,-0.00118863814075143,0.00369154543050731,-0.0104090086799653,-0.0104090086799653,0.00369154543050729,0,0,0,0
1.179,0.523598775598299,0.524797012831088,0.528255449433445,0.0091957945033149,-0.00269769007202023,-0.00119823723278956,0.0034584366023569,-0.00968383814167867,-0.00968383814167867,0.00345843660235692,0,0,0,0
1.18,0.523598775598299,0.524805260050222,0.522772102998459,0.00709915337914018,-0.00495310766069337,-0.00120648445192328,-0.00203315705176277,0.00516553391073133,0.00516553391073133,-0.00203315705176278,0,0,0,0
1.181,0.523598775598299,0.524811371506746,0.523146558352001,0.00542296900824003,-0.00157756164527749,-0.00121259590844736,-0.00166481315474476,0.00407505108868842,0.00407505108868842,-0.00166481315474474,0,0,0,0
1.182,0.523598775598299,0.524816547711463,0.526743460138054,0.00508579470464783,0.000187171389657154,-0.00121777211316432,0.00192691242659093,-0.00566046798203264,-0.00566046798203264,0.00192691242659096,0,0,0,0
1.183,0.523598775598299,0.524821482595197,0.522563243932808,0.00460737728919154,-0.00180731733897499,-0.0012227069968983,-0.00225823866238894,0.00563454408836104,0.00563454408836104,-0.00225823866238889,0,0,0,0
1.184,0.523598775598299,0.524825842427922,0.517891244035108,0.0043221072533273,0.000561112781830015,-0.0012270668296227,-0.00693459839281307,0.0181031046182077,0.0181031046182077,-0.00693459839281305,0,0,0,0
1.185,0.523598775598299,0.524830852977883,0.524335587809989,0.00617773666517448,0.00596894422969896,-0.00123207737958453,-0.00049526516789411,0.000534273039283895,0.000534273039283895,-0.000495265167894074,0,0,0,0
1.186,0.523598775598299,0.524838392625501,0.523063814578718,0.00869751208938449,0.00366906305127757,-0.00123961702720254,-0.00177457804678349,0.00393823584294473,0.00393823584294473,-0.00177457804678344,0,0,0,0
1.187,0.523598775598299,0.524848027463046,0.528454027867154,0.0105369894313696,0.00327473207670709,-0.00124925186474745,0.00360600040410797,-0.0106073940964221,-0.0106073940964221,0.00360600040410796,0,0,0,0
1.188,0.523598775598299,0.524858946312082,0.524979878175901,0.0108670129334695,-0.00162120119232361,-0.00126017071378348,0.000120931863818452,-0.00113809191847159,-0.00113809191847159,0.000120931863818452,0,0,0,0
1.189,0.523598775598299,0.524869376081871,0.528384213418794,0.00999196163203152,-0.00162890228353904,-0.00127060048357241,0.00351483733692293,-0.0102826591324145,-0.0102826591324145,0.00351483733692294,0,0,0,0
1.19,0.523598775598299,0.524878642245955,0.526864235491512,0.00828555746885259,-0.00450827913878883,-0.00127986664765667,0.00198559324555603,-0.0060737706730916,-0.0060737706730916,0.00198559324555598,0,0,0,0
1.191,0.523598775598299,0.524885682690246,0.528315575407333,0.00576136813230394,-0.00489553548900708,-0.00128690709194723,0.00342989271708705,-0.00990894750766955,-0.00990894750766955,0.00342989271708705,0,0,0,0
1.192,0.523598775598299,0.524889996432265,0.516594147631356,0.002743563124815,-0.00628371797514285,-0.00129122083396582,-0.00829584880090839,0.0217085381565713,0.0217085381565713,-0.00829584880090845,0,0,0,0
1.193,0.523598775598299,0.524891984358662,0.531621311043677,0.00205097609325313,0.00295821921532095,-0.00129320876036365,0.00672932668501447,-0.0189801235946683,-0.0189801235946683,0.00672932668501445,0,0,0,0
1.194,0.523598775598299,0.524894104352882,0.530087642862972,0.00155040473741142,-0.00425242781383677,-0.00129532875458294,0.00519353851009008,-0.0146227017810627,-0.0146227017810627,0.00519353851009006,0,0,0,0
1.195,0.523598775598299,0.524894216884313,0.530509612052224,-0.00159275974446276,-0.00727632901723065,-0.001295441286014,0.00561539516791099,-0.0155842740091465,-0.0155842740091465,0.00561539516791095,0,0,0,0
1.196,0.523598775598299,0.52489047448016,0.526421918489485,-0.00607544244271221,-0.00935362181708825,-0.00129169888186143,0.00153144400932448,-0.00441731568722725,-0.00441731568722725,0.00153144400932448,0,0,0,0
1.197,0.523598775598299,0.52488214127172,0.520972161587897,-0.0103797181012028,-0.00697503740418686,-0.00128336567342135,-0.00390997968382267,0.0102607755281762,0.0102607755281762,-0.00390997968382273,0,0,0,0
1.198,0.523598775598299,0.524870523504361,0.527751419538762,-0.0123050013916463,-0.000759233015604012,-0.00127174790606199,0.00288089603440111,-0.00812087391072332,-0.00812087391072332,0.00288089603440113,0,0,0,0
1.199,0.523598775598299,0.524857823493678,0.528882456911864,-0.0132690850208926,-0.0027258869653249,-0.00125904789537967,0.00402463341818582,-0.011079482210396,-0.011079482210396,0.00402463341818582,0,0,0,0
1.2,0.523598775598299,0.524843619576441,0.524843619576441,-0.0153260288827762,-0.00484338267184428,-0.00124484397814217,0,-0.000106894537619524,-0.000106894537619524,0,0,0,0,0
1.201,0.523598775598299,0.524827228319582,0.524827228319582,-0.017258623960542,-0.0026124499432991,-0.00122845272128325,0,-9.11756306118056e-05,-9.11756306118056e-05,0,0,0,0,0
1.202,0.523598775598299,0.524809419817583,0.524809419817583,-0.018232429542748,-0.00119193800637626,-0.00121064421928385,0,-7.14709044964536e-05,-7.14709044964536e-05,0,0,0,0,0
1.203,0.523598775598299,0.524790965222604,0.524790965222604,-0.0185969016345378,-0.000290881689250794,-0.00119218962430501,0,-4.99056019206455e-05,-4.99056019206455e-05,0,0,0,0,0
1.204,0.523598775598299,0.524772353591178,0.524772353591178,-0.0185760529138047,0.000277131405799046,-0.00117357799287932,0,-2.78178746303068e-05,-2.78178746303068e-05,0,0,0,0,0
1.205,0.523598775598299,0.524753893123978,0.524753893123978,-0.0183135252420806,0.000631540582118649,-0.00115511752567921,0,-6.04182771646007e-06,-6.04182771646007e-06,0,0,0,0,0
1.206,0.523598775598299,0.524735776032572,0.524735776032572,-0.0179014617832583,0.000848883917932507,-0.00113700043427312,0,1.49111430096721e-05,1.49111430096721e-05,0,0,0,0,0
1.207,0.523598775598299,0.524718120106574,0.524718120106574,-0.0173990018700848,0.000978217640797939,-0.00111934450827567,0,3.47361644929497e-05,3.47361644929497e-05,0,0,0,0,0
1.208,0.523598775598299,0.524700995355437,0.524700995355437,-0.0168441286594145,0.00105099310408281,-0.00110221975713787,0,5.32604345604799e-05,5.32604345604799e-05,0,0,0,0,0
1.209,0.523598775598299,0.524684441089051,0.524684441089051,-0.0162612588721844,0.00108738355356932,-0.00108566549075229,0,7.03955052762397e-05,7.03955052762397e-05,0,0,0,0,0
1.21,0.523598775598299,0.524668476873232,0.524668476873232,-0.0156661050931336,0.00110033679022271,-0.00106970127493367,0,8.61066935098761e-05,8.61066935098761e-05,0,0,0,0,0
1.211,0.523598775598299,0.524653109561071,0.524653109561071,-0.0150687909832607,0.00109817114519157,-0.00105433396277266,0,0.000100393464198809,0.000100393464198809,0,0,0,0,0
1.212,0.523598775598299,0.524638337810033,0.524638337810033,-0.0144758473746207,0.00108623836693584,-0.00103956221173451,0,0.000113276843936588,0.000113276843936588,0,0,0,0,0
1.213,0.523598775598299,0.524624154987915,0.524624154987915,-0.0138914914961456,0.00106798881495297,-0.00102537938961578,0,0.0001247913395263,0.0001247913395263,0,0,0,0,0
1.214,0.523598775598299,0.524610551046163,0.524610551046163,-0.0133184469925513,0.00104565379864189,-0.00101177544786391,0,0.000134979743812508,0.000134979743812508,0,0,0,0,0
1.215,0.523598775598299,0.524597513731138,0.524597513731138,-0.0127584697827398,0.00102068267713965,-0.000998738132839239,0,0.000143889792511653,0.000143889792511653,0,0,0,0,0
1.216,0.523598775598299,0.524585029370707,0.524585029370707,-0.0122126854787252,0.00099402287057352,-0.000986253772408574,0,0.000151572008191822,0.000151572008191822,0,0,0,0,0
1.217,0.523598775598299,0.524573083388241,0.524573083388241,-0.0116818060849766,0.000966299247869698,-0.000974307789942563,0,0.000158078306120106,0.000158078306120106,0,0,0,0,0
1.218,0.523598775598299,0.524561660641444,0.524561660641444,-0.0111662693562902,0.000937929060084312,-0.000962885043145456,0,0.000163461089494902,0.000163461089494902,0,0,0,0,0
1.219,0.523598775598299,0.524550745648435,0.524550745648435,-0.0106663286000853,0.000909195587404574,-0.000951970050136142,0,0.000167772659477677,0.000167772659477677,0,0,0,0,0
1.22,0.523598775598299,0.524540322741077,0.524540322741077,-0.0101821107213806,0.000880295340234638,-0.000941547142778054,0,0.000171064828136946,0.000171064828136946,0,0,0,0,0
1.221,0.523598775598299,0.524530376171194,0.524530376171194,-0.00971365391110519,0.000851368320411278,-0.000931600572895652,0,0.000173388662574048,0.000173388662574048,0,0,0,0,0
1.222,0.523598775598299,0.524520890186108,0.524520890186108,-0.00926093228041245,0.000822517431637455,-0.000922114587809109,0,0.00017479431424499,0.00017479431424499,0,0,0,0,0
1.223,0.523598775598299,0.524511849084032,0.524511849084032,-0.0088238721187101,0.000793820939480732,-0.000913073485733107,0,0.000175330903954182,0.000175330903954182,0,0,0,0,0
1.224,0.523598775598299,0.524503237256102,0.524503237256102,-0.00840236277171497,0.000765340479270686,-0.000904461657803557,0,0.000175046443573734,0.000175046443573734,0,0,0,0,0
1.225,0.523598775598299,0.524495039219383,0.524495039219383,-0.00799626405883831,0.000737126212171996,-0.000896263621083859,0,0.000173987782290358,0.000173987782290358,0,0,0,0,0
1.226,0.523598775598299,0.524487239643649,0.524487239643649,-0.00760541145934912,0.000709220154452215,-0.00088846404535059,0,0.000172200569523514,0.000172200569523514,0,0,0,0,0
1.227,0.523598775598299,0.524479823373765,0.524479823373765,-0.00722961985489585,0.000681658336484013,-0.000881047775466159,0,0.000169729229435841,0.000169729229435841,0,0,0,0,0
1.228,0.523598775598299,0.524472775448811,0.524472775448811,-0.00686868633294661,0.000654472211993066,-0.000873999850512508,0,0.000166616943731064,0.000166616943731064,0,0,0,0,0
1.229,0.523598775598299,0.524466081118749,0.524466081118749,-0.00652239237443947,0.000627689586873918,-0.000867305520449779,0,0.000162905640583589,0.000162905640583589,0,0,0,0,0
1.23,0.523598775598299,0.524459725859105,0.524459725859105,-0.00619050563284023,0.000601335240056243,-0.000860950260806015,0,0.000158635988267787,0.000158635988267787,0,0,0,0,0
1.231,0.523598775598299,0.524453695384033,0.524453695384033,-0.00587278143745837,0.000575431346872193,-0.000854919785733932,0,0.000153847392532325,0.000153847392532325,0,0,0,0,0
1.232,0.523598775598299,0.524447975657964,0.524447975657964,-0.0055689641062656,0.0005499977756453,-0.000849200059665489,0,0.00014857799706186,0.00014857799706186,0,0,0,0,0
1.233,0.523598775598299,0.524442552906024,0.524442552906024,-0.00527878812298205,0.000525052302772439,-0.000843777307725113,0,0.000142864686565678,0.000142864686565678,0,0,0,0,0
1.234,0.523598775598299,0.524437413623317,0.524437413623317,-0.00500197921368618,0.000500610775271761,-0.000838638025018268,0,0.000136743092158443,0.000136743092158443,0,0,0,0,0
1.235,0.523598775598299,0.524432544583183,0.524432544583183,-0.00473825534572097,0.000476687239331233,-0.000833768984884298,0,0.000130247598777778,0.000130247598777778,0,0,0,0,0
1.236,0.523598775598299,0.524427932844481,0.524427932844481,-0.00448732766368499,0.00045329404670735,-0.000829157246181933,0,0.000123411354442489,0.000123411354442489,0,0,0,0,0
1.237,0.523598775598299,0.524423565757965,0.524423565757965,-0.00424890137219401,0.000430441946545046,-0.000824790159666522,0,0.000116266281183235,0.000116266281183235,0,0,0,0,0
1.238,0.523598775598299,0.524419430971807,0.524419430971807,-0.00402267657184,0.000408140167448567,-0.000820655373508616,0,0.000108843087505402,0.000108843087505402,0,0,0,0,0
1.239,0.523598775598299,0.524415516436296,0.524415516436296,-0.003808349052697,0.000386396492880224,-0.000816740837997654,0,0.000101171282261819,0.000101171282261819,0,0,0,0,0
1.24,0.523598775598299,0.524411810407771,0.524411810407771,-0.00360561104840067,0.000365217331843217,-0.000813034809472257,0,9.32791898208079e-05,9.32791898208079e-05,0,0,0,0,0
1.241,0.523598775598299,0.524408301451814,0.524408301451814,-0.00341415195298843,0.00034460778608721,-0.00080952585351568,0,8.51939664247518e-05,8.51939664247518e-05,0,0,0,0,0
1.242,0.523598775598299,0.52440497844575,0.52440497844575,-0.00323365900215671,0.000324571714617646,-0.000806202847451032,0,7.69416176463495e-05,7.69416176463495e-05,0,0,0,0,0
1.243,0.523598775598299,0.524401830580473,0.524401830580473,-0.00306381792025687,0.000305111795999722,-0.000803054982173923,0,6.85470168429987e-05,6.85470168429987e-05,0,0,0,0,0
1.244,0.523598775598299,0.524398847361653,0.524398847361653,-0.00290431353414307,0.000286229588759724,-0.000800071763354171,0,6.00339245272106e-05,6.00339245272106e-05,0,0,0,0,0
1.245,0.523598775598299,0.524396018610338,0.524396018610338,-0.00275483035485575,0.000267925590071283,-0.000797243012039428,0,5.142500856882e-05,5.142500856882e-05,0,0,0,0,0
1.246,0.523598775598299,0.524393334462993,0.524393334462993,-0.00261505312804552,0.000250199292839755,-0.000794558864693706,0,4.2741865145557e-05,4.2741865145557e-05,0,0,0,0,0
1.247,0.523598775598299,0.524390785370999,0.524390785370999,-0.00248466735399437,0.000233049241250473,-0.000792009772699998,0,3.40050403697619e-05,3.40050403697619e-05,0,0,0,0,0
1.248,0.523598775598299,0.524388362099657,0.524388362099657,-0.00236335977806357,0.00021647308482006,-0.000789586501357742,0,2.52340525157681e-05,2.52340525157681e-05,0,0,0,0,0
1.249,0.523598775598299,0.524386055726704,0.524386055726704,-0.00225081885238096,0.000200467630971834,-0.000787280128404899,0,1.64474147760557e-05,1.64474147760557e-05,0,0,0,0,0
1.25,0.523598775598299,0.524383857640391,0.524383857640391,-0.00214673516957197,0.000185028896146074,-0.000785082042092267,0,7.66265848082268e-06,7.66265848082268e-06,0,0,0,0,0
1.251,0.523598775598299,0.524381759537136,0.524381759537136,-0.00205080186933323,0.000170152155451342,-0.000782983938836801,0,-1.10364328126519e-06,-1.10364328126519e-06,0,0,0,0,0
1.252,0.523598775598299,0.524379753418782,0.524379753418782,-0.00196271501864482,0.000155831990861252,-0.000780977820482809,0,-9.83585170837324e-06,-9.83585170837324e-06,0,0,0,0,0
1.253,0.523598775598299,0.524377831589494,0.524377831589494,-0.00188217396641472,0.000142062337958178,-0.000779055991194877,0,-1.85192380499095e-05,-1.85192380499095e-05,0,0,0,0,0
1.254,0.523598775598299,0.524375986652308,0.524375986652308,-0.00180888167334725,0.000128836531228171,-0.000777211054009297,0,-2.71399591503566e-05,-2.71399591503566e-05,0,0,0,0,0
1.255,0.523598775598299,0.524374211505366,0.524374211505366,-0.00174254501782451,0.000116147347910593,-0.00077543590706719,0,-3.56850328226779e-05,-3.56850328226779e-05,0,0,0,0,0
1.256,0.523598775598299,0.524372499337852,0.524372499337852,-0.00168287507858658,0.000103987050408783,-0.000773723739553644,0,-4.41423131039812e-05,-4.41423131039812e-05,0,0,0,0,0
1.257,0.523598775598299,0.524370843625664,0.524370843625664,-0.00162958739499235,9.23474272687711e-05,-0.000772068027365402,0,-5.25004654408751e-05,-5.25004654408751e-05,0,0,0,0,0
1.258,0.523598775598299,0.524369238126828,0.524369238126828,-0.00158240220563778,8.12198327351875e-05,-0.000770462528529081,0,-6.07489418500812e-05,-6.07489418500812e-05,0,0,0,0,0
1.259,0.523598775598299,0.524367676876691,0.524367676876691,-0.00154104466610254,7.05952248951552e-05,-0.000768901278391687,0,-6.88779560988908e-05,-6.88779560988908e-05,0,0,0,0,0
1.26,0.523598775598299,0.524366154182901,0.524366154182901,-0.00150524504658945,6.04642024222242e-05,-0.000767378584602518,0,-7.68784589425908e-05,-7.68784589425908e-05,0,0,0,0,0
1.261,0.523598775598299,0.524364664620207,0.524364664620207,-0.00147473891021324,5.08170399353133e-05,-0.000765889021908439,0,-8.47421134634973e-05,-8.47421134634973e-05,0,0,0,0,0
1.262,0.523598775598299,0.524363203025078,0.524363203025078,-0.00144926727268692,4.16437219868637e-05,-0.00076442742677918,0,-9.24612705416085e-05,-9.24612705416085e-05,0,0,0,0,0
1.263,0.523598775598299,0.524361764490182,0.524361764490182,-0.00142857674414481,3.29339756983482e-05,-0.000762988891882976,0,-0.000100028944496616,-0.000100028944496616,0,0,0,0,0
1.264,0.523598775598299,0.524360344358727,0.524360344358727,-0.0014124196538314,2.46773020603896e-05,-0.000761568760427767,0,-0.000107438788927073,-0.000107438788927073,0,0,0,0,0
1.265,0.523598775598299,0.524358938218686,0.524358938218686,-0.00140055415837442,1.68630059183528e-05,-0.000760162620386695,0,-0.000114685072781982,-0.000114685072781982,0,0,0,0,0
1.266,0.523598775598299,0.524357541896922,0.524357541896922,-0.00139274433434924,9.4802246632214e-06,-0.000758766298623481,0,-0.0001217626566913,-0.0001217626566913,0,0,0,0,0
1.267,0.523598775598299,0.524356151453231,0.524356151453231,-0.00138876025583,2.51795564941397e-06,-0.000757375854932407,0,-0.000128666969579671,-0.000128666969579671,0,0,0,0,0
1.268,0.523598775598299,0.524354763174307,0.524354763174307,-0.00138837805761073,-4.03491763727912e-06,-0.000755987576007811,0,-0.000135393985588032,-0.000135393985588032,0,0,0,0,0
1.269,0.523598775598299,0.524353373567656,0.524353373567656,-0.0013913799847662,-1.01896006379397e-05,-0.000754597969357618,0,-0.000141940201326797,-0.000141940201326797,0,0,0,0,0
1.27,0.523598775598299,0.524351979355473,0.524351979355473,-0.00139755442920969,-1.59573639809638e-05,-0.000753203757174026,0,-0.000148302613480447,-0.000148302613480447,0,0,0,0,0
1.271,0.523598775598299,0.524350577468472,0.524350577468472,-0.00140669595389083,-2.13495209196567e-05,-0.000751801870172764,0,-0.000154478696778963,-0.000154478696778963,0,0,0,0,0
1.272,0.523598775598299,0.524349165039715,0.524349165039715,-0.00141860530526252,-2.63774059202236e-05,-0.000750389441415922,0,-0.00016046638236116,-0.00016046638236116,0,0,0,0,0
1.273,0.523598775598299,0.524347739398425,0.524347739398425,-0.00143308941463209,-3.10523543757747e-05,-0.000748963800125901,0,-0.000166264036534996,-0.000166264036534996,0,0,0,0,0
1.274,0.523598775598299,0.524346298063804,0.524346298063804,-0.00144996138899685,-3.53856834174329e-05,-0.000747522465504913,0,-0.000171870439958683,-0.000171870439958683,0,0,0,0,0
1.275,0.523598775598299,0.524344838738867,0.524344838738867,-0.00146904049194949,-3.93886737971791e-05,-0.00074606314056791,0,-0.000177284767248809,-0.000177284767248809,0,0,0,0,0
1.276,0.523598775598299,0.524343359304298,0.524343359304298,-0.00149015211522407,-4.30725528140261e-05,-0.00074458370599928,0,-0.00018250656702849,-0.00018250656702849,0,0,0,0,0
1.277,0.523598775598299,0.524341857812342,0.524341857812342,-0.00151312774143785,-4.64484782557935e-05,-0.000743082214042845,0,-0.000187535742426613,-0.000187535742426613,0,0,0,0,0
1.278,0.523598775598299,0.524340332480732,0.524340332480732,-0.00153780489856911,-4.95275233289313e-05,-0.000741556882433048,0,-0.000192372532034926,-0.000192372532034926,0,0,0,0,0
1.279,0.523598775598299,0.524338781686674,0.524338781686674,-0.00156402710669583,-5.23206625479725e-05,-0.000740006088375322,0,-0.000197017491330255,-0.000197017491330255,0,0,0,0,0
1.28,0.523598775598299,0.524337203960883,0.524337203960883,-0.00159164381750461,-5.48387585562123e-05,-0.000738428362584087,0,-0.000201471474570511,-0.000201471474570511,0,0,0,0,0
1.281,0.523598775598299,0.524335597981683,0.524335597981683,-0.00162051034706384,-5.70925498500632e-05,-0.000736822383383795,0,-0.000205735617165308,-0.000205735617165308,0,0,0,0,0
1.282,0.523598775598299,0.52433396256918,0.52433396256918,-0.00165048780233975,-5.90926393779456e-05,-0.00073518697088093,0,-0.00020981131852883,-0.00020981131852883,0,0,0,0,0
1.283,0.523598775598299,0.524332296679512,0.524332296679512,-0.00168144300191842,-6.08494839861676e-05,-0.000733521081212718,0,-0.000213700225417157,-0.000213700225417157,0,0,0,0,0
1.284,0.523598775598299,0.524330599399176,0.524330599399176,-0.00171324839138193,-6.23733846838772e-05,-0.000731823800876774,0,-0.000217404215748291,-0.000217404215748291,0,0,0,0,0
1.285,0.523598775598299,0.524328869939448,0.524328869939448,-0.00174578195377103,-6.36744776980887e-05,-0.00073009434114879,0,-0.00022092538291123,-0.00022092538291123,0,0,0,0,0
1.286,0.523598775598299,0.52432710763089,0.52432710763089,-0.00177892711555179,-6.47627262920679e-05,-0.000728332032591483,0,-0.000224266020560181,-0.000224266020560181,0,0,0,0,0
1.287,0.523598775598299,0.524325311917959,0.524325311917959,-0.0018125726484887,-6.56479133188981e-05,-0.000726536319660354,0,-0.000227428607896572,-0.000227428607896572,0,0,0,0,0
1.288,0.523598775598299,0.524323482353708,0.524323482353708,-0.00184661256781178,-6.63396344836201e-05,-0.000724706755408699,0,-0.000230415795433455,-0.000230415795433455,0,0,0,0,0
1.289,0.523598775598299,0.524321618594595,0.524321618594595,-0.00188094602705045,-6.68472922861072e-05,-0.000722842996296547,0,-0.000233230391243144,-0.000233230391243144,0,0,0,0,0
1.29,0.523598775598299,0.524319720395405,0.524319720395405,-0.00191547720989228,-6.71800906184539e-05,-0.000720944797106049,0,-0.000235875347683546,-0.000235875347683546,0,0,0,0,0
1.291,0.523598775598299,0.524317787604266,0.524317787604266,-0.00195011521941049,-6.73470299903006e-05,-0.000719012005967024,0,-0.000238353748601926,-0.000238353748601926,0,0,0,0,0
1.292,0.523598775598299,0.524315820157792,0.524315820157792,-0.0019847739649897,-6.7356903356708e-05,-0.000717044559492952,0,-0.00024066879700617,-0.00024066879700617,0,0,0,0,0
1.293,0.523598775598299,0.524313818076332,0.524313818076332,-0.00201937204726558,-6.72182925215298e-05,-0.000715042478033223,0,-0.0002428238032086,-0.0002428238032086,0,0,0,0,0
1.294,0.523598775598299,0.524311781459338,0.524311781459338,-0.00205383264138028,-6.69395650933227e-05,-0.000713005861039062,0,-0.000244822173425177,-0.000244822173425177,0,0,0,0,0
1.295,0.523598775598299,0.524309710480848,0.524309710480848,-0.00208808337884193,-6.65288719666434e-05,-0.000710934882548808,0,-0.000246667398835495,-0.000246667398835495,0,0,0,0,0
1.296,0.523598775598299,0.52430760538509,0.52430760538509,-0.00212205622826327,-6.59941453065075e-05,-0.000708829786790766,0,-0.000248363045089098,-0.000248363045089098,0,0,0,0,0
1.297,0.523598775598299,0.524305466482205,0.524305466482205,-0.00215568737524158,-6.5343097010844e-05,-0.000706690883905736,0,-0.000249912742254518,-0.000249912742254518,0,0,0,0,0
1.298,0.523598775598299,0.52430329414409,0.52430329414409,-0.0021889171016289,-6.45832176277542e-05,-0.000704518545791122,0,-0.000251320175207114,-0.000251320175207114,0,0,0,0,0
1.299,0.523598775598299,0.524301088800363,0.524301088800363,-0.00222168966442966,-6.37217757058072e-05,-0.000702313202064486,0,-0.000252589074441271,-0.000252589074441271,0,0,0,0,0
1.3,0.523598775598299,0.524298850934449,0.524298850934449,-0.00225395317455011,-6.2765817553469e-05,-0.000700075336149797,0,-0.000253723207307265,-0.000253723207307265,0,0,0,0,0
1.301,0.523598775598299,0.524296581079782,0.524296581079782,-0.00228565947561239,-6.17221673874268e-05,-0.000697805481483127,0,-0.000254726369655968,-0.000254726369655968,0,0,0,0,0
1.302,0.523598775598299,0.52429427981614,0.52429427981614,-0.00231676402303405,-6.05974278466935e-05,-0.000695504217841258,0,-0.00025560237789288,-0.00025560237789288,0,0,0,0,0
1.303,0.523598775598299,0.524291947766089,0.524291947766089,-0.00234722576356288,-5.93979808537142e-05,-0.000693172167789968,0,-0.000256355061425242,-0.000256355061425242,0,0,0,0,0
1.304,0.523598775598299,0.524289585591551,0.524289585591551,-0.00237700701544567,-5.81299888010197e-05,-0.000690809993252328,0,-0.00025698825549591,-0.00025698825549591,0,0,0,0,0
1.305,0.523598775598299,0.524287193990496,0.524287193990496,-0.00240607334939868,-5.67993960437539e-05,-0.000688418392197132,0,-0.000257505794397342,-0.000257505794397342,0,0,0,0,0
1.306,0.523598775598299,0.524284773693744,0.524284773693744,-0.00243439347053738,-5.54119306796681e-05,-0.000685998095445672,0,-0.000257911505054217,-0.000257911505054217,0,0,0,0,0
1.307,0.523598775598299,0.524282325461894,0.524282325461894,-0.00246193910141266,-5.39731065976807e-05,-0.000683549863595423,0,-0.000258209200964402,-0.000258209200964402,0,0,0,0,0
1.308,0.523598775598299,0.52427985008236,0.52427985008236,-0.00248868486629098,-5.24882257764364e-05,-0.000681074484061184,0,-0.000258402676493676,-0.000258402676493676,0,0,0,0,0
1.309,0.523598775598299,0.524277348366529,0.524277348366529,-0.00251460817680637,-5.09623808165515e-05,-0.000678572768230135,0,-0.000258495701508729,-0.000258495701508729,0,0,0,0,0
1.31,0.523598775598299,0.52427482114703,0.52427482114703,-0.00253968911910281,-4.94004576884158e-05,-0.000676045548731241,0,-0.000258492016344105,-0.000258492016344105,0,0,0,0,0
1.311,0.523598775598299,0.524272269275115,0.524272269275115,-0.00256391034257673,-4.78071386800609e-05,-0.000673493676816572,0,-0.000258395327091129,-0.000258395327091129,0,0,0,0,0
1.312,0.523598775598299,0.524269693618152,0.524269693618152,-0.00258725695032072,-4.61869055290465e-05,-0.000670918019852862,0,-0.000258209301199287,-0.000258209301199287,0,0,0,0,0
1.313,0.523598775598299,0.524267095057221,0.524267095057221,-0.00260971639136106,-4.45440427229481e-05,-0.000668319458921873,0,-0.000257937563381329,-0.000257937563381329,0,0,0,0,0
1.314,0.523598775598299,0.524264474484827,0.524264474484827,-0.00263127835477383,-4.28826409538931e-05,-0.000665698886527788,0,-0.000257583691812737,-0.000257583691812737,0,0,0,0,0
1.315,0.523598775598299,0.524261832802708,0.524261832802708,-0.00265193466575641,-4.12066007131203e-05,-0.000663057204408735,0,-0.000257151214613431,-0.000257151214613431,0,0,0,0,0
1.316,0.523598775598299,0.524259170919751,0.524259170919751,-0.00267167918372371,-3.95196360111803e-05,-0.000660395321452456,0,-0.000256643606607609,-0.000256643606607609,0,0,0,0,0
1.317,0.523598775598299,0.52425648975001,0.52425648975001,-0.00269050770249156,-3.78252782119148e-05,-0.000657714151711675,0,-0.000256064286345865,-0.000256064286345865,0,0,0,0,0
1.318,0.523598775598299,0.524253790210818,0.524253790210818,-0.00270841785260246,-3.61268799663404e-05,-0.000655014612518934,0,-0.000255416613385327,-0.000255416613385327,0,0,0,0,0
1.319,0.523598775598299,0.524251073220997,0.524251073220997,-0.00272540900584242,-3.44276192351944e-05,-0.000652297622697806,0,-0.000254703885815999,-0.000254703885815999,0,0,0,0,0
1.32,0.523598775598299,0.524248339699167,0.524248339699167,-0.00274148218199137,-3.27305033882728e-05,-0.000649564100868472,0,-0.000253929338024674,-0.000253929338024674,0,0,0,0,0
1.321,0.523598775598299,0.524245590562144,0.524245590562144,-0.00275663995784345,-3.10383733694846e-05,-0.00064681496384511,0,-0.000253096138686513,-0.000253096138686513,0,0,0,0,0
1.322,0.523598775598299,0.524242826723423,0.524242826723423,-0.00277088637852756,-2.93539079167784e-05,-0.000644051125123779,0,-0.00025220738897787,-0.00025220738897787,0,0,0,0,0
1.323,0.523598775598299,0.524240049091756,0.524240049091756,-0.00278422687115327,-2.76796278274921e-05,-0.00064127349345755,0,-0.000251266120999025,-0.000251266120999025,0,0,0,0,0
1.324,0.523598775598299,0.524237258569815,0.524237258569815,-0.00279666816080197,-2.60179002591139e-05,-0.000638482971516252,0,-0.000250275296397204,-0.000250275296397204,0,0,0,0,0
1.325,0.523598775598299,0.524234456052929,0.524234456052929,-0.00280821818887759,-2.43709430557698e-05,-0.000635680454629917,0,-0.000249237805185217,-0.000249237805185217,0,0,0,0,0
1.326,0.523598775598299,0.524231642427911,0.524231642427911,-0.00281888603382706,-2.27408290926608e-05,-0.000632866829612055,0,-0.00024815646474313,-0.00024815646474313,0,0,0,0,0
1.327,0.523598775598299,0.52422881857196,0.52422881857196,-0.00282868183423581,-2.11294906294447e-05,-0.000630042973661316,0,-0.000247034018997158,-0.000247034018997158,0,0,0,0,0
1.328,0.523598775598299,0.524225985351638,0.524225985351638,-0.00283761671429921,-1.95387236650695e-05,-0.000627209753339075,0,-0.000245873137767415,-0.000245873137767415,0,0,0,0,0
1.329,0.523598775598299,0.524223143621918,0.524223143621918,-0.00284570271166735,-1.79701922867938e-05,-0.000624368023619648,0,-0.000244676416273925,-0.000244676416273925,0,0,0,0,0
1.33,0.523598775598299,0.524220294225311,0.524220294225311,-0.00285295270765592,-1.64254330056612e-05,-0.000621518627012319,0,-0.000243446374797365,-0.000243446374797365,0,0,0,0,0
1.331,0.523598775598299,0.52421743799105,0.52421743799105,-0.00285938035981295,-1.49058590727448e-05,-0.000618662392751324,0,-0.000242185458482704,-0.000242185458482704,0,0,0,0,0
1.332,0.523598775598299,0.524214575734351,0.524214575734351,-0.00286500003682751,-1.34127647692036e-05,-0.000615800136052447,0,-0.000240896037281012,-0.000240896037281012,0,0,0,0,0
1.333,0.523598775598299,0.524211708255732,0.524211708255732,-0.00286982675576321,-1.19473296647333e-05,-0.000612932657433674,0,-0.000239580406021475,-0.000239580406021475,0,0,0,0,0
1.334,0.523598775598299,0.524208836340396,0.524208836340396,-0.00287387612159659,-1.05106228390096e-05,-0.000610060742096796,0,-0.00023824078460434,-0.00023824078460434,0,0,0,0,0
1.335,0.523598775598299,0.524205960757668,0.524205960757668,-0.00287716426903741,-9.10360706038101e-06,-0.000607185159369195,0,-0.000236879318311905,-0.000236879318311905,0,0,0,0,0
1.336,0.523598775598299,0.524203082260501,0.524203082260501,-0.00287970780660539,-7.72714291795881e-06,-0.000604306662201792,0,-0.000235498078226084,-0.000235498078226084,0,0,0,0,0
1.337,0.523598775598299,0.524200201585022,0.524200201585022,-0.00288152376293545,-6.38199290176087e-06,-0.00060142598672297,0,-0.000234099061751415,-0.000234099061751415,0,0,0,0,0
1.338,0.523598775598299,0.524197319450143,0.524197319450143,-0.00288262953528145,-5.06882542797753e-06,-0.000598543851843769,0,-0.000232684193230444,-0.000232684193230444,0,0,0,0,0
1.339,0.523598775598299,0.524194436557213,0.524194436557213,-0.00288304284018608,-3.78821880419488e-06,-0.000595660958914279,0,-0.000231255324650881,-0.000231255324650881,0,0,0,0,0
1.34,0.523598775598299,0.524191553589727,0.524191553589727,-0.00288278166628271,-2.54066513202891e-06,-0.000592777991428206,0,-0.000229814236436151,-0.000229814236436151,0,0,0,0,0
1.341,0.523598775598299,0.524188671213072,0.524188671213072,-0.00288186422919346,-1.32657414383302e-06,-0.000589895614773517,0,-0.000228362638313516,-0.000228362638313516,0,0,0,0,0
1.342,0.523598775598299,0.524185790074326,0.524185790074326,-0.00288030892848589,-1.46276970487203e-07,-0.000587014476027048,0,-0.000226902170253981,-0.000226902170253981,0,0,0,0,0
1.343,0.523598775598299,0.52418291080209,0.52418291080209,-0.00287813430664946,9.99970162439027e-07,-0.000584135203791303,0,-0.000225434403479226,-0.000225434403479226,0,0,0,0,0
1.344,0.523598775598299,0.52418003400637,0.52418003400637,-0.00287535901005158,2.11198231233574e-06,-0.000581258408070995,0,-0.000223960841529053,-0.000223960841529053,0,0,0,0,0
1.345,0.523598775598299,0.524177160278487,0.524177160278487,-0.00287200175183165,3.18964227339297e-06,-0.000578384680188448,0,-0.000222482921387113,-0.000222482921387113,0,0,0,0,0
1.346,0.523598775598299,0.524174290191033,0.524174290191033,-0.00286808127669103,4.23289710774926e-06,-0.000575514592733972,0,-0.000221002014654662,-0.000221002014654662,0,0,0,0,0
1.347,0.523598775598299,0.52417142429785,0.52417142429785,-0.00286361632753539,5.24175475680934e-06,-0.000572648699551426,0,-0.000219519428773258,-0.000219519428773258,0,0,0,0,0
1.348,0.523598775598299,0.524168563134055,0.524168563134055,-0.00285862561392538,6.21628073309393e-06,-0.000569787535755872,0,-0.000218036408288357,-0.000218036408288357,0,0,0,0,0
1.349,0.523598775598299,0.524165707216081,0.524165707216081,-0.00285312778229097,7.15659489427558e-06,-0.000566931617782096,0,-0.00021655413615094,-0.00021655413615094,0,0,0,0,0
1.35,0.523598775598299,0.52416285704176,0.52416285704176,-0.00284714138786405,8.06286830018927e-06,-0.000564081443461539,0,-0.000215073735051047,-0.000215073735051047,0,0,0,0,0
1.351,0.523598775598299,0.524160013090426,0.524160013090426,-0.0028406848682836,8.93532015409245e-06,-0.00056123749212722,0,-0.00021359626878255,-0.00021359626878255,0,0,0,0,0
1.352,0.523598775598299,0.524157175823043,0.524157175823043,-0.00283377651882736,9.77421482800753e-06,-0.00055840022474396,0,-0.00021212274363254,-0.00021212274363254,0,0,0,0,0
1.353,0.523598775598299,0.524154345682361,0.524154345682361,-0.00282643446922372,1.05798589729792e-05,-0.000555570084061707,0,-0.000210654109789936,-0.000210654109789936,0,0,0,0,0
1.354,0.523598775598299,0.524151523093092,0.524151523093092,-0.00281867666199716,1.13525987152865e-05,-0.000552747494792949,0,-0.0002091912627767,-0.0002091912627767,0,0,0,0,0
1.355,0.523598775598299,0.524148708462108,0.524148708462108,-0.00281052083230084,1.20928169369996e-05,-0.000549932863809555,0,-0.000207735044889719,-0.000207735044889719,0,0,0,0,0
1.356,0.523598775598299,0.524145902178659,0.524145902178659,-0.00280198448918984,1.28009306424968e-05,-0.000547126580359825,0,-0.000206286246656199,-0.000206286246656199,0,0,0,0,0
1.357,0.523598775598299,0.524143104614602,0.524143104614602,-0.00279308489828837,1.34773884098497e-05,-0.000544329016303302,0,-0.000204845608296733,-0.000204845608296733,0,0,0,0,0
1.358,0.523598775598299,0.524140316124661,0.524140316124661,-0.00278383906580495,1.41226679270853e-05,-0.000541540526362572,0,-0.000203413821194706,-0.000203413821194706,0,0,0,0,0
1.359,0.523598775598299,0.524137537046688,0.524137537046688,-0.00277426372384931,1.47372736125736e-05,-0.000538761448389491,0,-0.000201991529365968,-0.000201991529365968,0,0,0,0,0
1.36,0.523598775598299,0.524134767701946,0.524134767701946,-0.00276437531700538,1.53217343198443e-05,-0.000535992103646743,0,-0.000200579330931994,-0.000200579330931994,0,0,0,0,0
1.361,0.523598775598299,0.5241320083954,0.5241320083954,-0.00275418999011476,1.58766011248336e-05,-0.000533232797101379,0,-0.000199177779588373,-0.000199177779588373,0,0,0,0,0
1.362,0.523598775598299,0.524129259416029,0.524129259416029,-0.00274372357722605,1.64024451957728e-05,-0.000530483817730132,0,-0.000197787386068902,-0.000197787386068902,0,0,0,0,0
1.363,0.523598775598299,0.524126521037134,0.524126521037134,-0.00273299159166527,1.6899855744625e-05,-0.000527745438835048,0,-0.000196408619602268,-0.000196408619602268,0,0,0,0,0
1.364,0.523598775598299,0.524123793516668,0.524123793516668,-0.00272200921718346,1.73694380592243e-05,-0.000525017918369008,0,-0.000195041909360999,-0.000195041909360999,0,0,0,0,0
1.365,0.523598775598299,0.524121077097568,0.524121077097568,-0.00271079130013797,1.78118116145868e-05,-0.000522301499269573,0,-0.000193687645899384,-0.000193687645899384,0,0,0,0,0
1.366,0.523598775598299,0.524118372008098,0.524118372008098,-0.00269935234266484,1.82276082624004e-05,-0.00051959640979915,0,-0.000192346182575883,-0.000192346182575883,0,0,0,0,0
1.367,0.523598775598299,0.524115678462192,0.524115678462192,-0.00268770649679994,1.86174704984271e-05,-0.000516902863892943,0,-0.000191017836964833,-0.000191017836964833,0,0,0,0,0
1.368,0.523598775598299,0.52411299665981,0.52411299665981,-0.00267586755950743,1.89820498050514e-05,-0.000514221061510778,0,-0.000189702892247882,-0.000189702892247882,0,0,0,0,0
1.369,0.523598775598299,0.524110326787294,0.524110326787294,-0.00266384896857471,1.93220050692744e-05,-0.000511551188995374,0,-0.000188401598592948,-0.000188401598592948,0,0,0,0,0
1.37,0.523598775598299,0.524107669017731,0.524107669017731,-0.002651663799334,1.96380010728186e-05,-0.000508893419432277,0,-0.000187114174508746,-0.000187114174508746,0,0,0,0,0
1.371,0.523598775598299,0.524105023511313,0.524105023511313,-0.00263932476217118,1.99307070550908e-05,-0.000506247913014013,0,-0.000185840808182702,-0.000185840808182702,0,0,0,0,0
1.372,0.523598775598299,0.524102390415705,0.524102390415705,-0.00262684420078353,2.020079534598e-05,-0.000503614817406239,0,-0.000184581658797154,-0.000184581658797154,0,0,0,0,0
1.373,0.523598775598299,0.524099769866413,0.524099769866413,-0.00261423409114871,2.0448940067281e-05,-0.000500994268114452,0,-0.000183336857820878,-0.000183336857820878,0,0,0,0,0
1.374,0.523598775598299,0.524097161987151,0.524097161987151,-0.00260150604116826,2.06758159019947e-05,-0.000498386388852357,0,-0.00018210651027983,-0.00018210651027983,0,0,0,0,0
1.375,0.523598775598299,0.524094566890208,0.524094566890208,-0.00258867129094954,2.08820969288733e-05,-0.000495791291909464,0,-0.000180890696001419,-0.000180890696001419,0,0,0,0,0
1.376,0.523598775598299,0.524091984676818,0.524091984676818,-0.00257574071369122,2.10684555214947e-05,-0.00049320907851913,0,-0.000179689470836495,-0.000179689470836495,0,0,0,0,0
1.377,0.523598775598299,0.524089415437523,0.524089415437523,-0.00256272481713809,2.12355613092118e-05,-0.000490639839224039,0,-0.000178502867851841,-0.000178502867851841,0,0,0,0,0
1.378,0.523598775598299,0.52408685925254,0.52408685925254,-0.00254963374557185,2.13840801997702e-05,-0.000488083654241245,0,-0.000177330898499751,-0.000177330898499751,0,0,0,0,0
1.379,0.523598775598299,0.524084316192123,0.524084316192123,-0.00253647728230558,2.15146734605404e-05,-0.000485540593823997,0,-0.000176173553758057,-0.000176173553758057,0,0,0,0,0
1.38,0.523598775598299,0.524081786316921,0.524081786316921,-0.00252326485265033,2.16279968577741e-05,-0.00048301071862189,0,-0.00017503080524564,-0.00017503080524564,0,0,0,0,0
1.381,0.523598775598299,0.524079269678335,0.524079269678335,-0.00251000552732332,2.17246998511283e-05,-0.000480494080036364,0,-0.000173902606306201,-0.000173902606306201,0,0,0,0,0
1.382,0.523598775598299,0.524076766318873,0.524076766318873,-0.00249670802626812,2.18054248432918e-05,-0.000477990720574306,0,-0.000172788893068588,-0.000172788893068588,0,0,0,0,0
1.383,0.523598775598299,0.524074276272495,0.524074276272495,-0.00248338072285796,2.18708064812218e-05,-0.000475500674195883,0,-0.00017168958547401,-0.00017168958547401,0,0,0,0,0
1.384,0.523598775598299,0.524071799564959,0.524071799564959,-0.00247003164845441,2.19214710091946e-05,-0.000473023966659714,0,-0.000170604588279335,-0.000170604588279335,0,0,0,0,0
1.385,0.523598775598299,0.52406933621416,0.52406933621416,-0.00245666849729447,2.19580356701742e-05,-0.000470560615861593,0,-0.000169533792027047,-0.000169533792027047,0,0,0,0,0
1.386,0.523598775598299,0.524066886230469,0.524066886230469,-0.00244329863168012,2.19811081556565e-05,-0.000468110632169894,0,-0.000168477073991051,-0.000168477073991051,0,0,0,0,0
1.387,0.523598775598299,0.524064449617053,0.524064449617053,-0.00242992908744507,2.19912861005252e-05,-0.000465674018754081,0,-0.000167434299089449,-0.000167434299089449,0,0,0,0,0
1.388,0.523598775598299,0.524062026370208,0.524062026370208,-0.00241656657967463,2.19891566229611e-05,-0.000463250771908896,0,-0.000166405320771956,-0.000166405320771956,0,0,0,0,0
1.389,0.523598775598299,0.524059616479671,0.524059616479671,-0.00240321750865529,2.19752959063994e-05,-0.000460840881371771,0,-0.000165389981876046,-0.000165389981876046,0,0,0,0,0
1.39,0.523598775598299,0.524057219928934,0.524057219928934,-0.00238988796603153,2.19502688229644e-05,-0.000458444330634689,0,-0.000164388115455853,-0.000164388115455853,0,0,0,0,0
1.391,0.523598775598299,0.524054836695549,0.524054836695549,-0.00237658374114831,2.19146285961954e-05,-0.000456061097249716,0,-0.000163399545582407,-0.000163399545582407,0,0,0,0,0
1.392,0.523598775598299,0.524052466751427,0.524052466751427,-0.00236331032755844,2.18689165016247e-05,-0.000453691153127878,0,-0.000162424088114955,-0.000162424088114955,0,0,0,0,0
1.393,0.523598775598299,0.524050110063131,0.524050110063131,-0.00235007292967496,2.18136616038763e-05,-0.000451334464832032,0,-0.000161461551445844,-0.000161461551445844,0,0,0,0,0
1.394,0.523598775598299,0.524047766592161,0.524047766592161,-0.00233687646954952,2.17493805281877e-05,-0.000448990993862197,0,-0.000160511737215371,-0.000160511737215371,0,0,0,0,0
1.395,0.523598775598299,0.524045436295234,0.524045436295234,-0.0023237255937585,2.16765772657209e-05,-0.000446660696934775,0,-0.000159574441001143,-0.000159574441001143,0,0,0,0,0
1.396,0.523598775598299,0.524043119124553,0.524043119124553,-0.00231062468037936,2.15957430103777e-05,-0.00044434352625411,0,-0.000158649452978315,-0.000158649452978315,0,0,0,0,0
1.397,0.523598775598299,0.524040815028077,0.524040815028077,-0.00229757784604063,2.15073560264227e-05,-0.000442039429778274,0,-0.000157736558556406,-0.000157736558556406,0,0,0,0,0
1.398,0.523598775598299,0.524038523949775,0.524038523949775,-0.00228458895302972,2.14118815442636e-05,-0.000439748351476088,0,-0.000156835538985128,-0.000156835538985128,0,0,0,0,0
1.399,0.523598775598299,0.524036245829877,0.524036245829877,-0.00227166161644343,2.13097716847596e-05,-0.000437470231578474,0,-0.000155946171938201,-0.000155946171938201,0,0,0,0,0
1.4,0.523598775598299,0.524033980605121,0.524033980605121,-0.00225879921136669,2.12014654090612e-05,-0.000435205006821704,0,-0.000155068232069056,-0.000155068232069056,0,0,0,0,0
1.401,0.523598775598299,0.524031728208983,0.524031728208983,-0.00224600488006611,2.1087388493711e-05,-0.000432952610684101,0,-0.000154201491543131,-0.000154201491543131,0,0,0,0,0
1.402,0.523598775598299,0.524029488571914,0.524029488571914,-0.00223328153918516,2.09679535290034e-05,-0.000430712973615188,0,-0.000153345720544562,-0.000153345720544562,0,0,0,0,0
1.403,0.523598775598299,0.524027261621556,0.524027261621556,-0.00222063188692916,2.08435599397526e-05,-0.000428486023257513,0,-0.000152500687758328,-0.000152500687758328,0,0,0,0,0
1.404,0.523598775598299,0.524025047282961,0.524025047282961,-0.0022080584102281,2.07145940272956e-05,-0.000426271684661694,0,-0.00015166616082981,-0.00015166616082981,0,0,0,0,0
1.405,0.523598775598299,0.524022845478793,0.524022845478793,-0.00219556339186668,2.05814290311013e-05,-0.00042406988049426,0,-0.000150841906800995,-0.000150841906800995,0,0,0,0,0
1.406,0.523598775598299,0.524020656129537,0.524020656129537,-0.00218314891757132,2.04444252089574e-05,-0.000421880531237706,0,-0.000150027692522249,-0.000150027692522249,0,0,0,0,0
1.407,0.523598775598299,0.524018479153683,0.524018479153683,-0.00217081688304444,2.03039299351851e-05,-0.000419703555384676,0,-0.000149223285045152,-0.000149223285045152,0,0,0,0,0
1.408,0.523598775598299,0.524016314467923,0.524016314467923,-0.00215856900093712,2.01602778145582e-05,-0.000417538869624146,0,-0.000148428451991093,-0.000148428451991093,0,0,0,0,0
1.409,0.523598775598299,0.52401416198732,0.52401416198732,-0.00214640680775161,2.00137908119648e-05,-0.000415386389021055,0,-0.000147642961899878,-0.000147642961899878,0,0,0,0,0
1.41,0.523598775598299,0.524012021625488,0.524012021625488,-0.0021343316706661,1.9864778396263e-05,-0.000413246027189063,0,-0.000146866584557817,-0.000146866584557817,0,0,0,0,0
1.411,0.523598775598299,0.524009893294755,0.524009893294755,-0.00212234479427417,1.97135376973614e-05,-0.000411117696456631,0,-0.000146099091306227,-0.000146099091306227,0,0,0,0,0
1.412,0.523598775598299,0.524007776906325,0.524007776906325,-0.00211044722723245,1.95603536754484e-05,-0.000409001308025903,0,-0.000145340255329156,-0.000145340255329156,0,0,0,0,0
1.413,0.523598775598299,0.524005672370425,0.524005672370425,-0.00209863986881008,1.94054993019136e-05,-0.00040689677212602,0,-0.000144589851925155,-0.000144589851925155,0,0,0,0,0
1.414,0.523598775598299,0.524003579596457,0.524003579596457,-0.00208692347533442,1.92492357500017e-05,-0.000404803998158343,0,-0.000143847658756477,-0.000143847658756477,0,0,0,0,0
1.415,0.523598775598299,0.524001498493136,0.524001498493136,-0.00207529866652765,1.90918125959486e-05,-0.000402722894837004,0,-0.000143113456085289,-0.000143113456085289,0,0,0,0,0
1.416,0.523598775598299,0.523999428968621,0.523999428968621,-0.00206376593172947,1.89334680278882e-05,-0.000400653370322024,0,-0.000142387026989643,-0.000142387026989643,0,0,0,0,0
1.417,0.523598775598299,0.523997370930646,0.523997370930646,-0.00205232563600176,1.87744290630468e-05,-0.000398595332346985,0,-0.000141668157564867,-0.000141668157564867,0,0,0,0,0
1.418,0.523598775598299,0.523995324286639,0.523995324286639,-0.00204097802611129,1.86149117716417e-05,-0.000396548688339715,0,-0.000140956637106407,-0.000140956637106407,0,0,0,0,0
1.419,0.523598775598299,0.523993288943837,0.523993288943837,-0.00202972323638682,1.84551215076714e-05,-0.000394513345538194,0,-0.000140252258280352,-0.000140252258280352,0,0,0,0,0
1.42,0.523598775598299,0.523991264809399,0.523991264809399,-0.00201856129444777,1.82952531446514e-05,-0.0003924892110998,0,-0.000139554817276729,-0.000139554817276729,0,0,0,0,0
1.421,0.523598775598299,0.523989251790504,0.523989251790504,-0.00200749212680155,1.81354913165794e-05,-0.000390476192205225,0,-0.000138864113949381,-0.000138864113949381,0,0,0,0,0
1.422,0.523598775598299,0.523987249794456,0.523987249794456,-0.00199651556430747,1.79760106630294e-05,-0.000388474196157063,0,-0.000138179951942613,-0.000138179951942613,0,0,0,0,0
1.423,0.523598775598299,0.523985258728771,0.523985258728771,-0.00198563134750504,1.78169760775861e-05,-0.000386483130472515,0,-0.000137502138803255,-0.000137502138803255,0,0,0,0,0
1.424,0.523598775598299,0.52398327850127,0.52398327850127,-0.00197483913180523,1.76585429595086e-05,-0.00038450290297154,0,-0.000136830486081931,-0.000136830486081931,0,0,0,0,0
1.425,0.523598775598299,0.523981309020157,0.523981309020157,-0.00196413849254329,1.75008574673216e-05,-0.000382533421858677,0,-0.000136164809418869,-0.000136164809418869,0,0,0,0,0
1.426,0.523598775598299,0.5239793501941,0.5239793501941,-0.00195352892989214,1.73440567749768e-05,-0.000380574595801542,0,-0.00013550492862249,-0.00013550492862249,0,0,0,0,0
1.427,0.523598775598299,0.523977401932302,0.523977401932302,-0.00194300987363548,1.71882693283417e-05,-0.000378626334002985,0,-0.000134850667732802,-0.000134850667732802,0,0,0,0,0
1.428,0.523598775598299,0.523975464144568,0.523975464144568,-0.00193258068780054,1.70336151031526e-05,-0.000376688546269155,0,-0.000134201855075734,-0.000134201855075734,0,0,0,0,0
1.429,0.523598775598299,0.523973536741372,0.523973536741372,-0.00192224067514974,1.68802058631753e-05,-0.000374761143073554,0,-0.000133558323308787,-0.000133558323308787,0,0,0,0,0
1.43,0.523598775598299,0.523971619633914,0.523971619633914,-0.00191198908153192,1.67281454176716e-05,-0.000372844035615549,0,-0.000132919909453927,-0.000132919909453927,0,0,0,0,0
1.431,0.523598775598299,0.523969712734174,0.523969712734174,-0.00190182510009302,1.65775298789229e-05,-0.000370937135875216,0,-0.0001322864549229,-0.0001322864549229,0,0,0,0,0
1.432,0.523598775598299,0.523967815954963,0.523967815954963,-0.00189174787534691,1.64284479186296e-05,-0.000369040356664185,0,-0.000131657805534158,-0.000131657805534158,0,0,0,0,0
1.433,0.523598775598299,0.523965929209971,0.523965929209971,-0.00188175650710696,1.62809810227372e-05,-0.000367153611672277,0,-0.000131033811520842,-0.000131033811520842,0,0,0,0,0
1.434,0.523598775598299,0.523964052413809,0.523964052413809,-0.00187185005427946,1.61352037446011e-05,-0.000365276815510462,0,-0.000130414327531418,-0.000130414327531418,0,0,0,0,0
1.435,0.523598775598299,0.523962185482048,0.523962185482048,-0.00186202753851999,1.5991183955965e-05,-0.000363409883749499,0,-0.000129799212621202,-0.000129799212621202,0,0,0,0,0
1.436,0.523598775598299,0.523960328331254,0.523960328331254,-0.00185228794775384,1.58489830960117e-05,-0.000361552732955683,0,-0.000129188330238734,-0.000129188330238734,0,0,0,0,0
1.437,0.523598775598299,0.523958480879022,0.523958480879022,-0.00184263023956205,1.57086564174204e-05,-0.000359705280722822,0,-0.000128581548204643,-0.000128581548204643,0,0,0,0,0
1.438,0.523598775598299,0.523956643044,0.523956643044,-0.00183305334443457,1.55702532295665e-05,-0.000357867445700988,0,-0.000127978738684529,-0.000127978738684529,0,0,0,0,0
1.439,0.523598775598299,0.523954814745921,0.523954814745921,-0.00182355616889238,1.54338171385009e-05,-0.000356039147622167,0,-0.00012737977815619,-0.00012737977815619,0,0,0,0,0
1.44,0.523598775598299,0.523952995905621,0.523952995905621,-0.00181413759848038,1.52993862834236e-05,-0.000354220307322239,0,-0.000126784547369736,-0.000126784547369736,0,0,0,0,0
1.441,0.523598775598299,0.52395118644506,0.52395118644506,-0.00180479650063297,1.51669935699954e-05,-0.000352410846760964,0,-0.000126192931305085,-0.000126192931305085,0,0,0,0,0
1.442,0.523598775598299,0.523949386287337,0.523949386287337,-0.00179553172741436,1.50366668993107e-05,-0.000350610689038633,0,-0.000125604819123267,-0.000125604819123267,0,0,0,0,0
1.443,0.523598775598299,0.523947595356709,0.523947595356709,-0.00178634211813593,1.49084293930072e-05,-0.000348819758409946,0,-0.000125020104113021,-0.000125020104113021,0,0,0,0,0
1.444,0.523598775598299,0.523945813578595,0.523945813578595,-0.00177722650185281,1.47822996143785e-05,-0.000347037980295894,0,-0.000124438683634819,-0.000124438683634819,0,0,0,0,0
1.445,0.523598775598299,0.523944040879591,0.523944040879591,-0.00176818369974213,1.46582917848011e-05,-0.000345265281292195,0,-0.000123860459058372,-0.000123860459058372,0,0,0,0,0
1.446,0.523598775598299,0.523942277187475,0.523942277187475,-0.00175921252736511,1.4536415996349e-05,-0.000343501589176509,0,-0.000123285335699659,-0.000123285335699659,0,0,0,0,0
1.447,0.523598775598299,0.523940522431212,0.523940522431212,-0.00175031179681577,1.44166784192923e-05,-0.00034174683291277,0,-0.000122713222752918,-0.000122713222752918,0,0,0,0,0
1.448,0.523598775598299,0.523938776540953,0.523938776540953,-0.00174148031875852,1.42990815051754e-05,-0.000340000942653851,0,-0.000122144033220909,-0.000122144033220909,0,0,0,0,0
1.449,0.523598775598299,0.523937039448041,0.523937039448041,-0.00173271690435751,1.41836241849275e-05,-0.000338263849741893,0,-0.000121577683841617,-0.000121577683841617,0,0,0,0,0
1.45,0.523598775598299,0.523935311085006,0.523935311085006,-0.00172402036710024,1.40703020623108e-05,-0.000336535486706757,0,-0.000121014095012586,-0.000121014095012586,0,0,0,0,0
1.451,0.523598775598299,0.523933591385562,0.523933591385562,-0.00171538952451802,1.39591076025866e-05,-0.00033481578726291,0,-0.000120453190713744,-0.000120453190713744,0,0,0,0,0
1.452,0.523598775598299,0.523931880284603,0.523931880284603,-0.00170682319980602,1.38500303161169e-05,-0.000333104686304542,0,-0.000119894898428097,-0.000119894898428097,0,0,0,0,0
1.453,0.523598775598299,0.523930177718198,0.523930177718198,-0.00169832022334568,1.37430569369956e-05,-0.00033140211989946,0,-0.000119339149061743,-0.000119339149061743,0,0,0,0,0
1.454,0.523598775598299,0.523928483623579,0.523928483623579,-0.0016898794341322,1.36381715963746e-05,-0.00032970802528054,0,-0.000118785876859887,-0.000118785876859887,0,0,0,0,0
1.455,0.523598775598299,0.523926797939136,0.523926797939136,-0.00168149968110987,1.35353559914045e-05,-0.000328022340837064,0,-0.000118235019325123,-0.000118235019325123,0,0,0,0,0
1.456,0.523598775598299,0.523925120604402,0.523925120604402,-0.00167317982441786,1.34345895484362e-05,-0.000326345006103623,0,-0.000117686517131616,-0.000117686517131616,0,0,0,0,0
1.457,0.523598775598299,0.523923451560048,0.523923451560048,-0.0016649187365495,1.33358495817364e-05,-0.000324675961748788,0,-0.000117140314041174,-0.000117140314041174,0,0,0,0,0
1.458,0.523598775598299,0.523921790747861,0.523921790747861,-0.00165671530342745,1.32391114466636e-05,-0.0003230151495619,0,-0.000116596356816642,-0.000116596356816642,0,0,0,0,0
1.459,0.523598775598299,0.523920138110738,0.523920138110738,-0.00164856842539786,1.31443486881735e-05,-0.000321362512439416,0,-0.000116054595136478,-0.000116054595136478,0,0,0,0,0
1.46,0.523598775598299,0.523918493592668,0.523918493592668,-0.00164047701814606,1.305153318403e-05,-0.000319717994369584,0,-0.000115514981507171,-0.000115514981507171,0,0,0,0,0
1.461,0.523598775598299,0.523916857138716,0.523916857138716,-0.00163244001353648,1.2960635283472e-05,-0.000318081540417126,0,-0.000114977471177956,-0.000114977471177956,0,0,0,0,0
1.462,0.523598775598299,0.523915228695005,0.523915228695005,-0.00162445636037949,1.28716239404518e-05,-0.000316453096706359,0,-0.000114442022053547,-0.000114442022053547,0,0,0,0,0
1.463,0.523598775598299,0.523913608208703,0.523913608208703,-0.00161652502512805,1.27844668423209e-05,-0.000314832610404214,0,-0.000113908594608776,-0.000113908594608776,0,0,0,0,0
1.464,0.523598775598299,0.523911995628001,0.523911995628001,-0.0016086449925065,1.26991305333459e-05,-0.000313220029701911,0,-0.000113377151801751,-0.000113377151801751,0,0,0,0,0
1.465,0.523598775598299,0.523910390902096,0.523910390902096,-0.00160081526607437,1.2615580533809e-05,-0.000311615303796753,0,-0.000112847658989413,-0.000112847658989413,0,0,0,0,0
1.466,0.523598775598299,0.523908793981171,0.523908793981171,-0.00159303486872767,1.25337814539984e-05,-0.00031001838287259,0,-0.00011232008384151,-0.00011232008384151,0,0,0,0,0
1.467,0.523598775598299,0.52390720481638,0.52390720481638,-0.00158530284314019,1.2453697103982e-05,-0.000308429218080719,0,-0.000111794396257755,-0.000111794396257755,0,0,0,0,0
1.468,0.523598775598299,0.523905623359818,0.523905623359818,-0.00157761825214738,1.23752905982748e-05,-0.00030684776151968,0,-0.0001112705682839,-0.0001112705682839,0,0,0,0,0
1.469,0.523598775598299,0.523904049564514,0.523904049564514,-0.0015699801790753,1.22985244562639e-05,-0.000305273966214936,0,-0.000110748574029372,-0.000110748574029372,0,0,0,0,0
1.47,0.523598775598299,0.523902483384397,0.523902483384397,-0.00156238772801705,1.22233606981484e-05,-0.000303707786098228,0,-0.000110228389585836,-0.000110228389585836,0,0,0,0,0
1.471,0.523598775598299,0.523900924774286,0.523900924774286,-0.00155484002405902,1.21497609365106e-05,-0.000302149175986699,0,-0.000109709992946901,-0.000109709992946901,0,0,0,0,0
1.472,0.523598775598299,0.523899373689861,0.523899373689861,-0.00154733621345936,1.20776864635741e-05,-0.00030059809156191,0,-0.000109193363929235,-0.000109193363929235,0,0,0,0,0
1.473,0.523598775598299,0.523897830087648,0.523897830087648,-0.00153987546378097,1.2007098334166e-05,-0.000299054489348749,0,-0.000108678484095019,-0.000108678484095019,0,0,0,0,0
1.474,0.523598775598299,0.523896293924992,0.523896293924992,-0.00153245696398136,1.19379574444697e-05,-0.000297518326693225,0,-0.00010816533667301,-0.00010816533667301,0,0,0,0,0
1.475,0.523598775598299,0.523894765160041,0.523894765160041,-0.00152507992446127,1.18702246075478e-05,-0.00029598956174226,0,-0.000107653906486534,-0.000107653906486534,0,0,0,0,0
1.476,0.523598775598299,0.52389324375172,0.52389324375172,-0.00151774357707447,1.18038606236461e-05,-0.00029446815342149,0,-0.000107144179877557,-0.000107144179877557,0,0,0,0,0
1.477,0.523598775598299,0.523891729659713,0.523891729659713,-0.00151044717510088,1.17388263475607e-05,-0.00029295406141383,0,-0.000106636144634302,-0.000106636144634302,0,0,0,0,0
1.478,0.523598775598299,0.523890222844437,0.523890222844437,-0.00150318999318485,1.16750827521525e-05,-0.000291447246138277,0,-0.00010612978992084,-0.00010612978992084,0,0,0,0,0
1.479,0.523598775598299,0.523888723267027,0.523888723267027,-0.00149597132724064,1.16125909879931e-05,-0.000289947668728585,0,-0.000105625106207702,-0.000105625106207702,0,0,0,0,0
1.48,0.523598775598299,0.523887230889311,0.523887230889311,-0.00148879049432717,1.15513124394887e-05,-0.00028845529101218,0,-0.000105122085204372,-0.000105122085204372,0,0,0,0,0
1.481,0.523598775598299,0.523885745673787,0.523885745673787,-0.00148164683249392,1.14912087774712e-05,-0.000286970075488613,0,-0.000104620719791801,-0.000104620719791801,0,0,0,0,0
1.482,0.523598775598299,0.523884267583608,0.523884267583608,-0.00147453970059965,1.14322420088877e-05,-0.000285491985309028,0,-0.000104121003958798,-0.000104121003958798,0,0,0,0,0
1.483,0.523598775598299,0.523882796582554,0.523882796582554,-0.00146746847810582,1.13743745227944e-05,-0.000284020984255617,0,-0.000103622932739544,-0.000103622932739544,0,0,0,0,0
1.484,0.523598775598299,0.523881332635019,0.523881332635019,-0.00146043256484648,1.13175691330934e-05,-0.000282557036720643,0,-0.000103126502150975,-0.000103126502150975,0,0,0,0,0
1.485,0.523598775598299,0.523879875705985,0.523879875705985,-0.00145343138077628,1.12617891187169e-05,-0.00028110010768656,0,-0.000102631709134204,-0.000102631709134204,0,0,0,0,0
1.486,0.523598775598299,0.523878425761005,0.523878425761005,-0.00144646436569814,1.12069982604155e-05,-0.000279650162706035,0,-0.000102138551496609,-0.000102138551496609,0,0,0,0,0
1.487,0.523598775598299,0.523876982766181,0.523876982766181,-0.00143953097897228,1.11531608747384e-05,-0.000278207167881961,0,-0.000101647027854867,-0.000101647027854867,0,0,0,0,0
1.488,0.523598775598299,0.523875546688147,0.523875546688147,-0.00143263069920805,1.11002418455244e-05,-0.000276771089848138,0,-0.000101157137580674,-0.000101157137580674,0,0,0,0,0
1.489,0.523598775598299,0.523874117494049,0.523874117494049,-0.00142576302393987,1.10482066525778e-05,-0.000275341895750625,0,-0.000100668880749108,-0.000100668880749108,0,0,0,0,0
1.49,0.523598775598299,0.523872695151527,0.523872695151527,-0.00141892746928907,1.09970213973845e-05,-0.000273919553228197,0,-0.00010018225808539,-0.00010018225808539,0,0,0,0,0
1.491,0.523598775598299,0.523871279628693,0.523871279628693,-0.00141212356961258,1.09466528271609e-05,-0.000272504030394582,0,-9.96972709172156e-05,-9.96972709172156e-05,0,0,0,0,0
1.492,0.523598775598299,0.523869870894119,0.523869870894119,-0.00140535087713997,1.08970683557868e-05,-0.000271095295820256,0,-9.92139211265897e-05,-9.92139211265897e-05,0,0,0,0,0
1.493,0.523598775598299,0.523868468916813,0.523868468916813,-0.00139860896160015,1.08482360826906e-05,-0.000269693318514563,0,-9.87322111032481e-05,-9.87322111032481e-05,0,0,0,0,0
1.494,0.523598775598299,0.523867073666207,0.523867073666207,-0.00139189740983878,1.0800124809716e-05,-0.000268298067908623,0,-9.82521437008163e-05,-9.82521437008163e-05,0,0,0,0,0
1.495,0.523598775598299,0.523865685112137,0.523865685112137,-0.00138521582542768,1.07527040556497e-05,-0.000266909513838232,0,-9.77737221935684e-05,-9.77737221935684e-05,0,0,0,0,0
1.496,0.523598775598299,0.523864303224826,0.523864303224826,-0.00137856382826718,1.07059440689225e-05,-0.000265527626527429,0,-9.72969502355511e-05,-9.72969502355511e-05,0,0,0,0,0
1.497,0.523598775598299,0.523862927974871,0.523862927974871,-0.00137194105418257,1.06598158382655e-05,-0.00026415237657218,0,-9.68218318205363e-05,-9.68218318205363e-05,0,0,0,0,0
1.498,0.523598775598299,0.523861559333224,0.523861559333224,-0.0013653471545157,1.06142911017008e-05,-0.000262783734925165,0,-9.6348371245463e-05,-9.6348371245463e-05,0,0,0,0,0
1.499,0.523598775598299,0.523860197271179,0.523860197271179,-0.00135878179571253,1.05693423532813e-05,-0.000261421672880013,0,-9.5876573072834e-05,-9.5876573072834e-05,0,0,0,0,0
1.5,0.523598775598299,0.523858841760355,0.523858841760355,-0.00135224465890786,1.05249428486862e-05,-0.000260066162056538,0,-9.54064420962468e-05,-9.54064420962468e-05,0,0,0,0,0
